date,open,high,low,close,adjclose,volume
2000-01-03,1463.450641,1495.449407,1411.237983,1425.810857,1468.127299,1500409000
2000-01-04,1454.365309,1487.401665,1436.499643,1439.869031,1442.88299,1287076983
2000-01-05,1478.118882,1495.379326,1423.866045,1430.26356,1489.458705,0
2000-01-06,1472.720916,1489.068151,1434.179618,1465.516153,1477.106322,699100253
2000-01-07,1458.447157,1479.549755,1426.470561,1438.357719,1478.727442,1979502124
2000-01-08,1441.912357,1498.232442,1438.814776,1440.537093,1467.952257,1033141054
2000-01-09,1478.519134,1482.046905,1439.530926,1440.826812,1470.37457,1467238197
2000-01-10,1474.728166,1489.705827,1444.562291,1449.356505,1467.422729,816213996
2000-01-11,1473.991794,1480.284975,1412.245878,1474.149817,1474.530408,883223951
2000-01-12,1447.906626,1475.571614,1441.648993,1459.376087,1471.289099,1611119172
2000-01-13,1471.738696,1481.168974,1446.660872,1455.374093,1465.607706,979757079
2000-01-14,1457.09205,1460.428794,1440.100495,1448.882816,1459.568146,955975030
2000-01-15,1456.455654,1485.036036,1448.664702,1479.315856,1480.867494,407519563
2000-01-16,1462.792098,1472.997126,1439.400521,1460.436408,1466.096177,1422804454
2000-01-17,1495.747061,1507.388009,1415.513085,1435.316381,1463.473741,802563552
2000-01-18,1473.576526,1491.801393,1434.479969,1468.160232,1485.512186,247068305
2000-01-19,1485.12988,1489.131982,1451.927442,1453.715836,1466.882758,301975314
2000-01-20,1457.709064,1492.820323,1424.889281,1456.39271,1481.410473,1855482073
2000-01-21,1457.760517,1502.297973,1438.486722,1454.1815,1476.349243,1471115454
2000-01-22,1478.918606,1487.312937,1441.125387,1459.553885,1460.364283,574086269
2000-01-23,1442.268297,1475.112318,1440.883386,1468.005442,1473.289896,825556771
2000-01-24,1474.545939,1485.751513,1430.558791,1471.25704,1472.747155,291633826
2000-01-25,1449.752335,1498.500695,1434.11963,1452.521067,1484.353063,717439662
2000-01-26,1500.610799,1512.336649,1442.384629,1456.569109,1503.845422,1273127660
2000-01-27,1469.025458,1484.020029,1454.678934,1458.291049,1474.362107,849336178
2000-01-28,1483.411127,1496.347309,1457.288038,1481.417695,1489.968447,482821720
2000-01-29,1467.290089,1508.294321,1444.940347,1469.472707,1474.746285,2139736490
2000-01-30,1477.208056,1486.068565,1438.010902,1462.652677,1478.305968,1542741092
2000-01-31,1460.104008,1473.469324,1428.804503,1451.573555,1452.966927,2060478799
2000-02-01,1490.694632,1498.810281,1427.988472,1432.021587,1467.704131,1699557031
2000-02-02,1493.696007,1505.529022,1433.218968,1445.34007,1458.609917,0
2000-02-03,1486.851811,1496.247826,1435.349095,1446.290328,1495.917215,1987466039
2000-02-04,1467.618588,1492.074996,1420.248805,1476.393436,1490.836423,210476531
2000-02-05,1450.54515,1474.061692,1446.463564,1455.714783,1470.966026,1805495160
2000-02-06,1486.692475,1501.543014,1438.12593,1446.108587,1471.593472,821080975
2000-02-07,1473.391311,1482.899888,1440.925509,1440.933892,1466.616498,1273995577
2000-02-08,1480.886639,1516.54596,1450.288033,1455.370619,1480.32891,1234633678
2000-02-09,1472.804188,1506.491977,1444.06631,1482.405417,1486.761628,1564481917
2000-02-10,1492.990258,1506.180887,1457.501064,1460.014122,1464.856483,2079189684
2000-02-11,1471.440115,1509.820052,1449.723621,1458.689325,1467.257307,992713520
2000-02-12,1486.636547,1505.79451,1437.073778,1448.767851,1465.626791,1288917178
2000-02-13,1493.694055,1498.85449,1430.797136,1457.452475,1462.099942,74267153
2000-02-14,1472.715276,1487.708973,1454.875123,1455.864107,1482.061349,209679032
2000-02-15,1477.633174,1502.599891,1448.888408,1473.437464,1488.557618,906370891
2000-02-16,1493.255902,1487.753546,1471.310604,1472.716493,1480.386193,1105970720
2000-02-17,1487.368868,1495.965066,1432.882025,1462.348705,1479.498365,386123228
2000-02-18,1474.391445,1504.971326,1450.855972,1461.70945,1473.231834,750065883
2000-02-19,1470.795469,1516.767056,1450.264036,1473.765941,1505.853439,1023019256
2000-02-20,1486.604343,1486.645177,1439.926763,1459.572402,1459.629646,1588421016
2000-02-21,1468.291908,1485.036537,1446.27585,1460.903899,1462.097302,965405703
2000-02-22,1494.826845,1497.29071,1446.159702,1479.89138,1493.487573,806450574
2000-02-23,1475.047295,1476.509321,1453.630802,1465.680049,1471.156879,530878172
2000-02-24,1459.169023,1499.360362,1445.316632,1467.413169,1473.221715,1815056742
2000-02-25,1468.430126,1522.429645,1446.452651,1468.463807,1492.205471,843070978
2000-02-26,1481.969083,1500.098465,1445.345905,1462.147667,1492.498705,1095263331
2000-02-27,1491.140572,1519.713493,1452.526097,1453.120286,1474.976057,1408519825
2000-02-28,1468.888935,1485.598263,1417.625591,1463.210041,1484.958817,1281439731
2000-02-29,1492.835483,1507.495109,1474.998577,1475.917279,1480.859637,960326504
2000-03-01,1461.065111,1502.082832,1451.140368,1483.689024,1496.141481,1371084409
2000-03-02,1506.009806,1506.656947,1436.681404,1478.577966,1492.197201,1946120538
2000-03-03,1492.558469,1493.910182,1438.794119,1487.199695,1493.803485,1218957494
2000-03-04,1480.069365,1482.324818,1449.215355,1454.185687,1477.252752,900280225
2000-03-05,1494.874352,1497.883982,1442.256985,1453.362415,1469.851917,987512213
2000-03-06,1477.93143,1492.225593,1438.869755,1481.106094,1489.112502,0
2000-03-07,1456.226707,1502.022938,1455.333604,1470.333195,1501.170942,224156318
2000-03-08,1492.452766,1511.584933,1437.130779,1466.629006,1506.460091,1901549636
2000-03-09,1464.839712,1518.058202,1457.794663,1493.676378,1512.851122,567446565
2000-03-10,1481.381931,1492.832373,1474.969137,1479.912351,1490.192869,362544753
2000-03-11,1500.459621,1504.616288,1467.107009,1474.848886,1485.610082,1553711913
2000-03-12,1487.961588,1495.294147,1463.220665,1470.227773,1485.400012,995809767
2000-03-13,1495.379663,1505.782148,1457.328027,1466.199045,1481.106008,1346969771
2000-03-14,1497.883892,1507.550951,1449.610586,1492.120047,1493.387944,908507681
2000-03-15,1482.997147,1492.002504,1476.347234,1483.135398,1484.677542,1440838030
2000-03-16,1493.775841,1522.646543,1466.481633,1475.113979,1498.964851,865048414
2000-03-17,1505.053389,1515.463509,1456.007139,1485.350131,1499.141319,1041284294
2000-03-18,1490.121648,1506.359478,1473.267539,1497.221349,1500.657672,78429377
2000-03-19,1503.018002,1503.263301,1481.615192,1490.360031,1492.379462,70912804
2000-03-20,1482.610255,1493.273152,1450.833687,1451.469953,1485.879346,1677106511
2000-03-21,1493.898544,1503.747216,1458.451462,1470.419276,1472.109592,1112767983
2000-03-22,1482.167567,1535.256288,1462.757002,1477.237503,1504.222215,512071994
2000-03-23,1508.292594,1518.590968,1483.819064,1486.226182,1489.607995,1253742566
2000-03-24,1481.001782,1539.153699,1476.963434,1477.678002,1482.042102,872442545
2000-03-25,1497.519609,1521.084268,1447.088287,1475.683937,1497.253145,764071815
2000-03-26,1494.546007,1510.600043,1450.020156,1483.499581,1505.273189,1899022454
2000-03-27,1482.126371,1524.170839,1445.305768,1476.554097,1485.898471,759136877
2000-03-28,1499.620492,1519.266367,1471.056229,1508.894429,1516.438086,1707899258
2000-03-29,1498.677537,1500.519127,1470.89931,1482.451997,1489.342048,2391915466
2000-03-30,1474.036654,1521.204484,1457.086929,1462.456077,1488.425376,965729131
2000-03-31,1511.745061,1522.285114,1445.678332,1468.686839,1477.08856,1289437532
2000-04-01,1504.894281,1524.331282,1473.152082,1484.803689,1501.037489,1917496626
2000-04-02,1514.333948,1519.777714,1458.494199,1481.934737,1482.250732,1390260424
2000-04-03,1494.661258,1508.559909,1472.241574,1472.326426,1500.278422,1154103050
2000-04-04,1489.47977,1504.989469,1456.817328,1483.420064,1496.170451,1111007776
2000-04-05,1506.320871,1512.150823,1466.644658,1495.951204,1505.188444,471353564
2000-04-06,1485.116603,1519.835315,1467.518594,1483.406522,1505.270175,1626464543
2000-04-07,1490.339553,1503.019928,1461.502159,1477.910406,1495.118821,1502065585
2000-04-08,1502.014387,1529.789339,1480.959408,1489.008177,1493.405629,1330562079
2000-04-09,1483.573962,1520.154129,1459.635749,1466.446286,1511.630269,0
2000-04-10,1514.368403,1514.890293,1456.800147,1474.573855,1505.999191,1493428082
2000-04-11,1498.593375,1515.343566,1452.646996,1484.997496,1490.585756,641506567
2000-04-12,1499.764033,1508.510172,1449.639794,1474.342301,1502.804033,616230741
2000-04-13,1509.160099,1509.736997,1467.433164,1474.354297,1484.731562,1489510881
2000-04-14,1497.580684,1522.819232,1453.529477,1501.612669,1512.15646,1469495388
2000-04-15,1493.664437,1526.522689,1458.187004,1482.305166,1518.044391,924460543
2000-04-16,1502.220548,1521.90209,1458.61238,1476.126092,1496.411788,1738777394
2000-04-17,1505.695191,1523.415637,1457.891238,1470.477174,1522.019185,1443062284
2000-04-18,1524.882114,1528.228492,1459.789258,1467.987375,1478.734142,986245657
2000-04-19,1513.165164,1522.268092,1466.836617,1508.668547,1520.951388,669695655
2000-04-20,1492.565673,1507.965708,1475.523619,1477.651228,1499.147446,1617135988
2000-04-21,1475.092448,1511.457358,1454.23633,1471.060022,1478.806393,1423302837
2000-04-22,1510.373589,1516.950311,1469.314065,1469.343257,1503.901546,1822911408
2000-04-23,1489.861969,1525.806236,1469.16469,1487.395151,1493.662855,847675838
2000-04-24,1482.691549,1544.675953,1482.232953,1491.919805,1498.380088,873664390
2000-04-25,1484.30523,1510.277006,1457.236145,1480.611646,1505.882251,1880222703
2000-04-26,1486.157826,1511.439351,1478.584798,1479.940838,1483.469814,376612150
2000-04-27,1517.523962,1532.258878,1462.15761,1490.635732,1496.415613,884728354
2000-04-28,1524.561189,1525.39336,1459.612468,1474.690084,1483.441314,199894170
2000-04-29,1490.857373,1515.834623,1481.639203,1489.856466,1494.104721,1097089371
2000-04-30,1496.270756,1507.486954,1436.407572,1465.432963,1504.589507,1412917366
2000-05-01,1486.020052,1511.551785,1465.220445,1497.525578,1503.69792,1289221085
2000-05-02,1503.939271,1534.521367,1488.40189,1495.770939,1527.798482,1437994101
2000-05-03,1483.194752,1529.684386,1462.219165,1497.135389,1508.05104,543059650
2000-05-04,1484.4235,1518.488996,1473.314608,1486.956628,1504.49711,1460644087
2000-05-05,1513.705986,1521.328225,1470.944733,1482.22385,1499.883569,1462701526
2000-05-06,1509.633996,1524.940171,1459.600958,1473.444396,1519.766847,926303962
2000-05-07,1524.94693,1548.528813,1476.369622,1485.971494,1492.20392,172658545
2000-05-08,1499.776679,1521.48525,1470.47216,1473.076335,1509.952169,1122282639
2000-05-09,1502.719066,1542.559718,1452.863565,1497.035551,1501.798577,352417497
2000-05-10,1506.453113,1531.696121,1474.110046,1491.818644,1514.64756,556680961
2000-05-11,1516.654053,1533.47497,1485.315761,1492.634186,1506.385364,0
2000-05-12,1518.485521,1523.583005,1490.10341,1517.9934,1520.235807,1393734667
2000-05-13,1526.647133,1539.669073,1464.355725,1518.370382,1527.092855,1949524275
2000-05-14,1520.802704,1545.193905,1480.830002,1483.931849,1498.79723,2524361199
2000-05-15,1512.101327,1511.762506,1497.898734,1506.248165,1506.380475,1165282901
2000-05-16,1509.388992,1527.883165,1502.020546,1504.895896,1512.544239,1016458218
2000-05-17,1509.443806,1539.766172,1480.787666,1487.619855,1496.370919,2057765493
2000-05-18,1508.712764,1531.947556,1475.276284,1502.277125,1502.373256,682159969
2000-05-19,1509.013579,1511.739054,1464.527471,1506.249978,1510.369441,0
2000-05-20,1501.751788,1516.291092,1443.279759,1502.145864,1503.206089,0
2000-05-21,1528.796374,1539.025164,1490.235945,1501.626295,1503.566418,691424773
2000-05-22,1510.402704,1518.739437,1477.377464,1494.331879,1514.061271,1190859377
2000-05-23,1513.111788,1538.649357,1463.390364,1487.227282,1510.391414,2125242145
2000-05-24,1507.326187,1544.168155,1472.318092,1493.597262,1516.790503,152876034
2000-05-25,1519.827577,1539.779806,1464.842122,1514.701285,1534.972285,1007510412
2000-05-26,1510.454368,1549.228396,1489.116334,1514.752199,1540.64358,1914560088
2000-05-27,1512.924106,1529.30306,1482.930256,1490.38833,1499.843337,1422109375
2000-05-28,1516.091305,1524.034114,1473.641947,1500.710159,1511.961555,1382841700
2000-05-29,1520.450662,1535.284318,1492.351648,1504.525061,1514.362521,1337515761
2000-05-30,1506.355908,1542.220608,1477.20887,1489.271029,1492.897611,1041202345
2000-05-31,1533.844796,1543.887967,1468.820125,1502.192616,1525.218092,1727009760
2000-06-01,1525.408348,1532.912395,1510.4192,1510.835227,1521.472103,1308425602
2000-06-02,1518.092145,1545.089376,1482.730003,1497.899764,1504.626769,845012292
2000-06-03,1544.808655,1547.864353,1501.075374,1506.129702,1518.642906,748613888
2000-06-04,1505.0516,1531.36394,1478.270653,1491.672829,1521.316399,1416395704
2000-06-05,1533.555646,1538.074875,1492.76773,1496.961598,1514.403486,0
2000-06-06,1523.575102,1552.613587,1480.820773,1494.380711,1538.808409,271762291
2000-06-07,1530.493442,1532.381047,1464.925993,1494.100778,1531.552783,939328534
2000-06-08,1531.638605,1551.482576,1484.396939,1502.439584,1537.615853,710593381
2000-06-09,1533.023339,1547.111539,1496.887856,1504.476133,1507.739482,1116547540
2000-06-10,1478.122577,1539.56322,1477.951589,1510.432033,1534.946195,0
2000-06-11,1519.394539,1529.098009,1489.747979,1507.044274,1511.841977,804640235
2000-06-12,1509.566473,1539.335728,1502.836686,1519.403736,1529.315134,149883968
2000-06-13,1539.832732,1545.377936,1464.628783,1499.925143,1518.149263,782989447
2000-06-14,1506.886102,1536.614942,1501.166981,1502.014321,1506.112816,1047647176
2000-06-15,1496.129967,1507.896372,1483.467935,1498.918593,1502.920603,443707191
2000-06-16,1536.901784,1564.332141,1476.732855,1493.626555,1532.131885,1209306160
2000-06-17,1528.108053,1549.491829,1479.057722,1494.853702,1529.292518,0
2000-06-18,1523.73234,1545.249967,1520.780862,1542.535349,1542.658323,993168073
2000-06-19,1520.202039,1558.08064,1470.719494,1503.662135,1505.326214,0
2000-06-20,1524.691462,1533.380923,1490.190988,1503.891166,1524.279147,1980614937
2000-06-21,1524.637946,1536.617246,1478.02344,1518.16059,1521.810474,1699142973
2000-06-22,1529.105093,1536.442345,1504.693964,1520.537935,1522.467845,1772771985
2000-06-23,1523.159991,1538.349873,1473.454194,1505.213803,1510.929014,1084600098
2000-06-24,1530.66053,1536.809115,1470.988506,1479.70566,1532.178579,2115353009
2000-06-25,1557.461882,1570.029184,1484.806812,1492.629906,1517.749771,475128987
2000-06-26,1541.944197,1554.377065,1501.730282,1506.988575,1539.948585,759777603
2000-06-27,1516.685102,1547.939934,1464.06932,1477.911642,1498.168488,1325024391
2000-06-28,1532.919549,1575.876536,1512.659008,1512.73256,1515.523752,769024149
2000-06-29,1532.122386,1544.424947,1499.532068,1507.723717,1535.683619,1002745100
2000-06-30,1540.009659,1545.670749,1498.495204,1498.610829,1529.410526,914190587
2000-07-01,1523.98971,1529.126722,1497.560984,1501.890556,1523.155423,175517634
2000-07-02,1524.071441,1527.477037,1475.526393,1503.123541,1522.368785,910918396
2000-07-03,1529.094601,1538.189138,1497.38507,1511.734275,1533.782369,2139691285
2000-07-04,1519.996606,1544.128154,1486.440742,1499.672556,1535.980023,1036926635
2000-07-05,1534.307364,1547.581379,1497.387732,1517.558181,1545.021102,1407061307
2000-07-06,1529.397316,1546.599687,1484.477733,1531.078604,1532.598723,1479981374
2000-07-07,1514.784551,1537.129993,1496.688287,1517.130753,1534.850385,1480494042
2000-07-08,1520.252019,1554.404629,1516.177837,1534.021922,1547.775469,1654212814
2000-07-09,1553.558756,1557.706834,1502.240062,1521.930133,1549.308178,1720762663
2000-07-10,1505.018586,1536.054246,1481.526835,1491.31847,1502.269662,1369990116
2000-07-11,1538.537278,1549.56238,1516.767961,1527.794033,1547.670556,2663797079
2000-07-12,1521.765275,1561.483906,1503.213683,1526.4206,1533.925855,1157523567
2000-07-13,1539.097408,1551.112176,1507.943326,1529.089593,1534.064315,156757000
2000-07-14,1545.259296,1552.331612,1506.116534,1538.048982,1539.311717,0
2000-07-15,1520.61943,1535.837203,1480.129596,1496.030157,1528.684594,376120511
2000-07-16,1553.379449,1562.744869,1492.024111,1506.198675,1553.454662,685619133
2000-07-17,1532.723827,1541.831212,1490.611912,1499.044351,1516.743303,1059430146
2000-07-18,1535.108744,1539.319893,1515.122725,1529.981624,1538.584439,958474602
2000-07-19,1532.673531,1539.832468,1526.872639,1530.674278,1531.147928,265872209
2000-07-20,1548.276716,1554.96609,1508.621955,1518.517911,1538.910526,1434403438
2000-07-21,1528.741607,1547.501145,1502.141012,1511.155271,1526.215237,586688408
2000-07-22,1534.227432,1565.524975,1491.171609,1518.274717,1519.008657,356115376
2000-07-23,1533.18607,1551.29003,1505.516538,1522.867491,1532.916881,1397301534
2000-07-24,1551.695747,1562.647941,1484.696321,1520.190826,1547.633612,198247771
2000-07-25,1519.834388,1569.565574,1504.644858,1507.603103,1523.801587,1079983880
2000-07-26,1535.096949,1557.920534,1498.177537,1513.787743,1557.164081,633795736
2000-07-27,1543.896057,1550.139126,1503.776387,1513.98511,1517.734457,491932131
2000-07-28,1539.005293,1568.205696,1507.097145,1511.98703,1550.734336,1981537235
2000-07-29,1527.109111,1578.364979,1518.767792,1523.623971,1559.728868,682692855
2000-07-30,1543.664133,1556.747398,1528.1603,1529.694108,1534.926868,1415841470
2000-07-31,1551.709498,1559.668338,1526.599549,1533.093736,1549.582593,999248227
2000-08-01,1527.438175,1556.060405,1464.233556,1502.016555,1539.907793,1677938218
2000-08-02,1542.853738,1562.713449,1506.648958,1538.603431,1542.332146,666792180
2000-08-03,1524.339429,1568.598638,1507.992235,1517.093866,1540.807685,466954155
2000-08-04,1504.998347,1563.107962,1502.091318,1525.386067,1549.094112,1443031143
2000-08-05,1542.794039,1568.524788,1495.996528,1531.76634,1563.793319,2114482210
2000-08-06,1543.906554,1569.142624,1512.382729,1518.467636,1544.107904,1610055467
2000-08-07,1518.070527,1550.528119,1493.836093,1508.575215,1550.392124,861460851
2000-08-08,1538.613174,1553.690347,1507.170693,1528.238074,1533.070116,463844968
2000-08-09,1545.829991,1561.740604,1509.253752,1512.240756,1561.459602,681149841
2000-08-10,1534.156242,1574.872169,1523.038914,1526.474144,1527.10598,1330433483
2000-08-11,1546.438947,1567.567477,1512.593002,1517.404077,1522.223378,167486681
2000-08-12,1555.879248,1567.536223,1515.847012,1527.688614,1531.252556,802470234
2000-08-13,1559.712215,1561.478698,1502.75723,1508.501189,1533.457962,1581941274
2000-08-14,1520.193283,1531.521334,1488.417379,1508.014642,1523.79146,419541871
2000-08-15,1529.187667,1538.907857,1500.26078,1507.134884,1508.768066,1648314372
2000-08-16,1551.986693,1555.548009,1519.173939,1532.569614,1554.666222,503485647
2000-08-17,1520.538461,1561.129469,1500.046203,1505.620513,1518.084615,0
2000-08-18,1523.10696,1560.596445,1511.42309,1524.777373,1530.428223,814206777
2000-08-19,1537.893974,1549.332278,1517.531185,1532.933374,1543.378192,560870734
2000-08-20,1538.745752,1562.833248,1518.024352,1528.329937,1555.857682,2811443971
2000-08-21,1547.485291,1572.717617,1524.814601,1533.872821,1548.503321,2183505294
2000-08-22,1530.455113,1575.070974,1512.682411,1522.495564,1562.579913,1485619178
2000-08-23,1524.046719,1559.097127,1511.513272,1532.248143,1534.322528,2175204794
2000-08-24,1546.202003,1575.79454,1524.534202,1531.434236,1543.175265,2313664945
2000-08-25,1556.902436,1569.78644,1492.792746,1517.201805,1528.074777,1457070858
2000-08-26,1550.120744,1561.426271,1509.761887,1540.03697,1554.163734,1363464927
2000-08-27,1548.073832,1575.425253,1530.045415,1540.873207,1545.651679,628037183
2000-08-28,1547.332241,1582.940052,1535.392112,1540.853053,1565.514205,920648163
2000-08-29,1559.441529,1568.633574,1535.383034,1550.560606,1555.654914,1229783661
2000-08-30,1557.753441,1578.25219,1481.868445,1528.916494,1570.913979,1461315643
2000-08-31,1544.246665,1563.258591,1483.64043,1550.314344,1561.447692,687249859
2000-09-01,1528.601922,1569.616373,1467.007056,1514.373647,1556.714507,2550229262
2000-09-02,1558.246739,1576.047847,1513.894303,1525.445365,1528.488759,0
2000-09-03,1539.115731,1565.759294,1518.590359,1531.300283,1560.705106,1799103738
2000-09-04,1561.639361,1580.68042,1497.943507,1515.629698,1537.137048,1881733562
2000-09-05,1562.68861,1568.624003,1517.074722,1527.973542,1563.36959,1404023834
2000-09-06,1553.539307,1558.10273,1500.313022,1541.670986,1550.978303,865897818
2000-09-07,1546.90152,1548.604168,1532.513463,1542.996164,1547.7507,139964757
2000-09-08,1549.0172,1563.449001,1514.421392,1517.475566,1529.812075,782914618
2000-09-09,1566.107117,1577.147756,1514.146807,1543.969493,1553.613238,1847630408
2000-09-10,1530.125725,1568.818053,1517.700908,1550.016497,1553.788437,648063094
2000-09-11,1532.991639,1552.514054,1507.422342,1545.607988,1548.843038,331524151
2000-09-12,1571.720769,1582.77459,1509.54948,1539.40941,1555.580615,0
2000-09-13,1530.433646,1572.414146,1523.008734,1557.237239,1565.061115,463569297
2000-09-14,1563.917685,1573.089352,1522.058975,1525.42279,1542.085771,1196367880
2000-09-15,1555.974536,1576.602149,1518.159321,1518.984054,1529.914082,1367721009
2000-09-16,1561.298119,1562.409835,1525.821087,1526.016448,1546.446609,1300340304
2000-09-17,1569.986857,1576.912436,1529.111979,1532.916603,1535.515678,801669900
2000-09-18,1554.692824,1562.78974,1498.498479,1526.193813,1529.62311,471026972
2000-09-19,1568.846829,1572.904027,1539.687121,1540.209454,1555.695731,1554067373
2000-09-20,1546.736631,1599.193993,1526.909627,1549.084717,1555.727533,1623526864
2000-09-21,1562.828321,1575.649288,1513.653952,1555.759858,1565.112985,1227167426
2000-09-22,1551.713534,1557.84208,1509.331519,1537.096048,1547.126773,161552829
2000-09-23,1564.741681,1584.487439,1511.13368,1542.640639,1564.839657,1462414005
2000-09-24,1571.359903,1576.710209,1497.837183,1537.746437,1571.887473,407321661
2000-09-25,1570.200393,1576.855592,1510.829818,1520.718841,1573.280761,380385322
2000-09-26,1531.725216,1606.337452,1510.284695,1523.909882,1529.542617,2403493496
2000-09-27,1574.625142,1587.793774,1523.041013,1527.908388,1573.43676,1006827397
2000-09-28,1557.095984,1579.504785,1516.603626,1519.524368,1541.58681,1190888734
2000-09-29,1540.822015,1590.141127,1518.613711,1535.434506,1540.521125,1792165732
2000-09-30,1548.631421,1579.040632,1525.20656,1553.670083,1571.003296,1054368479
2000-10-01,1569.121165,1573.119823,1536.298565,1545.523759,1566.817703,1597393294
2000-10-02,1532.715078,1550.702116,1521.61523,1523.778616,1531.775312,1240710637
2000-10-03,1535.181793,1558.811244,1509.537411,1532.876095,1535.217707,1277837298
2000-10-04,1566.16276,1586.610362,1499.404949,1579.230947,1586.218539,779046484
2000-10-05,1553.436,1580.519544,1531.176034,1539.989772,1545.341775,1365355119
2000-10-06,1566.403328,1559.400834,1543.036996,1558.122605,1558.815457,1432520801
2000-10-07,1569.062001,1586.618602,1526.156563,1539.985635,1580.500588,775130258
2000-10-08,1541.942213,1581.204599,1520.76484,1565.039444,1566.543678,326072789
2000-10-09,1541.528814,1584.299871,1523.503231,1536.137388,1537.233083,983953612
2000-10-10,1562.299385,1577.158589,1550.159846,1550.87846,1551.91188,1844646807
2000-10-11,1554.834002,1578.247745,1538.796634,1553.86328,1566.018949,823240093
2000-10-12,1561.097161,1560.626823,1517.752592,1543.09692,1552.881315,971874349
2000-10-13,1575.708488,1594.475951,1531.707824,1560.772654,1568.071367,435678437
2000-10-14,1579.445549,1581.886309,1499.482804,1532.793289,1575.359508,0
2000-10-15,1564.72505,1571.148796,1543.523142,1543.587094,1563.323901,1869117806
2000-10-16,1567.256041,1579.564697,1536.538452,1551.065677,1554.399658,1198103962
2000-10-17,1571.662527,1576.281939,1520.886644,1529.273941,1532.774868,381868171
2000-10-18,1540.847867,1573.487048,1522.000285,1538.987228,1554.478896,2159829044
2000-10-19,1562.254387,1572.231371,1534.010962,1544.202683,1547.691529,281049739
2000-10-20,1592.568327,1598.157605,1540.834803,1560.990902,1565.735661,588070453
2000-10-21,1584.083912,1593.732468,1559.085214,1564.952309,1566.332185,979905511
2000-10-22,1543.777331,1593.152038,1511.156263,1563.901242,1566.194362,0
2000-10-23,1539.403263,1587.709888,1530.717327,1563.004281,1566.493455,1400604237
2000-10-24,1548.036586,1584.894026,1527.440288,1576.996102,1579.225748,1467421054
2000-10-25,1555.836499,1578.938311,1530.849403,1558.016003,1563.071302,1531409663
2000-10-26,1540.375453,1582.485018,1523.797205,1527.025301,1537.330553,736438385
2000-10-27,1570.842351,1578.276437,1563.608272,1564.934155,1572.500541,479351778
2000-10-28,1571.363324,1572.73095,1558.141664,1565.442714,1570.204367,410447636
2000-10-29,1547.332959,1564.756855,1541.438022,1551.641254,1554.939615,1297371483
2000-10-30,1583.311758,1594.631442,1549.120626,1550.063,1562.406472,1072443358
2000-10-31,1584.082945,1595.632017,1522.420809,1561.887689,1576.125999,850902813
2000-11-01,1576.695358,1592.644722,1530.641207,1533.459524,1536.739931,590487600
2000-11-02,1537.251657,1589.554017,1532.307565,1534.764388,1543.254282,625495898
2000-11-03,1592.881952,1593.504609,1521.674748,1553.976007,1562.707832,1850603474
2000-11-04,1556.132609,1574.968333,1533.516476,1560.601535,1570.050914,2027923563
2000-11-05,1569.523991,1589.41035,1511.705337,1530.828713,1580.330819,1072326929
2000-11-06,1591.590813,1598.38932,1555.155983,1560.691413,1581.571141,1283122298
2000-11-07,1542.115169,1584.832241,1524.424467,1557.98406,1570.09445,976509623
2000-11-08,1551.143368,1575.084935,1509.539121,1543.504436,1567.14771,1244800597
2000-11-09,1561.643417,1600.630156,1538.229599,1538.986575,1556.465809,890327315
2000-11-10,1568.351957,1576.311332,1555.179153,1561.023685,1573.439636,1462502964
2000-11-11,1558.818509,1566.727928,1532.081282,1539.6737,1544.828971,1308209660
2000-11-12,1576.09529,1623.462694,1537.234494,1540.025777,1579.85693,368032262
2000-11-13,1556.817074,1582.542133,1544.250149,1555.137339,1575.931133,2472027300
2000-11-14,1555.130742,1565.802353,1533.371725,1537.495063,1552.586919,1283164717
2000-11-15,1563.340438,1575.879419,1534.860041,1555.523927,1567.987746,165007345
2000-11-16,1581.353788,1582.907469,1570.774621,1575.038293,1581.489309,1909290563
2000-11-17,1570.439745,1591.8804,1536.495009,1576.233919,1581.645319,763721541
2000-11-18,1583.3749,1585.562207,1554.698686,1562.989284,1584.485233,1849957461
2000-11-19,1593.347625,1596.248355,1556.144489,1574.854125,1580.519809,1541230828
2000-11-20,1580.332063,1593.038837,1550.015248,1555.006441,1568.052435,271853039
2000-11-21,1586.037283,1592.494098,1550.621543,1560.485531,1570.164548,824874823
2000-11-22,1596.729333,1597.299041,1557.286591,1560.800097,1576.374798,905129619
2000-11-23,1577.984143,1592.475996,1539.07722,1550.593774,1564.613433,323942651
2000-11-24,1583.556894,1587.39407,1539.859752,1549.034642,1571.759765,583075158
2000-11-25,1596.445644,1597.540673,1530.503899,1567.029063,1570.357123,164051712
2000-11-26,1557.285009,1580.903044,1545.427665,1565.537864,1574.379802,1470087594
2000-11-27,1553.31908,1578.199442,1536.678939,1541.067303,1544.07226,450787069
2000-11-28,1571.698024,1577.807527,1542.853301,1550.741177,1553.195124,498038212
2000-11-29,1566.384963,1592.307531,1559.304845,1564.048019,1574.32117,2130383763
2000-11-30,1578.727625,1589.429712,1547.935858,1566.123672,1574.808169,808592457
2000-12-01,1568.486851,1611.759126,1550.643963,1564.567307,1576.000792,720804397
2000-12-02,1545.52487,1603.756066,1542.132671,1563.495293,1596.972712,1571952942
2000-12-03,1597.051768,1615.454832,1524.472837,1578.425721,1603.202956,1312307105
2000-12-04,1554.407178,1613.825713,1547.482531,1563.183838,1606.669277,1441305450
2000-12-05,1562.150291,1591.897361,1528.159194,1562.494602,1590.266043,0
2000-12-06,1583.046114,1597.846808,1560.120116,1590.121809,1597.016363,996432579
2000-12-07,1606.687058,1610.523974,1529.443434,1585.93311,1598.732288,380081847
2000-12-08,1563.497137,1618.296495,1552.594351,1587.813313,1618.287612,0
2000-12-09,1575.280897,1605.221591,1548.38926,1591.743571,1591.771378,1318625278
2000-12-10,1572.897724,1607.799138,1536.472238,1542.705657,1576.554431,328504370
2000-12-11,1601.799152,1621.974321,1543.465667,1567.585931,1593.988569,1082941020
2000-12-12,1602.494844,1607.827676,1515.131439,1541.251667,1573.652069,362005085
2000-12-13,1576.520787,1598.607379,1561.217475,1574.067107,1580.176682,922154025
2000-12-14,1559.325015,1616.815805,1503.779114,1562.274887,1612.086794,1209748418
2000-12-15,1592.302274,1595.847362,1537.609347,1558.603719,1575.622943,1114260735
2000-12-16,1598.796822,1620.247585,1566.757749,1573.792873,1579.310403,1707136571
2000-12-17,1592.951684,1606.997082,1552.254331,1589.256559,1593.282152,970516360
2000-12-18,1586.885072,1596.502895,1541.891824,1548.788415,1557.621968,922831187
2000-12-19,1584.85853,1587.552795,1532.007641,1567.189197,1576.646191,344693716
2000-12-20,1577.205634,1602.704984,1539.468212,1568.471075,1596.203021,751081311
2000-12-21,1594.792527,1628.365153,1548.284496,1573.424722,1583.051166,871071072
2000-12-22,1558.335869,1615.566493,1554.599358,1592.287087,1596.806118,568164608
2000-12-23,1588.709693,1627.034928,1544.814266,1555.481953,1603.41695,1106921745
2000-12-24,1564.398619,1597.659423,1554.256419,1564.299654,1573.837137,685312127
2000-12-25,1582.503047,1621.033214,1553.372205,1580.512185,1590.651777,278670978
2000-12-26,1570.113343,1577.487291,1539.800766,1572.079838,1572.258166,164527561
2000-12-27,1571.573538,1619.422653,1564.562968,1576.65341,1590.406781,1417228699
2000-12-28,1585.430727,1589.162822,1533.320153,1557.684708,1560.42457,1738846304
2000-12-29,1584.892447,1601.108473,1556.664196,1558.998314,1587.228025,412110033
2000-12-30,1579.219519,1615.93324,1563.480968,1573.64992,1591.690691,0
2000-12-31,1593.030986,1595.436775,1554.819707,1586.373811,1593.919897,821787556
2001-01-01,1594.025021,1617.467581,1536.697394,1578.60527,1594.580768,485269847
2001-01-02,1588.71691,1624.934799,1570.402821,1596.267172,1614.744113,1421038610
2001-01-03,1603.191059,1608.520446,1539.794134,1582.837498,1605.536655,2036462080
2001-01-04,1584.104717,1603.929709,1582.930134,1585.390754,1588.867613,1814858912
2001-01-05,1604.69461,1609.170034,1571.076318,1575.592294,1579.083177,765207932
2001-01-06,1605.65141,1625.620341,1554.066293,1572.840832,1583.719172,1468720780
2001-01-07,1591.749234,1612.784656,1559.348518,1572.412923,1585.293856,1019518171
2001-01-08,1600.328572,1620.684899,1547.777935,1572.878168,1594.384448,1070925156
2001-01-09,1589.63567,1604.679559,1546.135791,1556.140716,1587.943155,231474059
2001-01-10,1606.418349,1627.762988,1562.571375,1598.100837,1600.928884,2292815200
2001-01-11,1576.24964,1592.853628,1570.242053,1581.709491,1589.741031,1675511886
2001-01-12,1612.020328,1642.134781,1577.928739,1611.226202,1617.917025,1682016873
2001-01-13,1579.096319,1601.172924,1556.351664,1557.673447,1577.720061,79148634
2001-01-14,1585.496515,1589.907046,1581.829491,1581.888862,1581.965371,471401697
2001-01-15,1606.77059,1613.275044,1577.472186,1593.725881,1609.365319,1580598898
2001-01-16,1600.318109,1615.402912,1549.669784,1560.289823,1583.090137,1551586374
2001-01-17,1601.334372,1601.811006,1561.915539,1574.361547,1596.95202,1089434723
2001-01-18,1611.868265,1616.303543,1552.48629,1558.197577,1591.779132,1530986702
2001-01-19,1593.68303,1609.168557,1570.990844,1575.078119,1587.822425,1971385343
2001-01-20,1597.465701,1620.183409,1569.195998,1572.997604,1582.146481,1282194573
2001-01-21,1587.391314,1614.299185,1543.999539,1591.428211,1595.535671,672065107
2001-01-22,1613.777557,1615.571013,1563.227382,1576.059935,1577.357987,348355925
2001-01-23,1589.698271,1606.152235,1555.035166,1562.875096,1589.068008,961934843
2001-01-24,1599.733318,1623.036315,1581.854263,1599.52677,1600.252215,961010589
2001-01-25,1605.43658,1627.43126,1565.659263,1574.985493,1586.106932,654668313
2001-01-26,1607.839779,1614.841868,1585.373749,1599.283628,1613.823236,1736611320
2001-01-27,1596.118624,1640.517849,1586.4418,1588.252291,1590.903678,1042204370
2001-01-28,1603.223322,1629.956338,1592.07758,1601.895103,1606.586363,1617715337
2001-01-29,1607.434004,1620.122118,1554.791574,1557.461972,1590.949759,706152827
2001-01-30,1599.545915,1627.861814,1564.627767,1585.650595,1610.753456,2655290107
2001-01-31,1609.239162,1613.587212,1545.369854,1563.652486,1590.53344,248187361
2001-02-01,1577.373042,1616.136006,1571.315608,1591.510141,1614.913439,1740866325
2001-02-02,1608.207751,1622.616133,1560.026556,1584.870223,1612.295453,719539428
2001-02-03,1600.90494,1623.641741,1574.50246,1582.493075,1619.011804,600325149
2001-02-04,1587.746839,1591.42976,1549.251104,1562.42091,1581.66148,1730606702
2001-02-05,1595.118423,1617.272698,1579.855335,1583.700477,1587.98175,1834579695
2001-02-06,1594.214648,1602.524656,1583.482853,1584.602526,1598.170239,2284576140
2001-02-07,1593.038381,1603.526341,1567.25222,1585.475398,1586.155319,480103141
2001-02-08,1611.636851,1615.220116,1553.166408,1554.681084,1602.171984,1730826466
2001-02-09,1616.452039,1635.35639,1572.502773,1573.495926,1594.567118,569495483
2001-02-10,1575.83667,1643.7327,1574.999809,1586.952215,1618.682029,1024896606
2001-02-11,1617.615379,1618.167845,1584.394154,1600.985546,1609.183373,2556624246
2001-02-12,1601.395026,1612.294413,1589.041393,1598.746312,1611.959926,1911681253
2001-02-13,1605.318691,1628.529745,1573.902626,1582.100561,1600.693102,1650467243
2001-02-14,1607.918124,1617.48637,1557.737115,1576.709935,1617.333363,646602125
2001-02-15,1585.97036,1627.424173,1567.883299,1567.958243,1608.151392,1016423414
2001-02-16,1603.59161,1624.143596,1560.859755,1585.092874,1599.95061,1288300694
2001-02-17,1609.71259,1611.98934,1542.538903,1583.236882,1599.778779,1061072815
2001-02-18,1596.443563,1606.842622,1571.315502,1591.408834,1605.317268,3059350580
2001-02-19,1593.589399,1597.6369,1581.162069,1583.489415,1594.354695,562632500
2001-02-20,1600.73762,1609.868353,1566.737924,1591.131674,1601.214267,1729287849
2001-02-21,1599.939339,1600.020639,1562.144239,1593.869548,1595.461405,1043485993
2001-02-22,1608.686971,1630.334499,1575.280833,1577.200571,1624.863089,1032711029
2001-02-23,1622.310141,1640.929482,1571.739337,1587.217036,1625.53906,303808493
2001-02-24,1611.172711,1613.708038,1545.97341,1605.932088,1606.932478,2023721255
2001-02-25,1600.381756,1618.250822,1585.883385,1592.623776,1599.424408,1419839191
2001-02-26,1627.099738,1634.605527,1550.223591,1597.825477,1620.020161,1735582116
2001-02-27,1586.643346,1623.778097,1586.611981,1611.237805,1621.932349,1203401937
2001-02-28,1612.707521,1622.055888,1570.36312,1587.241792,1609.419557,2257844132
2001-03-01,1605.819645,1628.54796,1573.998827,1579.820388,1614.11525,2031038335
2001-03-02,1598.539339,1627.64759,1564.108117,1566.252121,1611.332122,1096410622
2001-03-03,1585.945819,1648.918049,1553.038345,1564.088003,1584.374111,1389101760
2001-03-04,1612.524465,1640.052636,1586.360144,1587.178649,1614.08471,1202346160
2001-03-05,1601.906233,1637.936022,1581.339986,1590.248621,1591.064783,898618419
2001-03-06,1617.173378,1637.852296,1599.70159,1606.122916,1624.493029,383406439
2001-03-07,1596.640031,1633.271887,1592.908609,1594.938059,1622.277409,1041426170
2001-03-08,1590.479343,1640.202354,1561.180077,1583.692625,1586.602172,630813215
2001-03-09,1603.399805,1635.794421,1595.390389,1616.234352,1630.257606,757504779
2001-03-10,1588.90713,1621.213902,1575.434266,1591.389393,1600.662906,1251835012
2001-03-11,1604.872761,1624.220988,1555.270488,1596.821053,1622.214298,440424818
2001-03-12,1609.431749,1631.501036,1563.254003,1600.786952,1611.003384,1050888353
2001-03-13,1612.514744,1624.385902,1581.606082,1581.971074,1597.603693,577003855
2001-03-14,1591.901048,1618.332147,1581.748361,1582.454671,1595.342375,1311026864
2001-03-15,1600.432945,1614.483161,1596.982043,1597.44055,1612.78015,1177686981
2001-03-16,1609.28293,1655.985344,1583.517852,1610.694957,1651.001385,1458678860
2001-03-17,1611.766406,1618.502628,1586.767248,1603.506115,1615.403036,1824832952
2001-03-18,1608.407866,1625.155889,1589.389045,1604.171715,1608.878386,1578176267
2001-03-19,1639.797059,1649.000038,1610.906942,1615.677912,1620.58416,344891122
2001-03-20,1593.731617,1662.15635,1585.312563,1591.057017,1592.457607,1531981183
2001-03-21,1620.200201,1650.427002,1573.120429,1601.044714,1605.8781,1581664485
2001-03-22,1607.466071,1627.431256,1595.435954,1598.207399,1604.5478,2141592649
2001-03-23,1630.742251,1655.997223,1587.313818,1591.18691,1617.05376,2054688899
2001-03-24,1629.799462,1632.840532,1575.921672,1595.946594,1627.954478,1873692589
2001-03-25,1587.1319,1636.621183,1577.590822,1602.342535,1612.671696,952827855
2001-03-26,1618.421007,1654.145859,1583.05189,1600.145582,1618.954549,529197439
2001-03-27,1639.429208,1653.360977,1598.419238,1612.143371,1613.689257,240576530
2001-03-28,1609.913849,1651.189807,1604.200492,1616.864596,1617.683379,493377524
2001-03-29,1623.78387,1635.809919,1575.579598,1608.106263,1628.878466,1073964142
2001-03-30,1615.7028,1642.751622,1612.55443,1622.974409,1629.360783,566803891
2001-03-31,1608.396284,1636.89137,1581.195684,1591.713693,1603.326944,816718802
2001-04-01,1616.784514,1645.213916,1574.717322,1599.365467,1606.324542,2460656850
2001-04-02,1598.942396,1659.27957,1578.867175,1580.306462,1611.254849,1368663680
2001-04-03,1597.242485,1625.399492,1587.910117,1607.67741,1622.831338,1318009541
2001-04-04,1613.672473,1634.315348,1599.696959,1603.664255,1606.824377,210312074
2001-04-05,1613.529798,1640.209983,1581.726894,1585.440015,1596.69987,705310518
2001-04-06,1618.254464,1617.636516,1597.065352,1610.819704,1612.032847,213324933
2001-04-07,1631.086179,1643.656169,1617.800163,1620.797802,1621.64937,464678277
2001-04-08,1640.78237,1641.625762,1598.502436,1619.047902,1623.680891,64051361
2001-04-09,1637.177994,1638.620247,1611.82426,1613.672396,1625.921719,498860652
2001-04-10,1647.164709,1660.193725,1588.799888,1604.375587,1610.965356,1095043915
2001-04-11,1603.847024,1615.973734,1593.699942,1596.985026,1614.719244,830860622
2001-04-12,1620.610993,1634.33723,1585.758358,1597.724353,1623.412371,201053981
2001-04-13,1613.837141,1624.497199,1579.681256,1589.711822,1618.144859,1253982894
2001-04-14,1616.61618,1647.618492,1572.808167,1576.417398,1608.621717,477584254
2001-04-15,1643.781882,1650.838783,1601.764667,1603.626138,1639.22364,1562240387
2001-04-16,1611.559745,1633.958962,1580.693262,1600.627367,1625.165112,719450849
2001-04-17,1619.4734,1644.796293,1593.993232,1598.320936,1617.606238,961744168
2001-04-18,1631.325943,1644.799223,1604.621041,1630.845304,1633.843973,1781789537
2001-04-19,1630.376379,1635.686134,1563.470975,1595.930485,1604.390838,356710588
2001-04-20,1610.112261,1652.184122,1560.572304,1593.162616,1620.893831,2601324332
2001-04-21,1615.786221,1640.04205,1613.000228,1628.828983,1639.932478,697988921
2001-04-22,1639.976891,1654.41698,1579.721879,1644.036448,1652.499874,1909502283
2001-04-23,1604.683017,1626.930249,1569.96703,1593.334937,1625.882469,955585094
2001-04-24,1609.264514,1645.354122,1577.560414,1611.102948,1620.003101,1584675745
2001-04-25,1610.655574,1626.549086,1600.805715,1606.758204,1626.011579,2574721232
2001-04-26,1620.555218,1630.750424,1579.607089,1613.977108,1625.558383,971290791
2001-04-27,1627.241585,1652.283489,1581.279507,1612.158618,1614.389913,1385004090
2001-04-28,1638.592051,1651.418021,1565.432147,1578.509523,1610.354919,943245172
2001-04-29,1628.855572,1643.93364,1615.282982,1632.501048,1633.198626,1199280838
2001-04-30,1639.799889,1639.938463,1583.348804,1629.774296,1638.308115,89313193
2001-05-01,1616.289428,1659.867224,1585.174842,1591.811231,1593.678263,127425815
2001-05-02,1634.228898,1663.624404,1581.352618,1611.419233,1619.94777,1650716610
2001-05-03,1630.214077,1647.014848,1609.696723,1619.517214,1620.19722,1142742989
2001-05-04,1636.767071,1647.612892,1587.394589,1607.997313,1615.916469,2285390139
2001-05-05,1643.639564,1655.111481,1600.776804,1604.633204,1629.237135,774773222
2001-05-06,1628.946785,1645.032562,1624.700709,1626.412267,1641.690214,1465212853
2001-05-07,1618.278831,1652.989615,1598.548437,1608.456575,1628.993725,771954219
2001-05-08,1615.330765,1656.239485,1600.477921,1618.1528,1620.504017,0
2001-05-09,1604.304475,1646.276895,1599.541551,1625.73451,1626.745532,1516738411
2001-05-10,1636.442351,1658.940682,1580.906183,1587.492467,1633.004523,1206027792
2001-05-11,1637.214847,1659.000627,1614.21025,1617.966937,1634.65623,1524327040
2001-05-12,1634.123703,1641.910143,1594.305913,1611.415389,1618.572933,825899864
2001-05-13,1628.963295,1672.606066,1593.740118,1607.225932,1638.652126,1354150610
2001-05-14,1644.615336,1649.108247,1600.405014,1606.402881,1632.664053,2643631590
2001-05-15,1633.303233,1659.143524,1570.737411,1615.44081,1637.15913,746946998
2001-05-16,1643.869658,1670.470939,1612.810973,1616.465494,1645.56293,1540890863
2001-05-17,1647.810622,1660.538286,1612.079859,1621.417808,1657.08296,889238119
2001-05-18,1650.131798,1676.065908,1618.342807,1629.008098,1631.248355,418684667
2001-05-19,1636.264245,1648.637303,1609.493172,1618.491658,1620.829939,2211556391
2001-05-20,1619.465142,1652.9961,1591.358394,1612.739126,1630.68128,1216624888
2001-05-21,1627.846244,1643.347859,1623.179303,1631.93239,1636.105588,966011513
2001-05-22,1613.99065,1656.517384,1603.761424,1612.632612,1622.69442,1940275635
2001-05-23,1652.973895,1656.855123,1588.292746,1622.602528,1630.063257,604521559
2001-05-24,1613.186992,1654.151593,1585.039936,1585.441804,1613.712914,2444352882
2001-05-25,1642.137918,1659.414536,1613.407958,1618.994008,1637.527467,981298855
2001-05-26,1621.461642,1672.84199,1612.347366,1616.462495,1622.24385,1609987471
2001-05-27,1627.144142,1672.465162,1613.436457,1616.605805,1639.197306,84576947
2001-05-28,1627.415531,1675.847653,1594.065695,1641.854582,1651.764249,1777200095
2001-05-29,1651.699568,1654.271215,1598.380366,1622.810954,1640.562843,2001672288
2001-05-30,1647.185258,1654.526512,1608.917354,1615.843889,1647.92008,2027126566
2001-05-31,1646.811314,1654.413689,1626.96102,1637.316567,1650.396925,846863690
2001-06-01,1640.214983,1645.346391,1620.049414,1621.363967,1630.790989,1533211679
2001-06-02,1652.760477,1660.645006,1616.707683,1618.518769,1655.980081,865273916
2001-06-03,1625.872258,1659.56183,1615.800847,1616.371785,1629.252729,1973213557
2001-06-04,1625.046686,1661.276153,1608.374081,1631.742898,1642.192598,1586884419
2001-06-05,1631.029504,1645.209016,1614.173298,1628.030438,1632.612539,1170424028
2001-06-06,1667.365741,1672.365285,1602.111459,1603.808685,1668.937203,2483472101
2001-06-07,1658.134925,1675.878552,1622.00866,1628.190189,1657.228556,0
2001-06-08,1635.462416,1654.061885,1592.945866,1603.457122,1627.928375,752369879
2001-06-09,1647.863451,1647.936467,1595.346706,1630.81543,1637.559591,1171551285
2001-06-10,1629.854396,1637.392166,1611.306803,1614.27797,1625.410219,1484431663
2001-06-11,1638.519684,1670.112677,1625.723812,1628.446087,1632.701116,2437535719
2001-06-12,1651.055531,1667.683015,1603.213007,1633.219529,1649.791015,1203816501
2001-06-13,1650.866382,1675.129328,1623.290737,1633.702115,1648.689703,499553692
2001-06-14,1632.47658,1638.283964,1605.573436,1636.757983,1637.465773,956186845
2001-06-15,1637.224059,1643.200072,1566.58488,1613.33802,1638.613503,1972504335
2001-06-16,1656.536865,1663.270644,1622.300293,1625.413222,1625.972865,1243749794
2001-06-17,1654.516481,1673.804559,1615.483876,1618.94252,1657.272333,2390212451
2001-06-18,1634.435508,1650.868371,1616.958972,1629.336931,1631.571408,1289484554
2001-06-19,1649.583581,1663.12933,1601.200641,1627.004744,1631.543783,967399531
2001-06-20,1637.577627,1664.529024,1631.584452,1651.325111,1660.940027,1675947963
2001-06-21,1652.425415,1683.919427,1615.626354,1623.782286,1628.557427,183231245
2001-06-22,1644.61495,1679.264357,1622.447624,1637.935455,1659.445385,384913661
2001-06-23,1648.455066,1661.548223,1607.560807,1622.126025,1628.533374,2467423391
2001-06-24,1649.075849,1659.844398,1600.596213,1651.923308,1655.692469,2007914542
2001-06-25,1658.111657,1671.959009,1611.044607,1626.697566,1642.338905,1598542057
2001-06-26,1674.753886,1674.981724,1586.145289,1652.703589,1657.643515,2398211761
2001-06-27,1664.466387,1700.641914,1613.637572,1621.906569,1649.106539,1555468996
2001-06-28,1625.284067,1681.447113,1595.018253,1630.34027,1652.901593,1364300128
2001-06-29,1634.028476,1661.618496,1625.148231,1633.20751,1646.51871,1286448044
2001-06-30,1660.219278,1666.098709,1601.765988,1622.595033,1647.660928,1765095292
2001-07-01,1622.647953,1650.182123,1611.580002,1644.418464,1648.728891,1231373330
2001-07-02,1659.633501,1665.682417,1574.877375,1603.359733,1619.347895,2118918623
2001-07-03,1666.172673,1681.918224,1616.95917,1643.969066,1667.568422,1129791621
2001-07-04,1639.537567,1660.778117,1623.187465,1637.70916,1642.266817,483584113
2001-07-05,1658.638553,1677.790102,1632.533156,1637.374518,1668.01575,1485282068
2001-07-06,1658.516688,1682.248564,1606.632638,1620.57256,1642.981698,292594796
2001-07-07,1656.715779,1681.167092,1634.275118,1637.960132,1668.198188,60589718
2001-07-08,1639.665129,1675.26388,1628.508892,1651.344582,1668.196291,540658772
2001-07-09,1663.179286,1661.982017,1618.975534,1655.786858,1658.981341,612902359
2001-07-10,1639.079971,1674.180854,1622.280663,1629.029168,1641.560488,1349746704
2001-07-11,1671.426827,1666.531325,1652.706449,1665.52668,1666.339855,433027114
2001-07-12,1638.234767,1671.571599,1597.537237,1607.089917,1659.7857,1008593498
2001-07-13,1643.948473,1680.728762,1611.315226,1612.864328,1662.604175,765690637
2001-07-14,1644.608956,1673.723294,1627.576546,1640.297806,1654.086344,808217170
2001-07-15,1661.782638,1681.764618,1618.561,1630.218464,1672.48019,639478273
2001-07-16,1640.606791,1672.845633,1636.516986,1640.270764,1644.34359,1520816321
2001-07-17,1671.210761,1673.195232,1632.677108,1634.306218,1652.576853,999464402
2001-07-18,1634.0933,1669.661115,1617.62897,1624.93237,1642.557531,1668377844
2001-07-19,1660.101666,1678.872509,1610.522734,1634.722034,1673.36865,733509243
2001-07-20,1659.808028,1683.746207,1616.507792,1631.294247,1667.819878,1344141896
2001-07-21,1646.689877,1660.947353,1613.408377,1648.755873,1654.297417,940810387
2001-07-22,1685.120503,1686.46865,1623.812841,1637.042028,1648.025345,2274702796
2001-07-23,1649.069893,1672.936776,1627.028094,1643.015918,1669.919734,2062638717
2001-07-24,1669.594107,1683.915266,1638.084596,1659.157006,1674.493149,955810381
2001-07-25,1666.422364,1692.676715,1619.586117,1626.19967,1657.367897,1190916329
2001-07-26,1672.078249,1684.406456,1643.512199,1655.176455,1667.011508,1070103485
2001-07-27,1659.899637,1667.51071,1620.959685,1629.414532,1649.249358,1655272817
2001-07-28,1668.24773,1680.89251,1595.554847,1628.239418,1639.757939,1074317728
2001-07-29,1645.316374,1676.147598,1609.590295,1610.982571,1625.251837,983002383
2001-07-30,1662.754441,1698.221232,1626.976741,1640.297626,1685.203827,804438206
2001-07-31,1669.374149,1693.237642,1626.465833,1657.956715,1677.919682,2321542389
2001-08-01,1631.716505,1679.514652,1628.751357,1633.402383,1651.162886,1915058279
2001-08-02,1652.738083,1703.393467,1636.187993,1650.429383,1675.02501,941698800
2001-08-03,1677.347853,1681.018568,1632.483928,1654.921243,1665.970136,1350259371
2001-08-04,1655.441214,1664.989538,1627.814385,1628.869557,1634.763606,1820008004
2001-08-05,1646.820801,1656.129001,1613.386466,1613.764117,1644.759697,964081840
2001-08-06,1675.396433,1677.354247,1626.022442,1649.195684,1677.328715,1873607786
2001-08-07,1658.859486,1696.850664,1653.473901,1660.979066,1665.381642,1432267905
2001-08-08,1650.856837,1663.889737,1640.240263,1643.249012,1652.580892,1440080562
2001-08-09,1651.314249,1676.088633,1622.725363,1628.545475,1659.713945,1518678486
2001-08-10,1672.197861,1681.890987,1644.444858,1645.874884,1675.869534,1280853123
2001-08-11,1656.812192,1685.341717,1605.706319,1626.861413,1642.066763,983912665
2001-08-12,1670.474736,1690.2426,1626.833083,1643.288699,1667.469544,267194401
2001-08-13,1679.793735,1696.953883,1643.445406,1663.744752,1665.330335,0
2001-08-14,1660.2546,1703.016122,1644.927902,1668.570396,1677.328075,1307822357
2001-08-15,1662.844668,1668.164846,1622.615873,1656.569871,1658.318233,638631005
2001-08-16,1666.038402,1696.719134,1622.469671,1661.850483,1670.818968,384532898
2001-08-17,1645.195892,1662.995101,1637.933995,1643.521344,1654.683902,767883866
2001-08-18,1665.717668,1690.715798,1642.615458,1663.588202,1687.727639,2047541687
2001-08-19,1649.629407,1698.857945,1630.929021,1649.572626,1671.131276,1875644493
2001-08-20,1689.242864,1694.666155,1619.941311,1649.354747,1661.830981,1363860301
2001-08-21,1679.021257,1692.531485,1655.279666,1661.085247,1661.152215,2794156135
2001-08-22,1667.589792,1693.687628,1633.976034,1663.064064,1666.204414,2468786248
2001-08-23,1673.73006,1681.805889,1655.399119,1659.863336,1671.215299,334691828
2001-08-24,1669.189878,1701.740278,1642.364068,1657.772953,1685.169665,708723006
2001-08-25,1669.135649,1675.394306,1625.167544,1631.827357,1655.525042,489449286
2001-08-26,1691.540751,1701.836392,1618.346889,1629.487208,1678.378001,762027800
2001-08-27,1664.558958,1688.805302,1627.916891,1653.500767,1661.118264,1366871162
2001-08-28,1660.177876,1709.421847,1638.770579,1642.813563,1664.918316,1406657951
2001-08-29,1679.028331,1695.880326,1635.358994,1646.275766,1670.887852,1287874733
2001-08-30,1659.849944,1692.20321,1634.131829,1659.766788,1677.062773,1336163716
2001-08-31,1656.285824,1693.386909,1636.010339,1655.38787,1661.200483,2084710282
2001-09-01,1648.394155,1674.234483,1633.644491,1651.386267,1668.450236,1704757583
2001-09-02,1687.357085,1687.562717,1639.820992,1651.830872,1658.60325,1152272844
2001-09-03,1679.270845,1691.842265,1638.873931,1649.189938,1652.923843,2238756669
2001-09-04,1672.228986,1683.235813,1637.238518,1644.385028,1646.537714,1072742568
2001-09-05,1658.855332,1685.72276,1643.727755,1662.151002,1670.850963,550268252
2001-09-06,1670.93096,1690.01556,1662.921744,1668.163729,1682.717826,2392749347
2001-09-07,1673.817885,1713.686584,1633.937478,1634.798803,1648.090999,1553457679
2001-09-08,1674.670229,1688.216305,1647.716123,1648.153778,1681.504433,119660260
2001-09-09,1677.218983,1679.109309,1648.314313,1668.635326,1678.799684,2462745364
2001-09-10,1658.687653,1705.067525,1632.063493,1654.166026,1671.657035,978014609
2001-09-11,1696.225344,1698.198954,1654.521983,1672.685405,1675.239299,824695733
2001-09-12,1683.477945,1702.786613,1628.105477,1653.910952,1689.542057,1677599925
2001-09-13,1684.248887,1696.707241,1665.552718,1687.228041,1692.265243,1469929175
2001-09-14,1685.739415,1688.689843,1632.558182,1663.94636,1674.6003,840380886
2001-09-15,1673.299056,1680.708698,1624.087658,1643.110701,1676.333902,963550347
2001-09-16,1671.87151,1688.667388,1640.616354,1663.592873,1687.759752,1727343029
2001-09-17,1696.912287,1707.154176,1639.831206,1651.195277,1663.537006,1160831460
2001-09-18,1693.707554,1699.031856,1651.833154,1676.200595,1680.339325,1160117418
2001-09-19,1679.985281,1690.492471,1618.569021,1632.543846,1665.28683,1667451954
2001-09-20,1687.805297,1703.916806,1619.970769,1649.648823,1680.901012,1837898518
2001-09-21,1664.093494,1683.166889,1638.50913,1675.534514,1681.526395,1389097428
2001-09-22,1679.574054,1689.792301,1628.777215,1654.825996,1678.793659,1360912303
2001-09-23,1683.064216,1687.390841,1616.571864,1659.827861,1665.558383,1803329197
2001-09-24,1687.526649,1712.030764,1666.441483,1686.325635,1690.386212,2119882252
2001-09-25,1679.773623,1692.575664,1636.161022,1670.910014,1671.58904,3136469926
2001-09-26,1686.480953,1713.132005,1643.478062,1666.084035,1677.509367,543722536
2001-09-27,1683.796277,1727.636925,1669.09898,1680.094772,1712.746602,1745072388
2001-09-28,1694.502794,1695.807965,1656.814803,1665.127467,1682.928022,2215767114
2001-09-29,1685.248866,1690.489634,1661.701549,1672.287718,1683.144703,957171000
2001-09-30,1683.49031,1693.315355,1639.29866,1647.582125,1689.59719,1671432960
2001-10-01,1674.833092,1711.133815,1630.492878,1680.910752,1683.549988,1514444092
2001-10-02,1650.364911,1683.04422,1633.885871,1645.193728,1671.221908,2037059401
2001-10-03,1676.832092,1699.453052,1620.087944,1640.377554,1680.056274,180022499
2001-10-04,1677.966038,1701.12971,1639.867847,1669.014344,1683.428718,894116852
2001-10-05,1685.178944,1699.380686,1663.947023,1674.163422,1690.956942,1450103472
2001-10-06,1674.56824,1714.082767,1643.917741,1689.402894,1708.971048,2290325327
2001-10-07,1649.955438,1701.889257,1636.398571,1684.70551,1701.567341,1401590916
2001-10-08,1671.640758,1706.767318,1658.849613,1682.245974,1696.1536,1731831749
2001-10-09,1680.796247,1686.494168,1664.741854,1679.724092,1686.335319,2030829378
2001-10-10,1665.291932,1706.368067,1648.604212,1684.465874,1697.369689,1144086456
2001-10-11,1680.807547,1692.353077,1658.034699,1661.177084,1679.84917,1931780763
2001-10-12,1680.713822,1724.10209,1651.741029,1657.476102,1667.464757,2284683276
2001-10-13,1682.427352,1713.193,1662.206678,1666.66108,1695.379019,1374219267
2001-10-14,1702.297461,1710.174142,1668.226098,1675.025658,1690.773973,983036986
2001-10-15,1673.558245,1697.048924,1652.294028,1667.906354,1676.105751,444155524
2001-10-16,1682.708302,1702.407881,1665.884338,1672.278223,1682.187195,1525331234
2001-10-17,1708.37526,1713.773945,1644.242031,1678.782509,1704.8192,1038875896
2001-10-18,1661.810003,1704.325472,1644.284703,1660.981951,1678.281514,982770145
2001-10-19,1678.02493,1703.549051,1640.8751,1679.425959,1680.319815,647587387
2001-10-20,1672.099253,1706.98272,1650.038698,1661.451436,1669.785308,1615239236
2001-10-21,1679.046704,1712.919319,1654.209263,1658.613412,1692.474005,2935354132
2001-10-22,1681.65406,1698.25801,1639.452038,1646.186734,1682.245005,124710345
2001-10-23,1701.468967,1701.917196,1662.264029,1669.597509,1676.948558,1601246646
2001-10-24,1681.707705,1712.533251,1626.066625,1666.22513,1668.386305,1706902215
2001-10-25,1685.415112,1710.22764,1645.920302,1673.54916,1699.417467,461102455
2001-10-26,1711.200849,1721.038558,1652.615194,1657.507065,1711.801791,671049081
2001-10-27,1702.064564,1716.679641,1643.589431,1672.314586,1698.183364,1616871429
2001-10-28,1672.291723,1724.271167,1646.94658,1657.176949,1678.307311,1820184272
2001-10-29,1702.393559,1708.265879,1665.896303,1679.076889,1695.295344,1680428689
2001-10-30,1698.36263,1716.542652,1672.471957,1674.384045,1683.764703,998352455
2001-10-31,1694.701875,1710.086637,1663.016571,1698.504246,1702.85606,1663101804
2001-11-01,1703.136105,1725.519417,1665.354402,1686.270526,1699.536376,0
2001-11-02,1690.822907,1702.323725,1637.865247,1644.414296,1679.678372,1103824839
2001-11-03,1710.349562,1729.694888,1680.209591,1689.924763,1695.967926,2517863677
2001-11-04,1699.643984,1705.779918,1663.253398,1685.256597,1703.637064,2138480165
2001-11-05,1695.783366,1701.148827,1651.926633,1672.779452,1678.659431,2113327507
2001-11-06,1698.055303,1714.487373,1654.29566,1655.274347,1672.561537,1780824746
2001-11-07,1663.246199,1702.33618,1641.13836,1652.344878,1672.460441,2492584897
2001-11-08,1699.674363,1712.99769,1647.193526,1694.309454,1703.215147,1195464600
2001-11-09,1691.688193,1706.825184,1648.770825,1689.605121,1698.148129,1189663215
2001-11-10,1701.571607,1718.077068,1667.214269,1698.524978,1703.071737,1325829727
2001-11-11,1696.459191,1710.963101,1657.578027,1678.377735,1685.717758,906283936
2001-11-12,1664.332985,1710.864991,1646.658514,1674.031054,1709.07609,902453523
2001-11-13,1703.173595,1729.012333,1644.686239,1670.801053,1681.379813,1109949969
2001-11-14,1684.787493,1715.178896,1656.507549,1669.252948,1692.010735,1740084603
2001-11-15,1695.98721,1711.927733,1657.322041,1682.257589,1703.716141,1348908389
2001-11-16,1686.175132,1700.187533,1649.370861,1664.7822,1700.071994,1065281351
2001-11-17,1722.018773,1737.726738,1677.898125,1701.962826,1727.300495,637705346
2001-11-18,1674.744477,1693.029045,1661.870973,1688.273987,1690.360508,1539989949
2001-11-19,1698.929372,1719.545738,1646.775392,1686.038374,1693.78904,534951746
2001-11-20,1684.561227,1694.979337,1659.889055,1665.396524,1690.322936,1526796789
2001-11-21,1708.282399,1728.902179,1662.082599,1669.731701,1719.437274,1074872966
2001-11-22,1701.151166,1721.985319,1667.234925,1702.306929,1717.602134,1477561605
2001-11-23,1712.437753,1725.139176,1674.114021,1686.280432,1689.364794,796158104
2001-11-24,1695.071326,1725.695286,1671.486395,1676.9573,1716.632985,1309005254
2001-11-25,1690.522348,1719.483579,1669.502152,1695.333265,1700.41541,202415566
2001-11-26,1711.125305,1715.090281,1680.157763,1683.398791,1688.511137,2688214194
2001-11-27,1711.013538,1717.813226,1675.149799,1676.656591,1681.945146,315591490
2001-11-28,1710.685883,1710.838194,1664.087829,1674.543445,1694.884582,1992856711
2001-11-29,1682.989199,1711.075359,1667.186297,1684.153666,1701.945666,1643648478
2001-11-30,1699.493564,1713.045743,1671.603535,1675.850934,1688.329077,1644038274
2001-12-01,1698.421874,1721.285383,1674.676656,1685.385559,1692.169226,941223520
2001-12-02,1697.43786,1709.936686,1661.767839,1662.835528,1691.724914,940358536
2001-12-03,1693.683285,1719.546459,1666.645656,1673.390276,1690.095292,1153408768
2001-12-04,1718.169497,1720.819417,1666.016186,1668.813367,1688.177485,1177857029
2001-12-05,1667.836497,1718.060317,1656.093541,1690.927552,1713.185173,1469220825
2001-12-06,1728.055288,1736.141654,1687.456726,1692.39198,1694.459181,2046795823
2001-12-07,1697.586956,1714.552818,1668.615031,1689.29876,1704.546754,1280065162
2001-12-08,1720.988355,1721.94229,1626.953837,1700.845979,1712.262947,498442433
2001-12-09,1724.293887,1729.408311,1700.194007,1709.189168,1714.260089,519918589
2001-12-10,1708.555552,1718.569669,1683.677717,1698.739827,1701.652596,1015170566
2001-12-11,1694.87423,1713.869011,1663.596401,1693.866088,1705.038919,1528276778
2001-12-12,1719.898174,1744.075045,1669.911612,1677.216364,1727.683277,844099148
2001-12-13,1701.888032,1739.557806,1667.01739,1692.60193,1711.938241,1516756650
2001-12-14,1706.982175,1715.536919,1659.040388,1686.554773,1697.616733,2375972967
2001-12-15,1694.438707,1706.608268,1664.266014,1685.161916,1703.83388,1628538433
2001-12-16,1702.698113,1738.706922,1680.264009,1697.2948,1715.737835,967155114
2001-12-17,1699.589853,1727.78404,1662.13749,1665.820656,1704.765856,1030341627
2001-12-18,1700.468296,1731.19714,1658.332686,1671.23795,1709.604262,679203404
2001-12-19,1721.119209,1741.348402,1670.208887,1676.3735,1701.884293,1183915266
2001-12-20,1717.797733,1723.293174,1653.53333,1694.534611,1697.613127,638019608
2001-12-21,1697.688174,1716.791562,1667.585604,1693.226713,1695.621874,1637639136
2001-12-22,1702.82373,1716.626793,1659.970686,1698.691381,1704.022319,183469267
2001-12-23,1708.556432,1754.865181,1707.462949,1715.71399,1718.143617,38614597
2001-12-24,1714.293921,1709.834753,1669.672154,1692.987112,1702.396148,1315093289
2001-12-25,1716.861789,1741.615383,1685.470131,1685.663582,1709.020721,2044908781
2001-12-26,1709.302018,1712.057879,1651.980289,1669.508099,1706.606941,1856547013
2001-12-27,1707.629227,1723.116423,1690.016484,1699.890085,1706.049859,1995495905
2001-12-28,1712.623587,1728.915925,1687.439533,1699.058889,1720.027518,1854400414
2001-12-29,1688.131138,1722.393021,1666.43998,1686.718074,1719.788597,982380122
2001-12-30,1696.032133,1731.744967,1671.952467,1688.845441,1701.205085,2699759924
2001-12-31,1744.724328,1752.607585,1645.321415,1662.233374,1719.042863,1533867489
2002-01-01,1690.29655,1730.944345,1670.178917,1679.820168,1725.720793,1387399730
2002-01-02,1703.653484,1709.402897,1689.30643,1699.627852,1709.128386,1299645406
2002-01-03,1722.771756,1731.183701,1671.775437,1673.878988,1726.710298,1166607754
2002-01-04,1728.40093,1754.555617,1696.428163,1707.777407,1713.889233,1326802688
2002-01-05,1700.750069,1730.501907,1681.731092,1699.333679,1715.607373,1473578400
2002-01-06,1726.753158,1731.28735,1663.732231,1718.268991,1720.384786,1266894328
2002-01-07,1726.490461,1740.095592,1672.876298,1706.920901,1731.877865,1515835582
2002-01-08,1720.575974,1733.061757,1683.218056,1699.920212,1703.836978,1311871125
2002-01-09,1704.987135,1738.948531,1656.356562,1685.170189,1721.866319,899536485
2002-01-10,1726.800714,1741.910628,1683.541248,1694.767045,1712.854574,1914133238
2002-01-11,1710.492161,1732.609177,1685.871055,1689.265524,1715.613732,1326887156
2002-01-12,1722.112028,1731.229874,1681.626576,1682.103921,1698.946568,1164659913
2002-01-13,1726.947408,1735.311945,1680.537933,1700.53328,1708.923135,681259006
2002-01-14,1700.206779,1731.133557,1684.965245,1700.406372,1725.771376,2200552165
2002-01-15,1716.272694,1740.407353,1674.331284,1690.91305,1709.032031,1265912590
2002-01-16,1715.64521,1730.580156,1661.890466,1699.506086,1728.413141,882316278
2002-01-17,1709.695429,1714.562841,1703.80456,1713.913384,1714.01436,766183241
2002-01-18,1750.633916,1759.509433,1651.569581,1685.254039,1687.09124,889497929
2002-01-19,1727.737155,1737.071165,1684.031862,1697.127441,1709.574373,2440243841
2002-01-20,1733.310098,1745.838016,1701.600966,1716.63571,1733.989412,1085535900
2002-01-21,1687.6878,1738.758983,1685.028506,1722.390338,1730.787043,794285008
2002-01-22,1710.966997,1720.833058,1704.628345,1707.504191,1716.46315,245561040
2002-01-23,1738.262669,1747.113031,1693.070939,1711.754864,1712.723697,855958575
2002-01-24,1688.078346,1712.541426,1683.345083,1683.873853,1705.367366,1974919055
2002-01-25,1732.21665,1745.362183,1678.891632,1694.644743,1702.963401,784274651
2002-01-26,1710.988101,1750.802465,1703.56452,1704.485491,1708.348919,1507300488
2002-01-27,1725.054849,1729.793478,1680.715534,1685.772931,1708.395089,2121082590
2002-01-28,1727.758156,1742.63698,1700.767244,1705.325316,1737.636913,1166865561
2002-01-29,1712.239448,1740.347986,1693.651025,1693.988818,1731.172596,1889987176
2002-01-30,1730.50497,1736.610357,1690.92685,1696.369422,1721.678534,0
2002-01-31,1713.30596,1722.163527,1671.468858,1704.522664,1707.663448,521311318
2002-02-01,1712.55819,1751.537388,1661.403462,1709.38926,1740.661487,859461090
2002-02-02,1703.554685,1746.273449,1699.811362,1702.89171,1710.443515,2547288913
2002-02-03,1719.647475,1736.271121,1704.751072,1721.23498,1725.213279,1254401857
2002-02-04,1728.389738,1729.788513,1687.236335,1691.256084,1728.245134,738684304
2002-02-05,1704.799801,1740.888897,1680.396738,1687.444291,1699.561828,1236379711
2002-02-06,1733.766981,1742.7221,1686.540416,1690.765581,1737.590867,973915737
2002-02-07,1731.285507,1741.793562,1695.050167,1707.306533,1740.403851,2664964839
2002-02-08,1745.04178,1758.449791,1703.802146,1705.008965,1720.109134,1181204493
2002-02-09,1738.970958,1736.377127,1691.359723,1698.96244,1720.320317,870633152
2002-02-10,1723.255475,1736.062545,1684.632414,1719.991856,1733.014798,2528162412
2002-02-11,1720.192052,1762.718843,1681.718411,1701.512562,1715.265743,1044123667
2002-02-12,1748.056194,1756.800063,1705.128078,1720.440721,1722.383231,1537173788
2002-02-13,1733.987777,1739.188277,1690.877388,1712.644451,1726.834013,1139966494
2002-02-14,1715.018978,1739.352247,1681.501807,1689.486572,1718.349308,2176177964
2002-02-15,1725.940622,1747.658402,1705.56188,1707.185006,1722.555224,688881030
2002-02-16,1740.478028,1747.516199,1685.486231,1703.702008,1724.854762,1775146369
2002-02-17,1731.146297,1751.250818,1700.977169,1704.202814,1728.286906,1623602066
2002-02-18,1710.036185,1752.109283,1698.086947,1709.486627,1737.295048,1920546297
2002-02-19,1733.658555,1750.868767,1703.15956,1726.513146,1737.548927,1917539251
2002-02-20,1721.398787,1754.454224,1721.228368,1729.081602,1729.147324,2315694142
2002-02-21,1743.290739,1764.615464,1690.130208,1696.446764,1750.876934,1072386591
2002-02-22,1703.612481,1755.916727,1692.444299,1721.111458,1744.897493,919501067
2002-02-23,1729.35501,1740.908177,1701.638409,1720.846482,1721.90015,2203897514
2002-02-24,1729.4704,1771.117681,1708.065352,1712.675824,1742.064348,692962598
2002-02-25,1710.551054,1729.616931,1683.411357,1696.730192,1716.864623,2563850317
2002-02-26,1748.772925,1769.124192,1709.512987,1712.789985,1735.387213,875977746
2002-02-27,1725.48782,1757.185699,1709.492244,1717.807334,1721.1127,1523079350
2002-02-28,1730.690834,1758.053812,1690.829038,1712.200633,1752.047651,1487133982
2002-03-01,1712.06854,1732.420806,1699.795734,1709.451369,1716.367163,2282693573
2002-03-02,1722.598624,1729.817605,1695.993386,1703.285702,1711.714552,1683550310
2002-03-03,1756.553209,1763.360281,1695.076021,1702.773001,1737.42725,1801245715
2002-03-04,1747.609405,1762.306814,1718.906015,1726.716298,1744.262013,1308517357
2002-03-05,1728.512721,1746.144785,1684.36609,1693.364113,1721.800968,1372943266
2002-03-06,1741.89527,1742.807418,1696.979942,1703.512678,1737.554792,1271670139
2002-03-07,1727.767378,1741.840833,1704.610937,1715.661807,1721.462272,0
2002-03-08,1726.950591,1758.598003,1695.352734,1724.842255,1753.60789,2019519488
2002-03-09,1739.501939,1754.900137,1696.588238,1715.885322,1739.723133,1456500566
2002-03-10,1747.594014,1748.602453,1723.884758,1726.678256,1740.87184,475672601
2002-03-11,1738.120368,1736.83957,1709.559499,1724.673899,1726.85345,1244229383
2002-03-12,1719.594733,1753.021802,1700.783713,1715.511272,1732.889554,1222533881
2002-03-13,1748.245949,1754.665101,1714.07478,1718.150092,1731.291135,1413586581
2002-03-14,1752.352367,1752.892025,1706.111587,1708.0906,1731.315283,2091361289
2002-03-15,1736.835285,1739.200949,1694.059784,1716.198446,1733.961775,1834625107
2002-03-16,1752.314401,1772.885811,1728.855757,1735.629695,1749.176609,1593619178
2002-03-17,1718.01739,1746.749926,1704.791492,1716.720011,1739.843321,924723882
2002-03-18,1722.459331,1769.705241,1700.870905,1713.237487,1718.797707,1665930600
2002-03-19,1702.258292,1783.422671,1692.919246,1699.116331,1719.102808,1568426473
2002-03-20,1722.66998,1750.099616,1698.544047,1709.544227,1719.647585,1498948100
2002-03-21,1750.098465,1761.951856,1687.751749,1702.845455,1742.627415,1608196490
2002-03-22,1731.446559,1772.67143,1717.863583,1721.95688,1761.264359,495287342
2002-03-23,1725.261628,1753.638719,1702.89429,1708.178795,1726.2717,1321648482
2002-03-24,1735.492783,1759.758185,1678.946338,1699.291415,1732.811024,1721824769
2002-03-25,1729.497025,1760.578761,1716.948555,1718.750783,1748.373848,417561757
2002-03-26,1725.403968,1773.845483,1700.976071,1716.643942,1717.705965,2067306112
2002-03-27,1742.721787,1769.27572,1692.728849,1750.133465,1754.339202,1896596414
2002-03-28,1753.724441,1764.649076,1700.925049,1741.749224,1761.657112,78461279
2002-03-29,1740.248184,1769.124152,1719.064477,1737.306326,1752.819136,519183603
2002-03-30,1742.005861,1756.19679,1691.807016,1697.176218,1744.837079,1529886068
2002-03-31,1739.728999,1764.468957,1730.964333,1736.641387,1750.573385,2034712446
2002-04-01,1765.631579,1766.770963,1713.516668,1717.692789,1757.666703,364698096
2002-04-02,1720.354064,1781.951816,1715.755459,1730.885459,1762.6354,1300179782
2002-04-03,1752.484182,1757.683878,1679.904826,1712.26413,1735.306537,2394048561
2002-04-04,1743.191341,1756.742754,1694.656069,1694.939512,1747.907624,1282060369
2002-04-05,1744.208794,1757.142007,1701.552889,1719.896852,1733.378374,1332702014
2002-04-06,1742.73333,1773.650037,1707.208692,1715.563852,1744.481848,327504010
2002-04-07,1742.687537,1761.215263,1710.656584,1732.031302,1746.674286,1709093401
2002-04-08,1744.566685,1759.641189,1708.218155,1725.485791,1744.312717,1500287226
2002-04-09,1754.329296,1780.296795,1724.762776,1735.212628,1752.498095,2529664841
2002-04-10,1761.033109,1765.342491,1703.753886,1719.584831,1739.366289,1467609450
2002-04-11,1740.1887,1742.132218,1675.952117,1725.781678,1737.773517,752455398
2002-04-12,1727.661331,1763.625245,1689.961335,1730.24977,1756.43216,1457080196
2002-04-13,1726.383323,1771.945477,1714.43377,1719.346608,1744.594416,743545643
2002-04-14,1733.214427,1766.078799,1714.611491,1745.145626,1759.686102,2256896040
2002-04-15,1771.954192,1781.756679,1679.55937,1714.120803,1757.693775,1071592522
2002-04-16,1743.423125,1762.156873,1705.792648,1723.701776,1758.944885,2080859414
2002-04-17,1777.637661,1796.785226,1720.368478,1742.824107,1757.502221,1788623289
2002-04-18,1745.038413,1779.061292,1738.663225,1750.906102,1760.023914,1189251447
2002-04-19,1731.603142,1747.692295,1700.669511,1700.958556,1726.676636,354389461
2002-04-20,1750.408305,1764.432372,1725.242058,1734.446618,1758.400538,1259615779
2002-04-21,1755.903122,1760.519718,1724.670195,1745.760563,1758.837683,2741167102
2002-04-22,1776.51163,1784.615945,1715.858499,1728.143908,1729.366392,1271430070
2002-04-23,1748.006531,1772.016791,1736.178723,1736.376373,1754.649584,1979984897
2002-04-24,1751.155467,1783.126687,1721.996429,1744.052913,1749.924156,2442522752
2002-04-25,1754.499697,1766.869147,1729.751078,1736.277278,1758.923902,0
2002-04-26,1769.691553,1777.406645,1700.833036,1743.877899,1758.329095,1329609784
2002-04-27,1753.054401,1804.578707,1723.932175,1725.804695,1747.746862,1720028099
2002-04-28,1745.664656,1771.311404,1703.740959,1722.764158,1754.8198,721009498
2002-04-29,1732.941693,1758.70114,1713.56558,1749.923092,1753.711847,1413099703
2002-04-30,1763.157792,1776.811965,1728.983733,1735.263169,1736.771075,1025902537
2002-05-01,1753.709571,1786.854696,1725.059957,1752.816106,1761.410963,1996536933
2002-05-02,1751.649379,1784.993485,1704.549252,1761.104468,1761.626181,917973368
2002-05-03,1766.109832,1771.172015,1744.504833,1761.734314,1765.477427,1337005620
2002-05-04,1768.122384,1771.504229,1711.604107,1742.518555,1768.406521,1790984503
2002-05-05,1753.074532,1770.390766,1729.019853,1750.932161,1762.677513,1400055072
2002-05-06,1777.200788,1779.99871,1708.851699,1734.335362,1757.978143,2619435317
2002-05-07,1734.47118,1764.718078,1711.562095,1721.353475,1750.817696,205997753
2002-05-08,1756.653356,1778.099668,1714.958512,1731.835398,1735.03161,0
2002-05-09,1760.142486,1764.818746,1721.98613,1735.690736,1753.238439,594911025
2002-05-10,1771.163491,1777.232882,1710.562596,1720.943913,1761.889751,1966895415
2002-05-11,1758.982663,1768.078041,1733.122641,1749.32796,1753.342215,1012459670
2002-05-12,1766.561463,1778.375958,1717.450225,1765.183911,1775.75574,1844921290
2002-05-13,1763.359581,1770.470383,1714.854007,1717.592181,1731.17445,1967541030
2002-05-14,1759.008477,1785.443637,1733.439524,1736.549324,1768.480567,572079650
2002-05-15,1765.827565,1773.500596,1738.753442,1749.222478,1750.567008,2044197677
2002-05-16,1755.193171,1789.027953,1735.02377,1753.759165,1777.477298,1754141443
2002-05-17,1774.989661,1790.914136,1716.501247,1757.673545,1777.771813,1707833384
2002-05-18,1746.73375,1796.869322,1719.5052,1762.823929,1774.328414,1099610271
2002-05-19,1753.575173,1781.688242,1733.022748,1743.012939,1767.103001,1443209166
2002-05-20,1754.481438,1785.171261,1716.429078,1720.465502,1777.422161,1300445929
2002-05-21,1784.836032,1793.764372,1747.293132,1774.191752,1775.18115,1870653021
2002-05-22,1748.786461,1764.175165,1713.172901,1755.435442,1756.428766,1196172022
2002-05-23,1747.616545,1778.116979,1742.235836,1751.097433,1757.344056,1751179491
2002-05-24,1764.894947,1763.497861,1730.172122,1755.225254,1758.997128,1064457233
2002-05-25,1766.382298,1788.770834,1732.728028,1737.67484,1738.153875,676553138
2002-05-26,1766.969806,1792.497423,1727.787175,1731.040254,1748.763786,2524931138
2002-05-27,1770.993544,1796.184952,1720.221925,1748.745827,1764.280245,2479807449
2002-05-28,1749.857711,1766.896402,1706.362466,1749.211939,1766.276145,1048373863
2002-05-29,1753.508757,1788.511619,1722.189001,1746.517848,1770.218201,1708814700
2002-05-30,1766.743055,1790.226909,1751.85559,1759.566452,1773.008226,1229101366
2002-05-31,1773.01042,1797.98148,1742.310162,1747.784877,1748.314791,1458122200
2002-06-01,1755.263467,1792.424555,1714.334445,1758.03331,1762.473733,1944817991
2002-06-02,1743.060794,1745.470364,1731.54078,1733.142164,1743.887154,845562947
2002-06-03,1765.184143,1771.645843,1724.682301,1747.49894,1760.675847,1511028651
2002-06-04,1777.955152,1798.339812,1737.833115,1750.862779,1779.461819,2037081544
2002-06-05,1758.678123,1814.496625,1740.698835,1753.650385,1759.92675,1727256280
2002-06-06,1757.618162,1772.160953,1742.185788,1753.840779,1758.352257,1433342110
2002-06-07,1783.383422,1785.841648,1724.415628,1728.583098,1773.512468,163775102
2002-06-08,1787.472621,1795.286809,1726.55328,1740.517719,1748.776422,2355487496
2002-06-09,1766.596641,1798.942693,1728.505073,1752.421391,1773.738527,2093722191
2002-06-10,1761.469146,1775.60329,1754.629297,1754.775142,1764.012106,1545011521
2002-06-11,1763.709992,1807.118179,1736.853217,1763.21291,1781.842673,1642665074
2002-06-12,1762.595315,1768.399017,1731.890942,1747.422598,1752.814259,2471698639
2002-06-13,1754.597044,1784.281157,1752.129339,1764.116768,1764.896449,627615788
2002-06-14,1775.724145,1800.914141,1751.294157,1787.296688,1788.859871,1328227982
2002-06-15,1748.295673,1776.661775,1725.317477,1739.703606,1747.72544,1120594098
2002-06-16,1775.366378,1781.367247,1756.312443,1758.222798,1762.751666,1693154451
2002-06-17,1774.570613,1788.291218,1733.750809,1753.05117,1766.540389,1333494401
2002-06-18,1747.226917,1776.419824,1741.691208,1743.246164,1750.652273,555479610
2002-06-19,1768.893585,1779.010935,1735.626226,1763.273437,1775.859098,1470297497
2002-06-20,1780.870906,1800.757017,1718.84262,1745.748581,1792.949744,681222075
2002-06-21,1789.708845,1801.211554,1742.458403,1757.586541,1773.463819,1118799267
2002-06-22,1741.371597,1775.800234,1723.728663,1736.752924,1775.529601,1609409458
2002-06-23,1763.348329,1787.949705,1739.181827,1747.315322,1766.674443,1476394799
2002-06-24,1782.513186,1783.202735,1752.448677,1776.287031,1783.045498,1724323843
2002-06-25,1760.633019,1775.349039,1754.879802,1756.315101,1772.919929,1598857757
2002-06-26,1751.177902,1788.212443,1745.14292,1746.842743,1765.086276,1692284763
2002-06-27,1779.408607,1803.658294,1731.193959,1759.639468,1780.432316,1098243613
2002-06-28,1773.801158,1809.965339,1755.125426,1765.516126,1779.23062,1773816042
2002-06-29,1780.865566,1804.6172,1727.053703,1783.155745,1791.442274,964065943
2002-06-30,1756.845909,1805.876807,1742.720279,1761.135525,1777.200713,1121728717
2002-07-01,1785.539804,1787.01077,1739.325697,1767.25488,1775.875257,2981759618
2002-07-02,1777.603565,1791.219469,1741.085606,1774.914049,1783.919275,641169011
2002-07-03,1741.721747,1793.54713,1721.09263,1785.833543,1793.084316,1826555315
2002-07-04,1778.339936,1792.6127,1739.137989,1748.93273,1771.90049,713054017
2002-07-05,1765.981961,1795.053963,1757.175024,1758.396227,1790.481118,2284973756
2002-07-06,1782.447347,1786.008764,1737.235215,1758.922894,1782.418355,1718685870
2002-07-07,1778.163741,1793.569849,1737.385455,1742.557832,1771.337727,1047709617
2002-07-08,1762.68093,1792.476186,1740.082721,1759.742994,1788.477203,965466471
2002-07-09,1789.087402,1792.307434,1734.547992,1771.474768,1774.065173,1900145858
2002-07-10,1755.866137,1824.887647,1710.204082,1781.095601,1786.999944,2470253819
2002-07-11,1763.389007,1801.354595,1731.776012,1761.778453,1783.795171,1916033604
2002-07-12,1736.34536,1805.129495,1716.884122,1733.320065,1768.4542,1749670728
2002-07-13,1768.049215,1818.990041,1748.622003,1760.676084,1792.407098,1419852242
2002-07-14,1786.948917,1797.81984,1758.108981,1759.763354,1766.23877,2142794013
2002-07-15,1757.306317,1763.205045,1743.537204,1750.550548,1757.303539,1132665620
2002-07-16,1798.157109,1820.004141,1738.228667,1753.596139,1762.545083,1361202999
2002-07-17,1771.363946,1817.124568,1720.810256,1758.450348,1761.23675,785062993
2002-07-18,1789.699588,1798.890303,1745.572296,1761.180753,1765.633995,1013299094
2002-07-19,1775.733802,1797.869373,1741.356033,1756.960342,1758.938675,0
2002-07-20,1769.550417,1790.887051,1757.58267,1757.929778,1786.464735,1474552840
2002-07-21,1778.143368,1796.093816,1751.096082,1754.364231,1781.685059,1166456531
2002-07-22,1769.275617,1788.7471,1731.154035,1766.332409,1777.175104,2060587849
2002-07-23,1799.922491,1836.001412,1754.105286,1763.874934,1796.338232,819054324
2002-07-24,1768.032216,1788.293509,1742.89529,1748.021773,1776.696132,853506124
2002-07-25,1788.040865,1788.85663,1761.693978,1774.656274,1778.678905,736648750
2002-07-26,1782.665073,1793.973467,1744.845669,1773.857698,1775.411862,788432300
2002-07-27,1782.343488,1792.112738,1748.694838,1755.455773,1787.821417,1303033507
2002-07-28,1772.870937,1802.454021,1763.541978,1782.898861,1784.761411,1078782674
2002-07-29,1756.137135,1804.076617,1726.881267,1763.841442,1767.032016,1392888008
2002-07-30,1778.539905,1781.456378,1737.78761,1774.540497,1780.419472,94461750
2002-07-31,1787.251829,1807.862355,1754.616907,1777.679391,1779.39834,1540662255
2002-08-01,1778.964628,1791.892151,1754.783173,1758.92814,1787.865678,645719085
2002-08-02,1774.950466,1798.06531,1757.698479,1783.08286,1783.552901,1420709378
2002-08-03,1788.947022,1808.939606,1763.778415,1765.28974,1793.829481,1180353877
2002-08-04,1781.590621,1824.645897,1743.94899,1765.831204,1801.888958,1348290807
2002-08-05,1762.025426,1816.036729,1743.298897,1762.971292,1773.717995,991334273
2002-08-06,1774.775275,1815.985401,1749.180306,1753.218439,1763.086643,1609430984
2002-08-07,1760.130679,1820.576498,1756.94174,1803.069057,1805.381473,2530041370
2002-08-08,1792.031545,1806.181662,1761.04518,1780.781268,1783.573846,769351696
2002-08-09,1776.768193,1798.471213,1748.208132,1753.648318,1767.196037,510756610
2002-08-10,1782.643455,1793.488146,1769.420546,1777.199608,1782.189068,830283167
2002-08-11,1785.44073,1788.150108,1767.376866,1774.502009,1785.720304,3419064013
2002-08-12,1775.909339,1789.902511,1755.39269,1764.562048,1773.473156,2104678903
2002-08-13,1786.861858,1812.490943,1769.876032,1772.102475,1791.935022,1426902655
2002-08-14,1764.491351,1809.232066,1753.636943,1761.251607,1782.89327,1602344444
2002-08-15,1773.04344,1804.095705,1766.292962,1768.959333,1778.997084,1737930949
2002-08-16,1781.838053,1814.342623,1751.448179,1760.141571,1809.304209,678325698
2002-08-17,1796.418319,1793.628853,1764.031816,1776.777305,1789.164629,1417437014
2002-08-18,1780.641653,1798.410427,1755.961583,1773.043971,1784.517716,431857486
2002-08-19,1786.052832,1814.508279,1747.870676,1781.392246,1785.176551,549065717
2002-08-20,1786.114718,1801.742871,1767.602415,1773.410074,1774.169079,1373668509
2002-08-21,1793.373972,1802.351337,1774.54909,1782.578532,1797.545126,2347858594
2002-08-22,1794.406784,1832.533379,1789.153018,1797.043467,1797.341675,1815914115
2002-08-23,1784.714045,1794.873339,1755.427907,1773.170696,1792.798145,1171430634
2002-08-24,1803.268352,1812.01629,1756.463807,1784.168917,1791.595799,1595675280
2002-08-25,1812.875489,1849.987005,1759.172493,1767.463321,1795.580697,448031488
2002-08-26,1807.329887,1820.765415,1775.918649,1777.674769,1786.811383,722024017
2002-08-27,1801.846404,1812.211398,1740.479078,1775.291884,1803.103208,2383077425
2002-08-28,1803.985076,1821.891425,1771.29324,1781.805867,1790.175381,1175463879
2002-08-29,1811.632347,1835.436184,1776.958198,1784.083674,1792.197364,1306447352
2002-08-30,1817.876348,1819.406901,1738.106127,1803.451434,1806.886114,322452050
2002-08-31,1769.95674,1822.597654,1760.885475,1765.897522,1789.868545,474807814
2002-09-01,1794.699648,1804.611821,1755.436082,1775.481609,1792.939399,1429873747
2002-09-02,1796.052655,1804.014192,1775.624395,1783.607604,1795.658452,613265139
2002-09-03,1778.283359,1806.128586,1755.241035,1755.624325,1791.648336,302924803
2002-09-04,1791.444921,1829.659338,1754.847902,1781.620984,1789.157166,1871064255
2002-09-05,1782.84508,1827.792779,1765.595213,1793.460893,1796.314438,222742570
2002-09-06,1795.768316,1805.239099,1744.280721,1744.692218,1796.44538,1861893454
2002-09-07,1783.577149,1803.815398,1752.545387,1780.776947,1790.087041,2166214496
2002-09-08,1775.226427,1808.428999,1760.982821,1788.42014,1792.854453,2028099205
2002-09-09,1804.222076,1814.933165,1754.13325,1787.817423,1810.346477,1615612811
2002-09-10,1809.558527,1810.847994,1750.912798,1774.287583,1810.589902,1862777454
2002-09-11,1795.092362,1818.947586,1767.523825,1802.859931,1812.923421,678155850
2002-09-12,1809.736619,1812.961456,1741.043891,1762.399776,1768.60656,1589788319
2002-09-13,1815.090255,1841.812114,1777.591633,1794.940589,1805.049447,1295655985
2002-09-14,1806.83254,1817.18457,1771.181968,1809.149052,1810.603148,1231152124
2002-09-15,1804.557595,1819.23153,1767.898288,1786.852327,1800.197545,1611854668
2002-09-16,1792.332395,1828.257287,1782.890893,1803.200565,1819.528941,2144399029
2002-09-17,1791.557824,1807.364481,1749.08764,1780.116767,1800.692169,1851288678
2002-09-18,1804.903744,1815.406332,1764.410715,1775.545591,1798.517869,173039512
2002-09-19,1792.041455,1807.054126,1764.028026,1767.881856,1775.88731,1133785622
2002-09-20,1796.585987,1803.342377,1756.931009,1780.191656,1788.890067,673727272
2002-09-21,1788.128568,1811.019741,1783.980556,1789.1186,1804.117546,1945048813
2002-09-22,1801.771521,1807.762757,1776.346473,1786.714987,1802.329837,1623322577
2002-09-23,1799.63096,1816.791784,1769.562689,1776.838387,1791.545752,1118482733
2002-09-24,1811.235085,1807.799241,1780.611019,1794.341761,1796.974671,1758922334
2002-09-25,1798.412782,1806.213765,1787.140918,1795.774908,1804.158643,1458476086
2002-09-26,1816.308134,1816.973146,1773.723935,1803.66481,1804.486702,2449187422
2002-09-27,1815.613085,1824.2131,1774.685073,1784.425203,1822.551669,474318058
2002-09-28,1830.698634,1836.588219,1754.291484,1811.073848,1819.255389,864667860
2002-09-29,1794.896725,1811.691582,1748.92358,1791.519747,1800.869661,1486883941
2002-09-30,1802.98716,1813.034256,1778.617686,1801.400911,1802.470211,1539104621
2002-10-01,1822.643617,1839.774621,1764.778986,1777.390003,1782.937487,3058958038
2002-10-02,1805.466508,1825.264289,1790.607434,1799.673463,1811.444137,1067133487
2002-10-03,1809.654594,1824.816551,1758.748845,1783.79702,1802.04799,1262222534
2002-10-04,1808.785548,1818.851378,1777.71397,1790.528229,1809.420578,1352591860
2002-10-05,1820.315806,1830.019649,1763.078834,1772.130763,1791.239892,1771430075
2002-10-06,1802.47381,1817.059904,1758.96781,1795.428667,1816.049759,1798348546
2002-10-07,1821.923925,1823.486272,1739.988627,1771.463298,1788.331688,1279389364
2002-10-08,1805.694541,1839.404901,1774.525736,1787.865767,1789.719405,2139438086
2002-10-09,1806.485094,1822.920335,1754.360823,1781.728353,1782.798278,2531791077
2002-10-10,1813.828433,1822.403873,1760.445269,1772.365149,1821.161128,1598730372
2002-10-11,1814.009179,1843.589647,1773.01651,1794.471616,1810.866419,1116722936
2002-10-12,1807.047045,1813.692144,1776.742875,1797.388428,1805.089921,2997372981
2002-10-13,1785.311987,1825.500314,1784.057616,1794.247064,1798.59672,2016895637
2002-10-14,1827.74593,1828.282587,1765.108155,1806.802815,1807.296054,562495224
2002-10-15,1812.617739,1849.27393,1775.362476,1789.404528,1807.754412,1676979940
2002-10-16,1784.672741,1824.010151,1764.111241,1770.92288,1817.682651,1489152177
2002-10-17,1827.794934,1833.08598,1755.030542,1789.363577,1813.282523,1344815973
2002-10-18,1807.182356,1834.461551,1773.756165,1781.49048,1786.231092,1542660885
2002-10-19,1828.896933,1841.617059,1793.418438,1798.185531,1825.031354,1992949622
2002-10-20,1827.83809,1830.732707,1793.828146,1801.58351,1819.546427,645284523
2002-10-21,1838.850806,1843.184982,1763.776853,1786.408929,1797.43306,1172946354
2002-10-22,1811.286046,1812.287635,1786.099165,1791.879032,1800.518623,1192884980
2002-10-23,1812.144425,1846.275979,1768.569395,1812.365196,1814.141507,1381383416
2002-10-24,1817.900138,1821.064362,1770.063385,1781.580322,1800.457308,1970113766
2002-10-25,1799.794935,1831.507764,1758.491419,1793.883734,1797.090129,1947981991
2002-10-26,1794.619146,1823.050142,1776.680988,1811.17766,1815.518914,1129193300
2002-10-27,1806.615945,1825.669954,1764.431465,1789.731806,1810.453113,1768811573
2002-10-28,1812.097464,1827.139922,1768.931711,1781.139476,1786.642457,2046158462
2002-10-29,1826.741717,1818.888304,1768.208127,1786.14797,1803.527148,1452134179
2002-10-30,1836.872874,1839.713572,1774.764184,1817.011249,1837.098642,1995592989
2002-10-31,1784.725914,1855.073947,1774.814831,1781.316773,1814.98187,2400985215
2002-11-01,1818.986447,1833.614728,1779.285888,1783.95823,1808.904027,904941504
2002-11-02,1807.898706,1812.285735,1779.82222,1791.768181,1809.237168,2204948680
2002-11-03,1810.538319,1812.864635,1756.504826,1778.764693,1791.989904,2323898301
2002-11-04,1805.073738,1855.7346,1782.341931,1797.263936,1807.560653,2581439073
2002-11-05,1822.255489,1849.713243,1811.093059,1814.315715,1828.988747,2463490430
2002-11-06,1812.110698,1835.788891,1767.062166,1803.619389,1821.812653,2091879200
2002-11-07,1827.632582,1848.646224,1788.925293,1809.831628,1828.436494,1856044358
2002-11-08,1815.49057,1826.249759,1802.912308,1820.377468,1824.335976,1394236958
2002-11-09,1824.885857,1856.536609,1790.236175,1801.682565,1818.825624,843623205
2002-11-10,1808.662513,1850.658425,1780.289952,1791.513696,1810.673718,1542841666
2002-11-11,1827.670443,1840.804436,1776.77641,1805.531641,1839.847812,578157740
2002-11-12,1801.785087,1828.085643,1791.244299,1792.09089,1827.052799,1031568508
2002-11-13,1831.146126,1838.392419,1807.31002,1809.485846,1811.652345,1202110246
2002-11-14,1848.932892,1852.492472,1793.655294,1804.690049,1851.31718,703433483
2002-11-15,1790.074554,1836.568987,1779.926834,1810.829555,1821.155208,2061020275
2002-11-16,1849.386984,1852.264964,1783.875095,1784.644362,1814.382621,570344566
2002-11-17,1838.181976,1839.596957,1786.614609,1788.893741,1835.850081,255878133
2002-11-18,1828.32903,1879.577548,1795.656665,1824.252338,1860.883259,1830293395
2002-11-19,1810.592493,1835.29471,1799.745697,1813.096297,1813.292855,1557634960
2002-11-20,1819.239731,1842.963924,1781.527861,1789.709315,1803.436883,1987224956
2002-11-21,1823.158107,1845.264851,1782.507668,1796.392809,1842.344592,1864907284
2002-11-22,1816.229231,1855.337706,1773.888894,1816.749632,1842.698125,1628885535
2002-11-23,1816.558494,1825.471626,1810.183364,1811.399642,1822.311296,1958137323
2002-11-24,1819.884887,1848.930247,1787.106531,1804.07428,1833.04425,1494839430
2002-11-25,1803.829258,1835.298378,1803.312554,1822.096253,1827.181227,1983649876
2002-11-26,1839.145969,1844.693453,1807.595364,1823.161833,1825.535115,807967310
2002-11-27,1818.005025,1856.55087,1803.482023,1807.454642,1812.603151,1602816933
2002-11-28,1841.009532,1841.65862,1776.132287,1779.854685,1814.418619,500388055
2002-11-29,1822.78514,1829.404477,1797.519221,1818.17145,1823.727328,1895735273
2002-11-30,1818.656917,1847.746415,1786.419365,1808.160437,1836.237302,907901672
2002-12-01,1845.758852,1849.420549,1795.296345,1800.110499,1820.195311,2094339651
2002-12-02,1834.826634,1859.848154,1768.065387,1799.447618,1813.486932,2148014969
2002-12-03,1806.549996,1842.15124,1787.009007,1823.434467,1831.427146,1598254241
2002-12-04,1820.769341,1845.144456,1784.904959,1799.147122,1814.581746,1190730314
2002-12-05,1816.839905,1834.016374,1793.278404,1816.288718,1819.379895,2049311873
2002-12-06,1828.116428,1829.8091,1782.960226,1820.816158,1822.721556,1019880712
2002-12-07,1833.821104,1865.02828,1796.247919,1830.286754,1833.908612,1470762380
2002-12-08,1830.292171,1853.596689,1788.518303,1805.451256,1821.83258,1504192224
2002-12-09,1838.443314,1861.464321,1778.74184,1792.505169,1829.183144,1161655198
2002-12-10,1830.902887,1838.823142,1788.347837,1797.147019,1805.077353,1554056670
2002-12-11,1810.88457,1836.5615,1768.389459,1801.627644,1813.570347,1043003340
2002-12-12,1836.512098,1851.206845,1815.598972,1836.846656,1840.301827,1155687389
2002-12-13,1814.457053,1834.343504,1790.648002,1827.633209,1831.607601,2180941873
2002-12-14,1832.260384,1850.839398,1806.898038,1814.511439,1840.099898,2629146784
2002-12-15,1835.699918,1855.156164,1787.953139,1813.843551,1851.447482,2244552738
2002-12-16,1830.101197,1837.550678,1785.948154,1800.386486,1810.030348,1627365750
2002-12-17,1838.106943,1849.530855,1787.123064,1818.965501,1842.45292,2654885098
2002-12-18,1817.504797,1858.779527,1788.962152,1801.175593,1821.045431,591004146
2002-12-19,1815.676738,1858.209604,1804.69267,1807.676143,1835.21226,3003981236
2002-12-20,1818.056738,1859.462834,1802.95748,1809.612375,1817.734062,1337661024
2002-12-21,1831.856149,1839.116975,1794.856565,1811.731727,1820.943073,1269217452
2002-12-22,1840.4148,1866.982616,1787.091405,1811.078714,1840.667543,1599890028
2002-12-23,1814.941102,1845.745727,1812.29969,1834.739306,1844.003002,2310597733
2002-12-24,1830.024529,1867.926575,1824.925245,1829.600217,1834.841004,1662272235
2002-12-25,1837.721125,1888.085469,1793.173375,1813.173119,1820.809928,1707889305
2002-12-26,1855.106557,1861.05982,1789.358726,1807.026187,1832.127352,3041341311
2002-12-27,1832.331526,1850.762278,1812.153456,1825.437051,1827.787803,3247549006
2002-12-28,1823.07421,1838.691537,1805.351372,1827.255338,1833.827527,1388933204
2002-12-29,1845.305244,1854.803813,1796.589743,1816.452832,1841.612981,1942495507
2002-12-30,1814.181528,1855.336538,1809.046967,1851.904018,1854.507524,1568121541
2002-12-31,1842.068306,1858.76848,1806.690442,1852.852768,1853.647656,1112290755
2003-01-01,1806.10158,1859.671986,1805.517116,1831.663147,1835.147063,1123138353
2003-01-02,1837.658649,1840.631144,1808.37111,1821.606516,1832.521871,1439405360
2003-01-03,1822.284258,1846.114624,1816.998032,1845.196684,1845.469848,286030084
2003-01-04,1841.292846,1862.289962,1800.650634,1801.478327,1820.411104,822963037
2003-01-05,1845.993154,1860.980169,1792.522468,1794.498016,1856.285345,796867395
2003-01-06,1830.856932,1860.494441,1798.755623,1800.793884,1856.939982,2209387543
2003-01-07,1866.200608,1870.339108,1788.693955,1851.949407,1856.923642,1978949210
2003-01-08,1837.502498,1852.93658,1792.641586,1804.377089,1813.072265,1127158947
2003-01-09,1849.059598,1849.61954,1828.609688,1834.846217,1837.642153,411843469
2003-01-10,1847.416169,1877.326026,1818.505093,1832.65603,1872.55132,243014753
2003-01-11,1819.587033,1891.177648,1809.609978,1820.307249,1842.024077,1274610306
2003-01-12,1841.682637,1846.187996,1816.537981,1821.635312,1835.184297,2071501107
2003-01-13,1831.12776,1882.207406,1814.842221,1859.208949,1872.760953,1517543815
2003-01-14,1839.133455,1856.171325,1820.539618,1827.12007,1848.076274,2711919733
2003-01-15,1826.106075,1863.930731,1796.553201,1840.838457,1862.196504,1389183162
2003-01-16,1831.752484,1872.923514,1799.456278,1810.904133,1849.595122,2091186983
2003-01-17,1831.836717,1852.834999,1806.824756,1809.213806,1816.963012,2251831042
2003-01-18,1835.35246,1855.105869,1811.721795,1841.591895,1848.762052,1704551020
2003-01-19,1855.740446,1870.148057,1796.534951,1803.380489,1814.72305,2372306575
2003-01-20,1844.275436,1851.025878,1805.166957,1818.021419,1836.692224,1689537085
2003-01-21,1827.577693,1849.174686,1812.94363,1819.642066,1825.100532,1170192087
2003-01-22,1830.525542,1847.521333,1812.513515,1814.105563,1831.583947,1720168814
2003-01-23,1877.389201,1888.220497,1802.998329,1817.246926,1821.668274,648557602
2003-01-24,1854.311416,1884.219191,1808.471318,1817.072813,1830.995444,1654999413
2003-01-25,1832.534325,1868.615822,1825.93654,1826.136146,1834.002051,1509665132
2003-01-26,1832.107908,1857.851381,1813.043217,1821.719251,1857.021886,1586002643
2003-01-27,1853.851998,1865.760653,1799.513661,1834.010213,1836.369461,1819720853
2003-01-28,1849.150277,1871.415933,1788.136874,1832.339145,1851.82823,1543783798
2003-01-29,1844.716115,1873.856412,1843.931574,1847.005655,1857.543571,782100389
2003-01-30,1856.637325,1864.739808,1823.166822,1831.860566,1860.395646,1724904429
2003-01-31,1852.872635,1854.283806,1814.548921,1834.737449,1847.525656,970359322
2003-02-01,1822.68777,1855.301143,1812.60838,1845.471265,1852.47144,413729414
2003-02-02,1858.637094,1871.307591,1817.474962,1837.73526,1861.360145,2301183833
2003-02-03,1854.330755,1862.647942,1805.871414,1813.703099,1824.984984,2075627482
2003-02-04,1843.549484,1890.056316,1831.325757,1838.120718,1846.20861,1331003226
2003-02-05,1833.271824,1877.979256,1824.253776,1829.800334,1834.612974,1630466825
2003-02-06,1862.9969,1871.34964,1826.146194,1837.167699,1838.948322,643394789
2003-02-07,1856.056575,1858.420309,1813.550245,1822.438489,1834.102016,1200809785
2003-02-08,1852.907317,1866.195045,1823.223169,1843.31885,1857.111004,2332487007
2003-02-09,1820.854902,1851.34351,1818.888153,1824.425657,1830.715538,899960597
2003-02-10,1858.311871,1862.608123,1820.354784,1826.585344,1833.990324,969869050
2003-02-11,1838.88541,1881.503281,1800.471648,1839.118379,1851.680876,2113017332
2003-02-12,1841.125921,1858.57666,1809.625164,1816.296524,1858.56893,443487588
2003-02-13,1847.404768,1874.447393,1832.026113,1833.61569,1856.579737,1086707944
2003-02-14,1843.779215,1868.013904,1813.373625,1820.491109,1825.783383,1452498659
2003-02-15,1850.145006,1882.829249,1825.99658,1828.507721,1844.216911,2932944847
2003-02-16,1829.96446,1858.696066,1822.446711,1833.905175,1842.461099,1121689136
2003-02-17,1862.129562,1883.809295,1811.624985,1812.120485,1814.991445,1223357990
2003-02-18,1851.760977,1856.140315,1826.317608,1829.402505,1840.994551,2776752515
2003-02-19,1859.462625,1873.977931,1781.236763,1817.785472,1860.689808,2695350529
2003-02-20,1853.300893,1884.341961,1818.861972,1841.083886,1855.243878,1683754381
2003-02-21,1877.14216,1901.86987,1820.896602,1847.170601,1848.277834,1954724670
2003-02-22,1842.263117,1859.097576,1824.250727,1830.311932,1843.290838,2550199688
2003-02-23,1848.339917,1856.211164,1811.648911,1840.792523,1848.412584,2299703186
2003-02-24,1853.601759,1872.417012,1806.969191,1825.629784,1825.847731,630970844
2003-02-25,1851.273434,1865.306439,1822.181757,1839.413323,1844.080645,841820471
2003-02-26,1871.724167,1875.754981,1800.094994,1865.834042,1872.934409,1556381181
2003-02-27,1849.588915,1889.199352,1812.329481,1851.27713,1880.981145,2025388151
2003-02-28,1863.280729,1873.220803,1843.383572,1846.636975,1861.086158,779679121
2003-03-01,1879.753883,1882.773739,1820.770763,1848.367368,1857.923373,1076928795
2003-03-02,1856.960958,1912.264579,1811.797437,1836.081346,1843.654406,2594455060
2003-03-03,1855.204111,1872.297267,1810.67575,1855.055235,1871.291983,619831271
2003-03-04,1834.610904,1866.47593,1807.011994,1822.071152,1827.507616,1348329018
2003-03-05,1854.089842,1904.999058,1816.889676,1826.451225,1852.683475,161527348
2003-03-06,1854.860391,1870.174229,1823.191562,1853.445078,1854.295008,683249163
2003-03-07,1833.723514,1894.354094,1827.078777,1855.062229,1856.80913,1775542072
2003-03-08,1846.639416,1874.475842,1840.043437,1852.821634,1871.990952,1338642776
2003-03-09,1863.485345,1875.513061,1818.623714,1820.836163,1871.785126,1170681721
2003-03-10,1866.667649,1879.1907,1838.296851,1845.71271,1874.034487,1353654672
2003-03-11,1843.923601,1896.843917,1805.658266,1862.620026,1873.032412,2349703281
2003-03-12,1858.224145,1893.226286,1819.546738,1825.261201,1860.857061,2912655625
2003-03-13,1833.017295,1883.898038,1829.80273,1855.241495,1855.461465,2045846773
2003-03-14,1861.137908,1875.021296,1798.335538,1833.84069,1872.740196,1442734054
2003-03-15,1859.540338,1877.674266,1835.15979,1851.405356,1872.012335,1495627923
2003-03-16,1865.979457,1874.256826,1826.731292,1830.939908,1842.469533,2130771241
2003-03-17,1849.538782,1864.892673,1817.98219,1830.478996,1856.974697,1500264247
2003-03-18,1869.767859,1871.769411,1808.755204,1829.497822,1833.74288,2209779256
2003-03-19,1856.221456,1891.570668,1846.222785,1846.449195,1874.841345,763215491
2003-03-20,1856.056697,1873.961884,1817.255996,1838.538023,1863.65196,1305175606
2003-03-21,1845.098403,1868.502202,1799.380792,1838.466185,1845.91269,983554636
2003-03-22,1871.324007,1882.253228,1828.053701,1865.888016,1877.420548,1188924776
2003-03-23,1852.519757,1904.970289,1834.875078,1858.529079,1865.885376,1591403304
2003-03-24,1834.175869,1881.4282,1821.959335,1834.255492,1869.791617,1879009855
2003-03-25,1860.415334,1877.118859,1831.799665,1852.825765,1868.171604,958922376
2003-03-26,1853.110603,1900.051349,1845.84869,1871.618465,1879.413697,2269012871
2003-03-27,1890.289749,1869.577652,1834.968531,1857.000498,1869.505965,889128172
2003-03-28,1874.946412,1890.195777,1836.599356,1851.889398,1866.154123,1618062166
2003-03-29,1868.509259,1879.05961,1796.06276,1863.412142,1872.957726,1221903853
2003-03-30,1871.359069,1879.767154,1822.103648,1827.31511,1848.891242,1897429697
2003-03-31,1871.606227,1895.975977,1814.575786,1853.108316,1892.808118,2258618471
2003-04-01,1893.391015,1889.810333,1852.945151,1856.100327,1877.684779,1773570814
2003-04-02,1857.72759,1886.736659,1855.703564,1858.032572,1865.667061,2147143787
2003-04-03,1868.358779,1900.52804,1834.880233,1853.148349,1895.365327,1775339851
2003-04-04,1893.271835,1893.815051,1820.304483,1847.224804,1857.559766,2180891605
2003-04-05,1888.228173,1888.436207,1830.320254,1834.196747,1842.286709,2157198941
2003-04-06,1862.4264,1893.95626,1818.586185,1834.456775,1864.043254,2093348468
2003-04-07,1858.995167,1886.772836,1830.547609,1832.056697,1860.400584,1391716236
2003-04-08,1869.887003,1897.687331,1835.631302,1848.536957,1855.268188,1281214757
2003-04-09,1866.542323,1903.238546,1826.177935,1862.390998,1884.337311,1483584745
2003-04-10,1865.415654,1890.406239,1849.544155,1855.865203,1881.82053,671608335
2003-04-11,1870.91708,1886.419844,1843.406158,1871.815294,1878.53409,1228858513
2003-04-12,1865.0081,1880.402174,1830.615001,1844.771144,1861.582407,526049351
2003-04-13,1859.715841,1865.956914,1826.969966,1850.018582,1860.337416,1850865410
2003-04-14,1840.502552,1926.000576,1828.106395,1836.295624,1861.904274,437212707
2003-04-15,1879.732697,1886.182366,1833.952869,1846.676966,1850.671871,1733216207
2003-04-16,1888.621512,1890.918746,1841.353006,1853.36795,1864.169204,2098743186
2003-04-17,1878.789867,1897.942598,1810.849882,1842.661011,1873.009585,2794265288
2003-04-18,1865.374946,1902.131517,1835.647305,1839.820829,1855.510185,1624614893
2003-04-19,1878.493157,1884.329855,1831.068956,1861.141784,1868.695993,1652925350
2003-04-20,1885.928446,1889.857532,1855.006873,1858.69153,1863.126176,1487577877
2003-04-21,1874.98232,1900.499456,1832.245459,1864.524866,1868.059273,2257009756
2003-04-22,1856.392883,1903.375836,1834.589524,1854.13184,1871.225328,2100900397
2003-04-23,1872.410203,1883.649683,1851.082724,1859.493153,1878.023233,1988208237
2003-04-24,1862.495567,1897.088702,1835.659497,1860.738953,1873.582753,949312183
2003-04-25,1872.889019,1909.228065,1821.845835,1860.782407,1874.01972,2350607131
2003-04-26,1868.806076,1881.122,1844.773747,1868.177752,1873.314283,1435916342
2003-04-27,1857.714667,1864.381347,1820.931093,1832.771367,1835.274164,2618267015
2003-04-28,1875.447431,1888.170627,1818.218796,1848.748569,1877.663948,1881124431
2003-04-29,1887.162947,1910.659699,1827.500052,1878.126532,1881.714451,1181106297
2003-04-30,1870.42322,1889.270782,1840.948895,1882.472232,1886.616654,1377867434
2003-05-01,1874.000066,1898.397308,1840.293456,1841.88787,1888.819307,1970622553
2003-05-02,1883.936444,1896.350188,1839.555187,1861.958247,1875.707955,3078304945
2003-05-03,1893.963998,1907.550157,1846.201805,1846.743179,1890.26335,2012123242
2003-05-04,1893.747815,1902.939548,1816.107422,1871.013825,1880.194147,475266802
2003-05-05,1866.329796,1878.386087,1848.254603,1857.837861,1860.726028,1471709389
2003-05-06,1881.054164,1906.348273,1830.062827,1856.916931,1857.246015,1851583797
2003-05-07,1870.902261,1927.835637,1807.210506,1866.419987,1871.303194,2427200226
2003-05-08,1882.540122,1890.756687,1845.783342,1876.725427,1881.137449,1689655866
2003-05-09,1900.987155,1915.602884,1858.799592,1872.157125,1878.817366,1145094333
2003-05-10,1898.437039,1904.258546,1821.028063,1849.872048,1890.745301,1679665930
2003-05-11,1880.405013,1887.07499,1851.50745,1856.5405,1883.326328,3235270302
2003-05-12,1864.350424,1901.942855,1840.188724,1844.168112,1883.134162,829269430
2003-05-13,1893.895407,1914.200817,1830.096795,1874.696905,1882.083845,442902505
2003-05-14,1875.029219,1883.711514,1857.656703,1862.26563,1862.838053,1047720232
2003-05-15,1892.400138,1916.578119,1868.84298,1873.900352,1880.235339,1930974938
2003-05-16,1907.941941,1913.08777,1842.575219,1851.371125,1890.449145,2296677088
2003-05-17,1890.012135,1897.998226,1831.454078,1840.124609,1862.250384,2484015416
2003-05-18,1895.06669,1914.529413,1829.821523,1841.840153,1844.343668,1958600839
2003-05-19,1895.663038,1911.853333,1858.215829,1869.869076,1871.467301,1148392984
2003-05-20,1885.305015,1891.420923,1825.176139,1839.726638,1871.454756,1420836700
2003-05-21,1881.685894,1911.499565,1853.260383,1859.869851,1892.021858,2454314724
2003-05-22,1896.172475,1897.986866,1844.319976,1863.820041,1897.750707,679929363
2003-05-23,1884.935243,1909.447332,1851.909254,1862.31999,1864.381109,762297637
2003-05-24,1872.452836,1899.044919,1838.282016,1854.787174,1861.805287,1325723290
2003-05-25,1861.601387,1911.428717,1809.974875,1826.039197,1886.180637,2371045275
2003-05-26,1886.338226,1908.518984,1850.229454,1850.679069,1862.316621,1889189013
2003-05-27,1888.574062,1900.767209,1856.082218,1893.033064,1895.124966,1503178082
2003-05-28,1903.548491,1932.964799,1850.406895,1864.684701,1870.580487,2660177020
2003-05-29,1887.78138,1903.949231,1858.470593,1870.256347,1882.133838,1561964952
2003-05-30,1866.5521,1881.759867,1850.2381,1859.624952,1868.297788,2376081481
2003-05-31,1878.276829,1907.584279,1857.498903,1872.211212,1904.427237,3117512885
2003-06-01,1895.001316,1896.625596,1855.507889,1868.316336,1872.803302,1627995095
2003-06-02,1898.406936,1907.556517,1858.135214,1872.189491,1878.699639,2012838336
2003-06-03,1896.862133,1901.534843,1842.28253,1862.413795,1895.798589,1930502821
2003-06-04,1893.991559,1909.765241,1860.312896,1866.095038,1900.168505,1837798338
2003-06-05,1891.088313,1895.076852,1864.222909,1878.28798,1883.455617,1613389038
2003-06-06,1860.093841,1912.508121,1844.663169,1868.321635,1877.365632,2326900644
2003-06-07,1887.073944,1894.990299,1868.303257,1872.893207,1879.099008,1904118192
2003-06-08,1859.703429,1925.332918,1850.56222,1880.518219,1903.032575,1564072762
2003-06-09,1895.094958,1902.478307,1877.456313,1886.940308,1890.235189,833768811
2003-06-10,1903.594271,1903.871753,1854.228046,1860.4232,1886.380422,1443543942
2003-06-11,1890.40603,1934.220376,1861.127928,1871.715501,1896.040471,1722898656
2003-06-12,1906.266106,1912.291665,1857.829055,1866.390092,1880.982332,2459615959
2003-06-13,1897.666898,1927.490311,1845.429332,1896.635074,1905.112452,2407152827
2003-06-14,1874.163599,1914.16743,1856.029138,1863.240127,1865.686125,1283780245
2003-06-15,1890.845911,1919.747599,1850.264362,1861.495035,1880.535537,2159122977
2003-06-16,1888.001009,1906.044742,1867.261702,1871.043135,1872.479147,1606930818
2003-06-17,1908.986947,1921.044866,1870.148069,1881.8897,1897.129812,784162052
2003-06-18,1909.627702,1921.726592,1863.974074,1899.892685,1912.699918,1654841841
2003-06-19,1900.992774,1907.833808,1849.990337,1890.915809,1906.249234,846997566
2003-06-20,1909.002158,1914.39156,1858.321694,1869.437974,1898.86582,1691221708
2003-06-21,1894.911905,1922.417199,1866.572621,1895.920307,1897.611656,424701374
2003-06-22,1898.006507,1893.048401,1868.725157,1871.345543,1881.367167,2008753204
2003-06-23,1908.502839,1909.485143,1871.392542,1879.933611,1889.569669,1019279073
2003-06-24,1888.626362,1914.168382,1860.284748,1885.233899,1886.025596,989236134
2003-06-25,1903.697629,1920.078541,1881.266729,1881.792904,1893.320406,1000673634
2003-06-26,1883.00017,1886.206101,1862.547861,1871.391045,1879.45008,1792422215
2003-06-27,1907.487522,1921.916414,1852.986196,1856.020317,1895.142446,634757322
2003-06-28,1862.555299,1921.524875,1849.673178,1887.817871,1905.257338,2508067377
2003-06-29,1884.953058,1921.798059,1869.874488,1877.851462,1920.395469,1380623391
2003-06-30,1887.890966,1915.88646,1860.397978,1871.798246,1906.928747,895887500
2003-07-01,1870.463033,1902.595556,1865.092017,1882.073097,1896.82606,2243749862
2003-07-02,1892.629307,1949.265868,1887.512279,1894.648866,1908.168941,999550705
2003-07-03,1904.483117,1911.381353,1872.154451,1880.843811,1896.198629,1785561937
2003-07-04,1909.450996,1915.867767,1849.560107,1879.060954,1879.442509,915636038
2003-07-05,1908.358817,1925.354464,1878.682187,1898.045695,1909.593347,2024453230
2003-07-06,1901.531904,1912.807508,1872.625165,1886.27377,1896.146561,2207274527
2003-07-07,1915.504142,1939.226184,1877.440397,1884.552781,1914.385206,2239551133
2003-07-08,1885.000806,1909.425955,1869.338691,1885.929589,1904.051086,895104436
2003-07-09,1885.693105,1937.54147,1872.428453,1881.109765,1894.792677,1969073216
2003-07-10,1925.337212,1932.678252,1864.211691,1873.482728,1883.251106,2746678551
2003-07-11,1892.003061,1917.046664,1838.973032,1850.628366,1853.015303,1708943455
2003-07-12,1909.990986,1912.229412,1861.496427,1872.54181,1904.019644,951956234
2003-07-13,1901.537878,1915.163605,1875.347459,1898.176079,1903.169449,1821527756
2003-07-14,1887.627401,1931.732224,1876.768828,1895.420815,1902.730075,1758470140
2003-07-15,1914.810144,1917.821886,1867.154701,1867.157464,1883.464463,752125195
2003-07-16,1900.029772,1950.754441,1859.603328,1878.4247,1925.341515,1639281305
2003-07-17,1899.359496,1936.986972,1850.424352,1887.801746,1931.81353,2001816805
2003-07-18,1905.283201,1929.728742,1880.520252,1882.090234,1897.450939,1296703285
2003-07-19,1908.125793,1928.158845,1848.90685,1904.707752,1911.194499,552599865
2003-07-20,1933.705874,1935.976843,1878.881333,1892.909218,1917.794114,1717186450
2003-07-21,1907.502623,1911.380595,1881.398486,1885.508788,1905.744344,1510578638
2003-07-22,1921.900805,1937.176194,1868.001318,1882.219969,1924.623454,2337503762
2003-07-23,1896.477205,1902.052446,1847.083951,1890.041692,1890.249695,1520170200
2003-07-24,1917.998532,1930.414395,1882.039457,1885.626827,1918.237376,2525194934
2003-07-25,1904.390283,1942.505142,1867.064692,1902.992821,1908.670015,1707903234
2003-07-26,1920.30887,1925.901825,1861.772463,1873.793778,1877.717322,1983615323
2003-07-27,1911.288947,1926.357123,1874.076789,1914.552068,1923.431275,3136521187
2003-07-28,1905.704013,1902.8236,1881.968636,1897.953558,1902.215584,2124192999
2003-07-29,1895.973951,1943.063845,1895.873176,1899.831549,1904.141026,1670247483
2003-07-30,1900.31669,1934.320766,1882.516694,1903.236092,1925.499639,2012412243
2003-07-31,1904.168738,1917.787087,1896.807549,1897.118063,1898.349364,439543305
2003-08-01,1914.432945,1922.74881,1866.602159,1873.015326,1890.316243,1874167277
2003-08-02,1915.491605,1937.74949,1856.239429,1891.801847,1904.757034,1264893490
2003-08-03,1913.777118,1928.31746,1875.141324,1875.17557,1900.91793,1422305079
2003-08-04,1893.121769,1932.095674,1871.667251,1883.996543,1892.572657,1300842684
2003-08-05,1907.871729,1940.341946,1888.318629,1891.698621,1931.617727,2873861833
2003-08-06,1887.664553,1899.732292,1877.317209,1884.673817,1895.215203,2910033154
2003-08-07,1921.869538,1953.417508,1890.984074,1909.024323,1937.920848,1413328593
2003-08-08,1921.263399,1947.421891,1867.395481,1868.798704,1892.608523,2821718547
2003-08-09,1903.082452,1913.063066,1877.037009,1889.12338,1892.473723,1983378505
2003-08-10,1897.125555,1914.235476,1843.434908,1911.280409,1913.01614,2117447592
2003-08-11,1920.661924,1950.079172,1868.458908,1894.364883,1908.569324,2361722323
2003-08-12,1914.491695,1947.58058,1860.739885,1879.971289,1908.213089,2488411997
2003-08-13,1907.818593,1960.852133,1881.563745,1898.956165,1922.990158,1778660736
2003-08-14,1916.187478,1947.409631,1894.85482,1897.301154,1916.42243,2398185571
2003-08-15,1923.124594,1924.098176,1866.108592,1876.867112,1906.369687,2652649365
2003-08-16,1898.841342,1944.728,1891.9497,1906.996963,1912.182241,956865863
2003-08-17,1911.029389,1915.574358,1873.525092,1880.012332,1911.231969,1474179246
2003-08-18,1913.945226,1926.76048,1897.183776,1908.996071,1918.316379,2174282604
2003-08-19,1944.493102,1956.160048,1866.613552,1908.255822,1915.052624,1340819131
2003-08-20,1907.978677,1939.324845,1891.68645,1893.10344,1930.329523,2858325898
2003-08-21,1925.931186,1943.047303,1860.327978,1911.11997,1928.692236,2533816905
2003-08-22,1916.279812,1934.755404,1901.15156,1910.671201,1924.454956,2801715408
2003-08-23,1909.536571,1971.758316,1884.809286,1897.213198,1907.723698,2570847491
2003-08-24,1934.179208,1935.970986,1892.036193,1910.550495,1929.93776,2253118663
2003-08-25,1909.247904,1942.990597,1878.729984,1900.275152,1921.786153,2765337667
2003-08-26,1925.923883,1929.338723,1888.803464,1900.773231,1901.211592,2076659504
2003-08-27,1896.165474,1918.778801,1887.805947,1895.934466,1898.703244,1306950061
2003-08-28,1926.181961,1936.509395,1878.748838,1889.89726,1897.339418,2151170741
2003-08-29,1924.761466,1949.500054,1903.099093,1908.844574,1944.213535,1730033866
2003-08-30,1909.386963,1925.502314,1904.827643,1907.337439,1920.250814,535774042
2003-08-31,1936.577583,1951.731717,1875.924419,1938.918935,1941.149053,1803860207
2003-09-01,1916.125118,1944.58324,1860.629396,1871.626113,1905.842586,2317265673
2003-09-02,1904.490365,1932.755282,1902.005966,1904.074882,1925.733116,2388560818
2003-09-03,1917.393141,1932.356213,1906.661755,1910.140574,1926.484291,2106693780
2003-09-04,1908.491148,1916.162299,1873.99992,1891.978908,1910.179091,1835052869
2003-09-05,1920.51356,1940.455528,1870.94978,1910.167371,1931.388492,1757754658
2003-09-06,1943.330235,1950.553662,1893.41635,1915.51838,1942.462058,3245854176
2003-09-07,1901.435071,1919.295939,1875.01794,1910.142257,1917.42222,1616582749
2003-09-08,1928.115101,1935.710974,1908.823407,1909.586481,1920.529243,2546680688
2003-09-09,1923.962672,1954.037333,1892.732452,1906.944435,1935.636942,1624490461
2003-09-10,1927.399195,1945.981211,1910.042501,1912.948368,1930.602037,1667783196
2003-09-11,1933.717707,1960.499749,1890.895545,1907.023725,1934.595614,2067652892
2003-09-12,1908.977053,1932.197672,1895.167261,1905.82246,1930.747702,2191942775
2003-09-13,1912.027671,1940.085348,1899.421344,1919.443087,1929.472988,2195227734
2003-09-14,1928.500863,1958.529648,1890.223572,1908.329152,1921.877046,2309801782
2003-09-15,1940.460436,1963.915536,1878.852189,1923.073121,1924.588641,2504882828
2003-09-16,1914.189913,1928.992704,1897.757689,1909.933019,1915.944345,973432098
2003-09-17,1931.268493,1940.216977,1902.069962,1919.803068,1933.076473,1318964073
2003-09-18,1944.035145,1944.769162,1862.158432,1904.786136,1904.968934,1419503004
2003-09-19,1912.260806,1939.510488,1884.906801,1893.064526,1906.067335,1740254227
2003-09-20,1923.887474,1930.014248,1881.066425,1894.646291,1909.168786,482393288
2003-09-21,1952.170936,1959.422946,1901.634538,1912.491151,1932.16759,1660658119
2003-09-22,1914.053372,1934.547343,1905.270032,1918.06848,1930.568261,2203290643
2003-09-23,1929.652684,1948.305433,1903.803296,1912.078535,1918.116761,1852815964
2003-09-24,1920.515904,1923.114198,1867.357326,1882.035542,1899.060679,2117799597
2003-09-25,1938.050426,1966.085673,1872.015789,1874.399488,1933.777384,308534820
2003-09-26,1939.160029,1968.742873,1894.510202,1908.000191,1957.323429,2330483267
2003-09-27,1916.084243,1942.259252,1884.338528,1901.616001,1905.124408,1641357753
2003-09-28,1909.205287,1950.221608,1890.544072,1907.598991,1932.534845,1907182140
2003-09-29,1935.219215,1958.293069,1903.085034,1915.662746,1932.255905,1652513934
2003-09-30,1938.952265,1951.219177,1859.345576,1901.131246,1914.371746,872445055
2003-10-01,1935.654225,1975.372108,1897.467204,1921.040475,1931.678931,2607092157
2003-10-02,1940.941612,1956.903776,1925.230646,1928.855441,1931.34669,2033272686
2003-10-03,1923.69596,1947.459195,1897.107414,1930.292617,1946.335952,1298498477
2003-10-04,1936.103288,1948.489095,1873.236952,1920.341164,1941.440249,2652502646
2003-10-05,1916.397746,1940.534384,1908.07549,1908.180772,1913.195292,3068494668
2003-10-06,1929.743413,1940.08813,1885.51996,1903.722164,1922.215267,1962128080
2003-10-07,1935.281291,1969.252044,1886.068891,1915.246086,1946.703155,2377130524
2003-10-08,1954.082719,1954.847615,1887.478585,1892.619316,1911.578128,1949711498
2003-10-09,1916.235866,1967.292694,1900.151718,1934.440688,1934.848539,1432704565
2003-10-10,1937.182206,1935.19119,1915.491906,1927.042511,1932.96707,1998395296
2003-10-11,1929.558599,1941.350394,1897.371702,1927.848734,1934.835972,3005493322
2003-10-12,1943.272138,1957.580709,1900.406697,1916.863463,1941.031603,1283827372
2003-10-13,1943.18241,1949.916756,1887.047505,1921.110373,1928.152972,2902682860
2003-10-14,1912.129631,1938.190479,1893.942678,1909.430714,1921.562309,3035999148
2003-10-15,1923.920725,1948.659506,1885.643535,1887.760582,1921.845576,384776811
2003-10-16,1922.671413,1958.09114,1898.657724,1906.130482,1919.721115,1047071531
2003-10-17,1946.211634,1950.792276,1912.333409,1917.185191,1944.262048,1662926939
2003-10-18,1932.031582,1949.633046,1883.961318,1903.61885,1904.276647,914857759
2003-10-19,1928.579415,1949.464433,1886.650152,1902.657524,1915.052367,2406270353
2003-10-20,1939.613862,1955.453906,1897.170541,1904.131534,1930.185755,1220231161
2003-10-21,1951.175306,1957.905003,1896.280069,1900.672524,1905.588856,2304262073
2003-10-22,1922.864249,1953.530166,1851.110643,1901.318586,1945.87224,1823518223
2003-10-23,1936.865541,1938.235199,1893.616909,1911.269257,1934.811437,1846603075
2003-10-24,1959.125822,1970.136642,1900.319019,1902.51355,1934.555726,1794361873
2003-10-25,1943.770481,1968.930533,1909.794184,1923.968366,1927.025067,1279350804
2003-10-26,1938.862549,1970.896606,1922.907031,1932.250114,1957.120832,969856792
2003-10-27,1947.536155,1958.026069,1873.680342,1908.80265,1909.430872,1922812162
2003-10-28,1937.824939,1954.508431,1892.831777,1927.47027,1951.046223,2230494290
2003-10-29,1932.439708,1955.27575,1887.883073,1941.210964,1944.363771,2123125901
2003-10-30,1914.663773,1944.566359,1898.19496,1922.718915,1923.599398,1428881892
2003-10-31,1932.094833,1940.69677,1884.681328,1922.366571,1938.592533,2103253132
2003-11-01,1940.833292,1966.175009,1924.489516,1926.847241,1932.088892,2413434398
2003-11-02,1937.180924,1966.76957,1886.530354,1929.585457,1960.012923,2624984440
2003-11-03,1940.570757,1947.914564,1880.47351,1919.234809,1926.080107,756325068
2003-11-04,1901.961819,1960.335024,1888.419047,1919.872161,1948.069235,604805577
2003-11-05,1952.663225,1961.900201,1911.077875,1916.589711,1950.799659,2265415188
2003-11-06,1933.463741,1995.019383,1922.998116,1926.184327,1939.555796,863197385
2003-11-07,1965.696278,1967.111094,1889.911999,1916.234853,1927.720213,2040148421
2003-11-08,1967.85883,1984.707299,1916.569186,1940.699954,1941.646119,842829477
2003-11-09,1943.182917,1970.361811,1921.245964,1928.538204,1929.321091,2158880981
2003-11-10,1933.568536,1943.800691,1911.638943,1921.140659,1922.324366,1496071126
2003-11-11,1934.368135,1959.640164,1922.664379,1926.978834,1937.476847,2523377869
2003-11-12,1936.168992,1947.079966,1902.19528,1908.628697,1920.766794,2987570866
2003-11-13,1965.808621,1977.430196,1887.373043,1908.914339,1939.637921,1037659809
2003-11-14,1941.736538,1960.038658,1911.981179,1939.83636,1954.950806,1454717185
2003-11-15,1942.09164,1954.785365,1889.237848,1930.292673,1940.450744,1923621540
2003-11-16,1958.908644,1960.153371,1920.18297,1941.647877,1956.941835,2302742219
2003-11-17,1941.129709,1965.578507,1914.79786,1931.922699,1942.941917,2540334631
2003-11-18,1932.068415,1961.258407,1909.039452,1919.829141,1929.686349,1109110290
2003-11-19,1924.947597,1964.220915,1875.058422,1921.343187,1924.00932,1424762508
2003-11-20,1933.699521,1966.69256,1899.970519,1909.235134,1920.337864,2316829358
2003-11-21,1940.392076,1971.75194,1925.171507,1926.892473,1935.327353,1792585930
2003-11-22,1936.695988,1965.36348,1913.614739,1937.984295,1949.354885,2084372886
2003-11-23,1946.420747,1973.303996,1898.248393,1911.742667,1923.035399,2342444179
2003-11-24,1945.879025,1974.709181,1905.593772,1915.913377,1945.95583,1843346971
2003-11-25,1953.327499,1966.337398,1912.385653,1918.192593,1930.069057,821166641
2003-11-26,1943.773725,1964.539928,1924.555488,1925.835079,1949.808528,329640157
2003-11-27,1964.730873,1979.177067,1938.645037,1939.323629,1942.678153,2325844672
2003-11-28,1935.543678,1962.537126,1916.014355,1918.859638,1926.941643,1288450460
2003-11-29,1933.255906,1954.195143,1917.102124,1927.09687,1940.915175,1280792504
2003-11-30,1965.647498,1967.753452,1923.13239,1936.738646,1964.262462,2348799508
2003-12-01,1936.562096,1964.41688,1928.982655,1934.27132,1937.184534,1749423459
2003-12-02,1971.533125,1981.73337,1909.112168,1917.000964,1967.92167,1291791751
2003-12-03,1937.700261,1979.542155,1930.145478,1946.050275,1953.168719,2619690523
2003-12-04,1928.006588,1964.978808,1912.153061,1918.416427,1934.028377,1941813422
2003-12-05,1967.560469,1985.314425,1912.538266,1929.657527,1930.579738,2717393990
2003-12-06,1953.77928,1959.351453,1879.012379,1932.312027,1940.978636,2132169673
2003-12-07,1953.053085,1961.306202,1926.055642,1945.079803,1957.864962,2636988959
2003-12-08,1955.102606,2004.041009,1938.5308,1960.915208,1966.356664,811629412
2003-12-09,1954.400249,1975.397405,1914.865743,1930.058396,1932.897382,1300338215
2003-12-10,1929.842967,1975.145132,1928.687414,1953.99359,1961.944223,1957666602
2003-12-11,1955.343364,1981.377329,1922.924157,1945.537167,1974.914454,3079044962
2003-12-12,1956.675653,1972.328528,1908.789026,1932.971232,1943.670841,2266489279
2003-12-13,1938.411371,1968.851043,1923.536905,1925.309084,1932.885275,1634235889
2003-12-14,1923.861683,1975.314555,1917.955494,1952.349988,1954.15552,2032796298
2003-12-15,1950.457021,1974.184679,1922.644994,1957.732105,1963.886879,2609792533
2003-12-16,1929.235433,1958.175969,1907.727034,1927.289604,1945.348352,1311947924
2003-12-17,1968.645844,2010.904513,1936.76926,1944.521302,1964.160811,1876466947
2003-12-18,1961.664587,1996.700014,1918.396243,1926.210564,1936.673118,2316322159
2003-12-19,1957.849378,1964.946182,1916.840411,1955.946255,1957.538001,2209248628
2003-12-20,1942.624438,1984.1588,1927.024591,1935.814,1972.718493,2241228582
2003-12-21,1941.704392,1969.160067,1925.996221,1939.527578,1950.128369,1752560158
2003-12-22,1923.428879,1978.769586,1922.304767,1946.926604,1971.435119,1928525894
2003-12-23,1956.377782,1989.937645,1931.99669,1937.550265,1939.864927,1556757843
2003-12-24,1954.506469,1979.705781,1912.60883,1935.74836,1958.023997,1105203803
2003-12-25,1959.381491,1986.969044,1910.79447,1918.572424,1962.381923,1050818460
2003-12-26,1979.153857,1990.490496,1918.761722,1944.134569,1971.590326,2507341251
2003-12-27,1949.300138,1962.733543,1931.241098,1944.275157,1961.024196,1806852719
2003-12-28,1943.809004,1956.501506,1925.800363,1931.11469,1952.88362,2910420133
2003-12-29,1972.589833,1997.220856,1889.392631,1943.582344,1951.68995,2145769379
2003-12-30,1959.88444,1984.508444,1951.861833,1976.825121,1978.265189,2727271233
2003-12-31,1954.549771,2029.627009,1928.538836,1944.346134,1951.70619,1716912905
2004-01-01,1982.849904,1996.085439,1942.641451,1948.519847,1973.527212,2332156273
2004-01-02,1961.239738,2000.389863,1926.058133,1947.772614,1975.472791,2388465313
2004-01-03,1958.537174,1981.089114,1908.828356,1913.750294,1977.505672,2467681009
2004-01-04,1987.644317,2008.57017,1910.399115,1939.829042,1951.04811,1779887822
2004-01-05,1968.239484,1978.78156,1913.918043,1951.353783,1970.918234,2159285061
2004-01-06,1974.266001,2006.596284,1927.79115,1953.518459,1990.078112,2901825859
2004-01-07,1989.687647,1992.916561,1936.436395,1936.572479,1967.707296,2524144654
2004-01-08,1953.605496,1960.392478,1940.609841,1942.262472,1952.966465,2018863290
2004-01-09,1986.76173,1987.476161,1907.22108,1916.065428,1951.086865,2707886301
2004-01-10,1970.808429,2001.353432,1919.633269,1945.40222,1974.783895,1328620389
2004-01-11,1974.286397,1981.578957,1918.865353,1945.646854,1959.352547,3034277580
2004-01-12,1961.846942,1977.943028,1912.092621,1941.361711,1976.20278,1932965599
2004-01-13,1978.952738,1994.927218,1933.518774,1942.340526,1961.945539,1924257094
2004-01-14,1976.177077,1993.984596,1911.257082,1938.639704,1946.004282,1782610822
2004-01-15,1964.436045,1991.473766,1926.001439,1927.148902,1947.827694,1901884078
2004-01-16,1983.537729,2000.890817,1941.147767,1943.060172,1951.520919,1698188900
2004-01-17,1989.475686,1990.643293,1961.124464,1976.389344,1989.592276,2146032978
2004-01-18,1971.77719,1987.45402,1914.458368,1923.729913,1930.040739,835107033
2004-01-19,1975.845225,1978.299962,1926.985175,1961.083336,1961.49552,1916267331
2004-01-20,1960.877258,1992.653085,1920.190761,1944.389033,1974.705835,1660295248
2004-01-21,1950.74068,1981.721236,1939.695268,1951.403841,1962.270173,2380207745
2004-01-22,1955.596343,1980.713783,1942.196329,1944.718272,1951.922928,2164324081
2004-01-23,1988.185108,1994.000971,1940.986683,1948.345445,1950.830121,1137977138
2004-01-24,1968.996439,1984.471512,1940.115006,1960.123302,1963.969348,1975732835
2004-01-25,1968.119615,1981.517848,1911.89789,1972.646478,1975.031318,2264980680
2004-01-26,1960.658109,1963.777928,1943.539428,1954.274697,1959.166995,3441639798
2004-01-27,1968.669193,1988.731311,1922.781961,1951.039549,1968.480441,1275434198
2004-01-28,1983.316019,1986.113734,1964.753403,1969.935641,1975.48256,2521194905
2004-01-29,1971.168843,1999.229431,1930.372653,1965.370907,1977.336683,1187998554
2004-01-30,1978.402643,1990.580424,1931.076335,1980.747559,1986.773562,2244836578
2004-01-31,1995.832142,2006.073176,1934.966346,1960.983956,1964.9148,974432717
2004-02-01,1972.535782,2001.426335,1937.604681,1939.313362,1943.784035,2678328301
2004-02-02,1947.982449,1965.753604,1927.160439,1960.547264,1961.309687,2244000140
2004-02-03,1968.444915,1979.574282,1935.374303,1943.092474,1962.830823,1738016597
2004-02-04,1973.268608,1998.367744,1920.333229,1944.326211,1954.671817,1273188576
2004-02-05,1963.058319,1995.178563,1934.990597,1936.158197,1954.342554,1199041867
2004-02-06,1978.348331,1993.028794,1898.439678,1922.659252,1985.194912,1846437245
2004-02-07,1979.978427,2006.750876,1940.567893,1943.332864,1957.127164,1093468486
2004-02-08,1981.545744,1982.580221,1930.913099,1961.743568,1969.971653,1926330290
2004-02-09,1964.720965,1994.933979,1932.875566,1962.639485,1990.026468,1771059839
2004-02-10,2003.965916,2018.461472,1923.57377,1945.873672,1956.046391,1979154035
2004-02-11,1998.682981,2008.559285,1924.671126,1945.086698,1961.683647,1194817129
2004-02-12,1981.211397,1989.72605,1937.510086,1956.874587,1965.611468,2121866127
2004-02-13,1995.344238,1997.215279,1947.429153,1948.993175,1996.941021,1225173172
2004-02-14,1981.865354,1988.529643,1943.877109,1950.84836,1962.098799,2188311303
2004-02-15,1950.924643,1995.950876,1935.705456,1950.620527,1959.080795,2285661231
2004-02-16,1984.53556,2007.845109,1940.48781,1943.598904,1971.119163,1083266164
2004-02-17,1975.923491,1977.456029,1946.425235,1966.081075,1969.982186,1452311203
2004-02-18,1961.620078,1984.530455,1951.632841,1958.488741,1973.791842,2120095661
2004-02-19,1984.290715,2004.182692,1939.730447,1955.201065,1995.590837,1747738602
2004-02-20,1974.0585,1993.836559,1954.426254,1960.815277,1964.752938,2045837492
2004-02-21,1980.247227,1982.810918,1941.039273,1946.407029,1962.150002,2095211561
2004-02-22,1970.755542,1994.41222,1923.724117,1970.838665,1978.121109,1435561249
2004-02-23,1981.70746,2013.477444,1939.770421,1979.382786,1981.134471,2984134211
2004-02-24,1990.412498,2004.601364,1944.254379,1945.562774,1975.166061,2455428821
2004-02-25,1981.332264,1986.660616,1948.575558,1972.679763,1976.863961,1966671318
2004-02-26,1979.616218,1982.020208,1947.209978,1971.070989,1972.695434,1521321271
2004-02-27,1977.966811,1987.821035,1934.597454,1955.395623,1980.966631,1006910275
2004-02-28,1970.178571,2014.044745,1930.582844,1957.697667,1999.692485,1278333693
2004-02-29,1954.831383,2018.993367,1931.538665,1948.684886,1961.564224,2378545123
2004-03-01,1985.248245,2006.186483,1963.710023,1963.773659,1982.514305,2215962090
2004-03-02,1972.212303,1984.802964,1940.621205,1951.549717,1984.538173,873881287
2004-03-03,1953.833599,1981.966729,1951.497004,1959.792079,1967.490976,2299696696
2004-03-04,1985.509292,2004.86507,1965.576877,1969.823363,1975.996746,2031334987
2004-03-05,1979.008239,1990.897784,1945.84332,1950.808424,1980.933167,2357314008
2004-03-06,1973.796775,2019.684785,1967.391835,1970.877549,1985.349389,2732683431
2004-03-07,1999.741329,2008.899217,1949.3733,1982.009871,1995.938907,719580130
2004-03-08,2005.686065,2006.392418,1954.654032,1977.405211,1988.076233,688984862
2004-03-09,2010.077594,2016.299589,1951.778615,1963.010291,1982.45422,2493088327
2004-03-10,1987.715028,2007.255738,1942.17564,1977.920233,1981.319513,2216921902
2004-03-11,1968.095421,1991.275411,1962.645252,1971.712002,1975.396341,1312084322
2004-03-12,1970.240582,2010.080552,1924.451751,1962.534975,1989.444218,1649146246
2004-03-13,1997.10428,2009.400449,1946.720485,1992.646123,1998.519409,1627734108
2004-03-14,1975.634943,1992.604689,1955.43875,1966.597104,1981.793545,954924108
2004-03-15,1967.357996,2002.735939,1953.822945,1974.192428,1984.619047,1171036628
2004-03-16,1979.651566,2020.106841,1937.649114,1979.448875,2009.457596,1522132345
2004-03-17,1977.258875,2011.906592,1960.676256,1969.42611,1987.471008,1025698418
2004-03-18,1989.719727,2005.18732,1943.012053,1963.855264,1986.772546,2350988377
2004-03-19,1961.246272,2020.741158,1934.382241,1956.497256,1962.328026,1297071495
2004-03-20,1992.840554,2017.664941,1959.873422,1963.903501,1972.451851,1900522430
2004-03-21,1995.913007,2010.860484,1948.411192,1981.145199,1996.122142,2315434868
2004-03-22,1969.572046,2010.130917,1949.966564,1985.558408,1996.936315,2070127517
2004-03-23,1990.079609,2001.619867,1970.752659,1973.078779,1996.170464,2398084194
2004-03-24,1998.720566,2002.407881,1965.525871,1966.516025,1990.017495,2184837477
2004-03-25,1993.705691,1994.143285,1942.80621,1957.88604,1981.786283,1418052421
2004-03-26,1981.570425,2020.433776,1922.754364,1962.081221,1971.554285,803889862
2004-03-27,1992.332515,2003.31567,1931.576988,1965.219851,1985.569298,2844740305
2004-03-28,1996.987972,2017.425258,1940.904207,1991.167588,1995.706655,1493063347
2004-03-29,1980.401382,2014.836918,1976.077171,1996.900796,2010.483352,2626777382
2004-03-30,1981.90826,2023.648537,1972.891312,1973.062875,1981.850787,2530356758
2004-03-31,1998.410779,2006.901959,1965.235972,1986.815272,1998.517362,1113320255
2004-04-01,1998.41514,2021.482852,1956.679134,1961.760397,1992.197051,1092599390
2004-04-02,2010.87422,2016.532871,1947.771027,1973.515586,1986.577712,1929426255
2004-04-03,1992.695896,2022.087337,1960.811601,1974.076493,1974.158007,1901686791
2004-04-04,1991.431122,1997.728799,1941.59666,1974.755691,1988.557789,1892112247
2004-04-05,1992.188147,2008.33945,1958.37473,1968.563554,1973.283137,1435181959
2004-04-06,2006.307926,2030.574969,1962.122127,1977.904312,2000.832328,1053373885
2004-04-07,1972.555605,2006.004497,1943.370073,1955.316967,2004.923621,2141684932
2004-04-08,1992.296449,2005.880125,1960.378877,1971.919249,1987.110689,1791004673
2004-04-09,2001.302962,2004.151163,1967.789815,1977.38441,1995.671756,2010823808
2004-04-10,2017.481056,2028.186996,1980.484335,1982.998295,2005.76708,2156463551
2004-04-11,2004.82467,2022.281334,1961.83634,1977.588516,1995.522049,1582309324
2004-04-12,2004.827637,2021.54875,1955.214481,1962.7023,1977.986889,1457469058
2004-04-13,1954.37071,2022.095682,1946.760464,1979.899151,2019.129213,1510886777
2004-04-14,1985.381925,2009.590474,1968.723733,1973.352005,1981.334183,1739565338
2004-04-15,1983.387031,2008.594788,1958.628887,1995.911869,2000.781463,1718786154
2004-04-16,1992.500707,2035.242227,1971.715905,1979.469437,1999.900706,2371191918
2004-04-17,2000.177081,2018.424568,1978.424411,1989.989733,2002.933636,2073366570
2004-04-18,1996.158638,2003.288701,1948.387578,1958.824112,1995.11004,1341705767
2004-04-19,1995.284493,2010.646605,1966.259812,2000.045142,2009.078567,1003030984
2004-04-20,1989.501106,2013.967906,1968.834887,1991.016624,1992.995176,2154218749
2004-04-21,2018.256607,2027.383502,1958.428614,1968.886426,2019.898405,2510483982
2004-04-22,1999.043478,2017.139954,1949.500158,1959.119046,2012.120204,1131980468
2004-04-23,1997.730569,2014.535953,1976.209444,1979.686126,2009.979881,2170818113
2004-04-24,2000.969982,2011.029072,1972.918322,1979.994447,1991.330108,1599174396
2004-04-25,2010.76069,2013.882364,1955.475655,1982.913101,2009.484261,2850474864
2004-04-26,1994.185376,2045.063959,1982.863064,1983.964477,1987.843106,2802709664
2004-04-27,2015.70251,2030.86358,1974.789853,1999.575574,2016.654004,1425012710
2004-04-28,1993.682355,2003.05911,1953.24699,1977.416405,1989.518697,1415561525
2004-04-29,1986.223828,2016.278119,1962.13538,1977.723934,1979.912151,410734411
2004-04-30,2010.31014,2035.049196,1987.309457,1990.800314,2012.813608,2173093216
2004-05-01,2012.448266,2022.835837,1948.302074,1971.028374,1975.608005,1918494225
2004-05-02,2010.169092,2012.006639,1947.192442,1973.168385,2005.83934,226800614
2004-05-03,2017.867366,2027.185244,1963.93954,1968.780172,1988.506352,2644684079
2004-05-04,1967.093262,2011.800248,1957.150288,1988.228532,1991.821505,2111704117
2004-05-05,2004.069702,2032.003304,1970.613497,1974.089685,2003.055147,1261087187
2004-05-06,2026.496297,2042.533212,1970.104376,1984.937818,1992.478234,997878605
2004-05-07,2012.95566,2045.112684,1973.559296,1977.352237,2043.434772,1912631232
2004-05-08,2028.027373,2036.015666,1970.097575,1991.078668,2008.086173,1992017234
2004-05-09,1991.873139,2022.373687,1969.724962,1974.229032,2022.029725,2652553904
2004-05-10,1979.319501,2026.46906,1958.287608,1976.354885,2019.957325,1635714475
2004-05-11,2018.23333,2026.455182,1954.717829,1973.657842,2015.981527,2230070517
2004-05-12,1985.747732,2015.560431,1959.103805,1997.729134,2004.587946,1380136564
2004-05-13,2020.685882,2031.498551,1953.793696,1988.724851,2027.588817,1345699880
2004-05-14,2005.962122,2032.32446,1982.936237,1999.758308,2029.697586,2506345165
2004-05-15,1997.457254,2037.531041,1960.174427,1987.340515,1987.590682,946234899
2004-05-16,2030.595829,2043.396185,1992.554128,2002.631276,2030.499001,977931398
2004-05-17,1992.782085,2005.533506,1966.076994,1987.775391,1998.995987,1894971728
2004-05-18,2001.930628,2020.356031,1965.970966,1977.395641,2006.096712,1706236095
2004-05-19,2021.164429,2049.020595,1960.930468,1998.249612,2031.676099,2145837176
2004-05-20,2020.732497,2031.684534,1948.012784,1978.743126,2021.306426,2395470000
2004-05-21,1996.077009,2017.722563,1986.822409,2000.627886,2007.400231,1093105077
2004-05-22,1990.73614,2001.934436,1962.638942,1988.947847,1996.259802,2690542372
2004-05-23,2022.686714,2028.664842,1979.255439,1985.645273,2026.432714,2454447351
2004-05-24,2016.449532,2025.474264,1989.798383,1992.042529,2022.698719,1526193558
2004-05-25,2010.022598,2020.868742,1972.726196,1996.568671,2011.827961,2108722901
2004-05-26,2016.510771,2041.751626,1974.844438,1986.39526,2009.391746,1996615296
2004-05-27,1990.673691,2024.463307,1956.12306,2007.211721,2008.387638,1923907976
2004-05-28,2003.557396,2022.036712,1975.91657,2000.73514,2018.139252,1445326344
2004-05-29,2027.500942,2032.76611,1973.305818,1991.02213,2002.913011,1677375842
2004-05-30,2021.014603,2036.929633,1997.74864,2009.094274,2022.366637,957337643
2004-05-31,1998.436908,2016.083041,1966.249523,1990.261748,2009.515269,1725949465
2004-06-01,2015.261824,2026.975201,1959.405718,1992.233062,2019.818821,1313124783
2004-06-02,2007.717349,2017.42413,1968.845156,2001.750826,2003.304301,2351430237
2004-06-03,2025.304436,2030.055039,1983.199827,1985.253134,2013.990538,1327355014
2004-06-04,2037.107355,2048.695355,1976.519603,2033.141947,2041.27538,2654282433
2004-06-05,2017.414444,2026.451833,1999.552384,1999.645915,2001.61805,1992015030
2004-06-06,2004.46882,2025.739103,1988.468794,1988.941547,1997.682525,1172952577
2004-06-07,2010.042384,2033.842412,1980.214376,1990.841013,1991.059474,2678936903
2004-06-08,2036.277453,2036.757274,1968.591044,1982.323942,1998.116076,2476874187
2004-06-09,2014.462514,2023.29657,1971.571172,1984.501618,2002.162356,2108961457
2004-06-10,2012.503473,2028.410917,2000.789184,2011.047115,2028.355241,2868904962
2004-06-11,2037.027778,2037.210412,1964.97489,1967.127284,1984.505505,2194670579
2004-06-12,2003.628089,2028.723639,1966.07833,1968.204611,1988.202356,2614861551
2004-06-13,1997.659077,2030.555635,1962.115148,2015.246998,2028.866376,1914630117
2004-06-14,2021.425728,2032.203424,1971.679931,2020.101162,2023.948911,2985026522
2004-06-15,2019.562232,2034.056013,1980.888542,1982.974834,1989.671062,1560850333
2004-06-16,2036.121063,2043.514872,1995.613462,1999.624263,2040.539559,2292363032
2004-06-17,2015.543925,2039.014203,2001.929293,2008.942341,2021.661177,3311174926
2004-06-18,2014.150366,2023.207997,1983.058395,2001.845273,2012.414968,1624981358
2004-06-19,2010.924494,2012.89495,1951.763837,1982.982681,1999.361501,2350646037
2004-06-20,2023.5566,2027.648341,1985.142017,2009.466445,2015.596229,2258182140
2004-06-21,2030.214905,2054.681228,1983.496431,2012.839069,2013.730978,2114584370
2004-06-22,2009.529169,2044.27993,1974.890227,1976.084383,1986.391696,1008146856
2004-06-23,2038.068338,2046.198542,1978.018163,1996.424955,2025.306894,995312400
2004-06-24,2033.979309,2045.768943,2001.668678,2019.459464,2021.145659,1777219667
2004-06-25,2012.190962,2035.701561,1997.354206,2007.729122,2022.080891,3515311092
2004-06-26,2030.454216,2051.061188,1961.315478,1998.200964,2028.240745,1874273815
2004-06-27,2025.757034,2035.057216,1995.457093,2005.314775,2019.408432,1840855956
2004-06-28,2025.725331,2022.696403,2008.711288,2009.279603,2013.470121,1920299432
2004-06-29,1997.12553,2037.779252,1954.103936,1987.558103,2031.692038,2087557085
2004-06-30,2028.428474,2039.725297,1970.845136,1997.158578,2019.263165,1873864659
2004-07-01,2038.073979,2052.773451,1998.220288,2000.810432,2021.218593,2007973394
2004-07-02,2034.383269,2043.771536,1973.417993,1986.997797,2027.787318,1816329926
2004-07-03,2023.200683,2039.673253,1972.787089,2012.642742,2029.194957,981412355
2004-07-04,1994.596675,2035.690389,1984.232373,1992.274872,2025.763439,1635716903
2004-07-05,2030.343316,2043.262107,2007.184509,2013.95075,2038.677428,1685639765
2004-07-06,2016.176185,2039.689296,1980.537862,1997.042619,2031.756648,1296464835
2004-07-07,2026.976875,2042.086056,1986.864556,2020.842773,2024.064904,1744346854
2004-07-08,2043.138616,2064.262281,1989.480486,1991.026256,2022.880966,1763680207
2004-07-09,2004.865535,2044.009995,1999.000026,2001.251443,2022.670858,1497370337
2004-07-10,2022.240929,2047.072637,1968.660842,1974.177009,1997.198026,3134564860
2004-07-11,2035.907522,2073.222291,1972.006487,1985.519226,2016.611079,1558990752
2004-07-12,2013.094297,2041.238626,1985.659426,2025.125823,2038.665645,3074443569
2004-07-13,2039.183241,2069.551263,1967.868466,2001.902782,2006.049465,1228694898
2004-07-14,2012.280721,2054.102249,2000.407229,2005.535451,2021.971927,2388882359
2004-07-15,2028.230458,2068.041342,1972.722171,2007.936328,2012.902237,1068264205
2004-07-16,2052.688708,2057.987721,1989.555136,2009.157287,2009.522039,3183914782
2004-07-17,2019.92486,2026.48407,1999.199504,1999.386961,2023.683161,1019171334
2004-07-18,2040.215495,2063.510352,1966.504986,1985.726121,2000.275048,2894915244
2004-07-19,2031.616509,2044.901901,2004.689168,2019.178594,2043.188265,1714058971
2004-07-20,2016.792725,2066.893775,2009.417879,2010.294472,2016.694464,1710209470
2004-07-21,2027.333291,2046.75161,1971.51106,1994.799411,2044.697066,1207418942
2004-07-22,2027.214466,2042.516522,1974.629554,2018.272857,2035.460893,1641224459
2004-07-23,2032.377309,2032.606696,2002.593879,2005.691067,2024.741645,1101233833
2004-07-24,2042.256025,2049.464999,2004.367521,2010.045077,2032.383769,2306540955
2004-07-25,2007.302896,2065.714033,1986.892732,2015.543635,2054.881989,1153863480
2004-07-26,2029.229803,2035.756809,2001.26586,2018.971182,2032.462747,2008756986
2004-07-27,2046.529001,2080.31517,1978.242839,2022.44676,2051.443499,1462225104
2004-07-28,2030.285084,2059.090088,1999.61043,2013.858928,2019.81655,2170146885
2004-07-29,2027.2301,2050.111353,1991.046902,1991.57365,1997.885429,1713631620
2004-07-30,2029.338418,2051.268544,2015.412997,2021.73257,2038.225658,2149374142
2004-07-31,2046.194063,2060.05527,1997.479044,2017.890841,2020.740654,1069383899
2004-08-01,2044.477971,2045.677978,1992.615086,2018.249094,2041.736828,1778083777
2004-08-02,2023.91994,2036.154124,2005.466538,2020.613728,2020.61967,1776399082
2004-08-03,2030.848773,2049.477136,1997.097955,2010.634438,2023.114802,2429680631
2004-08-04,2033.976286,2046.885,2007.356219,2011.40997,2028.421451,2077125147
2004-08-05,2038.627306,2045.497811,1999.966917,2005.393334,2036.664104,2154334804
2004-08-06,2028.27711,2053.70206,1974.052299,2006.870663,2042.792399,2396367960
2004-08-07,2055.845621,2056.136523,2016.041719,2029.489536,2040.414084,3150725472
2004-08-08,2039.949231,2071.021862,2004.785643,2008.062576,2040.21396,1639756478
2004-08-09,2027.127275,2046.961002,1988.360233,2015.517213,2037.120966,2237275310
2004-08-10,2028.312828,2059.708708,2007.048711,2022.69187,2041.119471,1914555033
2004-08-11,2041.591353,2101.585229,2022.449581,2025.46373,2071.792458,903368761
2004-08-12,2038.653361,2050.381788,2014.541819,2030.233336,2033.624487,2183715470
2004-08-13,2010.057227,2066.864893,1995.632408,2022.744358,2056.769561,1033265345
2004-08-14,2049.609652,2056.032128,2012.968291,2015.599884,2039.045173,1822225270
2004-08-15,2033.35772,2045.310573,2000.872948,2011.506371,2036.537189,1868685729
2004-08-16,2031.723933,2039.716745,1993.503505,1994.725715,2026.724549,1938272208
2004-08-17,2020.390275,2050.995845,1990.809823,2015.324187,2032.820933,2219404277
2004-08-18,2048.511936,2063.610144,1988.441267,2006.323412,2015.015923,3391987209
2004-08-19,2043.662595,2023.243207,2015.343545,2015.512378,2019.64469,2216309433
2004-08-20,2037.727624,2060.025704,2007.140215,2016.408582,2022.419012,1242077812
2004-08-21,2025.267863,2058.257436,2011.451795,2014.598275,2037.422774,1256386576
2004-08-22,2037.783082,2059.142244,2022.860669,2031.606785,2050.964047,1785400574
2004-08-23,2044.095584,2055.247602,2016.709379,2019.669241,2026.214716,2723944018
2004-08-24,2023.435131,2056.97937,2022.076449,2046.261768,2046.57148,1359032669
2004-08-25,2023.310969,2047.926177,1997.849868,2023.322716,2043.489275,2806396433
2004-08-26,2032.646764,2065.95985,2024.446119,2028.079713,2048.552647,433940683
2004-08-27,2044.283421,2048.573305,2012.178474,2015.717846,2022.181968,2153520136
2004-08-28,2024.54212,2068.032009,2002.809229,2004.579938,2055.951064,2327740926
2004-08-29,2053.746467,2056.459269,2023.753814,2033.048384,2044.998822,2929798984
2004-08-30,2054.426901,2078.850039,2017.887483,2022.950634,2026.800875,2261251133
2004-08-31,2011.877121,2082.723148,2009.984428,2024.473922,2029.137387,2631178422
2004-09-01,2050.655695,2061.646442,1991.076489,2044.484217,2051.918338,2558388217
2004-09-02,2022.987914,2056.093134,2007.433576,2016.286033,2040.989618,1991469571
2004-09-03,2029.220449,2051.10325,2003.565009,2039.817533,2042.875489,2704460727
2004-09-04,2030.788325,2074.607324,1999.119958,2023.116486,2046.180977,870335460
2004-09-05,2035.509385,2065.786821,1998.684854,2000.153741,2002.833103,3389205291
2004-09-06,2050.845963,2073.452075,2035.083858,2038.032777,2045.292264,2322660648
2004-09-07,2042.49381,2060.833369,2024.283471,2036.758817,2056.800301,2541517732
2004-09-08,2045.184068,2062.886665,1987.29223,2051.428518,2055.580803,1824833656
2004-09-09,2052.013963,2074.235757,2016.56441,2032.151466,2058.226726,1869953111
2004-09-10,2023.986206,2049.533788,2009.428218,2020.143019,2023.985544,1356906135
2004-09-11,2052.653498,2069.858935,2014.748003,2043.687792,2044.393334,1250640347
2004-09-12,2059.223873,2073.212109,2016.00916,2019.819573,2058.233314,1482532637
2004-09-13,2046.655414,2057.684828,2025.608248,2039.823646,2050.485793,2834260408
2004-09-14,2026.297515,2074.607043,2024.566074,2025.113779,2044.112514,2129475335
2004-09-15,2051.884112,2071.405948,2022.829746,2047.51895,2067.981686,1409425863
2004-09-16,2043.014079,2059.143458,2013.916981,2026.191999,2056.54924,1946238611
2004-09-17,2046.323798,2072.212357,2000.49356,2040.627428,2049.464894,1860257344
2004-09-18,2036.327396,2068.596959,2030.641507,2035.184013,2038.393238,2834465177
2004-09-19,2062.758789,2089.244271,2023.675451,2025.274815,2030.342494,2149393220
2004-09-20,2062.806017,2082.165552,2023.371818,2067.83928,2074.755405,1271980710
2004-09-21,2031.460349,2074.531672,2003.90914,2017.742574,2035.319334,2710545698
2004-09-22,2057.835262,2060.106774,2028.525028,2041.869513,2049.475567,2355993068
2004-09-23,2050.398058,2085.784828,2049.114182,2050.161761,2054.658282,2342771501
2004-09-24,2045.079588,2080.754416,2031.253826,2034.031632,2053.062093,2764832743
2004-09-25,2043.763989,2065.002668,2008.352855,2032.635684,2060.4045,3280519717
2004-09-26,2057.537845,2087.253037,1999.865077,2019.745453,2047.628719,2232035350
2004-09-27,2082.060563,2089.640451,2019.883113,2028.851222,2052.345696,768233156
2004-09-28,2069.635497,2081.714833,2028.863209,2056.138781,2059.544153,2070103470
2004-09-29,2052.89752,2063.941158,2032.993983,2037.407844,2060.243925,2184811927
2004-09-30,2059.884677,2065.827709,2040.021063,2041.886772,2046.946334,2111129984
2004-10-01,2047.699529,2076.352703,1992.961346,2039.618682,2045.441942,2441740159
2004-10-02,2050.802764,2061.744983,2024.710977,2029.019848,2052.357541,1892847925
2004-10-03,2089.843013,2092.359366,2011.010633,2018.384742,2030.670211,2307020416
2004-10-04,2068.638122,2086.800311,2005.23174,2040.038152,2055.946796,1303484928
2004-10-05,2050.880669,2071.288121,2024.547331,2037.023352,2054.627616,1897139767
2004-10-06,2060.772179,2065.425744,2017.336663,2021.487434,2039.238445,1961827605
2004-10-07,2043.057636,2055.709726,2042.863857,2048.683459,2054.481708,1271199166
2004-10-08,2044.880209,2073.46495,2020.063088,2036.820976,2045.013893,3245706799
2004-10-09,2036.202727,2072.153896,2021.323524,2027.02072,2048.067506,647506505
2004-10-10,2056.085231,2071.755197,2032.324671,2047.530973,2067.053541,1691663517
2004-10-11,2056.716373,2062.31937,2032.479987,2037.095878,2054.192082,2259823325
2004-10-12,2069.537874,2078.618672,2026.648256,2045.986225,2073.270678,1152525357
2004-10-13,2081.988189,2099.103294,2030.750547,2035.378084,2039.511886,1821678472
2004-10-14,2058.15533,2089.57746,2025.190636,2063.143588,2074.734971,2132266909
2004-10-15,2069.587052,2083.981673,2019.557091,2030.602382,2045.431436,1950360927
2004-10-16,2035.610884,2083.762977,2012.745239,2042.107324,2063.322653,2224486024
2004-10-17,2078.561297,2081.215732,2022.093659,2030.338261,2036.082223,2887405276
2004-10-18,2073.220188,2081.99181,1991.794049,2043.291053,2079.28619,1510672512
2004-10-19,2082.293281,2084.579781,2019.977763,2026.479015,2034.781067,1551804090
2004-10-20,2075.20516,2082.017702,2015.952675,2024.615951,2040.818205,1750479800
2004-10-21,2065.791449,2074.329031,2025.687485,2043.803985,2054.44159,1691765906
2004-10-22,2061.138679,2080.200465,2036.108817,2036.198015,2056.54393,2036738643
2004-10-23,2047.364016,2084.948307,1990.532787,2021.022269,2034.496773,1800087076
2004-10-24,2048.161358,2091.137947,2027.793367,2056.196426,2069.011187,1776411009
2004-10-25,2051.132699,2061.881347,2041.710011,2047.480856,2051.613112,968283497
2004-10-26,2065.339358,2081.941353,2043.189803,2045.361808,2056.187093,1389003437
2004-10-27,2068.996896,2070.590199,2034.327014,2042.166521,2066.444728,1747240574
2004-10-28,2059.049416,2095.806037,2031.332099,2059.306633,2083.054422,1438165991
2004-10-29,2044.378018,2077.561448,2041.282406,2050.799714,2056.791901,2411805900
2004-10-30,2045.04029,2093.083348,2036.156487,2074.023837,2079.33617,1973082116
2004-10-31,2083.076323,2088.852419,2016.450606,2038.706643,2070.301448,1907215791
2004-11-01,2059.353851,2070.212632,2039.150822,2046.594596,2068.130381,2368070131
2004-11-02,2067.931533,2089.461579,2047.891277,2051.50497,2075.212636,1563972079
2004-11-03,2068.680909,2087.639688,2002.505959,2058.201691,2066.529496,2170639502
2004-11-04,2059.63893,2063.592648,2032.851255,2042.234477,2055.156179,1366993637
2004-11-05,2071.402127,2062.806532,1998.098798,2014.712079,2060.594029,1597757900
2004-11-06,2049.113755,2078.645995,2002.692623,2048.204528,2065.587086,2418682404
2004-11-07,2061.061324,2086.951331,2018.885055,2048.914281,2051.580028,2753331321
2004-11-08,2054.285897,2073.658963,2025.947643,2059.398162,2073.128696,1998529192
2004-11-09,2078.053448,2080.969466,2058.050023,2062.727722,2068.589566,1555866895
2004-11-10,2074.703314,2079.302741,2034.890195,2041.392785,2051.814785,2439927126
2004-11-11,2078.665355,2081.612774,2021.608427,2032.535359,2056.423998,1899927273
2004-11-12,2077.834298,2107.568658,2047.805754,2049.552008,2052.657973,2319970876
2004-11-13,2086.400629,2099.845024,2040.4697,2064.643323,2077.358315,2052295945
2004-11-14,2064.909746,2079.525341,2020.476238,2049.584746,2076.996465,2674166859
2004-11-15,2073.425692,2080.330689,2037.942643,2055.283187,2058.942935,2349513033
2004-11-16,2080.379769,2080.956228,2009.5561,2041.188986,2070.709065,2608104577
2004-11-17,2055.947006,2079.219709,2034.889588,2063.482428,2065.023843,1856266744
2004-11-18,2082.690011,2089.90755,2055.618885,2058.81272,2084.591399,2461691128
2004-11-19,2061.922668,2108.412102,2030.230529,2030.487362,2030.599173,2962810127
2004-11-20,2045.384185,2077.967479,2028.174295,2043.196236,2062.595604,2776080763
2004-11-21,2058.955097,2108.216063,2026.62221,2060.48585,2067.44637,1311244970
2004-11-22,2049.350725,2073.990598,2035.19174,2060.842696,2069.452954,2416739003
2004-11-23,2066.895047,2085.570436,2038.814239,2053.854147,2080.248233,1336026703
2004-11-24,2044.839284,2100.508175,2029.017628,2055.999786,2083.402139,716841804
2004-11-25,2057.344956,2091.406291,2030.625496,2062.077866,2076.703725,2094216578
2004-11-26,2078.368135,2086.033251,2029.99551,2046.758442,2074.323301,2930469163
2004-11-27,2076.954186,2098.543717,2044.167996,2044.908954,2060.004285,1930382316
2004-11-28,2043.237764,2093.097176,2018.016144,2024.816132,2051.71838,718685440
2004-11-29,2070.834076,2082.677931,2052.877959,2055.005206,2077.061234,1722147589
2004-11-30,2078.523324,2123.11507,2043.393102,2063.136989,2064.993165,2654229685
2004-12-01,2050.436293,2081.434014,2044.966328,2055.430652,2067.054439,1244298077
2004-12-02,2082.62845,2085.813607,2053.619082,2060.380778,2066.903409,1695118880
2004-12-03,2067.500339,2121.32669,2001.753357,2035.843273,2056.031014,1635296324
2004-12-04,2067.199103,2073.584409,2037.313445,2055.296659,2071.687121,2092452574
2004-12-05,2044.638342,2082.462935,2036.244646,2037.850789,2050.818388,805390835
2004-12-06,2051.62385,2078.62082,2036.916941,2060.828472,2071.129757,1537106051
2004-12-07,2096.230951,2104.433099,2032.168007,2052.381847,2062.578647,1632185440
2004-12-08,2065.357574,2100.168862,2037.112227,2071.755794,2091.055148,1859520090
2004-12-09,2061.234093,2085.631135,2023.252205,2063.744726,2075.61335,2123861714
2004-12-10,2078.218146,2086.218716,2021.100253,2052.357523,2061.193276,980864371
2004-12-11,2084.75312,2093.284205,2041.041385,2060.086687,2074.811964,2341248256
2004-12-12,2088.081478,2091.080978,2044.849589,2063.411947,2068.082153,1093368850
2004-12-13,2073.62498,2112.368078,2040.325464,2066.04042,2078.798063,1248074657
2004-12-14,2087.458967,2092.295006,2044.800494,2060.51404,2072.782247,2132159192
2004-12-15,2078.024992,2100.115651,2029.206077,2049.910491,2087.00773,2157343344
2004-12-16,2091.01229,2102.030757,2034.882088,2077.76738,2082.581646,2032057667
2004-12-17,2083.92301,2120.227629,2055.607875,2075.192258,2090.187883,1833718145
2004-12-18,2074.470852,2094.79898,2039.658397,2060.411787,2065.868057,1278154262
2004-12-19,2090.900278,2123.07547,2059.394728,2070.260812,2095.894314,1577056368
2004-12-20,2061.465465,2087.189776,2051.346717,2058.17333,2079.558937,2273966430
2004-12-21,2091.007762,2111.837897,2038.729404,2064.645652,2088.80235,2209699335
2004-12-22,2087.356137,2096.304667,2036.644286,2062.418691,2080.567221,2704594251
2004-12-23,2071.085202,2107.270949,2028.601835,2078.941206,2087.514898,1162106062
2004-12-24,2082.36479,2103.955302,2032.042263,2046.82571,2094.609634,1040989318
2004-12-25,2056.876796,2103.293914,2035.90538,2067.662928,2089.974584,2933124813
2004-12-26,2097.921206,2117.55444,2047.591026,2057.669272,2076.52098,913664234
2004-12-27,2078.175584,2094.878424,2014.107801,2077.674724,2086.829007,2149233658
2004-12-28,2090.569947,2103.882506,2024.304337,2071.585438,2101.880355,1164789848
2004-12-29,2090.642529,2090.161795,2067.540626,2071.221295,2076.248558,1748049048
2004-12-30,2072.130984,2105.668793,2026.038054,2046.323224,2060.266967,3085510580
2004-12-31,2110.602177,2119.251276,2067.99842,2102.988292,2111.560161,2312999801
2005-01-01,2099.812118,2131.33588,2070.611767,2074.823548,2106.05306,1804855701
2005-01-02,2092.227841,2101.725931,2020.802072,2052.630719,2054.785137,1913696916
2005-01-03,2095.50002,2110.141987,2050.927822,2075.05339,2079.012951,883672792
2005-01-04,2087.408186,2113.195777,2053.216238,2057.006147,2083.370746,1519313931
2005-01-05,2095.921091,2098.774544,2068.829403,2086.324597,2089.716687,875965251
2005-01-06,2091.332892,2110.333483,2059.091088,2072.918405,2089.89277,1553822483
2005-01-07,2103.001298,2124.754023,2029.68625,2057.550834,2068.556025,2058305017
2005-01-08,2095.541096,2120.047819,2052.979218,2067.250775,2097.346587,975010158
2005-01-09,2070.191349,2093.035744,2058.924839,2069.725775,2088.390107,2344770745
2005-01-10,2070.411108,2101.013428,2065.810898,2077.95059,2080.644971,2313942996
2005-01-11,2078.9058,2101.974792,2050.797884,2083.285491,2088.177907,479090408
2005-01-12,2111.3921,2130.855789,2063.029801,2071.428239,2128.098538,2387065278
2005-01-13,2084.07657,2102.298538,2062.95822,2070.591525,2079.284702,2085525821
2005-01-14,2080.085473,2104.978886,2065.352307,2073.648598,2076.578165,3005493100
2005-01-15,2103.37907,2111.016073,2054.961309,2059.328949,2068.044184,3324487631
2005-01-16,2094.901565,2128.714659,2030.260099,2041.693982,2069.455422,2042336667
2005-01-17,2104.072543,2114.519602,2041.289627,2042.183809,2082.807256,1748183713
2005-01-18,2094.11896,2119.25319,2081.029027,2086.627549,2109.072211,2421585753
2005-01-19,2101.270322,2107.048876,2058.964246,2073.487594,2076.621039,2290426608
2005-01-20,2073.729735,2123.22701,2072.001259,2074.405719,2081.285562,2324398429
2005-01-21,2084.171191,2087.356053,2047.696244,2069.678218,2086.255735,3351420542
2005-01-22,2086.429893,2102.702458,2041.437203,2070.639203,2090.650137,1604214897
2005-01-23,2082.962113,2102.002085,2050.498021,2076.101464,2097.926433,1035189006
2005-01-24,2069.257977,2128.442269,2057.132556,2061.728324,2074.58425,2823078046
2005-01-25,2091.503543,2111.976296,2055.503374,2071.975594,2096.851105,2144660013
2005-01-26,2067.003063,2107.544156,2060.503866,2061.898664,2078.543789,1442778591
2005-01-27,2104.76757,2126.42422,2052.384657,2085.387378,2094.755549,3110314716
2005-01-28,2092.706989,2121.058179,2052.793308,2091.632392,2097.683096,2560775815
2005-01-29,2115.539829,2123.17159,2063.478547,2084.809074,2094.077382,506371431
2005-01-30,2118.303426,2139.173117,2036.745226,2063.099473,2093.165512,2548828805
2005-01-31,2068.43633,2095.419605,2061.694041,2085.690435,2090.192924,1376782638
2005-02-01,2086.840795,2099.993367,2057.154396,2084.662526,2088.731451,1740614543
2005-02-02,2075.728275,2125.378178,2058.536581,2081.322893,2110.677396,2111525865
2005-02-03,2097.552091,2135.488055,2053.278457,2073.364709,2076.935931,2176458273
2005-02-04,2106.645588,2118.428306,2064.646158,2080.49025,2099.087409,2439683915
2005-02-05,2092.805716,2114.18302,2060.915046,2096.765937,2109.416796,1363124291
2005-02-06,2083.566805,2117.701513,2077.319417,2092.529163,2108.759058,1697493573
2005-02-07,2107.643689,2136.568308,2080.48945,2082.293811,2091.588931,2692367110
2005-02-08,2110.866516,2127.842248,2057.856887,2065.123681,2072.505142,1980205415
2005-02-09,2088.705231,2124.977661,2059.237784,2072.710887,2113.112289,2353745790
2005-02-10,2098.328518,2108.415839,2050.067798,2072.965342,2095.959878,2755638218
2005-02-11,2104.771743,2105.972534,2063.817161,2077.651855,2086.409353,1090335608
2005-02-12,2105.614178,2113.131167,2065.04001,2104.811741,2109.832955,2234067091
2005-02-13,2093.487405,2093.638019,2077.825601,2081.026165,2082.016182,2183247875
2005-02-14,2086.951916,2094.142381,2081.346783,2086.26884,2092.462313,1758427262
2005-02-15,2082.132459,2109.837502,2077.357603,2089.180586,2099.480809,1630761739
2005-02-16,2066.030959,2110.020069,2037.991449,2077.687539,2108.271237,2281864614
2005-02-17,2093.90374,2100.828396,2078.863275,2078.963806,2093.180978,2038972363
2005-02-18,2099.134481,2115.596305,2066.014554,2085.047615,2110.697747,2878245784
2005-02-19,2071.172645,2130.115993,2047.945078,2104.11703,2107.731395,2230201355
2005-02-20,2091.788245,2100.077133,2071.624344,2074.589073,2081.362958,2001975646
2005-02-21,2100.585805,2111.315764,2073.699778,2099.579835,2109.257937,1983448299
2005-02-22,2120.482762,2130.689138,2063.698017,2068.466281,2102.944002,1110495428
2005-02-23,2113.68052,2134.750048,2076.005658,2089.778673,2108.488944,2281080364
2005-02-24,2108.87898,2138.790303,2080.175634,2094.81474,2123.358421,2075991429
2005-02-25,2111.805513,2140.340495,2064.53882,2095.417961,2100.04683,2402129316
2005-02-26,2101.458577,2106.91488,2097.803328,2099.073313,2104.295821,2344416209
2005-02-27,2103.05355,2121.541416,2071.915144,2072.575905,2118.435188,800572688
2005-02-28,2096.51125,2120.995124,2048.22323,2069.488541,2104.851705,1944152961
2005-03-01,2098.467592,2128.145561,2071.16859,2072.871049,2073.26268,2206329347
2005-03-02,2132.517635,2139.690988,2068.887711,2083.304258,2093.813784,2379659092
2005-03-03,2117.074904,2124.628716,2081.986784,2082.079903,2106.618351,2352642553
2005-03-04,2109.4275,2117.213496,2061.138563,2089.790627,2097.570558,1958787457
2005-03-05,2113.428151,2119.724583,2061.111822,2070.742419,2089.777027,2398521883
2005-03-06,2089.797772,2129.692976,2052.975867,2062.176955,2095.534751,2861636105
2005-03-07,2098.281246,2104.80746,2072.716473,2083.56369,2096.52126,1629564161
2005-03-08,2099.576765,2123.248404,2072.955466,2075.390913,2084.29774,2594641465
2005-03-09,2099.363851,2118.016907,2095.46195,2103.012527,2117.111555,1791332641
2005-03-10,2106.303053,2115.477664,2072.90154,2080.302203,2093.41762,2983578869
2005-03-11,2115.664597,2126.145682,2047.975722,2075.091024,2124.734587,2282203676
2005-03-12,2114.537338,2122.759075,2076.850067,2090.631814,2101.84176,2721162513
2005-03-13,2116.083765,2123.378363,2093.348447,2102.101692,2114.214633,1868065909
2005-03-14,2118.029391,2124.803844,2111.065013,2118.937192,2122.825218,1779082698
2005-03-15,2112.351708,2126.864076,2084.593085,2101.817652,2119.617558,1825789538
2005-03-16,2101.415102,2134.546373,2071.600671,2092.447089,2101.154586,2010806595
2005-03-17,2106.376456,2118.492543,2081.156453,2085.609052,2107.151561,1380396068
2005-03-18,2093.948903,2129.110719,2079.305681,2109.601263,2128.118403,1843303213
2005-03-19,2115.241413,2153.880204,2067.493643,2081.014795,2085.191175,1774711093
2005-03-20,2109.750978,2155.996117,2063.441,2071.472905,2095.907132,2288175181
2005-03-21,2113.933579,2131.852849,2092.484682,2105.131697,2108.226878,1680905536
2005-03-22,2119.416954,2142.943581,2073.10053,2082.544237,2117.429044,1155653924
2005-03-23,2097.674665,2134.870934,2096.80812,2107.23155,2121.160037,3059138709
2005-03-24,2120.792313,2134.019027,2068.881877,2099.269446,2109.853235,2285109628
2005-03-25,2126.40446,2126.643156,2071.270299,2097.737714,2124.7233,1457625610
2005-03-26,2132.684458,2135.226967,2084.411919,2099.969406,2107.844663,2054910403
2005-03-27,2115.903852,2125.680232,2074.444449,2090.349129,2097.29383,2039373242
2005-03-28,2119.93284,2137.301873,2070.938202,2074.934702,2101.579569,1921501285
2005-03-29,2120.884751,2137.790845,2095.024998,2098.966831,2129.212151,1426915389
2005-03-30,2121.136597,2139.799421,2075.030046,2086.919925,2120.816175,2890179373
2005-03-31,2089.555316,2145.098431,2078.091082,2120.648416,2128.846407,1825503306
2005-04-01,2130.940771,2131.032839,2063.86038,2109.668561,2110.138055,2140733813
2005-04-02,2118.704321,2126.99367,2075.822841,2082.91038,2103.778059,897545052
2005-04-03,2103.198505,2141.872508,2096.693192,2097.70281,2119.046296,1570542279
2005-04-04,2117.852453,2139.634622,2048.071439,2091.811828,2126.255292,2265070459
2005-04-05,2121.190384,2134.974785,2068.074515,2082.54765,2105.004505,2953738228
2005-04-06,2117.176308,2127.587099,2055.447303,2090.903378,2106.550817,1778861035
2005-04-07,2116.642118,2130.591936,2075.73172,2094.653514,2114.31635,1730330895
2005-04-08,2110.728981,2121.670068,2083.716712,2098.171846,2120.24718,2534170759
2005-04-09,2123.583454,2148.634517,2070.080953,2081.411783,2110.362677,2206947536
2005-04-10,2119.697826,2125.087124,2085.036152,2099.232476,2114.444512,1241684204
2005-04-11,2142.62117,2157.814567,2079.36981,2120.454264,2125.979317,1404735319
2005-04-12,2131.224785,2139.543569,2085.933812,2096.371364,2131.255621,1558503230
2005-04-13,2118.903455,2122.271199,2069.076967,2083.51061,2113.983492,1544557591
2005-04-14,2104.108104,2145.473385,2074.814861,2087.605008,2098.864076,2439076892
2005-04-15,2120.151111,2143.952505,2072.577678,2111.338899,2114.501655,2860603721
2005-04-16,2114.553681,2142.701523,2094.741238,2101.18451,2118.316368,2935794643
2005-04-17,2115.105459,2153.858583,2102.213503,2107.332298,2128.167392,2200194302
2005-04-18,2126.744344,2132.485652,2079.874436,2093.197412,2111.027702,516317652
2005-04-19,2112.822243,2137.984911,2086.532918,2109.801143,2116.529209,1524888221
2005-04-20,2144.22864,2146.714088,2090.100894,2125.108651,2125.372153,2015296315
2005-04-21,2106.377523,2111.595619,2080.286444,2101.239181,2104.011315,1270508941
2005-04-22,2131.236614,2170.057429,2062.366334,2083.775758,2134.365664,781787576
2005-04-23,2107.866758,2133.301484,2091.475785,2099.431742,2104.366599,3003610554
2005-04-24,2121.889281,2168.901768,2106.38569,2117.76223,2126.320769,2236648303
2005-04-25,2127.863538,2134.715456,2081.541975,2101.964591,2115.911934,1582593653
2005-04-26,2129.304554,2149.895005,2098.702379,2106.610759,2109.093556,2315110795
2005-04-27,2102.67132,2151.441089,2084.547631,2101.199896,2103.497861,1748007419
2005-04-28,2130.645713,2152.489985,2119.181867,2119.564424,2137.019506,2400149867
2005-04-29,2122.675621,2130.890583,2079.253729,2112.062747,2128.020526,2173715169
2005-04-30,2122.088562,2135.114539,2095.562394,2108.909256,2109.356738,3172883491
2005-05-01,2137.442363,2147.17045,2069.268034,2123.58593,2132.12456,3257632536
2005-05-02,2140.590681,2149.419032,2093.941512,2119.888507,2120.74506,1846602259
2005-05-03,2134.662481,2137.624549,2060.721156,2107.214585,2120.179505,2537565995
2005-05-04,2123.565016,2131.404813,2087.321251,2099.207019,2118.227,523461828
2005-05-05,2139.994777,2146.295181,2086.959328,2090.784264,2137.527169,1026317759
2005-05-06,2156.921437,2141.858578,2122.632885,2138.335409,2139.951728,1975039807
2005-05-07,2121.642362,2169.674187,2092.76183,2123.094798,2129.660742,1796527160
2005-05-08,2116.768916,2167.181452,2065.055466,2107.348167,2117.861472,1979898267
2005-05-09,2131.833704,2155.82501,2080.865202,2130.047114,2147.455764,1776946545
2005-05-10,2144.196761,2160.946405,2106.34611,2131.729772,2142.674,1651252479
2005-05-11,2117.172783,2142.479974,2094.758199,2121.692155,2132.002332,2918963750
2005-05-12,2126.847921,2146.471429,2092.082947,2101.132898,2106.755499,954308404
2005-05-13,2151.034321,2160.19052,2106.696697,2114.523563,2132.728394,1252025429
2005-05-14,2123.825255,2155.620159,2111.129499,2134.482156,2152.417885,1424024291
2005-05-15,2142.847382,2160.559288,2093.00518,2096.137355,2096.698803,2031302244
2005-05-16,2135.854096,2151.99914,2095.60876,2098.508333,2117.292858,2894991062
2005-05-17,2125.440525,2180.877681,2090.635062,2092.163968,2129.227414,1701951210
2005-05-18,2120.576011,2141.602801,2103.633716,2121.915966,2133.858969,991433661
2005-05-19,2155.831809,2157.583989,2110.506926,2123.328203,2137.54938,2246069426
2005-05-20,2137.53146,2149.855664,2122.120683,2140.906901,2146.292021,2252261633
2005-05-21,2139.713452,2146.867663,2096.628409,2109.917404,2123.583141,1826319302
2005-05-22,2095.117681,2157.606645,2070.238381,2104.204671,2127.350963,2625343842
2005-05-23,2095.322267,2134.221262,2064.677563,2110.771452,2112.912889,1721575552
2005-05-24,2126.006114,2157.309365,2078.099833,2096.419318,2139.180528,2440953718
2005-05-25,2133.441047,2148.355449,2116.571324,2123.707724,2144.361744,2258657622
2005-05-26,2140.511337,2149.12025,2073.065372,2090.769529,2109.151395,2004770697
2005-05-27,2134.590547,2149.672559,2117.93534,2133.677974,2134.487049,1524791252
2005-05-28,2134.333235,2165.077932,2108.664478,2112.167591,2138.123916,2335834878
2005-05-29,2153.193746,2155.855777,2085.49907,2105.729643,2119.318669,1503158930
2005-05-30,2097.270981,2155.452723,2085.270775,2086.942463,2140.32816,2114739723
2005-05-31,2114.260819,2150.626748,2108.763165,2126.413051,2133.156387,2644745921
2005-06-01,2111.335651,2143.95799,2099.763721,2115.541715,2122.713499,1612543843
2005-06-02,2128.446231,2146.329058,2111.059088,2129.785453,2138.809077,2288329863
2005-06-03,2117.037781,2136.209352,2110.500219,2121.773551,2130.718802,1894309196
2005-06-04,2133.161677,2146.128039,2075.450851,2110.827395,2125.283157,3103848486
2005-06-05,2142.779882,2165.071246,2092.423805,2112.705829,2120.924564,1652516410
2005-06-06,2140.004179,2173.452986,2120.900025,2122.743217,2158.515404,2491630933
2005-06-07,2136.637976,2175.856051,2104.948985,2107.373809,2113.740178,2496654823
2005-06-08,2126.825959,2157.487625,2097.435508,2146.096484,2146.449327,2899923252
2005-06-09,2137.406794,2162.780712,2106.494195,2109.340994,2153.594431,2808714956
2005-06-10,2137.607273,2159.542315,2126.459454,2126.759899,2149.08877,3178964127
2005-06-11,2122.741308,2147.355837,2117.685793,2133.159614,2133.531379,2850080150
2005-06-12,2132.744829,2170.047283,2105.579652,2114.033295,2137.683354,2631658494
2005-06-13,2141.20138,2130.597113,2109.871447,2116.769141,2125.022327,2013732470
2005-06-14,2132.653407,2157.135742,2097.281038,2142.861522,2145.809314,1386923417
2005-06-15,2145.385436,2160.482812,2089.597984,2113.3178,2116.830472,2942483207
2005-06-16,2157.018854,2175.067257,2126.496719,2131.781356,2139.025358,1800659001
2005-06-17,2141.073746,2150.357883,2117.55027,2134.675503,2135.588648,2797612586
2005-06-18,2150.947849,2164.323846,2112.77783,2113.285883,2126.099661,3114490250
2005-06-19,2162.229176,2172.234284,2109.550479,2115.003442,2135.063766,1634467736
2005-06-20,2155.60731,2172.359368,2086.730891,2108.078941,2142.131716,3694236760
2005-06-21,2141.962326,2181.163744,2094.029559,2128.281083,2155.152076,1105050564
2005-06-22,2116.722755,2157.047179,2116.699319,2120.409477,2129.811958,3019020683
2005-06-23,2169.936477,2186.425096,2118.763696,2121.041901,2154.608858,1795546519
2005-06-24,2133.810513,2177.588738,2110.258642,2140.68663,2142.81941,1805652763
2005-06-25,2133.359489,2182.234784,2111.991335,2121.989837,2124.907553,1443800191
2005-06-26,2134.494621,2198.480427,2099.010211,2137.24763,2149.918566,2114205970
2005-06-27,2130.150601,2156.604143,2107.217571,2143.692029,2148.751838,1184028150
2005-06-28,2133.126145,2153.671632,2085.393656,2146.569766,2147.573354,1832101096
2005-06-29,2143.883407,2161.072941,2092.967247,2129.924535,2160.464217,2522553744
2005-06-30,2136.303152,2167.353392,2096.33267,2121.017368,2150.627168,2780401577
2005-07-01,2143.34611,2148.535973,2109.331225,2118.841486,2128.013066,1124725226
2005-07-02,2146.268566,2174.234301,2112.066347,2116.226913,2124.321686,1779783826
2005-07-03,2152.335343,2174.275595,2099.520644,2127.561006,2173.936329,2153636193
2005-07-04,2139.447327,2166.825233,2135.219812,2146.497333,2157.896776,1553353145
2005-07-05,2116.937561,2147.665151,2097.163886,2119.848135,2129.133677,1583873546
2005-07-06,2150.210947,2171.261574,2112.329248,2130.960632,2138.875001,1906593782
2005-07-07,2142.669617,2146.418483,2093.16691,2126.22522,2131.533814,1389616010
2005-07-08,2112.816559,2182.567204,2105.770469,2123.438739,2139.504643,1067975217
2005-07-09,2139.844662,2160.116093,2111.873377,2126.164456,2142.011441,2258880893
2005-07-10,2149.839817,2168.457743,2128.635271,2134.661695,2157.062463,2979164960
2005-07-11,2137.846474,2155.411404,2127.50326,2131.937815,2133.790927,1376202159
2005-07-12,2147.136992,2173.285835,2113.194566,2132.909199,2172.954246,1650927023
2005-07-13,2140.735776,2164.90641,2114.574233,2115.144771,2148.544552,1101788327
2005-07-14,2147.621082,2160.685114,2120.854727,2129.07322,2155.007191,1352978586
2005-07-15,2139.600208,2162.834755,2090.506323,2103.370173,2114.673483,3297983277
2005-07-16,2141.923328,2173.500701,2116.284165,2140.996184,2150.079709,2170973320
2005-07-17,2153.878514,2166.980675,2129.638179,2154.125591,2154.604477,1574138617
2005-07-18,2159.723301,2165.202068,2108.312411,2128.016435,2157.478807,2211927514
2005-07-19,2165.54903,2186.476644,2130.616846,2156.337374,2157.806457,1223331698
2005-07-20,2144.67749,2165.121003,2119.686306,2140.518135,2149.324628,2233847693
2005-07-21,2141.695144,2186.4553,2112.018849,2123.00052,2127.770136,2277161739
2005-07-22,2138.876657,2165.588645,2117.065604,2118.237308,2128.757065,1439634466
2005-07-23,2150.595273,2150.643159,2092.439223,2126.87024,2129.090544,1271203013
2005-07-24,2156.382783,2164.899964,2134.286224,2144.496185,2146.827911,1748145244
2005-07-25,2141.708852,2159.026047,2130.103441,2132.952341,2137.924727,2700314702
2005-07-26,2163.430333,2176.753541,2121.915137,2131.827056,2132.222597,946704454
2005-07-27,2142.158721,2182.729759,2115.902115,2134.183115,2151.922808,2426344670
2005-07-28,2155.845309,2174.522938,2125.240561,2145.141684,2155.874414,2401688190
2005-07-29,2130.420231,2181.414862,2097.673444,2124.896582,2137.180357,2212302245
2005-07-30,2142.721585,2159.140945,2126.184748,2133.264629,2137.879993,2012623956
2005-07-31,2163.197219,2171.482317,2121.8688,2154.630902,2168.961865,2092747700
2005-08-01,2156.383608,2166.74746,2122.218722,2142.823906,2158.842879,1922779866
2005-08-02,2184.068937,2188.113374,2133.859145,2157.04086,2161.128263,2775230950
2005-08-03,2153.077411,2153.67478,2112.560422,2137.605918,2145.861804,1439885866
2005-08-04,2153.651366,2164.093399,2113.893717,2119.784836,2161.564127,2536388090
2005-08-05,2158.535383,2197.969467,2131.313054,2134.267507,2171.066349,1536938181
2005-08-06,2146.441682,2164.797562,2129.625007,2149.513113,2152.78185,1000554325
2005-08-07,2169.332537,2187.175802,2122.220603,2127.280875,2140.714637,1641138036
2005-08-08,2150.685065,2157.530475,2132.384763,2143.437559,2147.291611,1945088085
2005-08-09,2166.299158,2187.887097,2122.556784,2135.193413,2162.828784,2888718437
2005-08-10,2163.885324,2188.808094,2123.765715,2164.872315,2184.550396,2111412316
2005-08-11,2167.514923,2167.948273,2120.321818,2140.623029,2161.473436,2358770904
2005-08-12,2151.385661,2187.858247,2110.645663,2138.621141,2145.58031,719846740
2005-08-13,2152.559113,2177.167177,2133.410507,2159.649166,2166.950907,2008352543
2005-08-14,2162.984233,2171.280217,2135.81636,2160.458635,2161.149714,2666989009
2005-08-15,2152.13249,2170.489676,2142.772827,2149.728658,2167.128251,2765914428
2005-08-16,2155.441315,2164.121706,2151.131656,2152.773504,2163.056861,2022084198
2005-08-17,2175.465878,2183.601297,2125.557081,2155.373596,2181.667243,2214662591
2005-08-18,2165.770857,2178.522026,2082.466288,2130.661007,2152.986789,2956427997
2005-08-19,2177.426935,2186.373785,2109.463073,2157.615497,2158.686721,1248793030
2005-08-20,2154.991376,2183.469977,2110.210699,2151.874123,2163.150502,2343582104
2005-08-21,2160.405469,2164.225667,2127.51012,2145.223024,2153.420249,2455916338
2005-08-22,2146.955631,2183.076665,2111.998017,2159.72255,2175.44259,2800594727
2005-08-23,2185.671527,2189.25491,2132.465911,2171.56484,2171.570756,2242938402
2005-08-24,2146.719696,2164.377786,2139.331875,2143.167869,2159.520512,1422599821
2005-08-25,2142.47527,2163.416091,2128.603444,2148.65877,2155.12515,2742161982
2005-08-26,2153.085237,2158.036068,2121.450656,2132.570429,2150.8363,2305916476
2005-08-27,2175.285253,2191.676549,2120.759798,2140.152377,2144.486814,1992364985
2005-08-28,2178.566523,2200.63712,2130.954164,2161.948585,2179.238144,1467453773
2005-08-29,2161.756223,2200.379889,2110.925052,2141.457114,2146.772499,3146747183
2005-08-30,2163.352013,2226.726988,2115.367488,2157.623622,2188.68551,2688664970
2005-08-31,2180.69774,2201.248691,2144.617323,2160.081746,2164.514609,1469424297
2005-09-01,2179.618414,2181.21861,2144.420149,2156.984106,2161.529361,1697771429
2005-09-02,2153.112638,2173.424836,2091.848476,2152.887325,2171.848424,2071271238
2005-09-03,2161.019174,2182.368649,2128.315433,2166.653024,2169.511101,1765395720
2005-09-04,2170.369801,2170.215759,2147.294075,2149.803749,2166.161406,1897421695
2005-09-05,2180.145415,2206.283905,2136.623379,2155.557934,2161.089786,2265192157
2005-09-06,2159.894494,2175.779002,2109.38379,2131.24582,2142.723247,1666241260
2005-09-07,2168.575521,2169.726409,2149.757065,2153.131509,2153.966367,2340644147
2005-09-08,2178.759867,2187.901249,2151.740163,2173.389072,2182.299131,3256505222
2005-09-09,2165.63408,2178.982182,2151.397735,2154.481691,2167.369801,3031748638
2005-09-10,2179.567919,2200.223744,2128.988524,2161.177174,2191.874751,2287977075
2005-09-11,2141.285234,2192.746694,2122.031871,2142.091935,2190.144034,2084821995
2005-09-12,2155.922357,2186.24163,2141.171536,2173.96373,2184.459779,2249571939
2005-09-13,2170.719416,2204.713458,2128.652492,2142.347346,2182.397427,1490456843
2005-09-14,2191.688792,2196.076987,2154.747332,2160.121377,2169.913159,1417461379
2005-09-15,2180.710836,2185.456037,2135.634859,2140.709452,2149.855523,1510629450
2005-09-16,2188.297203,2191.012659,2144.437209,2146.585263,2161.326602,2768119012
2005-09-17,2175.494337,2178.32727,2138.876338,2157.530079,2177.880998,2755115799
2005-09-18,2165.963741,2222.858939,2136.7711,2152.673127,2178.227213,3011244598
2005-09-19,2175.455591,2195.503869,2150.765997,2155.118665,2187.986037,2107351009
2005-09-20,2174.412184,2205.62767,2130.077924,2131.437373,2168.308566,2188665849
2005-09-21,2164.771588,2179.610259,2146.489562,2153.965452,2171.866633,2064019984
2005-09-22,2185.581865,2210.585179,2166.106035,2168.893222,2190.668027,2105178898
2005-09-23,2179.472434,2188.309212,2135.120581,2167.298902,2182.612933,1887726227
2005-09-24,2178.914675,2192.76794,2140.714848,2178.96409,2183.421464,1719446689
2005-09-25,2178.133277,2202.36454,2145.804596,2146.534954,2166.518768,1504790726
2005-09-26,2156.79634,2170.082142,2132.465315,2143.648455,2159.429466,1899669475
2005-09-27,2161.90156,2180.196174,2145.732248,2155.437692,2179.407679,1914023582
2005-09-28,2186.484376,2190.874481,2143.648344,2144.470985,2189.956365,1938699231
2005-09-29,2168.493585,2200.231074,2154.794357,2156.335485,2194.984493,1760473067
2005-09-30,2162.366898,2184.015188,2107.895847,2148.273593,2148.578372,2166272547
2005-10-01,2182.952785,2200.867284,2136.303291,2147.734699,2188.412001,2303466952
2005-10-02,2160.572711,2223.422897,2126.905798,2175.407208,2182.152937,2738929073
2005-10-03,2172.158533,2198.445665,2149.663227,2179.390123,2191.647719,1554990178
2005-10-04,2156.954819,2199.70921,2115.787334,2165.51312,2188.053506,1716919273
2005-10-05,2193.155669,2221.167962,2133.369381,2156.47472,2170.654431,2337479519
2005-10-06,2197.622174,2202.49036,2164.596762,2179.839402,2190.033562,1324372302
2005-10-07,2191.190054,2197.630928,2142.2518,2162.239862,2193.179835,2155868568
2005-10-08,2193.838054,2213.478521,2154.861918,2158.295182,2174.592802,1224475078
2005-10-09,2166.878255,2217.532277,2164.551183,2183.96125,2200.138382,1786673306
2005-10-10,2188.874977,2208.543568,2123.110709,2177.807015,2188.930325,2074816828
2005-10-11,2168.611734,2191.987263,2131.137326,2153.325553,2163.415943,2524846235
2005-10-12,2205.246871,2226.171537,2135.035006,2159.858681,2163.496377,1631727517
2005-10-13,2173.741213,2202.249012,2161.578656,2192.047722,2199.09406,2324292142
2005-10-14,2190.217572,2200.446148,2122.825605,2164.824226,2183.118737,2651534748
2005-10-15,2169.042877,2187.037168,2161.517317,2162.388194,2165.792451,1334278129
2005-10-16,2173.662193,2190.709334,2121.180775,2128.799022,2181.416961,2492520749
2005-10-17,2168.405087,2199.998209,2158.224179,2173.158548,2186.425619,3097865611
2005-10-18,2168.896922,2198.883154,2146.510073,2183.023504,2191.50529,3288734577
2005-10-19,2202.066127,2217.373984,2120.79287,2122.82385,2191.762284,1954782311
2005-10-20,2183.694184,2223.409294,2133.643957,2143.522342,2173.824109,2561082862
2005-10-21,2166.49039,2208.348673,2134.163761,2157.94751,2166.524623,2237919720
2005-10-22,2182.245509,2210.359201,2165.202095,2179.338729,2196.821637,2088821204
2005-10-23,2180.171693,2184.496987,2147.638418,2174.311471,2182.338724,2329246204
2005-10-24,2165.817343,2217.942672,2148.746098,2168.666421,2188.972203,2301555372
2005-10-25,2185.880082,2233.52677,2135.041633,2162.654816,2193.047828,2109322238
2005-10-26,2196.170965,2204.610959,2118.905546,2180.110476,2183.235456,2761788328
2005-10-27,2173.816975,2203.776682,2147.346364,2160.272805,2192.426542,2410797984
2005-10-28,2202.322205,2204.215104,2137.006239,2158.53096,2160.654716,2789080217
2005-10-29,2170.654879,2208.037161,2138.350141,2144.798029,2174.076384,2336080392
2005-10-30,2193.709656,2202.646095,2159.467388,2168.866298,2200.700962,2008189524
2005-10-31,2199.949501,2203.006242,2137.078387,2175.134018,2201.682253,2746702906
2005-11-01,2162.927452,2203.912254,2125.735467,2160.129308,2193.929143,1354179419
2005-11-02,2204.758332,2218.42264,2122.475831,2190.064288,2214.383216,1780618441
2005-11-03,2170.818336,2195.992293,2140.490265,2172.025424,2186.647361,1735443915
2005-11-04,2207.81381,2212.360668,2146.305458,2157.119886,2178.110219,1910999775
2005-11-05,2173.724762,2223.208089,2154.573701,2181.877754,2187.297476,3196644773
2005-11-06,2188.337589,2196.163937,2167.041807,2173.139097,2190.803191,2249661670
2005-11-07,2190.024621,2197.822059,2185.03461,2188.95834,2195.789488,2518088068
2005-11-08,2173.685187,2195.035134,2132.480512,2172.03273,2191.859192,2166019940
2005-11-09,2175.161934,2208.456112,2142.928697,2171.53535,2193.585893,1534416199
2005-11-10,2217.342908,2229.535692,2123.678957,2162.003554,2189.476328,3149888914
2005-11-11,2192.034762,2208.489443,2138.103471,2179.900072,2192.479665,1975161087
2005-11-12,2194.980064,2202.365234,2135.163103,2180.958944,2181.782982,2352305821
2005-11-13,2204.707446,2227.507083,2148.920256,2158.82299,2177.303361,1566994161
2005-11-14,2211.423911,2214.765357,2158.469864,2161.827459,2197.093265,2446874181
2005-11-15,2196.512841,2200.574423,2166.207166,2175.226085,2182.997561,2225389841
2005-11-16,2192.776862,2228.500691,2157.807524,2166.437345,2169.547306,1276490531
2005-11-17,2198.784718,2209.568114,2175.806602,2177.074383,2184.119675,2134982036
2005-11-18,2194.99808,2215.517672,2171.017049,2188.620248,2194.352219,2225769468
2005-11-19,2201.512798,2226.747727,2144.387475,2151.229794,2202.230924,2572669764
2005-11-20,2200.694949,2209.91867,2174.164176,2176.551152,2195.716801,1417844780
2005-11-21,2178.418986,2208.627675,2162.668476,2183.121002,2198.655899,1644119653
2005-11-22,2188.910212,2238.876757,2169.368349,2177.611162,2179.640508,1430798936
2005-11-23,2190.614524,2240.776549,2186.266139,2186.337925,2213.966238,2628261958
2005-11-24,2192.146522,2195.413599,2143.895918,2161.938207,2179.240893,2739959142
2005-11-25,2198.934659,2218.46852,2163.289071,2176.364575,2215.591678,1343190276
2005-11-26,2221.872625,2226.02721,2133.623234,2155.411614,2170.594522,2804047809
2005-11-27,2205.159265,2215.662643,2187.121263,2192.988071,2203.68742,2579027027
2005-11-28,2200.915195,2233.584171,2176.299579,2199.375033,2211.890336,3042287344
2005-11-29,2178.202127,2207.079356,2142.752335,2182.929615,2194.940512,2456432111
2005-11-30,2188.484501,2210.543279,2155.162401,2184.78954,2206.491985,1809743929
2005-12-01,2201.92361,2232.012285,2169.563596,2177.161994,2191.801046,2743008883
2005-12-02,2194.380745,2220.519753,2119.478901,2174.414881,2198.71272,2257257430
2005-12-03,2185.366015,2209.517063,2175.360099,2180.37741,2180.981982,1898792987
2005-12-04,2206.992586,2229.194073,2170.843451,2180.827383,2188.786729,1425420709
2005-12-05,2170.396716,2231.929497,2167.935802,2170.272206,2199.719755,1534554301
2005-12-06,2231.377036,2251.962397,2183.50522,2199.626888,2205.738852,2489877019
2005-12-07,2202.817459,2234.19684,2137.408864,2185.983322,2190.772907,2350286766
2005-12-08,2189.068401,2207.07053,2145.878345,2185.617422,2190.701943,3051625081
2005-12-09,2177.541988,2207.295229,2140.335312,2170.819923,2194.775268,2128831010
2005-12-10,2204.652685,2230.732202,2155.621221,2202.14204,2207.982929,1887378788
2005-12-11,2197.120712,2205.243596,2176.899783,2190.721263,2194.154953,3290617029
2005-12-12,2165.65425,2233.189009,2157.027899,2165.023306,2224.740578,2135030275
2005-12-13,2209.955372,2212.889102,2164.664148,2196.043365,2203.86619,1981625075
2005-12-14,2189.678379,2200.581392,2148.841437,2189.20802,2196.291743,2535865240
2005-12-15,2203.273118,2210.13143,2180.632025,2181.945348,2205.220087,2976565629
2005-12-16,2214.868314,2210.369904,2168.467219,2175.795489,2200.401808,1732016593
2005-12-17,2191.652274,2219.312185,2180.924721,2188.571191,2203.844736,1642091039
2005-12-18,2192.810231,2208.632652,2170.423427,2184.827626,2190.327417,2353417982
2005-12-19,2196.099787,2217.899784,2193.77227,2211.921445,2217.269812,2022967721
2005-12-20,2188.781868,2213.061587,2162.272134,2166.834722,2202.805712,2003300266
2005-12-21,2207.976229,2216.368459,2178.987116,2184.995407,2199.064024,2112733586
2005-12-22,2198.772291,2219.7833,2160.069146,2207.145873,2215.543426,2427631853
2005-12-23,2207.649911,2240.689415,2151.148536,2164.540257,2181.795186,1630852320
2005-12-24,2198.473283,2240.952618,2149.759891,2190.477138,2196.602987,2483159864
2005-12-25,2212.723631,2214.510255,2165.181673,2186.184769,2189.332218,1505948167
2005-12-26,2232.403837,2233.646441,2155.23681,2166.799594,2222.637763,2492515155
2005-12-27,2207.249575,2220.742638,2172.641156,2185.797391,2195.606523,1899317952
2005-12-28,2194.008249,2228.621973,2192.248178,2204.372388,2204.613808,2594198836
2005-12-29,2194.185583,2208.662879,2181.197902,2193.521356,2199.68314,2003342748
2005-12-30,2214.957015,2238.192938,2162.989292,2223.525051,2231.823203,3510152602
2005-12-31,2192.86162,2216.499996,2177.081503,2214.877131,2216.147713,2330694197
2006-01-01,2196.347268,2223.790137,2157.666778,2181.153083,2184.610831,1593442559
2006-01-02,2208.94781,2220.841675,2170.524418,2184.698784,2188.388436,2608847729
2006-01-03,2191.457861,2199.799018,2183.15336,2190.417692,2196.443367,1649034082
2006-01-04,2216.367176,2217.723879,2190.305403,2210.59271,2213.546689,2089721166
2006-01-05,2226.520259,2237.282746,2187.507779,2209.716716,2226.295666,3427054275
2006-01-06,2188.974431,2229.630545,2153.968146,2187.200941,2192.94936,3268064158
2006-01-07,2185.749278,2214.301105,2174.835277,2181.783763,2193.748236,1664302652
2006-01-08,2197.925995,2199.008258,2182.239084,2184.944866,2194.665162,1842706729
2006-01-09,2202.566763,2228.40958,2172.190152,2207.468288,2216.473232,1902891709
2006-01-10,2225.699693,2230.656904,2187.309265,2194.603137,2209.196751,2409412110
2006-01-11,2213.371568,2219.024934,2173.045755,2209.676771,2218.399973,2740303274
2006-01-12,2219.186556,2231.065469,2163.500882,2186.753114,2216.378205,2443959152
2006-01-13,2192.000584,2226.150659,2166.259525,2178.407932,2224.901775,1961719555
2006-01-14,2231.665774,2244.233729,2183.912114,2192.614428,2193.511578,1800682551
2006-01-15,2200.931893,2222.241499,2186.86921,2193.01917,2193.743371,2789780835
2006-01-16,2225.200618,2227.24805,2174.548403,2188.078856,2190.400415,3062452433
2006-01-17,2233.568736,2237.4253,2178.503493,2181.880304,2233.758895,1605689478
2006-01-18,2213.973677,2217.053299,2179.315192,2182.905837,2194.076776,1819776866
2006-01-19,2232.257668,2240.551238,2193.771931,2206.135801,2238.95921,1391705678
2006-01-20,2232.495308,2257.868928,2161.926081,2182.102642,2195.293407,2364129201
2006-01-21,2224.054669,2246.358017,2185.798409,2194.558594,2213.766386,769739951
2006-01-22,2221.069162,2235.72169,2204.271958,2210.246842,2230.568886,1690601146
2006-01-23,2217.703447,2233.5335,2184.31438,2195.209016,2231.957322,2522311409
2006-01-24,2240.045445,2245.421127,2186.668924,2196.908141,2218.501094,2689809973
2006-01-25,2209.777359,2256.636526,2171.796672,2206.642172,2230.79165,1240071035
2006-01-26,2212.93213,2214.825477,2197.405671,2213.17586,2214.689028,1598215350
2006-01-27,2229.879883,2242.624982,2187.951426,2212.775464,2214.918493,2905697748
2006-01-28,2210.859681,2223.659648,2168.507379,2203.439053,2206.598041,2441163182
2006-01-29,2225.993078,2242.804815,2182.082403,2195.875262,2232.627674,1488995991
2006-01-30,2215.275232,2230.264959,2170.339094,2183.048253,2184.121144,2601778511
2006-01-31,2223.650423,2230.560161,2183.465067,2186.838949,2220.48242,2481163578
2006-02-01,2237.35038,2238.83227,2169.831831,2199.382402,2235.409976,2578071911
2006-02-02,2227.001371,2230.938178,2201.932525,2216.492295,2219.56339,2567478290
2006-02-03,2210.139412,2224.278687,2162.9224,2195.287217,2201.708128,2170242115
2006-02-04,2220.129366,2240.406803,2170.536875,2204.716688,2222.758328,2253827254
2006-02-05,2185.518227,2221.12381,2183.789,2211.842387,2220.961838,2009015415
2006-02-06,2207.488512,2236.517848,2198.133911,2202.491391,2212.333512,3104729358
2006-02-07,2211.191201,2239.78085,2175.049069,2178.421407,2189.222145,1647058132
2006-02-08,2222.399637,2236.038538,2192.262971,2192.530185,2227.067326,2645276640
2006-02-09,2215.496969,2250.466078,2180.085443,2195.012014,2202.968041,1925389228
2006-02-10,2212.900184,2271.575658,2203.512209,2218.524497,2223.564034,2336904395
2006-02-11,2208.428585,2238.135932,2194.848877,2202.997901,2214.468216,1547298162
2006-02-12,2217.013591,2246.801032,2183.386927,2193.063153,2195.807336,2265529108
2006-02-13,2214.718465,2238.225987,2171.941892,2204.516741,2233.713452,2631751323
2006-02-14,2228.292734,2232.571018,2216.275016,2217.059404,2221.961496,1833306297
2006-02-15,2262.880077,2268.675615,2174.682807,2218.003373,2253.4851,2241294813
2006-02-16,2232.470775,2246.489581,2214.453006,2215.435866,2217.891116,2232758890
2006-02-17,2215.010193,2221.763418,2195.603188,2208.868976,2220.393869,2155950102
2006-02-18,2218.198329,2247.307923,2188.824998,2189.687673,2225.092357,1323581597
2006-02-19,2236.986486,2259.731383,2189.306975,2195.607446,2224.792233,2117502461
2006-02-20,2224.125449,2254.719288,2198.418548,2235.926327,2251.912064,1489970572
2006-02-21,2228.47441,2240.65752,2189.396665,2202.898651,2215.576275,1437487583
2006-02-22,2226.953905,2231.627631,2167.061579,2197.213607,2217.470528,2016241766
2006-02-23,2205.354023,2248.220408,2188.527793,2204.509119,2246.073437,2701314133
2006-02-24,2229.605239,2249.355514,2205.016051,2228.387121,2242.598985,1686653411
2006-02-25,2231.03736,2235.307376,2168.629964,2197.398471,2198.368809,1888127581
2006-02-26,2216.183217,2245.48516,2188.929878,2218.713246,2225.479227,3184202366
2006-02-27,2227.861029,2256.496403,2181.818108,2223.757436,2234.163089,2047420788
2006-02-28,2241.666271,2243.434082,2166.088256,2224.728068,2226.026803,1949833417
2006-03-01,2225.779051,2253.429783,2194.350061,2210.410207,2217.117061,3040441151
2006-03-02,2203.916149,2244.543964,2179.548834,2183.672965,2196.886327,1814290946
2006-03-03,2220.246737,2249.769929,2191.231148,2203.188646,2215.074621,1428132315
2006-03-04,2255.046219,2258.604753,2200.084042,2211.435051,2245.651511,2502234484
2006-03-05,2220.015649,2254.323771,2211.857446,2214.256894,2242.05694,2733109061
2006-03-06,2237.644855,2249.668489,2203.111535,2217.4918,2230.442092,1430348879
2006-03-07,2227.42842,2241.662969,2181.15263,2188.490496,2221.079574,2276164895
2006-03-08,2230.394154,2266.076154,2193.147989,2194.6818,2222.517865,1378523365
2006-03-09,2253.799708,2266.45404,2199.869903,2221.146718,2245.354956,1615854164
2006-03-10,2230.340524,2238.177748,2167.804894,2215.604294,2216.858524,2311035993
2006-03-11,2221.680023,2250.725472,2202.57342,2207.914358,2218.048226,2244555296
2006-03-12,2210.545961,2255.553685,2198.330898,2201.890418,2211.256935,2068780492
2006-03-13,2245.857034,2270.281684,2205.057006,2224.202825,2227.383076,3240690980
2006-03-14,2223.072787,2245.345461,2204.86133,2208.420691,2216.746819,2049640836
2006-03-15,2255.866695,2272.95891,2194.575819,2197.840996,2242.248573,2489360053
2006-03-16,2206.35605,2256.131209,2172.27123,2208.287195,2219.05641,2221498119
2006-03-17,2201.105928,2265.466772,2193.015456,2220.20136,2224.540216,2160750714
2006-03-18,2219.341578,2248.248019,2217.907442,2223.45855,2236.417555,2590186717
2006-03-19,2234.665115,2245.727525,2194.955617,2207.721558,2231.822348,2694289064
2006-03-20,2248.775996,2256.365782,2204.549095,2224.818695,2244.642334,1575708397
2006-03-21,2218.708315,2255.007573,2186.884304,2193.787413,2220.248376,2651626700
2006-03-22,2223.720428,2258.398669,2209.77945,2211.440867,2244.457475,3051035473
2006-03-23,2223.274413,2279.830812,2216.884909,2222.513609,2223.036937,1603156232
2006-03-24,2244.59836,2258.158155,2210.244732,2228.708044,2228.840634,2012586731
2006-03-25,2248.905574,2256.917265,2193.189067,2196.949197,2231.120953,2817456813
2006-03-26,2226.244152,2270.390135,2199.699695,2221.274843,2223.484114,3059770518
2006-03-27,2250.55314,2246.914061,2239.200953,2240.527791,2242.411272,2261014938
2006-03-28,2254.851795,2263.948367,2184.164073,2206.762534,2232.987193,3579767981
2006-03-29,2228.502508,2278.835984,2211.397774,2215.62291,2257.220058,2552166994
2006-03-30,2238.393721,2241.61687,2205.22316,2213.345523,2241.329483,2538095546
2006-03-31,2258.235173,2275.309345,2214.564546,2221.953056,2229.009005,1488382878
2006-04-01,2237.254125,2257.233762,2210.40247,2240.336748,2246.428994,2262468957
2006-04-02,2242.505169,2277.616732,2192.248381,2204.791276,2215.529147,1933960175
2006-04-03,2231.920089,2252.148823,2192.389479,2202.869393,2227.250982,1753043828
2006-04-04,2234.374866,2258.006008,2201.740723,2206.269453,2256.754361,2058186585
2006-04-05,2250.462091,2283.634012,2191.737857,2200.796467,2228.942485,2681201698
2006-04-06,2252.386811,2267.585151,2191.259246,2225.872938,2227.397029,1010684855
2006-04-07,2240.969423,2246.831935,2217.536941,2231.56806,2241.09776,1841336071
2006-04-08,2239.614487,2254.636384,2200.759881,2210.87257,2223.423861,2169949418
2006-04-09,2237.954031,2287.993311,2197.324254,2221.342507,2228.941829,2790623406
2006-04-10,2247.029458,2272.124064,2212.358913,2233.478199,2250.784008,2814664416
2006-04-11,2234.280529,2274.418873,2190.419318,2228.60244,2260.548158,2080189429
2006-04-12,2245.894165,2241.922237,2169.649514,2210.838438,2239.773814,2971797955
2006-04-13,2241.984654,2267.864874,2211.091862,2212.851137,2230.617853,1622852473
2006-04-14,2253.239281,2269.344262,2224.283144,2247.887265,2249.602395,2996324705
2006-04-15,2245.195032,2260.209225,2182.929754,2235.007653,2238.673463,2923887774
2006-04-16,2240.455701,2241.807379,2207.116328,2219.56543,2231.056376,2285915353
2006-04-17,2253.464177,2266.544498,2226.28998,2229.367851,2263.108447,2353048423
2006-04-18,2260.408559,2272.955667,2204.230539,2247.945891,2264.248046,2934967392
2006-04-19,2249.957916,2286.719003,2223.247374,2234.685803,2247.592206,1392593497
2006-04-20,2242.783092,2250.52236,2207.628928,2219.302901,2242.750816,1386351357
2006-04-21,2237.770286,2262.561569,2212.655467,2216.148734,2228.810968,1783768733
2006-04-22,2269.120153,2282.100032,2213.070708,2228.162809,2234.62826,2919496379
2006-04-23,2240.645741,2267.253192,2203.535903,2257.269248,2262.222704,2591755545
2006-04-24,2254.948651,2259.345741,2208.023801,2217.322972,2245.207647,2080653214
2006-04-25,2228.265258,2261.772489,2208.803467,2227.91074,2229.735168,1979321177
2006-04-26,2246.085284,2286.794703,2190.364196,2231.315273,2242.579343,2346711898
2006-04-27,2244.088978,2276.398971,2222.750832,2236.539141,2257.64044,1913487334
2006-04-28,2252.252063,2261.859345,2190.374981,2202.51647,2226.751828,1608175009
2006-04-29,2227.53543,2268.137017,2205.271745,2216.528347,2246.666136,1310772169
2006-04-30,2219.273961,2262.746382,2218.51426,2260.368053,2261.32377,1049798601
2006-05-01,2253.004466,2257.33307,2218.129291,2236.50232,2255.272052,2818844999
2006-05-02,2245.125177,2281.672979,2219.136709,2224.916714,2241.916561,2250462510
2006-05-03,2244.183713,2261.616919,2210.281092,2223.083081,2245.477404,1915775406
2006-05-04,2238.77917,2255.204269,2222.575478,2248.06128,2249.034029,1854418602
2006-05-05,2253.285363,2303.07281,2190.142205,2243.773491,2261.701906,2909924762
2006-05-06,2236.552269,2259.335497,2218.722695,2231.667249,2244.463712,2975992800
2006-05-07,2241.275325,2271.597656,2222.842811,2229.875558,2242.39366,2253157592
2006-05-08,2238.439763,2246.712019,2214.39629,2217.247007,2218.284644,1739980034
2006-05-09,2227.573857,2294.286674,2213.749628,2233.354319,2265.202251,3376728567
2006-05-10,2243.178052,2251.403795,2204.429602,2239.070168,2249.325747,2384235251
2006-05-11,2267.271034,2277.031381,2238.498717,2240.607594,2260.506501,2925102551
2006-05-12,2288.669084,2297.105047,2218.41268,2233.482901,2257.672341,2949549566
2006-05-13,2244.415717,2260.628031,2203.585623,2231.863788,2233.957943,2335023283
2006-05-14,2246.262142,2278.194686,2223.505546,2232.702468,2238.373507,2690999652
2006-05-15,2258.579781,2268.157313,2229.879832,2246.855591,2249.137958,2940549013
2006-05-16,2263.080791,2265.08287,2197.890788,2249.043654,2264.757331,2792145312
2006-05-17,2230.606167,2259.312688,2220.806928,2223.9412,2253.560506,1795375078
2006-05-18,2249.041594,2271.407905,2184.510968,2249.232666,2270.390754,2958587635
2006-05-19,2269.218649,2319.64412,2228.515889,2249.837562,2255.484458,2174868558
2006-05-20,2254.763132,2268.710035,2208.112393,2255.732526,2266.115842,2646646522
2006-05-21,2256.984622,2268.326705,2207.03573,2236.330104,2245.427173,3547171753
2006-05-22,2272.104087,2290.192946,2207.113637,2219.408159,2224.534508,2173175414
2006-05-23,2265.607281,2271.602757,2221.337271,2223.192029,2243.264295,1245400433
2006-05-24,2233.488622,2269.386306,2213.540009,2224.217114,2255.273306,2573404322
2006-05-25,2270.328052,2280.817281,2237.050841,2239.275981,2242.738145,2219618613
2006-05-26,2246.732974,2264.289414,2216.797128,2238.638587,2257.584726,3093087572
2006-05-27,2268.956596,2298.120727,2243.456941,2246.352239,2251.207384,2269469738
2006-05-28,2260.684886,2276.235696,2209.129118,2211.758119,2225.723417,1981788385
2006-05-29,2227.540836,2291.922576,2213.087701,2247.544965,2279.20092,1679577150
2006-05-30,2275.911693,2277.904961,2231.887673,2232.020596,2234.725348,1928275289
2006-05-31,2269.091769,2280.19884,2232.556755,2255.581766,2278.41601,1462184168
2006-06-01,2266.877943,2280.845395,2234.638549,2251.051837,2280.046612,1785703727
2006-06-02,2249.966828,2267.14874,2211.310851,2234.215712,2242.689716,1932746023
2006-06-03,2265.259397,2292.404213,2214.79787,2246.342678,2284.302499,2064970915
2006-06-04,2249.612073,2270.330055,2198.092337,2221.344257,2251.943295,2218078985
2006-06-05,2265.111683,2293.768924,2234.835017,2263.054033,2279.898339,2547914232
2006-06-06,2274.102923,2300.688439,2228.885661,2274.154494,2290.159329,2309641230
2006-06-07,2287.035171,2287.434731,2203.630643,2257.327999,2278.253683,2142649709
2006-06-08,2262.217357,2279.266851,2242.431728,2251.660879,2259.303569,1898388767
2006-06-09,2287.219213,2292.699433,2197.244283,2246.901189,2261.677548,2335986484
2006-06-10,2265.533835,2295.430557,2231.789796,2251.196765,2260.176009,4056307940
2006-06-11,2260.182245,2283.593664,2232.649995,2240.533779,2267.253829,1718059501
2006-06-12,2259.148544,2273.130779,2227.217823,2269.353683,2271.526808,1150372692
2006-06-13,2258.609414,2267.133682,2216.884738,2223.602342,2248.923154,2627906737
2006-06-14,2255.454061,2269.344899,2228.26885,2255.934837,2266.731956,3233297065
2006-06-15,2249.704186,2295.814791,2215.100439,2243.32898,2267.183407,2964569265
2006-06-16,2268.82322,2283.78736,2231.125492,2238.977471,2249.916583,1828250249
2006-06-17,2263.030522,2273.296576,2227.59623,2239.480857,2247.65443,2230251460
2006-06-18,2256.854266,2274.737953,2242.199132,2252.923267,2260.580675,2702951838
2006-06-19,2273.477803,2287.253774,2216.459281,2243.034019,2266.882324,2080523676
2006-06-20,2258.507453,2286.223166,2241.017831,2252.854622,2263.401682,2143520283
2006-06-21,2266.81116,2278.55267,2255.22873,2259.851576,2264.356708,2096692645
2006-06-22,2246.760768,2283.111926,2202.791938,2246.434792,2276.528005,2995181557
2006-06-23,2266.633864,2267.77146,2218.442277,2243.032869,2265.130607,2235074811
2006-06-24,2279.362016,2294.788949,2217.062965,2234.43609,2241.877335,2479072782
2006-06-25,2259.260505,2296.05049,2228.802002,2229.946323,2266.364245,3153361010
2006-06-26,2262.729553,2271.552877,2231.907828,2242.210935,2261.719083,2132936456
2006-06-27,2255.12841,2283.288317,2199.363368,2242.649656,2251.861924,1573751697
2006-06-28,2261.779689,2294.177631,2242.478982,2245.074405,2261.752382,2212676348
2006-06-29,2264.589809,2297.143297,2234.164497,2245.631529,2248.010741,2476978376
2006-06-30,2267.18585,2292.952322,2228.053503,2267.224023,2270.29247,2314284250
2006-07-01,2264.538131,2295.506331,2215.454335,2267.427812,2268.366009,2526368305
2006-07-02,2288.241081,2314.659483,2248.380203,2252.629207,2264.849255,2550998520
2006-07-03,2250.166113,2262.157587,2239.14084,2246.917707,2259.915047,1771355655
2006-07-04,2273.488882,2273.67367,2231.672854,2243.322836,2273.115906,2069922498
2006-07-05,2275.613496,2286.675862,2249.678867,2253.747186,2261.452277,1624265606
2006-07-06,2281.907128,2288.769212,2232.572528,2260.259611,2267.548868,3711993701
2006-07-07,2277.375156,2308.719318,2227.903038,2233.084576,2243.8311,1350953099
2006-07-08,2275.506027,2298.164782,2234.173312,2251.987781,2266.107552,1962360023
2006-07-09,2274.908346,2293.461835,2234.323367,2257.294655,2292.90329,2359441096
2006-07-10,2296.616818,2302.819666,2223.306956,2263.297104,2297.999335,2287387646
2006-07-11,2273.992687,2275.600801,2237.965461,2264.564128,2267.766354,1897660453
2006-07-12,2263.344674,2287.245818,2256.486037,2258.611389,2261.692859,2465579621
2006-07-13,2282.395569,2294.549699,2205.324532,2248.468857,2288.80572,1767493933
2006-07-14,2287.153752,2295.328614,2215.021078,2275.998311,2284.595874,3205317214
2006-07-15,2265.014724,2293.706911,2241.287214,2260.770562,2273.307349,2349609533
2006-07-16,2280.613636,2296.04706,2239.74958,2266.396542,2274.955311,2061022155
2006-07-17,2292.140204,2303.161591,2237.360835,2266.871091,2282.695404,1319542514
2006-07-18,2281.058329,2291.812353,2253.538622,2258.758781,2273.573092,3133387155
2006-07-19,2260.223429,2293.101759,2249.143823,2283.67793,2286.570908,2066481458
2006-07-20,2249.023238,2291.293841,2239.764036,2244.403161,2260.550124,2051236298
2006-07-21,2266.082968,2278.128212,2236.817356,2273.447434,2278.013486,2951264415
2006-07-22,2258.273552,2292.021668,2253.674438,2275.406097,2286.392006,1844776306
2006-07-23,2259.006033,2281.30719,2233.709499,2245.826961,2279.421024,2469057976
2006-07-24,2292.578309,2311.126124,2232.012149,2252.789081,2270.644339,2560221116
2006-07-25,2288.642825,2309.84338,2233.351376,2259.431115,2280.604433,2401939219
2006-07-26,2297.220198,2300.517673,2229.889369,2251.851357,2278.607836,1779842743
2006-07-27,2269.074544,2286.720155,2243.759526,2256.55034,2268.54172,1766184023
2006-07-28,2293.300477,2308.651495,2263.056289,2268.107189,2302.451854,2460216370
2006-07-29,2287.002392,2298.07728,2248.430663,2267.96042,2281.31596,2760702658
2006-07-30,2277.576778,2308.946633,2238.875761,2269.024069,2273.527565,958603281
2006-07-31,2302.424636,2305.356154,2229.669504,2268.050335,2272.904628,1734166975
2006-08-01,2263.486828,2287.015173,2220.119738,2246.909064,2272.528481,1834989901
2006-08-02,2268.177191,2294.464321,2239.044997,2271.699476,2279.897612,1570957506
2006-08-03,2300.404943,2301.182902,2230.072692,2250.957269,2257.87835,3156186076
2006-08-04,2259.208744,2288.160911,2245.058175,2246.024588,2248.892276,1871916881
2006-08-05,2285.926102,2296.314806,2229.43977,2274.547501,2280.076095,1803701256
2006-08-06,2276.130028,2280.13618,2251.806747,2272.676655,2273.905422,1949105555
2006-08-07,2269.220163,2308.624591,2254.163404,2254.659482,2257.449156,1815269861
2006-08-08,2299.299521,2311.045407,2246.857293,2250.495497,2263.90175,1809527019
2006-08-09,2287.152232,2296.919959,2229.125927,2280.648119,2292.900278,2213878519
2006-08-10,2289.407533,2323.127819,2255.920947,2271.074884,2278.323931,2245377399
2006-08-11,2271.400754,2279.599194,2251.004932,2275.498237,2277.552253,2838847558
2006-08-12,2258.943589,2302.571162,2234.20216,2271.77666,2276.233022,2640305709
2006-08-13,2258.6836,2306.086302,2232.447502,2244.405385,2273.469351,2383749450
2006-08-14,2301.50843,2336.174762,2230.546238,2266.344051,2278.773138,1673938197
2006-08-15,2287.609556,2296.400518,2255.444468,2255.922801,2262.235703,2736395237
2006-08-16,2277.474695,2313.75847,2239.575201,2244.469661,2252.328498,3158116710
2006-08-17,2297.819649,2311.482771,2254.895174,2270.922454,2296.803248,2956118930
2006-08-18,2293.113354,2309.394588,2229.255297,2247.026173,2273.301723,2195363455
2006-08-19,2300.905718,2301.484025,2240.554272,2276.462449,2283.675159,3225663791
2006-08-20,2297.787501,2306.920791,2276.585335,2279.552425,2292.214471,2712851007
2006-08-21,2278.251451,2283.508944,2223.438663,2241.865352,2272.919175,1799689364
2006-08-22,2300.493218,2302.960099,2246.799434,2248.270598,2289.063139,1954103650
2006-08-23,2295.035588,2297.018975,2263.823351,2272.538897,2281.067973,2661349313
2006-08-24,2281.47235,2302.337879,2242.764558,2255.68545,2298.372138,3034392031
2006-08-25,2315.005652,2319.892632,2256.788459,2264.740772,2283.588961,942684808
2006-08-26,2286.75251,2290.255294,2234.013258,2271.538205,2285.346524,3021095769
2006-08-27,2291.902797,2293.420555,2265.327792,2272.801216,2287.743243,3013357837
2006-08-28,2292.729445,2306.11223,2237.590651,2248.944105,2273.966498,1977400967
2006-08-29,2302.737199,2310.033873,2279.861555,2285.976157,2292.459038,2562891612
2006-08-30,2265.299884,2301.137187,2260.331326,2263.619817,2294.457584,1710828793
2006-08-31,2303.824115,2305.096225,2269.517917,2270.297236,2280.051065,3303396741
2006-09-01,2293.412456,2301.588719,2229.091142,2262.201659,2289.629079,2514285261
2006-09-02,2294.451268,2316.637977,2245.815504,2258.910512,2298.532174,2833615342
2006-09-03,2308.465945,2314.638462,2238.724108,2275.000345,2277.767372,2957489985
2006-09-04,2299.942349,2346.876763,2273.237866,2279.322104,2285.551301,1439723904
2006-09-05,2294.375214,2312.552849,2247.121615,2273.788381,2278.640886,1813559825
2006-09-06,2285.980414,2323.792104,2254.577258,2267.298728,2299.555213,3387978404
2006-09-07,2301.966497,2328.103505,2245.24496,2265.626049,2285.646362,2398897828
2006-09-08,2289.65424,2301.556838,2250.059125,2277.87465,2297.220349,2980944684
2006-09-09,2275.534428,2309.435991,2269.520449,2271.476799,2288.608285,1343278525
2006-09-10,2285.724671,2300.241167,2251.936219,2258.167615,2267.580333,1310094295
2006-09-11,2306.746864,2319.1301,2267.903543,2283.539868,2296.011941,3115580304
2006-09-12,2300.626422,2329.204936,2237.030253,2273.170525,2289.643632,1500800437
2006-09-13,2300.961426,2326.78978,2260.231742,2260.997519,2290.077863,1151602168
2006-09-14,2275.314064,2314.714504,2275.06703,2289.480331,2304.803061,1883154340
2006-09-15,2293.265733,2334.731968,2257.329798,2299.260806,2313.338984,2227211415
2006-09-16,2297.497498,2303.637984,2260.824574,2265.106181,2267.545574,1360626443
2006-09-17,2280.092683,2308.613475,2276.948529,2306.612007,2306.706717,3170952863
2006-09-18,2295.552921,2326.348687,2283.203326,2295.022206,2319.995769,2098412075
2006-09-19,2292.084206,2297.963323,2269.488742,2277.627409,2281.176753,2825789328
2006-09-20,2294.005615,2315.735907,2257.158208,2263.886564,2296.325205,2816361855
2006-09-21,2291.335471,2297.18478,2256.884914,2274.450481,2296.500094,3370877540
2006-09-22,2315.67548,2320.179551,2250.899382,2300.955566,2305.893881,2638094416
2006-09-23,2307.832385,2316.705586,2263.48898,2290.61344,2304.004096,2519086779
2006-09-24,2301.626688,2322.56679,2266.169922,2289.916884,2297.223678,2331045549
2006-09-25,2291.865326,2345.980483,2259.177849,2305.345396,2315.022968,1182259625
2006-09-26,2282.113832,2302.34838,2273.924608,2274.961495,2299.71751,2463320610
2006-09-27,2301.676268,2321.41656,2268.027303,2279.553733,2282.851474,2528829021
2006-09-28,2285.265676,2298.967888,2255.124762,2266.130768,2273.831397,1570387336
2006-09-29,2287.54497,2316.435302,2264.653541,2272.640019,2307.250109,3704133860
2006-09-30,2308.813503,2323.307481,2243.440396,2303.482809,2308.288339,1519597524
2006-10-01,2295.55664,2305.864474,2272.13071,2274.512599,2286.439249,1720996979
2006-10-02,2307.411874,2322.647408,2275.879412,2276.606135,2307.743051,2385906539
2006-10-03,2319.810847,2335.292415,2278.221833,2308.260241,2312.399247,2188190448
2006-10-04,2332.850116,2346.044719,2269.793327,2288.306747,2304.937413,1715948926
2006-10-05,2285.7819,2314.943624,2250.783568,2255.778509,2269.353865,1329369200
2006-10-06,2306.094843,2329.118284,2261.541209,2307.218122,2315.971972,2850820083
2006-10-07,2289.67964,2308.429262,2265.827963,2293.105322,2298.195102,2538068098
2006-10-08,2294.860279,2332.251222,2290.457074,2299.046811,2304.262461,2610624434
2006-10-09,2307.248617,2311.911682,2271.405697,2275.484401,2308.329417,2703753093
2006-10-10,2301.012909,2310.910498,2267.441837,2293.459426,2307.471533,1747243102
2006-10-11,2294.543587,2312.067464,2272.702508,2288.264655,2295.050053,3308278473
2006-10-12,2291.391174,2315.487371,2260.864638,2288.655981,2297.617873,2091032438
2006-10-13,2317.375602,2320.828338,2248.400549,2281.213808,2295.937332,1730740711
2006-10-14,2299.514676,2321.442637,2250.570986,2265.014844,2307.779511,1907684137
2006-10-15,2320.181717,2335.609252,2253.631315,2261.280035,2295.780164,2446107020
2006-10-16,2284.379764,2327.904193,2249.626803,2287.316441,2303.124562,2874782881
2006-10-17,2286.156879,2329.82034,2268.40884,2285.916186,2301.367051,3212695975
2006-10-18,2310.684807,2313.894772,2264.809255,2287.989679,2302.473805,2203025739
2006-10-19,2306.35246,2311.986243,2266.833606,2283.291749,2291.093731,2931089275
2006-10-20,2296.296726,2325.274404,2262.118662,2282.996845,2321.558962,2058929840
2006-10-21,2301.905489,2335.650175,2263.383599,2284.010358,2287.279976,3048926985
2006-10-22,2321.826281,2346.78736,2289.154885,2294.830161,2306.367252,3038463615
2006-10-23,2315.754625,2346.42274,2289.320871,2306.267557,2317.74674,2444170011
2006-10-24,2298.711007,2341.615106,2252.152101,2295.567354,2307.966879,2576136706
2006-10-25,2309.187727,2324.512441,2256.597191,2285.186506,2301.952415,2211560281
2006-10-26,2309.807019,2344.60287,2307.897581,2312.689289,2315.133385,2077095179
2006-10-27,2324.833425,2334.949488,2258.926066,2285.737202,2326.9628,2895735218
2006-10-28,2330.138175,2335.227868,2254.825763,2307.725847,2322.747125,2298241908
2006-10-29,2289.939261,2330.287945,2283.864483,2291.444685,2313.417501,1689379059
2006-10-30,2324.778781,2339.530202,2267.393738,2281.113698,2329.44912,3303983571
2006-10-31,2316.290486,2331.282928,2268.527033,2291.455924,2291.527492,3214844839
2006-11-01,2310.912556,2335.518404,2292.678816,2309.439564,2320.10212,2184928632
2006-11-02,2325.688539,2304.992194,2280.533874,2292.920714,2297.258051,1885031337
2006-11-03,2309.115074,2363.163579,2288.828275,2311.784901,2325.309047,2570311928
2006-11-04,2298.144396,2336.327944,2248.663285,2288.074813,2305.367158,2457115013
2006-11-05,2309.83966,2345.939141,2281.376904,2287.156809,2335.198719,2550373465
2006-11-06,2300.722011,2336.212489,2283.512533,2292.222163,2292.406189,3388708537
2006-11-07,2337.392518,2337.740193,2278.611442,2295.246203,2303.747769,2781388657
2006-11-08,2327.701644,2330.6381,2272.14053,2281.540678,2285.121912,2404021955
2006-11-09,2298.067527,2326.426806,2271.009259,2288.816168,2296.925394,2696236034
2006-11-10,2304.408561,2323.61878,2282.043601,2302.750056,2309.804739,3214334199
2006-11-11,2328.741123,2329.831419,2288.318059,2297.96427,2299.524715,2525391042
2006-11-12,2356.424692,2333.734333,2279.338555,2302.595191,2325.896079,2377184671
2006-11-13,2313.8852,2313.931235,2274.40022,2296.289747,2306.147718,2677916668
2006-11-14,2324.667993,2329.830497,2292.041328,2292.595012,2305.718471,2147619379
2006-11-15,2304.514211,2326.888664,2289.788071,2294.359735,2302.360045,2593041108
2006-11-16,2299.292773,2324.731398,2285.910908,2286.484573,2290.103943,1964996275
2006-11-17,2297.112527,2299.770317,2284.260243,2291.169342,2292.343193,2433019874
2006-11-18,2302.07064,2339.913836,2288.20293,2298.698529,2313.009368,2087364257
2006-11-19,2305.137162,2323.204387,2292.918143,2303.893427,2322.198173,1659792596
2006-11-20,2320.88868,2365.113517,2276.97086,2298.301333,2316.181736,1909421151
2006-11-21,2320.611878,2321.831627,2280.38153,2287.565444,2306.595282,2554335986
2006-11-22,2314.088033,2325.372609,2271.942097,2286.998896,2319.070054,1794111514
2006-11-23,2315.867288,2340.186316,2276.17841,2310.263871,2319.302731,2589405694
2006-11-24,2322.794526,2331.493831,2276.871365,2318.429203,2320.522022,2578538263
2006-11-25,2333.64412,2356.897864,2288.420554,2306.60496,2320.375166,3295447532
2006-11-26,2327.313072,2331.788035,2249.734783,2315.564625,2330.316014,2135943200
2006-11-27,2315.244827,2325.866375,2267.056747,2294.9731,2300.99938,2071138278
2006-11-28,2320.127414,2350.172718,2280.466656,2309.627155,2334.733145,3035993894
2006-11-29,2316.149821,2349.95318,2297.303981,2301.692342,2309.224232,1478327042
2006-11-30,2326.258821,2342.092619,2299.739682,2326.865268,2331.142683,2622586545
2006-12-01,2323.356238,2361.809884,2297.282662,2305.946221,2311.019136,2143423982
2006-12-02,2339.76566,2352.530511,2284.355987,2314.563922,2350.877692,2561172422
2006-12-03,2340.471529,2347.727082,2308.672081,2324.73894,2332.493181,2327658939
2006-12-04,2333.782992,2333.998661,2255.56152,2287.920148,2293.044631,1975313393
2006-12-05,2337.299789,2357.049731,2287.596634,2319.510421,2319.718928,1483897042
2006-12-06,2343.211451,2344.463311,2297.370817,2309.859659,2316.206931,2983384000
2006-12-07,2332.830335,2339.386688,2292.774421,2304.665335,2315.436813,2361974080
2006-12-08,2312.838961,2355.330793,2304.181889,2309.692586,2327.135677,2538069400
2006-12-09,2329.611541,2343.473751,2314.810357,2326.261603,2342.410879,2694219180
2006-12-10,2322.266729,2352.632571,2294.277772,2299.197538,2301.625907,2689780128
2006-12-11,2336.484899,2349.957699,2282.354062,2307.256124,2346.734916,2232735660
2006-12-12,2306.391728,2333.984941,2303.987033,2307.470499,2313.607671,1365114867
2006-12-13,2319.888749,2328.622078,2295.915198,2304.518329,2320.1367,2140741370
2006-12-14,2329.343704,2352.86487,2296.950618,2326.958594,2334.330678,846115325
2006-12-15,2337.173874,2339.122089,2280.34675,2285.884337,2327.227626,2666233779
2006-12-16,2306.122198,2342.471751,2287.635221,2315.52564,2324.615128,2879234344
2006-12-17,2320.686766,2358.565807,2283.553127,2292.227356,2345.120943,2158601014
2006-12-18,2310.732101,2340.450726,2273.694108,2317.041291,2322.780219,827038393
2006-12-19,2330.084339,2346.192489,2294.076961,2297.258842,2304.022356,3001746472
2006-12-20,2334.984846,2355.222273,2304.809987,2322.375935,2335.664804,2089823839
2006-12-21,2332.352054,2352.470393,2284.80093,2320.857308,2338.794597,2643127174
2006-12-22,2332.132439,2351.901728,2302.169936,2321.903644,2328.232448,1535421569
2006-12-23,2342.879117,2343.422287,2274.192778,2322.573058,2328.562385,2192104275
2006-12-24,2336.735208,2378.578999,2295.939733,2331.470545,2337.454629,2439066813
2006-12-25,2323.223864,2331.636149,2308.531426,2318.497198,2322.586622,2783479302
2006-12-26,2350.162931,2351.879646,2279.414383,2304.866321,2324.465529,3226805902
2006-12-27,2309.298446,2347.823594,2285.64833,2302.48019,2344.126278,1375268637
2006-12-28,2319.367461,2322.695623,2292.498698,2293.951197,2317.314624,3498454111
2006-12-29,2306.684321,2344.023744,2265.469267,2270.465725,2310.126857,1904907815
2006-12-30,2336.661062,2341.037143,2293.785436,2309.422558,2334.034163,1264647885
2006-12-31,2323.603318,2354.749737,2295.056434,2315.193116,2320.014523,2036180904
2007-01-01,2317.242175,2348.172316,2313.825007,2315.679548,2330.358912,1037130069
2007-01-02,2326.442723,2352.631372,2292.725793,2349.370342,2350.550172,2972326579
2007-01-03,2315.511571,2350.7597,2305.620798,2313.97143,2341.374351,2870619496
2007-01-04,2339.801767,2343.92038,2311.363471,2313.86665,2316.646385,2999806069
2007-01-05,2325.966125,2362.199942,2305.479597,2305.772983,2310.556361,2520297883
2007-01-06,2359.868288,2364.727621,2285.502573,2301.305039,2310.917606,2213008544
2007-01-07,2322.052117,2347.276182,2304.97442,2311.054514,2338.325524,1758324086
2007-01-08,2321.137426,2353.360577,2289.06994,2306.971363,2339.812929,2397427492
2007-01-09,2333.887394,2354.232004,2286.107109,2299.831618,2348.875862,1358700323
2007-01-10,2355.482288,2360.817054,2311.546874,2315.797189,2331.872988,2225560796
2007-01-11,2308.485552,2353.685722,2255.201908,2314.782056,2347.515348,2702899057
2007-01-12,2345.273911,2351.569131,2310.998863,2313.637507,2347.920793,2329882323
2007-01-13,2357.557447,2358.526398,2289.229472,2298.52719,2312.599278,3276241763
2007-01-14,2343.679962,2354.445263,2300.219929,2324.951164,2348.225819,1829323692
2007-01-15,2342.30414,2366.377727,2303.15281,2327.891095,2336.992255,2199283380
2007-01-16,2328.757133,2357.161987,2302.561045,2307.109134,2315.738094,2121829580
2007-01-17,2343.191983,2360.355082,2299.889336,2316.989678,2349.952379,1420791772
2007-01-18,2321.140665,2346.59949,2302.481654,2320.254708,2324.457478,2485867274
2007-01-19,2349.166812,2347.674031,2294.467217,2319.283294,2328.717814,2586602044
2007-01-20,2324.772596,2357.291219,2304.367409,2322.053131,2329.839161,861718939
2007-01-21,2350.909499,2363.283318,2284.901249,2321.098457,2358.46265,2987345476
2007-01-22,2358.777806,2363.439062,2282.909908,2306.337591,2354.47243,2415326278
2007-01-23,2349.322007,2361.227114,2325.57217,2329.004741,2343.816181,2215561343
2007-01-24,2328.514584,2329.949112,2313.453612,2322.342642,2329.697624,1896666213
2007-01-25,2325.809094,2358.243815,2314.336508,2336.763105,2347.249411,2371220758
2007-01-26,2351.333402,2354.812168,2315.257542,2321.214421,2323.499655,2784488537
2007-01-27,2336.969755,2364.018278,2294.653558,2306.327368,2332.931237,1636583456
2007-01-28,2323.936462,2357.485398,2310.426677,2337.070176,2352.703261,2112871818
2007-01-29,2343.587914,2348.119072,2317.19792,2330.131995,2340.3884,3347500871
2007-01-30,2334.845822,2365.352666,2305.310898,2326.919706,2357.164771,1835339951
2007-01-31,2352.183424,2366.399961,2308.83046,2328.0822,2347.046875,3795738861
2007-02-01,2351.069648,2387.523342,2309.250986,2326.209743,2354.060693,2455023006
2007-02-02,2342.598864,2365.465505,2314.194849,2332.388676,2335.457883,2559718695
2007-02-03,2330.770058,2365.076969,2325.210509,2337.895372,2359.152675,2666683526
2007-02-04,2355.472267,2368.522499,2308.861359,2319.674893,2358.594218,2583894236
2007-02-05,2371.339499,2384.807608,2261.948268,2286.309442,2338.614354,1500844152
2007-02-06,2359.44344,2363.854055,2323.636461,2338.682833,2356.124721,2944724779
2007-02-07,2346.314342,2379.598731,2270.125182,2332.94177,2354.613303,2068847805
2007-02-08,2337.016291,2362.899525,2320.22438,2327.192545,2346.352914,2502032715
2007-02-09,2334.585698,2359.308824,2314.013852,2318.489693,2320.222631,3427579180
2007-02-10,2330.167452,2381.110854,2306.809191,2307.556013,2365.095095,2331962010
2007-02-11,2348.897361,2354.082628,2322.055722,2337.093824,2351.005901,2131880778
2007-02-12,2345.051349,2385.316962,2300.012856,2303.685008,2344.956216,1744985971
2007-02-13,2345.149719,2379.905178,2318.309269,2337.245839,2338.851064,1288050952
2007-02-14,2352.331299,2351.597822,2307.454046,2343.959384,2351.349116,2395841255
2007-02-15,2379.132508,2380.496651,2316.25164,2325.533054,2349.439569,3045946534
2007-02-16,2396.823255,2401.153846,2299.694617,2318.731472,2325.689572,2539969852
2007-02-17,2344.967171,2358.21047,2270.99652,2351.017286,2352.199411,2502353083
2007-02-18,2344.176265,2364.321592,2332.743874,2335.310469,2355.590732,3019735937
2007-02-19,2346.515111,2357.478262,2293.855829,2299.904287,2300.146089,2936301056
2007-02-20,2335.576209,2387.486219,2303.017042,2329.086422,2369.216425,3134683467
2007-02-21,2333.142193,2364.122143,2307.337813,2338.547441,2351.836587,2216634102
2007-02-22,2344.408447,2367.223623,2320.118372,2334.25171,2349.6192,1204142695
2007-02-23,2336.875444,2364.000711,2302.199582,2352.090963,2359.799575,2760490713
2007-02-24,2368.688559,2370.843577,2287.800701,2316.773494,2325.918865,2110109583
2007-02-25,2322.763517,2356.700507,2320.930654,2325.870556,2354.756271,2151128037
2007-02-26,2361.464086,2365.848523,2335.475169,2341.537857,2347.699151,2049538072
2007-02-27,2347.418121,2354.911623,2323.565741,2332.980953,2351.047203,3829961391
2007-02-28,2335.842124,2381.715293,2325.052574,2339.1955,2343.811241,1837248423
2007-03-01,2352.597402,2364.290075,2315.496724,2321.522408,2336.476952,2165829292
2007-03-02,2327.259589,2364.341002,2288.343908,2311.486096,2317.374118,2010455501
2007-03-03,2346.145835,2362.672739,2327.58873,2336.841386,2349.235084,3009032061
2007-03-04,2356.902853,2343.716971,2324.81378,2331.688999,2340.051071,2862302710
2007-03-05,2330.856592,2374.944296,2311.743028,2329.176317,2370.681622,2052038893
2007-03-06,2344.537457,2354.375882,2335.879847,2338.761578,2342.705855,3367153057
2007-03-07,2358.027112,2369.369176,2314.597625,2333.029266,2363.522516,2355205244
2007-03-08,2365.958501,2374.018829,2295.022464,2336.341023,2342.6839,2604208462
2007-03-09,2350.156652,2384.30896,2315.953287,2322.661898,2347.794246,1802012033
2007-03-10,2335.248698,2346.5717,2317.55146,2335.689805,2342.236774,2215006642
2007-03-11,2351.416276,2382.411239,2326.078562,2347.355643,2376.571961,2533065351
2007-03-12,2334.258282,2377.763124,2316.662119,2328.161088,2357.7596,2271355691
2007-03-13,2352.305944,2374.797213,2328.332785,2336.099323,2349.203189,3888199669
2007-03-14,2348.607217,2368.296093,2335.940199,2340.789278,2341.433223,3406741949
2007-03-15,2347.132422,2364.395827,2313.564416,2343.62272,2352.109576,1632116016
2007-03-16,2337.492385,2373.214595,2290.911401,2344.129137,2362.583241,1670831658
2007-03-17,2352.370436,2374.083787,2300.323291,2350.441295,2361.811333,1364654927
2007-03-18,2366.300778,2372.439457,2300.744135,2305.91189,2361.861172,2523906738
2007-03-19,2350.979877,2393.457054,2306.116887,2341.695639,2350.381744,2650523841
2007-03-20,2355.923271,2365.554484,2331.186805,2343.900943,2345.474342,2869858795
2007-03-21,2356.727683,2379.237472,2320.507642,2341.058115,2344.355989,2353055396
2007-03-22,2354.805685,2371.345959,2323.999245,2343.561669,2357.307472,2123305960
2007-03-23,2344.247447,2357.209371,2335.254587,2343.111834,2343.563373,2800911848
2007-03-24,2370.967391,2371.480225,2302.468759,2354.829046,2368.556892,1493850955
2007-03-25,2353.682534,2383.535195,2339.279244,2340.187516,2370.693049,2791813824
2007-03-26,2371.463072,2378.563407,2317.301068,2333.339953,2349.987889,3073546050
2007-03-27,2325.840162,2358.646438,2289.435986,2346.619761,2347.577795,2830034765
2007-03-28,2366.825248,2380.85454,2339.707918,2344.481219,2355.68159,2286640430
2007-03-29,2353.973247,2391.653057,2331.55497,2351.303767,2356.466109,1940185944
2007-03-30,2376.81929,2376.967277,2315.75949,2344.991633,2350.5811,2127956597
2007-03-31,2384.115964,2388.063202,2294.777203,2319.198371,2348.022811,3229916306
2007-04-01,2375.283806,2405.314001,2326.830764,2341.810238,2345.13627,3344003276
2007-04-02,2369.190931,2397.365612,2339.097937,2369.36926,2389.443469,2543450192
2007-04-03,2363.48382,2385.224447,2338.819331,2344.270896,2370.939023,2520695373
2007-04-04,2363.17435,2369.862981,2340.957524,2356.292042,2365.608649,1766738950
2007-04-05,2353.513632,2412.150428,2341.68902,2342.348042,2370.125943,1376897011
2007-04-06,2387.059658,2402.995907,2339.339473,2339.680634,2354.571795,2563017020
2007-04-07,2367.840535,2393.987654,2324.796834,2355.728183,2382.800292,2747366274
2007-04-08,2377.618122,2389.721515,2329.312085,2357.404832,2375.222889,1696877518
2007-04-09,2376.723976,2377.907129,2301.05088,2348.369039,2375.348146,2995414323
2007-04-10,2372.956355,2377.47211,2327.25852,2329.156878,2358.858789,3077628606
2007-04-11,2348.947942,2399.999729,2311.766747,2331.094972,2348.307525,2371446973
2007-04-12,2358.234218,2392.797796,2308.58007,2318.058939,2388.692068,1760996739
2007-04-13,2356.840396,2376.698191,2343.394058,2370.153863,2373.569051,3369090893
2007-04-14,2360.909881,2405.247678,2349.039603,2352.664743,2356.785549,2713338185
2007-04-15,2354.862567,2362.118052,2322.2269,2344.92225,2356.112471,2377360953
2007-04-16,2342.364101,2386.933671,2323.299831,2359.747256,2364.943358,1487789551
2007-04-17,2367.784227,2383.817662,2341.752191,2343.80355,2371.961897,3102799493
2007-04-18,2364.266396,2367.674643,2343.145644,2346.328179,2357.352228,2194916656
2007-04-19,2350.390701,2385.712103,2305.746894,2343.653454,2361.449794,3462182721
2007-04-20,2362.462179,2369.979828,2313.881972,2362.821513,2362.921738,2187451041
2007-04-21,2339.000221,2394.47154,2338.405986,2373.382278,2376.73909,3006852135
2007-04-22,2384.60141,2398.829907,2315.093961,2345.408057,2377.207625,2981834886
2007-04-23,2364.381252,2383.824008,2303.140097,2360.909829,2375.275129,2591822925
2007-04-24,2369.08867,2385.246462,2318.172888,2331.933049,2373.28819,1623285334
2007-04-25,2366.937318,2374.155777,2334.371673,2352.809208,2370.877129,3529690912
2007-04-26,2356.822978,2380.430027,2325.511245,2366.081614,2378.244854,3151185508
2007-04-27,2363.710529,2367.743972,2350.987732,2355.483769,2364.371789,2952421467
2007-04-28,2359.509211,2385.428605,2328.469864,2362.873092,2379.656958,2543089945
2007-04-29,2376.9029,2406.662839,2325.582806,2348.709614,2383.920125,2295023282
2007-04-30,2376.671985,2397.045477,2346.043159,2361.991587,2370.948072,2087890108
2007-05-01,2372.131286,2375.160016,2337.563681,2351.598372,2356.511216,3328286667
2007-05-02,2375.359055,2377.8868,2309.415359,2329.386409,2372.462946,3448616472
2007-05-03,2352.833077,2385.566908,2325.230418,2337.406322,2357.151649,2702718457
2007-05-04,2383.384378,2406.559847,2332.253439,2339.993217,2371.769648,2262741675
2007-05-05,2374.578319,2389.169823,2350.521741,2365.230569,2377.508499,2000342761
2007-05-06,2370.232045,2390.957929,2344.121088,2353.20885,2357.303272,2211510114
2007-05-07,2387.644986,2390.77367,2328.350036,2379.585571,2380.557455,2986497822
2007-05-08,2385.76711,2390.281344,2343.067396,2350.240229,2375.233567,2399545924
2007-05-09,2354.373182,2419.913093,2306.17884,2347.508151,2349.292319,2036107646
2007-05-10,2372.753518,2400.590715,2331.858688,2349.702317,2377.646056,3290092385
2007-05-11,2378.53748,2403.076088,2328.266523,2335.585564,2339.170737,1308078173
2007-05-12,2353.415934,2395.814734,2338.971188,2353.663404,2383.30909,1957488575
2007-05-13,2386.64031,2406.799676,2342.605563,2344.686716,2358.372048,1607419054
2007-05-14,2379.47366,2408.479961,2349.728628,2361.924999,2386.142751,3050500812
2007-05-15,2386.883982,2386.686944,2361.34822,2363.17588,2379.488441,2920850374
2007-05-16,2392.993631,2440.233379,2350.558923,2381.276334,2398.771398,1779020356
2007-05-17,2395.704582,2395.904177,2348.706998,2368.850772,2381.513524,2923257863
2007-05-18,2404.456209,2412.88631,2351.764448,2378.686857,2403.94456,2471378762
2007-05-19,2376.734474,2403.414775,2341.643184,2345.807828,2401.717642,4345745741
2007-05-20,2353.359641,2396.267738,2325.87981,2365.815955,2379.978335,2339683786
2007-05-21,2382.775063,2405.746419,2341.455549,2370.364972,2396.830049,3282238744
2007-05-22,2396.678411,2404.951834,2346.284193,2392.992914,2404.083274,2338275236
2007-05-23,2391.908492,2401.305184,2316.704265,2337.983837,2388.904086,2674364285
2007-05-24,2379.072649,2413.785918,2342.629708,2379.342652,2385.346462,2381769688
2007-05-25,2354.142958,2380.621906,2350.160645,2357.17819,2379.017566,2733900409
2007-05-26,2376.826026,2410.366063,2326.262597,2347.88305,2355.555045,2868232320
2007-05-27,2387.637166,2412.248119,2327.268515,2359.641568,2362.123498,2856719329
2007-05-28,2375.858897,2406.942996,2349.710795,2368.963794,2392.161284,3405758570
2007-05-29,2373.65046,2407.388883,2343.713786,2363.154191,2387.318177,2640759056
2007-05-30,2395.300401,2406.234665,2337.941058,2344.1082,2402.451876,2037954104
2007-05-31,2376.340351,2393.102186,2333.692154,2365.891259,2374.887456,2409679540
2007-06-01,2398.409011,2412.875451,2375.877512,2375.922556,2405.476765,3002692818
2007-06-02,2376.033684,2391.462535,2353.308757,2384.440665,2389.916784,2368255016
2007-06-03,2376.855253,2386.252761,2359.304842,2363.012187,2370.106116,2081659703
2007-06-04,2379.479217,2412.693683,2348.168357,2371.658056,2380.638978,2400191978
2007-06-05,2379.126867,2398.482348,2358.212194,2367.90709,2382.32831,2543111931
2007-06-06,2375.832374,2411.230854,2361.294354,2363.953006,2374.736983,2573382702
2007-06-07,2366.199907,2404.631131,2355.184394,2375.352344,2401.000749,3383607650
2007-06-08,2388.519622,2408.278197,2352.308957,2367.925747,2382.839261,3347608316
2007-06-09,2377.332021,2390.79757,2345.400995,2365.803066,2383.14224,2041203733
2007-06-10,2386.146148,2404.32489,2340.496771,2352.930284,2395.377257,2669408136
2007-06-11,2371.929927,2410.073449,2359.575249,2364.09648,2364.468744,1766691622
2007-06-12,2385.588542,2405.456941,2347.427295,2372.716642,2383.702859,3519386808
2007-06-13,2358.939125,2407.17312,2311.305784,2373.228111,2386.981883,2479295407
2007-06-14,2384.265299,2418.486954,2357.953991,2389.820678,2398.278081,1402300735
2007-06-15,2414.018641,2424.437255,2355.946454,2388.42683,2396.625265,3606086401
2007-06-16,2382.408662,2387.86469,2350.782533,2365.020026,2387.791318,3502588208
2007-06-17,2375.200163,2401.64622,2360.409725,2368.303446,2382.912569,2143211301
2007-06-18,2402.055287,2428.240586,2349.487024,2375.138275,2392.65254,2124516173
2007-06-19,2412.393692,2412.711413,2383.808678,2400.759636,2404.973062,857630398
2007-06-20,2392.991557,2417.759705,2354.643068,2359.130588,2379.182762,2564531022
2007-06-21,2396.263254,2406.126111,2356.393734,2358.468716,2401.04645,2268122527
2007-06-22,2370.617444,2404.786252,2351.859312,2356.460401,2373.431955,1993063204
2007-06-23,2387.904424,2419.474043,2354.565191,2390.179257,2401.016156,2570335468
2007-06-24,2399.590623,2414.364688,2353.227829,2364.08088,2364.88632,3297489146
2007-06-25,2412.953157,2420.523674,2365.720494,2367.281467,2400.645813,3409001623
2007-06-26,2388.821228,2422.29617,2355.948406,2381.636369,2392.437547,2900802415
2007-06-27,2420.652582,2436.345493,2352.910843,2369.699116,2393.737118,2593837941
2007-06-28,2371.167756,2407.010137,2348.238584,2364.08515,2374.51101,2861351447
2007-06-29,2391.552382,2411.963393,2358.462665,2374.524534,2387.50423,1552441434
2007-06-30,2380.620345,2406.518823,2359.102692,2395.257964,2399.125823,2408224485
2007-07-01,2365.014633,2397.991196,2364.808087,2370.760252,2387.819511,3065057966
2007-07-02,2410.514568,2419.295327,2392.219849,2397.032078,2405.831839,2309788026
2007-07-03,2374.933956,2409.931727,2364.782677,2381.164112,2404.842091,2542392025
2007-07-04,2413.447613,2417.111273,2372.555875,2382.119105,2397.648178,2452087640
2007-07-05,2387.179706,2424.316683,2353.807368,2365.770277,2420.84034,2311378112
2007-07-06,2385.933039,2401.909251,2342.513534,2377.521542,2386.059494,2473344024
2007-07-07,2377.143416,2394.800393,2373.09237,2387.836714,2388.787647,2095659668
2007-07-08,2376.610789,2392.30214,2366.196633,2373.731414,2380.327388,2446405155
2007-07-09,2393.231282,2421.133623,2378.520257,2380.60576,2420.855352,2392686882
2007-07-10,2388.063136,2408.236061,2380.228874,2387.281622,2390.490657,2726247125
2007-07-11,2396.413914,2418.683132,2355.723311,2371.682514,2382.157741,3088726879
2007-07-12,2426.588141,2440.804256,2375.145523,2384.080151,2400.966829,2628582832
2007-07-13,2417.608842,2419.287925,2380.765655,2387.8008,2408.522357,2025159510
2007-07-14,2370.015022,2409.215132,2344.110205,2354.4377,2361.532611,3697742073
2007-07-15,2384.500075,2410.256737,2333.748503,2384.032869,2409.673902,2442365970
2007-07-16,2395.564323,2424.580356,2336.612304,2370.495507,2395.520715,2155899414
2007-07-17,2382.957362,2425.037024,2352.016457,2374.923695,2388.611299,2181214244
2007-07-18,2391.33654,2411.606934,2377.00846,2403.390045,2410.460605,2876640862
2007-07-19,2417.477994,2433.316851,2345.703019,2361.012207,2366.117357,2961891247
2007-07-20,2393.183995,2417.331266,2365.561092,2371.847941,2385.206165,3019235116
2007-07-21,2389.466625,2399.021897,2370.313771,2393.309726,2397.757072,1334460677
2007-07-22,2386.882239,2406.657426,2361.740068,2367.817663,2377.297519,1482449734
2007-07-23,2413.859514,2414.916195,2387.553334,2389.948124,2402.393339,2775947828
2007-07-24,2395.703653,2426.264426,2360.478634,2381.938839,2403.57501,2729516468
2007-07-25,2393.168996,2428.326102,2366.42379,2400.481989,2405.560791,1324093125
2007-07-26,2380.001342,2417.005747,2341.445542,2385.883711,2393.395895,1339401791
2007-07-27,2405.017502,2430.635409,2355.777786,2389.907764,2405.378877,2691004308
2007-07-28,2387.996741,2414.157248,2360.356183,2362.72323,2376.575853,2076456924
2007-07-29,2400.540861,2406.047755,2361.606695,2368.908173,2381.100547,3362639913
2007-07-30,2378.685901,2407.514337,2377.735876,2401.230257,2406.744794,2614493664
2007-07-31,2399.674352,2438.226528,2377.937238,2381.654436,2429.040856,2806051579
2007-08-01,2390.143801,2407.645672,2368.324882,2375.685006,2398.327982,3054821950
2007-08-02,2393.807486,2427.703787,2349.309017,2400.123636,2417.075715,2610514623
2007-08-03,2393.972743,2416.606604,2388.550341,2391.962454,2404.894001,2601201802
2007-08-04,2416.305795,2425.288862,2351.543955,2399.518485,2402.171753,2143905531
2007-08-05,2399.176236,2444.093884,2367.073473,2407.594932,2420.076831,2001730348
2007-08-06,2389.874156,2433.69136,2367.527772,2390.768955,2426.336776,2657877567
2007-08-07,2422.900916,2427.082289,2387.893932,2402.256479,2404.95061,2200563082
2007-08-08,2386.759439,2435.570665,2369.223333,2381.790782,2420.132037,2009851748
2007-08-09,2412.813266,2417.408231,2357.314752,2378.056512,2406.747998,2647206381
2007-08-10,2398.691366,2435.677675,2375.812654,2376.627267,2382.904118,2757010201
2007-08-11,2415.145196,2424.847759,2365.442257,2418.824062,2422.060484,4567409745
2007-08-12,2404.022814,2433.578905,2369.828484,2374.830242,2406.354178,2275000638
2007-08-13,2406.648426,2426.081375,2362.598794,2402.011984,2417.694302,1942073205
2007-08-14,2402.42652,2434.253522,2385.733698,2400.130836,2411.40418,2365179673
2007-08-15,2383.589971,2438.677753,2339.744271,2423.18922,2425.461862,1904943418
2007-08-16,2392.344884,2425.412669,2366.442851,2375.55445,2393.179796,3582543122
2007-08-17,2416.685369,2422.940502,2398.508418,2398.998654,2406.537459,2252033847
2007-08-18,2402.346386,2424.307241,2389.197396,2400.541702,2412.259394,3199269628
2007-08-19,2416.769331,2427.31098,2384.954997,2411.427032,2421.391904,2386250199
2007-08-20,2421.111944,2430.493425,2396.478442,2414.079895,2428.68795,3712406542
2007-08-21,2422.852148,2437.833927,2371.527433,2392.319549,2416.542199,2477849829
2007-08-22,2420.696415,2421.226978,2369.373722,2409.813665,2413.343131,2294037998
2007-08-23,2421.423217,2437.880185,2356.458465,2384.340767,2409.397091,1907928364
2007-08-24,2419.350777,2423.874041,2373.412051,2376.162769,2379.858234,1706944266
2007-08-25,2415.43992,2444.112808,2397.982143,2408.556271,2436.43535,2120832961
2007-08-26,2396.481363,2436.65523,2356.360223,2368.462642,2397.443588,2319240279
2007-08-27,2405.768988,2434.871997,2378.777691,2380.054773,2399.003997,1455538324
2007-08-28,2400.995496,2427.357497,2371.925701,2403.437096,2419.254913,2102836748
2007-08-29,2415.551607,2429.947491,2383.296398,2394.014162,2424.554697,2188089383
2007-08-30,2428.770145,2430.733433,2381.380541,2383.969113,2405.753764,2275795217
2007-08-31,2404.653541,2451.975692,2373.077589,2391.242795,2425.035259,1217583149
2007-09-01,2411.018622,2414.505416,2376.919525,2392.30521,2395.437134,3236134604
2007-09-02,2414.056405,2427.566857,2395.889924,2401.205012,2406.276654,3189684515
2007-09-03,2404.894563,2444.268712,2355.279628,2369.841703,2405.285895,3140524832
2007-09-04,2424.250685,2441.119652,2393.218712,2408.046739,2425.483576,2998072942
2007-09-05,2416.009292,2456.248189,2392.688797,2415.941462,2424.687149,2025885446
2007-09-06,2432.260298,2448.58511,2368.45553,2401.694243,2444.95268,2131180912
2007-09-07,2421.682451,2426.671286,2385.530287,2407.441688,2421.425037,2975102078
2007-09-08,2401.199728,2429.614749,2379.445479,2396.899765,2417.634699,3812896847
2007-09-09,2416.002114,2422.462623,2384.61583,2384.637223,2388.546498,2723858376
2007-09-10,2405.828427,2414.361207,2373.868457,2375.218194,2408.787096,3013464646
2007-09-11,2420.944881,2428.239333,2392.120323,2395.907728,2415.821443,2124748044
2007-09-12,2425.88746,2461.976481,2370.695953,2386.359903,2394.890117,3067436121
2007-09-13,2424.740846,2432.972335,2396.354711,2398.109811,2430.560295,3189192713
2007-09-14,2396.527953,2433.659437,2395.773371,2410.206315,2432.965208,1271638698
2007-09-15,2429.725824,2445.485768,2385.272808,2394.218198,2407.361846,2893379151
2007-09-16,2426.086552,2465.663743,2369.181506,2413.129071,2426.725195,2814087066
2007-09-17,2401.048481,2442.346542,2383.858153,2398.928224,2417.009118,2665692049
2007-09-18,2417.596211,2427.733255,2386.947824,2398.629615,2425.214781,2089751875
2007-09-19,2413.174089,2460.056224,2393.186497,2406.554861,2410.438038,3052542922
2007-09-20,2407.555511,2458.267957,2377.561859,2407.483255,2441.838158,2946890700
2007-09-21,2412.35209,2470.938942,2401.25871,2425.326115,2428.024993,2436999606
2007-09-22,2420.339717,2437.856398,2415.196143,2417.207744,2418.46254,2321332904
2007-09-23,2412.460341,2444.373779,2372.357331,2384.955874,2396.924233,3259730426
2007-09-24,2411.441901,2431.421997,2367.173641,2411.055787,2420.189225,3032491109
2007-09-25,2413.163156,2428.619877,2396.278704,2396.365715,2417.478954,2304991892
2007-09-26,2402.347137,2444.508042,2399.671573,2407.217702,2430.307735,1890979785
2007-09-27,2429.697337,2432.322337,2397.693904,2423.092184,2431.602263,1263205862
2007-09-28,2421.478476,2448.546531,2390.899204,2391.078703,2403.299205,2273476885
2007-09-29,2424.602681,2432.945566,2409.349982,2412.409981,2426.12421,3812158562
2007-09-30,2434.804019,2446.606692,2398.374891,2398.535015,2436.579104,2765340147
2007-10-01,2441.090649,2445.87391,2405.812956,2407.08198,2443.826897,2354642425
2007-10-02,2431.286317,2433.153587,2395.486879,2405.693985,2418.398424,3137112092
2007-10-03,2423.001292,2432.930538,2387.893256,2416.375648,2423.855411,2121332772
2007-10-04,2433.707439,2431.194077,2389.536174,2402.715158,2414.450508,2214611890
2007-10-05,2423.899853,2459.726909,2403.699759,2421.926911,2437.375935,2549262645
2007-10-06,2433.865736,2441.147166,2393.391645,2400.913159,2413.389745,2833814440
2007-10-07,2433.504262,2438.258676,2382.351456,2403.727232,2425.640928,2425743145
2007-10-08,2416.616182,2445.930203,2365.428242,2366.368797,2445.657754,3322223028
2007-10-09,2416.996689,2433.124496,2394.691393,2398.321157,2411.506729,2117629841
2007-10-10,2435.755927,2438.534794,2418.979859,2434.389034,2434.936725,2083954751
2007-10-11,2431.60482,2462.088751,2399.627174,2411.938505,2428.865881,1821266579
2007-10-12,2432.982059,2444.524382,2374.039097,2391.542617,2439.357813,2901561867
2007-10-13,2406.547559,2456.056301,2391.960077,2414.485984,2441.98503,2544985671
2007-10-14,2438.450267,2474.222179,2360.847911,2417.215393,2449.354442,2830773790
2007-10-15,2430.734251,2449.089333,2402.751559,2430.965214,2440.011378,1004171246
2007-10-16,2423.486107,2449.150481,2395.469426,2408.679022,2440.316124,3005713143
2007-10-17,2434.135372,2451.052714,2400.794058,2411.134707,2428.02329,2663181811
2007-10-18,2441.100004,2480.950551,2399.01566,2407.323869,2407.590002,1872393947
2007-10-19,2432.711231,2457.662746,2398.03942,2421.450463,2423.983112,2037613289
2007-10-20,2423.191714,2442.613229,2393.986742,2394.311562,2417.229851,2744006125
2007-10-21,2417.638798,2449.528553,2416.245938,2424.509531,2437.787852,3617622747
2007-10-22,2424.551229,2436.676196,2408.960878,2416.094979,2421.856339,2284997978
2007-10-23,2430.029745,2434.672997,2408.003157,2416.936348,2422.029055,3419407280
2007-10-24,2418.596065,2469.953101,2391.442719,2411.227921,2425.421184,3064696703
2007-10-25,2404.893546,2454.323886,2403.469815,2419.52401,2435.364081,2399004409
2007-10-26,2433.134987,2446.662143,2413.302402,2417.010478,2426.42131,3026688111
2007-10-27,2445.840103,2453.91307,2403.802104,2418.992223,2431.002284,2096281851
2007-10-28,2444.45127,2448.937984,2413.604932,2427.599531,2429.321718,3416796244
2007-10-29,2434.055771,2437.072393,2422.759211,2425.392351,2434.029628,3426713097
2007-10-30,2457.077172,2468.049913,2433.345798,2441.913582,2450.407405,2291496580
2007-10-31,2419.060069,2441.685111,2396.547157,2419.535794,2422.479183,1970691749
2007-11-01,2457.712798,2461.794761,2379.920072,2421.511045,2437.46985,3395883952
2007-11-02,2416.432371,2475.411291,2401.092787,2413.715329,2446.382822,2890602181
2007-11-03,2452.84323,2456.013517,2381.900028,2427.795953,2437.664154,2691997483
2007-11-04,2445.970043,2453.394708,2401.5135,2433.787917,2443.90049,2848973266
2007-11-05,2442.822247,2443.459523,2394.560759,2405.809263,2419.300613,3250283650
2007-11-06,2414.424825,2471.290256,2396.42259,2404.934743,2453.803811,2874698584
2007-11-07,2431.491316,2462.84755,2406.726853,2418.043367,2425.462564,2519113715
2007-11-08,2419.551693,2474.263336,2408.759371,2453.051478,2473.103244,2635780273
2007-11-09,2445.827194,2445.976397,2402.558259,2431.509522,2436.541221,2919362202
2007-11-10,2438.107266,2457.781105,2399.676585,2428.772758,2437.231077,2944355191
2007-11-11,2453.592162,2472.331211,2404.472662,2451.758079,2468.405415,931801927
2007-11-12,2424.917562,2452.310486,2387.857028,2414.720091,2449.225435,1337044181
2007-11-13,2427.626049,2466.733726,2396.364813,2414.417441,2426.816418,2594999645
2007-11-14,2452.418793,2463.640883,2408.800648,2431.818079,2435.130988,2472601227
2007-11-15,2431.323816,2461.212952,2411.269242,2424.758755,2430.86575,2830607658
2007-11-16,2452.238135,2472.627125,2399.52977,2417.047503,2458.682138,2837115481
2007-11-17,2429.568722,2468.449424,2390.15867,2396.642812,2406.382112,2857666011
2007-11-18,2430.020804,2439.324769,2423.295931,2424.630919,2425.063376,2596807825
2007-11-19,2434.851993,2449.664289,2389.65994,2397.204549,2436.137716,2945176587
2007-11-20,2444.327391,2444.749588,2411.835426,2423.197295,2427.013279,2054124854
2007-11-21,2447.76856,2476.048728,2411.653793,2415.032332,2448.410557,1587436827
2007-11-22,2435.694529,2469.173142,2411.286267,2438.485457,2452.286756,2913786270
2007-11-23,2418.630052,2461.797446,2413.529756,2438.587824,2458.992302,2572657544
2007-11-24,2435.191207,2440.918123,2416.984848,2430.917202,2435.274142,2989388234
2007-11-25,2450.09135,2469.640506,2406.349334,2446.117523,2467.143544,2849321155
2007-11-26,2431.447076,2486.792477,2420.350552,2433.307939,2441.08918,3391982681
2007-11-27,2410.489451,2458.425331,2398.528967,2407.931478,2416.490968,2750284732
2007-11-28,2443.163506,2473.390564,2396.636705,2410.392946,2464.52722,3217271716
2007-11-29,2457.525378,2460.749606,2420.195151,2449.293242,2451.328926,3089921881
2007-11-30,2429.676824,2466.258885,2391.915582,2401.301547,2421.164385,2711085285
2007-12-01,2419.162351,2471.140501,2405.366558,2445.5766,2452.116867,3269107373
2007-12-02,2432.027367,2456.628352,2418.480562,2425.767091,2430.841065,1806495373
2007-12-03,2445.456207,2466.696329,2417.218967,2417.296524,2442.594071,3364673988
2007-12-04,2456.252718,2502.202566,2433.270318,2468.446606,2475.178412,1508516700
2007-12-05,2440.107523,2455.505203,2414.262754,2428.738946,2444.150628,2907656884
2007-12-06,2415.760584,2458.167335,2396.759808,2408.62384,2442.610978,2878513962
2007-12-07,2470.02793,2478.437231,2417.336394,2430.322287,2454.657116,2341685674
2007-12-08,2477.456867,2492.380652,2392.866387,2417.911833,2433.210339,1948419078
2007-12-09,2455.39512,2456.107272,2405.470697,2423.249641,2454.920912,2201155901
2007-12-10,2470.578226,2476.42584,2401.938821,2440.708194,2441.295653,2396458704
2007-12-11,2436.699306,2485.902519,2401.983013,2427.355742,2443.965508,3320265667
2007-12-12,2441.881563,2480.41453,2415.39571,2419.106544,2433.742421,2718790257
2007-12-13,2441.790618,2459.49494,2413.492311,2449.444689,2453.781773,3484814579
2007-12-14,2460.921238,2472.774039,2412.084898,2419.552829,2433.331385,2475839108
2007-12-15,2437.758891,2472.202414,2402.960079,2406.698889,2445.490724,3556545270
2007-12-16,2455.452695,2478.102866,2411.328977,2426.864986,2443.434379,3313194493
2007-12-17,2432.847142,2462.059458,2421.272879,2442.241036,2461.643023,2207656588
2007-12-18,2449.97059,2462.275034,2400.336522,2407.138286,2438.466002,2476135129
2007-12-19,2457.657165,2486.744336,2433.265766,2438.868817,2449.529608,3393553050
2007-12-20,2427.427182,2477.808922,2426.551983,2434.265549,2450.180724,1962004270
2007-12-21,2435.1418,2459.806559,2418.455695,2427.537885,2436.488014,3133816590
2007-12-22,2446.180528,2471.916563,2426.923946,2456.815805,2461.320502,3025816629
2007-12-23,2454.496718,2478.363624,2424.977201,2428.073259,2445.898434,1278937526
2007-12-24,2452.875877,2476.454788,2401.772233,2423.415427,2463.816447,2352657309
2007-12-25,2443.232477,2460.102162,2435.429047,2446.420188,2459.796857,2071178452
2007-12-26,2466.201158,2471.366236,2400.366361,2414.534322,2470.473996,1874381755
2007-12-27,2455.403878,2486.124692,2421.14596,2427.909818,2451.667397,3611824570
2007-12-28,2440.748672,2476.919482,2391.314844,2421.536084,2450.714328,3516214311
2007-12-29,2451.26293,2469.382272,2414.100566,2419.132701,2448.513748,2979605171
2007-12-30,2476.638192,2480.285956,2437.41363,2452.056986,2466.372653,3753681485
2007-12-31,2453.138411,2492.771713,2412.496231,2432.126154,2440.56362,2410365774
2008-01-01,2435.909389,2465.367711,2424.256027,2449.875397,2463.256392,2451980361
2008-01-02,2449.460465,2482.290009,2424.573867,2445.987827,2477.06624,3043798407
2008-01-03,2456.966923,2480.569592,2415.936975,2420.812069,2477.849828,3922793782
2008-01-04,2433.286519,2484.97952,2422.350879,2438.703124,2481.256444,1947008193
2008-01-05,2461.802014,2474.572838,2441.679047,2443.864328,2452.56616,2584003787
2008-01-06,2468.177384,2470.569481,2391.596864,2426.341558,2466.362902,2220498588
2008-01-07,2436.038204,2467.059352,2417.249612,2432.385957,2434.700164,2546920488
2008-01-08,2459.511283,2468.092851,2417.614854,2418.270178,2440.379993,1905518215
2008-01-09,2473.605269,2484.537497,2431.108635,2447.425937,2460.073211,2193894251
2008-01-10,2447.198338,2469.077584,2396.901557,2405.732213,2428.680126,2391579550
2008-01-11,2447.638526,2466.803115,2420.421525,2446.326809,2448.28941,2530142343
2008-01-12,2457.478248,2473.507871,2422.820304,2441.098599,2447.835897,2630096966
2008-01-13,2455.545877,2484.549058,2409.245893,2418.116442,2460.267818,1954979009
2008-01-14,2458.183105,2478.270917,2433.551553,2453.205466,2461.989846,3416063022
2008-01-15,2464.550119,2484.026426,2409.475834,2424.432753,2424.947933,3005488055
2008-01-16,2480.495138,2512.38568,2419.30709,2450.903023,2458.218543,2286559048
2008-01-17,2456.697033,2478.167384,2415.084915,2427.125889,2471.598693,3212170477
2008-01-18,2476.826599,2479.608047,2419.129104,2430.356408,2438.582449,3361893864
2008-01-19,2466.424929,2474.523246,2430.114603,2466.029708,2473.30731,3243187613
2008-01-20,2465.058906,2482.70159,2438.479219,2450.261409,2468.294913,2380407371
2008-01-21,2453.091142,2506.948002,2417.143747,2425.777158,2485.435696,2905873037
2008-01-22,2445.19368,2465.426663,2434.877029,2443.653733,2453.912891,2729181400
2008-01-23,2445.615544,2479.339328,2426.025396,2458.417901,2461.844332,3260255744
2008-01-24,2472.244777,2487.089992,2438.198388,2465.258451,2475.648481,2278273746
2008-01-25,2461.497447,2489.696447,2445.958304,2456.569223,2474.132857,3030013776
2008-01-26,2450.818769,2483.293661,2450.318541,2457.198806,2466.434425,3321936234
2008-01-27,2452.8684,2477.222225,2445.776268,2451.903763,2473.571798,2661242741
2008-01-28,2462.45327,2481.617115,2431.898028,2448.47513,2449.260125,2327499954
2008-01-29,2479.827979,2486.510286,2427.171078,2429.080438,2442.104566,3199763828
2008-01-30,2457.723155,2497.080272,2415.019971,2436.061612,2454.987611,3934299802
2008-01-31,2453.630278,2482.252546,2419.511585,2419.72884,2452.279102,3371933172
2008-02-01,2458.406046,2495.412806,2437.58735,2440.738849,2446.438331,2500776463
2008-02-02,2451.324571,2489.812731,2425.32235,2463.979645,2470.19879,2826260619
2008-02-03,2458.435057,2492.478363,2442.823488,2447.966006,2490.357009,2793538267
2008-02-04,2455.276082,2480.034735,2418.737922,2428.249301,2445.696277,3513801808
2008-02-05,2457.254981,2471.256156,2426.161492,2437.132498,2438.932597,2982108606
2008-02-06,2478.101424,2506.143808,2445.207917,2448.940125,2458.350917,3865162459
2008-02-07,2459.087985,2475.364948,2397.258933,2467.86052,2468.816246,2747138498
2008-02-08,2451.567574,2471.777783,2421.127378,2439.653775,2464.652784,3328219214
2008-02-09,2465.95421,2479.535138,2451.926296,2452.453225,2461.554506,2355085440
2008-02-10,2459.525996,2466.80144,2421.803396,2441.194638,2442.943629,1640506989
2008-02-11,2480.707242,2485.746399,2435.495652,2435.938731,2453.640893,2556785913
2008-02-12,2457.186995,2502.373838,2446.715994,2464.775507,2470.999396,2803969846
2008-02-13,2462.016606,2490.906416,2407.70812,2448.34999,2486.138342,3424565627
2008-02-14,2469.187309,2516.650737,2447.139963,2454.413806,2507.917954,2586589666
2008-02-15,2462.417864,2488.152609,2438.907903,2467.543571,2473.665958,2740799941
2008-02-16,2470.099619,2484.443673,2435.199467,2447.222831,2448.26786,2608763884
2008-02-17,2490.956315,2498.840665,2449.200763,2454.43037,2470.639895,2348486088
2008-02-18,2469.302407,2496.403215,2443.881086,2453.006813,2486.16082,2362853138
2008-02-19,2451.657451,2478.191951,2440.297849,2460.657186,2475.036091,2249691506
2008-02-20,2465.506161,2477.124317,2451.420506,2455.314295,2472.794692,3038840691
2008-02-21,2472.041932,2492.969064,2443.71948,2451.574052,2487.420019,3486043083
2008-02-22,2468.621336,2491.011336,2455.48177,2464.378059,2464.738665,2767753484
2008-02-23,2459.300183,2498.054515,2444.652164,2448.473248,2481.39421,2513572632
2008-02-24,2488.491433,2509.086417,2450.352147,2451.625198,2452.191141,1679276804
2008-02-25,2483.110561,2498.625496,2447.421208,2449.623311,2461.584826,2357800772
2008-02-26,2475.679291,2500.528257,2457.76535,2463.508533,2487.490516,2554137864
2008-02-27,2476.683096,2491.497173,2443.430289,2467.073087,2484.996597,2156689246
2008-02-28,2476.597241,2484.956704,2419.948821,2460.225759,2482.487208,2848412018
2008-02-29,2450.760153,2490.187499,2433.238552,2466.483682,2472.051144,2316816047
2008-03-01,2473.191611,2486.674118,2426.391976,2471.891109,2482.409496,2618094906
2008-03-02,2453.462223,2489.20643,2444.64233,2469.611946,2474.601798,2221154341
2008-03-03,2483.40208,2519.16474,2424.2098,2473.219319,2483.082389,2701254497
2008-03-04,2484.383256,2490.521596,2419.92982,2441.122165,2453.985329,2417097069
2008-03-05,2468.762147,2504.648055,2450.301174,2450.817093,2469.931474,2630157691
2008-03-06,2467.889411,2484.720648,2460.077314,2467.053248,2473.221049,1928437266
2008-03-07,2459.358549,2502.824598,2418.988466,2434.736987,2455.048308,2646022314
2008-03-08,2499.18543,2514.766736,2451.768573,2460.203555,2472.529474,3888743187
2008-03-09,2491.788263,2499.925719,2418.9303,2441.995879,2485.608997,2492359177
2008-03-10,2507.469332,2509.601534,2442.505399,2448.689508,2503.969793,2504947867
2008-03-11,2477.47828,2485.500312,2442.678044,2475.446984,2481.027758,2697643384
2008-03-12,2478.381483,2487.148288,2457.819345,2458.020786,2466.038821,2226829035
2008-03-13,2491.560407,2509.940663,2440.807863,2449.848564,2462.358161,3193240563
2008-03-14,2477.274185,2497.296585,2451.382764,2458.985856,2461.619932,1632576808
2008-03-15,2500.289178,2501.743209,2468.866802,2471.06182,2485.961079,2120744328
2008-03-16,2460.296556,2516.704864,2425.098543,2456.716458,2481.052684,3245755135
2008-03-17,2501.032546,2508.54749,2457.57795,2474.824347,2483.979761,1689966943
2008-03-18,2475.96581,2498.853756,2446.994327,2452.977219,2463.996488,2285223041
2008-03-19,2470.760612,2523.200447,2415.449835,2447.82422,2484.317018,2103189649
2008-03-20,2482.394985,2498.068255,2430.027903,2451.276089,2474.113321,2388333110
2008-03-21,2496.938167,2503.992546,2465.042033,2472.409319,2474.080459,1920038062
2008-03-22,2477.387946,2513.468781,2467.503518,2479.628487,2492.354189,2074127954
2008-03-23,2506.061626,2513.994891,2450.973998,2487.012865,2494.676963,2419569734
2008-03-24,2510.952317,2515.981993,2452.852137,2463.438145,2471.953228,2484475120
2008-03-25,2495.23743,2507.023807,2467.229543,2478.075427,2498.359975,2110757969
2008-03-26,2466.431672,2496.283217,2458.899004,2463.652847,2490.547638,3265341633
2008-03-27,2480.215721,2494.57281,2449.075421,2486.97473,2488.976039,2349153394
2008-03-28,2481.643516,2518.816469,2446.635465,2468.150635,2487.165385,2369686519
2008-03-29,2484.397672,2492.986536,2460.571139,2476.493134,2477.342708,3494127522
2008-03-30,2487.34849,2505.954642,2451.377217,2468.125213,2483.789202,4625399896
2008-03-31,2481.265174,2494.411595,2430.501585,2445.051642,2475.881099,3470049274
2008-04-01,2481.098716,2501.267036,2442.435444,2456.722001,2476.510687,3069725490
2008-04-02,2510.599318,2521.483833,2447.281193,2472.520341,2480.351946,2828351577
2008-04-03,2477.291993,2503.810356,2460.10668,2488.059893,2490.964506,1918759434
2008-04-04,2488.007591,2501.92456,2440.757243,2473.348541,2484.116408,1816416753
2008-04-05,2499.11239,2501.930136,2453.075752,2460.616126,2474.230519,2962921395
2008-04-06,2495.215805,2525.105608,2467.002193,2481.622008,2496.450158,2362407710
2008-04-07,2487.502606,2497.147977,2451.148797,2456.450458,2493.888718,2155979552
2008-04-08,2475.726607,2493.662698,2451.287576,2474.080277,2480.050885,3723804861
2008-04-09,2517.388074,2540.801765,2463.974999,2468.549248,2476.423707,2912918384
2008-04-10,2491.785564,2506.140764,2444.274364,2475.080819,2500.42107,3433996637
2008-04-11,2478.44936,2510.487437,2454.883041,2465.484852,2484.07633,3865339086
2008-04-12,2487.920736,2496.976004,2447.331948,2475.916125,2477.977292,2343956018
2008-04-13,2490.650762,2538.395603,2433.811601,2473.548238,2498.593273,3873132872
2008-04-14,2504.531249,2517.725387,2468.413926,2485.210854,2517.704654,2412466894
2008-04-15,2503.438319,2512.056623,2462.450568,2470.489912,2504.268087,3397339802
2008-04-16,2482.258907,2518.635682,2448.705741,2458.924553,2492.155322,2018311057
2008-04-17,2509.07737,2522.639191,2459.656628,2463.786938,2501.045139,2220561794
2008-04-18,2483.95079,2521.846738,2443.034451,2457.443192,2462.245642,2638340011
2008-04-19,2500.416836,2517.840912,2447.314146,2449.561825,2496.0421,3415741436
2008-04-20,2494.298161,2527.90922,2469.255291,2475.992413,2480.644637,1680365377
2008-04-21,2471.100322,2517.264244,2458.333232,2487.356667,2514.05853,4087794722
2008-04-22,2495.397654,2506.785779,2452.628138,2470.320466,2482.436818,3364766922
2008-04-23,2506.912528,2509.987509,2452.099006,2474.444932,2498.192551,2534606323
2008-04-24,2505.223273,2516.266749,2471.495161,2491.091602,2491.986408,3178568935
2008-04-25,2496.195622,2508.191417,2452.425604,2488.962838,2490.005749,3310976060
2008-04-26,2497.78332,2530.350756,2446.524466,2461.931099,2509.681586,2968426425
2008-04-27,2494.366417,2516.546228,2476.943558,2496.295638,2500.05351,3131967130
2008-04-28,2494.78095,2499.014848,2452.752518,2462.993799,2480.645214,3528165901
2008-04-29,2513.496646,2521.517792,2424.237237,2461.462568,2493.04891,2567080701
2008-04-30,2493.843635,2506.166812,2439.578031,2462.368363,2497.164035,3034464281
2008-05-01,2506.621062,2508.067968,2476.635144,2482.486843,2498.859448,3777768005
2008-05-02,2492.959721,2503.712883,2457.647382,2489.77935,2498.456797,3197895561
2008-05-03,2508.206024,2523.403381,2478.636982,2481.727911,2484.359124,2895802369
2008-05-04,2492.577745,2510.547573,2445.727796,2468.031422,2497.451845,3113919515
2008-05-05,2492.85359,2531.635241,2460.086683,2474.655653,2521.430303,2376313270
2008-05-06,2507.583315,2514.47851,2438.318088,2470.564929,2510.549326,3246683134
2008-05-07,2520.022348,2527.761431,2457.59283,2465.888497,2497.979712,2611832428
2008-05-08,2488.944197,2499.030144,2470.420222,2478.329379,2488.661046,2637986121
2008-05-09,2496.285116,2520.529859,2492.567332,2494.11783,2512.105843,2813455708
2008-05-10,2500.808153,2505.133024,2455.062745,2471.048361,2485.846647,2552436747
2008-05-11,2508.331204,2514.041244,2451.574881,2478.474616,2496.291444,2537848603
2008-05-12,2505.830436,2530.243421,2468.838735,2469.130209,2490.930498,2643958230
2008-05-13,2515.555439,2524.879548,2467.018842,2468.706068,2490.460387,2561514822
2008-05-14,2514.355895,2519.378002,2477.124469,2491.095266,2511.944337,3419550660
2008-05-15,2523.728945,2540.154212,2478.340195,2490.745934,2536.229073,2794335420
2008-05-16,2489.621492,2494.359303,2475.042666,2475.599776,2477.657618,3421058521
2008-05-17,2489.471484,2544.439576,2465.97014,2489.209105,2497.946814,3800141705
2008-05-18,2476.257649,2521.31911,2461.094729,2491.7402,2504.019983,3760900004
2008-05-19,2503.80379,2521.910041,2462.743467,2497.863657,2499.651149,3404778603
2008-05-20,2496.877213,2518.327214,2473.814811,2488.140359,2502.563543,2749633967
2008-05-21,2498.705548,2519.650604,2480.116541,2499.266221,2507.688582,2890893683
2008-05-22,2494.074008,2505.757215,2475.74992,2479.682918,2503.264861,1781773907
2008-05-23,2506.115946,2528.015567,2468.116569,2496.48795,2526.663538,2356513538
2008-05-24,2522.924736,2523.002468,2475.027034,2490.422769,2491.543802,3133251368
2008-05-25,2482.984486,2522.380171,2465.312672,2512.007292,2515.632409,2753665426
2008-05-26,2502.39071,2521.535561,2492.012723,2495.550067,2505.070833,3456062669
2008-05-27,2510.047153,2510.852977,2434.574643,2474.354599,2487.508149,2744398564
2008-05-28,2520.355852,2522.903902,2477.343526,2490.460125,2503.635482,1689432063
2008-05-29,2501.985731,2508.708427,2480.035349,2501.353819,2504.113054,2530007477
2008-05-30,2510.543166,2520.19067,2470.930563,2479.459833,2501.320167,2131484824
2008-05-31,2504.069335,2520.962328,2471.31396,2480.34976,2519.342893,3047094546
2008-06-01,2502.315025,2517.078585,2462.107728,2495.190294,2508.67176,3117519508
2008-06-02,2521.564977,2521.699598,2471.744516,2481.600574,2498.91865,2686996977
2008-06-03,2508.866873,2523.381599,2491.611676,2496.986146,2506.170945,3550699154
2008-06-04,2484.362453,2518.28122,2450.134205,2476.761917,2504.252197,1854173562
2008-06-05,2490.342204,2532.228542,2473.685034,2497.021572,2511.149854,2054826497
2008-06-06,2522.008874,2529.389005,2451.421283,2504.621882,2523.458669,2145658091
2008-06-07,2496.863901,2525.7255,2473.464252,2508.917569,2522.763927,2727453750
2008-06-08,2512.49593,2558.077677,2455.26207,2457.48717,2528.333704,3247289648
2008-06-09,2500.857219,2546.829433,2482.340972,2484.824091,2503.567672,1775570003
2008-06-10,2500.434659,2512.928504,2479.874417,2491.106163,2491.97688,3002081403
2008-06-11,2502.805934,2536.123582,2476.113181,2495.058318,2520.328541,1820627744
2008-06-12,2499.483456,2538.761286,2477.006273,2482.636363,2489.091536,2020643686
2008-06-13,2498.794074,2530.087142,2479.316323,2491.253367,2492.864955,3792006062
2008-06-14,2523.041514,2538.398528,2481.635221,2517.219101,2528.673707,2572440334
2008-06-15,2501.321968,2531.979951,2487.524024,2488.120215,2524.972142,1779090146
2008-06-16,2535.36523,2541.505362,2461.373706,2486.338306,2491.647665,2025978701
2008-06-17,2516.134758,2522.314903,2476.633699,2510.146482,2516.495781,3974661665
2008-06-18,2515.629448,2531.333955,2457.689739,2477.213281,2480.072248,3558192231
2008-06-19,2535.772678,2550.987336,2458.991298,2485.571765,2500.167386,2558656611
2008-06-20,2504.132453,2542.442906,2477.867324,2503.627397,2504.625831,1353021624
2008-06-21,2497.247576,2539.649158,2477.447587,2489.566649,2506.352986,2815931975
2008-06-22,2527.267725,2532.999242,2480.513003,2507.965865,2530.431478,2918146130
2008-06-23,2508.111445,2533.582563,2476.43932,2499.320092,2519.368306,2363192720
2008-06-24,2526.773151,2553.97191,2482.344448,2495.901976,2514.359836,3183167203
2008-06-25,2535.379246,2536.082832,2507.636206,2509.681193,2532.518821,3501945484
2008-06-26,2521.904614,2531.26403,2479.922386,2495.274671,2503.210001,3143981037
2008-06-27,2518.806798,2534.890874,2470.096106,2497.781319,2514.910223,1991117914
2008-06-28,2519.240671,2539.967539,2483.407919,2499.926509,2506.688939,3267873950
2008-06-29,2507.594339,2541.402016,2464.300036,2496.184872,2513.915393,1389101238
2008-06-30,2521.667639,2540.723793,2506.532927,2518.290577,2518.749093,2357491548
2008-07-01,2515.799447,2541.561578,2458.214346,2473.426513,2527.018332,3401355518
2008-07-02,2525.927497,2520.457486,2475.216093,2504.526532,2517.449331,3638020292
2008-07-03,2516.684401,2522.35455,2479.416848,2484.363994,2500.945002,1975313160
2008-07-04,2521.325347,2534.487415,2494.307829,2509.417551,2526.2527,3356286330
2008-07-05,2507.457087,2524.515559,2464.167068,2493.258516,2515.71368,2851762090
2008-07-06,2516.65376,2555.469699,2486.910624,2500.333801,2547.973103,3569590604
2008-07-07,2501.951491,2524.118412,2483.05279,2490.69651,2502.19156,3437482129
2008-07-08,2520.505468,2558.288554,2459.718837,2475.851735,2505.673421,2130090162
2008-07-09,2512.393998,2546.154855,2471.170108,2509.758106,2526.994909,1474080337
2008-07-10,2514.342012,2552.399684,2466.907805,2509.063315,2525.685209,3656781506
2008-07-11,2518.413076,2530.79156,2468.817786,2471.635826,2520.472546,3095524828
2008-07-12,2517.45415,2545.845542,2501.47237,2507.068525,2522.10091,3566047588
2008-07-13,2545.589539,2551.238407,2496.408403,2517.643978,2534.495572,2012926721
2008-07-14,2507.853749,2531.101466,2460.934279,2507.605727,2522.065365,3203296034
2008-07-15,2528.551761,2539.566429,2457.742917,2485.745401,2503.053673,2630305349
2008-07-16,2521.306754,2534.038002,2469.631097,2507.786837,2512.179569,2943069858
2008-07-17,2514.495142,2528.53669,2486.12402,2491.798601,2501.258357,2621996866
2008-07-18,2505.347939,2544.569043,2494.712481,2511.385829,2523.530587,2832330072
2008-07-19,2520.900569,2544.781364,2476.017185,2504.455562,2513.225966,2472002304
2008-07-20,2511.762357,2540.136396,2464.745062,2472.297235,2526.116782,2504526919
2008-07-21,2508.580005,2531.446843,2495.17543,2501.305077,2531.364956,2838593365
2008-07-22,2532.587748,2551.09551,2501.056444,2530.996345,2531.384047,2256593502
2008-07-23,2526.025399,2526.963427,2498.564275,2509.637711,2511.253222,3209304688
2008-07-24,2527.064172,2539.385034,2466.032368,2523.473479,2531.979904,3220615674
2008-07-25,2506.962602,2552.286753,2483.032091,2505.227931,2515.281028,2680902943
2008-07-26,2529.121231,2541.564463,2501.540335,2508.989316,2527.270167,2322009767
2008-07-27,2514.623882,2555.294799,2501.542022,2508.877368,2522.832025,2715346147
2008-07-28,2538.544765,2575.545088,2497.717161,2538.362031,2561.805133,2887270182
2008-07-29,2535.442744,2544.22894,2472.997061,2511.901251,2516.251572,2817154445
2008-07-30,2510.223725,2558.730959,2494.293013,2504.986499,2532.163733,3436616198
2008-07-31,2523.489667,2545.349912,2490.162223,2495.221759,2509.677309,2916314413
2008-08-01,2486.864407,2553.956,2486.848645,2512.58826,2518.380102,2410956871
2008-08-02,2503.32898,2525.224712,2488.967009,2519.413855,2525.064145,2958981420
2008-08-03,2534.342237,2557.172963,2497.685859,2503.685045,2554.744128,1846999337
2008-08-04,2535.170844,2570.113975,2477.763263,2492.305685,2513.480065,1668189065
2008-08-05,2554.525605,2575.050935,2513.835999,2519.614269,2556.700825,3182667152
2008-08-06,2538.628222,2568.785194,2479.0159,2493.194814,2511.250357,2797452181
2008-08-07,2516.98577,2531.067156,2497.200264,2509.512145,2523.599397,3226763109
2008-08-08,2506.779938,2538.05529,2504.384505,2522.620737,2534.40167,2281179314
2008-08-09,2536.086781,2577.570857,2494.504986,2531.507094,2539.800819,2969512521
2008-08-10,2541.881679,2547.33204,2480.630463,2481.66978,2535.462422,2512692741
2008-08-11,2549.582088,2563.044946,2475.605414,2506.888282,2507.948821,2478224079
2008-08-12,2530.77242,2551.442457,2503.428316,2508.560204,2513.792659,2999566075
2008-08-13,2527.712393,2557.119947,2511.825733,2515.175771,2523.781481,2001146994
2008-08-14,2493.668493,2552.950015,2488.476785,2520.731695,2521.14757,1676609899
2008-08-15,2553.01121,2563.16715,2508.877185,2526.999371,2532.331875,1903793825
2008-08-16,2525.289557,2568.617066,2479.779795,2502.281297,2523.872859,2614934124
2008-08-17,2557.631233,2562.489307,2464.951418,2484.824916,2519.607192,2222003032
2008-08-18,2544.147343,2574.215224,2492.916847,2521.272308,2539.043353,3405570958
2008-08-19,2541.8282,2551.861238,2511.055276,2527.628477,2547.700837,2813970847
2008-08-20,2548.701378,2551.528688,2485.918575,2498.147119,2528.074755,2522080958
2008-08-21,2516.963044,2548.59229,2482.661379,2504.636092,2544.807155,2834163776
2008-08-22,2544.176186,2557.812582,2478.917233,2497.206363,2513.02768,2259827560
2008-08-23,2536.625559,2542.911045,2488.281161,2497.485064,2519.84199,1711154791
2008-08-24,2548.742641,2549.72986,2483.348122,2534.56879,2540.810694,2678212355
2008-08-25,2552.145694,2563.456187,2471.619162,2522.051794,2559.817949,3247051191
2008-08-26,2532.871372,2557.512014,2504.344235,2509.081593,2543.097085,2891577432
2008-08-27,2546.976463,2555.866718,2486.13113,2515.955271,2534.642541,3577971392
2008-08-28,2532.482088,2563.740207,2512.477355,2529.098967,2530.383168,2164768699
2008-08-29,2539.160866,2559.020033,2500.862088,2508.885667,2528.297755,2955810146
2008-08-30,2549.298203,2558.001354,2512.556492,2517.063193,2551.859974,2668757164
2008-08-31,2552.356186,2561.207759,2499.566766,2499.761247,2534.731068,2983443066
2008-09-01,2563.359275,2568.774325,2529.858786,2538.322033,2547.387313,2268855464
2008-09-02,2522.020007,2564.921643,2508.752819,2515.268898,2540.085738,1474059723
2008-09-03,2549.817893,2553.560012,2484.862713,2522.841929,2527.772856,3206575854
2008-09-04,2548.566633,2561.054229,2492.53802,2507.186944,2547.955881,2996634937
2008-09-05,2562.958758,2566.056587,2514.557754,2524.223649,2543.097617,3232446795
2008-09-06,2528.586226,2549.444803,2522.645285,2522.829211,2526.565141,2697861808
2008-09-07,2560.300665,2572.231369,2512.136384,2525.081797,2545.651953,2934517999
2008-09-08,2546.684175,2554.70701,2505.223905,2542.685485,2553.811257,653139381
2008-09-09,2537.775058,2551.025645,2511.685646,2514.459894,2532.235497,3610224572
2008-09-10,2555.459147,2586.694731,2485.919349,2513.512143,2539.39554,2387411398
2008-09-11,2552.363644,2566.961632,2507.592269,2513.334285,2562.212897,1880892114
2008-09-12,2539.971197,2565.231863,2511.352798,2520.715969,2525.832922,1734075721
2008-09-13,2531.220523,2566.330166,2503.034755,2521.823795,2534.687749,2803138985
2008-09-14,2513.157253,2580.84757,2512.564434,2533.710476,2533.882832,3166112320
2008-09-15,2553.574947,2561.970634,2524.182984,2532.941089,2550.335659,2737944551
2008-09-16,2551.684973,2582.191219,2501.844468,2507.363844,2547.876154,2213896579
2008-09-17,2536.036947,2577.54237,2522.225865,2528.582661,2556.553114,1339229924
2008-09-18,2545.882885,2553.446566,2496.812911,2501.637071,2531.101539,1707660614
2008-09-19,2529.215699,2587.204761,2507.883608,2508.750044,2532.317847,3572680060
2008-09-20,2544.077989,2551.863822,2517.273207,2529.357603,2547.708922,2060685421
2008-09-21,2565.975344,2571.193006,2506.908213,2534.089527,2545.119866,2178213892
2008-09-22,2536.7549,2544.027192,2513.795131,2528.178727,2532.009539,3626782916
2008-09-23,2543.556163,2557.353266,2486.951462,2507.356605,2546.386667,3101548966
2008-09-24,2520.536073,2572.930059,2500.968115,2534.406212,2552.754338,2723613628
2008-09-25,2526.144921,2556.991104,2499.121742,2523.753928,2528.782319,3627845300
2008-09-26,2546.865904,2547.886035,2511.712065,2526.836534,2542.097406,2558929755
2008-09-27,2536.849559,2555.717413,2494.602658,2518.897798,2545.368711,3592985844
2008-09-28,2553.736279,2567.011088,2506.683008,2515.817193,2557.568742,3419887534
2008-09-29,2526.569103,2562.411737,2493.486067,2520.141888,2541.940208,2246553570
2008-09-30,2528.741809,2569.628959,2521.379174,2533.88541,2541.567275,2833857402
2008-10-01,2536.169505,2578.441673,2524.286812,2539.6778,2547.830739,3757279202
2008-10-02,2563.486595,2566.039999,2530.093841,2548.44604,2553.402449,2728787062
2008-10-03,2544.632145,2571.450211,2521.091546,2536.965857,2565.385754,1488266634
2008-10-04,2544.585948,2562.665269,2519.457125,2522.42398,2546.069995,3112631085
2008-10-05,2526.830723,2554.945351,2517.921183,2523.372457,2524.852386,3826271065
2008-10-06,2553.106915,2609.262285,2517.408479,2537.248111,2577.359885,2417023520
2008-10-07,2532.168602,2563.974732,2507.995028,2514.848401,2535.440167,2156246606
2008-10-08,2529.096797,2576.728919,2522.938269,2534.312257,2543.035793,2837990083
2008-10-09,2556.089025,2560.673819,2520.919188,2536.599098,2539.339896,2459943844
2008-10-10,2556.87521,2572.316468,2510.865826,2534.404117,2550.030406,2385913838
2008-10-11,2535.141196,2576.848047,2514.925564,2538.183661,2553.616206,2841096618
2008-10-12,2566.171407,2570.983205,2514.884061,2516.681379,2552.568671,3579768727
2008-10-13,2543.973371,2563.5575,2517.75631,2525.514458,2532.902156,1850941560
2008-10-14,2533.056045,2554.376362,2512.59652,2530.206546,2553.963604,2348025337
2008-10-15,2560.017605,2565.855772,2524.123527,2538.843029,2542.686069,3355545254
2008-10-16,2554.763967,2558.963603,2517.774699,2537.523348,2555.394998,2693151897
2008-10-17,2561.823172,2563.753169,2510.378029,2538.190264,2549.906224,3415848931
2008-10-18,2552.794973,2563.691878,2515.872888,2524.239866,2526.790304,3466721024
2008-10-19,2559.711652,2560.354563,2510.425902,2541.007349,2546.551971,3426462661
2008-10-20,2529.394731,2579.066864,2516.372241,2520.793354,2567.252527,2945007612
2008-10-21,2553.905729,2556.804216,2529.246357,2548.782442,2555.52796,3184711313
2008-10-22,2543.033711,2553.66694,2521.806753,2532.051349,2548.031603,2672393862
2008-10-23,2561.376639,2564.669233,2526.55096,2536.858765,2542.580256,1885030293
2008-10-24,2553.301563,2575.387771,2514.694755,2543.103034,2560.413753,2409172182
2008-10-25,2576.960452,2592.127923,2540.837876,2546.584727,2577.110161,2350706613
2008-10-26,2551.440452,2569.842221,2535.889945,2551.276162,2564.161274,2485996800
2008-10-27,2554.553577,2573.886621,2527.065911,2561.655399,2567.748116,4214478710
2008-10-28,2563.917475,2566.617912,2509.23794,2546.802052,2555.86595,3279346959
2008-10-29,2548.43853,2615.984623,2504.44457,2551.639831,2582.466419,3461095924
2008-10-30,2577.990851,2597.428002,2520.995466,2545.657413,2552.893205,3324520936
2008-10-31,2566.224318,2574.757245,2506.580261,2560.85993,2571.32946,2875900114
2008-11-01,2558.245644,2575.34179,2520.431667,2536.00133,2538.259597,2964597557
2008-11-02,2570.482856,2582.148225,2525.377715,2549.91416,2557.647635,3006663618
2008-11-03,2558.638137,2593.174068,2534.919202,2547.349004,2547.413214,2162048698
2008-11-04,2591.098872,2594.575521,2510.821638,2551.094228,2562.21786,2953105975
2008-11-05,2532.471416,2572.114145,2528.293955,2530.526855,2562.358854,2859889091
2008-11-06,2551.446337,2568.984645,2506.030303,2553.816913,2559.098756,2455639716
2008-11-07,2554.714835,2566.630772,2538.732541,2564.165961,2564.292844,2468321344
2008-11-08,2567.175603,2573.045387,2513.413706,2513.728876,2550.403503,3734509338
2008-11-09,2566.309629,2575.433701,2517.204829,2538.621235,2547.102341,2640420151
2008-11-10,2539.263996,2598.593778,2512.105761,2543.147675,2543.638816,3168297124
2008-11-11,2549.344142,2558.931581,2517.175261,2552.559773,2557.100693,2463072532
2008-11-12,2572.87774,2579.831023,2523.114882,2534.009239,2548.597657,2893354932
2008-11-13,2560.882077,2585.424474,2515.741265,2553.975105,2557.88821,2448748095
2008-11-14,2550.173131,2570.010059,2515.087772,2555.8454,2568.123027,3660020476
2008-11-15,2567.927548,2571.744723,2524.75325,2535.371364,2538.887884,2909292654
2008-11-16,2570.923651,2575.480129,2539.100216,2550.966055,2557.861825,3711064111
2008-11-17,2551.561894,2566.777516,2511.843996,2512.393456,2532.311888,3101456164
2008-11-18,2575.678718,2586.865448,2516.204167,2538.109946,2543.267415,2093389081
2008-11-19,2566.936028,2579.27682,2521.978611,2539.575002,2555.005205,2782832191
2008-11-20,2559.095064,2577.719127,2526.921117,2537.838919,2542.621287,2577136436
2008-11-21,2552.941668,2590.265625,2531.92515,2546.857445,2553.45777,2666500229
2008-11-22,2576.976573,2585.447931,2528.145806,2530.631655,2551.3175,2666218328
2008-11-23,2571.182691,2578.004523,2557.511983,2557.688903,2558.893417,2632694582
2008-11-24,2562.555029,2602.276886,2531.884227,2555.485119,2561.963965,2082067689
2008-11-25,2553.95453,2560.48273,2503.461184,2551.436044,2557.062974,2563295416
2008-11-26,2561.2969,2583.118715,2537.407545,2540.878415,2578.145273,2115402730
2008-11-27,2564.078205,2579.707873,2505.348547,2548.72317,2557.929699,1165210015
2008-11-28,2535.557825,2595.986917,2535.154739,2559.9628,2563.931203,2948485266
2008-11-29,2558.443746,2580.349756,2509.852812,2558.165522,2578.743821,3024478987
2008-11-30,2586.566172,2590.654608,2525.553495,2528.453894,2567.483317,2736186299
2008-12-01,2572.367348,2602.096415,2529.282322,2549.63701,2579.336187,3436479746
2008-12-02,2574.129739,2592.149173,2530.307283,2566.752767,2570.379554,3031736768
2008-12-03,2595.244176,2603.871991,2514.913531,2551.540023,2558.762223,3220943614
2008-12-04,2569.643932,2588.278374,2510.199993,2524.731149,2573.971368,1818247287
2008-12-05,2557.002347,2585.009052,2532.624165,2548.538304,2562.202162,3713560735
2008-12-06,2594.716481,2601.943722,2543.305766,2573.907138,2585.488905,2731815619
2008-12-07,2568.879041,2580.322868,2550.326776,2555.979933,2560.780176,2926844131
2008-12-08,2588.873529,2608.187446,2562.980568,2571.390904,2597.776348,2492390743
2008-12-09,2556.909571,2571.22023,2538.785861,2546.255826,2553.330111,4106393285
2008-12-10,2575.117543,2583.559177,2550.183198,2571.812579,2578.318196,3254084629
2008-12-11,2562.548402,2597.886604,2537.183479,2551.431519,2577.726549,3207901486
2008-12-12,2565.956598,2589.034192,2523.244719,2543.264372,2580.72144,2178292258
2008-12-13,2537.594762,2588.97162,2522.15298,2556.197853,2567.099803,3262038101
2008-12-14,2548.387483,2594.032728,2524.577961,2547.720874,2584.186052,1864487730
2008-12-15,2554.723515,2586.786779,2527.064019,2547.882198,2552.001191,2801650868
2008-12-16,2576.417801,2581.538748,2546.507486,2569.81564,2580.816388,1736685540
2008-12-17,2571.61977,2594.542786,2533.832779,2549.794596,2559.068416,3193302992
2008-12-18,2589.106209,2589.22044,2545.096069,2568.953236,2577.662139,3697638216
2008-12-19,2574.725949,2587.436484,2534.527691,2555.74809,2560.708935,2657380452
2008-12-20,2578.466004,2592.255954,2545.224135,2562.964512,2574.954736,2098255246
2008-12-21,2550.027801,2589.350697,2543.579147,2565.483372,2579.76478,3388314106
2008-12-22,2559.992963,2565.758927,2537.110382,2557.893915,2562.326173,2894594113
2008-12-23,2557.251987,2601.454391,2518.253555,2550.37679,2550.959208,3221877239
2008-12-24,2563.59998,2579.492459,2546.454862,2547.967522,2575.192919,2824582539
2008-12-25,2567.438295,2590.887275,2546.247667,2554.493601,2587.120566,3454617199
2008-12-26,2583.568688,2593.52612,2534.16373,2549.614587,2550.924158,2055856874
2008-12-27,2566.67748,2600.390728,2557.159545,2565.046468,2578.897495,2584574901
2008-12-28,2576.655342,2585.584734,2563.192588,2567.98997,2583.005734,3591765344
2008-12-29,2595.372735,2596.984246,2515.2046,2535.545413,2579.001295,3686694755
2008-12-30,2577.969821,2616.164675,2537.170843,2549.63785,2566.132624,3599713561
2008-12-31,2561.852338,2590.718782,2560.168821,2561.438491,2566.805113,2239803906
2009-01-01,2557.30661,2587.077594,2544.761027,2558.707537,2586.43644,2576252941
2009-01-02,2565.664133,2602.360508,2513.038595,2550.343159,2584.681399,3004699191
2009-01-03,2599.226063,2618.970999,2529.640974,2571.346308,2586.95237,2653693972
2009-01-04,2577.444005,2592.524623,2506.536746,2549.059916,2567.022637,2742405134
2009-01-05,2582.626871,2605.835631,2536.837049,2577.717677,2580.44887,3366343340
2009-01-06,2571.370621,2599.924036,2535.730519,2559.937647,2573.550906,2920959164
2009-01-07,2573.04815,2600.012802,2514.680509,2552.624087,2573.78154,1719094845
2009-01-08,2585.471394,2587.805685,2556.155233,2571.360933,2577.955731,1814335784
2009-01-09,2582.059542,2596.846261,2556.864888,2571.768709,2595.019993,2754208328
2009-01-10,2574.267522,2621.461567,2535.591971,2546.927434,2604.809953,4155442193
2009-01-11,2592.49415,2602.054654,2555.585661,2567.471891,2587.080233,2222404377
2009-01-12,2576.633476,2603.90161,2551.553159,2558.778263,2559.956212,3763168243
2009-01-13,2581.686802,2590.265718,2551.519496,2568.63775,2589.10851,3136704350
2009-01-14,2591.369945,2604.681474,2533.746709,2557.676235,2582.155437,3085071564
2009-01-15,2585.874736,2602.391766,2551.84692,2574.515303,2594.771606,3247068453
2009-01-16,2582.566923,2589.604718,2551.851078,2554.306531,2581.935288,2336376122
2009-01-17,2573.1983,2628.690591,2555.266818,2560.194835,2604.415853,2601037624
2009-01-18,2586.290101,2614.138185,2567.09173,2578.67005,2581.942219,3219846288
2009-01-19,2590.417309,2609.003451,2533.300203,2565.549428,2580.397926,2742614315
2009-01-20,2601.681618,2606.365996,2555.237661,2565.153215,2572.9439,3585586388
2009-01-21,2607.256101,2622.276454,2559.078167,2579.80251,2583.060998,2280987184
2009-01-22,2581.647701,2590.782531,2551.086713,2563.458766,2564.962968,3057839793
2009-01-23,2588.523903,2591.624627,2555.669481,2557.745079,2576.554133,2644605001
2009-01-24,2583.257419,2600.65922,2544.944242,2548.327558,2571.806923,4050019435
2009-01-25,2598.606262,2623.885671,2561.400972,2594.821687,2609.614288,2731190290
2009-01-26,2603.308547,2614.894404,2551.535147,2564.156381,2605.094217,3463308784
2009-01-27,2584.599025,2613.044197,2557.140783,2564.522012,2583.935263,3146697133
2009-01-28,2586.467388,2616.256801,2552.857554,2562.203957,2567.764041,2539809728
2009-01-29,2587.5321,2589.548709,2531.886035,2547.934903,2580.084782,2411652155
2009-01-30,2589.910457,2605.705444,2550.946107,2577.131687,2599.68612,3005655215
2009-01-31,2597.184497,2600.519213,2579.50881,2580.110329,2598.525589,3048002584
2009-02-01,2603.571524,2618.271359,2534.033205,2536.30457,2611.266218,2988301073
2009-02-02,2585.586688,2599.655315,2555.391079,2567.76529,2592.555883,3324058644
2009-02-03,2575.99965,2606.577024,2554.115093,2567.560913,2578.744434,3901093567
2009-02-04,2560.887617,2614.071555,2559.084941,2560.228399,2580.602306,3821857062
2009-02-05,2573.843428,2580.760563,2537.379199,2558.21145,2569.591595,2881404818
2009-02-06,2614.039242,2618.914857,2565.807082,2572.987438,2593.443175,2225571084
2009-02-07,2604.167141,2606.900733,2543.831752,2549.629469,2563.895029,3777138612
2009-02-08,2608.859444,2620.971556,2533.247681,2563.224692,2603.761505,3369182535
2009-02-09,2595.721698,2611.572394,2546.170282,2554.465199,2577.876354,3858611319
2009-02-10,2577.583769,2599.339805,2566.998312,2570.905673,2584.961087,3692709572
2009-02-11,2603.036095,2605.734554,2565.943942,2585.113219,2587.559308,2297362395
2009-02-12,2613.326369,2631.046134,2555.587555,2564.082825,2582.904659,3355033599
2009-02-13,2602.309518,2631.065075,2538.527745,2582.018995,2591.9281,2495500234
2009-02-14,2590.084418,2626.895726,2549.310175,2581.355626,2589.415224,3274154147
2009-02-15,2576.939586,2599.943341,2555.055488,2572.401001,2577.530559,2715594451
2009-02-16,2586.793106,2624.538263,2579.728767,2584.857964,2614.494824,3651849129
2009-02-17,2586.270844,2612.257495,2562.225081,2599.448249,2608.79477,3205451040
2009-02-18,2610.383015,2614.860566,2551.336284,2572.528311,2612.526042,3740639831
2009-02-19,2603.173033,2606.12207,2569.677265,2586.207171,2597.599252,2707810699
2009-02-20,2591.195243,2608.063334,2564.802274,2574.815223,2581.932825,3151807147
2009-02-21,2588.247725,2601.077849,2552.493011,2595.837036,2598.547382,2446153389
2009-02-22,2571.958633,2603.524457,2556.806194,2560.405092,2586.524371,2646256638
2009-02-23,2598.26862,2611.946763,2550.74733,2569.196569,2600.720628,2811072086
2009-02-24,2589.156774,2605.136646,2540.964413,2578.587128,2592.951449,2433516578
2009-02-25,2595.887083,2613.457692,2545.501451,2581.069408,2606.361318,2938447995
2009-02-26,2611.758984,2621.686444,2569.011954,2580.089474,2595.583591,1229264814
2009-02-27,2590.502449,2604.220597,2575.410059,2583.043138,2602.43885,1946701124
2009-02-28,2598.413365,2629.151528,2574.635603,2604.051629,2605.110403,3484083953
2009-03-01,2597.903588,2633.524442,2547.772672,2559.062417,2611.051997,2165658177
2009-03-02,2579.894049,2619.888334,2554.885888,2578.560973,2579.059555,2811472710
2009-03-03,2629.704449,2631.066773,2569.325865,2574.122392,2589.782041,2203828426
2009-03-04,2600.536327,2639.149288,2556.790198,2563.235035,2621.206868,3289748925
2009-03-05,2608.930421,2626.453343,2572.403746,2590.970127,2622.897682,2516764414
2009-03-06,2616.36819,2627.768994,2589.439121,2593.12884,2610.296402,2626539202
2009-03-07,2572.536179,2615.303699,2572.093347,2593.406571,2601.782462,2826276191
2009-03-08,2608.598362,2613.759648,2575.212299,2576.11198,2598.246697,2183858341
2009-03-09,2577.229697,2630.073742,2556.342447,2567.899339,2623.964254,2101209168
2009-03-10,2578.389968,2608.848586,2570.189674,2590.083048,2597.573953,3189366045
2009-03-11,2619.203224,2630.854852,2576.272976,2591.627414,2591.789939,3379109296
2009-03-12,2600.067104,2627.476147,2582.166383,2586.761792,2592.649642,3712603792
2009-03-13,2607.556947,2617.481058,2572.93303,2596.490012,2601.877982,2987768300
2009-03-14,2584.523068,2650.583053,2545.849861,2600.59979,2626.76229,2246871032
2009-03-15,2611.735,2620.829794,2580.077967,2586.947055,2590.169344,2497380736
2009-03-16,2613.523386,2635.756447,2576.768589,2590.217607,2595.603258,3582879037
2009-03-17,2575.836315,2623.765087,2559.441594,2595.798915,2600.456156,2289389660
2009-03-18,2621.283645,2637.545724,2552.423228,2587.928984,2610.102995,1967504196
2009-03-19,2598.888071,2614.84606,2575.804607,2597.84356,2610.351018,2740794115
2009-03-20,2594.541438,2630.834663,2578.995281,2580.286761,2603.718588,2902598103
2009-03-21,2635.598376,2647.785113,2557.907475,2563.423346,2592.101241,2526884092
2009-03-22,2586.604263,2626.148203,2568.583056,2580.760214,2593.337965,3561381238
2009-03-23,2609.062663,2623.983033,2573.611881,2573.673473,2614.125264,2253187291
2009-03-24,2596.417427,2608.698575,2569.584874,2572.123568,2602.61786,3068177013
2009-03-25,2610.846493,2637.768171,2529.546314,2582.503029,2632.009184,1675129706
2009-03-26,2584.668938,2630.127199,2578.324982,2581.38913,2584.309808,3159416868
2009-03-27,2605.406006,2648.73518,2579.795263,2587.140999,2616.00043,3608700343
2009-03-28,2597.126442,2630.944184,2565.946051,2589.338136,2591.429285,2355667000
2009-03-29,2603.822257,2651.074607,2586.774338,2603.593246,2604.75707,2601959649
2009-03-30,2584.543297,2638.777933,2571.00107,2594.550915,2631.261105,2481914826
2009-03-31,2613.534067,2640.494717,2588.751644,2600.212896,2601.592716,2634103334
2009-04-01,2633.602973,2651.963021,2581.017887,2583.33224,2603.848651,2318793905
2009-04-02,2632.197386,2648.851635,2597.442005,2602.167645,2619.52203,3726356847
2009-04-03,2620.468246,2640.751817,2559.331642,2628.62584,2634.996211,2439042879
2009-04-04,2598.330462,2631.853716,2570.628992,2588.801817,2613.403309,3599498424
2009-04-05,2601.548546,2651.594746,2571.365923,2572.238571,2648.522948,2980854441
2009-04-06,2609.127151,2628.969416,2582.264329,2590.627712,2613.46863,3245477072
2009-04-07,2625.617441,2630.698609,2573.933318,2597.237051,2630.036477,3021904467
2009-04-08,2622.371467,2637.204425,2567.367018,2621.559336,2631.220763,3161187004
2009-04-09,2616.693124,2621.170345,2565.792804,2568.28585,2616.765422,3600703941
2009-04-10,2608.124112,2640.796941,2562.251587,2575.959518,2621.226665,2689002004
2009-04-11,2597.734371,2617.260379,2585.122722,2585.327638,2615.768764,3270235779
2009-04-12,2616.486035,2634.315516,2564.695886,2598.436465,2609.029868,3202165175
2009-04-13,2600.256382,2637.391397,2577.280353,2587.262956,2589.216117,3210480949
2009-04-14,2624.093111,2632.400924,2583.822155,2602.581297,2616.103102,2512685956
2009-04-15,2590.090455,2607.406835,2578.53001,2603.93748,2604.65562,2424905089
2009-04-16,2604.578085,2642.09993,2583.980367,2588.553522,2621.768836,3418829811
2009-04-17,2621.079035,2621.676691,2593.3004,2599.395884,2617.265306,2728847079
2009-04-18,2597.944962,2622.737204,2570.850614,2604.467821,2620.099565,2510499136
2009-04-19,2623.94495,2656.596757,2575.252957,2600.600735,2639.21283,3408235742
2009-04-20,2619.986667,2625.197893,2600.210469,2610.545867,2620.529564,2552007950
2009-04-21,2619.148532,2628.007015,2578.938754,2588.367798,2626.082358,2758683213
2009-04-22,2626.10299,2634.843588,2557.397203,2616.982216,2624.420632,3040761604
2009-04-23,2622.615758,2666.955725,2578.521682,2607.954897,2609.118631,2779635820
2009-04-24,2609.121723,2626.805456,2585.345664,2586.51816,2614.443177,3085343842
2009-04-25,2613.443465,2613.886534,2567.79101,2577.138117,2593.782207,2255762542
2009-04-26,2603.71645,2649.241222,2581.209174,2594.966402,2615.6099,3688100539
2009-04-27,2615.879881,2656.555776,2603.330792,2605.204408,2609.97372,3176931717
2009-04-28,2589.666195,2645.411637,2538.140107,2598.809387,2614.069169,3436933941
2009-04-29,2611.681896,2626.703565,2605.098675,2609.056003,2621.190183,3623230505
2009-04-30,2608.476754,2659.68282,2576.016136,2608.680745,2614.498457,2275348608
2009-05-01,2601.855742,2633.652396,2578.404714,2584.930137,2615.395385,2720821556
2009-05-02,2631.019163,2636.839914,2587.049724,2591.503731,2631.916646,2998182446
2009-05-03,2628.829354,2647.448607,2562.75765,2616.281131,2625.227949,2387278546
2009-05-04,2606.601728,2648.316608,2568.579785,2602.462485,2624.666654,3292255866
2009-05-05,2639.315891,2654.013862,2583.908847,2596.566683,2603.697016,2743923650
2009-05-06,2607.798436,2635.471543,2582.265554,2592.183322,2601.766546,2117860011
2009-05-07,2595.987818,2643.838151,2578.676203,2587.433234,2597.907222,3758968092
2009-05-08,2594.512377,2660.659622,2569.33845,2588.800619,2634.276286,2464314289
2009-05-09,2617.056371,2626.277423,2563.961756,2599.22427,2599.719897,3262668516
2009-05-10,2624.493635,2637.707267,2598.41933,2615.174223,2615.87136,3185892436
2009-05-11,2608.088645,2646.08024,2576.013756,2630.723991,2631.101345,3189459716
2009-05-12,2625.262213,2628.269374,2576.949844,2594.790871,2616.868898,1536935912
2009-05-13,2623.210548,2644.41367,2563.491848,2608.046325,2630.055852,2372269544
2009-05-14,2599.474681,2646.784956,2598.020551,2601.519682,2624.083713,3736216005
2009-05-15,2640.150454,2652.395696,2569.637803,2617.020797,2648.245961,1751670818
2009-05-16,2634.989526,2650.857536,2613.885759,2617.91897,2648.024312,3600986906
2009-05-17,2607.304905,2650.47276,2594.082744,2596.285824,2629.615498,2347299519
2009-05-18,2615.415594,2639.492852,2600.812512,2601.464924,2634.496718,2898929375
2009-05-19,2626.333742,2645.828768,2598.668233,2619.671717,2630.930196,2306712011
2009-05-20,2633.22343,2633.978614,2612.97331,2615.289084,2621.057457,3953438461
2009-05-21,2639.226143,2644.206482,2597.209448,2611.032033,2624.760124,3695957486
2009-05-22,2642.453964,2647.287574,2581.190491,2599.348286,2600.840271,2233279643
2009-05-23,2621.633427,2656.517543,2597.364561,2634.105977,2640.924981,2165084475
2009-05-24,2639.864316,2642.357455,2560.999678,2615.066413,2626.866225,2956297077
2009-05-25,2622.196498,2635.919671,2570.625403,2609.410253,2611.79425,2187996024
2009-05-26,2619.952678,2671.234037,2594.390177,2613.197108,2643.471596,2592032586
2009-05-27,2633.810526,2651.105529,2589.548402,2609.577731,2611.487087,3335499462
2009-05-28,2618.994916,2676.101753,2587.072318,2616.082986,2622.011884,2784979293
2009-05-29,2614.628364,2679.172795,2597.275573,2617.898658,2619.141945,4172942991
2009-05-30,2635.816694,2669.699621,2611.975109,2623.890398,2625.868985,2320399395
2009-05-31,2617.40367,2656.763723,2603.223615,2606.401969,2621.239261,2551983644
2009-06-01,2637.283354,2651.767561,2596.13015,2613.15528,2633.204466,3087086935
2009-06-02,2621.253304,2659.074363,2604.973066,2620.475175,2646.622608,4164457860
2009-06-03,2633.374138,2639.183798,2584.123011,2585.424017,2597.143933,3222610494
2009-06-04,2616.416191,2641.37946,2560.544093,2629.468613,2635.510055,3512200468
2009-06-05,2624.897107,2637.198995,2592.218007,2609.398958,2633.20471,2730060287
2009-06-06,2623.891861,2639.939537,2601.548829,2635.493473,2638.40227,3682483472
2009-06-07,2650.556687,2682.440322,2582.725862,2617.114153,2645.096619,2595496768
2009-06-08,2649.142929,2656.514739,2581.460785,2591.115604,2596.04751,2446937155
2009-06-09,2642.797289,2647.142865,2616.419887,2618.512337,2625.609607,2741728717
2009-06-10,2628.065525,2672.855468,2591.751508,2601.198344,2623.691184,2448648962
2009-06-11,2644.244455,2669.908618,2588.038301,2620.566985,2622.533966,3143577483
2009-06-12,2636.652988,2648.885812,2618.424467,2637.368569,2645.954603,3861874823
2009-06-13,2624.57488,2646.16258,2585.710602,2597.090042,2630.362924,3268543681
2009-06-14,2637.024564,2642.466969,2576.708212,2595.072188,2608.078269,2601615276
2009-06-15,2627.045521,2654.672215,2619.232867,2630.661526,2652.010695,2871219044
2009-06-16,2658.54295,2640.40136,2603.07045,2612.358535,2635.302807,2141615277
2009-06-17,2643.062484,2656.327902,2590.128439,2633.165372,2634.521694,2455037227
2009-06-18,2647.157626,2657.047181,2562.599247,2624.468607,2627.636099,3276697453
2009-06-19,2657.011408,2658.066269,2590.726617,2608.604586,2628.145622,3304614965
2009-06-20,2644.213622,2662.859691,2583.423628,2625.207375,2626.749839,2400856738
2009-06-21,2614.594135,2645.455726,2563.034368,2619.195546,2637.086186,3213581258
2009-06-22,2642.509554,2644.406392,2599.61303,2629.49252,2640.33422,2858658931
2009-06-23,2634.073381,2665.105008,2611.926124,2628.885252,2640.396841,4012046153
2009-06-24,2644.440987,2667.716425,2581.204714,2607.407139,2636.830154,2154406275
2009-06-25,2634.880737,2666.556381,2596.461133,2646.676864,2657.301205,1760596565
2009-06-26,2630.887718,2665.884286,2625.032176,2629.046727,2644.070388,4604003860
2009-06-27,2648.079489,2666.556698,2599.538771,2600.202513,2628.341654,2902217887
2009-06-28,2646.162878,2647.429946,2604.238722,2620.722098,2643.3386,1813214585
2009-06-29,2637.31052,2665.47057,2592.905545,2627.53256,2639.741968,2376595341
2009-06-30,2622.225683,2647.466375,2609.642395,2630.797718,2642.976072,2808017546
2009-07-01,2626.7601,2658.458557,2599.305491,2626.89564,2643.537302,2433175608
2009-07-02,2649.680468,2650.205378,2589.780054,2636.75222,2638.984373,2382915573
2009-07-03,2632.698483,2677.295712,2591.066095,2654.478413,2655.807481,2462528693
2009-07-04,2648.363783,2673.797998,2598.498057,2647.496248,2653.709316,3321164422
2009-07-05,2637.507148,2643.766504,2598.928219,2616.86578,2625.143506,3242290478
2009-07-06,2614.492321,2656.9396,2585.198907,2601.888151,2640.117878,3701713293
2009-07-07,2658.969212,2696.97614,2620.740896,2622.758967,2630.981798,2792309935
2009-07-08,2628.728908,2631.681076,2600.277456,2616.513387,2616.954852,3292411254
2009-07-09,2648.055482,2693.424027,2624.759579,2626.689497,2692.284559,3159484372
2009-07-10,2647.852938,2652.297881,2619.250558,2639.407929,2642.085226,2232099900
2009-07-11,2643.800148,2647.040646,2591.328824,2610.08056,2620.617444,3057595953
2009-07-12,2657.641257,2659.686466,2599.513158,2602.744371,2646.135001,2589246855
2009-07-13,2650.36468,2665.573296,2616.891632,2654.03964,2657.189384,2345447811
2009-07-14,2640.975103,2643.618835,2611.973168,2615.923184,2633.084075,2984881086
2009-07-15,2616.196764,2677.214713,2607.588719,2633.917415,2650.223077,2835495181
2009-07-16,2670.73677,2671.876529,2622.403238,2636.96749,2643.550833,3384580499
2009-07-17,2646.703674,2649.90079,2611.250067,2642.015426,2649.573924,3590563033
2009-07-18,2658.018209,2665.725542,2603.019925,2616.618235,2638.655666,2245700204
2009-07-19,2617.387653,2657.590714,2604.46182,2620.878585,2649.008207,3206152608
2009-07-20,2649.163016,2685.620034,2603.378695,2626.21225,2631.103324,2648134894
2009-07-21,2660.8637,2670.845266,2604.111345,2615.253897,2629.463898,3625730198
2009-07-22,2662.246417,2685.710369,2608.461359,2625.247924,2658.570978,3082069447
2009-07-23,2639.424652,2661.849497,2597.651473,2650.915,2658.537778,2513425397
2009-07-24,2640.915088,2662.921785,2631.583838,2655.004481,2655.239261,3000431495
2009-07-25,2651.537009,2710.78511,2602.091905,2632.101011,2659.168339,2091962280
2009-07-26,2654.891822,2671.399164,2616.069656,2626.186362,2636.302676,3246493203
2009-07-27,2654.03456,2673.842077,2610.053796,2614.340347,2645.534302,3306840568
2009-07-28,2638.478021,2664.182742,2585.611109,2632.827539,2657.266572,2858715292
2009-07-29,2667.211935,2678.004307,2620.485788,2623.77415,2650.053804,3056981701
2009-07-30,2643.556237,2666.069571,2607.00051,2648.783643,2651.896579,3252168479
2009-07-31,2650.939784,2660.948227,2612.020203,2651.511165,2652.29804,3356535429
2009-08-01,2666.612551,2676.19215,2585.288171,2618.500471,2653.526072,3024631628
2009-08-02,2648.098075,2662.544823,2631.65365,2633.228821,2661.45626,1603727695
2009-08-03,2661.963504,2672.430819,2632.628741,2640.904701,2650.259924,1642049934
2009-08-04,2646.918227,2676.772479,2608.240606,2630.931414,2652.632648,3763240018
2009-08-05,2647.113628,2679.71427,2608.812834,2649.904742,2651.531869,3986639793
2009-08-06,2636.620091,2657.04725,2624.929452,2627.802657,2656.198816,4208452973
2009-08-07,2627.948616,2657.456395,2608.909887,2611.460776,2643.259221,2916361839
2009-08-08,2663.307616,2666.9468,2634.392411,2636.335634,2656.857589,2877111830
2009-08-09,2623.804975,2681.34021,2609.561845,2638.831771,2669.519795,2382501218
2009-08-10,2648.015928,2677.865318,2615.143501,2629.282046,2656.962812,1678612237
2009-08-11,2637.732557,2677.661105,2612.051759,2633.193891,2675.658879,2689437409
2009-08-12,2646.696188,2653.181169,2625.050926,2639.31388,2651.97736,3512737979
2009-08-13,2666.549098,2667.580897,2639.707032,2651.203467,2656.376617,2827852987
2009-08-14,2661.998928,2664.043545,2572.194428,2628.382885,2659.294727,2821182683
2009-08-15,2648.000584,2654.034578,2616.111256,2638.959556,2643.924286,4187231732
2009-08-16,2645.719255,2688.368981,2611.39922,2651.677184,2652.514454,2680447866
2009-08-17,2660.699682,2682.584403,2624.206514,2647.721356,2649.097552,3629705052
2009-08-18,2634.806282,2670.045125,2632.663922,2634.709219,2659.420058,3273627312
2009-08-19,2662.901342,2663.752159,2623.967438,2638.296134,2640.328018,3295716789
2009-08-20,2640.558958,2652.553129,2629.402585,2643.173411,2649.239959,2850005435
2009-08-21,2667.05419,2678.204953,2632.046407,2649.468439,2675.319059,2894533216
2009-08-22,2662.136587,2672.541211,2619.956746,2631.588383,2655.669599,3610365779
2009-08-23,2654.793332,2673.893761,2630.707167,2632.423407,2652.089112,3229337311
2009-08-24,2656.431612,2673.54541,2631.756147,2649.431017,2661.184664,4185439326
2009-08-25,2645.906662,2676.292539,2623.156565,2629.727846,2638.333856,3846377942
2009-08-26,2677.157762,2695.963072,2600.319771,2646.869237,2666.226601,2936182053
2009-08-27,2646.89309,2686.767816,2630.236125,2638.280108,2651.589823,2625825771
2009-08-28,2664.594346,2671.317286,2601.14286,2644.019349,2655.657991,3100966446
2009-08-29,2666.843456,2671.657295,2619.066557,2628.461907,2660.024914,2466028853
2009-08-30,2665.5124,2668.362926,2642.860068,2656.910242,2668.282844,2894076426
2009-08-31,2673.838846,2688.211293,2629.097458,2666.575435,2674.593713,1835871089
2009-09-01,2671.823988,2690.173857,2619.18603,2628.466742,2663.323189,3577594726
2009-09-02,2655.802741,2667.137872,2626.016144,2636.40924,2658.290051,2229895858
2009-09-03,2672.307097,2712.481026,2645.28518,2645.77773,2654.968259,2922008405
2009-09-04,2668.632823,2684.110585,2625.817255,2633.239955,2650.542178,2681661722
2009-09-05,2687.13745,2689.145053,2632.924483,2636.71998,2638.397446,1694353216
2009-09-06,2662.414919,2672.223088,2624.411956,2632.44773,2653.204755,2380243738
2009-09-07,2680.664037,2692.522698,2628.979265,2630.562274,2644.313822,3713131544
2009-09-08,2649.84462,2685.597618,2618.421315,2633.56286,2671.681146,3730462453
2009-09-09,2675.158061,2695.628252,2640.602658,2643.670816,2651.298719,2718998313
2009-09-10,2674.470207,2681.202103,2631.839216,2636.801257,2662.822423,2411104265
2009-09-11,2655.194489,2694.187596,2617.324832,2649.602875,2656.025,3985660143
2009-09-12,2682.067586,2689.508022,2590.154319,2653.512352,2673.569965,2206880673
2009-09-13,2645.948455,2685.383984,2631.309613,2639.852127,2664.149999,3760606270
2009-09-14,2662.683535,2687.894808,2616.513655,2625.093894,2655.874736,3200925425
2009-09-15,2674.287249,2703.228124,2637.612521,2660.664073,2674.691909,2964358514
2009-09-16,2692.0726,2701.010078,2624.234822,2665.6794,2682.274052,2581124059
2009-09-17,2677.282096,2685.677706,2639.058893,2658.745204,2672.145096,2978652251
2009-09-18,2669.443275,2670.044516,2640.025929,2648.997622,2669.077782,3035961082
2009-09-19,2663.507791,2701.037019,2644.465012,2658.930007,2659.059072,2069312097
2009-09-20,2653.729076,2679.094782,2641.852735,2656.329234,2674.069156,3314870340
2009-09-21,2665.973034,2683.71938,2621.876251,2630.480417,2681.596012,3764976617
2009-09-22,2687.998825,2703.298943,2637.977882,2647.617015,2670.866216,2409845753
2009-09-23,2676.049117,2709.729073,2634.387856,2637.131765,2653.678261,2997349333
2009-09-24,2645.069624,2683.450757,2618.937157,2647.646567,2668.302243,2822101467
2009-09-25,2659.643906,2677.547381,2637.852608,2656.352415,2676.521673,3250702495
2009-09-26,2682.817901,2693.375831,2631.14979,2638.728029,2653.911256,3616847150
2009-09-27,2691.020092,2706.061098,2629.869969,2639.840225,2662.297702,3353720953
2009-09-28,2672.398161,2678.230997,2632.06664,2643.776592,2650.034573,2903086631
2009-09-29,2638.603073,2679.882869,2614.190825,2632.394894,2672.419272,3281239631
2009-09-30,2685.423031,2690.162593,2648.871678,2669.450751,2685.152767,3275668561
2009-10-01,2690.668109,2707.434968,2628.414557,2633.400209,2656.652756,2400631324
2009-10-02,2695.557852,2701.145681,2610.776853,2611.792973,2682.830336,3103046715
2009-10-03,2673.407478,2681.312361,2630.30478,2668.555101,2674.370503,2405909002
2009-10-04,2679.444081,2709.011804,2621.568235,2655.543235,2682.248436,3445501071
2009-10-05,2665.857204,2702.041646,2659.108302,2694.929088,2695.829821,3574906055
2009-10-06,2653.58815,2714.198154,2640.755785,2652.82939,2707.944502,3923670244
2009-10-07,2649.725526,2676.711402,2637.450686,2660.21602,2665.549943,2847888602
2009-10-08,2691.488087,2706.400777,2634.220286,2690.864897,2700.535509,3288764127
2009-10-09,2661.484149,2692.101274,2636.106782,2644.076254,2671.870122,3063215472
2009-10-10,2684.979484,2710.407218,2625.002814,2647.688465,2650.534242,3862057733
2009-10-11,2676.858552,2679.816279,2611.432349,2655.314174,2661.492261,4030346916
2009-10-12,2645.285662,2693.667288,2587.475243,2649.354924,2652.778841,2054184178
2009-10-13,2661.398144,2716.988004,2620.365157,2644.595346,2667.599077,3576470148
2009-10-14,2685.803939,2690.606215,2609.375765,2645.816464,2646.718499,2781964356
2009-10-15,2702.505138,2705.659457,2633.542995,2651.167994,2655.975302,3126722934
2009-10-16,2663.735788,2707.061985,2651.328014,2663.483647,2670.082931,2624359427
2009-10-17,2676.673282,2698.268265,2627.365741,2674.720892,2680.953823,3391557664
2009-10-18,2646.602693,2723.42873,2641.221476,2672.11052,2699.050703,2678323690
2009-10-19,2664.169954,2680.744877,2627.717449,2657.133549,2669.042529,2079857183
2009-10-20,2680.762853,2711.633079,2648.393652,2700.204724,2703.901391,2441344654
2009-10-21,2685.881174,2695.247914,2609.562017,2655.014845,2694.790547,3844848064
2009-10-22,2682.923458,2694.669942,2610.922904,2647.388526,2687.605434,3767034325
2009-10-23,2694.102103,2699.042225,2643.992875,2648.717376,2686.29089,2338782908
2009-10-24,2686.101959,2694.663042,2635.223315,2661.140921,2666.611272,3870336481
2009-10-25,2673.182846,2711.871712,2644.921572,2657.028964,2696.797004,2738512698
2009-10-26,2684.031133,2701.041899,2635.312267,2663.864401,2675.408647,3889232075
2009-10-27,2688.02847,2689.971015,2637.636926,2639.118041,2662.716553,2728272148
2009-10-28,2666.198143,2711.819884,2658.606567,2665.941017,2709.871622,3176159351
2009-10-29,2665.416743,2701.371837,2650.102312,2650.505063,2682.107818,3049042783
2009-10-30,2696.576779,2713.654326,2646.847912,2673.493828,2695.046046,3071207363
2009-10-31,2662.688609,2704.054957,2652.637688,2656.326335,2666.599772,3704871187
2009-11-01,2666.957856,2690.36731,2643.985797,2676.500541,2681.383166,2693090789
2009-11-02,2682.955963,2706.885632,2668.334616,2684.103157,2701.43369,2650187253
2009-11-03,2677.269764,2706.083547,2635.760138,2655.681042,2659.034076,3431166692
2009-11-04,2688.82193,2697.912208,2635.417986,2650.928602,2662.569566,2905137602
2009-11-05,2675.829534,2705.176228,2662.222406,2692.932751,2697.263179,2785800384
2009-11-06,2699.394038,2715.530704,2657.575442,2682.001983,2714.0174,3431680523
2009-11-07,2690.917703,2708.94073,2659.694551,2663.301046,2694.08646,1985385298
2009-11-08,2675.236372,2704.653928,2621.940458,2679.773108,2681.105753,2789611827
2009-11-09,2669.227639,2693.02143,2649.561083,2663.677368,2685.970802,4448061078
2009-11-10,2693.006625,2720.619235,2664.193778,2670.145995,2700.086899,2475198715
2009-11-11,2682.962489,2713.412967,2604.805189,2672.815659,2683.300427,4637269989
2009-11-12,2685.741491,2698.011904,2670.304682,2672.603433,2677.8347,3257075893
2009-11-13,2673.759697,2703.026397,2663.928652,2668.368884,2671.026438,2663807158
2009-11-14,2670.744327,2688.036664,2631.263849,2653.628307,2680.231691,3585699285
2009-11-15,2687.385161,2709.406177,2640.604436,2679.763701,2708.388105,2693842531
2009-11-16,2703.551707,2704.491842,2645.8365,2648.035612,2653.125627,3144713883
2009-11-17,2675.594237,2709.599528,2674.907783,2679.414741,2697.980533,3196539578
2009-11-18,2668.433178,2704.082942,2655.85546,2671.005597,2691.213687,3114888110
2009-11-19,2685.274114,2702.716538,2657.480111,2692.01314,2702.31534,2543175925
2009-11-20,2694.09544,2706.539246,2654.299221,2668.08715,2687.392753,3092641004
2009-11-21,2675.680554,2688.254317,2643.708344,2659.43648,2682.729301,2325130012
2009-11-22,2692.707694,2709.939923,2646.144228,2671.58757,2681.673026,3511140421
2009-11-23,2699.695249,2711.665677,2671.433013,2677.911945,2692.997458,2220645058
2009-11-24,2705.245783,2721.948605,2635.240558,2671.693735,2674.695595,1997155037
2009-11-25,2697.577757,2713.502542,2681.491256,2685.390647,2707.300327,4014710725
2009-11-26,2686.390692,2707.888053,2656.547079,2670.466408,2687.523208,2489236228
2009-11-27,2704.819971,2734.97354,2651.11124,2675.568097,2692.984011,3443146520
2009-11-28,2687.12399,2690.912271,2642.020334,2674.069036,2688.68996,3088406711
2009-11-29,2680.986491,2695.403823,2666.288149,2668.84713,2671.874102,3090491959
2009-11-30,2693.077111,2702.495986,2654.147859,2661.036937,2667.747321,2531745650
2009-12-01,2671.94229,2720.376109,2628.842183,2698.04388,2709.034403,3032953286
2009-12-02,2689.200157,2690.848408,2634.832191,2655.308436,2672.144905,3523882006
2009-12-03,2695.99268,2706.706832,2636.518233,2680.467568,2706.138042,3186069036
2009-12-04,2700.250627,2728.708004,2667.584958,2676.033206,2681.364214,3109705812
2009-12-05,2703.342717,2709.060796,2669.880997,2673.899852,2688.221374,4401089796
2009-12-06,2675.471129,2713.103253,2638.421467,2688.397206,2708.05327,3544880567
2009-12-07,2698.485432,2718.595352,2658.586279,2703.007702,2709.837225,3793197858
2009-12-08,2665.302591,2734.797418,2656.098368,2692.059545,2708.157241,3044453889
2009-12-09,2680.595374,2718.209065,2636.779871,2711.216563,2714.723614,3004516876
2009-12-10,2706.510069,2709.641186,2627.281913,2642.174332,2674.47494,2050256763
2009-12-11,2714.967959,2727.006135,2648.641231,2655.517727,2682.804644,2975383447
2009-12-12,2694.872451,2704.60758,2657.057324,2665.492344,2701.355703,3605360123
2009-12-13,2686.325039,2702.872745,2668.935261,2685.145847,2700.480096,2648623835
2009-12-14,2681.399368,2714.951279,2666.772973,2677.616296,2688.760305,3544475494
2009-12-15,2712.954587,2734.115858,2667.689468,2688.249211,2690.465057,3239877650
2009-12-16,2717.898225,2733.609943,2659.61911,2662.849348,2693.795305,3403568924
2009-12-17,2705.02307,2705.106011,2666.443416,2672.580624,2673.104725,3942635781
2009-12-18,2680.49801,2707.560647,2677.32244,2684.336836,2684.532791,3343306563
2009-12-19,2699.481755,2718.620571,2679.487839,2688.973699,2713.002986,3007591107
2009-12-20,2712.006779,2738.9092,2659.759067,2667.820731,2681.848067,3851227954
2009-12-21,2721.208511,2724.125207,2674.413001,2695.514286,2702.721671,2516725695
2009-12-22,2699.48796,2715.335014,2654.849203,2695.345721,2713.342274,3948318391
2009-12-23,2684.579348,2704.917289,2674.814021,2677.85429,2704.083005,3850025940
2009-12-24,2689.092106,2726.379632,2656.424579,2682.613898,2687.28514,2800613129
2009-12-25,2672.149151,2706.114482,2668.692803,2680.853959,2697.396203,2096035731
2009-12-26,2735.837358,2750.098479,2661.452795,2684.128307,2724.359634,3948895208
2009-12-27,2687.385697,2703.773203,2673.319666,2684.339828,2694.193907,4072047462
2009-12-28,2703.591554,2725.611404,2664.364769,2692.953442,2705.120098,2962280264
2009-12-29,2700.673489,2724.766178,2677.901052,2682.112309,2703.175729,2932758741
2009-12-30,2669.238515,2708.001585,2656.74741,2663.425225,2669.159861,2632552134
2009-12-31,2710.157738,2728.477841,2648.306996,2668.397686,2688.577552,3243198817
2010-01-01,2670.533134,2713.170821,2666.492504,2669.051012,2693.567745,3741523074
2010-01-02,2707.023875,2709.358723,2687.636595,2691.154542,2709.063803,3881891866
2010-01-03,2687.621851,2718.535234,2632.24589,2662.914679,2685.972187,1646405519
2010-01-04,2686.91256,2716.262776,2668.58828,2678.157143,2693.531134,2771735891
2010-01-05,2718.477049,2734.033926,2683.999223,2684.426362,2699.793049,3129683631
2010-01-06,2695.141427,2739.630651,2677.274554,2687.030208,2693.974581,2535553076
2010-01-07,2701.808295,2739.807202,2658.710783,2669.486052,2698.490479,3906988867
2010-01-08,2671.830923,2731.177243,2666.307502,2683.181232,2708.405492,2685010932
2010-01-09,2722.607127,2723.275038,2683.051566,2686.656806,2698.338994,3543046014
2010-01-10,2693.103589,2737.393901,2675.695628,2704.5661,2729.127361,3618165314
2010-01-11,2695.375008,2708.560904,2677.076202,2677.24694,2707.375649,3403218769
2010-01-12,2706.493351,2716.47909,2676.873449,2683.147102,2702.966516,3281321492
2010-01-13,2701.65207,2726.382388,2658.379702,2662.563135,2674.916909,3179047247
2010-01-14,2710.229871,2726.116817,2673.042489,2692.35247,2705.285304,3056980403
2010-01-15,2720.295105,2721.126107,2679.094846,2698.301643,2704.163042,2389423929
2010-01-16,2716.523314,2729.972599,2663.245569,2684.716249,2686.928186,4335437466
2010-01-17,2724.413756,2737.230819,2687.640192,2688.002106,2706.81046,1875855918
2010-01-18,2713.023571,2752.220627,2670.099739,2681.852229,2709.265909,3519213247
2010-01-19,2667.512637,2725.73767,2667.40985,2675.580057,2690.121635,2857486207
2010-01-20,2708.353135,2726.28552,2681.43112,2692.990375,2701.427541,2701748660
2010-01-21,2724.842321,2734.286633,2683.961252,2688.43746,2691.38685,3898089613
2010-01-22,2722.537248,2740.460375,2653.712771,2668.113417,2708.802803,3868897741
2010-01-23,2703.771699,2739.528639,2670.380527,2690.660749,2708.387879,2262369103
2010-01-24,2710.987947,2711.484377,2683.699393,2690.03238,2700.192281,3010886434
2010-01-25,2715.364818,2740.182544,2694.096162,2697.935359,2724.719917,3425987987
2010-01-26,2698.314651,2745.383633,2682.272276,2715.164047,2731.501384,2862048839
2010-01-27,2708.273705,2717.425229,2653.47479,2668.688593,2715.502188,2997716492
2010-01-28,2722.89076,2724.594635,2690.526084,2711.076957,2718.285384,3799426085
2010-01-29,2713.284532,2753.077192,2691.994369,2695.216578,2703.891665,3516682343
2010-01-30,2713.189089,2721.947413,2668.344671,2675.561168,2702.661687,2379556181
2010-01-31,2713.976889,2739.358809,2692.436773,2702.377095,2724.826913,2795681347
2010-02-01,2693.386609,2727.835982,2668.203221,2688.892154,2725.079938,2795642005
2010-02-02,2728.922168,2750.933111,2663.223038,2698.131704,2711.431476,2263224585
2010-02-03,2693.680773,2745.004273,2692.291101,2692.622519,2718.446931,3068767468
2010-02-04,2702.556543,2764.555798,2681.180614,2691.085294,2697.896504,2826564286
2010-02-05,2708.230706,2734.905956,2672.379631,2707.427128,2708.310492,4302295839
2010-02-06,2734.954302,2740.943135,2678.354994,2683.041528,2725.464442,3329827592
2010-02-07,2715.564947,2719.793066,2685.841799,2691.898083,2706.670699,3783993166
2010-02-08,2747.508764,2754.446705,2695.62524,2720.152263,2740.747732,3254867440
2010-02-09,2719.618014,2776.110052,2676.885066,2725.609318,2746.758232,3122514621
2010-02-10,2721.239673,2735.425457,2676.778815,2695.755476,2716.518975,2573843544
2010-02-11,2666.926482,2735.075083,2666.823249,2710.827273,2714.984434,3401699374
2010-02-12,2723.69455,2742.218627,2673.896922,2711.015763,2725.341733,2371228939
2010-02-13,2720.499017,2768.793713,2682.531992,2701.396173,2725.424292,2482338993
2010-02-14,2726.856428,2745.37496,2708.779752,2711.15512,2744.779821,3830483554
2010-02-15,2708.492925,2738.234405,2691.143477,2711.113803,2722.045687,2887152564
2010-02-16,2730.588259,2753.152094,2687.065084,2725.958771,2750.694909,2690106117
2010-02-17,2695.600915,2745.674601,2683.668568,2718.24745,2719.587234,3261458854
2010-02-18,2701.212694,2742.944185,2690.523461,2699.686849,2721.309008,3001101148
2010-02-19,2709.570695,2761.3807,2662.623786,2672.505309,2723.988963,3799337685
2010-02-20,2707.253878,2753.658891,2691.775704,2697.810431,2721.395982,2959818803
2010-02-21,2705.376676,2729.381091,2684.341995,2701.990905,2703.414592,2535020883
2010-02-22,2713.911698,2746.568335,2674.65304,2741.319238,2741.733791,2681636513
2010-02-23,2733.099546,2736.396164,2674.106086,2702.935566,2732.251826,4243839791
2010-02-24,2725.460051,2727.41183,2685.510704,2701.330016,2709.25027,3006588346
2010-02-25,2726.132776,2730.862443,2644.379451,2690.55692,2704.553135,2798828919
2010-02-26,2727.720677,2735.41592,2651.337388,2702.016808,2704.421444,3269167652
2010-02-27,2717.015784,2747.94284,2659.67583,2703.306127,2713.643104,3658408186
2010-02-28,2715.427277,2723.325869,2698.774722,2702.076158,2707.445527,4225699022
2010-03-01,2746.441203,2752.881267,2691.531421,2694.365882,2713.497217,3793266259
2010-03-02,2717.349879,2739.931126,2666.460832,2708.835449,2711.585766,3638544591
2010-03-03,2721.864271,2738.333892,2685.094627,2703.344207,2709.792467,3461395556
2010-03-04,2740.263362,2749.641978,2693.896423,2702.736612,2732.453735,3575185982
2010-03-05,2728.189656,2739.775416,2698.962955,2707.83733,2710.323711,3195807531
2010-03-06,2758.590315,2765.321067,2685.193508,2691.373264,2707.746421,3821934255
2010-03-07,2708.538532,2742.835108,2675.52297,2698.759557,2710.616443,3147679477
2010-03-08,2722.52809,2753.115568,2691.636649,2736.985214,2738.900883,3569257859
2010-03-09,2746.645423,2755.827553,2697.087611,2705.299523,2730.803551,3042538774
2010-03-10,2713.401463,2730.437732,2676.418876,2716.29935,2729.682882,3057246402
2010-03-11,2729.345488,2746.687437,2708.866911,2709.161491,2709.264767,4400273202
2010-03-12,2715.333144,2734.735293,2694.222477,2717.008812,2725.264618,3683608919
2010-03-13,2734.86741,2746.8258,2654.717126,2701.985497,2702.438199,2853025554
2010-03-14,2719.917976,2762.170492,2707.300676,2707.451968,2715.34883,2709322219
2010-03-15,2731.732794,2744.051555,2679.80286,2691.439276,2694.111406,3633846574
2010-03-16,2715.28367,2737.169215,2687.732439,2721.796606,2725.474247,2658034423
2010-03-17,2697.920981,2766.377847,2697.802487,2701.715936,2730.600076,3534922262
2010-03-18,2726.162132,2740.930773,2699.370397,2713.127715,2721.730581,2625769271
2010-03-19,2702.953213,2720.960285,2695.62384,2714.350869,2720.717305,3928577598
2010-03-20,2726.138646,2746.172304,2721.632291,2729.131798,2730.117752,2955071152
2010-03-21,2735.540795,2752.509662,2692.701289,2704.33709,2745.91124,3396339335
2010-03-22,2753.71706,2757.064562,2713.175316,2726.623846,2738.205085,2926206599
2010-03-23,2751.462851,2752.078031,2682.857699,2702.496617,2732.927044,3629436170
2010-03-24,2727.558611,2748.198424,2689.750516,2693.812611,2726.989381,3181915138
2010-03-25,2735.998895,2768.811706,2693.193287,2695.787804,2710.164565,3754105174
2010-03-26,2748.775133,2765.770742,2693.765524,2727.003679,2753.35281,4077298898
2010-03-27,2748.772282,2756.86235,2701.321639,2727.542572,2756.679728,2458894333
2010-03-28,2739.234442,2755.50489,2666.607468,2704.853665,2711.704,3293668825
2010-03-29,2726.980545,2747.396641,2711.577757,2712.905419,2718.175907,3638819563
2010-03-30,2712.615816,2770.054261,2686.257168,2733.889298,2743.748379,4397636246
2010-03-31,2763.368772,2777.444515,2698.996241,2700.475311,2715.969235,2915930657
2010-04-01,2720.293031,2737.95299,2688.672156,2703.993163,2734.371624,3458252649
2010-04-02,2702.446531,2733.913223,2666.556219,2703.637551,2714.280236,3961274355
2010-04-03,2736.744792,2750.495088,2730.32679,2734.120633,2743.706859,2862600773
2010-04-04,2743.731323,2757.740765,2679.647307,2723.49321,2724.787152,2714009876
2010-04-05,2731.931291,2744.404858,2694.31606,2715.808975,2726.029517,2769454453
2010-04-06,2747.838949,2759.990169,2698.406267,2725.681087,2743.004527,3132284013
2010-04-07,2743.912018,2768.773866,2705.875832,2736.216675,2750.666159,3786111644
2010-04-08,2735.400864,2750.874554,2682.740747,2724.154776,2748.300574,3552810760
2010-04-09,2748.082139,2758.013061,2667.668108,2690.862038,2700.47982,4082461816
2010-04-10,2751.326359,2761.5137,2709.511226,2725.074711,2746.31381,3016477233
2010-04-11,2738.731642,2760.588255,2701.809118,2706.464974,2732.709357,2863138658
2010-04-12,2736.736793,2759.360153,2679.771986,2694.387143,2754.746035,2936803017
2010-04-13,2743.060531,2775.493706,2696.240013,2707.035026,2756.466077,3408938940
2010-04-14,2744.210828,2754.137722,2683.10665,2701.992884,2734.735268,3152074578
2010-04-15,2734.918802,2737.348027,2696.881043,2705.502647,2730.306324,2292140554
2010-04-16,2742.914339,2764.651022,2722.450961,2732.854085,2739.414843,2524803602
2010-04-17,2758.17891,2764.908311,2688.839347,2703.349807,2731.268496,3528170694
2010-04-18,2725.045778,2765.41019,2707.08762,2717.126327,2738.903081,3451622597
2010-04-19,2730.191065,2742.596639,2694.779596,2737.1667,2742.592616,2295472608
2010-04-20,2741.66372,2792.762334,2710.95071,2712.908204,2749.610038,3481976587
2010-04-21,2739.682656,2766.67062,2724.411283,2730.530982,2763.248278,2638737447
2010-04-22,2715.493731,2752.992206,2713.473856,2715.26989,2734.556355,3131678707
2010-04-23,2761.952019,2762.876228,2720.515157,2748.355632,2762.535508,2820356510
2010-04-24,2736.239793,2753.35632,2700.282356,2738.88443,2744.039454,2342497588
2010-04-25,2753.924867,2773.896643,2686.254364,2751.167275,2754.566788,3216953032
2010-04-26,2741.051622,2760.98881,2698.880289,2746.279933,2755.341337,3905170557
2010-04-27,2743.267356,2751.40425,2705.293317,2707.336084,2736.498013,3563393721
2010-04-28,2720.458315,2746.755242,2700.006672,2719.979804,2733.464923,2953053923
2010-04-29,2744.636725,2764.168237,2719.788914,2721.133558,2746.183684,2971117620
2010-04-30,2748.58781,2767.706074,2684.689276,2728.675514,2737.331954,3446456540
2010-05-01,2756.596907,2790.363082,2717.854875,2728.000263,2756.613797,4409183034
2010-05-02,2755.9702,2776.25482,2710.798465,2745.484627,2747.279899,2952460379
2010-05-03,2751.016122,2759.619665,2692.300759,2705.681068,2732.886547,3299822558
2010-05-04,2727.689665,2786.178879,2702.436455,2738.471129,2739.575353,2136722736
2010-05-05,2772.83886,2810.412729,2716.348432,2737.374168,2743.186624,2835122313
2010-05-06,2723.650162,2769.737673,2682.055984,2698.121821,2762.946024,3272791895
2010-05-07,2728.630618,2760.366473,2692.856511,2701.861081,2759.140263,2462495079
2010-05-08,2751.937753,2776.126218,2690.258512,2749.65779,2752.737087,3195844634
2010-05-09,2732.697855,2739.455325,2719.365108,2721.591467,2734.909673,3709271094
2010-05-10,2748.488727,2755.682866,2713.158008,2740.780428,2748.585278,3603510582
2010-05-11,2721.349915,2768.12202,2714.276782,2723.532242,2746.425603,3118518934
2010-05-12,2740.276402,2752.076765,2692.343435,2723.77362,2728.845174,3417341703
2010-05-13,2761.174419,2774.630657,2728.027076,2730.589608,2764.082556,3231413291
2010-05-14,2767.202995,2770.37853,2707.189306,2715.829475,2721.533501,3578101074
2010-05-15,2746.224063,2770.764429,2743.695825,2754.661262,2755.764793,1967897708
2010-05-16,2734.978995,2781.137283,2708.398872,2759.222715,2760.766495,3317071619
2010-05-17,2747.457569,2758.497769,2708.432985,2747.804898,2752.779192,3837066279
2010-05-18,2755.978278,2760.195009,2707.094678,2725.585874,2758.337557,2645592385
2010-05-19,2748.892473,2768.874211,2709.948388,2729.416194,2743.189633,3740446934
2010-05-20,2755.049412,2769.295464,2713.443902,2764.087297,2766.205867,2442107977
2010-05-21,2724.497388,2749.102192,2723.99509,2734.945739,2742.053471,2905577351
2010-05-22,2749.82643,2789.473775,2738.783701,2744.977909,2769.890891,2701544510
2010-05-23,2726.31988,2762.010442,2708.72377,2722.397693,2753.143646,2960014567
2010-05-24,2745.330141,2782.760747,2726.295597,2727.860267,2735.8266,3093464753
2010-05-25,2773.288464,2780.955487,2738.559965,2754.132925,2758.619133,3705650695
2010-05-26,2748.070048,2750.924794,2720.45302,2721.010328,2725.781897,3055526219
2010-05-27,2750.476729,2764.476715,2738.645225,2740.855853,2761.787264,2235884188
2010-05-28,2771.538535,2780.993462,2691.230363,2704.616531,2725.123318,3018503581
2010-05-29,2766.371233,2789.082197,2710.591721,2712.875074,2774.043914,3847957949
2010-05-30,2736.498855,2766.528119,2712.857475,2732.22777,2747.763109,2406198299
2010-05-31,2762.508964,2775.179424,2717.773519,2732.307165,2737.373446,3669443384
2010-06-01,2750.453562,2767.060201,2689.442928,2726.21408,2742.326465,3994191441
2010-06-02,2738.224293,2783.208808,2731.321444,2759.508201,2761.049028,3763676749
2010-06-03,2757.898169,2776.399182,2690.644996,2738.412346,2740.029785,1781941095
2010-06-04,2737.994626,2779.497539,2707.117095,2753.409063,2762.706254,4581297531
2010-06-05,2744.330504,2770.379257,2715.130102,2737.674107,2739.744114,3457527469
2010-06-06,2761.90159,2781.565618,2720.199702,2759.548731,2764.519651,3297153139
2010-06-07,2743.443046,2770.722122,2717.527146,2757.311163,2757.761848,4106585148
2010-06-08,2747.215328,2757.927459,2723.654533,2731.210769,2747.379649,2440033544
2010-06-09,2750.28436,2785.349677,2708.567236,2737.276691,2763.779286,3219946337
2010-06-10,2773.168104,2784.674783,2729.825315,2759.558887,2771.319466,4155215767
2010-06-11,2743.66667,2775.157229,2724.763465,2742.354305,2774.184349,4106348698
2010-06-12,2755.111643,2777.980348,2745.965556,2748.06873,2769.949474,3315057728
2010-06-13,2774.141287,2792.475775,2681.52898,2750.829819,2758.549566,2623123562
2010-06-14,2736.086031,2779.991824,2686.558515,2737.806124,2779.72921,2862526232
2010-06-15,2770.610226,2777.458023,2742.135986,2744.722976,2747.111972,3361216761
2010-06-16,2762.657574,2773.241278,2700.348188,2721.153056,2758.65624,3196338383
2010-06-17,2760.818181,2772.306034,2742.866613,2744.757529,2757.277883,2749870773
2010-06-18,2745.705251,2777.066247,2723.671512,2724.973755,2764.238862,3371697150
2010-06-19,2741.228054,2771.579228,2737.31426,2739.932454,2766.466055,4044360342
2010-06-20,2761.775176,2778.774486,2738.023132,2746.273555,2750.902859,3258648567
2010-06-21,2775.419555,2780.807101,2747.685691,2753.758141,2770.087205,3113535902
2010-06-22,2741.132204,2787.011521,2703.385535,2733.677392,2757.378099,2088774014
2010-06-23,2758.041413,2768.835943,2718.985487,2749.491182,2766.595826,2946967845
2010-06-24,2760.909835,2773.879918,2736.660328,2738.432156,2761.322537,2932186379
2010-06-25,2758.861701,2766.360902,2738.386149,2758.774054,2759.482297,3445876932
2010-06-26,2750.787785,2786.651563,2744.626123,2751.627978,2775.400033,2172532312
2010-06-27,2769.19388,2793.088282,2739.723929,2739.82235,2740.258676,2554708996
2010-06-28,2776.040497,2787.773571,2721.072631,2746.198308,2770.052709,3806708558
2010-06-29,2761.06794,2770.455858,2743.395418,2758.451302,2768.826627,3448075119
2010-06-30,2750.648195,2783.286618,2711.858339,2712.492852,2748.878738,2419863614
2010-07-01,2749.028366,2756.746,2735.438129,2741.817162,2751.120775,2590567531
2010-07-02,2771.589892,2792.257407,2734.116943,2770.530405,2774.425257,3418079762
2010-07-03,2765.877761,2807.584628,2714.244195,2739.491014,2777.412636,3009030474
2010-07-04,2767.106426,2783.088765,2752.631291,2770.15604,2770.780603,3940692837
2010-07-05,2742.239847,2800.646897,2719.211959,2725.327024,2743.398957,3817699268
2010-07-06,2782.446411,2807.12061,2739.351555,2743.057103,2767.830412,3314914914
2010-07-07,2775.409524,2780.690244,2741.255685,2746.852645,2754.034624,2728041022
2010-07-08,2771.751901,2785.012293,2749.37418,2762.197803,2767.030157,1822649996
2010-07-09,2763.560254,2773.054587,2718.722674,2760.998285,2764.820589,2611957920
2010-07-10,2760.228227,2772.352254,2711.305606,2723.426863,2730.30678,3352188091
2010-07-11,2763.041391,2782.92043,2716.942493,2753.645765,2764.266065,2739145083
2010-07-12,2755.506784,2780.892586,2715.332272,2767.973864,2768.685713,2145599534
2010-07-13,2776.348099,2791.162501,2734.679034,2743.358345,2754.727315,3347862778
2010-07-14,2773.250746,2793.557035,2743.622777,2773.878174,2775.544846,3904421784
2010-07-15,2762.660671,2805.015658,2711.110067,2767.992883,2777.723915,3367730036
2010-07-16,2787.325692,2794.777033,2716.4358,2753.860675,2767.20693,3490763822
2010-07-17,2796.321278,2804.115551,2751.11081,2755.32652,2765.878796,4361590686
2010-07-18,2780.391586,2786.214521,2735.115837,2744.432045,2784.413455,3904722096
2010-07-19,2779.172434,2782.727658,2736.636043,2758.348772,2773.015887,2308214640
2010-07-20,2791.859595,2797.385641,2725.422685,2753.738314,2759.891948,2983485729
2010-07-21,2788.458314,2794.412929,2728.773433,2754.443488,2766.918311,2713500472
2010-07-22,2771.098958,2786.649664,2739.946733,2748.363363,2755.495564,1670696558
2010-07-23,2791.919931,2804.225392,2745.054525,2778.127533,2778.270986,3275737191
2010-07-24,2771.559682,2810.008802,2714.462376,2724.136497,2751.18283,2747756682
2010-07-25,2784.908445,2785.809269,2728.894104,2738.561177,2755.861431,2693203485
2010-07-26,2771.882272,2781.452246,2737.819613,2766.052236,2774.351349,2129560290
2010-07-27,2780.575141,2816.409232,2739.610138,2744.273364,2744.343347,3085647265
2010-07-28,2750.600871,2791.430144,2740.310753,2745.052806,2746.58061,3527285016
2010-07-29,2764.092421,2778.671778,2738.17625,2749.227425,2776.95199,2959947803
2010-07-30,2765.857641,2809.356301,2722.385465,2755.400325,2757.043786,2970327940
2010-07-31,2777.01374,2812.054716,2720.121407,2727.382541,2761.579808,3477093516
2010-08-01,2778.309459,2807.611363,2754.932322,2756.570781,2759.832608,3115685848
2010-08-02,2779.741752,2793.010339,2750.837713,2760.840301,2761.782511,3067089864
2010-08-03,2773.843142,2788.779284,2723.774486,2736.174376,2747.091334,3032485890
2010-08-04,2741.713603,2775.826285,2713.602292,2753.522316,2758.954736,1570509710
2010-08-05,2780.264099,2819.961464,2714.079055,2734.681128,2748.196084,3956164875
2010-08-06,2781.168554,2783.0153,2748.334879,2762.312551,2782.104993,3997308846
2010-08-07,2758.463807,2793.051403,2744.364329,2759.087577,2772.633119,2438425320
2010-08-08,2759.405555,2775.787585,2745.266557,2756.758088,2764.199806,3429119432
2010-08-09,2789.760522,2792.336343,2730.08082,2753.629482,2771.647416,4060785086
2010-08-10,2771.654545,2786.489638,2759.180039,2764.11522,2773.404762,2802719968
2010-08-11,2775.72931,2787.323858,2738.55901,2751.224845,2780.035601,2634327441
2010-08-12,2770.259321,2803.44377,2730.1942,2768.458839,2792.36444,2449358249
2010-08-13,2777.502833,2796.134537,2748.887,2750.755665,2757.878108,2540838014
2010-08-14,2772.370779,2795.913943,2756.516657,2782.440522,2787.606852,3807651450
2010-08-15,2763.442951,2799.319905,2734.201774,2760.000959,2764.043303,3012080654
2010-08-16,2775.901514,2794.386708,2766.56594,2782.608878,2783.268259,2081789172
2010-08-17,2794.330707,2803.6414,2741.116421,2752.045367,2764.929137,2893460831
2010-08-18,2788.223453,2794.975765,2748.495967,2778.811464,2792.368364,4089809070
2010-08-19,2771.528848,2802.289135,2740.15888,2750.224595,2754.488393,3792442187
2010-08-20,2785.10759,2806.121973,2757.440048,2792.443481,2800.416459,4559446632
2010-08-21,2775.499142,2808.425936,2747.658322,2759.780045,2787.853142,2658005076
2010-08-22,2790.945842,2804.592871,2735.412925,2756.257739,2763.552152,3435072539
2010-08-23,2777.813938,2799.102769,2737.806208,2745.606854,2786.455069,3210466690
2010-08-24,2785.372856,2812.678401,2740.483411,2771.846562,2778.623215,3173444039
2010-08-25,2769.415318,2796.782833,2756.831507,2770.119954,2770.136337,3511713791
2010-08-26,2778.579129,2808.317437,2736.494712,2787.41766,2789.054457,2011932025
2010-08-27,2801.485067,2815.502741,2726.926451,2737.16628,2767.326772,3415439527
2010-08-28,2777.801722,2810.824861,2736.088735,2753.377483,2779.608317,2897492685
2010-08-29,2768.579471,2783.435884,2758.338965,2777.900616,2781.076812,2528774975
2010-08-30,2772.780756,2777.787012,2751.971621,2772.224434,2776.865112,4205812955
2010-08-31,2780.061337,2793.882691,2743.658166,2768.289707,2785.687655,4467571202
2010-09-01,2770.318692,2793.176147,2754.74831,2765.848892,2778.564673,3409627073
2010-09-02,2757.689784,2825.939479,2738.294325,2748.03426,2792.722262,3166138442
2010-09-03,2773.954191,2808.851025,2740.410637,2774.717197,2790.261224,4438764511
2010-09-04,2797.145386,2817.817674,2734.920188,2765.135193,2781.341627,2876759754
2010-09-05,2783.170434,2810.158166,2718.727239,2721.192913,2778.466549,3333060769
2010-09-06,2783.225397,2794.372858,2741.954059,2791.409205,2793.594584,3260028867
2010-09-07,2764.683643,2800.092265,2761.116872,2775.182021,2789.051453,3286844215
2010-09-08,2780.986987,2793.468298,2737.440711,2761.605385,2791.63705,3246700486
2010-09-09,2785.251826,2802.886294,2733.186356,2781.024366,2786.118749,3130208747
2010-09-10,2795.73253,2813.553895,2749.615674,2773.341728,2798.757937,2782245748
2010-09-11,2791.438561,2821.646966,2765.391097,2768.90903,2791.092816,3494365543
2010-09-12,2777.018152,2815.065842,2742.566168,2767.232777,2792.911771,2877791773
2010-09-13,2795.532939,2810.779814,2741.631669,2761.435475,2770.100106,3847513861
2010-09-14,2796.871612,2800.11392,2738.262292,2753.117597,2773.102002,2387020735
2010-09-15,2810.681671,2824.427656,2763.632619,2775.885846,2786.574919,3805981920
2010-09-16,2773.495986,2831.38662,2733.107998,2774.6162,2806.37762,3351777792
2010-09-17,2774.400156,2803.973447,2745.161135,2752.674127,2780.235941,2320105532
2010-09-18,2806.020753,2811.422263,2750.522934,2776.10789,2806.387802,3877278530
2010-09-19,2748.9698,2786.70695,2741.435794,2747.480637,2776.963282,3620568905
2010-09-20,2791.22398,2810.986823,2757.303524,2765.406147,2776.646449,3081419049
2010-09-21,2801.769958,2806.960716,2747.930617,2757.825892,2774.355114,3472279967
2010-09-22,2801.410244,2833.403834,2755.004783,2788.294292,2799.311202,3370041171
2010-09-23,2788.656964,2807.544291,2760.890273,2771.821643,2778.296732,2957050023
2010-09-24,2776.154978,2795.262627,2765.142261,2783.266422,2789.393113,2503119182
2010-09-25,2792.13249,2809.005442,2762.64843,2770.649568,2773.083153,3274859923
2010-09-26,2790.178154,2804.325687,2771.838399,2781.818927,2799.540221,3687511912
2010-09-27,2818.178365,2829.259613,2748.98654,2797.808682,2823.814613,2460633595
2010-09-28,2803.691638,2811.495017,2759.543174,2765.357325,2799.994743,3579258995
2010-09-29,2810.368596,2844.396832,2770.500899,2770.622667,2803.598266,2905322918
2010-09-30,2809.627364,2821.822071,2757.236823,2769.689313,2804.100115,3717090930
2010-10-01,2827.966453,2840.916559,2766.717281,2790.790882,2799.545121,3035669084
2010-10-02,2813.098682,2814.389463,2745.200316,2792.484829,2806.405304,2430197348
2010-10-03,2804.269255,2806.8851,2774.529305,2784.038023,2802.717136,3539389890
2010-10-04,2789.984163,2790.258895,2735.565647,2772.491268,2778.4319,4187603352
2010-10-05,2788.072421,2815.315505,2772.237229,2776.611478,2782.202916,3723375348
2010-10-06,2808.95735,2840.343787,2772.420622,2773.183299,2801.753341,3151048649
2010-10-07,2830.040536,2844.583857,2753.446343,2770.587322,2808.699767,4139355092
2010-10-08,2781.63524,2811.358104,2768.904022,2801.457812,2802.646489,4165350406
2010-10-09,2790.59137,2795.044673,2767.955205,2780.226437,2789.659882,2935762880
2010-10-10,2788.220732,2827.626441,2737.634522,2767.17112,2791.281027,3103947994
2010-10-11,2782.699222,2833.894073,2762.569713,2783.133261,2819.807,3381256203
2010-10-12,2776.326794,2807.886457,2762.97594,2772.690306,2788.949814,4115810009
2010-10-13,2793.709848,2813.184909,2763.047917,2777.541781,2804.093549,3206860779
2010-10-14,2799.749088,2813.475841,2756.192039,2772.202962,2787.673669,3702446191
2010-10-15,2791.673854,2810.218373,2769.90032,2774.415653,2802.378596,3321683506
2010-10-16,2804.733653,2829.203691,2733.615398,2782.755513,2783.304225,4157060486
2010-10-17,2800.256865,2818.790158,2767.255688,2785.545887,2786.164336,2997373408
2010-10-18,2792.534811,2830.443144,2764.874096,2784.431787,2810.628257,3611789270
2010-10-19,2828.191409,2832.955349,2736.852425,2773.926653,2787.426154,3293798958
2010-10-20,2780.346661,2822.962341,2769.347684,2795.771887,2821.050922,1418643961
2010-10-21,2817.995647,2851.31039,2757.692595,2811.395872,2813.10264,2526086991
2010-10-22,2778.191476,2802.027099,2764.063891,2768.110389,2793.19656,3101440280
2010-10-23,2787.091835,2837.91505,2761.491043,2774.207143,2775.82282,2610771212
2010-10-24,2805.57442,2821.913933,2781.723663,2787.0436,2803.39101,3937690249
2010-10-25,2807.074964,2822.625081,2760.344338,2791.876043,2794.555834,1872262486
2010-10-26,2809.383857,2834.38951,2769.125891,2818.134724,2831.159875,2917434075
2010-10-27,2803.302948,2813.705443,2741.441017,2779.986343,2788.833522,4096248736
2010-10-28,2776.299432,2830.75287,2739.38067,2764.802681,2806.738317,2839201521
2010-10-29,2812.043536,2852.810092,2764.200072,2792.794251,2812.762366,2885970470
2010-10-30,2783.257527,2824.932244,2771.668412,2804.547113,2817.000064,2560415592
2010-10-31,2819.212172,2837.240604,2759.460692,2771.454228,2802.181831,2196675926
2010-11-01,2786.249988,2838.709088,2770.424342,2772.589337,2804.24379,3688930977
2010-11-02,2817.153643,2831.385736,2751.245493,2789.650197,2823.877697,1996398296
2010-11-03,2821.329135,2835.665378,2749.87114,2759.625298,2824.167613,3390321533
2010-11-04,2800.820079,2840.535427,2786.259368,2800.063336,2801.599175,3410099269
2010-11-05,2802.146392,2837.862187,2787.824428,2816.41947,2829.122836,2972387331
2010-11-06,2808.355076,2819.46523,2796.95322,2796.991775,2801.888146,3554401193
2010-11-07,2805.949966,2836.683448,2784.316812,2791.909218,2806.687847,2101599749
2010-11-08,2825.418188,2833.942715,2772.018763,2810.036615,2815.261937,3083611895
2010-11-09,2803.867324,2816.19469,2766.00748,2780.34098,2801.425943,2953427547
2010-11-10,2803.777714,2815.598586,2779.815318,2786.856876,2810.447004,3247618010
2010-11-11,2803.120683,2855.750895,2780.211964,2830.15461,2830.566049,3354164345
2010-11-12,2804.535327,2821.357608,2728.488818,2780.426372,2804.625281,2264503224
2010-11-13,2809.766388,2849.365227,2779.426852,2810.979028,2819.591806,3353846784
2010-11-14,2802.879568,2824.934114,2780.578302,2804.793871,2821.289075,3435642830
2010-11-15,2823.889875,2827.192408,2780.878031,2781.485575,2793.50906,4434234293
2010-11-16,2828.444321,2845.19307,2774.378567,2794.649197,2808.283859,3085807868
2010-11-17,2812.901791,2819.046835,2799.920338,2806.814568,2814.462452,3404875293
2010-11-18,2805.826478,2817.942777,2753.624749,2793.445538,2807.544329,3592871843
2010-11-19,2791.059617,2833.943183,2773.192969,2803.884957,2811.383212,2179067653
2010-11-20,2800.534888,2813.365123,2768.795208,2789.312072,2803.038764,3417928094
2010-11-21,2801.52478,2806.355389,2784.347981,2797.736918,2799.681719,3165640847
2010-11-22,2802.007721,2841.149851,2776.419528,2777.363737,2793.123255,2689221357
2010-11-23,2809.8287,2823.019479,2762.312413,2797.076871,2816.475264,1674137684
2010-11-24,2819.541976,2834.118834,2780.405519,2795.849609,2803.890057,2104763318
2010-11-25,2815.593419,2827.537845,2778.311582,2797.222745,2816.08752,3197301102
2010-11-26,2808.41804,2828.758961,2756.297235,2798.195388,2815.993289,1659734317
2010-11-27,2792.503071,2833.273459,2766.617417,2789.524352,2812.959228,3596710219
2010-11-28,2815.467112,2836.217703,2758.499339,2779.740626,2780.555464,2974129845
2010-11-29,2831.868743,2843.156173,2757.835842,2799.682523,2801.743443,3548427168
2010-11-30,2845.712519,2849.362051,2793.48584,2817.098213,2826.35088,3497934517
2010-12-01,2831.603556,2846.716506,2781.874497,2793.694138,2811.067977,3232643144
2010-12-02,2832.007979,2835.611426,2779.678818,2795.681201,2828.037528,3076565932
2010-12-03,2790.845708,2869.518745,2775.698496,2818.37517,2835.780874,3400939285
2010-12-04,2821.028566,2822.620234,2780.897057,2783.339857,2800.686963,3689087841
2010-12-05,2805.992628,2871.881399,2780.715526,2826.34292,2832.270803,1811301788
2010-12-06,2832.330571,2853.840947,2781.092387,2803.808043,2806.936811,3068180137
2010-12-07,2837.617694,2855.232517,2769.792564,2793.50842,2832.306804,1625087886
2010-12-08,2827.883937,2828.22463,2775.922909,2778.777765,2804.155005,3035555456
2010-12-09,2833.721808,2859.638863,2791.478013,2816.549911,2832.949432,3393530934
2010-12-10,2816.942956,2836.633832,2782.019081,2810.012606,2827.524578,2967673401
2010-12-11,2830.26341,2846.907884,2792.277985,2809.776235,2814.802125,4181266474
2010-12-12,2846.438534,2847.916948,2788.654011,2807.389191,2813.660259,3102060235
2010-12-13,2830.030504,2844.451286,2804.14762,2807.152827,2818.395988,3818152839
2010-12-14,2816.874969,2837.431686,2766.808028,2808.71802,2836.207939,4390262804
2010-12-15,2817.60308,2833.723085,2781.472622,2802.726709,2807.326212,3122405507
2010-12-16,2842.700965,2852.22912,2788.804478,2807.181429,2810.505501,2573019399
2010-12-17,2822.945605,2850.393056,2783.17329,2815.591725,2829.562361,3924002189
2010-12-18,2818.49976,2841.046128,2790.620209,2825.995127,2832.168675,4086631242
2010-12-19,2831.170846,2839.940489,2781.627446,2784.964446,2793.037706,3808738689
2010-12-20,2819.069774,2841.743,2806.279234,2811.29366,2816.37137,3328905407
2010-12-21,2825.960846,2837.358259,2765.927221,2800.433376,2834.739808,2488916593
2010-12-22,2824.889325,2850.367368,2805.334709,2806.003601,2808.424164,3334866442
2010-12-23,2813.533012,2851.401621,2779.373004,2812.41992,2833.485009,3859285382
2010-12-24,2813.602862,2844.721824,2790.849997,2808.956193,2810.047383,1855181522
2010-12-25,2812.763983,2861.603323,2792.120659,2798.317801,2823.805224,4319425865
2010-12-26,2815.11132,2841.25322,2806.569746,2808.648217,2841.081193,4213909386
2010-12-27,2845.56851,2864.644108,2797.357677,2806.674574,2857.135544,3470183975
2010-12-28,2839.599631,2847.487912,2805.360192,2824.659756,2846.781374,2245917938
2010-12-29,2838.326469,2851.306053,2808.634708,2810.735077,2825.894992,4161138263
2010-12-30,2808.987332,2871.11813,2803.58731,2808.671395,2818.104703,3570372277
2010-12-31,2825.994861,2845.015063,2785.960243,2817.158593,2826.093772,4357977606
2011-01-01,2816.71828,2854.706289,2780.156086,2794.449606,2847.599778,3181146376
2011-01-02,2819.182724,2880.585313,2787.660419,2839.750372,2840.21975,3256087665
2011-01-03,2823.023587,2841.73168,2799.036104,2812.888886,2814.652058,2772038766
2011-01-04,2823.983002,2837.679891,2794.428892,2806.485376,2832.974953,3416526765
2011-01-05,2847.250917,2878.635101,2794.983189,2831.311296,2843.785317,3331542899
2011-01-06,2845.669485,2846.449175,2779.690571,2816.936347,2823.768736,3094242237
2011-01-07,2832.945595,2872.623591,2790.072559,2814.424386,2843.733941,2883275662
2011-01-08,2835.290214,2867.53319,2791.532949,2794.729036,2802.980466,2704184670
2011-01-09,2838.028606,2851.648466,2795.573046,2818.741438,2831.424747,4333442943
2011-01-10,2829.902975,2838.943528,2796.497237,2802.033008,2837.29919,3987499135
2011-01-11,2799.238399,2828.864525,2792.047945,2811.30678,2818.172122,4542881692
2011-01-12,2842.092134,2866.883279,2800.742592,2832.113372,2832.71071,4346914625
2011-01-13,2833.460294,2871.266774,2798.78383,2815.717292,2819.606199,3200880180
2011-01-14,2837.667337,2865.069169,2774.620774,2817.383938,2831.150463,4204719856
2011-01-15,2820.303641,2841.885096,2787.563356,2809.709543,2830.130028,2353471835
2011-01-16,2804.710808,2826.361056,2800.051676,2818.882219,2824.996665,3661603163
2011-01-17,2825.196269,2837.606144,2810.394934,2819.463422,2833.773165,2649375979
2011-01-18,2834.907817,2867.789844,2773.403491,2803.530686,2842.336162,3275023509
2011-01-19,2835.746033,2852.81118,2763.220871,2812.218909,2814.107242,3290162828
2011-01-20,2808.823197,2844.430135,2792.274534,2792.99212,2816.047993,3437496722
2011-01-21,2851.142883,2859.574181,2782.739347,2814.487992,2840.097526,3498571973
2011-01-22,2824.459268,2840.721227,2788.162692,2824.392887,2837.364684,3566337053
2011-01-23,2800.299668,2841.674122,2786.491957,2804.453891,2816.903584,3498070985
2011-01-24,2809.608947,2869.174161,2804.557853,2822.611295,2829.807677,2709739644
2011-01-25,2842.78842,2836.661777,2788.279647,2828.069273,2832.176484,3432026822
2011-01-26,2825.979199,2855.993976,2796.479729,2809.086403,2825.907432,4077497579
2011-01-27,2840.828489,2841.358662,2783.595466,2816.976376,2829.354202,3720336067
2011-01-28,2832.407082,2848.386972,2775.840999,2816.650123,2824.25062,4508093013
2011-01-29,2827.403106,2878.317499,2785.821773,2824.807455,2854.238958,3249803743
2011-01-30,2819.107681,2871.327151,2767.046529,2816.799589,2831.284568,3349435500
2011-01-31,2836.649602,2858.387445,2807.4245,2816.970923,2821.506452,2041299156
2011-02-01,2803.038286,2848.870605,2783.242017,2800.670191,2818.604621,3407357398
2011-02-02,2816.377756,2882.936047,2804.462827,2829.098663,2832.98508,4324464131
2011-02-03,2849.762268,2854.85884,2818.291307,2818.873024,2842.198993,2937103045
2011-02-04,2854.004815,2856.431783,2825.150907,2831.185053,2840.616447,1614957576
2011-02-05,2823.896892,2849.76154,2819.409935,2834.494264,2840.018612,4626763994
2011-02-06,2807.768412,2855.604482,2803.265307,2817.208147,2835.290703,2284370776
2011-02-07,2833.997115,2855.730633,2799.827189,2825.539714,2854.538894,3874829515
2011-02-08,2841.252468,2861.941148,2812.029068,2830.660494,2840.659429,2656495665
2011-02-09,2866.521158,2878.372921,2808.443692,2839.968733,2844.597208,2970197752
2011-02-10,2850.200189,2864.807686,2808.946688,2814.21119,2824.260995,3348059256
2011-02-11,2828.754813,2862.59257,2808.701215,2836.242571,2862.088384,2739726120
2011-02-12,2847.370627,2853.846591,2800.192969,2813.896959,2846.797123,4946820701
2011-02-13,2832.95797,2868.002742,2815.203108,2820.819444,2861.945719,3206171135
2011-02-14,2848.009787,2850.276502,2780.914065,2806.825037,2819.94509,3584158296
2011-02-15,2826.203208,2880.105903,2802.518054,2817.978653,2842.088251,4361834592
2011-02-16,2850.172472,2854.669793,2797.013564,2810.945267,2839.075075,3754860323
2011-02-17,2836.726813,2865.054822,2827.778909,2843.417205,2847.743398,3105142241
2011-02-18,2836.830436,2851.909817,2797.149844,2835.04359,2843.853089,3609577289
2011-02-19,2828.912828,2861.217991,2824.114644,2825.117199,2842.532034,3796438820
2011-02-20,2860.49516,2865.684342,2760.687702,2817.60552,2853.449009,3135494278
2011-02-21,2823.706286,2882.509072,2822.186111,2833.982823,2849.782046,3110364313
2011-02-22,2847.747452,2867.781054,2815.043278,2856.075602,2862.900303,2695905463
2011-02-23,2844.922248,2878.054402,2838.314444,2840.72723,2845.86574,3059500737
2011-02-24,2845.048649,2860.229511,2812.642912,2854.487191,2857.95854,3064073507
2011-02-25,2859.207363,2870.370188,2804.291727,2818.480152,2840.21584,4089033210
2011-02-26,2838.929564,2853.290456,2795.674503,2834.423492,2848.632879,2946822354
2011-02-27,2840.919437,2872.026698,2796.552524,2821.824599,2856.829655,3294004969
2011-02-28,2860.303394,2861.726561,2812.985227,2842.939912,2848.736422,3693564911
2011-03-01,2841.169556,2851.312045,2810.798957,2833.341131,2835.777366,3570045626
2011-03-02,2840.641332,2854.786515,2804.125642,2826.054038,2852.85709,2661138183
2011-03-03,2855.489795,2870.108035,2807.165529,2820.6939,2821.246658,3642414094
2011-03-04,2840.039822,2863.202371,2814.961465,2834.05315,2856.552789,3161678099
2011-03-05,2836.713113,2856.87941,2815.46954,2828.657053,2848.774297,2936301830
2011-03-06,2838.18212,2860.839855,2833.343786,2835.041101,2853.184482,3133070579
2011-03-07,2858.506676,2875.673699,2807.653584,2828.547761,2866.211825,3955910286
2011-03-08,2850.357554,2878.615528,2797.058639,2828.615357,2836.054369,3574381512
2011-03-09,2859.852507,2868.434756,2833.530135,2842.908031,2856.044882,3631506129
2011-03-10,2837.651122,2862.126519,2812.430154,2826.656693,2845.303291,3201893720
2011-03-11,2859.257791,2861.567707,2788.665462,2840.669586,2850.149121,2407517406
2011-03-12,2838.780313,2860.610971,2797.368698,2840.810092,2848.946875,3564808745
2011-03-13,2865.656083,2878.4304,2818.180623,2825.589485,2838.740072,3528041858
2011-03-14,2841.682742,2874.632692,2837.804242,2840.403637,2849.526143,2727410287
2011-03-15,2839.895014,2873.938886,2798.843445,2828.609899,2844.95792,2759623130
2011-03-16,2857.860856,2862.540183,2809.958795,2813.016286,2826.876554,3533268330
2011-03-17,2874.523831,2864.103612,2832.858433,2836.480354,2848.431064,2667403595
2011-03-18,2842.745708,2869.84226,2836.373194,2851.831684,2862.861473,3401423978
2011-03-19,2851.545974,2866.946799,2813.356028,2837.671702,2864.120076,3173113657
2011-03-20,2847.213348,2863.788529,2819.398526,2848.380094,2858.574424,4105937761
2011-03-21,2839.039254,2851.821075,2823.983064,2834.9633,2847.190912,4544050212
2011-03-22,2855.980204,2862.296088,2810.916834,2839.66474,2849.60001,3285115329
2011-03-23,2891.183174,2897.160856,2809.674808,2827.143041,2885.749673,3831813275
2011-03-24,2850.800421,2864.558341,2832.928666,2834.740225,2859.09587,3686669801
2011-03-25,2871.736553,2875.724307,2807.595639,2856.668563,2869.163773,3474712012
2011-03-26,2827.379751,2900.669266,2815.984826,2844.492791,2877.408313,3027457321
2011-03-27,2835.836614,2893.279776,2817.751088,2841.06054,2848.663898,3043184535
2011-03-28,2855.193166,2860.150526,2802.225205,2849.802323,2859.726787,3889295321
2011-03-29,2843.058022,2860.290736,2800.158799,2842.57255,2845.859593,3331454909
2011-03-30,2877.136995,2889.25416,2818.090926,2837.955263,2860.905981,2519215072
2011-03-31,2870.687061,2872.871951,2830.951657,2856.309891,2870.06472,3848021946
2011-04-01,2871.0619,2874.033494,2826.289394,2844.635863,2848.459606,2744463045
2011-04-02,2855.248955,2867.634052,2797.857797,2846.95558,2865.112557,3856035235
2011-04-03,2871.463479,2874.719534,2830.598303,2850.72512,2860.004252,3966837540
2011-04-04,2872.386879,2877.658458,2831.786097,2839.068568,2875.796495,2676492533
2011-04-05,2877.803627,2897.356127,2788.988599,2839.786666,2869.74703,4324579687
2011-04-06,2884.395942,2887.155488,2821.183611,2825.346847,2859.263196,4195785043
2011-04-07,2849.344872,2863.444811,2830.224736,2849.016147,2849.466206,3106670168
2011-04-08,2880.119338,2887.75463,2846.203206,2852.447035,2854.754148,3488430517
2011-04-09,2875.625248,2876.568931,2813.69204,2822.030215,2867.768838,3028654383
2011-04-10,2872.926081,2879.92313,2832.938544,2868.996916,2869.404224,2868348835
2011-04-11,2882.066489,2901.204675,2868.031698,2871.663929,2881.232542,3948829361
2011-04-12,2869.957318,2873.902414,2836.548311,2842.919571,2853.832655,2696009477
2011-04-13,2876.732037,2878.684038,2819.701843,2823.858066,2866.81706,3516554236
2011-04-14,2836.257251,2888.733079,2821.604307,2829.067722,2859.817512,3413859821
2011-04-15,2857.487848,2873.419586,2803.009992,2815.11813,2833.833995,3637953692
2011-04-16,2845.520573,2877.798458,2821.898855,2855.871477,2877.453073,4120008108
2011-04-17,2876.482686,2881.385116,2796.765635,2849.24556,2880.988143,3739530244
2011-04-18,2844.109146,2870.212505,2816.1595,2851.522579,2861.952261,3017338761
2011-04-19,2884.353263,2893.221683,2846.78707,2854.416092,2871.069509,2957310580
2011-04-20,2859.643054,2888.927565,2833.636427,2845.329925,2887.492553,4296941529
2011-04-21,2858.591357,2884.51035,2811.625029,2849.124473,2876.535347,2069255202
2011-04-22,2865.894082,2885.34684,2803.437004,2835.53139,2858.495658,4062367024
2011-04-23,2892.143502,2915.943412,2819.85529,2847.742731,2870.038542,4094090869
2011-04-24,2863.400742,2888.12172,2820.105064,2836.353597,2846.823851,3155556280
2011-04-25,2833.270154,2888.927651,2815.266923,2837.0271,2838.004491,4001045149
2011-04-26,2855.197915,2884.465677,2807.064372,2828.620559,2859.744234,4173175355
2011-04-27,2861.503686,2876.851324,2829.698572,2834.441116,2871.915932,3770065196
2011-04-28,2859.039818,2873.012691,2847.401478,2855.403325,2858.906724,4610973845
2011-04-29,2896.400225,2910.738885,2831.274018,2875.932795,2878.876979,4344573572
2011-04-30,2876.351641,2892.363829,2854.264928,2865.601708,2866.739623,3456687168
2011-05-01,2868.210246,2896.065068,2834.69725,2842.857135,2869.282003,3812160896
2011-05-02,2872.970246,2885.209192,2855.287174,2855.649118,2869.808014,3290557173
2011-05-03,2866.509905,2885.832114,2845.659376,2867.445684,2868.235622,2575794853
2011-05-04,2879.548622,2884.77859,2812.082116,2824.346715,2869.844555,3927901521
2011-05-05,2881.400923,2882.230497,2849.60196,2857.48186,2861.965505,2631912416
2011-05-06,2885.707716,2894.473982,2825.665376,2859.691767,2874.231502,2351925278
2011-05-07,2871.754836,2881.042198,2825.680068,2828.11429,2857.6469,3587703350
2011-05-08,2843.477383,2892.551807,2828.471682,2859.533014,2867.741369,2528678462
2011-05-09,2856.252495,2865.446633,2827.843596,2834.332561,2841.529692,2514044009
2011-05-10,2899.489224,2914.874845,2798.80926,2835.783591,2873.58522,4003482647
2011-05-11,2875.807301,2876.329325,2837.113812,2846.844138,2852.470757,3506079756
2011-05-12,2868.619254,2880.023714,2830.625391,2866.394076,2873.639992,2736100276
2011-05-13,2874.518952,2881.241531,2823.686949,2874.910624,2877.490681,3461324206
2011-05-14,2870.776368,2884.276844,2820.482719,2848.989304,2857.373844,4764451436
2011-05-15,2882.405871,2894.553676,2832.681114,2840.034467,2862.753866,3354617817
2011-05-16,2866.416725,2891.714027,2854.062932,2879.831838,2880.892422,2133121713
2011-05-17,2869.484102,2902.846915,2848.244939,2881.530841,2901.698123,3931182787
2011-05-18,2856.55946,2882.478999,2841.042911,2859.217233,2880.575396,2459169624
2011-05-19,2890.219794,2917.923874,2841.591352,2842.501101,2865.382729,2567180325
2011-05-20,2855.367464,2896.598814,2815.047726,2850.921615,2855.98041,3725936786
2011-05-21,2864.713999,2887.372865,2830.855497,2873.365819,2873.693134,2922198156
2011-05-22,2885.733781,2890.806442,2822.479019,2849.128237,2853.429537,3012137578
2011-05-23,2854.897902,2886.936978,2829.14808,2865.786052,2881.943465,2285513489
2011-05-24,2877.244024,2900.309629,2840.225226,2850.558671,2862.0726,2745131351
2011-05-25,2873.190232,2894.832372,2833.976193,2864.785877,2876.387186,3996034734
2011-05-26,2869.656805,2892.892637,2825.076123,2866.04564,2883.472163,2959806405
2011-05-27,2888.359925,2891.960356,2834.750607,2850.990291,2851.737786,3476224838
2011-05-28,2867.416279,2878.537486,2834.503701,2848.901862,2878.047824,4373432277
2011-05-29,2859.721459,2907.29113,2851.542085,2882.779142,2886.476386,3936472636
2011-05-30,2886.038557,2898.996012,2836.525877,2869.569925,2883.788477,3428366288
2011-05-31,2860.688878,2881.282475,2817.07045,2845.736054,2864.101821,3314376489
2011-06-01,2890.115603,2892.143938,2817.104225,2850.767762,2855.452136,2625187233
2011-06-02,2875.161837,2890.237755,2831.544451,2860.632493,2864.248799,3793838018
2011-06-03,2878.439626,2885.323766,2846.476676,2857.824976,2880.498723,2854954682
2011-06-04,2898.324882,2912.790286,2834.834539,2848.53418,2849.019171,4383444519
2011-06-05,2916.551837,2919.55589,2860.349009,2870.897689,2876.307512,4124255153
2011-06-06,2869.810029,2916.927874,2845.085961,2870.828961,2879.961953,3780260968
2011-06-07,2893.842866,2928.360324,2848.238805,2861.562561,2878.662556,3926047772
2011-06-08,2854.613654,2896.310039,2834.549746,2887.900132,2887.956351,2656420247
2011-06-09,2869.137863,2898.752287,2832.116419,2849.194091,2877.067465,3387642211
2011-06-10,2867.069456,2906.984647,2843.577144,2863.128888,2871.845062,2917163127
2011-06-11,2910.31197,2938.610512,2852.086344,2874.547839,2910.835072,3013500203
2011-06-12,2859.666911,2896.428299,2846.86622,2852.42342,2896.053232,3094888315
2011-06-13,2887.824135,2919.32834,2839.085646,2839.164687,2869.580147,1867809458
2011-06-14,2882.753034,2896.501568,2844.043989,2861.385829,2884.934414,3108821536
2011-06-15,2884.906436,2918.106024,2841.476291,2847.713649,2904.150248,3659734884
2011-06-16,2874.87818,2922.365515,2847.43523,2875.35069,2875.956534,3180647124
2011-06-17,2859.649258,2920.712099,2851.292228,2870.531847,2878.315826,4122935250
2011-06-18,2875.828333,2907.653549,2853.363304,2883.647086,2893.356333,4308683148
2011-06-19,2880.566689,2908.903592,2836.522807,2863.90525,2883.136958,3839201443
2011-06-20,2892.657904,2911.792349,2828.8659,2853.443382,2866.854154,3375741909
2011-06-21,2876.045581,2908.719956,2842.926254,2883.204432,2896.173201,3007066797
2011-06-22,2902.835812,2926.47683,2856.40429,2888.606306,2915.098925,2503728453
2011-06-23,2887.271476,2900.608584,2848.775765,2862.772896,2888.420505,2893870973
2011-06-24,2873.556834,2906.143139,2860.420614,2860.709108,2893.96533,3507299268
2011-06-25,2871.561206,2911.606504,2856.345757,2865.168911,2887.773358,3619831454
2011-06-26,2891.802686,2901.889011,2832.172679,2880.702265,2884.286247,2765092209
2011-06-27,2888.369557,2917.218,2850.175955,2865.877688,2875.959158,3372392698
2011-06-28,2876.643384,2911.843681,2843.444009,2872.664032,2878.794904,3730580783
2011-06-29,2883.216816,2903.327862,2859.049109,2863.765675,2889.559432,3054287493
2011-06-30,2893.827699,2896.255402,2865.826651,2865.905408,2874.714722,4195167260
2011-07-01,2886.558636,2905.840287,2863.259379,2893.868914,2899.312881,4051129040
2011-07-02,2891.662047,2916.234572,2876.309173,2888.127628,2899.497246,3847907788
2011-07-03,2905.398306,2929.310724,2852.122707,2859.129364,2895.179372,3016020906
2011-07-04,2882.90362,2887.597271,2874.96292,2875.526664,2880.366569,2663897600
2011-07-05,2894.243531,2920.579243,2846.82703,2861.24452,2896.249812,2503114000
2011-07-06,2903.196336,2910.117463,2859.628418,2888.648236,2906.189361,3800334662
2011-07-07,2888.399945,2901.596995,2855.779787,2885.179958,2898.263727,3593948813
2011-07-08,2875.436017,2902.881903,2862.871703,2868.624265,2891.017628,3222473223
2011-07-09,2885.926861,2919.731744,2837.088983,2867.775774,2891.699757,3475015030
2011-07-10,2903.966893,2924.048372,2846.451024,2869.176128,2902.047866,2477128896
2011-07-11,2882.880648,2904.129349,2840.980519,2848.135721,2872.33769,4156197852
2011-07-12,2903.469726,2926.723947,2869.567492,2876.810839,2915.856368,3237533874
2011-07-13,2865.585617,2909.858419,2847.039619,2903.031778,2909.388684,3122950169
2011-07-14,2895.152126,2911.961568,2851.273091,2855.399233,2903.740623,2808427979
2011-07-15,2882.512756,2913.466847,2864.204314,2886.297287,2900.182966,3776315574
2011-07-16,2889.388076,2905.628923,2836.073795,2870.077434,2891.544027,3015823354
2011-07-17,2883.896782,2911.589141,2847.514654,2875.076706,2908.535787,2846918879
2011-07-18,2897.737769,2904.369484,2863.836413,2871.510509,2881.836717,4105523516
2011-07-19,2873.977208,2921.039628,2865.063113,2899.115,2903.707865,2407376091
2011-07-20,2914.232832,2914.994489,2851.854503,2872.2233,2892.545047,3393935021
2011-07-21,2878.756712,2891.567819,2851.194697,2856.664361,2886.499224,3210854162
2011-07-22,2902.770943,2932.319141,2870.040185,2875.7062,2888.455485,4306097586
2011-07-23,2886.522156,2928.097648,2849.478239,2898.716807,2904.624611,3471689109
2011-07-24,2901.39552,2916.201528,2872.360883,2879.684781,2902.253164,3609425331
2011-07-25,2903.499017,2908.996869,2833.534215,2889.328621,2897.737162,3220070046
2011-07-26,2905.99493,2913.702484,2855.647487,2860.856381,2874.197657,3111341960
2011-07-27,2900.551199,2916.063661,2890.204125,2898.861963,2899.031902,4326521567
2011-07-28,2862.225946,2892.583041,2849.755822,2859.508068,2879.219892,3848014729
2011-07-29,2883.251707,2922.63048,2857.121099,2860.235808,2881.014038,3874064046
2011-07-30,2890.408299,2935.082422,2877.168272,2888.901215,2896.955458,4155535491
2011-07-31,2887.063608,2900.080956,2851.213762,2882.019461,2894.869329,3592505770
2011-08-01,2890.566174,2929.014461,2842.554163,2890.718288,2906.540236,3451639200
2011-08-02,2889.633867,2920.897348,2862.6418,2869.415893,2880.840972,4066131412
2011-08-03,2901.866376,2900.273874,2871.621779,2891.19234,2897.368946,3349686600
2011-08-04,2893.410787,2938.492923,2862.336287,2879.085621,2881.818418,2523722312
2011-08-05,2891.170176,2918.911703,2869.498664,2897.079416,2899.013185,4240119355
2011-08-06,2904.014279,2936.330699,2856.665537,2861.435995,2879.916743,3296062827
2011-08-07,2887.649416,2907.186531,2855.845947,2874.886593,2905.628801,2798819660
2011-08-08,2915.551663,2927.926062,2879.935353,2880.162146,2896.479774,3052981285
2011-08-09,2898.504293,2908.99839,2865.433635,2873.592094,2888.077485,3040110300
2011-08-10,2883.119852,2933.112896,2838.682848,2872.493633,2921.314137,3696354754
2011-08-11,2907.806426,2911.55376,2872.620602,2883.06563,2901.499392,3949372448
2011-08-12,2874.991135,2904.559389,2863.787669,2883.215172,2900.541782,2582839508
2011-08-13,2877.951164,2893.612946,2873.339548,2875.757308,2885.042083,3705188958
2011-08-14,2901.815235,2916.864715,2876.208083,2884.841773,2889.754808,3069949986
2011-08-15,2919.979791,2921.840379,2856.928129,2862.207781,2877.30671,2304959741
2011-08-16,2917.937634,2928.870609,2875.825461,2911.768538,2924.347914,1903821653
2011-08-17,2897.239972,2912.109137,2881.353677,2896.877681,2905.629483,3702589633
2011-08-18,2897.056164,2903.915364,2871.562939,2899.8041,2900.174357,3683825544
2011-08-19,2915.764541,2946.59667,2842.799224,2858.799707,2919.146907,3030839549
2011-08-20,2894.927308,2920.851312,2872.177299,2872.423362,2897.657636,3071566746
2011-08-21,2900.10395,2923.463501,2865.115385,2891.466564,2917.305236,3939072746
2011-08-22,2905.808386,2929.245689,2863.846386,2864.72501,2917.797015,3711512928
2011-08-23,2907.997636,2926.177516,2847.574224,2849.469719,2850.064735,2848175421
2011-08-24,2895.701665,2896.652994,2886.637352,2890.470469,2890.674174,3713200343
2011-08-25,2895.11368,2922.933459,2881.007642,2881.126812,2918.790901,3144982379
2011-08-26,2906.386872,2939.05481,2874.249228,2901.158253,2931.28633,4118126675
2011-08-27,2905.414532,2940.019118,2890.599639,2912.920521,2926.776386,3790594160
2011-08-28,2897.793435,2939.146456,2867.978817,2892.054551,2917.006738,3312317871
2011-08-29,2926.617731,2943.121236,2878.018834,2889.501659,2903.361536,3283322347
2011-08-30,2929.927062,2938.801873,2881.34357,2890.639975,2919.31108,2870757628
2011-08-31,2929.523334,2932.654143,2869.130785,2890.461196,2904.770078,3547428906
2011-09-01,2900.642789,2911.315758,2841.936332,2868.169786,2885.458036,3258954084
2011-09-02,2900.477495,2939.134523,2866.642746,2889.518582,2927.528305,3572750230
2011-09-03,2901.506982,2916.389476,2850.691574,2889.744284,2893.263333,3306262060
2011-09-04,2907.237862,2933.031448,2877.471291,2897.589563,2916.049209,3690827191
2011-09-05,2911.894013,2950.193357,2876.264682,2882.405689,2917.514469,3854811206
2011-09-06,2916.180051,2956.011349,2886.28448,2892.290408,2901.300401,3480278426
2011-09-07,2905.30451,2911.325309,2861.188229,2872.187797,2902.681521,2980371289
2011-09-08,2895.872066,2936.145296,2858.534699,2872.148235,2893.471142,3196565327
2011-09-09,2911.845026,2934.24448,2855.604545,2880.018251,2918.998385,3735275561
2011-09-10,2937.295208,2938.199707,2892.187996,2894.085939,2895.967052,3794578463
2011-09-11,2893.677291,2937.717898,2865.037437,2876.446176,2914.41064,3879070424
2011-09-12,2889.92553,2928.330311,2879.711851,2881.721398,2896.552231,2787184410
2011-09-13,2919.146287,2928.955717,2879.927682,2909.634155,2928.097316,3332543601
2011-09-14,2936.506185,2946.04746,2891.434493,2893.075332,2914.214657,3260701448
2011-09-15,2903.189386,2909.141813,2859.908903,2881.953918,2896.542819,4178761448
2011-09-16,2918.336228,2932.099965,2876.826499,2893.591441,2905.212215,4094907944
2011-09-17,2916.802787,2940.208931,2869.98626,2875.115921,2890.190619,4003457793
2011-09-18,2903.779441,2921.67392,2850.835184,2913.933182,2916.866973,3574336318
2011-09-19,2901.648792,2925.595747,2889.755327,2899.854193,2900.180812,2703355597
2011-09-20,2917.619491,2926.324987,2870.252632,2894.702747,2902.906581,4168532293
2011-09-21,2909.322703,2916.958862,2891.486503,2906.107479,2914.075498,3113034557
2011-09-22,2930.473878,2960.307674,2887.196011,2895.029317,2921.727681,2570379783
2011-09-23,2905.534683,2927.27978,2888.743363,2892.134079,2900.31413,2806494617
2011-09-24,2896.929939,2943.285331,2875.913229,2898.491028,2916.642607,3111079615
2011-09-25,2895.108404,2929.65533,2866.999881,2893.20341,2897.724897,2291539861
2011-09-26,2929.053706,2941.073698,2898.701619,2912.408626,2932.871812,3763747393
2011-09-27,2893.451252,2934.742151,2883.746318,2901.945137,2905.870108,3216458316
2011-09-28,2899.758921,2915.964497,2879.351974,2901.472971,2901.495732,3220258042
2011-09-29,2907.967111,2926.54046,2886.630861,2892.009652,2902.485752,3210348360
2011-09-30,2928.553437,2924.122203,2873.085732,2907.475441,2910.952765,3141442902
2011-10-01,2914.035454,2919.209066,2891.924307,2910.663703,2914.614423,3033266331
2011-10-02,2928.517584,2929.389449,2886.094131,2913.6355,2914.832353,3745558157
2011-10-03,2921.356409,2933.407604,2885.092798,2898.508827,2902.755413,3245386384
2011-10-04,2923.507978,2929.054869,2918.080251,2919.691665,2921.520455,2929820546
2011-10-05,2907.471851,2936.808769,2884.24473,2912.784159,2926.635991,3206934325
2011-10-06,2931.594348,2936.691157,2885.356214,2910.871742,2932.049963,3437810464
2011-10-07,2899.00395,2932.892393,2896.472647,2901.271858,2931.94435,3092243077
2011-10-08,2934.191941,2933.169826,2919.15321,2926.254831,2927.878532,3391764264
2011-10-09,2923.870851,2945.832765,2875.589416,2908.072071,2942.809214,4131596243
2011-10-10,2942.310116,2946.993503,2872.755555,2898.800038,2928.193726,3296217426
2011-10-11,2902.152992,2923.512255,2896.063053,2898.005553,2904.044122,3124827522
2011-10-12,2939.434019,2959.32078,2874.534985,2886.085826,2893.203298,3651132795
2011-10-13,2909.309544,2940.799014,2884.660521,2886.428926,2922.81517,3550074352
2011-10-14,2917.812293,2932.105544,2875.611585,2888.27236,2904.133207,3547799717
2011-10-15,2931.514545,2945.477133,2891.46376,2921.961404,2934.222965,2623655473
2011-10-16,2919.360401,2932.061111,2891.03043,2904.368375,2920.504883,4364401899
2011-10-17,2942.479586,2946.645779,2900.715323,2900.985882,2915.31501,4126800685
2011-10-18,2907.473915,2940.2395,2894.788907,2908.438249,2921.781092,2496358058
2011-10-19,2918.390177,2941.747378,2890.322178,2910.376364,2927.799335,2432239714
2011-10-20,2934.242312,2949.008789,2883.561496,2922.047923,2935.22618,3964868610
2011-10-21,2926.128652,2955.468668,2860.348728,2926.088613,2938.625996,3868322651
2011-10-22,2919.645107,2920.29085,2851.802387,2881.135702,2900.236354,3144877299
2011-10-23,2916.799069,2937.663351,2888.644205,2909.797064,2910.221319,3904631174
2011-10-24,2925.881936,2954.726585,2899.731182,2915.917441,2917.250067,3664886796
2011-10-25,2908.125932,2950.025079,2881.225219,2922.936052,2931.389756,4122191514
2011-10-26,2901.669497,2972.041732,2893.940833,2901.233143,2907.670528,3530185949
2011-10-27,2901.75766,2944.934472,2890.575607,2915.350298,2921.351819,3201383486
2011-10-28,2907.92997,2927.504344,2881.29211,2908.73404,2917.712948,2063590826
2011-10-29,2888.705226,2957.016476,2885.859787,2899.682062,2917.556625,3787611794
2011-10-30,2949.818846,2967.878457,2906.503303,2921.931208,2930.557187,3115906754
2011-10-31,2923.377785,2951.192181,2902.398052,2907.451096,2908.133355,2729088851
2011-11-01,2919.597701,2957.308344,2874.447365,2906.09987,2935.483765,4000084340
2011-11-02,2937.306965,2971.443848,2901.103389,2905.703348,2908.023276,3111555370
2011-11-03,2928.713472,2950.139758,2884.850065,2913.056043,2949.185073,4359702331
2011-11-04,2923.25676,2953.909163,2894.773215,2921.88714,2940.370793,3103844809
2011-11-05,2941.200351,2943.074702,2875.913646,2912.847818,2924.632086,3595894374
2011-11-06,2932.231963,2943.906702,2864.247729,2894.384173,2923.87667,3889964337
2011-11-07,2933.515748,2942.304515,2903.226632,2939.760887,2939.778787,3739636400
2011-11-08,2914.016862,2952.481996,2908.366293,2918.22839,2926.986092,4247011938
2011-11-09,2912.262708,2936.964922,2900.966594,2926.032626,2935.464039,3938833470
2011-11-10,2916.235185,2926.496528,2888.385913,2902.821164,2922.876951,3196872569
2011-11-11,2928.690288,2934.350415,2908.53503,2920.260548,2933.242097,3655751146
2011-11-12,2932.54627,2935.815209,2888.778816,2917.362696,2926.938756,3548064103
2011-11-13,2925.380082,2939.423364,2894.679446,2922.217,2922.517717,3738463727
2011-11-14,2916.868035,2935.175175,2908.17287,2909.669835,2930.395475,3545618555
2011-11-15,2947.231911,2953.164259,2895.544958,2922.779306,2935.520587,4675039707
2011-11-16,2920.854648,2946.508158,2912.227239,2921.878681,2927.334121,3773923899
2011-11-17,2938.04322,2944.215753,2906.166638,2919.089254,2923.381629,3223371912
2011-11-18,2918.140421,2933.326471,2879.849595,2926.6897,2927.850728,2249219941
2011-11-19,2934.944936,2935.866283,2893.357979,2931.735111,2935.592057,3590044055
2011-11-20,2929.824675,2958.261733,2917.130505,2922.648309,2928.099335,4617790944
2011-11-21,2916.963326,2946.979755,2911.056924,2922.038267,2932.126733,3614656377
2011-11-22,2944.6217,2958.904685,2887.599329,2914.643102,2931.701623,3320119046
2011-11-23,2928.90741,2958.859963,2897.848482,2907.514125,2956.128423,3244763261
2011-11-24,2931.413774,2963.659685,2916.990536,2938.321934,2963.403429,3115409815
2011-11-25,2938.21881,2971.957824,2886.829707,2915.724303,2949.216085,3768288468
2011-11-26,2940.77615,2959.782427,2923.706186,2931.330153,2948.309077,4276582484
2011-11-27,2931.227312,2936.929562,2905.903595,2928.125915,2934.806776,4535125923
2011-11-28,2929.150648,2959.042131,2889.993101,2903.349783,2958.191464,2588954777
2011-11-29,2943.465751,2976.47069,2924.23173,2928.241706,2970.319386,4206397477
2011-11-30,2971.694242,2977.813577,2904.947065,2906.683635,2936.312407,2873976753
2011-12-01,2914.751786,2972.052415,2902.717472,2912.294523,2941.027496,2719507893
2011-12-02,2950.804576,2967.265043,2868.055918,2926.11309,2956.207998,3860637023
2011-12-03,2950.899947,2975.258093,2924.278247,2927.907798,2935.547224,2746790930
2011-12-04,2966.670682,2979.289684,2905.987212,2915.442715,2927.763756,3380119156
2011-12-05,2963.794512,2969.415384,2884.068517,2917.577544,2949.926108,3016571775
2011-12-06,2945.316881,2951.8835,2900.820583,2904.293401,2947.867609,2719899215
2011-12-07,2941.802712,2962.052319,2888.471045,2905.869087,2947.553036,3549445214
2011-12-08,2939.461008,2959.786393,2910.542742,2921.448621,2929.662634,3165625544
2011-12-09,2936.689131,2945.852641,2914.328258,2936.021902,2943.065344,3214095852
2011-12-10,2935.725086,2975.91163,2912.017053,2935.35238,2970.221212,2944607309
2011-12-11,2943.195319,2964.508317,2910.701407,2934.451378,2945.152225,3250245320
2011-12-12,2938.389048,2952.623538,2911.411396,2928.274585,2936.878038,3467416472
2011-12-13,2952.031434,2958.263949,2928.016509,2940.770822,2950.178356,4539561033
2011-12-14,2935.227762,2982.307901,2933.910897,2941.503118,2944.881958,2779111117
2011-12-15,2949.098165,2981.403829,2908.233882,2911.035964,2925.405293,3091728534
2011-12-16,2931.253031,2949.338174,2912.650937,2919.221794,2938.20441,3667871526
2011-12-17,2934.613316,2975.90498,2914.848252,2927.671972,2942.244348,3169864635
2011-12-18,2952.482297,2980.32683,2911.051039,2921.639003,2927.980111,2880381029
2011-12-19,2951.482089,2956.048605,2870.262039,2921.159262,2946.095101,4007070942
2011-12-20,2941.788062,2973.266025,2898.035924,2917.775249,2918.685987,3674543791
2011-12-21,2943.076082,2976.819309,2922.074907,2932.792518,2971.233259,3665636525
2011-12-22,2954.207355,2977.797117,2907.251482,2945.81161,2953.608741,4512335059
2011-12-23,2943.600788,2973.034657,2917.732914,2937.708367,2954.694473,3085165997
2011-12-24,2945.957635,2968.357673,2908.957704,2921.537957,2937.597902,3558706786
2011-12-25,2938.774059,2977.731197,2907.925094,2913.698023,2972.015224,3783202261
2011-12-26,2946.737071,2957.552073,2911.400849,2913.152644,2917.226959,3436043316
2011-12-27,2925.507715,2984.068693,2916.382182,2921.584549,2952.272243,3375725165
2011-12-28,2942.750834,2984.932424,2911.975146,2959.098612,2963.901763,3710998817
2011-12-29,2925.743798,2959.351252,2917.796344,2940.362898,2948.549723,2287309213
2011-12-30,2929.53892,2952.901251,2899.062526,2906.916004,2917.786054,3692787027
2011-12-31,2960.643833,2971.999211,2907.662872,2918.302651,2947.191701,4081636909
2012-01-01,2943.665629,2952.177881,2925.66904,2930.767413,2950.572875,3967039613
2012-01-02,2958.920402,2961.77152,2907.269629,2928.537281,2934.234692,3099561916
2012-01-03,2943.881744,2960.939234,2935.048443,2945.091298,2950.033097,3891947538
2012-01-04,2936.345243,2953.604868,2903.370063,2942.557404,2946.666698,2926190068
2012-01-05,2952.77761,2973.459335,2911.791343,2949.193935,2967.682686,3297094954
2012-01-06,2959.552159,2975.189178,2929.046483,2933.111035,2934.750369,3962897045
2012-01-07,2949.803403,2975.848134,2926.627469,2928.338082,2935.654603,3654162190
2012-01-08,2949.659857,2959.905245,2904.972742,2917.111418,2921.876007,3375393160
2012-01-09,2971.024718,2988.935303,2892.731602,2944.78729,2971.791633,3215918332
2012-01-10,2944.876934,2974.926939,2934.279983,2934.531988,2950.638294,3045584917
2012-01-11,2930.896918,2960.168811,2923.674973,2931.8953,2937.365031,3104020322
2012-01-12,2953.992477,2960.819526,2899.575784,2941.459812,2947.227932,4103911187
2012-01-13,2943.076676,2972.608714,2919.652733,2961.387147,2967.791109,3753027216
2012-01-14,2944.417434,2981.461426,2911.199251,2912.526695,2964.854439,3821585684
2012-01-15,2937.014796,2976.817184,2923.921588,2927.983686,2965.160602,4544002253
2012-01-16,2951.524774,2988.821551,2911.033987,2912.566925,2917.633379,2641949722
2012-01-17,2953.875772,2987.324619,2922.378296,2934.450157,2940.498912,3504995869
2012-01-18,2967.920446,2973.262056,2901.406539,2916.06617,2921.793054,3331431733
2012-01-19,2947.586162,2984.265614,2920.876779,2944.548078,2965.535629,3746600443
2012-01-20,2976.719203,2987.383847,2927.728425,2932.808934,2944.630673,4658589915
2012-01-21,2945.026302,3000.569199,2933.999005,2941.994921,2959.655788,3999140082
2012-01-22,2972.391443,2988.532834,2918.904529,2958.834913,2965.29298,3024535660
2012-01-23,2980.71301,2983.811038,2937.291189,2937.741798,2968.527883,2934874338
2012-01-24,2975.294718,2976.786253,2932.916258,2953.699006,2960.314116,3586151085
2012-01-25,2954.560806,2985.29116,2919.320254,2923.326447,2961.070753,2756647563
2012-01-26,2975.298876,2978.380251,2894.766065,2924.110484,2961.790417,2938944305
2012-01-27,2974.647237,2976.952897,2930.132512,2939.772632,2971.745726,3409615874
2012-01-28,2955.971802,2986.103302,2944.084212,2959.945937,2970.624525,3302287820
2012-01-29,2943.295504,2969.399801,2928.645143,2952.843682,2957.140463,4311887501
2012-01-30,2946.119386,2983.092648,2897.971691,2956.493543,2968.177758,3312685952
2012-01-31,2957.839976,2963.851807,2899.459874,2939.079241,2942.102587,3519561737
2012-02-01,2950.800318,2969.663061,2937.581885,2950.148774,2960.931767,2514581382
2012-02-02,2966.979464,2971.759714,2921.666754,2938.632632,2967.644045,3662001204
2012-02-03,2928.626901,2967.158207,2908.776612,2912.135079,2948.375137,4243766384
2012-02-04,2971.049524,2975.407733,2941.028634,2949.860781,2969.616844,3279284040
2012-02-05,2956.991714,3001.82754,2928.830159,2930.24535,2939.340063,4650942535
2012-02-06,2942.061669,2985.954929,2919.958619,2938.223585,2940.498578,2499293808
2012-02-07,2968.970592,2976.174757,2941.174783,2948.29861,2951.356049,3709527013
2012-02-08,2957.509315,2979.292939,2931.38362,2934.213431,2956.409966,2903293531
2012-02-09,2964.368381,2970.567731,2951.603342,2956.221176,2961.850605,3741478353
2012-02-10,2982.562877,3000.995185,2928.007908,2950.77175,2978.537554,3772801915
2012-02-11,2972.287522,2975.552797,2967.018355,2970.425165,2971.641884,3264955922
2012-02-12,2946.833182,2986.957017,2913.384095,2940.873394,2953.27161,4088848054
2012-02-13,2946.544497,2980.890201,2929.242773,2950.524992,2955.520896,3364818231
2012-02-14,2958.236978,2966.702203,2893.074523,2929.596662,2966.145332,4342379234
2012-02-15,2954.556289,2972.146629,2909.030865,2949.761638,2952.253037,3319869825
2012-02-16,2963.703502,3002.463659,2948.611182,2958.704923,2961.815632,3336624111
2012-02-17,2964.139345,2995.496504,2923.505261,2939.293142,2967.590743,3667357733
2012-02-18,2982.988402,2985.317016,2933.076116,2949.2752,2968.119687,3506273738
2012-02-19,2961.691646,2971.478445,2891.553263,2934.274956,2968.686092,2766256463
2012-02-20,2970.144044,2978.308995,2907.284343,2947.846238,2964.807849,3959566343
2012-02-21,2962.30473,3014.697658,2918.091847,2949.669002,2957.59877,3159874000
2012-02-22,2979.032223,2989.154731,2963.164457,2973.456125,2974.151361,4284865101
2012-02-23,2963.955827,2987.104114,2957.363176,2962.95701,2966.856771,3654693082
2012-02-24,2966.445171,2972.902387,2933.855292,2941.104155,2965.658196,2808875495
2012-02-25,2970.830017,3001.809666,2937.443721,2946.13105,2970.449845,2927490067
2012-02-26,2978.251678,2994.505973,2931.13987,2938.568541,2952.364068,4122994397
2012-02-27,2969.923529,2994.36389,2956.67189,2965.362072,2971.225842,3715416218
2012-02-28,2961.819224,2967.46694,2934.695549,2948.699684,2957.445415,3575113317
2012-02-29,2960.764284,3002.673707,2938.066984,2966.227077,2990.007773,3479693041
2012-03-01,2984.874628,2991.523281,2912.388686,2934.072728,2959.21611,3308808853
2012-03-02,2978.379898,2998.306532,2936.491827,2945.565512,2954.087032,4081783193
2012-03-03,2955.679482,3000.813534,2938.711683,2941.887721,2975.753726,3566440283
2012-03-04,2958.098805,2995.930947,2927.91802,2938.116409,2967.363168,2269526391
2012-03-05,2978.949713,3004.511014,2954.874563,2956.751407,3001.861281,3131007515
2012-03-06,2967.937019,2993.006505,2932.94654,2973.920475,2975.951531,2956578482
2012-03-07,2938.636991,2999.742018,2931.168018,2936.902811,2953.096088,3521817014
2012-03-08,2963.533294,2996.943251,2923.587614,2948.044225,2969.144622,3303030710
2012-03-09,2983.901498,2989.756356,2935.027365,2947.554137,2952.947241,4804893695
2012-03-10,2987.219411,2987.257783,2929.457413,2956.863929,2961.273836,3631587627
2012-03-11,2973.150296,2985.105297,2941.740048,2956.77525,2981.59627,4516566566
2012-03-12,2965.20589,2998.926853,2934.530789,2964.804595,2997.428964,3861255395
2012-03-13,2968.441864,2987.525563,2915.514406,2950.211875,2985.337029,3922809962
2012-03-14,2968.118452,2984.988347,2925.281461,2957.413367,2980.630074,4329749796
2012-03-15,2941.986273,2983.183967,2938.727692,2954.18931,2958.120379,4220824772
2012-03-16,2977.128214,3022.839236,2946.771152,2955.539617,2961.306811,2709088025
2012-03-17,2975.456098,3005.951348,2933.169422,2965.951966,2994.957533,3421552871
2012-03-18,2975.128912,2984.509549,2940.286356,2943.729272,2948.060309,3126675668
2012-03-19,2965.266829,3025.319505,2941.992634,2944.459656,2969.83132,3861492472
2012-03-20,2983.940779,2999.709105,2940.088636,2948.619416,2950.926758,5021001343
2012-03-21,2989.005555,2995.620008,2917.466361,2934.178945,2960.694142,3588185641
2012-03-22,3002.966053,3004.865698,2936.999528,2969.5867,2991.133274,2953547162
2012-03-23,2937.286071,2998.805986,2934.451529,2960.671552,2978.810244,2923409475
2012-03-24,2967.446716,2998.838455,2938.224091,2946.24243,2969.269364,2885609319
2012-03-25,2979.930598,3005.749622,2963.813323,2990.148486,2992.537459,3424791990
2012-03-26,2991.87006,3025.90962,2946.915196,2947.311324,2972.654154,3601970545
2012-03-27,2973.563822,2998.499808,2917.936804,2953.704442,2997.962224,3624267618
2012-03-28,2988.033219,2993.398655,2928.268608,2941.140956,2991.444955,3736458455
2012-03-29,2970.767882,2995.574166,2951.047157,2960.646734,2990.996406,2649872032
2012-03-30,2977.906609,2999.672672,2918.617198,2962.353804,2970.401685,2885515871
2012-03-31,2970.218631,2972.016997,2967.531863,2969.474199,2971.667889,4292571309
2012-04-01,2971.982476,3019.73788,2954.997401,2956.979356,2976.885072,4117241140
2012-04-02,2970.619183,2990.837068,2920.853267,2921.546545,2950.867367,3038993640
2012-04-03,2975.801535,2998.476819,2945.808064,2959.401617,2968.565716,3186300981
2012-04-04,2997.609851,2998.743917,2905.373868,2941.755106,2971.637465,3114319669
2012-04-05,2984.864941,3016.058672,2918.272861,2939.849859,2951.259947,3789378399
2012-04-06,2955.443399,2974.996649,2934.548215,2946.99815,2963.101193,3004326314
2012-04-07,2977.48144,3002.156076,2955.547765,2967.769066,2978.488124,3522599880
2012-04-08,2998.437649,3018.526695,2933.986362,2976.721562,2978.48031,3099051069
2012-04-09,2991.149329,2997.657137,2965.244387,2966.337041,2966.452532,3287881335
2012-04-10,2994.835722,3008.85513,2953.103262,2975.182944,2981.281701,3740464205
2012-04-11,3007.514553,3013.942624,2935.989908,2953.592161,2962.492427,3030108210
2012-04-12,2987.686891,2993.563574,2927.228657,2981.394415,2990.971131,3412244147
2012-04-13,2987.824972,2994.869679,2960.902024,2965.227758,2968.503865,3655934382
2012-04-14,2974.26252,2985.552417,2939.913301,2952.621757,2979.126021,3936637036
2012-04-15,2982.923089,2999.771212,2955.927198,2972.432107,2983.740912,2780891065
2012-04-16,2982.757377,2993.23896,2961.039943,2972.107341,2986.942976,4121123653
2012-04-17,2964.058569,2989.681542,2912.203029,2956.997945,2976.145658,3924194438
2012-04-18,2976.997594,2996.389109,2969.243964,2977.334812,2978.010342,2951613284
2012-04-19,3000.128402,3016.207501,2962.383503,2977.322393,2980.826148,3794327729
2012-04-20,2978.153346,3009.470108,2977.454424,2977.923122,2988.621511,3278475340
2012-04-21,2991.57511,2995.044513,2957.441702,2970.750461,2975.696093,3200565257
2012-04-22,2988.014434,3005.783026,2956.563318,2969.710941,2999.515917,3588950640
2012-04-23,2962.497551,3008.204775,2951.856389,2984.938078,2990.553981,3765853437
2012-04-24,3007.324163,3019.906676,2965.546367,2976.262736,2983.268928,2651274178
2012-04-25,2985.303942,3005.162757,2937.138034,2963.434476,2977.364896,3529777058
2012-04-26,3010.872179,3022.110334,2931.66048,2934.656839,2977.389573,3506283392
2012-04-27,2999.994275,3014.341013,2949.506159,2964.381259,3000.277565,3098261614
2012-04-28,2994.246926,3013.331301,2941.152816,2986.159271,3010.428622,4539128111
2012-04-29,2973.29955,3020.259659,2957.223515,2978.221302,2988.604815,3869123096
2012-04-30,3002.903335,3009.035501,2952.096265,2982.705947,3005.961645,3193090234
2012-05-01,3000.056274,3020.483138,2976.300142,2980.797894,3002.638179,3333685296
2012-05-02,2969.271445,3015.765907,2961.066888,2979.724707,2992.851276,3600527330
2012-05-03,2972.855165,3014.500983,2971.604751,2973.108052,2998.359615,3457439246
2012-05-04,3021.772995,3032.606269,2950.914146,2958.708408,3021.392955,4229811467
2012-05-05,3015.949663,3017.722599,2933.01986,2942.802146,2973.676593,4395813898
2012-05-06,2994.495079,3014.544051,2968.617636,2995.149141,3002.070428,3372165929
2012-05-07,2996.172937,3006.712958,2955.792086,2971.811756,2986.267993,4795423172
2012-05-08,3008.38542,3012.322555,2957.666717,2968.140358,2990.116973,3731078305
2012-05-09,2992.20625,3017.607465,2937.536664,2940.70651,2986.167903,3477546384
2012-05-10,2986.560442,3011.230495,2946.214585,2969.784036,2983.506845,3943315852
2012-05-11,2989.415609,3006.284605,2972.106879,2985.979955,2991.448396,3275349871
2012-05-12,2986.485941,3034.042086,2949.727909,2966.513792,3001.700444,2489612539
2012-05-13,3020.660532,3021.1318,2939.684988,2968.222172,2980.907737,4870533753
2012-05-14,2985.194829,3008.832009,2950.335843,2980.9625,2995.180324,4403604499
2012-05-15,2993.057698,2998.742965,2963.115557,2974.03587,2977.155308,2978344322
2012-05-16,2974.482763,2993.832725,2953.512968,2973.564895,2991.115596,2692800162
2012-05-17,2999.452573,3016.668738,2964.109431,2996.488138,2998.78492,2597258571
2012-05-18,2980.98645,3008.68292,2962.474989,2973.584083,2994.679847,3548698323
2012-05-19,3003.248846,3011.292595,2963.836314,2969.559435,2978.509141,2810632639
2012-05-20,2987.488554,3020.068832,2965.129181,2984.911127,2998.530818,2349700433
2012-05-21,3002.670644,3027.660591,2946.484059,2981.225708,3012.11952,3842553280
2012-05-22,2998.689587,3023.32666,2953.948175,2973.361299,3002.183639,2501925999
2012-05-23,3014.090554,3026.668417,2942.199791,2942.526257,2960.666929,4231353287
2012-05-24,2994.268622,3018.757465,2982.600981,2990.637727,3010.338236,4017427334
2012-05-25,2998.914293,3029.763127,2961.970704,2984.825946,2991.459299,3573145893
2012-05-26,2999.475118,3034.944733,2960.601371,2962.267654,2976.358497,3331803138
2012-05-27,3006.320711,3023.363621,2966.351942,2994.148145,2995.211582,4358915462
2012-05-28,2971.806441,3020.67526,2929.288904,2973.090976,2985.014292,3494361814
2012-05-29,3002.471971,3033.602408,2968.928376,2984.755641,2988.677929,3669175423
2012-05-30,2989.147868,3015.837141,2962.505539,2980.552585,2997.296344,3452720490
2012-05-31,2989.219906,3017.093282,2956.295084,2986.84854,2988.659532,3353266927
2012-06-01,3006.067366,3019.142636,2980.170049,2980.980251,2994.442963,3855366684
2012-06-02,3014.743329,3024.227533,2974.899176,2993.19552,3010.239177,2321777280
2012-06-03,3006.555375,3007.147943,2965.757386,2967.092216,2970.69334,4229413651
2012-06-04,3002.999485,3004.882974,2981.128088,3002.432045,3004.150696,4553101121
2012-06-05,2998.99434,3028.252272,2970.120085,2980.00822,3002.659329,2230534244
2012-06-06,3002.410828,3039.445381,2956.877921,2967.74421,3017.362042,3523645167
2012-06-07,2993.523805,3028.130417,2965.089246,2986.807631,3016.499387,2579856721
2012-06-08,3018.768438,3021.304291,2972.780121,2977.774539,2989.188023,4516595402
2012-06-09,3012.601146,3037.541729,2979.056177,2996.795844,3007.094107,4394573416
2012-06-10,2983.11637,3020.190856,2976.469469,3011.348357,3017.180161,3872333953
2012-06-11,3010.521151,3013.972332,2992.024736,2996.27081,3010.193257,2615474927
2012-06-12,2997.365527,3026.557619,2992.101081,2992.714607,3011.105012,3972417668
2012-06-13,2965.198963,3003.684041,2938.243605,2986.229937,2994.127365,3871213366
2012-06-14,3017.726053,3024.894967,2976.524423,2987.98107,2989.389348,2906055962
2012-06-15,2981.258845,3028.240791,2952.101201,2956.738367,2968.447617,2698322064
2012-06-16,2989.095141,3034.377931,2973.339672,2995.640158,3004.392158,3055096862
2012-06-17,3005.237101,3025.463441,2998.514662,3010.549367,3013.146946,4718478839
2012-06-18,3023.529343,3054.471494,2973.920553,2974.942584,3007.947723,2127346214
2012-06-19,3036.077348,3048.720097,2939.330416,2984.9975,3004.408328,2862133691
2012-06-20,3010.881199,3031.252336,2984.698539,2989.399879,2999.968783,3407141127
2012-06-21,3016.650302,3043.09679,2983.895806,2985.556771,2994.745684,2936438984
2012-06-22,3006.869386,3031.564284,2956.47429,2983.096121,3013.979033,3043815958
2012-06-23,3019.333142,3023.444594,3004.457778,3007.203756,3018.131353,3180049658
2012-06-24,2997.198883,3022.629179,2990.010164,3002.481105,3009.924892,3599670731
2012-06-25,2997.575837,3040.237086,2994.445875,3000.121503,3010.032678,3599020788
2012-06-26,3003.567225,3004.65067,2980.763745,2991.475865,2996.418635,4095725624
2012-06-27,3014.99786,3026.405628,2967.556108,2969.492468,2983.154841,2532308173
2012-06-28,2999.863285,3009.046757,2973.533242,2986.212941,2992.473076,3974455285
2012-06-29,2996.222612,3021.666378,2972.262418,3001.797559,3017.800414,4999703718
2012-06-30,3013.264203,3027.443574,2948.124464,2988.900963,3001.018613,4371037229
2012-07-01,3028.590539,3039.520899,2964.245728,2975.322687,3002.595081,3351789649
2012-07-02,3031.816287,3046.62056,2976.043901,3005.364415,3038.721066,4065176712
2012-07-03,3034.339882,3040.590233,2972.953288,2999.968754,3036.454482,4317078110
2012-07-04,2996.718678,3010.600525,2991.756845,2994.265613,3004.110531,2859498097
2012-07-05,3009.783424,3031.330472,2985.445155,3013.386472,3025.051775,3155640479
2012-07-06,3013.825306,3033.331609,2965.592546,2990.533866,3000.542318,3180883627
2012-07-07,3023.145746,3049.409072,2956.433201,3028.394725,3036.081389,3634398888
2012-07-08,2992.101603,3035.199628,2984.502958,2989.639256,3023.923515,3444402946
2012-07-09,3009.272516,3021.506571,3000.143333,3002.777906,3017.798578,3337709566
2012-07-10,3043.353509,3044.208736,2967.809476,2973.501352,3005.033333,3706319497
2012-07-11,3008.563655,3012.852187,2990.134061,2994.023112,3011.079988,4069482595
2012-07-12,3010.106062,3021.554981,3003.283056,3012.697927,3018.990732,3980108480
2012-07-13,3008.111505,3027.836378,2979.639599,2996.841414,3007.30309,3061102205
2012-07-14,3003.083432,3038.152177,2997.212521,3000.743556,3005.762847,3229385115
2012-07-15,3024.295263,3032.374951,2989.822786,3004.570102,3013.473777,4072561964
2012-07-16,3021.999963,3034.478019,2959.472566,3003.072674,3006.800378,2911002296
2012-07-17,3004.305142,3053.763457,2979.208594,2985.275151,3003.136021,4112415889
2012-07-18,3017.86137,3047.108722,3002.990868,3017.785484,3029.043267,3299104592
2012-07-19,3014.831754,3027.868139,2999.378546,2999.621449,3019.943048,2931500497
2012-07-20,2999.049982,3039.311113,2973.708588,2974.767741,3025.84099,3539252357
2012-07-21,3028.473212,3040.548501,2988.847094,3014.776489,3020.129521,3621113368
2012-07-22,3019.132955,3030.344291,2966.99406,3007.622686,3008.635353,3019393303
2012-07-23,3036.74239,3044.019861,2988.826664,2996.10816,3012.375899,3563979550
2012-07-24,3015.329799,3053.38132,2977.481218,2979.861945,3052.065844,4620868074
2012-07-25,2996.561663,3021.772901,2972.534802,2998.900496,3002.502024,3550852517
2012-07-26,3029.650622,3036.802455,2979.042384,2998.903712,3032.597131,3203584136
2012-07-27,3016.185318,3039.749801,2989.932836,2997.316378,3011.135504,3987605803
2012-07-28,3044.196961,3056.66065,3004.183197,3010.679624,3020.097415,2235901874
2012-07-29,3021.232032,3066.006396,2969.240544,2989.937612,3004.384225,3630684069
2012-07-30,3025.071722,3057.219579,2981.430618,3002.013214,3045.178184,4542377848
2012-07-31,3010.318528,3049.112667,2997.278068,3018.884566,3019.719966,3500451076
2012-08-01,3010.94638,3039.113819,3010.157987,3026.499924,3031.129041,3097775569
2012-08-02,3023.977426,3048.244809,2991.511029,2992.108125,3018.108613,4485397259
2012-08-03,3033.959723,3073.052885,3000.593618,3025.172208,3060.094843,4104263758
2012-08-04,3048.414786,3050.247637,2986.466531,2996.129782,3026.937911,4541726011
2012-08-05,3016.26871,3039.991231,2975.697813,2995.112066,3015.353187,3851999691
2012-08-06,3014.122118,3047.82839,2992.199127,3000.130762,3037.441923,3156819791
2012-08-07,3025.727262,3034.204751,2979.773296,2989.392714,3017.206955,3401406908
2012-08-08,3017.670292,3037.145871,2994.879933,3007.562997,3011.854526,3926867640
2012-08-09,3043.408367,3066.917362,2990.931964,3006.407615,3035.76729,4259281185
2012-08-10,3035.229951,3026.538973,2993.28187,2996.713236,3015.02607,4195277068
2012-08-11,3014.303428,3056.264313,2959.278029,3018.707902,3047.285153,3350080560
2012-08-12,3019.253368,3031.517741,2979.961601,2994.420519,3005.046125,4051740923
2012-08-13,3032.703235,3075.912789,2993.884843,3032.924698,3035.761796,3310640366
2012-08-14,3019.787054,3054.017788,2974.213866,3002.614581,3012.64268,4366349201
2012-08-15,3034.618045,3053.248207,2989.430864,2993.764237,3039.389707,3878633484
2012-08-16,3028.260649,3035.33665,2980.43916,3004.744352,3034.851864,3742804777
2012-08-17,3023.540877,3075.066487,3002.271315,3018.224528,3033.142617,3593841720
2012-08-18,3019.316462,3019.679533,2999.940249,3005.399973,3017.803197,3234238539
2012-08-19,3015.650659,3063.680682,3003.625144,3020.765777,3023.026855,4724683036
2012-08-20,3030.159926,3070.918826,2996.047431,3010.380864,3067.531781,3835669299
2012-08-21,3020.551775,3041.091399,3014.13929,3035.312461,3040.841578,4301422027
2012-08-22,3056.316775,3061.472324,3008.523645,3013.126003,3035.583038,2448334501
2012-08-23,3042.64314,3067.755382,3000.981674,3010.77112,3035.707365,3560467115
2012-08-24,3037.233173,3041.692438,2989.002273,3029.391303,3033.598441,3043029784
2012-08-25,3026.604175,3053.645619,2972.8501,3019.127981,3024.649861,3536722026
2012-08-26,3030.59157,3055.722077,2989.528606,3012.84188,3029.984364,4192273070
2012-08-27,3008.328941,3044.652857,3002.472903,3025.704504,3043.42152,4363185874
2012-08-28,3006.568072,3062.273734,2998.554021,3017.534659,3044.307439,2297904878
2012-08-29,3022.30262,3061.955084,3005.82399,3019.749378,3027.919577,3906488673
2012-08-30,3020.798937,3064.150828,2975.23916,3033.143713,3053.764153,3659639570
2012-08-31,3041.709675,3069.921188,2967.725417,3004.745816,3040.226805,3741457840
2012-09-01,3028.967037,3030.72086,3013.330998,3015.592979,3015.990977,3169489520
2012-09-02,3017.825597,3044.370819,3000.814573,3005.178652,3025.466786,4548100378
2012-09-03,3036.84989,3067.534204,2980.418493,2997.367589,3014.682679,3794198203
2012-09-04,3032.799483,3044.46265,3010.903076,3020.947051,3023.40189,2444414026
2012-09-05,3023.428997,3076.448164,2999.920217,3011.40401,3063.968365,3661013343
2012-09-06,3036.998401,3052.833193,3033.120886,3035.548189,3035.587122,3357866416
2012-09-07,3042.385161,3058.734068,3000.064575,3004.499441,3019.375672,2665743713
2012-09-08,3055.235241,3095.62105,2993.396353,3012.647002,3022.535497,2887107079
2012-09-09,3021.140355,3057.43727,3000.356223,3014.51167,3045.367198,4267629845
2012-09-10,3042.278633,3058.608832,3015.487926,3030.868719,3054.645427,4128088098
2012-09-11,3022.885845,3044.392042,2964.527623,3000.588109,3013.721844,4361093600
2012-09-12,3021.345552,3051.633362,2990.794153,3019.801581,3047.005126,3326390181
2012-09-13,3030.384607,3058.39724,3011.356435,3041.477635,3056.221491,4447702388
2012-09-14,3037.417509,3058.751396,3014.049,3032.299324,3040.928734,2985738659
2012-09-15,3042.876911,3068.695598,3012.688143,3018.64508,3043.747137,4431131757
2012-09-16,3015.829334,3046.100344,2986.098835,3005.291145,3037.582481,3734161576
2012-09-17,3051.884157,3060.278144,2999.071951,3026.670353,3046.364678,3675596540
2012-09-18,3033.180092,3052.137344,3030.672159,3045.428696,3050.450335,4261464619
2012-09-19,3028.857508,3058.17964,2998.806755,3005.947995,3031.540723,3084800299
2012-09-20,3024.463751,3044.706787,2993.58871,3028.322333,3036.210391,3808004825
2012-09-21,3023.716678,3055.206929,2991.899419,3035.361476,3037.155178,3635870977
2012-09-22,3055.778508,3057.286128,3012.181286,3024.606142,3039.360767,3473168333
2012-09-23,3033.647316,3053.483453,2997.348873,3017.967607,3037.926157,3888488282
2012-09-24,3030.993185,3050.978958,3007.272344,3036.842625,3048.87099,4229368045
2012-09-25,3033.459325,3060.030181,2987.000696,2995.148711,3030.911534,3616735478
2012-09-26,3055.984911,3065.647585,2976.28027,3019.633908,3023.571492,3813108741
2012-09-27,3029.999081,3076.928935,3013.745717,3022.674366,3032.315898,3258277697
2012-09-28,3055.902778,3064.535025,3006.86584,3022.367803,3022.66052,4344428452
2012-09-29,3033.874531,3037.343714,3015.47644,3018.404907,3029.427738,3194115284
2012-09-30,3040.828005,3045.198909,3023.608648,3026.791202,3027.677089,3830537832
2012-10-01,3041.572477,3074.218812,3003.405099,3010.905383,3034.451607,3883456652
2012-10-02,3037.886765,3065.700283,2981.060725,3021.549638,3026.37137,2663468401
2012-10-03,3051.916709,3072.633592,3015.27587,3021.307481,3043.534553,3688160165
2012-10-04,3046.026394,3081.428187,3017.868164,3038.10562,3064.791545,2689400362
2012-10-05,3034.594276,3060.377523,2972.550455,2986.15882,2999.903107,4188543640
2012-10-06,3062.923151,3070.962778,3042.936224,3049.899325,3061.380854,3993471227
2012-10-07,3050.119343,3077.854041,3014.958013,3026.638569,3053.1971,3482392383
2012-10-08,3053.846327,3065.838411,3012.664044,3013.797847,3029.756554,3294588728
2012-10-09,3053.693725,3062.96544,2995.289667,3007.324162,3028.429511,3987243561
2012-10-10,3067.652118,3071.538003,3041.166459,3042.430502,3069.737611,2732256778
2012-10-11,3021.077638,3081.831695,3019.438975,3054.382574,3064.10528,3911142898
2012-10-12,3025.179856,3076.716324,3016.52938,3047.912704,3057.422452,2703094664
2012-10-13,3020.618323,3064.131739,3011.850284,3017.534478,3021.568488,4531455611
2012-10-14,3056.346539,3061.817947,2984.607319,3040.953251,3060.062642,3109293165
2012-10-15,3054.861467,3082.240022,2997.204502,3008.575166,3056.629519,4507355545
2012-10-16,3043.103075,3079.016259,3005.628723,3032.773638,3036.26543,3918580692
2012-10-17,3035.925497,3077.554861,2994.803629,3043.958301,3065.713699,4475092856
2012-10-18,3039.398103,3043.210308,2995.928475,3014.913436,3026.464247,3159227620
2012-10-19,3060.871163,3066.323379,3005.299066,3008.473514,3041.213362,2772878699
2012-10-20,3054.75534,3063.400272,3017.94263,3053.779649,3056.016342,4409842113
2012-10-21,3048.917431,3052.872216,3029.85764,3036.611309,3039.295649,3060289525
2012-10-22,3065.509158,3093.21417,3007.412974,3054.099645,3067.091665,3921594778
2012-10-23,3055.25891,3059.138532,3024.12436,3044.108842,3055.454254,3876538432
2012-10-24,3055.036953,3087.135781,3010.720948,3020.397529,3050.28733,3098323254
2012-10-25,3042.187261,3046.031333,3008.183554,3029.916531,3038.41029,4040331810
2012-10-26,3055.061501,3077.368452,2998.780234,3038.778804,3059.504903,3060804635
2012-10-27,3075.998644,3090.111346,3025.514844,3038.658023,3044.610111,3793910227
2012-10-28,3071.135742,3088.780791,3026.317653,3032.212193,3050.811047,3577667003
2012-10-29,3075.18633,3091.283873,2993.359914,3038.879569,3052.025047,3375389441
2012-10-30,3063.28595,3063.621935,2996.595249,3024.06899,3027.819362,4221064884
2012-10-31,3047.106487,3055.598316,3005.962071,3019.616829,3042.129255,3242985544
2012-11-01,3034.049578,3082.065594,3028.198934,3033.648576,3047.085474,2170412963
2012-11-02,3055.36982,3075.719199,3002.161172,3060.967007,3068.445709,3836636848
2012-11-03,3028.763923,3071.425977,3012.333734,3027.223321,3063.69009,4743438565
2012-11-04,3048.772982,3075.978827,3018.496626,3049.846062,3060.534507,2946532738
2012-11-05,3041.516419,3074.456694,2994.606898,3016.29636,3045.832605,3718213789
2012-11-06,3077.434861,3081.972017,3044.3677,3047.18917,3067.290295,4564692120
2012-11-07,3053.117389,3081.060301,3010.303744,3027.973413,3043.266666,2864959551
2012-11-08,3060.505971,3064.098424,3009.727288,3040.934922,3062.431049,2397541737
2012-11-09,3055.821966,3078.690337,3047.379382,3052.515753,3073.544729,3766178649
2012-11-10,3035.131428,3078.707574,3029.014293,3057.838815,3076.51667,2608326613
2012-11-11,3056.520147,3086.038177,3019.030839,3038.974475,3046.224044,3307592057
2012-11-12,3046.886926,3096.953855,3007.501096,3029.995051,3046.5832,3729864898
2012-11-13,3043.599917,3089.454679,3029.404945,3053.111926,3075.877053,3279972778
2012-11-14,3031.555416,3069.490873,3024.230994,3027.737519,3035.572777,3841422784
2012-11-15,3056.947899,3074.614869,3040.841851,3041.768403,3049.645273,2354112310
2012-11-16,3061.220707,3078.12797,3005.606744,3048.360374,3077.934159,3815938889
2012-11-17,3041.399532,3051.074587,3035.464038,3036.957747,3047.79704,2973002945
2012-11-18,3037.233416,3071.764179,3036.432823,3049.049078,3065.933997,2918602610
2012-11-19,3040.286918,3060.201224,3023.541024,3027.870613,3047.115261,4372538166
2012-11-20,3059.244649,3063.093197,3028.437247,3037.485575,3052.286417,3627917575
2012-11-21,3076.010889,3073.439501,3041.437997,3047.856688,3057.134944,5086102313
2012-11-22,3036.17113,3089.356167,3033.284926,3043.524469,3078.650561,4213586443
2012-11-23,3066.149161,3082.935585,3016.81846,3051.839735,3069.894308,4431660926
2012-11-24,3058.222228,3105.120156,3012.616654,3049.849835,3083.346753,4058575287
2012-11-25,3049.792315,3058.30781,2997.760125,3055.444989,3056.003751,4713631786
2012-11-26,3077.891729,3093.612109,3048.828724,3069.698325,3085.492033,4095579481
2012-11-27,3066.114844,3069.236745,3010.596253,3026.983978,3034.170985,3969041126
2012-11-28,3069.293853,3084.27726,3006.524667,3059.277162,3064.037026,3957121379
2012-11-29,3073.706246,3096.792591,3015.579575,3062.303643,3074.719558,3458728546
2012-11-30,3065.611459,3080.93044,3024.474484,3054.855227,3080.830932,2819202965
2012-12-01,3080.087122,3084.656247,3022.169699,3053.502655,3081.362758,4669043375
2012-12-02,3045.662202,3089.208929,3013.890259,3019.54153,3051.055403,3911101946
2012-12-03,3083.794945,3084.670314,3048.304211,3050.317211,3058.372607,3303689530
2012-12-04,3082.860777,3086.500665,3042.658887,3044.055279,3081.227378,3094521935
2012-12-05,3028.201251,3064.549704,3016.426383,3026.545007,3058.405772,3743946184
2012-12-06,3080.253152,3084.136577,3034.328999,3034.744451,3047.260432,3541379592
2012-12-07,3074.914983,3086.449892,3028.095846,3035.42453,3049.596752,2087010138
2012-12-08,3085.767353,3109.854013,3033.653692,3065.708115,3092.957348,3604500377
2012-12-09,3070.385379,3093.59476,3041.129605,3064.836671,3088.000104,3940114470
2012-12-10,3049.699517,3105.79468,3039.774,3047.725343,3061.578683,3931785141
2012-12-11,3059.391997,3077.888536,3045.356332,3055.070935,3059.598066,3978470680
2012-12-12,3060.927627,3078.576784,3047.920401,3053.802293,3069.218081,4107127835
2012-12-13,3061.053777,3064.496041,3045.492524,3046.487279,3046.573109,4134313638
2012-12-14,3076.072554,3068.265584,3028.565785,3056.963251,3058.668137,3961300643
2012-12-15,3062.21929,3074.510195,3034.930071,3051.33314,3052.094968,3971272286
2012-12-16,3092.956134,3105.887202,3037.903706,3048.625689,3053.834054,3218681922
2012-12-17,3049.506734,3074.293463,3018.29114,3054.609461,3068.697327,3686980582
2012-12-18,3055.759051,3084.055412,3046.847901,3073.636317,3082.181078,3286814679
2012-12-19,3054.620597,3079.974251,3000.025827,3054.057758,3067.057294,4000228090
2012-12-20,3053.723697,3077.67032,3023.255452,3054.838486,3074.947041,3311447875
2012-12-21,3068.588731,3087.748396,3010.804483,3028.937914,3087.523192,3490765543
2012-12-22,3086.805239,3102.157828,3050.73364,3054.858243,3079.790179,3782544992
2012-12-23,3075.107359,3079.185376,3049.528154,3050.169325,3060.131981,3543203661
2012-12-24,3086.907229,3109.404461,3019.326109,3042.389558,3045.546602,2952985425
2012-12-25,3084.257746,3100.487637,3035.033229,3039.671488,3062.010483,3719312368
2012-12-26,3066.539867,3091.833591,3030.106211,3059.50191,3062.736158,4766860511
2012-12-27,3080.69453,3092.307531,3017.036461,3073.926038,3084.818272,3738048043
2012-12-28,3072.33271,3079.283311,3043.53048,3049.985054,3068.087433,3242417913
2012-12-29,3066.391268,3086.354476,3041.71094,3054.180809,3064.094716,3098900468
2012-12-30,3073.013718,3111.505798,3040.768589,3065.151528,3070.259872,3229830719
2012-12-31,3078.000092,3112.48167,3049.107988,3063.000812,3100.74421,3916314471
2013-01-01,3066.737334,3084.026329,3052.941479,3077.271918,3080.642485,3201421398
2013-01-02,3087.722801,3107.303174,3046.426712,3070.620367,3075.284261,4054415651
2013-01-03,3110.2327,3110.722845,3047.618305,3052.620298,3058.623467,3795169817
2013-01-04,3060.165222,3099.081547,3058.144382,3059.566309,3086.41625,3208689173
2013-01-05,3054.98657,3118.778358,3015.956002,3060.78856,3063.413996,5063449627
2013-01-06,3066.477496,3096.491323,3033.5083,3068.952897,3096.320302,4045581175
2013-01-07,3069.676919,3077.106322,3041.182808,3061.340743,3064.445444,4010112602
2013-01-08,3082.594907,3104.412104,3035.080117,3045.50428,3048.907579,4158284255
2013-01-09,3061.290442,3097.70117,3039.654651,3083.851619,3088.016088,4393821338
2013-01-10,3088.124758,3103.559339,3050.927716,3073.17582,3088.818381,4081415112
2013-01-11,3073.781086,3129.168296,3035.886026,3068.879403,3092.36798,3985097300
2013-01-12,3090.385782,3103.745828,3020.433785,3062.783461,3069.309678,3292440660
2013-01-13,3088.664328,3110.196778,3036.84891,3052.652512,3085.57274,3805193983
2013-01-14,3074.389144,3092.025249,3051.872666,3073.610729,3090.759424,3338510988
2013-01-15,3073.899216,3100.400137,3038.669948,3065.36284,3097.33197,3382185529
2013-01-16,3072.944767,3103.031012,3061.544162,3075.215231,3102.827634,4043862433
2013-01-17,3092.487685,3104.82029,3023.219257,3052.594835,3054.200424,4200328887
2013-01-18,3080.776479,3102.853637,3046.481577,3058.652161,3064.912516,3974373335
2013-01-19,3068.488684,3126.743708,3033.734112,3035.534465,3064.969599,3506040802
2013-01-20,3073.383648,3079.773822,3044.284759,3048.174795,3056.53306,4435341042
2013-01-21,3080.643365,3092.236985,3065.582899,3067.293452,3067.660027,4646746444
2013-01-22,3075.777429,3097.712838,3060.324857,3064.945895,3091.55782,2811579227
2013-01-23,3072.947146,3086.442426,3033.359215,3055.729662,3074.629494,5158327157
2013-01-24,3093.209844,3109.25567,3047.07226,3082.618681,3093.032475,4982342187
2013-01-25,3033.487182,3092.232441,3026.731924,3038.766848,3041.084075,3316594240
2013-01-26,3080.15644,3101.611477,3037.421687,3063.191757,3077.817119,3868152595
2013-01-27,3085.551272,3089.56573,3057.066685,3059.092933,3071.857687,3643276718
2013-01-28,3061.677455,3105.914336,3044.16765,3045.286495,3076.530288,2285378579
2013-01-29,3075.799328,3090.663706,3060.684199,3072.240432,3088.055254,2372039928
2013-01-30,3077.766152,3087.858154,3066.414185,3072.434084,3078.164243,3875085714
2013-01-31,3070.968045,3134.800568,3047.408903,3090.007972,3108.749516,3383875647
2013-02-01,3056.692298,3116.588442,3043.96829,3075.164463,3081.298426,3655211991
2013-02-02,3055.898598,3085.414767,3038.471165,3052.652102,3067.600072,2412222618
2013-02-03,3092.463384,3116.17142,3032.292658,3052.053335,3071.673216,3670424486
2013-02-04,3110.207028,3125.322848,3044.261209,3050.211501,3093.773185,4308854111
2013-02-05,3062.746581,3093.218524,3028.040525,3054.003501,3084.301327,3718933481
2013-02-06,3065.381703,3133.03526,3056.859694,3057.891892,3089.980583,3765743223
2013-02-07,3082.773209,3095.907433,3064.558158,3080.558596,3083.966568,3181965356
2013-02-08,3108.206891,3118.778628,3036.589562,3075.760895,3082.853943,3945313679
2013-02-09,3113.738804,3120.915541,3055.996978,3068.005869,3115.474171,3110560649
2013-02-10,3090.339593,3137.02222,3068.906224,3070.811612,3079.776001,3479707693
2013-02-11,3075.274564,3109.340682,3068.947624,3084.870174,3107.171075,4638022134
2013-02-12,3096.776139,3108.568028,3048.319159,3067.464957,3100.46179,4451998651
2013-02-13,3083.465819,3092.561123,3065.114586,3065.222871,3076.437085,3155621275
2013-02-14,3085.465697,3103.307587,3042.027305,3096.603015,3101.685597,4056365220
2013-02-15,3109.92232,3118.841609,3072.854135,3075.047647,3091.638491,4189380013
2013-02-16,3080.36085,3107.625606,3077.089023,3079.657351,3097.339442,3503690309
2013-02-17,3083.470965,3118.158051,3010.60088,3044.18423,3111.654114,3339820795
2013-02-18,3076.443401,3118.099223,3051.892313,3085.768749,3095.12111,2985657385
2013-02-19,3081.182872,3110.263811,3053.063443,3069.762786,3081.745749,3273642040
2013-02-20,3093.34779,3114.790595,3077.70463,3078.702877,3099.535997,3928164840
2013-02-21,3078.946972,3110.301221,3059.51106,3068.259201,3104.337575,4874941417
2013-02-22,3068.829527,3109.929763,3054.27462,3062.950903,3066.766452,3987663675
2013-02-23,3084.806339,3115.528562,3035.54258,3066.042426,3106.794019,3860809242
2013-02-24,3114.272792,3115.271937,3060.854876,3068.877821,3091.573402,4597753842
2013-02-25,3093.325548,3101.293526,3056.410882,3081.569475,3090.537992,5033046218
2013-02-26,3100.444585,3104.191173,3064.590091,3081.995126,3090.831727,3292338626
2013-02-27,3103.055418,3118.427022,3085.208727,3102.408071,3104.370099,3521962193
2013-02-28,3106.083181,3118.030872,3047.045917,3054.72915,3091.868926,3447088801
2013-03-01,3126.605862,3143.963016,3068.87432,3088.010986,3090.029509,3781718322
2013-03-02,3091.305131,3103.307485,3047.255183,3087.000571,3091.376862,4205679579
2013-03-03,3091.760703,3102.238805,3048.107577,3051.263629,3094.18073,3741021173
2013-03-04,3107.756881,3112.963913,3018.806798,3049.616949,3087.873927,2940139712
2013-03-05,3096.324903,3103.988992,3053.505386,3070.91085,3078.979827,4034263200
2013-03-06,3097.53652,3122.237383,3047.733184,3062.971549,3104.05588,3142807015
2013-03-07,3078.071466,3118.08346,3073.599049,3096.756649,3115.470281,4799176019
2013-03-08,3072.797734,3140.501283,3058.637017,3074.02023,3119.918704,3100116683
2013-03-09,3099.253547,3115.474313,3043.530324,3076.723396,3102.542135,4320992995
2013-03-10,3088.705827,3136.093929,3070.90926,3081.426926,3093.081802,3803490428
2013-03-11,3116.966352,3128.954127,3053.401904,3104.666292,3105.688186,2358808041
2013-03-12,3085.917213,3124.277948,3072.197685,3107.662715,3115.179897,2098678918
2013-03-13,3097.965419,3089.632516,3071.995511,3079.270688,3087.427057,3737356065
2013-03-14,3086.696738,3123.261003,3073.222666,3096.321615,3106.944428,4514744408
2013-03-15,3095.510797,3119.478508,3054.731715,3073.985134,3108.364408,4304225767
2013-03-16,3117.114297,3125.253695,3057.168564,3062.091084,3115.253347,4217888569
2013-03-17,3101.82734,3130.445971,3065.907914,3092.001117,3104.558762,3328719182
2013-03-18,3087.232794,3110.907848,3076.342196,3081.295791,3094.293499,3989816608
2013-03-19,3092.398599,3108.407294,3057.665513,3074.263087,3092.246557,4460988125
2013-03-20,3085.332507,3127.82305,3071.797538,3073.175463,3098.713241,4683141014
2013-03-21,3128.55069,3132.552724,3071.026734,3086.089943,3092.121177,3491510669
2013-03-22,3103.782774,3121.338242,3068.075275,3088.416689,3092.97717,3327077417
2013-03-23,3093.749487,3127.445737,3063.778559,3084.65223,3110.238488,3178130308
2013-03-24,3094.667557,3107.719454,3041.756136,3075.076097,3085.546909,3673368336
2013-03-25,3106.248627,3113.432355,3069.466399,3084.7164,3098.377441,3181824618
2013-03-26,3091.048776,3119.277887,3085.719394,3086.019859,3104.356688,4523826293
2013-03-27,3079.269059,3122.889832,3074.570336,3077.236555,3100.46743,3629090744
2013-03-28,3116.660878,3128.530544,3077.1473,3086.590256,3105.121848,3813196107
2013-03-29,3093.045735,3125.613026,3059.793562,3061.206945,3116.307648,3844045660
2013-03-30,3099.445004,3103.405106,3063.276431,3067.826583,3087.663453,3336799575
2013-03-31,3098.204634,3115.289609,3073.727507,3091.682355,3093.075964,3972861039
2013-04-01,3110.505432,3134.361209,3035.002911,3085.245757,3127.031031,3542861113
2013-04-02,3083.049854,3115.088707,3038.958384,3058.570173,3066.143022,3885673883
2013-04-03,3123.258558,3151.129053,3082.792081,3093.581831,3143.096198,2956714790
2013-04-04,3098.743699,3145.125017,3078.22973,3096.622217,3096.818713,3668927679
2013-04-05,3122.846983,3137.160576,3076.90091,3081.710656,3087.894012,5085196205
2013-04-06,3083.753148,3108.279484,3069.100916,3095.08511,3104.338395,4196535539
2013-04-07,3115.417188,3124.08136,3062.802799,3075.600045,3086.262953,3866024616
2013-04-08,3113.749564,3126.122362,3040.302066,3060.727886,3117.703687,2712159998
2013-04-09,3095.965367,3107.034719,3072.417773,3072.620197,3091.555107,4487315313
2013-04-10,3107.916321,3144.914574,3056.330328,3093.835073,3103.932785,2963505342
2013-04-11,3105.919033,3128.413629,3081.18991,3082.231976,3114.223123,3627997122
2013-04-12,3119.022986,3129.024717,3064.089834,3090.389903,3096.649287,3272442411
2013-04-13,3115.931559,3122.40115,3077.512143,3094.258076,3117.639095,4430076999
2013-04-14,3099.968541,3144.305286,3066.240891,3092.137943,3103.161356,3440224375
2013-04-15,3108.872479,3109.762308,3046.825901,3091.400735,3097.438081,2157542283
2013-04-16,3100.930935,3119.622695,3050.850326,3060.003775,3079.952038,3567045789
2013-04-17,3109.550219,3143.420988,3060.83689,3073.530462,3100.312168,4667904560
2013-04-18,3124.883012,3131.177266,3085.493298,3124.866313,3127.633275,3014658348
2013-04-19,3105.819643,3124.913724,3076.57418,3111.893657,3121.736858,3913224750
2013-04-20,3104.503359,3122.621774,3069.481918,3074.400934,3096.634645,3738750161
2013-04-21,3120.701761,3135.623671,3054.257931,3098.004227,3102.91886,3146491639
2013-04-22,3094.589377,3101.719389,3076.425144,3078.854259,3082.566788,4161067888
2013-04-23,3109.337112,3128.354588,3078.009939,3085.663486,3123.956898,3992724954
2013-04-24,3095.2518,3151.947927,3085.769553,3105.507354,3121.413289,3648106973
2013-04-25,3132.693815,3143.525196,3054.492359,3087.225892,3107.476898,5116988839
2013-04-26,3090.119795,3108.004965,3074.845395,3085.131374,3095.079107,4518151644
2013-04-27,3106.352297,3143.90332,3067.409402,3085.353347,3095.620763,3961616406
2013-04-28,3120.825415,3153.628266,3084.341033,3096.638444,3102.477175,3637117483
2013-04-29,3099.38929,3147.428136,3075.054839,3081.503842,3117.546469,3938194317
2013-04-30,3110.585465,3117.271062,3096.048922,3098.87141,3114.821559,3454943626
2013-05-01,3104.094929,3106.26725,3074.914794,3093.209209,3102.235445,3838073331
2013-05-02,3146.871691,3149.114453,3049.596106,3091.943161,3118.536909,3025184981
2013-05-03,3118.348953,3135.153586,3053.228371,3108.712657,3110.531387,3565644030
2013-05-04,3132.53458,3140.357322,3077.048729,3085.905303,3108.646996,4526842889
2013-05-05,3129.654867,3145.134295,3087.558311,3088.257865,3123.173131,4106922224
2013-05-06,3108.842289,3126.506416,3086.446586,3101.447445,3108.921078,2040252914
2013-05-07,3116.537667,3124.327813,3086.822955,3118.435053,3120.93132,3589147557
2013-05-08,3123.741137,3154.076462,3084.292746,3090.082041,3151.850452,3153367827
2013-05-09,3108.60268,3147.99777,3089.341037,3109.285125,3128.922546,3201012694
2013-05-10,3120.793083,3134.973307,3051.356581,3111.736566,3125.060405,4159978567
2013-05-11,3096.205727,3119.595202,3072.940657,3095.978437,3116.718449,2373578210
2013-05-12,3121.874129,3153.868509,3110.001326,3111.041282,3113.233855,3415708591
2013-05-13,3118.504594,3128.509923,3059.806792,3068.044367,3106.386583,3602125368
2013-05-14,3111.165665,3121.852677,3060.143609,3090.966209,3108.232285,3885385146
2013-05-15,3120.386015,3143.7989,3084.944731,3093.29963,3111.313099,4557828378
2013-05-16,3111.868923,3143.652308,3074.948802,3101.114994,3120.524533,4263269482
2013-05-17,3111.232722,3149.632024,3086.898787,3095.264112,3107.388182,3382994234
2013-05-18,3109.197013,3116.119354,3078.748034,3102.569469,3113.504498,4673965195
2013-05-19,3120.819195,3132.735524,3098.238705,3104.971637,3114.864339,3028052403
2013-05-20,3138.129034,3152.895241,3090.895744,3096.472159,3100.788223,3815810585
2013-05-21,3122.275236,3148.501554,3072.199239,3097.450043,3115.662809,4516985584
2013-05-22,3122.786602,3128.304294,3063.807903,3087.619705,3104.891172,3815536594
2013-05-23,3129.967089,3158.048077,3095.645799,3123.87208,3131.918167,3842371105
2013-05-24,3120.630684,3141.046004,3082.003928,3106.466407,3106.521343,2865475173
2013-05-25,3117.516565,3151.937884,3087.897207,3133.648924,3141.544521,3927908148
2013-05-26,3134.562048,3139.687535,3084.678342,3093.212749,3119.143831,3652964000
2013-05-27,3116.667545,3161.445586,3070.418757,3086.318297,3097.34129,5395001474
2013-05-28,3108.067458,3160.162151,3096.785279,3121.593489,3132.702182,2742157131
2013-05-29,3135.693977,3133.863298,3113.476961,3125.419366,3127.151039,2883146888
2013-05-30,3134.97114,3139.563083,3096.308927,3117.995725,3137.964378,4281690177
2013-05-31,3100.837203,3135.268348,3097.596976,3104.911665,3121.494771,2145089319
2013-06-01,3109.969333,3144.67021,3082.760471,3116.000813,3127.651054,3889205423
2013-06-02,3114.263036,3127.396381,3094.504187,3106.139214,3121.700778,4037941989
2013-06-03,3133.001985,3146.781321,3099.803817,3115.584627,3129.001167,4577609298
2013-06-04,3125.950759,3147.223403,3089.614677,3089.728025,3131.082977,4330862311
2013-06-05,3149.979374,3153.630488,3088.599175,3089.534888,3106.006856,3102392252
2013-06-06,3119.866516,3147.085538,3105.140512,3110.178292,3121.416861,3884746103
2013-06-07,3116.751773,3168.878898,3112.412132,3116.48816,3160.667289,3562290372
2013-06-08,3103.865519,3130.833988,3081.532396,3086.206977,3104.331363,2948978003
2013-06-09,3131.55611,3157.141662,3097.95919,3115.37551,3145.991462,4280558947
2013-06-10,3133.018615,3154.573263,3085.886546,3088.723756,3135.963465,3992875515
2013-06-11,3125.2898,3153.435296,3085.391788,3103.654856,3107.284559,2729815644
2013-06-12,3121.953406,3163.372353,3105.363654,3123.337543,3138.153335,4162835288
2013-06-13,3116.841303,3133.83369,3103.121791,3111.884729,3127.289435,3968876068
2013-06-14,3154.268257,3171.680832,3112.299312,3134.827599,3152.621677,2979743957
2013-06-15,3130.941234,3153.569389,3108.220414,3115.63674,3141.465101,4308687807
2013-06-16,3137.821733,3156.257383,3081.168148,3102.493515,3112.038135,3995081670
2013-06-17,3139.81494,3140.897057,3104.173125,3118.98995,3140.878984,4011773718
2013-06-18,3122.383531,3160.194539,3076.523441,3110.066072,3133.313325,4093580777
2013-06-19,3126.456597,3152.73469,3109.488375,3119.958481,3136.958271,3341191044
2013-06-20,3132.850191,3153.511798,3107.050968,3124.017576,3136.357972,2167262589
2013-06-21,3119.119003,3173.364136,3087.462741,3114.072147,3129.381652,3781028040
2013-06-22,3139.877029,3141.790309,3087.021144,3114.989417,3127.362464,3947417434
2013-06-23,3134.937928,3143.697914,3096.500729,3117.532329,3128.261408,2926237210
2013-06-24,3127.078173,3161.996612,3070.632413,3122.106215,3145.910979,4193695225
2013-06-25,3141.365018,3160.329002,3079.783799,3117.642338,3141.731497,2967724341
2013-06-26,3126.600132,3168.937333,3073.155405,3105.973439,3163.293949,3449900985
2013-06-27,3123.678577,3143.304257,3104.801217,3108.154285,3133.120265,4280200261
2013-06-28,3126.199351,3164.328267,3111.883238,3120.152401,3128.694463,3469581203
2013-06-29,3119.944824,3151.103645,3115.058717,3132.978874,3136.433162,4284563525
2013-06-30,3107.857269,3174.321813,3087.00888,3136.77614,3161.03636,3564326327
2013-07-01,3155.192949,3156.963169,3104.914073,3118.272109,3123.362468,3771304915
2013-07-02,3143.091967,3163.271433,3109.213496,3118.322674,3139.548355,3142909978
2013-07-03,3148.370865,3179.86163,3076.813598,3099.207786,3125.556095,3726502425
2013-07-04,3123.458505,3147.615276,3112.627566,3124.126218,3129.459623,3878304684
2013-07-05,3165.002375,3165.874203,3099.527179,3117.909665,3155.661251,3807315223
2013-07-06,3148.484826,3159.037043,3093.492375,3121.582399,3153.405659,5295465581
2013-07-07,3130.566735,3157.565179,3109.83199,3116.549212,3130.340813,2745072883
2013-07-08,3166.460649,3182.631846,3089.403945,3097.208989,3164.641581,3629229350
2013-07-09,3147.00749,3157.828645,3103.808799,3115.45531,3133.360012,3379632410
2013-07-10,3137.610818,3156.363413,3128.333432,3129.730834,3135.480735,4047040207
2013-07-11,3141.518708,3166.489161,3077.900942,3090.980408,3144.326484,4087923989
2013-07-12,3136.31279,3153.927215,3097.142733,3140.603383,3140.95714,3802661826
2013-07-13,3123.250606,3153.287849,3097.241876,3110.314528,3148.540432,2793139614
2013-07-14,3143.559097,3160.408344,3091.782693,3149.123066,3149.479581,3095877664
2013-07-15,3124.827629,3138.756231,3088.13777,3098.174935,3133.828406,4203984413
2013-07-16,3146.801245,3149.391849,3068.040121,3097.745178,3112.979168,2832255415
2013-07-17,3125.423247,3167.942085,3095.901633,3108.967886,3124.400606,3751472953
2013-07-18,3138.898922,3159.138006,3104.715171,3105.49903,3148.273871,3829055936
2013-07-19,3149.277685,3190.164443,3124.967754,3126.816127,3176.765854,3344732602
2013-07-20,3143.383434,3168.799008,3094.872079,3154.632497,3164.059191,3220857352
2013-07-21,3151.3004,3157.474843,3115.873338,3138.806285,3152.306183,4327318407
2013-07-22,3137.089204,3179.044862,3074.131205,3123.113891,3158.205567,2827965246
2013-07-23,3130.984646,3159.331612,3097.900631,3129.407832,3139.064869,4014439631
2013-07-24,3132.680459,3141.442937,3106.673463,3113.417638,3140.81657,4199049686
2013-07-25,3141.338211,3152.888896,3103.061285,3132.236682,3151.756488,2961021738
2013-07-26,3128.117407,3157.597026,3086.488262,3107.746056,3135.649602,4864274810
2013-07-27,3113.602182,3133.30972,3090.124806,3108.983647,3125.701829,3667225643
2013-07-28,3142.439303,3174.035942,3125.53358,3146.034827,3154.762773,3605236235
2013-07-29,3153.695547,3160.995047,3103.328101,3125.478941,3139.731954,4003609681
2013-07-30,3138.612434,3188.262775,3135.861911,3135.882981,3146.996095,3539882404
2013-07-31,3158.937279,3172.774531,3071.779796,3112.832837,3129.999736,3467088632
2013-08-01,3167.00921,3168.528231,3082.016458,3088.754968,3133.151512,4125763542
2013-08-02,3128.270303,3164.533831,3114.783992,3119.498033,3142.293868,2936793094
2013-08-03,3162.244239,3167.840293,3119.886754,3131.186005,3139.826158,3488519726
2013-08-04,3152.588292,3152.816628,3105.316016,3140.988998,3149.191372,3412999586
2013-08-05,3142.118627,3173.607549,3122.8079,3157.182812,3158.276165,3212470450
2013-08-06,3149.178544,3162.597563,3123.717656,3128.273094,3150.996867,3173810517
2013-08-07,3142.0112,3156.973458,3123.059184,3143.139862,3156.866087,4629579720
2013-08-08,3130.676183,3165.118948,3107.908188,3114.891156,3128.312356,4349228323
2013-08-09,3164.803296,3184.968862,3140.189993,3154.172807,3167.860523,3924565850
2013-08-10,3138.419195,3144.489978,3115.897008,3140.499314,3141.574062,3620782509
2013-08-11,3183.141531,3186.368858,3108.787495,3123.286466,3125.589973,4228048281
2013-08-12,3142.775205,3162.571205,3105.83925,3147.119034,3151.075854,4086688559
2013-08-13,3124.324578,3186.04009,3113.608073,3147.601607,3151.508764,3785859914
2013-08-14,3143.760547,3148.221092,3098.435603,3141.1154,3146.433549,4274979213
2013-08-15,3171.885632,3168.307929,3119.609499,3135.077387,3138.35298,3315638063
2013-08-16,3163.41108,3173.126295,3113.570686,3137.926697,3168.360689,4418670500
2013-08-17,3142.360766,3175.424338,3099.750334,3154.233497,3156.525567,4907654511
2013-08-18,3142.851201,3168.011512,3120.910664,3129.699636,3136.232536,4008196012
2013-08-19,3157.424032,3172.816333,3145.242526,3145.782593,3161.321872,3800513879
2013-08-20,3150.725859,3184.327801,3111.567889,3150.984339,3163.53482,4904747554
2013-08-21,3137.092713,3173.227067,3109.662683,3126.660153,3140.726326,3754423514
2013-08-22,3157.316262,3162.679327,3124.18852,3139.09944,3147.339931,4919075893
2013-08-23,3146.398533,3169.770086,3097.425228,3134.703283,3167.306829,3182456268
2013-08-24,3123.785045,3182.911977,3079.104389,3151.302885,3154.869941,2943263056
2013-08-25,3165.315844,3169.863433,3099.364665,3150.451394,3158.679537,4369433272
2013-08-26,3166.047149,3172.786995,3133.270323,3136.30933,3151.352335,3969780901
2013-08-27,3134.15071,3179.583163,3118.708554,3119.005481,3130.389661,3397540569
2013-08-28,3163.14267,3201.174264,3113.45546,3144.731907,3150.015374,5342513617
2013-08-29,3159.351395,3172.194773,3139.064344,3151.773868,3159.714861,3677507867
2013-08-30,3123.487249,3175.854845,3090.339162,3148.107789,3159.447922,4148974953
2013-08-31,3153.724289,3177.037884,3134.707843,3160.278382,3171.783672,3624688698
2013-09-01,3150.702144,3187.893455,3123.106454,3141.129576,3152.066491,4455642996
2013-09-02,3157.271497,3198.936216,3131.015522,3160.864475,3172.242764,4824493283
2013-09-03,3150.151558,3170.035858,3137.219117,3147.425925,3162.163208,2690520317
2013-09-04,3150.525974,3179.176845,3126.33461,3129.933064,3168.08595,5079591900
2013-09-05,3141.379114,3199.575096,3113.810573,3119.308743,3142.843646,4689928915
2013-09-06,3157.38563,3164.481954,3129.725058,3138.650855,3159.179138,4221847390
2013-09-07,3158.519746,3183.959536,3127.625479,3155.776674,3159.334886,4437513334
2013-09-08,3151.986322,3162.521357,3144.65973,3151.884992,3154.46885,4550177631
2013-09-09,3168.807928,3181.845315,3107.584144,3113.300372,3174.007029,2811668209
2013-09-10,3155.677332,3180.843819,3133.103613,3160.117154,3170.934584,4050186763
2013-09-11,3145.938507,3165.141671,3100.761159,3147.497562,3152.108578,4181279367
2013-09-12,3160.564355,3179.838284,3122.139572,3150.967044,3175.410846,5543370933
2013-09-13,3151.14034,3166.106949,3092.359328,3137.522499,3144.569668,3423505186
2013-09-14,3169.374037,3202.547969,3131.056796,3143.743226,3151.362279,4267418998
2013-09-15,3136.116886,3173.837876,3121.188426,3133.308594,3158.947688,3353744996
2013-09-16,3168.138624,3195.049598,3132.886061,3149.424696,3179.092813,3796700114
2013-09-17,3168.199602,3191.098637,3130.579795,3145.340388,3160.615403,4824355627
2013-09-18,3170.586802,3176.816152,3130.388718,3143.469413,3146.962015,4081543779
2013-09-19,3166.751917,3176.365806,3117.033638,3132.899385,3135.189952,3653096204
2013-09-20,3160.570888,3199.063846,3136.707167,3155.658658,3178.368862,4121386442
2013-09-21,3170.677256,3181.277508,3127.220685,3132.318078,3157.527949,4807699631
2013-09-22,3152.571194,3160.931662,3129.192329,3133.737961,3157.940743,4626011516
2013-09-23,3153.220258,3186.018558,3127.873453,3139.654075,3165.767673,4379777995
2013-09-24,3165.25208,3171.816932,3146.164063,3159.891815,3170.908961,3216888100
2013-09-25,3168.473573,3180.75673,3135.589286,3146.12163,3166.990386,4757038944
2013-09-26,3138.840238,3177.933232,3111.270543,3130.741492,3150.47586,3643752531
2013-09-27,3182.217993,3188.476874,3115.911716,3156.0788,3165.938517,4489971872
2013-09-28,3180.169499,3197.381457,3115.413174,3160.056129,3185.840515,3517132810
2013-09-29,3153.737977,3172.380249,3108.878098,3156.321092,3160.251832,3643855739
2013-09-30,3155.14267,3182.677274,3154.863684,3168.663365,3171.164194,4995677448
2013-10-01,3173.541689,3196.931992,3092.118469,3137.179792,3151.885986,3934749321
2013-10-02,3163.4656,3180.230259,3126.588275,3128.871114,3142.825086,3719867211
2013-10-03,3149.395423,3192.146905,3142.8182,3153.81737,3169.36703,5535141587
2013-10-04,3174.78142,3195.687988,3140.735275,3140.919126,3166.821751,2989650117
2013-10-05,3163.175831,3194.775917,3149.10644,3179.074146,3187.951805,3632453444
2013-10-06,3172.303099,3190.358287,3111.951987,3148.862281,3165.131582,3810174806
2013-10-07,3167.383668,3189.943974,3136.125439,3150.371738,3169.73722,4009978918
2013-10-08,3175.237294,3169.123785,3133.333592,3159.592806,3160.862698,3230194905
2013-10-09,3144.311754,3170.875739,3122.396644,3123.46264,3138.830566,3775056430
2013-10-10,3179.526135,3192.696584,3115.216234,3173.922309,3177.837417,2956569584
2013-10-11,3172.18637,3203.670726,3149.333768,3174.240485,3179.876152,4588265547
2013-10-12,3167.031834,3173.371412,3149.53513,3172.766879,3173.201937,3380269435
2013-10-13,3170.215123,3203.891345,3126.597558,3137.523636,3142.920077,4351786033
2013-10-14,3159.422235,3166.665146,3113.778428,3150.293567,3154.605238,4681885931
2013-10-15,3167.676531,3184.605199,3141.880196,3148.680995,3182.819401,5547812008
2013-10-16,3134.346238,3178.987479,3132.702001,3161.816563,3167.013878,4054656646
2013-10-17,3151.166984,3166.436352,3136.534414,3145.031458,3158.88438,4639561216
2013-10-18,3167.909582,3194.033081,3107.215232,3133.479834,3175.935672,3434645436
2013-10-19,3152.859989,3196.4956,3118.584075,3161.667076,3166.540022,3958164798
2013-10-20,3173.109058,3197.316679,3141.081603,3145.855209,3174.071681,4582388477
2013-10-21,3175.007588,3181.378212,3124.755403,3153.463129,3166.307158,4495031558
2013-10-22,3177.436491,3181.867613,3138.28162,3142.699418,3153.412735,3626641473
2013-10-23,3153.546817,3199.213807,3132.364664,3161.315393,3166.819633,4648609893
2013-10-24,3203.121137,3229.50764,3126.503273,3136.255072,3154.577781,2681858201
2013-10-25,3170.113704,3172.873722,3122.352233,3156.924767,3169.377639,4233554199
2013-10-26,3192.257894,3193.550839,3126.375061,3133.732062,3150.011323,4053733929
2013-10-27,3163.47075,3178.618348,3138.659623,3145.158446,3152.973221,5233321608
2013-10-28,3177.457704,3218.338925,3119.755828,3169.963501,3170.362034,3912899501
2013-10-29,3178.198366,3178.476813,3147.580233,3150.331723,3157.969805,3506358005
2013-10-30,3190.727039,3195.025556,3164.337485,3174.920055,3181.495413,4685576599
2013-10-31,3162.521317,3208.248199,3139.976002,3141.98895,3157.998332,4575097638
2013-11-01,3142.549994,3204.632299,3138.578938,3152.904704,3194.759553,2432240187
2013-11-02,3168.808994,3198.786636,3120.797089,3136.019711,3189.109835,3974004994
2013-11-03,3175.625141,3193.646335,3146.850898,3148.176526,3179.226997,5061732223
2013-11-04,3166.406968,3183.641606,3152.287031,3160.592956,3161.152458,4006442762
2013-11-05,3159.764382,3198.724986,3150.280034,3176.980259,3187.681446,3565443627
2013-11-06,3162.132354,3192.904536,3142.09292,3147.930332,3178.54089,5000409406
2013-11-07,3156.371608,3191.480129,3151.728896,3153.219328,3181.740036,4066759821
2013-11-08,3193.965387,3205.133396,3157.25449,3167.843041,3172.887375,3393364194
2013-11-09,3187.310814,3199.923091,3142.129146,3190.937858,3193.9396,3660184097
2013-11-10,3160.813017,3191.744701,3137.685255,3137.693659,3178.967137,4071385801
2013-11-11,3168.184943,3197.572941,3137.054226,3159.256776,3187.420806,4022146744
2013-11-12,3185.202062,3201.600426,3148.572067,3165.799986,3194.589716,4216479628
2013-11-13,3177.097315,3216.980373,3131.991512,3154.76414,3162.109468,3564444136
2013-11-14,3211.552298,3216.472408,3150.722652,3168.053805,3169.065236,5185411293
2013-11-15,3166.615175,3190.372817,3142.793203,3155.478902,3189.046685,4149410718
2013-11-16,3173.862258,3204.307616,3161.096424,3164.364554,3200.01283,4511000693
2013-11-17,3208.219211,3223.032426,3151.062534,3166.214343,3172.054049,3676956467
2013-11-18,3165.768682,3192.950047,3142.928228,3143.667491,3172.266579,3720903219
2013-11-19,3183.659758,3186.763581,3157.734384,3183.81582,3184.27074,4349250064
2013-11-20,3194.458065,3216.073964,3149.719347,3179.41677,3193.327175,4057362544
2013-11-21,3171.68136,3202.111569,3160.498704,3176.160526,3187.250248,4411222350
2013-11-22,3185.42009,3215.089528,3158.645807,3165.489357,3168.387686,3911043443
2013-11-23,3201.031044,3202.806891,3142.093552,3162.812584,3181.565765,4588544798
2013-11-24,3197.454249,3221.029172,3160.069218,3194.194137,3212.161387,2983493523
2013-11-25,3193.995977,3228.527284,3150.887999,3196.753049,3198.662844,4380829212
2013-11-26,3168.281286,3191.850627,3141.936391,3157.501505,3186.621298,4587400345
2013-11-27,3190.713283,3199.781372,3142.722906,3168.16651,3182.787828,2945950866
2013-11-28,3184.857732,3189.842642,3149.470775,3152.670605,3167.379676,3876201012
2013-11-29,3193.699138,3207.304743,3153.062686,3168.269307,3196.017621,4271396391
2013-11-30,3187.387055,3195.785364,3152.74675,3180.055127,3195.660781,4922086011
2013-12-01,3204.083619,3209.23798,3132.81398,3181.271627,3203.53357,4105037991
2013-12-02,3170.387084,3205.251831,3158.561788,3158.730002,3169.069556,4421982134
2013-12-03,3196.01172,3196.652294,3165.320189,3172.988614,3193.992506,2598931748
2013-12-04,3185.546381,3205.755438,3170.023828,3176.725167,3201.082348,3932070753
2013-12-05,3157.948371,3215.292587,3139.341289,3179.779156,3189.976233,4436119615
2013-12-06,3187.359052,3166.934054,3160.183806,3163.222691,3163.400744,4027113027
2013-12-07,3183.388007,3211.762084,3149.047631,3196.794276,3205.819599,3527326498
2013-12-08,3187.607676,3207.600335,3165.626594,3189.052385,3191.31118,4082907589
2013-12-09,3197.099959,3203.211224,3147.912276,3178.294278,3180.249013,4402175635
2013-12-10,3191.354862,3204.349646,3135.510852,3172.493122,3194.88083,3724925002
2013-12-11,3185.383551,3193.959339,3163.312562,3186.937476,3188.926581,3639493118
2013-12-12,3182.48019,3218.168288,3153.850632,3166.346223,3186.942163,3804854277
2013-12-13,3188.529354,3228.21833,3144.848733,3148.905419,3210.689008,3986393560
2013-12-14,3215.217434,3234.734732,3151.401395,3183.52244,3190.383494,3543551335
2013-12-15,3170.625398,3215.917705,3144.36154,3176.264102,3204.799894,4038502288
2013-12-16,3182.249204,3201.028424,3154.264416,3167.062998,3182.617878,3790408941
2013-12-17,3204.827538,3205.389765,3178.535834,3188.18813,3195.876095,4225828156
2013-12-18,3187.541834,3194.958689,3149.215415,3165.64541,3169.189622,3731562248
2013-12-19,3204.714408,3206.198487,3155.135019,3155.343181,3204.554333,3459778700
2013-12-20,3223.396455,3235.199764,3122.858257,3160.991715,3213.876817,3999845938
2013-12-21,3199.164674,3212.09669,3170.413303,3174.749822,3176.579888,4470453204
2013-12-22,3201.718129,3217.833019,3134.914891,3183.392295,3209.704646,4591555982
2013-12-23,3208.832332,3215.529158,3183.420472,3185.178331,3211.812778,2654179148
2013-12-24,3186.259882,3228.452133,3152.278824,3177.790396,3201.583154,4045108748
