pickup,dropoff,passengers,distance,fare,tip,tolls,total,color,payment,pickup_zone,dropoff_zone,pickup_borough,dropoff_borough
2019-03-27 14:59:53,2019-03-27 15:16:31,1,1.39,12.26,2.67,0.0,14.6,yellow,credit card,Midtown Center,Woodside,Manhattan,Queens
2019-03-23 02:49:55,2019-03-23 03:04:15,1,1.18,8.6,1.76,0.1,25.71,yellow,credit card,Fort Greene,Canarsie,Brooklyn,Brooklyn
2019-03-12 07:42:49,2019-03-12 07:57:51,1,1.37,25.16,10.55,1.04,36.6,yellow,cash,Jackson Heights,Astoria,Queens,Queens
2019-03-27 01:00:53,2019-03-27 01:13:33,1,8.27,42.02,0.14,1.24,51.0,yellow,credit card,Old Astoria,Gramercy,Queens,Manhattan
2019-03-27 16:13:03,2019-03-27 16:27:36,1,19.32,17.67,0.68,0.16,32.0,yellow,cash,LaGuardia Airport,Springfield Gardens South,Queens,Queens
2019-03-06 22:02:21,2019-03-06 22:17:15,1,1.75,5.9,1.75,0.22,43.41,yellow,credit card,Battery Park City,Old Astoria,Manhattan,Queens
2019-03-25 11:36:25,2019-03-25 11:52:42,3,5.73,8.2,0.09,0.45,13.34,yellow,cash,Bushwick South,Williamsburg (North Side),Brooklyn,Brooklyn
2019-03-30 22:19:19,2019-03-30 22:34:48,3,3.87,8.3,2.25,0.07,28.44,yellow,credit card,Meatpacking/West Village West,Bedford Park,Manhattan,Bronx
2019-03-05 00:25:16,2019-03-05 00:39:19,1,0.05,3.1,1.3,0.22,10.82,yellow,cash,Upper West Side North,Springfield Gardens South,Manhattan,Queens
2019-03-20 07:26:16,2019-03-20 07:41:49,1,0.78,4.32,0.01,0.02,6.0,yellow,credit card,Greenwich Village North,Bath Beach,Manhattan,Brooklyn
2019-03-08 00:35:39,2019-03-08 00:47:59,1,2.44,8.83,4.72,0.15,10.5,yellow,cash,Midtown North,Howard Beach,Manhattan,Queens
2019-02-28 20:38:11,2019-02-28 20:51:23,2,0.63,17.5,8.04,0.12,19.6,yellow,credit card,Midtown East,Kew Gardens,Manhattan,Queens
2019-03-01 02:24:13,2019-03-01 02:35:47,6,1.73,7.36,2.56,0.09,10.5,yellow,cash,West Village,Sheepshead Bay,Manhattan,Brooklyn
2019-03-28 13:13:19,2019-03-28 13:27:04,1,1.28,5.74,0.33,1.44,37.2,yellow,credit card,Jackson Heights,Madison,Queens,Brooklyn
2019-03-06 06:20:49,2019-03-06 06:36:42,2,0.07,6.4,1.35,0.15,15.59,yellow,cash,Yorkville West,Queensboro Hill,Manhattan,Queens
2019-03-14 07:58:16,2019-03-14 08:12:18,1,0.16,8.7,0.43,0.17,14.76,yellow,credit card,Morningside Heights,Clinton Hill,Manhattan,Brooklyn
2019-03-05 15:13:17,2019-03-05 15:26:50,1,4.62,5.29,0.7,0.48,29.0,yellow,cash,LaGuardia Airport,Starrett City,Queens,Brooklyn
2019-03-07 17:30:32,2019-03-07 17:45:47,3,0.13,8.5,5.38,0.05,24.54,yellow,credit card,Battery Park City,Gowanus,Manhattan,Brooklyn
2019-02-28 04:29:52,2019-02-28 04:44:00,1,0.33,17.59,1.56,0.08,34.6,yellow,cash,SoHo,Midwood,Manhattan,Brooklyn
2019-03-13 23:13:38,2019-03-13 23:27:06,1,5.31,10.3,0.28,0.07,15.3,yellow,credit card,Penn Station/Madison Sq West,Whitestone,Manhattan,Queens
2019-03-24 00:23:10,2019-03-24 00:38:17,1,2.0,13.93,2.92,0.2,15.9,yellow,cash,Flatiron,Greenwich Village South,Manhattan,Manhattan
2019-03-01 12:23:12,2019-03-01 12:36:27,1,6.1,15.1,9.27,1.66,27.59,yellow,credit card,Kew Gardens,East Chelsea,Queens,Manhattan
2019-03-14 08:58:02,2019-03-14 09:13:46,1,0.84,16.9,0.37,0.2,79.67,yellow,cash,Lincoln Square East,Brownsville,Manhattan,Brooklyn
2019-03-09 07:59:32,2019-03-09 08:12:19,3,3.33,10.0,4.34,0.04,29.65,yellow,credit card,Upper East Side North,Astoria,Manhattan,Queens
2019-03-20 04:48:47,2019-03-20 05:03:35,2,9.91,10.5,5.59,1.58,87.01,yellow,cash,Steinway,Lenox Hill West,Queens,Manhattan
2019-03-23 14:02:10,2019-03-23 14:18:14,1,4.58,14.52,3.79,0.73,40.0,yellow,credit card,Steinway,Oakland Gardens,Queens,Queens
2019-03-07 00:20:26,2019-03-07 00:31:44,2,4.62,5.8,0.89,0.24,10.14,yellow,cash,West Chelsea/Hudson Yards,Chinatown,Manhattan,Manhattan
2019-03-02 04:40:10,2019-03-02 04:58:16,1,2.26,9.4,0.59,0.23,14.8,yellow,credit card,Yorkville West,Boerum Hill,Manhattan,Brooklyn
2019-03-23 22:10:10,2019-03-23 22:24:34,1,1.15,15.1,1.7,0.11,17.28,yellow,cash,Clinton East,Manhattan Beach,Manhattan,Brooklyn
2019-03-08 02:24:56,2019-03-08 02:39:18,1,17.94,6.35,0.18,0.09,19.1,yellow,credit card,Washington Heights South,Union Sq,Manhattan,Manhattan
2019-03-18 02:55:50,2019-03-18 03:11:02,3,7.56,12.4,0.89,0.75,39.23,yellow,cash,JFK Airport,Murray Hill,Queens,Manhattan
2019-03-11 13:54:42,2019-03-11 14:09:48,1,0.22,9.0,2.86,0.05,13.21,yellow,credit card,Union Sq,Bloomingdale,Manhattan,Manhattan
2019-03-01 18:41:57,2019-03-01 18:56:53,3,3.6,5.1,3.39,0.22,23.24,yellow,cash,East Village,Flushing,Manhattan,Queens
2019-03-07 12:16:23,2019-03-07 12:28:44,1,3.98,10.78,0.95,0.3,24.6,yellow,credit card,Greenwich Village North,World Trade Center,Manhattan,Manhattan
2019-03-24 10:33:57,2019-03-24 10:47:16,1,7.07,24.0,0.98,0.27,24.68,yellow,cash,LaGuardia Airport,Williamsburg (North Side),Queens,Brooklyn
2019-03-22 08:04:46,2019-03-22 08:18:32,1,0.62,7.4,0.64,0.06,14.33,yellow,credit card,Sutton Place/Turtle Bay North,Midtown South,Manhattan,Manhattan
2019-03-23 18:56:47,2019-03-23 19:10:04,3,3.79,7.1,1.17,0.04,14.17,yellow,cash,South Williamsburg,Flatiron,Brooklyn,Manhattan
2019-03-02 02:23:51,2019-03-02 02:38:52,2,1.27,7.5,0.59,0.52,13.99,yellow,credit card,East Chelsea,Melrose South,Manhattan,Bronx
2019-03-07 17:40:14,2019-03-07 17:53:25,1,0.34,16.8,0.18,0.26,30.1,yellow,cash,Downtown Brooklyn/MetroTech,Bayside,Brooklyn,Queens
2019-03-09 15:00:36,2019-03-09 15:13:45,1,1.8,5.6,1.2,0.14,9.03,yellow,credit card,Yorkville East,Midtown North,Manhattan,Manhattan
2019-03-14 04:35:11,2019-03-14 04:48:49,1,5.58,13.41,0.33,0.12,17.7,yellow,cash,East New York,Bushwick South,Brooklyn,Brooklyn
2019-03-21 14:02:25,2019-03-21 14:18:08,1,1.98,2.8,1.23,0.5,13.57,yellow,credit card,Upper West Side South,Hamilton Heights,Manhattan,Manhattan
2019-03-27 17:39:16,2019-03-27 17:54:19,1,2.18,10.5,1.49,0.14,24.66,yellow,cash,Murray Hill,Inwood,Manhattan,Manhattan
2019-03-21 10:36:06,2019-03-21 10:52:01,1,9.29,15.71,2.12,0.07,22.9,yellow,credit card,West Village,East New York,Manhattan,Brooklyn
2019-03-16 20:03:42,2019-03-16 20:16:02,1,3.13,7.39,6.4,0.03,27.54,yellow,cash,Midtown East,Homecrest,Manhattan,Brooklyn
2019-03-29 17:42:05,2019-03-29 17:55:15,1,8.1,10.6,0.6,0.07,17.14,yellow,credit card,Garment District,Bedford,Manhattan,Brooklyn
2019-03-09 14:26:37,2019-03-09 14:40:06,1,0.74,7.5,5.9,0.02,27.33,yellow,cash,Midtown East,West Brighton,Manhattan,Staten Island
2019-03-26 18:44:53,2019-03-26 18:59:51,1,0.54,11.8,0.07,0.12,16.22,yellow,credit card,Midtown Center,Greenwich Village South,Manhattan,Manhattan
2019-03-06 12:04:53,2019-03-06 12:19:37,1,0.72,3.85,0.3,0.16,14.4,yellow,cash,Yorkville East,Queensbridge/Ravenswood,Manhattan,Queens
2019-03-22 20:22:15,2019-03-22 20:36:30,1,2.66,7.18,0.1,0.04,7.3,yellow,credit card,Greenwich Village South,Springfield Gardens South,Manhattan,Queens
2019-03-25 02:59:53,2019-03-25 03:13:22,1,0.2,12.59,1.22,0.13,12.6,yellow,cash,Midtown East,Howard Beach,Manhattan,Queens
2019-03-29 02:18:12,2019-03-29 02:31:53,1,1.51,4.7,0.49,0.02,75.23,yellow,credit card,Woodside,East Flushing,Queens,Queens
2019-03-23 02:31:57,2019-03-23 02:45:15,1,6.0,6.9,3.46,0.12,21.88,yellow,cash,East Harlem South,Parkchester,Manhattan,Bronx
2019-03-14 11:40:35,2019-03-14 11:54:19,1,6.61,6.47,0.1,0.03,61.5,yellow,credit card,Flatbush/Ditmas Park,Westchester Village/Unionport,Brooklyn,Bronx
2019-03-01 05:33:15,2019-03-01 05:47:32,1,10.71,15.6,0.1,0.8,41.63,yellow,cash,Fordham South,Midtown Center,Bronx,Manhattan
2019-03-01 06:00:24,2019-03-01 06:15:57,1,7.52,9.7,2.57,0.04,19.25,yellow,credit card,Midtown South,Middle Village,Manhattan,Queens
2019-03-15 20:46:05,2019-03-15 21:02:38,1,0.71,7.7,0.51,0.22,11.84,yellow,cash,Lenox Hill East,Kew Gardens Hills,Manhattan,Queens
2019-03-17 00:51:15,2019-03-17 01:05:13,1,4.21,6.3,0.6,0.16,24.11,yellow,credit card,Kips Bay,Washington Heights North,Manhattan,Manhattan
2019-03-07 14:44:53,2019-03-07 14:59:54,1,3.13,8.3,0.3,0.02,12.85,yellow,cash,Kips Bay,Marble Hill,Manhattan,Manhattan
2019-03-17 12:13:00,2019-03-17 12:27:13,1,0.8,7.77,4.17,0.21,8.0,yellow,credit card,Midtown Center,Forest Hills,Manhattan,Queens
2019-03-29 13:40:58,2019-03-29 13:52:35,4,2.82,8.5,0.17,0.37,22.07,yellow,cash,Lincoln Square East,Marine Park/Mill Basin,Manhattan,Brooklyn
2019-03-17 02:43:04,2019-03-17 02:58:50,6,10.56,12.66,1.83,0.6,21.5,yellow,credit card,Upper East Side North,West Chelsea/Hudson Yards,Manhattan,Manhattan
2019-03-09 10:14:37,2019-03-09 10:30:13,1,1.81,7.41,5.5,0.25,12.54,yellow,cash,Upper West Side North,East Harlem South,Manhattan,Manhattan
2019-03-28 05:57:42,2019-03-28 06:12:37,2,0.6,4.9,0.41,0.03,19.11,yellow,credit card,Upper West Side North,Bronxdale,Manhattan,Bronx
2019-03-19 15:28:15,2019-03-19 15:43:30,1,0.81,6.7,0.3,0.19,14.35,yellow,cash,Yorkville West,Spuyten Duyvil/Kingsbridge,Manhattan,Bronx
2019-03-08 12:25:03,2019-03-08 12:39:37,1,2.15,21.9,0.63,0.5,34.88,yellow,credit card,Upper East Side North,Stuyvesant Heights,Manhattan,Brooklyn
2019-03-01 07:39:46,2019-03-01 07:56:26,1,3.31,14.0,4.36,0.24,18.2,yellow,cash,Upper West Side North,Forest Hills,Manhattan,Queens
2019-03-24 17:53:29,2019-03-24 18:07:18,4,2.98,16.4,1.91,0.03,20.06,yellow,credit card,Upper East Side South,Central Harlem,Manhattan,Manhattan
2019-03-15 21:47:03,2019-03-15 22:00:34,2,0.53,10.5,0.51,0.13,12.87,yellow,cash,Upper West Side North,Chinatown,Manhattan,Manhattan
2019-03-30 05:03:14,2019-03-30 05:19:13,2,7.78,8.9,0.18,0.01,9.37,yellow,credit card,Pelham Parkway,Manhattan Beach,Bronx,Brooklyn
2019-03-12 09:43:31,2019-03-12 10:00:00,2,0.51,9.0,5.2,0.08,14.84,yellow,cash,Lincoln Square East,Jamaica,Manhattan,Queens
2019-03-19 12:30:13,2019-03-19 12:46:01,5,5.53,6.6,4.38,0.1,23.35,yellow,credit card,SoHo,Bath Beach,Manhattan,Brooklyn
2019-03-08 06:48:31,2019-03-08 07:00:47,1,12.44,15.86,8.87,0.49,19.7,yellow,cash,Astoria,Steinway,Queens,Queens
2019-03-19 21:32:25,2019-03-19 21:43:28,1,1.03,21.1,6.9,1.74,22.51,yellow,credit card,Elmhurst/Maspeth,Two Bridges/Seward Park,Queens,Manhattan
2019-03-16 18:49:27,2019-03-16 19:01:30,2,1.08,7.4,0.26,0.27,13.66,yellow,cash,Midtown East,Clinton West,Manhattan,Manhattan
2019-03-28 03:29:05,2019-03-28 03:42:50,1,1.69,9.9,0.71,0.35,17.04,yellow,credit card,Lincoln Square West,Red Hook,Manhattan,Brooklyn
2019-03-26 14:27:25,2019-03-26 14:43:10,2,0.64,8.5,1.76,0.08,13.01,yellow,cash,Sutton Place/Turtle Bay North,Carroll Gardens,Manhattan,Brooklyn
2019-03-09 01:52:26,2019-03-09 02:07:55,1,3.53,13.2,1.87,0.04,32.62,yellow,credit card,East Harlem North,Midtown North,Manhattan,Manhattan
2019-03-24 18:53:40,2019-03-24 19:09:36,1,2.88,5.61,0.5,0.09,10.6,yellow,cash,Garment District,Chinatown,Manhattan,Manhattan
2019-03-12 03:51:56,2019-03-12 04:04:56,1,5.96,11.47,2.7,0.75,13.0,yellow,credit card,Auburndale,Auburndale,Queens,Queens
2019-03-26 19:36:26,2019-03-26 19:47:59,1,12.76,9.8,0.01,0.59,16.63,yellow,cash,Claremont/Bathgate,Greenwich Village North,Bronx,Manhattan
2019-03-27 06:38:20,2019-03-27 06:52:06,1,2.64,8.9,2.09,0.01,20.35,yellow,credit card,Manhattan Valley,Melrose South,Manhattan,Bronx
2019-03-22 16:09:42,2019-03-22 16:23:18,1,1.42,6.8,0.83,0.13,11.16,yellow,cash,East Harlem South,East Elmhurst,Manhattan,Queens
2019-03-11 09:15:56,2019-03-11 09:31:05,2,1.21,13.6,2.36,0.03,28.23,yellow,credit card,West Chelsea/Hudson Yards,Corona,Manhattan,Queens
2019-03-14 05:38:17,2019-03-14 05:56:06,1,2.45,6.1,1.88,0.08,14.14,yellow,cash,East Village,Upper East Side North,Manhattan,Manhattan
2019-03-04 11:25:30,2019-03-04 11:40:54,2,0.64,4.4,0.79,0.09,7.61,yellow,credit card,Sutton Place/Turtle Bay North,Clinton East,Manhattan,Manhattan
2019-03-19 00:12:53,2019-03-19 00:25:34,2,0.17,15.88,0.82,0.0,20.8,yellow,cash,Upper East Side North,East Flushing,Manhattan,Queens
2019-03-29 03:55:43,2019-03-29 04:09:12,1,36.7,13.92,3.26,2.68,41.8,yellow,credit card,Jackson Heights,Westchester Village/Unionport,Queens,Bronx
2019-03-07 04:21:11,2019-03-07 04:33:52,1,0.86,11.2,0.81,0.06,13.1,yellow,cash,Financial District South,West Village,Manhattan,Manhattan
2019-03-13 21:38:57,2019-03-13 21:53:57,1,8.7,7.62,6.88,0.21,8.9,yellow,credit card,Union Sq,East Harlem South,Manhattan,Manhattan
2019-03-20 17:27:15,2019-03-20 17:38:25,1,0.06,47.0,2.05,0.19,48.35,yellow,cash,LaGuardia Airport,Little Italy/NoLiTa,Queens,Manhattan
2019-03-11 14:21:56,2019-03-11 14:37:34,1,1.82,10.9,0.27,0.01,12.48,yellow,credit card,Greenwich Village North,Bedford Park,Manhattan,Bronx
2019-03-21 10:39:54,2019-03-21 10:55:08,1,2.64,10.1,0.05,0.05,11.21,yellow,cash,Greenwich Village North,Bedford Park,Manhattan,Bronx
2019-03-19 06:21:21,2019-03-19 06:33:27,1,4.11,25.4,2.41,0.64,28.34,yellow,credit card,Rego Park,East Flatbush/Farragut,Queens,Brooklyn
2019-03-23 19:42:07,2019-03-23 19:54:59,1,2.32,10.7,2.9,0.07,25.55,yellow,cash,Greenwich Village North,Howard Beach,Manhattan,Queens
2019-03-17 16:56:10,2019-03-17 17:12:23,0,0.36,8.7,3.15,0.04,39.48,yellow,credit card,Lincoln Square East,Claremont/Bathgate,Manhattan,Bronx
2019-03-10 23:41:49,2019-03-10 23:54:22,1,2.52,5.1,2.72,0.36,8.62,yellow,cash,Manhattan Valley,Hillcrest/Pomonok,Manhattan,Queens
2019-03-16 18:30:23,2019-03-16 18:45:10,2,3.05,5.9,2.17,0.36,36.02,yellow,credit card,Forest Hills,Hillcrest/Pomonok,Queens,Queens
2019-03-25 05:00:00,2019-03-25 05:15:39,3,0.18,4.26,4.1,0.03,10.79,yellow,cash,Yorkville West,Middle Village,Manhattan,Queens
2019-03-07 04:46:09,2019-03-07 04:58:59,1,3.87,6.03,3.49,0.06,15.9,yellow,credit card,Morningside Heights,East Harlem South,Manhattan,Manhattan
2019-03-11 12:37:47,2019-03-11 12:52:44,1,9.12,13.6,0.16,0.12,22.29,yellow,cash,Morningside Heights,Inwood,Manhattan,Manhattan
2019-03-12 00:15:58,2019-03-12 00:32:12,2,1.7,12.0,1.19,0.27,28.35,yellow,credit card,UN/Turtle Bay South,Mount Hope,Manhattan,Bronx
2019-03-25 22:38:46,2019-03-25 22:53:07,6,2.06,9.2,7.8,0.3,13.5,yellow,cash,Upper East Side South,Battery Park,Manhattan,Manhattan
2019-03-03 03:11:37,2019-03-03 03:25:56,6,4.04,6.8,0.47,0.01,15.0,yellow,credit card,Yorkville West,Stuy Town/Peter Cooper Village,Manhattan,Manhattan
2019-03-22 10:26:00,2019-03-22 10:40:28,1,2.84,18.95,2.9,0.41,19.7,yellow,cash,Kips Bay,Bay Ridge,Manhattan,Brooklyn
2019-03-22 16:28:23,2019-03-22 16:43:16,1,13.98,7.22,1.5,0.22,9.6,yellow,credit card,East Flatbush/Remsen Village,Sheepshead Bay,Brooklyn,Brooklyn
2019-03-21 05:14:31,2019-03-21 05:30:07,1,1.35,9.5,0.1,0.11,20.1,yellow,cash,Sutton Place/Turtle Bay North,Gramercy,Manhattan,Manhattan
2019-03-19 05:08:16,2019-03-19 05:24:53,1,3.83,17.7,0.38,0.13,35.67,yellow,credit card,Midtown East,Stuyvesant Heights,Manhattan,Brooklyn
2019-03-24 00:02:53,2019-03-24 00:15:18,1,2.31,4.9,1.93,0.06,16.07,yellow,cash,Midtown Center,East Flushing,Manhattan,Queens
2019-03-10 09:50:48,2019-03-10 10:06:08,1,0.23,6.5,0.13,0.1,11.96,yellow,credit card,Times Sq/Theatre District,West Chelsea/Hudson Yards,Manhattan,Manhattan
2019-03-13 19:41:55,2019-03-13 19:58:50,3,6.24,12.3,0.44,0.34,19.56,yellow,cash,Stuy Town/Peter Cooper Village,Manhattan Beach,Manhattan,Brooklyn
2019-03-25 23:25:05,2019-03-25 23:42:50,1,6.41,2.29,0.32,0.32,6.5,yellow,credit card,Starrett City,Yorkville West,Brooklyn,Manhattan
2019-03-26 05:41:24,2019-03-26 05:55:32,1,0.29,8.9,2.04,0.09,14.47,yellow,cash,Greenwich Village South,Upper East Side North,Manhattan,Manhattan
2019-03-13 21:51:12,2019-03-13 22:06:20,1,7.17,24.21,2.14,0.51,36.9,yellow,credit card,Middle Village,Penn Station/Madison Sq West,Queens,Manhattan
2019-03-02 13:14:34,2019-03-02 13:29:54,1,2.26,8.93,0.27,0.64,18.5,yellow,cash,Starrett City,East Concourse/Concourse Village,Brooklyn,Bronx
2019-03-05 16:19:31,2019-03-05 16:34:16,1,5.31,7.3,6.81,0.12,8.78,yellow,credit card,Upper West Side South,Eastchester,Manhattan,Bronx
2019-02-28 02:43:32,2019-02-28 02:58:11,1,0.88,16.2,5.24,0.07,20.23,yellow,cash,Central Harlem North,Morrisania/Melrose,Manhattan,Bronx
2019-03-26 13:51:35,2019-03-26 14:05:34,2,3.85,8.95,5.6,0.45,16.12,yellow,credit card,Sutton Place/Turtle Bay North,Kips Bay,Manhattan,Manhattan
2019-03-27 15:14:27,2019-03-27 15:28:32,2,2.76,5.1,3.55,0.29,17.51,yellow,cash,Clinton East,Brighton Beach,Manhattan,Brooklyn
2019-03-13 23:37:48,2019-03-13 23:52:31,2,1.67,11.82,0.51,0.08,26.4,yellow,credit card,Penn Station/Madison Sq West,Williamsburg (South Side),Manhattan,Brooklyn
2019-03-31 08:39:22,2019-03-31 08:56:38,6,0.19,9.9,7.7,0.12,18.83,yellow,cash,Gramercy,Yorkville West,Manhattan,Manhattan
2019-03-05 12:48:23,2019-03-05 13:01:42,1,2.58,3.5,2.92,0.81,24.09,yellow,credit card,Midtown Center,Borough Park,Manhattan,Brooklyn
2019-03-29 07:28:12,2019-03-29 07:42:59,1,1.34,14.91,0.69,0.25,15.4,yellow,cash,UN/Turtle Bay South,Manhattan Valley,Manhattan,Manhattan
2019-03-07 12:05:57,2019-03-07 12:18:25,1,0.95,11.5,2.01,0.01,31.27,yellow,credit card,Central Harlem North,DUMBO/Vinegar Hill,Manhattan,Brooklyn
2019-03-24 23:51:41,2019-03-25 00:05:59,1,0.02,4.3,1.21,0.06,15.7,yellow,cash,Midtown Center,Central Harlem North,Manhattan,Manhattan
2019-03-13 16:53:35,2019-03-13 17:07:39,1,12.88,7.5,1.14,0.17,13.48,yellow,credit card,Astoria,Red Hook,Queens,Brooklyn
2019-03-29 03:06:11,2019-03-29 03:21:01,1,1.16,7.7,2.99,0.04,29.88,yellow,cash,Times Sq/Theatre District,Bloomingdale,Manhattan,Manhattan
2019-03-11 19:49:35,2019-03-11 20:04:33,1,1.8,10.1,0.06,0.02,16.11,yellow,credit card,Sutton Place/Turtle Bay North,Elmhurst,Manhattan,Queens
2019-03-21 14:31:03,2019-03-21 14:47:52,1,1.65,6.43,4.1,0.15,28.54,yellow,cash,Flatiron,Gravesend,Manhattan,Brooklyn
2019-03-23 19:21:20,2019-03-23 19:34:38,1,1.47,10.3,1.9,0.37,17.6,yellow,credit card,Garment District,Prospect Heights,Manhattan,Brooklyn
2019-03-31 21:51:42,2019-03-31 22:05:56,5,1.4,10.3,3.65,0.07,18.08,yellow,cash,Lower East Side,Brownsville,Manhattan,Brooklyn
2019-03-19 18:59:40,2019-03-19 19:14:52,1,2.43,9.7,1.37,0.12,10.73,yellow,credit card,Central Harlem,Baisley Park,Manhattan,Queens
2019-03-17 18:00:58,2019-03-17 18:16:55,1,1.86,10.61,0.46,0.18,12.3,yellow,cash,Gramercy,Kingsbridge Heights,Manhattan,Bronx
2019-03-30 03:08:21,2019-03-30 03:24:46,1,5.68,3.35,0.18,0.33,18.2,yellow,credit card,LaGuardia Airport,South Ozone Park,Queens,Queens
2019-03-05 14:33:26,2019-03-05 14:45:47,1,1.64,11.0,7.0,0.15,12.27,yellow,cash,East Village,Brownsville,Manhattan,Brooklyn
2019-03-02 15:32:04,2019-03-02 15:44:58,1,0.3,9.7,0.07,0.17,16.23,yellow,credit card,Lenox Hill East,Midtown South,Manhattan,Manhattan
2019-03-31 04:42:14,2019-03-31 04:55:30,1,4.54,10.2,1.17,0.02,13.47,yellow,cash,Lincoln Square East,Greenwich Village North,Manhattan,Manhattan
2019-03-16 09:02:46,2019-03-16 09:14:56,0,0.59,11.4,1.17,0.05,11.5,yellow,credit card,Union Sq,East Village,Manhattan,Manhattan
2019-03-17 06:58:25,2019-03-17 07:13:05,1,1.62,5.9,0.14,0.09,12.36,yellow,cash,Fort Greene,Clinton Hill,Brooklyn,Brooklyn
2019-03-21 15:06:02,2019-03-21 15:21:25,5,3.45,5.1,0.17,0.07,17.23,yellow,credit card,UN/Turtle Bay South,TriBeCa/Civic Center,Manhattan,Manhattan
2019-03-17 02:53:22,2019-03-17 03:09:40,1,7.32,18.0,3.38,0.23,18.13,yellow,cash,LaGuardia Airport,College Point,Queens,Queens
2019-03-07 10:59:51,2019-03-07 11:13:14,1,1.43,19.6,2.05,0.08,33.06,yellow,credit card,Upper East Side South,Maspeth,Manhattan,Queens
2019-03-30 14:56:01,2019-03-30 15:11:35,1,0.01,11.73,1.14,0.23,13.1,yellow,cash,Flatiron,Eastchester,Manhattan,Bronx
2019-03-29 06:08:57,2019-03-29 06:23:15,2,5.09,9.1,0.01,0.28,10.06,yellow,credit card,Sheepshead Bay,Brooklyn Navy Yard,Brooklyn,Brooklyn
2019-03-14 03:31:39,2019-03-14 03:45:59,1,2.18,7.6,2.43,0.07,27.1,yellow,cash,Gramercy,Williamsburg (South Side),Manhattan,Brooklyn
2019-03-30 09:36:49,2019-03-30 09:49:42,1,3.09,5.9,2.88,0.15,13.74,yellow,credit card,Upper East Side South,Middle Village,Manhattan,Queens
2019-03-10 05:08:03,2019-03-10 05:21:29,1,2.75,13.1,0.64,0.37,25.0,yellow,cash,Washington Heights South,Woodside,Manhattan,Queens
2019-03-29 02:49:57,2019-03-29 03:05:21,3,1.85,17.6,1.68,0.06,19.11,yellow,credit card,Upper East Side South,Yorkville East,Manhattan,Manhattan
2019-03-22 01:26:59,2019-03-22 01:42:13,1,6.81,39.5,9.57,0.07,40.24,yellow,cash,Kew Gardens,Rosedale,Queens,Queens
2019-03-08 20:11:11,2019-03-08 20:24:17,5,3.82,9.8,1.21,0.15,15.0,yellow,credit card,Midtown South,West Chelsea/Hudson Yards,Manhattan,Manhattan
2019-03-02 18:42:06,2019-03-02 18:55:34,2,0.56,7.6,0.58,0.29,10.12,yellow,cash,East Village,Washington Heights South,Manhattan,Manhattan
2019-03-20 03:37:41,2019-03-20 03:52:29,1,0.04,33.79,0.43,0.02,43.0,yellow,credit card,Park Slope,Union Sq,Brooklyn,Manhattan
2019-03-14 03:44:33,2019-03-14 03:57:58,1,0.12,5.2,2.71,0.41,11.34,yellow,cash,Clinton West,Maspeth,Manhattan,Queens
2019-03-15 00:25:33,2019-03-15 00:41:30,1,1.63,11.8,0.94,0.33,18.79,yellow,credit card,Lower East Side,Whitestone,Manhattan,Queens
2019-03-24 13:26:43,2019-03-24 13:43:07,1,12.55,2.86,0.09,1.2,6.8,yellow,cash,Long Island City/Hunters Point,Prospect-Lefferts Gardens,Queens,Brooklyn
2019-03-29 14:12:34,2019-03-29 14:28:42,1,0.02,10.6,0.03,0.03,22.79,yellow,credit card,SoHo,Williamsbridge/Olinville,Manhattan,Bronx
2019-03-09 06:31:33,2019-03-09 06:45:07,1,0.33,8.72,2.58,0.07,19.8,yellow,cash,West Chelsea/Hudson Yards,East Harlem North,Manhattan,Manhattan
2019-03-03 11:59:43,2019-03-03 12:16:04,1,9.04,9.97,2.55,0.12,16.9,yellow,credit card,Upper West Side North,Bedford,Manhattan,Brooklyn
2019-03-09 07:44:40,2019-03-09 07:58:45,1,3.16,9.0,1.05,0.05,16.59,yellow,cash,Lower East Side,Maspeth,Manhattan,Queens
2019-03-21 14:14:12,2019-03-21 14:26:15,1,3.27,6.12,3.55,0.04,45.4,yellow,credit card,Sunnyside,Bedford,Queens,Brooklyn
2019-03-16 21:47:26,2019-03-16 22:01:35,1,6.45,5.8,4.38,0.29,22.93,yellow,cash,Lincoln Square West,Riverdale/North Riverdale/Fieldston,Manhattan,Bronx
2019-03-25 21:06:41,2019-03-25 21:23:41,1,0.41,5.57,4.9,0.04,15.53,yellow,credit card,East Harlem North,Seaport,Manhattan,Manhattan
2019-03-13 01:39:46,2019-03-13 01:55:25,1,3.53,4.8,3.86,0.26,8.72,yellow,cash,Midtown Center,East Tremont,Manhattan,Bronx
2019-03-12 09:34:39,2019-03-12 09:49:54,1,0.19,9.18,0.14,0.07,41.7,yellow,credit card,Fort Greene,Mott Haven/Port Morris,Brooklyn,Bronx
2019-03-11 18:06:04,2019-03-11 18:21:36,1,1.82,9.9,1.56,0.07,19.61,yellow,cash,Lincoln Square East,Battery Park,Manhattan,Manhattan
2019-03-06 16:12:21,2019-03-06 16:24:50,1,4.31,14.4,1.32,0.57,15.62,yellow,credit card,Midtown North,Brooklyn Navy Yard,Manhattan,Brooklyn
2019-03-22 17:51:22,2019-03-22 18:06:41,5,1.72,13.4,4.15,0.03,20.98,yellow,cash,West Chelsea/Hudson Yards,East Flatbush/Remsen Village,Manhattan,Brooklyn
2019-03-08 18:24:37,2019-03-08 18:39:17,2,3.09,9.2,0.4,0.01,19.2,yellow,credit card,Lincoln Square West,Brooklyn Heights,Manhattan,Brooklyn
2019-03-06 14:20:41,2019-03-06 14:38:02,1,0.06,13.7,0.11,0.61,14.87,yellow,cash,Midtown Center,Greenpoint,Manhattan,Brooklyn
2019-03-18 04:42:41,2019-03-18 05:00:15,1,1.03,7.1,0.03,0.03,11.65,yellow,credit card,East Harlem South,East New York,Manhattan,Brooklyn
2019-03-03 07:31:30,2019-03-03 07:44:15,2,0.26,10.0,2.31,0.28,16.12,yellow,cash,Times Sq/Theatre District,Corona,Manhattan,Queens
2019-03-30 15:40:34,2019-03-30 15:53:18,1,0.84,40.9,0.17,1.08,41.75,yellow,credit card,LaGuardia Airport,Van Nest/Morris Park,Queens,Bronx
2019-03-17 22:59:21,2019-03-17 23:12:28,1,2.26,13.4,3.03,0.08,19.44,yellow,cash,Upper East Side South,Queensbridge/Ravenswood,Manhattan,Queens
2019-03-21 02:52:00,2019-03-21 03:07:41,1,0.88,12.2,0.79,0.21,17.88,yellow,credit card,Central Park,Van Nest/Morris Park,Manhattan,Bronx
2019-03-26 23:58:18,2019-03-27 00:13:53,1,1.91,9.9,0.64,0.02,21.95,yellow,cash,Midtown South,South Williamsburg,Manhattan,Brooklyn
2019-03-07 14:21:22,2019-03-07 14:35:30,1,6.73,5.4,0.75,0.08,30.25,yellow,credit card,DUMBO/Vinegar Hill,Queensbridge/Ravenswood,Brooklyn,Queens
2019-03-09 05:22:14,2019-03-09 05:34:57,2,2.46,5.73,0.57,0.01,9.9,yellow,cash,Clinton East,Sunset Park West,Manhattan,Brooklyn
2019-03-03 01:48:08,2019-03-03 02:00:02,1,0.33,13.9,1.54,0.46,19.25,yellow,credit card,East Chelsea,Lincoln Square East,Manhattan,Manhattan
2019-03-03 18:11:46,2019-03-03 18:25:23,1,2.29,8.5,1.03,0.62,9.17,yellow,cash,Hudson Sq,Bensonhurst West,Manhattan,Brooklyn
2019-03-06 07:52:29,2019-03-06 08:06:51,1,1.46,12.14,1.1,0.05,13.2,yellow,credit card,Garment District,Douglaston,Manhattan,Queens
2019-03-25 04:22:05,2019-03-25 04:36:25,1,1.97,29.3,0.49,0.17,86.91,yellow,cash,LaGuardia Airport,Co-Op City,Queens,Bronx
2019-03-27 01:39:37,2019-03-27 01:55:15,1,6.54,9.26,2.55,0.1,17.8,yellow,credit card,Yorkville East,Little Italy/NoLiTa,Manhattan,Manhattan
2019-03-23 16:48:10,2019-03-23 17:03:12,1,1.95,12.7,2.68,0.13,13.61,yellow,cash,Central Park,Bensonhurst East,Manhattan,Brooklyn
2019-03-25 02:07:00,2019-03-25 02:18:50,1,1.8,18.61,7.11,0.74,65.5,yellow,credit card,Richmond Hill,Jamaica,Queens,Queens
2019-02-28 14:51:59,2019-02-28 15:07:21,1,1.48,2.47,1.0,0.14,19.33,yellow,cash,LaGuardia Airport,LaGuardia Airport,Queens,Queens
2019-03-11 09:38:59,2019-03-11 09:53:51,1,0.31,11.0,3.67,0.02,13.28,yellow,credit card,Upper East Side South,Stuyvesant Heights,Manhattan,Brooklyn
2019-03-04 15:46:33,2019-03-04 15:59:47,2,6.41,3.6,0.24,0.06,11.1,yellow,cash,East Village,Brooklyn Navy Yard,Manhattan,Brooklyn
2019-03-05 03:27:58,2019-03-05 03:43:17,2,0.7,9.3,0.25,0.6,12.8,yellow,credit card,Sutton Place/Turtle Bay North,Melrose South,Manhattan,Bronx
2019-03-20 07:38:15,2019-03-20 07:54:25,1,1.12,8.6,0.54,0.01,26.91,yellow,cash,Upper East Side South,Inwood,Manhattan,Manhattan
2019-03-29 12:09:54,2019-03-29 12:26:46,1,5.46,11.22,2.57,0.08,14.7,yellow,credit card,Park Slope,East Flushing,Brooklyn,Queens
2019-03-13 17:31:08,2019-03-13 17:48:08,1,0.55,11.11,0.05,1.47,15.8,yellow,cash,Mount Hope,JFK Airport,Bronx,Queens
2019-03-13 21:03:00,2019-03-13 21:17:24,1,1.89,11.1,0.91,0.04,17.42,yellow,credit card,Lincoln Square West,Battery Park City,Manhattan,Manhattan
2019-03-19 01:46:17,2019-03-19 02:00:31,1,0.93,9.0,2.49,0.0,11.61,yellow,cash,Lenox Hill East,TriBeCa/Civic Center,Manhattan,Manhattan
2019-03-31 08:56:30,2019-03-31 09:10:04,4,0.99,5.2,0.42,0.04,13.91,yellow,credit card,Sutton Place/Turtle Bay North,TriBeCa/Civic Center,Manhattan,Manhattan
2019-03-10 10:43:45,2019-03-10 10:57:13,1,1.46,5.9,0.07,0.04,6.15,yellow,cash,Sutton Place/Turtle Bay North,Dyker Heights,Manhattan,Brooklyn
2019-03-12 17:14:58,2019-03-12 17:28:45,1,1.19,3.1,2.22,0.16,12.62,yellow,credit card,Sutton Place/Turtle Bay North,Corona,Manhattan,Queens
2019-03-17 09:25:32,2019-03-17 09:39:34,1,1.85,8.09,0.7,0.27,13.8,yellow,cash,Clinton East,Fresh Meadows,Manhattan,Queens
2019-03-10 03:48:05,2019-03-10 04:01:33,1,1.82,3.01,0.58,0.07,4.3,yellow,credit card,DUMBO/Vinegar Hill,Manhattan Valley,Brooklyn,Manhattan
2019-03-28 12:07:14,2019-03-28 12:23:11,1,8.24,6.9,1.06,0.59,24.73,yellow,cash,South Jamaica,East Chelsea,Queens,Manhattan
2019-03-31 03:47:13,2019-03-31 04:01:01,1,0.17,11.8,0.78,0.2,20.94,yellow,credit card,East Village,Westchester Village/Unionport,Manhattan,Bronx
2019-02-28 13:23:31,2019-02-28 13:33:43,1,2.73,5.1,2.05,0.04,16.51,yellow,cash,Sutton Place/Turtle Bay North,UN/Turtle Bay South,Manhattan,Manhattan
2019-03-05 02:23:17,2019-03-05 02:37:05,1,1.08,9.4,0.15,0.1,14.08,yellow,credit card,Midtown East,Queens Village,Manhattan,Queens
2019-03-15 10:53:26,2019-03-15 11:06:20,1,0.05,9.1,1.47,0.15,10.41,yellow,cash,Lincoln Square West,East Harlem South,Manhattan,Manhattan
2019-03-13 13:21:13,2019-03-13 13:35:22,1,0.16,5.6,0.9,0.29,6.54,yellow,credit card,West Village,Meatpacking/West Village West,Manhattan,Manhattan
2019-03-02 10:06:48,2019-03-02 10:19:57,1,8.04,4.68,2.6,3.36,18.05,yellow,cash,Steinway,Flatlands,Queens,Brooklyn
2019-02-28 12:08:59,2019-02-28 12:25:00,2,6.8,7.15,0.74,0.02,15.3,yellow,credit card,Midtown East,Carroll Gardens,Manhattan,Brooklyn
2019-03-25 21:14:44,2019-03-25 21:29:16,1,0.84,5.9,5.03,0.12,14.0,yellow,cash,Upper East Side North,Stapleton,Manhattan,Staten Island
2019-03-24 08:34:47,2019-03-24 08:52:16,1,0.95,8.38,2.83,0.09,37.9,yellow,credit card,Chinatown,Bedford,Manhattan,Brooklyn
2019-03-04 23:47:55,2019-03-05 00:01:34,5,0.19,5.5,3.4,0.12,19.2,yellow,cash,TriBeCa/Civic Center,East Flatbush/Remsen Village,Manhattan,Brooklyn
2019-03-04 05:56:36,2019-03-04 06:12:44,2,0.78,15.7,1.23,0.16,15.79,yellow,credit card,Lenox Hill East,Brownsville,Manhattan,Brooklyn
2019-03-10 13:05:40,2019-03-10 13:20:04,1,6.44,7.4,0.12,0.41,12.17,yellow,cash,DUMBO/Vinegar Hill,East Tremont,Brooklyn,Bronx
2019-03-06 15:50:34,2019-03-06 16:04:28,1,2.1,13.5,3.14,0.09,30.04,yellow,credit card,Midtown South,Midtown South,Manhattan,Manhattan
2019-03-21 11:28:58,2019-03-21 11:42:09,1,0.41,11.1,0.5,0.04,21.63,yellow,cash,SoHo,Greenwich Village North,Manhattan,Manhattan
2019-03-02 06:01:44,2019-03-02 06:16:15,3,1.9,8.06,5.0,0.04,10.33,yellow,credit card,Yorkville West,Lower East Side,Manhattan,Manhattan
2019-03-06 20:05:30,2019-03-06 20:20:11,1,5.97,4.1,1.06,0.04,6.18,yellow,cash,Chinatown,East Flushing,Manhattan,Queens
2019-03-31 00:56:57,2019-03-31 01:10:34,1,0.51,8.7,0.03,0.16,13.51,yellow,credit card,Penn Station/Madison Sq West,Fort Greene,Manhattan,Brooklyn
2019-03-31 19:05:28,2019-03-31 19:21:15,4,0.69,20.1,0.37,0.02,32.65,yellow,cash,Midtown East,Carroll Gardens,Manhattan,Brooklyn
2019-03-10 06:57:08,2019-03-10 07:11:05,1,0.28,19.5,0.91,0.23,27.91,yellow,credit card,Midtown South,East Chelsea,Manhattan,Manhattan
2019-03-14 18:42:51,2019-03-14 18:58:19,2,0.2,12.15,3.48,0.25,13.9,yellow,cash,Sutton Place/Turtle Bay North,Williamsburg (South Side),Manhattan,Brooklyn
2019-03-06 12:33:24,2019-03-06 12:49:03,1,4.58,6.5,0.41,0.27,11.44,yellow,credit card,East Chelsea,Long Island City/Hunters Point,Manhattan,Queens
2019-03-24 18:59:33,2019-03-24 19:12:46,1,2.8,6.7,1.95,0.15,10.72,yellow,cash,Carroll Gardens,Murray Hill-Queens,Brooklyn,Queens
2019-03-11 22:30:59,2019-03-11 22:45:19,1,0.28,13.98,0.01,0.16,23.5,yellow,credit card,Parkchester,Brighton Beach,Bronx,Brooklyn
2019-03-22 19:50:30,2019-03-22 20:04:15,1,1.08,7.3,1.54,0.12,19.28,yellow,cash,Penn Station/Madison Sq West,East Flatbush/Remsen Village,Manhattan,Brooklyn
2019-03-16 01:55:27,2019-03-16 02:08:40,1,0.57,4.6,2.43,0.08,11.75,yellow,credit card,Union Sq,Woodside,Manhattan,Queens
2019-03-27 18:17:30,2019-03-27 18:33:44,6,0.66,7.6,0.07,0.18,14.52,yellow,cash,Lenox Hill West,Bushwick North,Manhattan,Brooklyn
2019-03-14 06:35:52,2019-03-14 06:49:51,3,2.91,6.32,1.7,0.04,6.7,yellow,credit card,Downtown Brooklyn/MetroTech,Bayside,Brooklyn,Queens
2019-02-28 11:19:12,2019-02-28 11:35:19,6,0.33,8.5,0.63,0.33,26.97,yellow,cash,East Harlem North,Chinatown,Manhattan,Manhattan
2019-03-12 22:57:51,2019-03-12 23:11:31,5,0.34,6.55,1.18,0.1,8.4,yellow,credit card,Lower East Side,Sunset Park West,Manhattan,Brooklyn
2019-03-20 08:27:05,2019-03-20 08:42:05,2,4.61,4.0,0.76,0.0,10.64,yellow,cash,Upper East Side North,Midtown East,Manhattan,Manhattan
2019-03-07 12:03:43,2019-03-07 12:17:09,6,9.19,4.19,2.24,1.07,7.9,yellow,credit card,Ridgewood,Times Sq/Theatre District,Queens,Manhattan
2019-03-25 05:09:57,2019-03-25 05:22:14,1,3.86,10.7,1.29,0.26,41.85,yellow,cash,West Chelsea/Hudson Yards,Upper East Side North,Manhattan,Manhattan
2019-03-19 02:01:51,2019-03-19 02:18:03,3,3.52,6.9,0.01,0.03,15.35,yellow,credit card,Lenox Hill East,Manhattan Valley,Manhattan,Manhattan
2019-03-22 10:35:03,2019-03-22 10:50:40,1,1.57,3.4,2.05,0.07,18.38,yellow,cash,Erasmus,Rego Park,Brooklyn,Queens
2019-03-13 20:50:42,2019-03-13 21:04:23,1,1.36,20.74,5.5,0.82,56.3,yellow,credit card,LaGuardia Airport,Bloomingdale,Queens,Manhattan
2019-03-03 05:57:41,2019-03-03 06:10:35,1,6.02,10.1,0.34,0.03,11.42,yellow,cash,Gramercy,Forest Hills,Manhattan,Queens
2019-03-12 01:19:14,2019-03-12 01:31:58,1,0.88,5.0,2.64,0.01,19.37,yellow,credit card,Upper West Side South,Alphabet City,Manhattan,Manhattan
2019-03-28 11:31:30,2019-03-28 11:46:13,1,0.04,10.5,0.19,0.0,49.67,yellow,cash,Greenpoint,Canarsie,Brooklyn,Brooklyn
2019-03-26 18:30:22,2019-03-26 18:44:03,1,3.63,9.9,0.69,0.23,16.8,yellow,credit card,Midtown Center,Yorkville East,Manhattan,Manhattan
2019-03-11 19:03:32,2019-03-11 19:21:10,1,1.66,10.81,2.89,0.18,41.6,yellow,cash,Meatpacking/West Village West,Meatpacking/West Village West,Manhattan,Manhattan
2019-03-14 11:50:24,2019-03-14 12:04:45,1,3.83,8.95,0.59,0.03,9.6,yellow,credit card,UN/Turtle Bay South,Homecrest,Manhattan,Brooklyn
2019-03-21 02:58:25,2019-03-21 03:13:15,1,2.58,10.4,0.04,0.31,13.32,yellow,cash,JFK Airport,Randalls Island,Queens,Manhattan
2019-03-30 21:40:37,2019-03-30 21:55:45,1,1.44,11.9,11.13,0.06,20.9,yellow,credit card,West Village,Bath Beach,Manhattan,Brooklyn
2019-03-18 19:01:49,2019-03-18 19:17:49,1,2.08,12.59,0.82,0.14,28.2,yellow,cash,Bushwick South,Columbia Street,Brooklyn,Brooklyn
2019-03-09 05:21:41,2019-03-09 05:35:29,2,4.88,9.82,1.86,0.37,12.5,yellow,credit card,Midtown North,Times Sq/Theatre District,Manhattan,Manhattan
2019-03-13 12:58:34,2019-03-13 13:11:42,1,0.51,6.7,5.15,0.06,12.98,yellow,cash,Midtown North,East Elmhurst,Manhattan,Queens
2019-03-25 16:58:11,2019-03-25 17:13:46,1,1.36,12.3,0.96,0.37,35.97,yellow,credit card,Midtown Center,Financial District South,Manhattan,Manhattan
2019-03-08 08:33:43,2019-03-08 08:47:18,1,2.41,7.6,1.57,0.08,9.36,yellow,cash,Union Sq,Ocean Hill,Manhattan,Brooklyn
2019-03-01 00:15:14,2019-03-01 00:29:28,0,4.32,13.7,8.4,2.65,33.51,yellow,credit card,East Elmhurst,Bedford,Queens,Brooklyn
2019-03-15 10:21:24,2019-03-15 10:34:55,3,1.89,15.9,0.22,0.01,22.07,yellow,cash,Midtown East,Bay Ridge,Manhattan,Brooklyn
2019-03-30 14:13:10,2019-03-30 14:27:11,1,4.64,7.6,0.03,0.34,24.97,yellow,credit card,Upper West Side North,South Williamsburg,Manhattan,Brooklyn
2019-03-16 04:45:44,2019-03-16 05:02:54,2,0.99,16.9,0.39,0.13,17.0,yellow,cash,Lincoln Square East,Greenwich Village North,Manhattan,Manhattan
2019-03-01 16:25:06,2019-03-01 16:38:37,1,5.28,3.0,1.25,0.04,15.82,yellow,credit card,Upper West Side North,Battery Park City,Manhattan,Manhattan
2019-03-11 05:46:24,2019-03-11 06:01:49,1,1.52,19.4,2.17,0.07,21.59,yellow,cash,Clinton East,Kingsbridge Heights,Manhattan,Bronx
2019-03-31 23:15:15,2019-03-31 23:30:40,1,1.26,16.3,0.54,0.38,20.82,yellow,credit card,Central Park,Jamaica Estates,Manhattan,Queens
2019-02-28 11:40:17,2019-02-28 11:55:09,1,3.26,9.8,1.02,0.06,25.56,yellow,cash,Upper East Side South,Baisley Park,Manhattan,Queens
2019-03-16 21:50:43,2019-03-16 22:07:01,1,1.66,11.7,0.67,0.12,32.21,yellow,credit card,Upper East Side North,College Point,Manhattan,Queens
2019-03-09 23:33:36,2019-03-09 23:50:53,1,0.43,6.3,0.77,0.02,7.98,yellow,cash,East Chelsea,East Flatbush/Remsen Village,Manhattan,Brooklyn
2019-03-11 04:53:54,2019-03-11 05:09:14,1,1.03,5.3,0.34,0.11,13.46,yellow,credit card,Clinton East,Central Harlem North,Manhattan,Manhattan
2019-03-14 22:03:37,2019-03-14 22:20:06,1,2.34,6.7,0.41,0.18,11.87,yellow,cash,Gramercy,Clinton West,Manhattan,Manhattan
2019-03-30 21:53:30,2019-03-30 22:06:35,1,5.01,7.7,0.54,0.28,13.66,yellow,credit card,West Village,Central Harlem North,Manhattan,Manhattan
2019-03-26 18:27:14,2019-03-26 18:42:40,1,4.17,9.5,3.82,0.13,13.82,yellow,cash,SoHo,South Ozone Park,Manhattan,Queens
2019-03-21 01:16:10,2019-03-21 01:30:19,1,16.54,8.2,2.32,0.09,12.51,yellow,credit card,Clinton East,Dyker Heights,Manhattan,Brooklyn
2019-03-27 00:49:14,2019-03-27 01:03:12,1,2.65,4.5,2.98,0.2,28.8,yellow,cash,Battery Park City,Forest Hills,Manhattan,Queens
2019-03-27 08:34:50,2019-03-27 08:49:29,1,6.42,21.5,5.37,1.74,34.66,yellow,credit card,JFK Airport,Spuyten Duyvil/Kingsbridge,Queens,Bronx
2019-03-06 13:16:01,2019-03-06 13:29:21,1,1.2,26.12,0.43,0.22,29.3,yellow,cash,Greenwich Village South,Washington Heights North,Manhattan,Manhattan
2019-03-20 10:00:24,2019-03-20 10:15:37,2,1.4,11.6,2.44,0.05,19.77,yellow,credit card,Times Sq/Theatre District,East Flatbush/Remsen Village,Manhattan,Brooklyn
2019-03-29 20:32:04,2019-03-29 20:46:36,1,1.2,1.9,1.11,0.21,8.73,yellow,cash,Midtown East,Inwood,Manhattan,Manhattan
2019-03-14 15:45:46,2019-03-14 15:59:50,3,2.53,5.2,1.58,0.27,33.09,yellow,credit card,Garment District,Briarwood/Jamaica Hills,Manhattan,Queens
2019-03-13 11:17:11,2019-03-13 11:32:25,1,1.07,13.14,0.29,0.02,15.5,yellow,cash,TriBeCa/Civic Center,Bay Ridge,Manhattan,Brooklyn
2019-03-28 07:51:56,2019-03-28 08:06:53,1,12.1,1.9,1.23,1.87,18.86,yellow,credit card,Forest Hills,Bloomingdale,Queens,Manhattan
2019-03-08 16:58:13,2019-03-08 17:08:47,3,1.52,5.1,0.02,0.81,11.72,yellow,cash,Brownsville,Allerton/Pelham Gardens,Brooklyn,Bronx
2019-03-09 22:25:06,2019-03-09 22:36:57,1,2.85,7.0,0.3,0.05,9.62,yellow,credit card,East Village,Van Cortlandt Village,Manhattan,Bronx
2019-03-05 08:19:16,2019-03-05 08:33:46,2,0.25,9.5,0.6,0.07,10.61,yellow,cash,West Village,University Heights/Morris Heights,Manhattan,Bronx
2019-03-29 21:25:50,2019-03-29 21:40:42,1,0.56,17.53,0.9,0.03,24.2,yellow,credit card,Lenox Hill West,Greenwich Village South,Manhattan,Manhattan
2019-03-21 22:04:10,2019-03-21 22:20:59,1,0.82,5.7,0.07,0.05,29.85,yellow,cash,Washington Heights South,Rosedale,Manhattan,Queens
2019-03-17 03:15:21,2019-03-17 03:30:32,2,9.96,6.2,0.27,0.15,10.71,yellow,credit card,Lincoln Square East,Cypress Hills,Manhattan,Brooklyn
2019-03-11 02:50:35,2019-03-11 03:04:18,1,9.24,11.4,2.81,0.01,13.58,yellow,cash,West Chelsea/Hudson Yards,Battery Park City,Manhattan,Manhattan
2019-03-25 08:28:17,2019-03-25 08:41:52,1,1.01,6.8,0.37,0.08,11.76,yellow,credit card,Sutton Place/Turtle Bay North,South Williamsburg,Manhattan,Brooklyn
2019-03-02 21:24:09,2019-03-02 21:37:58,1,17.08,9.0,0.25,0.19,29.85,yellow,cash,World Trade Center,Financial District South,Manhattan,Manhattan
2019-02-28 13:00:37,2019-02-28 13:16:55,1,0.35,13.0,0.13,0.43,16.82,yellow,credit card,East Harlem North,Gramercy,Manhattan,Manhattan
2019-03-11 23:04:13,2019-03-11 23:16:01,1,3.88,6.6,3.57,0.29,20.37,yellow,cash,Greenwich Village North,Borough Park,Manhattan,Brooklyn
2019-03-10 20:16:40,2019-03-10 20:31:21,2,1.06,10.9,4.83,0.37,15.08,yellow,credit card,Midtown Center,Woodside,Manhattan,Queens
2019-03-07 10:48:26,2019-03-07 11:05:36,1,1.45,22.78,1.81,0.0,39.5,yellow,cash,Sunnyside,West Brighton,Queens,Staten Island
2019-03-26 13:34:45,2019-03-26 13:49:34,1,5.1,7.3,1.85,0.03,27.38,yellow,credit card,Flatiron,Manhattanville,Manhattan,Manhattan
2019-03-05 10:36:27,2019-03-05 10:52:45,1,4.96,7.4,2.4,0.17,18.88,yellow,cash,Greenwich Village South,Downtown Brooklyn/MetroTech,Manhattan,Brooklyn
2019-03-03 17:53:23,2019-03-03 18:10:21,2,2.08,5.1,0.24,0.05,21.2,yellow,credit card,Lenox Hill East,Queensbridge/Ravenswood,Manhattan,Queens
2019-03-11 07:40:11,2019-03-11 07:55:01,3,5.89,22.65,3.34,0.11,24.2,yellow,cash,Lenox Hill East,Williamsburg (North Side),Manhattan,Brooklyn
2019-03-15 00:23:45,2019-03-15 00:38:57,1,1.28,4.14,0.09,0.09,6.7,yellow,credit card,Kips Bay,Windsor Terrace,Manhattan,Brooklyn
2019-03-13 02:31:01,2019-03-13 02:45:28,1,9.4,6.1,2.8,0.38,7.78,yellow,cash,Upper West Side North,Steinway,Manhattan,Queens
2019-03-04 22:28:11,2019-03-04 22:40:15,2,1.48,13.0,2.68,0.09,22.41,yellow,credit card,Upper East Side North,Elmhurst/Maspeth,Manhattan,Queens
2019-03-17 07:03:33,2019-03-17 07:15:04,1,3.59,2.9,2.15,0.04,11.58,yellow,cash,Upper East Side North,East Harlem North,Manhattan,Manhattan
2019-03-22 20:59:22,2019-03-22 21:13:04,5,0.54,7.7,0.39,0.05,17.24,yellow,credit card,Union Sq,Van Cortlandt Village,Manhattan,Bronx
2019-03-23 14:39:45,2019-03-23 14:52:16,1,4.41,9.51,1.61,0.21,17.2,yellow,cash,East Chelsea,East Harlem South,Manhattan,Manhattan
2019-03-19 01:27:34,2019-03-19 01:41:43,1,9.12,10.4,1.62,0.59,14.28,yellow,credit card,Greenwich Village North,Flatiron,Manhattan,Manhattan
2019-03-01 19:04:58,2019-03-01 19:19:57,1,3.28,4.9,1.97,0.07,23.11,yellow,cash,East Harlem South,Jackson Heights,Manhattan,Queens
2019-03-28 14:36:08,2019-03-28 14:50:14,1,1.34,6.5,2.61,0.03,53.96,yellow,credit card,Washington Heights South,Williamsburg (North Side),Manhattan,Brooklyn
2019-03-24 14:07:43,2019-03-24 14:22:41,2,5.91,7.3,5.74,0.12,20.61,yellow,cash,Stuy Town/Peter Cooper Village,Long Island City/Hunters Point,Manhattan,Queens
2019-03-14 00:13:55,2019-03-14 00:28:58,4,1.07,8.7,0.56,0.32,17.93,yellow,credit card,Flatiron,Van Cortlandt Village,Manhattan,Bronx
2019-03-12 23:58:15,2019-03-13 00:13:29,1,1.18,9.9,0.49,0.03,12.46,yellow,cash,East Village,Greenpoint,Manhattan,Brooklyn
2019-03-31 19:45:26,2019-03-31 19:59:24,2,0.26,8.0,1.64,0.27,13.4,yellow,credit card,Lincoln Square East,Hunts Point,Manhattan,Bronx
2019-03-15 16:40:50,2019-03-15 16:56:32,6,0.26,40.9,0.77,3.9,45.19,yellow,cash,Maspeth,Williamsbridge/Olinville,Queens,Bronx
2019-03-20 03:04:59,2019-03-20 03:19:31,1,0.73,5.8,3.59,0.02,8.73,yellow,credit card,West Chelsea/Hudson Yards,Woodside,Manhattan,Queens
2019-03-03 23:20:43,2019-03-03 23:34:47,3,1.83,28.69,1.76,2.63,81.4,yellow,cash,Woodside,East Flatbush/Remsen Village,Queens,Brooklyn
2019-03-23 01:31:07,2019-03-23 01:46:14,1,1.17,4.0,0.18,0.04,20.08,yellow,credit card,East Harlem North,Lincoln Square East,Manhattan,Manhattan
2019-03-29 10:04:28,2019-03-29 10:20:04,1,0.22,6.0,2.11,0.05,16.5,yellow,cash,Clinton East,East Harlem South,Manhattan,Manhattan
2019-03-03 08:12:36,2019-03-03 08:28:33,1,3.47,12.7,0.65,0.02,18.36,yellow,credit card,Central Harlem North,Midtown South,Manhattan,Manhattan
2019-03-04 01:42:37,2019-03-04 01:56:26,1,2.39,14.1,2.94,0.05,14.58,yellow,cash,Upper East Side South,East New York,Manhattan,Brooklyn
2019-03-06 08:48:14,2019-03-06 09:02:20,1,3.76,10.54,3.15,0.02,11.5,yellow,credit card,Battery Park,Carroll Gardens,Manhattan,Brooklyn
2019-03-17 22:20:00,2019-03-17 22:34:30,1,30.37,9.9,0.88,3.26,31.56,yellow,cash,JFK Airport,Glendale,Queens,Queens
2019-03-05 21:50:32,2019-03-05 22:05:14,2,4.64,9.42,1.16,0.3,14.5,yellow,credit card,Midtown South,Greenpoint,Manhattan,Brooklyn
2019-03-29 06:05:14,2019-03-29 06:18:30,1,0.14,12.84,2.42,0.1,16.5,yellow,cash,Lincoln Square East,Penn Station/Madison Sq West,Manhattan,Manhattan
2019-03-25 00:45:39,2019-03-25 00:57:19,1,7.88,12.3,1.88,0.09,12.73,yellow,credit card,Sutton Place/Turtle Bay North,Auburndale,Manhattan,Queens
2019-03-16 17:50:13,2019-03-16 18:04:40,1,0.81,4.2,2.08,0.13,24.85,yellow,cash,West Village,Brownsville,Manhattan,Brooklyn
2019-03-29 11:29:52,2019-03-29 11:43:52,1,5.04,11.0,1.08,3.48,17.0,yellow,credit card,Astoria,Whitestone,Queens,Queens
2019-03-19 14:19:36,2019-03-19 14:33:41,1,4.28,14.2,2.29,1.42,80.48,yellow,cash,LaGuardia Airport,Queensboro Hill,Queens,Queens
2019-03-31 20:49:32,2019-03-31 21:01:58,1,0.24,20.2,0.67,0.02,27.21,yellow,credit card,Union Sq,Woodlawn/Wakefield,Manhattan,Bronx
2019-03-12 10:19:59,2019-03-12 10:34:06,1,0.29,7.7,0.05,1.87,17.25,yellow,cash,Melrose South,East Village,Bronx,Manhattan
2019-03-02 11:22:45,2019-03-02 11:36:47,1,3.91,8.7,0.26,0.2,13.98,yellow,credit card,Kips Bay,Soundview/Castle Hill,Manhattan,Bronx
2019-03-07 06:00:03,2019-03-07 06:11:42,1,5.68,28.9,3.1,1.76,115.95,yellow,cash,LaGuardia Airport,Homecrest,Queens,Brooklyn
2019-03-08 15:32:26,2019-03-08 15:47:49,1,0.82,8.4,1.56,0.07,31.73,yellow,credit card,Meatpacking/West Village West,Boerum Hill,Manhattan,Brooklyn
2019-03-21 10:09:57,2019-03-21 10:26:46,1,1.53,12.2,0.83,0.03,36.98,yellow,cash,Midtown Center,Elmhurst,Manhattan,Queens
2019-03-13 12:54:59,2019-03-13 13:09:34,0,1.83,5.6,4.18,0.14,6.23,yellow,credit card,Midtown East,Columbia Street,Manhattan,Brooklyn
2019-03-16 11:59:12,2019-03-16 12:13:31,1,2.46,13.0,0.55,0.02,14.37,yellow,cash,Lincoln Square East,Stuyvesant Heights,Manhattan,Brooklyn
2019-03-25 02:29:12,2019-03-25 02:43:52,5,5.28,8.6,0.56,0.01,21.7,yellow,credit card,Clinton West,East Elmhurst,Manhattan,Queens
2019-03-30 17:26:10,2019-03-30 17:39:46,1,3.64,14.74,0.34,0.15,17.5,yellow,cash,Crotona Park East,Woodside,Bronx,Queens
2019-03-30 13:47:18,2019-03-30 13:59:46,1,5.14,16.38,2.0,1.46,21.0,yellow,credit card,Boerum Hill,Springfield Gardens South,Brooklyn,Queens
2019-03-21 03:49:36,2019-03-21 04:04:28,3,1.3,8.0,0.75,0.05,14.07,yellow,cash,TriBeCa/Civic Center,Flatiron,Manhattan,Manhattan
2019-03-07 02:24:32,2019-03-07 02:41:55,1,1.02,7.4,0.38,0.14,9.57,yellow,credit card,Midtown Center,Crown Heights North,Manhattan,Brooklyn
2019-03-20 11:01:11,2019-03-20 11:12:41,5,2.66,6.4,0.63,0.16,13.27,yellow,cash,Lincoln Square West,Park Slope,Manhattan,Brooklyn
2019-03-11 05:09:04,2019-03-11 05:26:20,3,2.09,6.1,0.09,0.01,7.97,yellow,credit card,Times Sq/Theatre District,Hamilton Heights,Manhattan,Manhattan
2019-03-02 00:49:39,2019-03-02 01:06:53,1,0.93,5.9,0.25,0.67,17.75,yellow,cash,East New York,Stuyvesant Heights,Brooklyn,Brooklyn
2019-03-27 06:53:12,2019-03-27 07:09:46,1,0.05,11.5,3.48,0.09,21.01,yellow,credit card,Midtown Center,Hudson Sq,Manhattan,Manhattan
2019-03-23 01:09:59,2019-03-23 01:24:28,6,5.27,7.5,2.0,2.3,36.55,yellow,cash,JFK Airport,East Chelsea,Queens,Manhattan
2019-03-06 03:38:41,2019-03-06 03:51:17,1,0.48,13.87,0.13,0.01,15.7,yellow,credit card,Upper West Side North,Clinton Hill,Manhattan,Brooklyn
2019-03-12 10:38:26,2019-03-12 10:52:07,1,0.03,10.31,0.84,0.17,12.1,yellow,cash,Midtown North,Little Italy/NoLiTa,Manhattan,Manhattan
2019-03-22 07:12:25,2019-03-22 07:24:16,1,21.14,14.0,2.74,0.22,27.55,yellow,credit card,Astoria,Williamsburg (South Side),Queens,Brooklyn
2019-03-14 13:38:24,2019-03-14 13:51:25,1,3.12,7.8,0.12,0.06,11.02,yellow,cash,Financial District North,Midtown South,Manhattan,Manhattan
2019-03-22 09:50:47,2019-03-22 10:03:24,1,7.75,12.8,0.62,0.29,24.62,yellow,credit card,Midtown Center,Sheepshead Bay,Manhattan,Brooklyn
2019-03-29 02:54:01,2019-03-29 03:10:18,1,0.48,8.8,1.38,0.02,20.88,yellow,cash,East Harlem North,Sunset Park West,Manhattan,Brooklyn
2019-03-24 08:42:45,2019-03-24 08:58:47,2,2.32,15.11,0.55,4.21,49.2,yellow,credit card,JFK Airport,Ridgewood,Queens,Queens
2019-03-07 16:13:15,2019-03-07 16:27:23,1,12.82,15.0,5.99,4.3,29.59,yellow,cash,Old Astoria,Garment District,Queens,Manhattan
2019-03-30 19:18:30,2019-03-30 19:31:51,4,2.98,6.6,1.87,0.66,11.95,yellow,credit card,Cobble Hill,Dyker Heights,Brooklyn,Brooklyn
2019-03-15 01:52:12,2019-03-15 02:07:39,1,0.38,16.01,1.4,0.87,17.6,yellow,cash,Lower East Side,Red Hook,Manhattan,Brooklyn
2019-02-28 18:20:47,2019-02-28 18:38:25,2,12.43,3.52,0.12,0.43,27.9,yellow,credit card,LaGuardia Airport,UN/Turtle Bay South,Queens,Manhattan
2019-03-07 13:37:43,2019-03-07 13:52:59,1,0.99,11.17,2.64,0.04,27.5,yellow,cash,Lincoln Square East,Stapleton,Manhattan,Staten Island
2019-03-01 23:08:00,2019-03-01 23:24:18,2,9.14,7.8,0.77,0.0,15.26,yellow,credit card,Upper West Side North,Highbridge,Manhattan,Bronx
2019-03-13 13:07:32,2019-03-13 13:23:56,1,7.67,9.99,9.34,0.35,16.4,yellow,cash,Midtown Center,Bensonhurst East,Manhattan,Brooklyn
2019-03-13 04:58:02,2019-03-13 05:12:11,1,4.58,26.37,0.93,0.87,28.5,yellow,credit card,Long Island City/Hunters Point,Hunts Point,Queens,Bronx
2019-03-04 10:59:12,2019-03-04 11:13:36,1,0.94,10.08,0.05,0.07,16.3,yellow,cash,Bloomingdale,Lincoln Square East,Manhattan,Manhattan
2019-03-07 11:55:55,2019-03-07 12:10:44,1,2.41,3.8,1.47,0.0,18.5,yellow,credit card,Times Sq/Theatre District,Crotona Park East,Manhattan,Bronx
2019-03-23 14:29:18,2019-03-23 14:45:20,1,0.9,13.1,0.43,0.42,22.8,yellow,cash,Midtown North,Claremont/Bathgate,Manhattan,Bronx
2019-02-28 08:56:46,2019-02-28 09:11:45,1,4.28,3.4,0.16,0.14,10.4,yellow,credit card,Kips Bay,SoHo,Manhattan,Manhattan
2019-03-20 05:14:30,2019-03-20 05:28:33,1,2.38,10.1,2.03,0.04,11.98,yellow,cash,Lincoln Square East,Old Astoria,Manhattan,Queens
2019-03-12 06:47:25,2019-03-12 07:01:17,1,3.29,18.9,0.46,0.03,35.13,yellow,credit card,Penn Station/Madison Sq West,Midwood,Manhattan,Brooklyn
2019-03-28 13:40:53,2019-03-28 13:54:10,1,2.24,16.4,1.51,0.24,25.51,yellow,cash,Upper West Side South,Manhattan Beach,Manhattan,Brooklyn
2019-03-22 01:49:47,2019-03-22 02:04:13,3,4.31,12.36,0.62,0.01,16.2,yellow,credit card,Upper East Side South,Downtown Brooklyn/MetroTech,Manhattan,Brooklyn
2019-03-30 04:15:12,2019-03-30 04:27:01,1,4.55,9.2,0.05,0.66,36.01,yellow,cash,Upper East Side South,Van Cortlandt Village,Manhattan,Bronx
2019-03-26 23:03:39,2019-03-26 23:19:11,1,1.59,8.2,0.07,0.01,26.14,yellow,credit card,Kips Bay,Little Italy/NoLiTa,Manhattan,Manhattan
2019-03-09 12:44:50,2019-03-09 12:56:33,1,0.36,12.93,1.31,0.52,34.3,yellow,cash,Elmhurst,Chinatown,Queens,Manhattan
2019-03-19 09:57:47,2019-03-19 10:11:40,1,3.47,9.5,4.74,0.1,14.67,yellow,credit card,Lenox Hill East,West Chelsea/Hudson Yards,Manhattan,Manhattan
2019-03-26 16:37:25,2019-03-26 16:53:45,1,0.97,20.31,1.39,0.45,31.9,yellow,cash,Central Harlem North,East Elmhurst,Manhattan,Queens
2019-03-30 20:04:28,2019-03-30 20:19:15,1,0.73,4.1,1.63,0.19,15.77,yellow,credit card,Lenox Hill West,Co-Op City,Manhattan,Bronx
2019-03-22 03:08:26,2019-03-22 03:24:04,1,4.15,13.31,3.98,0.01,14.1,yellow,cash,Midtown Center,Old Astoria,Manhattan,Queens
2019-03-17 03:32:27,2019-03-17 03:49:15,1,0.32,20.8,1.34,0.2,22.42,yellow,credit card,Midtown East,Co-Op City,Manhattan,Bronx
2019-03-28 07:53:59,2019-03-28 08:09:50,1,0.26,13.2,8.46,0.02,27.58,yellow,cash,Union Sq,Upper West Side South,Manhattan,Manhattan
2019-03-23 13:58:57,2019-03-23 14:13:42,1,1.27,4.2,0.75,0.18,15.71,yellow,credit card,Upper East Side North,Howard Beach,Manhattan,Queens
2019-03-11 21:48:50,2019-03-11 22:04:34,1,6.52,10.4,2.38,0.04,17.91,yellow,cash,Battery Park City,Steinway,Manhattan,Queens
2019-03-23 20:16:36,2019-03-23 20:33:42,1,10.09,3.5,1.18,0.43,14.39,yellow,credit card,Upper East Side South,Prospect Heights,Manhattan,Brooklyn
2019-03-13 23:35:49,2019-03-13 23:49:31,1,4.48,16.5,5.26,0.03,22.09,yellow,cash,Midtown Center,Greenwich Village South,Manhattan,Manhattan
2019-03-12 18:09:24,2019-03-12 18:23:17,1,3.29,10.85,1.05,0.3,14.2,yellow,credit card,East Chelsea,Midtown North,Manhattan,Manhattan
2019-03-02 16:20:50,2019-03-02 16:34:58,5,2.51,45.1,0.99,2.36,50.46,yellow,cash,Forest Hills,Steinway,Queens,Queens
2019-03-13 18:06:10,2019-03-13 18:19:25,1,5.29,7.9,2.32,0.16,20.7,yellow,credit card,World Trade Center,West Village,Manhattan,Manhattan
2019-03-01 20:48:28,2019-03-01 21:00:45,1,3.01,20.9,2.68,0.08,24.35,yellow,cash,Lincoln Square East,Jamaica,Manhattan,Queens
2019-03-10 15:10:26,2019-03-10 15:23:15,2,2.69,12.87,9.56,0.01,15.0,yellow,credit card,UN/Turtle Bay South,Roosevelt Island,Manhattan,Manhattan
2019-03-14 04:37:39,2019-03-14 04:50:58,1,2.93,5.2,0.45,0.07,28.14,yellow,cash,Clinton East,Elmhurst/Maspeth,Manhattan,Queens
2019-03-15 01:37:28,2019-03-15 01:51:11,2,4.28,13.2,0.07,0.06,17.99,yellow,credit card,Lincoln Square East,Washington Heights North,Manhattan,Manhattan
2019-03-12 07:17:59,2019-03-12 07:29:28,1,0.49,7.43,1.55,0.15,16.6,yellow,cash,Upper West Side North,Saint Albans,Manhattan,Queens
2019-03-04 00:45:03,2019-03-04 00:58:12,1,5.77,5.0,1.5,0.15,13.5,yellow,credit card,UN/Turtle Bay South,LaGuardia Airport,Manhattan,Queens
2019-03-14 04:22:08,2019-03-14 04:35:45,1,1.72,6.63,0.37,0.98,62.5,yellow,cash,LaGuardia Airport,West Village,Queens,Manhattan
2019-03-07 03:21:09,2019-03-07 03:33:17,1,4.93,12.6,1.01,0.11,20.89,yellow,credit card,Times Sq/Theatre District,Red Hook,Manhattan,Brooklyn
2019-03-05 04:21:45,2019-03-05 04:35:18,1,2.95,11.17,2.49,0.47,11.6,yellow,cash,Park Slope,Glendale,Brooklyn,Queens
2019-03-23 11:32:19,2019-03-23 11:47:57,1,0.68,15.9,0.56,0.06,25.28,yellow,credit card,Midwood,East Flatbush/Remsen Village,Brooklyn,Brooklyn
2019-03-28 02:32:38,2019-03-28 02:46:59,5,3.74,7.8,0.92,0.1,13.2,yellow,cash,Times Sq/Theatre District,Belmont,Manhattan,Bronx
2019-03-04 14:29:06,2019-03-04 14:43:44,4,3.27,10.3,0.19,0.31,36.78,yellow,credit card,East Harlem North,West Concourse,Manhattan,Bronx
2019-03-28 13:51:57,2019-03-28 14:07:33,0,1.27,17.0,3.24,0.06,22.11,yellow,cash,UN/Turtle Bay South,Maspeth,Manhattan,Queens
2019-03-05 15:30:52,2019-03-05 15:46:29,3,0.38,7.9,0.23,0.22,15.92,yellow,credit card,Gramercy,Jamaica Estates,Manhattan,Queens
2019-03-25 13:22:47,2019-03-25 13:36:04,1,1.91,7.3,2.91,0.11,18.1,yellow,cash,Murray Hill,Washington Heights South,Manhattan,Manhattan
2019-03-06 08:15:52,2019-03-06 08:30:19,1,0.5,11.74,0.7,0.04,20.5,yellow,credit card,Midtown North,Whitestone,Manhattan,Queens
2019-03-06 21:07:07,2019-03-06 21:21:09,1,5.02,8.6,0.61,0.38,19.05,yellow,cash,World Trade Center,University Heights/Morris Heights,Manhattan,Bronx
2019-03-30 07:25:32,2019-03-30 07:38:58,1,2.24,12.32,6.71,0.96,12.6,yellow,credit card,JFK Airport,Morningside Heights,Queens,Manhattan
2019-03-08 03:33:33,2019-03-08 03:50:00,1,0.03,7.7,4.14,0.01,22.19,yellow,cash,East Chelsea,Manhattan Beach,Manhattan,Brooklyn
2019-03-17 08:02:00,2019-03-17 08:17:26,2,7.32,14.3,0.85,0.24,22.56,yellow,credit card,Upper West Side South,Allerton/Pelham Gardens,Manhattan,Bronx
2019-03-27 16:26:44,2019-03-27 16:40:49,1,3.51,8.54,3.89,0.02,13.0,yellow,cash,East Village,Oakland Gardens,Manhattan,Queens
2019-03-25 00:39:36,2019-03-25 00:53:08,1,3.36,8.4,0.55,0.11,29.72,yellow,credit card,TriBeCa/Civic Center,Stuyvesant Heights,Manhattan,Brooklyn
2019-03-13 09:11:26,2019-03-13 09:26:58,1,1.68,17.5,1.57,0.84,18.2,yellow,cash,Greenpoint,Bedford Park,Brooklyn,Bronx
2019-02-28 14:49:11,2019-02-28 15:04:49,1,1.34,5.7,0.86,0.17,41.14,yellow,credit card,Midtown South,Norwood,Manhattan,Bronx
2019-03-28 02:35:23,2019-03-28 02:49:39,1,0.97,4.7,1.51,0.0,16.83,yellow,cash,Upper East Side South,Stapleton,Manhattan,Staten Island
2019-03-27 09:39:57,2019-03-27 09:56:02,2,0.53,7.4,1.62,0.01,9.75,yellow,credit card,Yorkville East,Ocean Hill,Manhattan,Brooklyn
2019-03-08 01:17:00,2019-03-08 01:35:02,1,2.78,4.2,0.95,0.1,29.14,yellow,cash,Midtown Center,Midtown North,Manhattan,Manhattan
2019-03-15 12:07:47,2019-03-15 12:24:36,1,2.79,8.1,0.78,0.27,16.19,yellow,credit card,Kips Bay,Glendale,Manhattan,Queens
2019-03-12 10:02:19,2019-03-12 10:15:05,1,2.68,8.38,3.8,0.09,10.61,yellow,cash,Lincoln Square East,Jamaica Estates,Manhattan,Queens
2019-03-28 05:08:01,2019-03-28 05:20:39,1,24.92,9.9,2.23,3.47,15.72,yellow,credit card,LaGuardia Airport,Bayside,Queens,Queens
2019-03-07 17:39:35,2019-03-07 17:55:14,6,13.04,11.81,1.8,1.41,43.2,yellow,cash,LaGuardia Airport,Crown Heights South,Queens,Brooklyn
2019-03-26 11:49:01,2019-03-26 12:04:30,1,0.62,6.06,0.53,0.14,11.7,yellow,credit card,Upper East Side South,Bushwick South,Manhattan,Brooklyn
2019-03-16 13:31:46,2019-03-16 13:49:23,1,1.51,19.98,0.03,0.6,20.2,yellow,cash,Clinton East,Boerum Hill,Manhattan,Brooklyn
2019-03-31 03:13:20,2019-03-31 03:27:00,1,6.38,8.1,0.4,0.04,18.04,yellow,credit card,Kips Bay,Ozone Park,Manhattan,Queens
2019-03-06 19:17:39,2019-03-06 19:32:40,5,0.07,8.4,1.26,0.09,14.6,yellow,cash,Lenox Hill West,South Ozone Park,Manhattan,Queens
2019-03-05 22:32:44,2019-03-05 22:48:28,1,1.86,4.5,0.24,0.28,22.82,yellow,credit card,Boerum Hill,Meatpacking/West Village West,Brooklyn,Manhattan
2019-03-23 14:46:59,2019-03-23 15:01:58,2,0.16,16.55,2.79,0.03,21.2,yellow,cash,Union Sq,Washington Heights South,Manhattan,Manhattan
2019-03-10 13:35:35,2019-03-10 13:50:38,1,0.22,10.5,2.66,0.33,14.75,yellow,credit card,Clinton East,Steinway,Manhattan,Queens
2019-03-01 15:40:42,2019-03-01 15:56:59,1,5.33,7.04,0.04,0.55,7.8,yellow,cash,Midtown South,Murray Hill,Manhattan,Manhattan
2019-03-17 06:49:48,2019-03-17 07:04:49,1,4.82,10.6,3.75,0.12,16.21,yellow,credit card,Murray Hill,Westchester Village/Unionport,Manhattan,Bronx
2019-03-14 14:19:35,2019-03-14 14:31:07,1,6.79,13.56,1.29,2.57,20.2,yellow,cash,JFK Airport,Briarwood/Jamaica Hills,Queens,Queens
2019-03-04 06:30:57,2019-03-04 06:46:05,1,0.77,13.8,2.72,0.28,34.67,yellow,credit card,Upper East Side North,Ocean Hill,Manhattan,Brooklyn
2019-03-16 19:26:52,2019-03-16 19:39:08,1,8.31,14.8,7.56,1.48,25.16,yellow,cash,LaGuardia Airport,Yorkville West,Queens,Manhattan
2019-03-12 03:55:57,2019-03-12 04:10:25,3,1.49,12.7,0.16,0.16,23.89,yellow,credit card,East Concourse/Concourse Village,Whitestone,Bronx,Queens
2019-03-22 08:51:06,2019-03-22 09:03:01,6,8.36,51.4,1.17,0.17,71.04,yellow,cash,Brighton Beach,Marine Park/Mill Basin,Brooklyn,Brooklyn
2019-03-31 23:35:45,2019-03-31 23:50:58,1,1.65,23.1,0.14,0.26,23.43,yellow,credit card,SoHo,Prospect Heights,Manhattan,Brooklyn
2019-03-30 00:13:13,2019-03-30 00:26:32,1,4.35,9.7,3.19,0.66,61.31,yellow,cash,Forest Hills,Crown Heights South,Queens,Brooklyn
2019-03-06 10:29:14,2019-03-06 10:45:34,1,4.73,8.3,1.47,0.14,23.61,yellow,credit card,Murray Hill,Upper West Side North,Manhattan,Manhattan
2019-03-19 03:51:19,2019-03-19 04:05:07,1,0.9,13.8,0.21,0.12,26.57,yellow,cash,Clinton West,Clinton East,Manhattan,Manhattan
2019-03-02 02:37:50,2019-03-02 02:52:29,1,2.0,7.0,3.19,0.14,10.71,yellow,credit card,West Chelsea/Hudson Yards,Morrisania/Melrose,Manhattan,Bronx
2019-03-12 07:23:03,2019-03-12 07:37:09,3,3.82,7.1,0.67,0.01,25.65,yellow,cash,Times Sq/Theatre District,Kips Bay,Manhattan,Manhattan
2019-03-05 10:52:35,2019-03-05 11:05:55,2,9.38,17.5,0.29,0.15,22.76,yellow,credit card,Hamilton Heights,Two Bridges/Seward Park,Manhattan,Manhattan
2019-03-23 15:29:05,2019-03-23 15:43:20,1,13.59,13.1,4.0,3.41,33.45,yellow,cash,Elmhurst,West Concourse,Queens,Bronx
2019-03-30 07:59:37,2019-03-30 08:13:47,1,0.23,7.5,3.22,0.0,18.82,yellow,credit card,Midtown South,Upper West Side South,Manhattan,Manhattan
2019-03-27 12:33:26,2019-03-27 12:48:47,1,0.3,8.7,1.11,0.04,19.63,yellow,cash,East Village,Sutton Place/Turtle Bay North,Manhattan,Manhattan
2019-03-16 23:34:34,2019-03-16 23:48:43,1,6.98,8.0,0.39,0.15,18.4,yellow,credit card,Canarsie,Midtown Center,Brooklyn,Manhattan
2019-03-15 13:48:58,2019-03-15 14:02:28,2,6.2,6.28,0.63,0.04,13.9,yellow,cash,Hudson Sq,East Flatbush/Farragut,Manhattan,Brooklyn
2019-03-06 16:37:56,2019-03-06 16:53:13,3,0.41,9.4,0.28,0.17,9.81,yellow,credit card,TriBeCa/Civic Center,Van Cortlandt Village,Manhattan,Bronx
2019-03-26 04:02:09,2019-03-26 04:16:32,1,2.94,11.6,0.49,0.13,22.91,yellow,cash,Greenwich Village South,West Concourse,Manhattan,Bronx
2019-03-15 21:37:08,2019-03-15 21:52:57,2,6.13,4.8,0.37,0.2,7.12,yellow,credit card,Boerum Hill,Sunnyside,Brooklyn,Queens
2019-03-16 09:32:12,2019-03-16 09:44:38,1,3.53,4.4,1.23,0.28,15.19,yellow,cash,Midtown South,Gramercy,Manhattan,Manhattan
2019-03-10 17:12:14,2019-03-10 17:28:12,1,2.25,5.16,3.04,0.53,17.9,yellow,credit card,West Chelsea/Hudson Yards,Queensbridge/Ravenswood,Manhattan,Queens
2019-03-14 17:51:14,2019-03-14 18:03:51,1,0.15,13.3,0.14,0.03,13.7,yellow,cash,Kips Bay,College Point,Manhattan,Queens
2019-02-28 07:39:55,2019-02-28 07:53:09,1,0.28,2.7,0.73,0.38,13.74,yellow,credit card,Midtown East,DUMBO/Vinegar Hill,Manhattan,Brooklyn
2019-03-03 13:32:52,2019-03-03 13:51:20,1,4.78,10.6,0.82,0.17,24.69,yellow,cash,Midtown Center,Whitestone,Manhattan,Queens
2019-03-18 01:00:19,2019-03-18 01:12:21,1,1.74,17.4,0.08,0.28,19.32,yellow,credit card,East Chelsea,Prospect-Lefferts Gardens,Manhattan,Brooklyn
2019-03-07 21:40:02,2019-03-07 21:55:50,1,3.06,15.9,7.53,4.24,21.61,yellow,cash,LaGuardia Airport,Old Astoria,Queens,Queens
2019-03-27 03:42:11,2019-03-27 03:54:39,1,3.31,5.09,0.6,0.02,15.3,yellow,credit card,East Village,West Concourse,Manhattan,Bronx
2019-03-30 17:57:54,2019-03-30 18:15:01,1,2.69,6.7,1.78,0.02,9.83,yellow,cash,Gramercy,Bedford,Manhattan,Brooklyn
2019-03-30 19:08:43,2019-03-30 19:21:49,1,1.47,12.1,8.39,0.16,15.24,yellow,credit card,Midtown North,Prospect Park,Manhattan,Brooklyn
2019-03-26 19:37:51,2019-03-26 19:50:16,1,2.22,7.6,4.6,0.04,19.32,yellow,cash,Yorkville East,Auburndale,Manhattan,Queens
2019-03-28 01:55:20,2019-03-28 02:10:08,1,0.81,8.5,1.94,2.74,10.75,yellow,credit card,East Elmhurst,Mount Hope,Queens,Bronx
2019-03-28 12:36:43,2019-03-28 12:52:54,1,1.24,10.58,6.79,0.08,13.0,yellow,cash,West Village,Sunset Park West,Manhattan,Brooklyn
2019-03-12 10:44:41,2019-03-12 10:59:19,1,0.64,4.9,0.09,0.12,30.25,yellow,credit card,Midtown East,Roosevelt Island,Manhattan,Manhattan
2019-03-29 12:30:07,2019-03-29 12:44:15,1,3.28,6.0,0.82,0.02,21.22,yellow,cash,East Village,Corona,Manhattan,Queens
2019-03-02 05:04:58,2019-03-02 05:18:47,2,0.6,8.8,2.66,0.12,28.86,yellow,credit card,Yorkville East,Hunts Point,Manhattan,Bronx
2019-03-23 12:16:56,2019-03-23 12:29:55,1,4.54,7.25,6.48,0.02,17.6,yellow,cash,East Harlem North,Murray Hill-Queens,Manhattan,Queens
2019-03-08 21:48:45,2019-03-08 22:02:42,1,0.53,8.4,0.14,0.23,38.78,yellow,credit card,Greenwich Village South,Mott Haven/Port Morris,Manhattan,Bronx
2019-03-20 09:41:15,2019-03-20 09:56:24,1,0.43,5.6,1.34,0.0,10.68,yellow,cash,TriBeCa/Civic Center,Baisley Park,Manhattan,Queens
2019-03-26 19:12:31,2019-03-26 19:27:44,2,0.47,9.2,0.61,0.06,13.02,yellow,credit card,Central Harlem,Gowanus,Manhattan,Brooklyn
2019-03-08 16:38:57,2019-03-08 16:52:19,1,1.55,7.26,0.37,0.05,25.0,yellow,cash,Flatbush/Ditmas Park,Woodside,Brooklyn,Queens
2019-03-17 10:22:41,2019-03-17 10:36:09,5,6.82,5.7,3.32,0.11,28.17,yellow,credit card,Midtown South,Fresh Meadows,Manhattan,Queens
2019-03-24 22:45:08,2019-03-24 22:59:15,3,2.84,9.24,1.55,0.03,12.5,yellow,cash,Morningside Heights,Roosevelt Island,Manhattan,Manhattan
2019-03-26 13:39:47,2019-03-26 13:55:28,6,4.93,6.51,0.92,0.19,21.2,yellow,credit card,TriBeCa/Civic Center,Mount Hope,Manhattan,Bronx
2019-03-19 20:38:50,2019-03-19 20:52:14,0,0.37,4.3,2.55,0.02,20.53,yellow,cash,Lincoln Square East,Roosevelt Island,Manhattan,Manhattan
2019-02-28 03:04:55,2019-02-28 03:19:11,1,23.7,15.9,0.8,0.06,47.34,yellow,credit card,Fort Greene,East Flatbush/Remsen Village,Brooklyn,Brooklyn
2019-03-24 20:26:56,2019-03-24 20:41:21,1,0.65,19.9,0.45,0.13,20.49,yellow,cash,Lenox Hill West,East Elmhurst,Manhattan,Queens
2019-03-20 23:30:35,2019-03-20 23:45:43,1,3.94,14.2,1.15,0.33,24.91,yellow,credit card,Prospect Park,Woodside,Brooklyn,Queens
2019-03-19 17:19:46,2019-03-19 17:36:51,1,2.65,12.1,3.17,0.17,14.92,yellow,cash,Garment District,Brighton Beach,Manhattan,Brooklyn
2019-03-23 13:17:35,2019-03-23 13:32:11,1,1.98,14.98,0.11,0.02,27.5,yellow,credit card,Lincoln Square East,East Flatbush/Farragut,Manhattan,Brooklyn
2019-03-14 08:24:13,2019-03-14 08:37:13,1,1.05,10.93,3.84,0.15,24.7,yellow,cash,Yorkville East,Van Nest/Morris Park,Manhattan,Bronx
2019-03-26 01:28:35,2019-03-26 01:42:57,1,1.58,4.4,0.4,0.12,14.4,yellow,credit card,Financial District North,Crotona Park East,Manhattan,Bronx
2019-03-17 14:47:04,2019-03-17 15:02:10,1,0.75,4.1,1.9,0.07,14.65,yellow,cash,West Chelsea/Hudson Yards,Starrett City,Manhattan,Brooklyn
2019-02-28 15:24:01,2019-02-28 15:39:59,1,1.32,10.7,4.49,0.27,12.14,yellow,credit card,Union Sq,Manhattan Beach,Manhattan,Brooklyn
2019-03-19 15:53:34,2019-03-19 16:08:32,1,1.07,7.45,0.26,0.28,13.7,yellow,cash,Washington Heights South,West Concourse,Manhattan,Bronx
2019-03-27 23:38:23,2019-03-27 23:52:29,1,4.95,15.06,1.87,0.07,38.6,yellow,credit card,Upper West Side South,Gowanus,Manhattan,Brooklyn
2019-03-26 12:38:51,2019-03-26 12:52:42,1,1.44,9.7,1.15,0.07,11.09,yellow,cash,West Chelsea/Hudson Yards,Bath Beach,Manhattan,Brooklyn
2019-03-24 09:59:20,2019-03-24 10:17:15,1,0.13,2.7,1.52,0.12,15.94,yellow,credit card,Murray Hill,East Village,Manhattan,Manhattan
2019-03-07 11:45:51,2019-03-07 11:59:32,1,6.83,5.16,3.02,0.07,11.7,yellow,cash,Lenox Hill West,Battery Park,Manhattan,Manhattan
2019-03-14 13:24:32,2019-03-14 13:40:21,3,0.49,5.5,2.1,0.29,7.31,yellow,credit card,Upper West Side South,Steinway,Manhattan,Queens
2019-03-20 14:22:30,2019-03-20 14:36:21,2,0.71,16.95,2.45,0.26,23.3,yellow,cash,Greenwich Village South,East Elmhurst,Manhattan,Queens
2019-03-01 07:29:56,2019-03-01 07:43:58,1,3.84,13.11,0.23,0.53,14.4,yellow,credit card,LaGuardia Airport,Midtown North,Queens,Manhattan
2019-02-28 21:19:08,2019-02-28 21:34:05,1,2.6,4.7,2.6,0.34,14.97,yellow,cash,Times Sq/Theatre District,TriBeCa/Civic Center,Manhattan,Manhattan
2019-03-05 23:41:56,2019-03-05 23:54:36,1,6.29,35.8,0.93,2.0,59.3,yellow,credit card,Long Island City/Hunters Point,East Flatbush/Remsen Village,Queens,Brooklyn
2019-03-02 17:03:38,2019-03-02 17:17:10,1,1.23,8.73,1.5,0.07,20.8,yellow,cash,Midtown North,Washington Heights North,Manhattan,Manhattan
2019-03-25 04:44:10,2019-03-25 04:57:51,1,7.09,8.84,1.38,1.38,52.0,yellow,credit card,JFK Airport,Two Bridges/Seward Park,Queens,Manhattan
2019-03-22 01:38:35,2019-03-22 01:54:30,1,0.45,7.6,0.24,0.06,21.67,yellow,cash,Midtown Center,Union Sq,Manhattan,Manhattan
2019-03-06 19:13:29,2019-03-06 19:27:56,3,2.09,10.23,1.24,0.13,12.3,yellow,credit card,Kips Bay,Mott Haven/Port Morris,Manhattan,Bronx
2019-03-08 09:41:10,2019-03-08 09:55:24,4,0.33,15.2,1.4,0.12,28.96,yellow,cash,Homecrest,Oakland Gardens,Brooklyn,Queens
2019-03-04 10:23:57,2019-03-04 10:35:57,1,4.32,4.1,0.24,0.69,58.61,yellow,credit card,LaGuardia Airport,Bensonhurst East,Queens,Brooklyn
2019-03-05 14:21:39,2019-03-05 14:37:16,2,1.49,7.7,2.77,0.06,17.7,yellow,cash,Kips Bay,Financial District South,Manhattan,Manhattan
2019-03-15 18:04:03,2019-03-15 18:17:10,1,1.01,29.8,0.46,0.07,44.24,yellow,credit card,Downtown Brooklyn/MetroTech,Bay Ridge,Brooklyn,Brooklyn
2019-03-08 05:07:55,2019-03-08 05:22:34,1,1.04,21.9,1.05,0.02,38.4,yellow,cash,World Trade Center,Sheepshead Bay,Manhattan,Brooklyn
2019-03-23 11:56:49,2019-03-23 12:09:36,1,0.56,5.6,3.64,0.06,24.36,yellow,credit card,UN/Turtle Bay South,Downtown Brooklyn/MetroTech,Manhattan,Brooklyn
2019-03-18 12:58:11,2019-03-18 13:11:51,1,0.5,9.5,0.82,0.02,13.6,yellow,cash,Flatiron,Crown Heights North,Manhattan,Brooklyn
2019-03-26 04:58:27,2019-03-26 05:13:24,1,0.28,5.0,2.02,0.04,9.24,yellow,credit card,Morningside Heights,Homecrest,Manhattan,Brooklyn
2019-03-22 01:57:36,2019-03-22 02:11:52,1,11.01,37.2,0.55,3.69,68.65,yellow,cash,Woodside,Central Harlem North,Queens,Manhattan
2019-03-24 22:29:19,2019-03-24 22:43:20,1,3.07,16.88,2.05,0.43,20.8,yellow,credit card,Bayside,Morrisania/Melrose,Queens,Bronx
2019-03-12 03:28:30,2019-03-12 03:43:44,1,0.95,11.17,0.72,0.2,15.4,yellow,cash,Penn Station/Madison Sq West,Downtown Brooklyn/MetroTech,Manhattan,Brooklyn
2019-03-05 08:11:15,2019-03-05 08:23:14,1,0.54,12.5,0.95,0.09,20.76,yellow,credit card,Midtown East,Dyker Heights,Manhattan,Brooklyn
2019-03-13 20:23:39,2019-03-13 20:37:37,1,0.57,9.1,0.62,0.06,12.17,yellow,cash,Upper East Side South,UN/Turtle Bay South,Manhattan,Manhattan
2019-03-13 20:25:52,2019-03-13 20:41:06,1,1.93,7.1,0.62,0.11,26.73,yellow,credit card,TriBeCa/Civic Center,East Concourse/Concourse Village,Manhattan,Bronx
2019-03-30 09:44:09,2019-03-30 10:00:14,1,1.77,10.18,1.04,0.18,21.5,yellow,cash,Sutton Place/Turtle Bay North,Midwood,Manhattan,Brooklyn
2019-03-10 15:04:37,2019-03-10 15:17:35,1,1.85,8.3,2.18,0.46,10.93,yellow,credit card,East Village,Ocean Hill,Manhattan,Brooklyn
2019-03-19 01:19:52,2019-03-19 01:34:00,1,2.35,7.2,1.38,0.37,15.23,yellow,cash,East Village,Ridgewood,Manhattan,Queens
2019-03-06 16:02:06,2019-03-06 16:17:51,1,1.11,11.8,6.91,0.04,15.73,yellow,credit card,Greenwich Village North,Flushing Meadows-Corona Park,Manhattan,Queens
2019-03-08 07:45:42,2019-03-08 07:58:55,1,6.23,11.94,1.21,0.04,21.1,yellow,cash,Upper East Side North,Park Slope,Manhattan,Brooklyn
2019-03-04 13:46:10,2019-03-04 14:00:22,1,2.69,14.18,1.05,0.09,16.2,yellow,credit card,Greenwich Village North,Hudson Sq,Manhattan,Manhattan
2019-03-20 23:45:36,2019-03-21 00:00:31,1,1.3,5.2,2.28,0.04,7.17,yellow,cash,East Harlem North,Woodlawn/Wakefield,Manhattan,Bronx
2019-03-18 09:26:38,2019-03-18 09:39:42,1,1.44,3.2,1.31,0.21,10.05,yellow,credit card,Upper West Side North,Mount Hope,Manhattan,Bronx
2019-03-20 16:23:54,2019-03-20 16:38:10,1,6.61,6.47,0.04,0.85,21.9,yellow,cash,East Concourse/Concourse Village,Midwood,Bronx,Brooklyn
2019-03-26 04:19:41,2019-03-26 04:34:34,1,1.9,4.44,0.68,0.02,30.0,yellow,credit card,Williamsburg (South Side),SoHo,Brooklyn,Manhattan
2019-03-01 09:25:37,2019-03-01 09:38:39,1,1.05,7.9,3.84,0.11,28.48,yellow,cash,Penn Station/Madison Sq West,North Corona,Manhattan,Queens
2019-03-21 07:31:55,2019-03-21 07:47:37,4,0.38,14.3,2.4,0.25,23.04,yellow,credit card,Lincoln Square East,Co-Op City,Manhattan,Bronx
2019-03-25 01:03:26,2019-03-25 01:15:40,1,0.28,9.47,2.99,0.04,11.7,yellow,cash,Greenwich Village North,Flushing Meadows-Corona Park,Manhattan,Queens
2019-03-11 12:20:26,2019-03-11 12:36:19,2,2.67,9.41,0.29,0.43,13.2,yellow,credit card,Midtown East,Eastchester,Manhattan,Bronx
2019-03-27 00:06:04,2019-03-27 00:20:13,1,0.36,11.89,0.65,0.77,17.4,yellow,cash,Midtown Center,East Concourse/Concourse Village,Manhattan,Bronx
2019-03-25 15:54:38,2019-03-25 16:08:18,1,2.81,10.1,2.44,0.03,19.21,yellow,credit card,Lenox Hill West,West Brighton,Manhattan,Staten Island
2019-03-01 03:22:03,2019-03-01 03:36:40,1,3.31,13.13,2.3,3.15,73.7,yellow,cash,Rosedale,Marine Park/Mill Basin,Queens,Brooklyn
2019-03-09 12:34:22,2019-03-09 12:46:48,1,9.54,15.1,1.62,0.23,21.57,yellow,credit card,Lenox Hill East,Upper East Side North,Manhattan,Manhattan
2019-03-06 03:54:53,2019-03-06 04:11:45,1,0.71,8.9,2.79,0.04,13.53,yellow,cash,Penn Station/Madison Sq West,Borough Park,Manhattan,Brooklyn
2019-03-20 15:53:22,2019-03-20 16:10:20,1,0.73,17.9,2.97,0.08,30.09,yellow,credit card,Lenox Hill East,East Tremont,Manhattan,Bronx
2019-03-18 17:08:38,2019-03-18 17:26:27,5,3.17,16.5,1.43,0.06,26.08,yellow,cash,Upper East Side North,Soundview/Bruckner,Manhattan,Bronx
2019-03-30 21:02:41,2019-03-30 21:18:07,1,2.9,3.1,2.59,0.12,30.65,yellow,credit card,Upper East Side North,Norwood,Manhattan,Bronx
2019-03-11 03:57:36,2019-03-11 04:13:58,1,4.89,7.33,6.0,0.32,26.98,yellow,cash,Midtown North,Sheepshead Bay,Manhattan,Brooklyn
2019-03-06 07:09:58,2019-03-06 07:21:58,1,2.2,13.22,0.53,0.12,25.9,yellow,credit card,Financial District South,Woodlawn/Wakefield,Manhattan,Bronx
2019-03-29 04:28:07,2019-03-29 04:42:28,1,1.06,5.6,5.25,0.39,13.56,yellow,cash,Sutton Place/Turtle Bay North,Battery Park,Manhattan,Manhattan
2019-03-18 20:11:13,2019-03-18 20:24:45,1,0.36,4.9,3.07,0.17,11.24,yellow,credit card,West Village,Bedford,Manhattan,Brooklyn
2019-03-09 07:30:25,2019-03-09 07:43:38,1,8.49,42.38,1.65,3.86,75.9,yellow,cash,Jamaica,Times Sq/Theatre District,Queens,Manhattan
2019-03-29 06:01:06,2019-03-29 06:14:02,1,3.4,10.0,3.03,0.11,28.09,yellow,credit card,Lenox Hill West,Flushing Meadows-Corona Park,Manhattan,Queens
2019-03-16 00:08:47,2019-03-16 00:22:22,1,5.26,15.95,0.32,3.2,18.5,yellow,cash,Queensbridge/Ravenswood,Bensonhurst West,Queens,Brooklyn
2019-03-03 11:24:34,2019-03-03 11:40:31,2,2.27,7.93,2.97,0.07,24.8,yellow,credit card,Lincoln Square East,Greenwich Village South,Manhattan,Manhattan
2019-03-03 21:54:24,2019-03-03 22:08:20,1,0.72,14.48,3.89,0.05,18.2,yellow,cash,Upper East Side South,Ozone Park,Manhattan,Queens
2019-03-05 02:15:31,2019-03-05 02:30:28,1,5.18,7.5,0.28,0.15,14.03,yellow,credit card,Lincoln Square West,Oakland Gardens,Manhattan,Queens
2019-03-26 11:26:33,2019-03-26 11:38:18,1,0.72,8.69,0.45,0.05,11.8,yellow,cash,Midtown Center,East Concourse/Concourse Village,Manhattan,Bronx
2019-03-31 03:38:48,2019-03-31 03:52:59,2,0.92,11.5,0.85,0.06,12.04,yellow,credit card,Prospect-Lefferts Gardens,Little Italy/NoLiTa,Brooklyn,Manhattan
2019-03-01 06:22:09,2019-03-01 06:35:48,1,2.77,22.7,1.32,0.26,30.23,yellow,cash,Times Sq/Theatre District,East Flatbush/Farragut,Manhattan,Brooklyn
2019-03-11 08:36:39,2019-03-11 08:52:32,1,1.91,5.3,0.09,0.68,30.5,yellow,credit card,University Heights/Morris Heights,Homecrest,Bronx,Brooklyn
2019-03-16 22:10:51,2019-03-16 22:23:23,1,1.08,3.7,0.2,0.19,16.89,yellow,cash,Central Park,Bedford Park,Manhattan,Bronx
2019-02-28 13:41:50,2019-02-28 13:57:48,1,1.18,11.6,5.0,0.03,42.54,yellow,credit card,Murray Hill,Washington Heights South,Manhattan,Manhattan
2019-03-08 00:18:52,2019-03-08 00:33:02,1,5.92,8.4,0.72,0.23,12.15,yellow,cash,Manhattan Valley,Auburndale,Manhattan,Queens
2019-03-02 08:00:13,2019-03-02 08:13:55,2,0.89,7.9,1.11,0.49,9.67,yellow,credit card,Times Sq/Theatre District,Chinatown,Manhattan,Manhattan
2019-03-30 08:30:14,2019-03-30 08:43:56,1,0.33,7.57,5.0,0.13,10.27,yellow,cash,Penn Station/Madison Sq West,DUMBO/Vinegar Hill,Manhattan,Brooklyn
2019-03-11 18:28:17,2019-03-11 18:41:03,1,3.96,16.1,0.83,0.2,21.71,yellow,credit card,Little Italy/NoLiTa,East Harlem North,Manhattan,Manhattan
2019-03-25 04:53:06,2019-03-25 05:06:56,1,2.83,6.61,4.9,0.26,16.1,yellow,cash,Midtown South,Old Astoria,Manhattan,Queens
2019-03-05 01:52:17,2019-03-05 02:08:59,1,1.13,8.1,0.46,0.04,13.9,yellow,credit card,SoHo,Oakland Gardens,Manhattan,Queens
2019-03-26 08:18:34,2019-03-26 08:29:34,1,0.46,3.83,3.0,0.02,21.89,yellow,cash,Penn Station/Madison Sq West,Maspeth,Manhattan,Queens
2019-03-02 05:15:24,2019-03-02 05:29:59,3,0.42,10.3,1.5,0.37,46.93,yellow,credit card,Midtown North,Clinton Hill,Manhattan,Brooklyn
2019-03-16 18:12:18,2019-03-16 18:24:15,1,0.09,3.3,0.86,0.19,12.18,yellow,cash,Greenwich Village North,Hamilton Heights,Manhattan,Manhattan
2019-03-20 14:23:14,2019-03-20 14:39:37,3,1.57,8.4,0.99,0.16,30.58,yellow,credit card,Lincoln Square East,Central Harlem North,Manhattan,Manhattan
2019-03-17 01:33:28,2019-03-17 01:48:10,3,0.01,6.4,0.88,0.1,15.28,yellow,cash,Midtown East,West Village,Manhattan,Manhattan
2019-03-28 12:26:51,2019-03-28 12:41:36,5,3.9,26.5,4.8,1.47,33.93,yellow,credit card,LaGuardia Airport,Parkchester,Queens,Bronx
2019-03-24 12:29:57,2019-03-24 12:45:41,3,13.87,2.91,1.33,2.3,38.16,yellow,cash,LaGuardia Airport,Fort Greene,Queens,Brooklyn
2019-03-02 23:05:20,2019-03-02 23:22:56,1,1.64,14.8,1.57,0.0,17.43,yellow,credit card,Upper East Side North,Lincoln Square West,Manhattan,Manhattan
2019-03-05 00:36:05,2019-03-05 00:48:32,2,1.98,4.2,0.93,0.23,10.57,yellow,cash,Midtown Center,East New York,Manhattan,Brooklyn
2019-03-21 06:43:16,2019-03-21 06:58:20,1,0.08,3.9,0.37,0.58,10.67,yellow,credit card,Gramercy,Glendale,Manhattan,Queens
2019-03-07 17:25:32,2019-03-07 17:38:43,1,2.23,5.9,0.85,0.07,7.57,yellow,cash,Battery Park City,West Chelsea/Hudson Yards,Manhattan,Manhattan
2019-03-23 00:24:10,2019-03-23 00:38:00,5,3.12,8.38,5.04,0.07,21.7,yellow,credit card,Union Sq,Alphabet City,Manhattan,Manhattan
2019-03-14 21:29:22,2019-03-14 21:42:42,1,3.48,13.3,0.23,0.07,13.73,yellow,cash,Union Sq,TriBeCa/Civic Center,Manhattan,Manhattan
2019-03-06 11:22:55,2019-03-06 11:33:54,1,1.84,6.5,0.49,0.2,10.62,yellow,credit card,Midtown East,Manhattan Valley,Manhattan,Manhattan
2019-03-01 12:30:47,2019-03-01 12:46:26,1,1.5,9.2,0.08,0.04,19.92,yellow,cash,Upper West Side South,Manhattan Valley,Manhattan,Manhattan
2019-03-12 15:49:13,2019-03-12 16:04:09,1,0.79,8.4,1.38,0.05,13.74,yellow,credit card,Clinton East,Greenpoint,Manhattan,Brooklyn
2019-03-30 02:52:31,2019-03-30 03:05:17,5,0.21,7.75,2.33,0.22,17.2,yellow,cash,Garment District,Upper East Side North,Manhattan,Manhattan
2019-03-29 02:46:08,2019-03-29 02:59:53,1,4.14,10.1,0.09,0.08,14.15,yellow,credit card,Upper East Side North,Brooklyn Heights,Manhattan,Brooklyn
2019-03-12 19:40:23,2019-03-12 19:54:18,2,13.71,7.4,1.66,0.06,20.81,yellow,cash,East Harlem South,Flushing Meadows-Corona Park,Manhattan,Queens
2019-03-23 12:00:21,2019-03-23 12:13:45,1,3.42,3.8,2.77,0.07,12.92,yellow,credit card,Midtown East,Brownsville,Manhattan,Brooklyn
2019-03-16 15:06:23,2019-03-16 15:20:42,6,13.37,14.87,7.81,0.9,18.8,yellow,cash,LaGuardia Airport,Richmond Hill,Queens,Queens
2019-03-17 21:02:52,2019-03-17 21:16:44,1,0.26,9.1,2.58,0.02,12.18,yellow,credit card,Flatiron,Union Sq,Manhattan,Manhattan
2019-03-19 05:28:37,2019-03-19 05:43:37,5,7.07,5.3,0.43,0.15,38.33,yellow,cash,Midtown North,Astoria,Manhattan,Queens
2019-03-05 20:38:27,2019-03-05 20:53:16,1,0.31,13.8,0.22,0.23,40.85,yellow,credit card,Upper East Side South,Hamilton Heights,Manhattan,Manhattan
2019-03-07 10:07:44,2019-03-07 10:24:41,1,3.57,18.9,1.7,0.03,23.16,yellow,cash,Lenox Hill East,Williamsburg (North Side),Manhattan,Brooklyn
2019-03-28 11:32:34,2019-03-28 11:48:28,2,7.4,27.48,10.38,0.38,30.9,yellow,credit card,LaGuardia Airport,Meatpacking/West Village West,Queens,Manhattan
2019-03-04 14:54:12,2019-03-04 15:07:05,1,1.31,9.3,0.24,0.25,29.55,yellow,cash,Times Sq/Theatre District,East Flatbush/Farragut,Manhattan,Brooklyn
2019-03-29 00:38:14,2019-03-29 00:51:18,1,1.48,6.5,3.03,0.29,12.38,yellow,credit card,Seaport,Chinatown,Manhattan,Manhattan
2019-03-17 06:42:40,2019-03-17 06:56:30,1,0.19,5.9,2.93,0.16,13.94,yellow,cash,Morningside Heights,Morningside Heights,Manhattan,Manhattan
2019-03-14 03:41:18,2019-03-14 03:57:04,6,5.01,12.15,1.49,0.55,14.4,yellow,credit card,Meatpacking/West Village West,West Chelsea/Hudson Yards,Manhattan,Manhattan
2019-03-23 18:27:09,2019-03-23 18:45:50,2,0.17,16.12,0.34,0.28,16.6,yellow,cash,Sutton Place/Turtle Bay North,Middle Village,Manhattan,Queens
2019-03-23 00:04:51,2019-03-23 00:19:39,2,1.15,7.9,2.16,0.15,16.21,yellow,credit card,Sutton Place/Turtle Bay North,Murray Hill,Manhattan,Manhattan
2019-03-04 00:44:22,2019-03-04 00:59:46,1,0.05,6.8,0.78,0.41,8.12,yellow,cash,Boerum Hill,Crown Heights South,Brooklyn,Brooklyn
2019-03-15 08:09:54,2019-03-15 08:22:46,1,1.72,12.3,1.48,0.14,14.17,yellow,credit card,West Village,DUMBO/Vinegar Hill,Manhattan,Brooklyn
2019-03-14 02:56:17,2019-03-14 03:12:10,1,6.8,14.2,2.44,3.46,42.23,yellow,cash,Steinway,Murray Hill,Queens,Manhattan
2019-03-10 15:39:14,2019-03-10 15:54:01,1,5.74,6.63,0.5,0.03,48.4,yellow,credit card,Clinton East,Spuyten Duyvil/Kingsbridge,Manhattan,Bronx
2019-03-03 21:34:30,2019-03-03 21:48:00,2,1.49,4.88,4.4,0.03,16.82,yellow,cash,Upper East Side South,Claremont/Bathgate,Manhattan,Bronx
2019-03-22 07:18:24,2019-03-22 07:33:11,2,1.1,7.7,0.05,0.0,15.24,yellow,credit card,Greenwich Village North,Alphabet City,Manhattan,Manhattan
2019-03-13 00:25:50,2019-03-13 00:37:58,3,5.34,8.92,7.26,0.19,17.5,yellow,cash,Times Sq/Theatre District,Pelham Parkway,Manhattan,Bronx
2019-03-07 08:53:50,2019-03-07 09:11:35,1,0.01,13.94,0.5,0.03,21.4,yellow,credit card,Central Park,Melrose South,Manhattan,Bronx
2019-03-27 12:11:25,2019-03-27 12:23:49,2,2.38,15.21,1.35,0.17,25.2,yellow,cash,Times Sq/Theatre District,Clinton Hill,Manhattan,Brooklyn
2019-03-14 02:52:16,2019-03-14 03:06:41,1,1.27,11.74,0.24,0.22,16.0,yellow,credit card,Midtown North,Randalls Island,Manhattan,Manhattan
2019-03-29 02:00:20,2019-03-29 02:13:05,1,0.42,5.0,0.19,0.04,14.1,yellow,cash,Gravesend,Upper West Side North,Brooklyn,Manhattan
2019-03-21 21:58:05,2019-03-21 22:12:34,1,1.43,19.3,0.15,0.12,19.62,yellow,credit card,Bay Ridge,Sutton Place/Turtle Bay North,Brooklyn,Manhattan
2019-03-13 08:32:13,2019-03-13 08:44:35,1,5.15,13.2,2.25,0.44,63.75,yellow,cash,Jackson Heights,Hunts Point,Queens,Bronx
2019-03-23 14:06:36,2019-03-23 14:20:52,1,2.89,10.3,2.73,0.18,13.01,yellow,credit card,Upper West Side South,East New York,Manhattan,Brooklyn
2019-03-06 01:59:12,2019-03-06 02:15:25,1,1.65,9.33,0.09,0.16,11.3,yellow,cash,Upper West Side North,West Concourse,Manhattan,Bronx
2019-03-11 17:20:20,2019-03-11 17:33:14,1,1.17,10.2,2.43,0.08,13.3,yellow,credit card,Garment District,Woodhaven,Manhattan,Queens
2019-03-02 11:56:31,2019-03-02 12:12:38,5,4.3,9.6,0.65,0.03,12.99,yellow,cash,TriBeCa/Civic Center,Upper East Side North,Manhattan,Manhattan
2019-03-14 10:44:51,2019-03-14 11:00:51,1,1.14,9.3,0.7,0.09,10.4,yellow,credit card,TriBeCa/Civic Center,Starrett City,Manhattan,Brooklyn
2019-02-28 11:24:52,2019-02-28 11:36:47,1,0.56,6.6,1.8,0.46,14.71,yellow,cash,Clinton East,Meatpacking/West Village West,Manhattan,Manhattan
2019-03-11 03:20:54,2019-03-11 03:35:47,6,1.41,4.0,0.1,0.29,11.39,yellow,credit card,Midtown East,LaGuardia Airport,Manhattan,Queens
2019-03-11 16:26:35,2019-03-11 16:38:32,1,0.04,5.6,2.76,0.05,12.98,yellow,cash,Two Bridges/Seward Park,Astoria,Manhattan,Queens
2019-03-22 14:10:07,2019-03-22 14:24:13,1,1.85,10.1,3.5,0.13,33.49,yellow,credit card,Midtown East,Marine Park/Mill Basin,Manhattan,Brooklyn
2019-03-03 02:46:53,2019-03-03 03:03:17,1,0.35,11.21,0.25,0.36,22.1,yellow,cash,Penn Station/Madison Sq West,Manhattanville,Manhattan,Manhattan
2019-03-21 20:41:41,2019-03-21 20:57:22,2,0.08,5.1,1.68,0.0,9.63,yellow,credit card,East Harlem North,East Flushing,Manhattan,Queens
2019-03-13 17:15:34,2019-03-13 17:28:32,2,3.8,13.8,0.72,0.13,15.72,yellow,cash,Midtown North,East Concourse/Concourse Village,Manhattan,Bronx
2019-03-14 13:31:01,2019-03-14 13:42:03,1,0.08,3.4,2.67,0.11,12.59,yellow,credit card,Union Sq,East Flatbush/Remsen Village,Manhattan,Brooklyn
2019-03-27 02:05:37,2019-03-27 02:20:16,1,0.4,5.2,0.91,0.16,26.35,yellow,cash,Upper West Side North,Upper East Side North,Manhattan,Manhattan
2019-03-15 16:42:06,2019-03-15 16:58:27,1,1.45,12.87,0.4,0.25,13.7,yellow,credit card,TriBeCa/Civic Center,Brooklyn Heights,Manhattan,Brooklyn
2019-03-05 18:28:21,2019-03-05 18:40:58,3,1.78,10.7,1.79,0.36,12.01,yellow,cash,Union Sq,West Concourse,Manhattan,Bronx
2019-03-11 12:44:42,2019-03-11 12:56:32,2,1.72,6.41,0.72,0.03,11.7,yellow,credit card,Central Park,JFK Airport,Manhattan,Queens
2019-03-30 13:21:05,2019-03-30 13:34:02,1,2.08,7.6,1.54,0.14,18.82,yellow,cash,Central Park,Saint Albans,Manhattan,Queens
2019-03-02 08:19:14,2019-03-02 08:35:34,1,0.39,3.3,0.66,0.26,10.23,yellow,credit card,Central Park,South Ozone Park,Manhattan,Queens
2019-03-15 07:21:14,2019-03-15 07:36:35,1,8.0,22.1,0.8,0.14,24.3,yellow,cash,Yorkville West,Red Hook,Manhattan,Brooklyn
2019-03-23 15:58:03,2019-03-23 16:12:51,2,0.72,8.5,1.52,0.16,20.91,yellow,credit card,East Village,Financial District North,Manhattan,Manhattan
2019-03-12 15:41:18,2019-03-12 15:54:43,5,0.31,9.3,0.49,0.09,11.35,yellow,cash,Garment District,Alphabet City,Manhattan,Manhattan
2019-03-02 04:51:24,2019-03-02 05:03:29,2,1.12,8.38,0.98,0.83,26.2,yellow,credit card,Lenox Hill East,Borough Park,Manhattan,Brooklyn
2019-03-23 07:46:43,2019-03-23 08:00:09,1,5.92,7.88,1.3,0.04,12.5,yellow,cash,Lower East Side,Sheepshead Bay,Manhattan,Brooklyn
2019-03-21 13:16:32,2019-03-21 13:29:44,1,18.56,4.7,0.3,0.37,11.56,yellow,credit card,Cobble Hill,Union Sq,Brooklyn,Manhattan
2019-03-18 02:36:29,2019-03-18 02:52:36,1,0.49,15.5,0.34,0.13,17.65,yellow,cash,Lincoln Square West,Midtown North,Manhattan,Manhattan
2019-03-21 21:38:38,2019-03-21 21:54:40,5,1.53,3.9,2.19,0.37,9.71,yellow,credit card,Lincoln Square East,Upper West Side North,Manhattan,Manhattan
2019-03-28 03:26:46,2019-03-28 03:41:37,1,0.11,8.27,0.29,0.14,30.5,yellow,cash,East Chelsea,Douglaston,Manhattan,Queens
2019-03-30 04:38:00,2019-03-30 04:51:39,1,3.7,11.3,0.03,0.14,18.52,yellow,credit card,Battery Park City,Elmhurst/Maspeth,Manhattan,Queens
2019-03-11 03:26:39,2019-03-11 03:40:36,1,5.15,17.75,2.38,0.21,24.4,yellow,cash,East Chelsea,Union Sq,Manhattan,Manhattan
2019-03-09 09:33:22,2019-03-09 09:48:44,1,8.03,24.4,1.48,1.55,32.2,yellow,credit card,LaGuardia Airport,Financial District North,Queens,Manhattan
2019-03-14 22:28:56,2019-03-14 22:43:59,1,5.09,11.4,0.07,0.07,18.55,yellow,cash,TriBeCa/Civic Center,World Trade Center,Manhattan,Manhattan
2019-03-27 17:25:53,2019-03-27 17:42:33,1,7.28,5.57,6.38,0.79,32.8,yellow,credit card,Astoria,Penn Station/Madison Sq West,Queens,Manhattan
2019-03-25 15:36:45,2019-03-25 15:50:07,6,2.63,10.92,1.67,0.15,11.1,yellow,cash,Sutton Place/Turtle Bay North,Murray Hill-Queens,Manhattan,Queens
2019-03-31 22:22:23,2019-03-31 22:36:01,1,1.47,4.0,2.27,0.03,15.24,yellow,credit card,Flatiron,Elmhurst/Maspeth,Manhattan,Queens
2019-03-03 00:07:34,2019-03-03 00:23:04,1,2.53,6.62,1.26,0.05,46.4,yellow,cash,Midtown North,Marble Hill,Manhattan,Manhattan
2019-03-09 20:48:46,2019-03-09 21:04:42,2,4.67,19.35,2.06,0.06,22.6,yellow,credit card,Park Slope,Meatpacking/West Village West,Brooklyn,Manhattan
2019-03-24 02:40:53,2019-03-24 02:55:41,1,9.44,17.78,0.47,0.07,23.0,yellow,cash,UN/Turtle Bay South,Prospect Heights,Manhattan,Brooklyn
2019-03-08 09:04:14,2019-03-08 09:20:12,1,1.22,6.3,4.41,0.03,22.6,yellow,credit card,West Chelsea/Hudson Yards,Borough Park,Manhattan,Brooklyn
2019-03-11 02:27:09,2019-03-11 02:43:36,1,15.99,7.7,0.18,0.12,27.35,yellow,cash,Financial District North,Jamaica Estates,Manhattan,Queens
2019-03-24 09:02:24,2019-03-24 09:14:42,5,3.98,9.41,5.7,0.15,12.5,yellow,credit card,Times Sq/Theatre District,Morrisania/Melrose,Manhattan,Bronx
2019-03-30 07:16:29,2019-03-30 07:29:50,6,0.11,14.8,0.27,0.22,29.05,yellow,cash,TriBeCa/Civic Center,Windsor Terrace,Manhattan,Brooklyn
2019-03-10 11:13:54,2019-03-10 11:30:21,3,0.6,10.67,1.07,0.11,14.3,yellow,credit card,Garment District,Garment District,Manhattan,Manhattan
2019-03-31 13:53:48,2019-03-31 14:09:00,1,16.89,5.31,1.29,0.33,30.1,yellow,cash,Forest Hills,Little Italy/NoLiTa,Queens,Manhattan
2019-02-28 00:44:05,2019-02-28 00:57:39,1,4.05,18.1,1.67,0.36,19.04,yellow,credit card,Lenox Hill East,Belmont,Manhattan,Bronx
2019-03-09 19:37:39,2019-03-09 19:52:45,2,0.41,5.69,2.25,0.31,8.5,yellow,cash,Meatpacking/West Village West,Steinway,Manhattan,Queens
2019-03-25 15:54:38,2019-03-25 16:06:55,5,10.51,18.0,1.71,0.45,34.84,yellow,credit card,Midtown East,Madison,Manhattan,Brooklyn
2019-03-25 11:14:26,2019-03-25 11:28:50,2,3.08,16.11,2.12,0.21,20.8,yellow,cash,Yorkville West,East Flushing,Manhattan,Queens
2019-03-22 19:08:13,2019-03-22 19:22:55,4,2.94,11.9,0.51,0.02,21.42,yellow,credit card,Penn Station/Madison Sq West,Prospect Heights,Manhattan,Brooklyn
2019-03-06 09:19:57,2019-03-06 09:34:40,3,11.24,4.8,2.2,1.16,20.0,yellow,cash,Forest Hills,Riverdale/North Riverdale/Fieldston,Queens,Bronx
2019-03-08 06:11:20,2019-03-08 06:23:41,2,4.11,4.3,0.58,0.09,27.09,yellow,credit card,East Harlem North,Two Bridges/Seward Park,Manhattan,Manhattan
2019-03-31 09:43:11,2019-03-31 09:55:29,1,1.27,3.3,0.68,0.24,35.9,yellow,cash,Crown Heights North,Pelham Parkway,Brooklyn,Bronx
2019-03-19 00:16:02,2019-03-19 00:30:17,1,4.08,6.3,0.16,0.28,16.75,yellow,credit card,Penn Station/Madison Sq West,Prospect Park,Manhattan,Brooklyn
2019-03-14 05:19:32,2019-03-14 05:30:27,1,2.15,2.8,0.22,0.1,14.55,yellow,cash,West Chelsea/Hudson Yards,Hudson Sq,Manhattan,Manhattan
2019-03-28 13:29:21,2019-03-28 13:44:37,1,1.15,13.96,0.32,0.06,21.5,yellow,credit card,Washington Heights South,Bedford,Manhattan,Brooklyn
2019-03-03 13:36:01,2019-03-03 13:51:30,1,5.13,12.5,0.21,0.21,21.84,yellow,cash,Times Sq/Theatre District,Bensonhurst East,Manhattan,Brooklyn
2019-03-07 09:14:19,2019-03-07 09:27:52,1,3.68,19.9,0.24,0.5,21.22,yellow,credit card,Mott Haven/Port Morris,Financial District North,Bronx,Manhattan
2019-03-01 19:49:13,2019-03-01 20:02:02,1,0.1,3.8,0.65,0.05,15.14,yellow,cash,Sutton Place/Turtle Bay North,Kips Bay,Manhattan,Manhattan
2019-03-11 14:29:48,2019-03-11 14:44:29,1,1.3,7.4,3.17,0.18,7.94,yellow,credit card,SoHo,Midtown East,Manhattan,Manhattan
2019-03-15 09:20:08,2019-03-15 09:37:35,1,1.42,9.62,0.49,0.2,15.3,yellow,cash,Penn Station/Madison Sq West,Stapleton,Manhattan,Staten Island
2019-03-23 11:07:11,2019-03-23 11:20:19,4,1.68,5.5,1.71,0.09,10.77,yellow,credit card,Midtown South,Hunts Point,Manhattan,Bronx
2019-03-30 17:56:20,2019-03-30 18:10:28,1,0.88,9.7,1.58,0.05,19.56,yellow,cash,Lincoln Square West,Marble Hill,Manhattan,Manhattan
2019-03-11 00:22:33,2019-03-11 00:34:52,1,5.62,13.6,5.58,0.27,18.63,yellow,credit card,Two Bridges/Seward Park,Highbridge,Manhattan,Bronx
2019-03-24 00:10:30,2019-03-24 00:21:51,1,0.66,4.6,1.86,0.03,16.53,yellow,cash,Central Harlem North,Upper West Side North,Manhattan,Manhattan
2019-03-21 20:25:52,2019-03-21 20:40:28,1,5.6,10.0,2.12,0.13,15.3,yellow,credit card,TriBeCa/Civic Center,Bath Beach,Manhattan,Brooklyn
2019-03-26 10:03:10,2019-03-26 10:16:54,2,1.63,15.3,0.69,0.12,47.06,yellow,cash,Bensonhurst West,Central Harlem North,Brooklyn,Manhattan
2019-03-21 20:17:45,2019-03-21 20:31:52,1,0.22,5.1,1.67,0.01,64.59,yellow,credit card,West Village,West Brighton,Manhattan,Staten Island
2019-03-29 19:24:07,2019-03-29 19:39:47,1,2.35,14.82,3.52,0.01,15.6,yellow,cash,Manhattan Valley,Sunset Park West,Manhattan,Brooklyn
2019-03-14 15:48:44,2019-03-14 16:03:21,2,0.62,3.8,0.19,0.13,15.41,yellow,credit card,Garment District,Norwood,Manhattan,Bronx
2019-03-14 07:33:33,2019-03-14 07:46:52,3,2.16,14.24,3.03,0.06,32.6,yellow,cash,Midtown Center,East Flatbush/Farragut,Manhattan,Brooklyn
2019-03-19 13:34:29,2019-03-19 13:50:35,1,3.19,8.9,0.46,0.11,11.08,yellow,credit card,Lenox Hill West,Brooklyn Navy Yard,Manhattan,Brooklyn
2019-03-10 23:08:35,2019-03-10 23:25:30,1,0.15,8.9,2.65,0.02,12.11,yellow,cash,Union Sq,Greenwich Village South,Manhattan,Manhattan
2019-03-08 02:24:44,2019-03-08 02:38:31,1,9.65,8.2,4.33,0.04,10.43,yellow,credit card,East Harlem South,Crown Heights North,Manhattan,Brooklyn
2019-03-07 23:41:53,2019-03-07 23:57:08,1,0.38,11.99,0.18,0.19,13.5,yellow,cash,Lincoln Square West,Howard Beach,Manhattan,Queens
2019-03-18 09:59:22,2019-03-18 10:13:06,3,1.5,40.06,2.17,0.19,56.8,yellow,credit card,LaGuardia Airport,Bensonhurst East,Queens,Brooklyn
2019-03-04 08:26:23,2019-03-04 08:38:35,1,0.13,9.6,0.03,0.0,28.91,yellow,cash,West Chelsea/Hudson Yards,Belmont,Manhattan,Bronx
2019-03-26 02:37:32,2019-03-26 02:53:15,2,2.25,19.4,1.03,0.26,27.52,yellow,credit card,East Harlem South,Steinway,Manhattan,Queens
2019-03-19 08:43:24,2019-03-19 08:57:21,1,7.55,7.8,1.58,0.14,14.31,yellow,cash,Flatiron,Bushwick North,Manhattan,Brooklyn
2019-03-14 05:43:10,2019-03-14 05:58:10,1,10.71,57.99,4.86,0.14,83.5,yellow,credit card,Kew Gardens Hills,South Jamaica,Queens,Queens
2019-02-28 09:08:05,2019-02-28 09:20:53,1,4.99,8.0,5.25,0.17,12.42,yellow,cash,Upper East Side South,Ocean Hill,Manhattan,Brooklyn
2019-03-18 00:02:44,2019-03-18 00:16:24,1,0.99,14.4,0.1,0.16,26.66,yellow,credit card,Windsor Terrace,World Trade Center,Brooklyn,Manhattan
2019-03-09 07:51:13,2019-03-09 08:05:26,1,6.11,2.58,2.31,1.05,5.0,yellow,cash,JFK Airport,South Ozone Park,Queens,Queens
2019-03-30 01:02:09,2019-03-30 01:17:35,2,0.91,11.6,0.0,0.41,47.48,yellow,credit card,Downtown Brooklyn/MetroTech,Clinton East,Brooklyn,Manhattan
2019-03-13 07:50:17,2019-03-13 08:05:17,1,0.83,8.0,0.5,0.32,22.19,yellow,cash,Upper East Side North,Manhattan Valley,Manhattan,Manhattan
2019-03-10 15:41:07,2019-03-10 15:55:45,1,8.0,56.6,1.22,0.31,59.9,yellow,credit card,LaGuardia Airport,Kingsbridge Heights,Queens,Bronx
2019-03-20 17:56:03,2019-03-20 18:11:43,1,2.43,7.5,0.01,0.09,12.67,yellow,cash,Upper East Side North,Westchester Village/Unionport,Manhattan,Bronx
2019-03-07 08:18:48,2019-03-07 08:33:40,1,1.78,16.27,3.51,0.02,24.7,yellow,credit card,Clinton East,Howard Beach,Manhattan,Queens
2019-03-12 18:58:14,2019-03-12 19:13:15,1,5.6,6.2,3.21,0.17,13.62,yellow,cash,Battery Park City,Pelham Parkway,Manhattan,Bronx
2019-03-26 03:18:12,2019-03-26 03:32:46,1,12.75,12.0,2.5,0.54,103.61,yellow,credit card,LaGuardia Airport,Lenox Hill East,Queens,Manhattan
2019-03-30 21:31:36,2019-03-30 21:47:14,4,0.05,11.7,0.05,0.0,17.32,yellow,cash,Union Sq,Williamsburg (North Side),Manhattan,Brooklyn
2019-03-14 16:48:13,2019-03-14 17:03:30,1,5.52,13.2,0.06,0.49,13.64,yellow,credit card,Upper West Side North,Lincoln Square East,Manhattan,Manhattan
2019-03-04 12:39:39,2019-03-04 12:54:45,1,2.39,15.1,0.31,0.12,29.47,yellow,cash,Meatpacking/West Village West,Marble Hill,Manhattan,Manhattan
2019-03-17 08:38:12,2019-03-17 08:52:22,1,0.5,8.3,0.73,0.26,15.09,yellow,credit card,Lincoln Square East,Stuyvesant Heights,Manhattan,Brooklyn
2019-03-17 05:01:44,2019-03-17 05:17:16,1,4.55,5.44,3.44,1.99,13.4,yellow,cash,Steinway,LaGuardia Airport,Queens,Queens
2019-03-28 11:11:21,2019-03-28 11:25:24,1,0.05,13.21,1.08,0.07,14.1,yellow,credit card,Kips Bay,Bushwick North,Manhattan,Brooklyn
2019-03-06 19:11:04,2019-03-06 19:24:04,1,0.16,9.7,1.04,0.16,15.55,yellow,cash,TriBeCa/Civic Center,Pelham Parkway,Manhattan,Bronx
2019-03-16 17:10:17,2019-03-16 17:23:39,1,1.82,6.2,2.2,0.04,36.14,yellow,credit card,World Trade Center,Maspeth,Manhattan,Queens
2019-03-06 15:04:57,2019-03-06 15:18:26,1,1.05,12.3,2.36,0.08,34.6,yellow,cash,Upper East Side South,East Village,Manhattan,Manhattan
2019-03-02 20:43:37,2019-03-02 20:58:44,1,3.24,9.8,0.41,0.05,30.77,yellow,credit card,East Flatbush/Farragut,Soundview/Bruckner,Brooklyn,Bronx
2019-03-27 02:53:11,2019-03-27 03:05:29,1,2.79,11.3,0.89,0.35,40.07,yellow,cash,Upper West Side North,Bath Beach,Manhattan,Brooklyn
2019-03-30 10:47:56,2019-03-30 11:00:59,2,4.87,7.77,3.0,0.01,37.7,yellow,credit card,Murray Hill,Rego Park,Manhattan,Queens
2019-03-10 13:10:34,2019-03-10 13:27:40,1,0.33,4.09,0.63,0.2,9.1,yellow,cash,Canarsie,Clinton Hill,Brooklyn,Brooklyn
2019-03-24 03:05:58,2019-03-24 03:21:07,1,0.13,12.24,0.47,0.06,12.5,yellow,credit card,East Chelsea,Steinway,Manhattan,Queens
2019-03-22 23:32:12,2019-03-22 23:45:41,1,4.67,15.9,12.73,0.8,30.55,yellow,cash,Elmhurst/Maspeth,Mount Hope,Queens,Bronx
2019-03-30 05:54:45,2019-03-30 06:09:29,1,1.71,6.7,3.64,0.03,9.99,yellow,credit card,Lincoln Square West,Hudson Sq,Manhattan,Manhattan
2019-03-22 21:08:00,2019-03-22 21:21:57,1,16.02,6.62,0.22,0.03,9.4,yellow,cash,East Flatbush/Farragut,Middle Village,Brooklyn,Queens
2019-03-08 23:28:23,2019-03-08 23:41:54,1,2.45,4.3,1.67,0.21,15.03,yellow,credit card,Clinton West,Prospect Heights,Manhattan,Brooklyn
2019-03-26 08:33:58,2019-03-26 08:48:11,1,0.17,4.7,0.41,0.09,11.61,yellow,cash,TriBeCa/Civic Center,Greenwich Village North,Manhattan,Manhattan
2019-03-12 14:06:41,2019-03-12 14:20:12,1,1.41,25.18,3.84,0.04,26.1,yellow,credit card,Sutton Place/Turtle Bay North,East Village,Manhattan,Manhattan
2019-03-16 11:36:27,2019-03-16 11:51:11,4,0.08,7.2,3.29,0.11,29.02,yellow,cash,Upper West Side North,Gravesend,Manhattan,Brooklyn
2019-03-29 08:56:09,2019-03-29 09:10:24,5,0.2,14.7,0.99,0.14,14.72,yellow,credit card,Financial District South,Norwood,Manhattan,Bronx
2019-03-31 07:05:52,2019-03-31 07:19:13,6,14.55,7.9,0.27,0.2,26.34,yellow,cash,Rego Park,Brighton Beach,Queens,Brooklyn
2019-03-10 02:51:09,2019-03-10 03:04:06,2,0.31,5.37,1.02,0.14,7.7,yellow,credit card,Kips Bay,Battery Park City,Manhattan,Manhattan
2019-03-27 11:16:18,2019-03-27 11:30:55,2,1.19,3.7,1.93,0.17,43.02,yellow,cash,Central Park,Times Sq/Theatre District,Manhattan,Manhattan
2019-03-18 19:42:26,2019-03-18 19:58:48,1,0.66,7.39,0.28,0.07,11.0,yellow,credit card,Yorkville West,Times Sq/Theatre District,Manhattan,Manhattan
2019-03-15 05:12:18,2019-03-15 05:26:15,1,1.89,8.66,0.41,0.08,12.0,yellow,cash,Yorkville West,Ocean Hill,Manhattan,Brooklyn
2019-03-30 09:53:00,2019-03-30 10:07:18,1,2.99,2.78,1.5,0.13,16.83,yellow,credit card,LaGuardia Airport,Lincoln Square East,Queens,Manhattan
2019-03-20 04:31:04,2019-03-20 04:45:25,1,3.04,8.8,0.07,0.5,13.69,yellow,cash,Upper East Side South,Williamsburg (South Side),Manhattan,Brooklyn
2019-03-12 23:32:24,2019-03-12 23:48:35,1,0.27,9.2,3.46,0.11,18.83,yellow,credit card,Upper East Side South,Van Nest/Morris Park,Manhattan,Bronx
2019-03-28 16:45:15,2019-03-28 16:59:11,2,0.13,6.34,4.2,0.11,28.22,yellow,cash,TriBeCa/Civic Center,Battery Park,Manhattan,Manhattan
2019-03-05 11:07:59,2019-03-05 11:22:55,1,0.61,6.15,2.12,0.09,9.1,yellow,credit card,Clinton East,Auburndale,Manhattan,Queens
2019-03-21 10:27:39,2019-03-21 10:41:39,1,13.38,9.34,5.8,1.46,14.6,yellow,cash,LaGuardia Airport,Murray Hill-Queens,Queens,Queens
2019-03-15 10:52:01,2019-03-15 11:07:23,1,0.43,6.2,1.02,0.21,32.63,yellow,credit card,Central Harlem,Auburndale,Manhattan,Queens
2019-03-18 14:13:15,2019-03-18 14:29:31,1,0.63,13.4,0.69,0.05,24.63,yellow,cash,Morningside Heights,Gramercy,Manhattan,Manhattan
2019-03-24 01:46:56,2019-03-24 02:01:31,2,3.43,13.9,0.93,0.04,17.1,yellow,credit card,Upper West Side South,Westchester Village/Unionport,Manhattan,Bronx
2019-03-25 16:10:01,2019-03-25 16:25:14,1,1.55,3.6,0.08,0.2,7.13,yellow,cash,Sheepshead Bay,Union Sq,Brooklyn,Manhattan
2019-03-27 11:50:37,2019-03-27 12:04:55,2,8.0,11.9,6.97,0.04,18.45,yellow,credit card,Lower East Side,Midtown South,Manhattan,Manhattan
2019-03-16 05:04:01,2019-03-16 05:17:33,1,1.91,7.8,2.08,0.1,18.69,yellow,cash,Yorkville West,Steinway,Manhattan,Queens
2019-03-18 21:52:55,2019-03-18 22:06:58,1,3.36,6.8,1.75,0.1,7.45,yellow,credit card,TriBeCa/Civic Center,Westchester Village/Unionport,Manhattan,Bronx
2019-03-10 08:43:32,2019-03-10 08:56:21,2,0.94,3.07,0.48,2.5,3.3,yellow,cash,Sunnyside,Lenox Hill East,Queens,Manhattan
2019-03-20 07:27:28,2019-03-20 07:41:19,1,26.38,22.8,0.98,0.72,51.37,yellow,credit card,Woodside,Hamilton Heights,Queens,Manhattan
2019-03-09 21:32:32,2019-03-09 21:44:51,2,3.39,46.08,1.37,1.27,70.8,yellow,cash,Astoria,East Harlem North,Queens,Manhattan
2019-03-20 07:24:56,2019-03-20 07:41:17,1,1.16,12.25,1.55,0.08,25.4,yellow,credit card,East Village,Crown Heights South,Manhattan,Brooklyn
2019-03-19 22:25:54,2019-03-19 22:38:01,1,2.49,6.8,0.73,0.47,31.11,yellow,cash,SoHo,East Concourse/Concourse Village,Manhattan,Bronx
2019-03-12 22:21:25,2019-03-12 22:34:51,1,0.01,9.2,1.31,0.14,19.43,yellow,credit card,East Village,Baisley Park,Manhattan,Queens
2019-03-27 20:47:52,2019-03-27 21:02:59,0,7.16,16.62,1.82,0.19,22.2,yellow,cash,Greenwich Village South,Middle Village,Manhattan,Queens
2019-03-11 19:27:51,2019-03-11 19:42:20,1,3.18,8.4,0.02,0.0,18.31,yellow,credit card,Manhattanville,Jackson Heights,Manhattan,Queens
2019-03-21 20:01:34,2019-03-21 20:14:15,5,2.67,11.16,1.66,0.73,42.1,yellow,cash,Rego Park,Alphabet City,Queens,Manhattan
2019-03-06 02:07:04,2019-03-06 02:21:15,1,7.47,1.4,1.4,0.06,35.93,yellow,credit card,JFK Airport,Soundview/Bruckner,Queens,Bronx
2019-03-25 01:36:25,2019-03-25 01:52:08,1,10.34,16.6,0.05,2.07,27.35,yellow,cash,Jackson Heights,Mount Hope,Queens,Bronx
2019-03-01 08:15:07,2019-03-01 08:29:06,3,0.6,5.3,0.23,0.19,13.36,yellow,credit card,Lower East Side,Kew Gardens,Manhattan,Queens
2019-03-27 11:49:55,2019-03-27 12:04:38,1,2.98,26.0,1.84,0.08,30.35,yellow,cash,Chinatown,Bensonhurst West,Manhattan,Brooklyn
2019-03-17 13:17:47,2019-03-17 13:32:20,1,3.12,7.0,0.12,0.08,14.3,yellow,credit card,Upper East Side North,Clinton West,Manhattan,Manhattan
2019-03-25 22:49:33,2019-03-25 23:03:50,1,1.35,8.47,2.06,0.07,9.3,yellow,cash,East Village,Prospect Heights,Manhattan,Brooklyn
2019-03-13 18:59:39,2019-03-13 19:15:48,1,6.79,1.76,4.24,0.48,12.1,yellow,credit card,LaGuardia Airport,Clinton East,Queens,Manhattan
2019-03-29 10:05:26,2019-03-29 10:18:56,1,0.9,8.4,2.57,0.47,10.85,yellow,cash,West Village,East Flatbush/Farragut,Manhattan,Brooklyn
2019-03-05 17:43:41,2019-03-05 17:57:51,1,0.13,3.7,2.21,0.02,34.55,yellow,credit card,Upper East Side South,Murray Hill,Manhattan,Manhattan
2019-03-12 02:49:12,2019-03-12 03:05:37,3,2.66,11.1,3.9,0.02,14.61,yellow,cash,Lenox Hill East,Saint Albans,Manhattan,Queens
2019-03-20 13:08:56,2019-03-20 13:25:11,2,1.79,9.04,0.49,0.02,9.9,yellow,credit card,Stuy Town/Peter Cooper Village,Flushing Meadows-Corona Park,Manhattan,Queens
2019-03-12 11:18:53,2019-03-12 11:31:58,1,7.85,6.0,0.0,0.0,19.26,yellow,cash,West Village,Penn Station/Madison Sq West,Manhattan,Manhattan
2019-03-23 04:13:43,2019-03-23 04:25:50,5,2.19,8.5,0.72,0.0,16.3,yellow,credit card,West Village,Jamaica,Manhattan,Queens
2019-03-17 02:04:55,2019-03-17 02:20:04,1,1.85,3.27,3.11,0.37,13.3,yellow,cash,Brooklyn Heights,Queensbridge/Ravenswood,Brooklyn,Queens
2019-03-13 06:51:03,2019-03-13 07:07:05,1,2.9,13.9,4.78,0.02,18.16,yellow,credit card,Financial District North,West Chelsea/Hudson Yards,Manhattan,Manhattan
2019-03-22 00:07:47,2019-03-22 00:21:07,1,1.47,7.4,0.47,0.12,22.34,yellow,cash,Garment District,JFK Airport,Manhattan,Queens
2019-03-05 00:52:03,2019-03-05 01:05:32,2,2.82,3.6,0.63,1.04,12.99,yellow,credit card,Forest Hills,East Flushing,Queens,Queens
2019-03-03 20:22:38,2019-03-03 20:35:38,1,8.02,13.26,0.01,3.22,22.4,yellow,cash,Melrose South,Whitestone,Bronx,Queens
2019-03-24 16:10:58,2019-03-24 16:26:51,1,19.12,34.3,0.31,1.12,39.23,yellow,credit card,LaGuardia Airport,Lenox Hill West,Queens,Manhattan
2019-03-22 17:11:42,2019-03-22 17:26:04,1,13.09,4.4,0.95,2.66,8.01,yellow,cash,Astoria,Steinway,Queens,Queens
2019-03-03 18:03:40,2019-03-03 18:18:07,2,0.8,5.3,0.28,0.0,9.03,yellow,credit card,Lenox Hill West,Baisley Park,Manhattan,Queens
2019-03-10 07:23:12,2019-03-10 07:40:09,2,4.02,6.5,3.33,0.1,7.61,yellow,cash,Greenwich Village South,Manhattanville,Manhattan,Manhattan
2019-03-27 22:33:07,2019-03-27 22:46:37,4,2.34,16.7,0.56,0.05,24.36,yellow,credit card,Midtown East,Crown Heights South,Manhattan,Brooklyn
2019-03-08 20:43:52,2019-03-08 20:56:26,2,2.28,9.7,6.38,0.15,12.77,yellow,cash,East Harlem South,Ridgewood,Manhattan,Queens
2019-03-18 08:11:20,2019-03-18 08:24:39,2,6.77,2.93,0.13,1.5,25.51,yellow,credit card,JFK Airport,Meatpacking/West Village West,Queens,Manhattan
2019-03-12 01:22:44,2019-03-12 01:37:56,2,0.2,6.1,3.7,0.04,8.0,yellow,cash,Upper East Side North,Flushing,Manhattan,Queens
2019-03-09 15:44:54,2019-03-09 16:00:43,5,2.36,5.5,4.66,0.37,14.73,yellow,credit card,Meatpacking/West Village West,Queensbridge/Ravenswood,Manhattan,Queens
2019-03-07 22:30:14,2019-03-07 22:47:09,1,1.1,21.38,1.52,0.05,24.4,yellow,cash,East Village,East Flushing,Manhattan,Queens
2019-03-24 18:03:04,2019-03-24 18:18:22,1,1.85,10.7,0.23,0.08,16.98,yellow,credit card,Midtown East,East Harlem North,Manhattan,Manhattan
2019-03-05 05:43:51,2019-03-05 05:59:36,1,1.33,8.45,0.57,0.06,15.1,yellow,cash,Alphabet City,Chinatown,Manhattan,Manhattan
2019-03-23 15:55:24,2019-03-23 16:09:07,1,0.17,3.92,2.4,0.19,17.82,yellow,credit card,Upper West Side South,Spuyten Duyvil/Kingsbridge,Manhattan,Bronx
2019-03-18 11:27:47,2019-03-18 11:43:09,1,0.61,9.9,2.58,0.05,10.69,yellow,cash,Lincoln Square East,Flatbush/Ditmas Park,Manhattan,Brooklyn
2019-03-23 02:41:43,2019-03-23 02:57:15,3,3.97,5.5,2.9,0.07,23.2,yellow,credit card,SoHo,Canarsie,Manhattan,Brooklyn
2019-03-09 01:54:58,2019-03-09 02:09:14,1,1.38,6.8,1.76,0.11,29.22,yellow,cash,Central Park,Gowanus,Manhattan,Brooklyn
2019-03-04 21:18:34,2019-03-04 21:33:09,1,0.25,8.28,0.6,0.21,10.3,yellow,credit card,Murray Hill,Windsor Terrace,Manhattan,Brooklyn
2019-03-18 21:02:21,2019-03-18 21:16:04,1,0.87,13.9,7.02,0.29,33.99,yellow,cash,Forest Hills,College Point,Queens,Queens
2019-03-17 08:14:18,2019-03-17 08:26:34,1,1.37,6.2,1.08,0.31,17.55,yellow,credit card,Times Sq/Theatre District,Claremont/Bathgate,Manhattan,Bronx
2019-03-06 15:05:08,2019-03-06 15:20:53,1,0.21,9.2,0.83,0.06,14.29,yellow,cash,Upper West Side South,Co-Op City,Manhattan,Bronx
2019-03-27 03:21:48,2019-03-27 03:35:31,3,0.64,6.4,6.26,0.38,14.03,yellow,credit card,Little Italy/NoLiTa,Clinton East,Manhattan,Manhattan
2019-03-03 17:32:03,2019-03-03 17:44:50,1,0.04,4.6,0.06,0.07,11.83,yellow,cash,Garment District,South Williamsburg,Manhattan,Brooklyn
2019-03-06 18:42:02,2019-03-06 18:58:57,2,0.58,5.7,5.22,0.1,16.94,yellow,credit card,Midtown East,Roosevelt Island,Manhattan,Manhattan
2019-03-27 21:38:23,2019-03-27 21:54:16,1,0.65,4.3,0.68,0.28,8.91,yellow,cash,East Harlem South,Soundview/Bruckner,Manhattan,Bronx
2019-03-05 14:54:32,2019-03-05 15:10:18,1,0.56,9.6,0.03,0.01,22.3,yellow,credit card,Times Sq/Theatre District,Penn Station/Madison Sq West,Manhattan,Manhattan
2019-03-01 16:53:27,2019-03-01 17:06:01,5,0.6,8.66,0.15,0.13,24.5,yellow,cash,Stuyvesant Heights,Red Hook,Brooklyn,Brooklyn
2019-03-06 17:42:05,2019-03-06 17:54:18,1,0.68,7.72,4.0,0.26,11.4,yellow,credit card,Battery Park City,Bath Beach,Manhattan,Brooklyn
2019-03-12 15:06:32,2019-03-12 15:23:03,1,2.4,7.1,1.33,0.2,11.31,yellow,cash,East Village,Cypress Hills,Manhattan,Brooklyn
2019-03-31 07:33:11,2019-03-31 07:44:55,2,1.13,8.9,3.54,0.11,18.89,yellow,credit card,Yorkville East,College Point,Manhattan,Queens
2019-03-24 00:29:00,2019-03-24 00:44:09,1,2.79,4.8,4.02,0.03,13.27,yellow,cash,Murray Hill,Upper West Side North,Manhattan,Manhattan
2019-03-25 21:21:35,2019-03-25 21:36:19,1,4.2,6.1,0.26,0.35,12.49,yellow,credit card,Penn Station/Madison Sq West,Hudson Sq,Manhattan,Manhattan
2019-03-04 01:47:22,2019-03-04 02:02:17,1,0.73,12.95,0.66,0.06,25.9,yellow,cash,Garment District,Alphabet City,Manhattan,Manhattan
2019-03-05 02:13:04,2019-03-05 02:26:38,1,2.24,3.2,0.4,0.02,16.61,yellow,credit card,Lower East Side,East Concourse/Concourse Village,Manhattan,Bronx
2019-03-20 16:31:03,2019-03-20 16:44:14,1,0.56,5.9,5.21,0.2,16.94,yellow,cash,Upper West Side South,Kips Bay,Manhattan,Manhattan
2019-03-07 10:50:46,2019-03-07 11:07:07,5,11.48,7.88,3.5,0.21,10.0,yellow,credit card,Penn Station/Madison Sq West,University Heights/Morris Heights,Manhattan,Bronx
2019-03-02 06:56:26,2019-03-02 07:07:54,1,2.95,6.1,2.69,0.02,19.76,yellow,cash,East Village,Kew Gardens,Manhattan,Queens
2019-03-17 12:50:52,2019-03-17 13:06:17,1,0.57,6.3,1.19,0.19,13.53,yellow,credit card,Greenwich Village North,Soundview/Castle Hill,Manhattan,Bronx
2019-03-18 23:01:01,2019-03-18 23:15:23,1,1.44,4.0,3.44,0.19,16.82,yellow,cash,West Chelsea/Hudson Yards,Middle Village,Manhattan,Queens
2019-03-08 09:16:02,2019-03-08 09:28:52,1,1.91,3.91,1.75,0.28,14.6,yellow,credit card,Lenox Hill East,Boerum Hill,Manhattan,Brooklyn
2019-03-15 12:43:04,2019-03-15 12:57:23,1,0.34,10.4,1.38,0.03,11.75,yellow,cash,Union Sq,Douglaston,Manhattan,Queens
2019-03-03 09:54:31,2019-03-03 10:08:48,1,1.6,9.9,0.04,1.51,11.28,yellow,credit card,Parkchester,Woodhaven,Bronx,Queens
2019-03-05 18:59:01,2019-03-05 19:14:25,1,1.84,11.0,2.02,0.53,27.91,yellow,cash,LaGuardia Airport,Battery Park City,Queens,Manhattan
2019-03-29 22:59:19,2019-03-29 23:14:13,1,0.07,2.9,2.16,0.29,12.04,yellow,credit card,Upper East Side North,DUMBO/Vinegar Hill,Manhattan,Brooklyn
2019-03-12 12:16:58,2019-03-12 12:27:59,1,0.59,6.3,4.54,0.03,36.37,yellow,cash,Upper West Side North,West Concourse,Manhattan,Bronx
2019-03-17 10:16:28,2019-03-17 10:33:24,1,2.01,10.2,4.24,0.11,19.63,yellow,credit card,West Chelsea/Hudson Yards,Sunnyside,Manhattan,Queens
2019-03-11 01:53:47,2019-03-11 02:07:05,1,3.62,6.1,1.86,0.05,14.38,yellow,cash,Murray Hill,Flatlands,Manhattan,Brooklyn
2019-03-29 12:07:29,2019-03-29 12:22:50,3,0.77,6.6,0.17,0.34,7.17,yellow,credit card,Greenpoint,Springfield Gardens South,Brooklyn,Queens
2019-03-07 12:56:59,2019-03-07 13:11:37,1,1.18,5.3,0.53,0.03,12.69,yellow,cash,Garment District,West Chelsea/Hudson Yards,Manhattan,Manhattan
2019-02-28 00:19:46,2019-02-28 00:34:35,1,3.1,4.9,3.01,0.25,22.94,yellow,credit card,Gramercy,South Ozone Park,Manhattan,Queens
2019-03-27 00:33:42,2019-03-27 00:46:55,1,5.97,28.75,0.49,2.83,39.4,yellow,cash,Rego Park,Hunts Point,Queens,Bronx
2019-03-29 05:56:59,2019-03-29 06:09:25,1,1.91,9.8,3.21,0.09,16.47,yellow,credit card,Union Sq,Midwood,Manhattan,Brooklyn
2019-03-30 01:38:23,2019-03-30 01:55:54,1,1.23,6.9,3.29,0.52,9.78,yellow,cash,Gramercy,Woodhaven,Manhattan,Queens
2019-03-04 11:13:23,2019-03-04 11:29:09,5,0.5,15.4,0.5,0.28,64.29,yellow,credit card,Gravesend,Williamsburg (South Side),Brooklyn,Brooklyn
2019-03-29 14:23:40,2019-03-29 14:39:09,1,0.53,10.5,6.15,0.13,12.19,yellow,cash,Murray Hill,Steinway,Manhattan,Queens
2019-03-19 22:46:53,2019-03-19 23:00:23,1,0.69,5.6,1.54,0.18,15.31,yellow,credit card,Union Sq,Inwood Hill Park,Manhattan,Manhattan
2019-03-08 22:54:39,2019-03-08 23:08:58,1,0.36,8.6,1.86,0.34,12.52,yellow,cash,Murray Hill,Battery Park City,Manhattan,Manhattan
2019-03-14 17:15:46,2019-03-14 17:28:07,1,3.95,3.8,0.0,0.19,8.42,yellow,credit card,Bushwick South,Midwood,Brooklyn,Brooklyn
2019-03-05 04:16:30,2019-03-05 04:30:34,1,1.51,10.81,0.36,0.06,13.3,yellow,cash,Upper East Side South,Battery Park,Manhattan,Manhattan
2019-03-19 20:41:31,2019-03-19 20:57:06,1,1.85,6.12,2.27,0.0,19.6,yellow,credit card,TriBeCa/Civic Center,Cambria Heights,Manhattan,Queens
2019-03-24 20:26:59,2019-03-24 20:43:05,1,0.33,7.5,1.02,0.02,12.09,yellow,cash,Yorkville West,East Village,Manhattan,Manhattan
2019-03-07 15:58:46,2019-03-07 16:12:26,1,4.0,5.6,1.85,0.27,14.22,yellow,credit card,Two Bridges/Seward Park,Washington Heights North,Manhattan,Manhattan
2019-03-15 20:37:08,2019-03-15 20:51:08,1,0.62,10.3,0.54,0.02,23.42,yellow,cash,East Chelsea,Oakland Gardens,Manhattan,Queens
2019-03-24 06:18:38,2019-03-24 06:31:11,1,2.04,20.6,0.64,0.58,26.7,yellow,credit card,Forest Hills,Briarwood/Jamaica Hills,Queens,Queens
2019-03-03 17:01:05,2019-03-03 17:14:57,1,7.17,4.2,2.31,0.28,21.06,yellow,cash,Union Sq,Brownsville,Manhattan,Brooklyn
2019-03-31 21:11:43,2019-03-31 21:24:14,1,2.53,27.59,2.32,0.09,34.2,yellow,credit card,Midtown North,Kew Gardens,Manhattan,Queens
2019-03-25 01:20:54,2019-03-25 01:35:42,1,1.97,27.0,1.44,2.33,41.76,yellow,cash,Queensbridge/Ravenswood,Marine Park/Mill Basin,Queens,Brooklyn
2019-03-13 05:10:09,2019-03-13 05:25:50,1,1.18,9.2,2.7,0.0,14.79,yellow,credit card,Sutton Place/Turtle Bay North,Elmhurst/Maspeth,Manhattan,Queens
2019-03-15 19:56:36,2019-03-15 20:09:07,1,2.42,16.8,4.07,0.33,16.96,yellow,cash,Upper East Side North,Sutton Place/Turtle Bay North,Manhattan,Manhattan
2019-03-09 12:07:07,2019-03-09 12:20:35,1,1.63,10.29,4.93,0.03,22.3,yellow,credit card,West Village,Melrose South,Manhattan,Bronx
2019-03-23 03:19:13,2019-03-23 03:33:57,2,4.67,29.8,2.43,0.13,36.02,yellow,cash,Lower East Side,Spuyten Duyvil/Kingsbridge,Manhattan,Bronx
2019-03-29 17:40:03,2019-03-29 17:54:20,1,0.72,10.17,0.12,0.2,21.2,yellow,credit card,Midtown North,Flatiron,Manhattan,Manhattan
2019-03-23 17:00:05,2019-03-23 17:12:03,2,0.11,10.8,1.41,0.34,12.9,yellow,cash,World Trade Center,Times Sq/Theatre District,Manhattan,Manhattan
2019-03-19 06:01:46,2019-03-19 06:15:43,1,4.91,4.6,2.48,0.04,13.23,yellow,credit card,East Flatbush/Farragut,East Flatbush/Farragut,Brooklyn,Brooklyn
2019-03-28 22:00:15,2019-03-28 22:13:58,2,1.19,9.91,0.08,0.08,20.8,yellow,cash,Clinton East,Alphabet City,Manhattan,Manhattan
2019-03-26 17:37:20,2019-03-26 17:50:31,6,0.09,2.8,1.73,0.18,12.25,yellow,credit card,TriBeCa/Civic Center,Kew Gardens Hills,Manhattan,Queens
2019-03-29 23:26:56,2019-03-29 23:41:16,2,0.82,10.2,2.12,0.21,10.62,yellow,cash,West Village,Washington Heights South,Manhattan,Manhattan
2019-03-30 07:01:10,2019-03-30 07:16:12,2,1.84,9.25,0.03,0.05,9.7,yellow,credit card,Midtown South,Ridgewood,Manhattan,Queens
2019-03-10 14:19:33,2019-03-10 14:33:14,1,2.19,6.71,0.71,0.1,8.2,yellow,cash,Midtown East,Sunnyside,Manhattan,Queens
2019-03-05 00:18:36,2019-03-05 00:33:35,1,7.67,8.6,0.88,0.06,10.5,yellow,credit card,Garment District,Little Italy/NoLiTa,Manhattan,Manhattan
2019-03-20 18:10:44,2019-03-20 18:23:42,1,5.37,18.31,0.98,0.15,20.5,yellow,cash,Williamsburg (North Side),Cobble Hill,Brooklyn,Brooklyn
2019-03-24 09:36:44,2019-03-24 09:50:55,6,0.46,13.8,2.51,0.08,17.61,yellow,credit card,Lincoln Square East,Kips Bay,Manhattan,Manhattan
2019-03-04 21:26:06,2019-03-04 21:39:21,1,9.5,4.4,0.01,0.39,25.65,yellow,cash,Clinton Hill,Gravesend,Brooklyn,Brooklyn
2019-03-23 22:11:59,2019-03-23 22:24:46,1,4.37,9.3,4.98,0.1,14.7,yellow,credit card,Union Sq,Seaport,Manhattan,Manhattan
2019-03-28 01:02:36,2019-03-28 01:16:53,1,0.25,5.9,0.76,0.32,9.72,yellow,cash,Greenwich Village North,Clinton West,Manhattan,Manhattan
2019-03-16 02:09:16,2019-03-16 02:24:50,1,1.27,20.46,1.33,0.54,27.0,yellow,credit card,Financial District North,Murray Hill-Queens,Manhattan,Queens
2019-03-21 17:36:55,2019-03-21 17:52:41,4,0.28,8.2,1.65,0.08,13.3,yellow,cash,East Harlem South,Williamsbridge/Olinville,Manhattan,Bronx
2019-03-08 14:05:48,2019-03-08 14:18:38,1,0.21,11.3,1.25,0.38,35.57,yellow,credit card,Central Park,Soundview/Bruckner,Manhattan,Bronx
2019-03-01 11:51:03,2019-03-01 12:04:54,1,0.42,11.1,2.52,0.12,19.66,yellow,cash,Meatpacking/West Village West,Parkchester,Manhattan,Bronx
2019-03-04 14:34:38,2019-03-04 14:46:34,1,7.14,33.7,0.32,2.01,38.98,yellow,credit card,JFK Airport,Borough Park,Queens,Brooklyn
2019-03-09 12:01:32,2019-03-09 12:12:16,1,0.51,7.4,4.96,0.11,60.98,yellow,cash,Sutton Place/Turtle Bay North,Bay Ridge,Manhattan,Brooklyn
2019-03-04 12:15:27,2019-03-04 12:31:21,1,1.38,11.46,3.57,0.3,11.6,yellow,credit card,Midtown North,Randalls Island,Manhattan,Manhattan
2019-03-12 13:50:50,2019-03-12 14:02:28,5,5.39,4.6,1.34,0.35,7.12,yellow,cash,Midtown South,Hudson Sq,Manhattan,Manhattan
2019-03-15 13:06:46,2019-03-15 13:17:53,1,2.1,10.8,0.22,0.08,15.17,yellow,credit card,East Harlem North,Bensonhurst East,Manhattan,Brooklyn
2019-03-21 07:43:39,2019-03-21 07:57:30,1,0.07,8.99,3.72,0.05,22.1,yellow,cash,Penn Station/Madison Sq West,Bedford,Manhattan,Brooklyn
2019-03-01 22:39:52,2019-03-01 22:53:33,1,4.22,14.8,0.4,0.07,55.53,yellow,credit card,Steinway,Mott Haven/Port Morris,Queens,Bronx
2019-03-20 22:07:30,2019-03-20 22:26:02,1,1.05,11.07,5.5,0.35,43.41,yellow,cash,South Jamaica,Clinton East,Queens,Manhattan
2019-03-09 19:54:05,2019-03-09 20:08:36,1,0.73,3.4,0.57,0.05,10.77,yellow,credit card,Financial District South,Midtown East,Manhattan,Manhattan
2019-03-16 08:33:14,2019-03-16 08:47:15,3,0.2,7.6,1.14,0.18,12.54,yellow,cash,World Trade Center,Inwood Hill Park,Manhattan,Manhattan
2019-03-22 16:55:07,2019-03-22 17:10:19,1,6.19,8.3,1.34,0.16,17.42,yellow,credit card,Greenwich Village South,Elmhurst/Maspeth,Manhattan,Queens
2019-03-28 15:58:22,2019-03-28 16:12:43,1,2.0,7.5,2.02,0.87,26.51,yellow,cash,Clinton East,Flushing Meadows-Corona Park,Manhattan,Queens
2019-03-03 14:58:09,2019-03-03 15:09:56,1,0.19,8.3,1.76,0.06,15.84,yellow,credit card,East Chelsea,Upper East Side South,Manhattan,Manhattan
2019-03-15 17:59:15,2019-03-15 18:12:04,3,1.3,5.3,0.67,0.13,12.47,yellow,cash,Penn Station/Madison Sq West,Downtown Brooklyn/MetroTech,Manhattan,Brooklyn
2019-03-19 19:56:32,2019-03-19 20:10:36,1,14.05,7.18,1.64,0.13,8.7,yellow,credit card,Lenox Hill West,Corona,Manhattan,Queens
2019-03-11 13:18:13,2019-03-11 13:30:21,1,2.81,14.48,2.91,0.36,14.6,yellow,cash,Seaport,East Chelsea,Manhattan,Manhattan
2019-02-28 16:10:08,2019-02-28 16:22:12,1,1.22,7.37,6.9,0.01,8.36,yellow,credit card,Times Sq/Theatre District,Highbridge,Manhattan,Bronx
2019-03-28 16:11:19,2019-03-28 16:25:15,1,0.03,14.3,1.56,0.22,26.77,yellow,cash,Greenwich Village South,Douglaston,Manhattan,Queens
2019-03-06 09:36:23,2019-03-06 09:51:23,1,8.68,15.3,2.31,1.23,17.81,yellow,credit card,Long Island City/Queens Plaza,Bensonhurst West,Queens,Brooklyn
2019-03-31 21:17:29,2019-03-31 21:30:12,1,1.08,4.8,0.63,0.05,11.38,yellow,cash,Lenox Hill West,Eastchester,Manhattan,Bronx
2019-03-18 22:26:06,2019-03-18 22:39:51,2,1.12,8.8,0.01,0.21,19.63,yellow,credit card,Yorkville West,Williamsburg (North Side),Manhattan,Brooklyn
2019-03-20 02:15:55,2019-03-20 02:31:55,1,1.15,7.6,2.3,0.07,20.53,yellow,cash,Upper West Side North,Gravesend,Manhattan,Brooklyn
2019-03-28 07:54:35,2019-03-28 08:11:00,1,0.82,6.4,2.28,0.09,12.73,yellow,credit card,Murray Hill,Financial District North,Manhattan,Manhattan
2019-03-27 03:33:20,2019-03-27 03:48:10,1,1.3,7.17,7.8,0.22,7.85,yellow,cash,Midtown Center,Yorkville East,Manhattan,Manhattan
2019-03-23 22:31:26,2019-03-23 22:45:23,1,3.05,10.3,0.61,0.1,16.91,yellow,credit card,Midtown East,Bronxdale,Manhattan,Bronx
2019-03-06 20:31:18,2019-03-06 20:44:31,1,7.22,10.74,0.52,0.03,21.6,yellow,cash,Lincoln Square East,Starrett City,Manhattan,Brooklyn
2019-03-28 06:39:55,2019-03-28 06:54:07,1,6.49,22.55,1.86,0.08,27.5,yellow,credit card,East Harlem North,Mount Hope,Manhattan,Bronx
2019-03-15 12:31:43,2019-03-15 12:45:39,1,9.98,12.61,1.05,0.19,17.0,yellow,cash,Midtown East,Gramercy,Manhattan,Manhattan
2019-03-22 14:42:28,2019-03-22 14:55:57,1,0.06,12.3,1.3,0.02,16.16,yellow,credit card,West Village,East Harlem South,Manhattan,Manhattan
2019-03-28 14:42:27,2019-03-28 14:56:43,1,0.63,11.24,0.19,0.1,27.4,yellow,cash,Meatpacking/West Village West,Brighton Beach,Manhattan,Brooklyn
2019-03-21 04:10:18,2019-03-21 04:27:07,3,1.82,7.96,0.2,0.02,18.4,yellow,credit card,Union Sq,Stapleton,Manhattan,Staten Island
2019-03-29 14:49:53,2019-03-29 15:04:18,1,4.7,13.8,7.45,0.08,19.96,yellow,cash,Little Italy/NoLiTa,Sunnyside,Manhattan,Queens
2019-03-11 18:20:03,2019-03-11 18:36:34,6,0.07,10.27,3.14,0.09,10.7,yellow,credit card,Bloomingdale,South Jamaica,Manhattan,Queens
2019-02-28 18:34:33,2019-02-28 18:49:48,1,2.68,16.0,0.9,0.04,20.51,yellow,cash,World Trade Center,Crown Heights North,Manhattan,Brooklyn
2019-03-03 09:54:37,2019-03-03 10:07:45,2,9.16,26.4,2.2,8.79,37.76,yellow,credit card,Forest Hills,Maspeth,Queens,Queens
2019-03-16 08:59:02,2019-03-16 09:13:18,3,0.28,5.9,1.78,0.04,8.65,yellow,cash,Upper East Side North,Queensbridge/Ravenswood,Manhattan,Queens
2019-03-12 01:26:40,2019-03-12 01:38:19,5,0.85,19.45,2.92,0.15,21.5,yellow,credit card,East Harlem South,Williamsburg (South Side),Manhattan,Brooklyn
2019-03-25 04:27:43,2019-03-25 04:42:53,1,0.64,6.2,0.69,0.02,15.04,yellow,cash,Manhattan Valley,Lincoln Square East,Manhattan,Manhattan
2019-03-23 11:10:33,2019-03-23 11:24:55,0,2.38,11.5,3.37,0.0,14.59,yellow,credit card,TriBeCa/Civic Center,Clinton Hill,Manhattan,Brooklyn
2019-03-31 23:16:05,2019-03-31 23:29:41,1,0.22,14.6,4.85,0.1,16.65,yellow,cash,East Village,Prospect Park,Manhattan,Brooklyn
2019-03-17 08:17:40,2019-03-17 08:30:45,2,0.55,7.9,1.2,0.14,12.59,yellow,credit card,West Chelsea/Hudson Yards,Times Sq/Theatre District,Manhattan,Manhattan
2019-03-11 01:57:20,2019-03-11 02:10:50,1,2.77,10.3,0.01,0.14,18.5,yellow,cash,Lower East Side,Mott Haven/Port Morris,Manhattan,Bronx
2019-03-28 08:43:32,2019-03-28 08:59:59,2,6.35,6.4,2.64,0.06,27.18,yellow,credit card,Midtown East,Manhattan Beach,Manhattan,Brooklyn
2019-03-29 01:55:49,2019-03-29 02:08:52,1,2.46,18.15,0.76,0.29,27.8,yellow,cash,Clinton East,Brooklyn Navy Yard,Manhattan,Brooklyn
2019-03-16 03:59:08,2019-03-16 04:13:53,1,0.88,8.13,3.13,0.17,11.5,yellow,credit card,Midtown East,Greenpoint,Manhattan,Brooklyn
2019-03-28 13:08:25,2019-03-28 13:22:28,2,7.31,12.5,0.29,0.54,30.06,yellow,cash,Park Slope,Bensonhurst East,Brooklyn,Brooklyn
2019-03-28 21:16:50,2019-03-28 21:29:09,1,5.78,23.52,3.37,2.18,47.2,yellow,credit card,Long Island City/Hunters Point,Dyker Heights,Queens,Brooklyn
2019-03-08 22:11:57,2019-03-08 22:25:30,1,1.92,10.66,3.04,0.01,18.7,yellow,cash,World Trade Center,Jackson Heights,Manhattan,Queens
2019-03-23 08:32:11,2019-03-23 08:47:23,2,2.2,10.0,0.23,0.13,14.52,yellow,credit card,Clinton East,Westchester Village/Unionport,Manhattan,Bronx
2019-03-02 07:47:18,2019-03-02 08:00:37,1,0.66,9.2,0.27,0.1,24.37,yellow,cash,Fort Greene,Ridgewood,Brooklyn,Queens
2019-03-29 09:45:20,2019-03-29 09:58:02,3,0.59,9.9,0.86,0.03,30.51,yellow,credit card,Murray Hill,Battery Park,Manhattan,Manhattan
2019-03-12 21:10:10,2019-03-12 21:26:06,3,8.06,7.39,1.23,2.86,14.0,yellow,cash,LaGuardia Airport,Manhattan Beach,Queens,Brooklyn
2019-03-26 07:28:00,2019-03-26 07:40:18,1,8.77,13.78,0.51,7.04,15.5,yellow,credit card,Jamaica,Whitestone,Queens,Queens
2019-03-05 02:23:53,2019-03-05 02:39:22,2,4.44,8.09,0.29,0.03,8.8,yellow,cash,Greenwich Village North,Cobble Hill,Manhattan,Brooklyn
2019-02-28 10:54:56,2019-02-28 11:09:03,2,3.48,7.62,0.8,0.03,17.2,yellow,credit card,Manhattan Valley,Steinway,Manhattan,Queens
2019-03-25 20:38:54,2019-03-25 20:54:20,1,4.18,10.1,2.41,0.01,10.12,yellow,cash,Lower East Side,Flushing Meadows-Corona Park,Manhattan,Queens
2019-03-26 06:27:00,2019-03-26 06:40:30,1,3.37,7.6,2.74,0.28,18.77,yellow,credit card,TriBeCa/Civic Center,Long Island City/Hunters Point,Manhattan,Queens
2019-03-17 01:45:13,2019-03-17 02:00:21,1,0.45,10.13,8.19,0.21,13.2,yellow,cash,UN/Turtle Bay South,Woodhaven,Manhattan,Queens
2019-03-06 01:08:45,2019-03-06 01:22:18,1,2.27,7.8,2.85,0.26,20.72,yellow,credit card,Battery Park City,Manhattanville,Manhattan,Manhattan
2019-03-15 08:13:40,2019-03-15 08:28:12,1,6.82,4.3,2.89,0.06,12.81,yellow,cash,Central Harlem,Central Harlem North,Manhattan,Manhattan
2019-03-05 14:41:37,2019-03-05 14:57:24,3,0.53,7.7,1.24,0.03,32.72,yellow,credit card,Gramercy,Midtown North,Manhattan,Manhattan
2019-03-16 10:18:46,2019-03-16 10:33:29,1,0.15,13.71,0.32,0.03,14.2,yellow,cash,Times Sq/Theatre District,Midwood,Manhattan,Brooklyn
2019-03-11 18:02:45,2019-03-11 18:16:40,1,5.44,8.81,0.12,0.03,12.4,yellow,credit card,Greenwich Village North,Washington Heights North,Manhattan,Manhattan
2019-03-24 14:41:06,2019-03-24 14:56:37,1,1.01,5.16,0.55,0.16,16.5,yellow,cash,Williamsburg (North Side),Flatbush/Ditmas Park,Brooklyn,Brooklyn
2019-03-06 03:49:02,2019-03-06 04:04:14,1,5.31,6.0,1.69,0.16,14.61,yellow,credit card,Midtown South,Greenpoint,Manhattan,Brooklyn
2019-03-21 18:46:29,2019-03-21 19:01:04,1,0.41,8.5,2.68,0.04,17.7,yellow,cash,Yorkville West,Clinton East,Manhattan,Manhattan
2019-03-09 21:10:28,2019-03-09 21:22:56,5,3.86,17.88,0.05,0.07,23.7,yellow,credit card,Times Sq/Theatre District,Williamsburg (North Side),Manhattan,Brooklyn
2019-03-15 20:41:04,2019-03-15 20:57:06,2,2.82,12.64,5.51,0.09,14.6,yellow,cash,East Chelsea,Rego Park,Manhattan,Queens
2019-03-23 00:50:09,2019-03-23 01:05:07,5,1.76,8.6,0.5,0.2,37.88,yellow,credit card,Brooklyn Heights,Briarwood/Jamaica Hills,Brooklyn,Queens
2019-03-24 13:38:26,2019-03-24 13:56:07,1,2.2,9.9,1.55,0.01,17.15,yellow,cash,Lincoln Square East,Inwood Hill Park,Manhattan,Manhattan
2019-03-07 21:36:05,2019-03-07 21:52:33,2,2.7,21.4,0.22,1.48,50.05,yellow,credit card,Hunts Point,Rosedale,Bronx,Queens
2019-03-08 04:36:00,2019-03-08 04:49:12,1,1.58,7.85,1.4,0.18,13.4,yellow,cash,Lincoln Square East,Union Sq,Manhattan,Manhattan
2019-03-10 21:09:22,2019-03-10 21:22:15,1,1.53,8.8,6.28,0.14,9.77,yellow,credit card,Murray Hill,West Brighton,Manhattan,Staten Island
2019-03-05 01:10:32,2019-03-05 01:24:58,2,3.1,19.7,0.32,0.14,19.83,yellow,cash,Greenwich Village South,Claremont/Bathgate,Manhattan,Bronx
2019-03-17 23:40:31,2019-03-17 23:53:43,3,2.72,22.63,0.15,1.72,28.9,yellow,credit card,Astoria,Mount Hope,Queens,Bronx
2019-03-26 06:13:30,2019-03-26 06:28:19,2,5.14,21.23,0.03,0.23,32.4,yellow,cash,Van Nest/Morris Park,Midtown East,Bronx,Manhattan
2019-03-21 21:54:24,2019-03-21 22:09:14,1,0.96,7.3,0.78,0.13,22.64,yellow,credit card,SoHo,Williamsbridge/Olinville,Manhattan,Bronx
2019-03-06 22:35:17,2019-03-06 22:53:00,1,2.03,13.2,0.33,0.02,20.26,yellow,cash,Battery Park City,East New York,Manhattan,Brooklyn
2019-03-19 05:56:04,2019-03-19 06:11:27,1,3.37,7.9,0.01,0.04,8.45,yellow,credit card,Lenox Hill East,Riverdale/North Riverdale/Fieldston,Manhattan,Bronx
2019-03-10 01:57:58,2019-03-10 02:13:17,1,10.51,5.3,0.33,0.03,14.42,yellow,cash,SoHo,Glendale,Manhattan,Queens
2019-03-27 01:03:58,2019-03-27 01:17:37,1,2.3,8.2,0.24,0.11,48.22,yellow,credit card,Upper East Side South,Two Bridges/Seward Park,Manhattan,Manhattan
2019-03-29 07:12:02,2019-03-29 07:27:34,1,1.01,9.96,0.6,0.07,51.8,yellow,cash,Windsor Terrace,Bayside,Brooklyn,Queens
2019-03-01 06:31:21,2019-03-01 06:47:07,1,1.12,8.5,1.08,0.05,13.29,yellow,credit card,Union Sq,Williamsburg (South Side),Manhattan,Brooklyn
2019-03-29 17:18:27,2019-03-29 17:33:40,1,0.83,8.7,0.18,0.02,24.42,yellow,cash,Lenox Hill West,Ozone Park,Manhattan,Queens
2019-03-27 10:26:03,2019-03-27 10:39:01,1,5.64,4.3,0.49,0.42,25.51,yellow,credit card,Lincoln Square West,LaGuardia Airport,Manhattan,Queens
2019-03-31 07:20:37,2019-03-31 07:34:25,1,1.23,12.1,0.72,0.12,38.72,yellow,cash,Park Slope,Prospect-Lefferts Gardens,Brooklyn,Brooklyn
2019-03-20 22:08:54,2019-03-20 22:24:02,1,3.43,15.02,0.76,0.16,16.0,yellow,credit card,Lenox Hill East,Downtown Brooklyn/MetroTech,Manhattan,Brooklyn
2019-03-05 19:08:17,2019-03-05 19:23:01,1,5.31,12.8,6.81,0.42,13.07,yellow,cash,Penn Station/Madison Sq West,Briarwood/Jamaica Hills,Manhattan,Queens
2019-03-23 04:40:10,2019-03-23 04:52:10,1,0.22,7.64,3.74,0.13,11.7,yellow,credit card,Union Sq,Battery Park,Manhattan,Manhattan
2019-03-20 12:00:30,2019-03-20 12:18:34,1,0.91,11.7,2.13,0.06,15.12,yellow,cash,Penn Station/Madison Sq West,Bensonhurst East,Manhattan,Brooklyn
2019-02-28 08:33:20,2019-02-28 08:48:30,1,4.57,5.4,2.54,3.54,32.7,yellow,credit card,Queensboro Hill,Morningside Heights,Queens,Manhattan
2019-03-02 02:03:27,2019-03-02 02:16:34,1,3.74,6.91,0.55,0.17,7.7,yellow,cash,East New York,Financial District South,Brooklyn,Manhattan
2019-03-29 04:26:14,2019-03-29 04:38:08,1,9.79,20.75,3.3,0.78,50.3,yellow,credit card,Elmhurst,Dyker Heights,Queens,Brooklyn
2019-03-07 17:40:43,2019-03-07 17:57:11,1,2.91,14.8,0.23,0.99,91.29,yellow,cash,Long Island City/Queens Plaza,Bloomingdale,Queens,Manhattan
2019-03-14 02:47:03,2019-03-14 03:01:44,2,4.15,7.31,2.18,0.08,14.4,yellow,credit card,Clinton East,Sunset Park West,Manhattan,Brooklyn
2019-03-10 19:31:01,2019-03-10 19:46:45,1,4.73,4.5,2.17,0.13,17.37,yellow,cash,Midtown East,Eastchester,Manhattan,Bronx
2019-03-21 09:12:30,2019-03-21 09:26:43,6,0.95,8.7,2.17,0.0,21.83,yellow,credit card,Kips Bay,West Brighton,Manhattan,Staten Island
2019-03-09 19:41:26,2019-03-09 19:56:26,1,1.07,6.26,1.42,0.31,14.2,yellow,cash,Crown Heights South,Clinton Hill,Brooklyn,Brooklyn
2019-03-11 04:56:51,2019-03-11 05:10:28,1,0.14,21.58,5.23,0.11,23.7,yellow,credit card,Upper East Side North,Bushwick South,Manhattan,Brooklyn
2019-03-16 08:14:22,2019-03-16 08:28:23,1,2.92,11.5,4.59,0.13,16.44,yellow,cash,Manhattan Valley,Queensboro Hill,Manhattan,Queens
2019-03-29 06:01:03,2019-03-29 06:14:35,1,1.2,12.49,0.81,0.06,16.7,yellow,credit card,Upper East Side North,Red Hook,Manhattan,Brooklyn
2019-03-11 05:43:54,2019-03-11 05:56:59,1,0.91,6.0,0.8,0.41,27.75,yellow,cash,TriBeCa/Civic Center,Westchester Village/Unionport,Manhattan,Bronx
2019-03-15 17:57:09,2019-03-15 18:13:01,1,2.01,6.5,2.01,0.3,23.09,yellow,credit card,East Village,Brooklyn Navy Yard,Manhattan,Brooklyn
2019-03-05 09:41:34,2019-03-05 09:57:56,1,2.88,8.5,0.47,0.69,30.71,yellow,cash,East Williamsburg,Bedford Park,Brooklyn,Bronx
2019-03-03 15:40:22,2019-03-03 15:55:17,1,0.31,8.1,1.13,0.38,14.68,yellow,credit card,Murray Hill,Chinatown,Manhattan,Manhattan
2019-03-03 09:31:16,2019-03-03 09:46:26,1,0.24,10.03,0.64,0.08,16.8,yellow,cash,Upper East Side North,Starrett City,Manhattan,Brooklyn
2019-03-02 09:07:25,2019-03-02 09:22:29,1,3.9,4.4,0.52,0.07,14.94,yellow,credit card,East Flatbush/Remsen Village,Dyker Heights,Brooklyn,Brooklyn
2019-03-11 08:31:02,2019-03-11 08:44:46,1,2.47,3.36,2.7,0.18,7.8,yellow,cash,Lenox Hill East,Stapleton,Manhattan,Staten Island
2019-03-11 10:26:37,2019-03-11 10:40:25,2,1.97,6.2,2.54,0.12,26.04,yellow,credit card,East Harlem North,Queensbridge/Ravenswood,Manhattan,Queens
2019-03-18 03:09:51,2019-03-18 03:25:55,1,0.55,9.3,6.86,0.02,18.27,yellow,cash,World Trade Center,Hudson Sq,Manhattan,Manhattan
2019-03-01 17:10:10,2019-03-01 17:25:24,1,6.84,14.75,2.89,0.37,18.9,yellow,credit card,Upper East Side South,Prospect Heights,Manhattan,Brooklyn
2019-03-31 02:18:11,2019-03-31 02:31:11,1,2.29,8.44,2.29,0.92,16.9,yellow,cash,Carroll Gardens,Long Island City/Queens Plaza,Brooklyn,Queens
2019-03-13 11:57:41,2019-03-13 12:10:40,1,0.25,11.2,3.01,0.02,19.21,yellow,credit card,East Harlem South,Howard Beach,Manhattan,Queens
2019-03-23 03:53:42,2019-03-23 04:06:15,1,3.33,5.0,3.16,0.11,21.36,yellow,cash,Lower East Side,Manhattan Beach,Manhattan,Brooklyn
2019-03-27 00:23:54,2019-03-27 00:38:06,1,1.26,8.53,0.63,0.01,12.0,yellow,credit card,Financial District North,Long Island City/Hunters Point,Manhattan,Queens
2019-03-15 15:38:28,2019-03-15 15:52:39,1,11.38,7.4,0.25,0.04,15.8,yellow,cash,Meatpacking/West Village West,Woodhaven,Manhattan,Queens
2019-03-07 19:39:54,2019-03-07 19:54:45,2,3.45,5.3,0.63,0.04,21.09,yellow,credit card,Midtown East,Corona,Manhattan,Queens
2019-03-04 06:24:42,2019-03-04 06:39:45,1,5.52,9.3,4.8,0.04,11.6,yellow,cash,Yorkville East,Bloomingdale,Manhattan,Manhattan
2019-03-22 04:46:11,2019-03-22 05:02:19,1,0.23,8.8,1.59,0.04,11.5,yellow,credit card,Garment District,Flatbush/Ditmas Park,Manhattan,Brooklyn
2019-03-18 14:48:09,2019-03-18 15:02:23,1,2.24,20.0,2.7,0.22,21.35,yellow,cash,Lower East Side,Kew Gardens Hills,Manhattan,Queens
2019-03-08 02:43:11,2019-03-08 02:56:04,2,1.04,18.8,1.93,0.09,18.95,yellow,credit card,Washington Heights South,Yorkville East,Manhattan,Manhattan
2019-03-04 10:54:04,2019-03-04 11:07:18,1,0.53,8.3,5.25,0.1,11.97,yellow,cash,Midtown East,Inwood,Manhattan,Manhattan
2019-03-13 20:01:41,2019-03-13 20:12:02,2,2.26,17.83,8.9,1.47,35.39,yellow,credit card,LaGuardia Airport,Midtown East,Queens,Manhattan
2019-03-02 07:00:32,2019-03-02 07:13:18,1,0.71,12.0,2.47,0.04,18.94,yellow,cash,Midtown South,Park Slope,Manhattan,Brooklyn
2019-03-08 00:53:58,2019-03-08 01:07:30,3,0.24,8.84,0.96,0.06,27.4,yellow,credit card,Lincoln Square East,Jackson Heights,Manhattan,Queens
2019-03-27 23:22:34,2019-03-27 23:38:36,1,4.87,8.19,0.14,1.2,21.0,yellow,cash,Claremont/Bathgate,Van Cortlandt Village,Bronx,Bronx
2019-03-22 01:26:54,2019-03-22 01:41:03,1,0.35,11.4,1.64,0.27,12.21,yellow,credit card,Midtown Center,Queensboro Hill,Manhattan,Queens
2019-03-08 22:13:14,2019-03-08 22:29:10,1,0.94,10.6,2.21,0.06,11.09,yellow,cash,Midtown East,Homecrest,Manhattan,Brooklyn
2019-03-24 13:30:53,2019-03-24 13:48:04,1,0.58,7.67,1.13,0.18,14.1,yellow,credit card,Midtown East,Bedford,Manhattan,Brooklyn
2019-03-21 03:07:30,2019-03-21 03:22:05,6,1.17,9.63,0.34,0.25,17.9,yellow,cash,Greenwich Village South,Alphabet City,Manhattan,Manhattan
2019-03-04 13:27:07,2019-03-04 13:40:46,1,1.89,6.9,0.82,0.02,9.38,yellow,credit card,Clinton East,Douglaston,Manhattan,Queens
2019-03-02 02:02:27,2019-03-02 02:17:06,1,2.51,6.8,0.65,0.02,11.93,yellow,cash,Upper East Side South,Woodhaven,Manhattan,Queens
2019-03-27 22:30:19,2019-03-27 22:42:35,1,1.15,7.1,0.15,0.11,10.5,yellow,credit card,Lenox Hill East,Woodhaven,Manhattan,Queens
2019-03-29 06:53:10,2019-03-29 07:08:04,1,9.9,7.34,0.63,0.01,7.5,yellow,cash,West Chelsea/Hudson Yards,East Williamsburg,Manhattan,Brooklyn
2019-03-11 21:03:22,2019-03-11 21:16:52,1,3.35,7.7,4.87,0.0,9.89,yellow,credit card,Lower East Side,East New York,Manhattan,Brooklyn
2019-03-21 09:36:39,2019-03-21 09:47:49,1,0.03,3.7,1.41,0.15,13.78,yellow,cash,Midtown South,South Jamaica,Manhattan,Queens
2019-03-12 17:49:26,2019-03-12 18:05:18,1,1.55,12.2,3.28,0.26,19.02,yellow,credit card,Murray Hill,Norwood,Manhattan,Bronx
2019-03-28 19:51:06,2019-03-28 20:06:33,1,0.06,11.0,0.47,0.06,16.28,yellow,cash,Clinton East,Battery Park,Manhattan,Manhattan
2019-03-06 08:55:29,2019-03-06 09:09:25,1,4.03,7.7,0.99,0.15,9.63,yellow,credit card,Forest Hills,Central Harlem North,Queens,Manhattan
2019-03-21 15:30:32,2019-03-21 15:44:57,1,0.72,7.2,0.58,0.01,17.67,yellow,cash,Central Harlem North,University Heights/Morris Heights,Manhattan,Bronx
2019-03-12 13:58:58,2019-03-12 14:14:01,1,10.39,41.0,0.37,2.41,41.81,yellow,credit card,Astoria,Rosedale,Queens,Queens
2019-03-17 02:48:33,2019-03-17 03:01:23,1,1.04,8.8,2.79,0.02,24.57,yellow,cash,Upper West Side South,Carroll Gardens,Manhattan,Brooklyn
2019-03-19 21:50:37,2019-03-19 22:04:57,2,1.76,13.0,2.38,0.02,22.59,yellow,credit card,Kips Bay,Brownsville,Manhattan,Brooklyn
2019-03-21 21:20:22,2019-03-21 21:33:20,2,7.69,10.2,0.57,0.06,21.1,yellow,cash,Meatpacking/West Village West,Greenwich Village North,Manhattan,Manhattan
2019-03-25 00:27:07,2019-03-25 00:41:57,1,4.76,15.58,0.16,0.1,19.0,yellow,credit card,East Village,Union Sq,Manhattan,Manhattan
2019-03-12 18:31:52,2019-03-12 18:46:08,1,0.15,6.0,1.54,0.13,8.8,yellow,cash,Murray Hill,Upper West Side South,Manhattan,Manhattan
2019-03-27 14:44:08,2019-03-27 14:59:07,2,2.42,16.0,1.91,0.02,17.76,yellow,credit card,Greenwich Village South,Clinton Hill,Manhattan,Brooklyn
2019-03-12 22:04:41,2019-03-12 22:20:20,5,4.51,12.6,0.19,0.18,16.68,yellow,cash,Central Park,Randalls Island,Manhattan,Manhattan
2019-03-25 01:11:15,2019-03-25 01:26:27,1,1.28,17.7,3.45,0.3,64.06,yellow,credit card,Astoria,Gowanus,Queens,Brooklyn
2019-03-12 02:55:12,2019-03-12 03:08:23,1,4.91,13.8,1.53,0.94,14.46,yellow,cash,Astoria,Westchester Village/Unionport,Queens,Bronx
2019-03-30 01:41:59,2019-03-30 01:54:19,1,2.12,11.74,1.58,0.28,20.6,yellow,credit card,Upper West Side South,Midtown North,Manhattan,Manhattan
2019-03-06 02:40:01,2019-03-06 02:56:07,1,4.81,5.4,2.82,0.31,15.28,yellow,cash,Midtown South,Van Nest/Morris Park,Manhattan,Bronx
2019-03-05 04:42:37,2019-03-05 04:56:33,4,1.56,8.4,1.81,0.11,14.95,yellow,credit card,Midtown East,Williamsburg (North Side),Manhattan,Brooklyn
2019-03-07 13:39:33,2019-03-07 13:53:26,1,1.03,17.9,0.58,0.31,21.9,yellow,cash,Union Sq,Stuyvesant Heights,Manhattan,Brooklyn
2019-03-13 13:19:38,2019-03-13 13:35:00,1,13.35,11.4,0.01,0.07,22.94,yellow,credit card,Murray Hill,Manhattan Beach,Manhattan,Brooklyn
2019-03-16 14:18:22,2019-03-16 14:32:36,1,0.38,10.51,0.81,0.29,14.2,yellow,cash,Clinton East,Marble Hill,Manhattan,Manhattan
2019-03-01 01:27:08,2019-03-01 01:41:10,1,1.07,9.76,1.75,0.31,16.3,yellow,credit card,East Chelsea,DUMBO/Vinegar Hill,Manhattan,Brooklyn
2019-03-12 04:06:39,2019-03-12 04:19:36,4,4.36,4.41,2.42,0.13,10.4,yellow,cash,Lower East Side,Upper West Side South,Manhattan,Manhattan
2019-03-28 06:37:01,2019-03-28 06:49:58,1,0.76,15.7,0.08,1.59,26.25,yellow,credit card,Schuylerville/Edgewater Park,Windsor Terrace,Bronx,Brooklyn
2019-03-15 19:53:42,2019-03-15 20:09:34,6,1.34,8.2,3.42,0.22,13.85,yellow,cash,Union Sq,Richmond Hill,Manhattan,Queens
2019-03-07 04:23:14,2019-03-07 04:39:28,1,0.6,5.4,0.39,0.08,17.65,yellow,credit card,Meatpacking/West Village West,Glendale,Manhattan,Queens
2019-03-24 13:56:30,2019-03-24 14:12:34,0,2.08,9.5,0.21,0.27,14.93,yellow,cash,Lincoln Square West,Hamilton Heights,Manhattan,Manhattan
2019-03-28 02:22:35,2019-03-28 02:35:58,2,6.16,7.91,5.68,0.5,8.9,yellow,credit card,LaGuardia Airport,Lenox Hill West,Queens,Manhattan
2019-03-28 15:40:37,2019-03-28 15:57:15,1,0.02,3.1,0.01,0.01,8.71,yellow,cash,Upper West Side South,Seaport,Manhattan,Manhattan
2019-02-28 00:30:08,2019-02-28 00:43:02,1,0.52,11.55,0.28,0.03,13.8,yellow,credit card,Washington Heights South,Queens Village,Manhattan,Queens
2019-03-28 06:12:04,2019-03-28 06:26:33,1,17.87,5.9,0.05,2.18,29.15,yellow,cash,Belmont,Baisley Park,Bronx,Queens
2019-03-15 09:00:28,2019-03-15 09:13:52,1,0.84,13.5,0.3,2.14,22.13,yellow,credit card,Bronxdale,Greenwich Village North,Bronx,Manhattan
2019-03-05 06:14:26,2019-03-05 06:29:13,0,0.4,14.6,1.72,0.04,15.71,yellow,cash,Upper West Side South,Glendale,Manhattan,Queens
2019-03-05 18:16:18,2019-03-05 18:29:35,5,1.3,29.7,1.75,1.84,90.08,yellow,credit card,JFK Airport,Bedford,Queens,Brooklyn
2019-03-20 18:32:18,2019-03-20 18:46:33,1,1.54,9.66,0.29,0.2,10.0,yellow,cash,Kips Bay,Howard Beach,Manhattan,Queens
2019-03-14 20:20:23,2019-03-14 20:34:33,1,5.74,26.52,1.2,2.22,43.3,yellow,credit card,LaGuardia Airport,Norwood,Queens,Bronx
2019-03-15 15:24:18,2019-03-15 15:40:06,1,2.26,11.8,0.35,0.24,41.42,yellow,cash,Midtown East,East New York,Manhattan,Brooklyn
2019-03-19 00:42:41,2019-03-19 00:59:01,1,2.41,23.28,0.73,0.13,25.4,yellow,credit card,Upper East Side North,Mott Haven/Port Morris,Manhattan,Bronx
2019-03-16 01:21:54,2019-03-16 01:33:57,1,11.61,8.9,4.44,0.18,17.09,yellow,cash,Murray Hill,Spuyten Duyvil/Kingsbridge,Manhattan,Bronx
2019-03-10 04:32:02,2019-03-10 04:43:23,1,0.01,7.6,2.57,0.19,7.7,yellow,credit card,West Chelsea/Hudson Yards,Hamilton Heights,Manhattan,Manhattan
2019-03-06 14:22:36,2019-03-06 14:37:41,1,3.3,6.6,5.33,0.1,7.62,yellow,cash,Midtown North,Midtown Center,Manhattan,Manhattan
2019-03-25 10:40:14,2019-03-25 10:54:39,1,8.57,9.4,0.04,0.23,27.52,yellow,credit card,Schuylerville/Edgewater Park,Washington Heights South,Bronx,Manhattan
2019-03-21 23:43:42,2019-03-21 23:58:28,1,4.46,9.3,6.53,0.18,11.54,yellow,cash,Penn Station/Madison Sq West,Mott Haven/Port Morris,Manhattan,Bronx
2019-03-05 23:16:33,2019-03-05 23:32:11,3,1.79,10.9,1.0,0.24,12.77,yellow,credit card,East Chelsea,Bushwick South,Manhattan,Brooklyn
2019-03-20 21:13:12,2019-03-20 21:27:17,1,3.24,2.89,0.4,0.14,22.6,yellow,cash,Pelham Parkway,Manhattan Valley,Bronx,Manhattan
2019-03-09 23:54:43,2019-03-10 00:10:45,3,0.88,15.6,4.65,0.09,20.87,yellow,credit card,East Chelsea,South Jamaica,Manhattan,Queens
2019-03-14 11:31:17,2019-03-14 11:46:55,1,0.85,2.1,0.35,0.16,11.65,yellow,cash,Midtown North,Douglaston,Manhattan,Queens
2019-03-18 01:46:43,2019-03-18 02:01:12,1,0.32,15.2,1.15,2.87,18.05,yellow,credit card,Kew Gardens,Stuyvesant Heights,Queens,Brooklyn
2019-03-13 08:32:37,2019-03-13 08:48:39,1,10.29,3.15,2.1,0.05,23.19,yellow,cash,Upper East Side South,Yorkville East,Manhattan,Manhattan
2019-03-26 02:30:49,2019-03-26 02:44:41,1,2.76,8.7,0.4,0.06,11.14,yellow,credit card,Midtown East,Allerton/Pelham Gardens,Manhattan,Bronx
2019-03-17 05:41:26,2019-03-17 05:57:59,6,2.34,20.14,1.72,0.06,24.0,yellow,cash,Alphabet City,East Tremont,Manhattan,Bronx
2019-03-16 17:42:03,2019-03-16 17:57:43,1,1.87,6.7,1.83,0.14,23.29,yellow,credit card,Union Sq,Borough Park,Manhattan,Brooklyn
2019-03-26 23:22:25,2019-03-26 23:36:55,1,0.4,5.7,3.44,0.01,8.06,yellow,cash,Midtown East,Morningside Heights,Manhattan,Manhattan
2019-03-21 03:01:25,2019-03-21 03:18:43,1,6.32,30.1,0.97,0.91,38.93,yellow,credit card,DUMBO/Vinegar Hill,Howard Beach,Brooklyn,Queens
2019-03-20 12:38:36,2019-03-20 12:52:07,3,1.26,8.4,2.0,0.08,21.87,yellow,cash,Little Italy/NoLiTa,Melrose South,Manhattan,Bronx
2019-03-17 10:13:24,2019-03-17 10:27:48,1,4.15,5.61,3.16,0.16,11.1,yellow,credit card,Greenwich Village South,TriBeCa/Civic Center,Manhattan,Manhattan
2019-03-10 15:58:49,2019-03-10 16:12:52,1,6.43,11.7,0.57,0.14,19.77,yellow,cash,Midtown East,Stuyvesant Heights,Manhattan,Brooklyn
2019-02-28 05:05:02,2019-02-28 05:20:23,1,13.05,7.83,0.03,1.49,8.0,yellow,credit card,Mott Haven/Port Morris,Alphabet City,Bronx,Manhattan
2019-03-31 03:17:42,2019-03-31 03:34:32,2,5.13,9.8,2.7,0.65,10.34,yellow,cash,Downtown Brooklyn/MetroTech,Long Island City/Queens Plaza,Brooklyn,Queens
2019-03-04 18:31:45,2019-03-04 18:45:33,2,4.27,7.5,0.77,0.27,24.05,yellow,credit card,Lenox Hill East,Highbridge,Manhattan,Bronx
2019-03-24 22:52:19,2019-03-24 23:08:12,2,12.67,42.3,2.45,8.13,54.81,yellow,cash,LaGuardia Airport,Garment District,Queens,Manhattan
2019-03-23 03:25:59,2019-03-23 03:41:02,1,2.71,15.7,1.17,1.02,22.65,yellow,credit card,Williamsburg (North Side),Bronxdale,Brooklyn,Bronx
2019-03-01 03:27:02,2019-03-01 03:41:37,1,2.44,15.0,0.28,0.26,27.4,yellow,cash,Williamsburg (South Side),East Chelsea,Brooklyn,Manhattan
2019-03-02 11:44:09,2019-03-02 11:56:42,1,1.06,6.2,0.06,0.06,20.62,yellow,credit card,Two Bridges/Seward Park,Prospect Park,Manhattan,Brooklyn
2019-03-01 02:06:07,2019-03-01 02:21:08,0,0.0,22.11,6.21,0.35,25.8,yellow,cash,Ridgewood,Eastchester,Queens,Bronx
2019-03-15 17:40:19,2019-03-15 17:57:33,2,4.01,13.6,3.55,0.12,21.4,yellow,credit card,Morningside Heights,Queens Village,Manhattan,Queens
2019-03-01 22:16:05,2019-03-01 22:30:16,5,0.91,9.2,7.02,0.2,15.05,yellow,cash,World Trade Center,Flatiron,Manhattan,Manhattan
2019-03-21 18:35:17,2019-03-21 18:50:47,2,4.68,5.3,3.93,0.3,16.61,yellow,credit card,Murray Hill,Park Slope,Manhattan,Brooklyn
2019-03-02 06:09:02,2019-03-02 06:24:42,1,0.75,5.45,3.1,0.13,16.7,yellow,cash,Hamilton Heights,University Heights/Morris Heights,Manhattan,Bronx
2019-02-28 04:30:09,2019-02-28 04:43:42,1,15.05,11.22,2.27,0.39,23.6,yellow,credit card,LaGuardia Airport,Rosedale,Queens,Queens
2019-03-23 06:09:20,2019-03-23 06:22:52,2,4.41,19.52,0.84,0.2,64.3,yellow,cash,Greenwich Village North,Morrisania/Melrose,Manhattan,Bronx
2019-03-29 01:33:38,2019-03-29 01:48:18,1,0.56,23.32,1.21,0.72,28.9,yellow,credit card,Garment District,Steinway,Manhattan,Queens
2019-03-11 06:20:12,2019-03-11 06:32:42,1,5.27,15.4,3.37,0.15,15.4,yellow,cash,Midtown Center,Highbridge,Manhattan,Bronx
2019-03-07 01:27:54,2019-03-07 01:41:40,1,29.37,17.9,0.18,0.85,28.56,yellow,credit card,LaGuardia Airport,Midtown East,Queens,Manhattan
2019-03-30 07:38:36,2019-03-30 07:52:56,1,0.61,25.0,5.96,2.65,46.28,yellow,cash,Jackson Heights,Jackson Heights,Queens,Queens
2019-03-23 04:40:47,2019-03-23 04:54:43,1,1.89,16.14,2.58,0.37,19.2,yellow,credit card,East Chelsea,East Flatbush/Remsen Village,Manhattan,Brooklyn
2019-03-26 02:14:15,2019-03-26 02:28:07,1,3.31,7.13,6.8,0.11,12.46,yellow,cash,Yorkville West,Bayside,Manhattan,Queens
2019-03-02 20:45:32,2019-03-02 21:00:00,3,4.22,10.1,0.52,0.4,29.87,yellow,credit card,Hamilton Heights,Meatpacking/West Village West,Manhattan,Manhattan
2019-03-19 08:56:41,2019-03-19 09:12:09,1,2.27,7.53,1.31,0.28,17.2,yellow,cash,Yorkville East,East Elmhurst,Manhattan,Queens
2019-03-01 21:26:15,2019-03-01 21:41:23,1,4.89,5.3,1.45,1.04,5.83,yellow,credit card,Windsor Terrace,Canarsie,Brooklyn,Brooklyn
2019-03-29 17:53:37,2019-03-29 18:08:23,1,2.98,15.93,9.98,0.0,21.3,yellow,cash,Clinton East,South Ozone Park,Manhattan,Queens
2019-03-10 12:12:10,2019-03-10 12:26:28,1,2.2,4.1,2.73,0.19,17.87,yellow,credit card,Central Park,Financial District North,Manhattan,Manhattan
2019-03-01 08:57:47,2019-03-01 09:13:09,1,4.31,2.7,2.59,0.07,17.68,yellow,cash,Gramercy,Morrisania/Melrose,Manhattan,Bronx
2019-03-21 12:58:51,2019-03-21 13:16:02,1,5.54,12.2,0.41,0.04,16.45,yellow,credit card,Lincoln Square East,Woodlawn/Wakefield,Manhattan,Bronx
2019-03-18 22:19:32,2019-03-18 22:32:45,1,4.43,4.1,1.03,0.01,7.56,yellow,cash,Lincoln Square West,Maspeth,Manhattan,Queens
2019-03-15 01:57:13,2019-03-15 02:11:50,1,5.43,7.57,0.31,0.1,14.7,yellow,credit card,Upper East Side South,East Flatbush/Remsen Village,Manhattan,Brooklyn
2019-03-29 21:34:07,2019-03-29 21:47:01,2,4.87,8.27,3.23,0.16,8.5,yellow,cash,Upper West Side North,Middle Village,Manhattan,Queens
2019-02-28 06:23:12,2019-02-28 06:37:44,3,9.71,14.71,0.33,0.18,14.8,yellow,credit card,Yorkville West,Bushwick North,Manhattan,Brooklyn
2019-03-16 21:46:42,2019-03-16 21:58:00,2,1.12,4.7,2.6,0.04,24.2,yellow,cash,Garment District,UN/Turtle Bay South,Manhattan,Manhattan
2019-03-19 21:39:32,2019-03-19 21:55:14,1,3.05,7.3,0.33,0.0,26.16,yellow,credit card,East Village,Roosevelt Island,Manhattan,Manhattan
2019-03-13 00:08:39,2019-03-13 00:22:38,1,0.85,9.9,0.0,0.19,25.62,yellow,cash,East Chelsea,Richmond Hill,Manhattan,Queens
2019-03-08 09:06:03,2019-03-08 09:22:39,1,0.53,9.4,0.03,0.34,10.16,yellow,credit card,Upper East Side North,TriBeCa/Civic Center,Manhattan,Manhattan
2019-02-28 01:57:36,2019-02-28 02:12:09,1,1.62,9.1,2.62,0.04,10.75,yellow,cash,Central Harlem North,Yorkville East,Manhattan,Manhattan
2019-03-11 12:43:48,2019-03-11 13:00:54,1,0.41,6.5,0.72,0.01,7.26,yellow,credit card,Union Sq,Crown Heights North,Manhattan,Brooklyn
2019-03-03 11:10:19,2019-03-03 11:24:17,1,12.37,7.4,2.88,0.01,19.0,yellow,cash,East Harlem North,Elmhurst,Manhattan,Queens
2019-03-03 12:05:30,2019-03-03 12:16:06,1,1.67,12.2,0.37,0.0,16.55,yellow,credit card,Midtown South,Woodside,Manhattan,Queens
2019-03-15 01:19:13,2019-03-15 01:31:32,1,0.0,5.9,0.01,0.05,15.73,yellow,cash,Clinton West,Alphabet City,Manhattan,Manhattan
2019-03-14 08:47:46,2019-03-14 09:03:14,1,2.63,8.5,2.23,2.93,67.01,yellow,credit card,Jackson Heights,Bath Beach,Queens,Brooklyn
2019-03-10 13:07:34,2019-03-10 13:23:50,2,1.02,12.44,2.28,0.06,13.9,yellow,cash,Yorkville West,Baisley Park,Manhattan,Queens
2019-03-18 16:51:41,2019-03-18 17:05:13,1,0.19,3.8,2.24,0.92,33.6,yellow,credit card,Upper West Side North,East Village,Manhattan,Manhattan
2019-03-24 23:33:25,2019-03-24 23:46:31,1,1.98,6.7,0.82,0.06,17.87,yellow,cash,Lincoln Square East,Rego Park,Manhattan,Queens
2019-03-09 05:47:03,2019-03-09 06:01:23,2,0.68,10.2,2.86,0.28,24.05,yellow,credit card,East Village,South Ozone Park,Manhattan,Queens
2019-03-12 05:22:02,2019-03-12 05:36:19,5,0.45,7.13,6.8,0.02,8.67,yellow,cash,Upper West Side South,Middle Village,Manhattan,Queens
2019-03-16 08:59:44,2019-03-16 09:15:16,1,0.79,8.87,0.92,0.2,10.9,yellow,credit card,Lincoln Square West,Bensonhurst West,Manhattan,Brooklyn
2019-03-06 04:25:07,2019-03-06 04:39:11,1,0.47,6.1,0.43,0.03,13.54,yellow,cash,Lincoln Square East,Brooklyn Navy Yard,Manhattan,Brooklyn
2019-03-03 22:02:40,2019-03-03 22:17:04,5,5.3,4.6,0.74,0.18,17.08,yellow,credit card,Homecrest,Williamsburg (North Side),Brooklyn,Brooklyn
2019-03-02 02:49:27,2019-03-02 03:03:54,1,17.34,15.1,3.49,0.17,26.12,yellow,cash,JFK Airport,Hamilton Heights,Queens,Manhattan
2019-03-02 06:34:33,2019-03-02 06:49:09,1,2.43,25.2,2.04,1.3,32.66,yellow,credit card,Astoria,Penn Station/Madison Sq West,Queens,Manhattan
2019-03-24 15:10:27,2019-03-24 15:26:39,1,2.16,13.79,0.81,0.2,16.7,yellow,cash,Lenox Hill West,Howard Beach,Manhattan,Queens
2019-03-03 10:19:18,2019-03-03 10:34:40,1,3.32,4.2,0.13,0.08,6.34,yellow,credit card,Meatpacking/West Village West,Soundview/Bruckner,Manhattan,Bronx
2019-03-18 18:58:05,2019-03-18 19:11:38,1,0.27,8.9,2.94,0.01,27.09,yellow,cash,Little Italy/NoLiTa,Steinway,Manhattan,Queens
2019-03-02 16:20:17,2019-03-02 16:33:35,1,1.19,13.12,3.33,0.18,14.3,yellow,credit card,Lincoln Square East,South Williamsburg,Manhattan,Brooklyn
2019-03-17 07:18:43,2019-03-17 07:33:38,2,2.08,11.8,0.32,0.11,13.64,yellow,cash,Yorkville East,Manhattan Beach,Manhattan,Brooklyn
2019-03-07 09:04:01,2019-03-07 09:19:01,1,0.01,31.61,2.25,2.63,32.9,yellow,credit card,JFK Airport,Corona,Queens,Queens
2019-03-25 19:28:27,2019-03-25 19:42:47,1,0.06,12.16,0.2,0.25,35.7,yellow,cash,Washington Heights South,Flatbush/Ditmas Park,Manhattan,Brooklyn
2019-03-12 04:01:56,2019-03-12 04:14:47,1,0.14,7.92,0.66,0.1,22.9,yellow,credit card,Penn Station/Madison Sq West,Financial District South,Manhattan,Manhattan
2019-03-31 11:35:24,2019-03-31 11:48:04,1,0.22,9.8,6.53,0.07,13.99,yellow,cash,Penn Station/Madison Sq West,Inwood Hill Park,Manhattan,Manhattan
2019-03-09 09:05:14,2019-03-09 09:18:47,1,1.69,8.9,2.12,0.15,13.6,yellow,credit card,West Village,Brooklyn Navy Yard,Manhattan,Brooklyn
2019-03-01 20:11:07,2019-03-01 20:28:34,2,1.16,13.85,0.28,0.28,24.8,yellow,cash,Midtown East,Norwood,Manhattan,Bronx
2019-03-06 01:50:57,2019-03-06 02:03:35,1,0.76,11.0,0.3,0.15,22.32,yellow,credit card,Gramercy,South Jamaica,Manhattan,Queens
2019-03-26 19:23:26,2019-03-26 19:38:34,1,10.93,14.41,0.25,0.06,26.2,yellow,cash,Fort Greene,DUMBO/Vinegar Hill,Brooklyn,Brooklyn
2019-03-29 08:13:11,2019-03-29 08:27:36,1,3.23,10.5,0.34,0.34,28.97,yellow,credit card,Lenox Hill West,Midtown East,Manhattan,Manhattan
2019-03-15 21:48:48,2019-03-15 22:01:14,3,0.33,7.1,1.87,0.1,16.54,yellow,cash,Battery Park City,Brownsville,Manhattan,Brooklyn
2019-03-29 10:31:45,2019-03-29 10:45:27,1,2.07,17.73,0.46,0.03,17.9,yellow,credit card,Clinton East,Central Harlem North,Manhattan,Manhattan
2019-03-05 15:09:43,2019-03-05 15:24:34,1,2.28,11.17,0.3,0.06,19.2,yellow,cash,Lenox Hill East,Manhattanville,Manhattan,Manhattan
2019-03-14 21:13:42,2019-03-14 21:28:44,1,3.9,8.14,3.44,0.05,9.4,yellow,credit card,Sutton Place/Turtle Bay North,College Point,Manhattan,Queens
2019-03-24 15:51:59,2019-03-24 16:05:51,1,0.35,7.0,6.64,0.05,10.05,yellow,cash,Little Italy/NoLiTa,Woodhaven,Manhattan,Queens
2019-03-27 02:56:16,2019-03-27 03:10:21,1,2.93,4.9,0.27,0.07,8.22,yellow,credit card,Times Sq/Theatre District,Lincoln Square East,Manhattan,Manhattan
2019-03-08 21:27:12,2019-03-08 21:43:16,2,5.8,10.8,1.47,0.08,21.73,yellow,cash,Lenox Hill West,Flatbush/Ditmas Park,Manhattan,Brooklyn
2019-03-04 06:54:45,2019-03-04 07:07:43,1,7.94,7.65,2.96,0.28,12.4,yellow,credit card,Lenox Hill East,Bushwick North,Manhattan,Brooklyn
2019-03-29 16:40:53,2019-03-29 16:54:18,1,0.26,6.8,1.55,0.09,14.06,yellow,cash,Union Sq,South Williamsburg,Manhattan,Brooklyn
2019-03-14 10:04:14,2019-03-14 10:18:45,5,0.25,11.27,2.2,0.05,15.4,yellow,credit card,Penn Station/Madison Sq West,Rego Park,Manhattan,Queens
2019-03-30 16:19:17,2019-03-30 16:34:18,2,5.07,16.88,1.96,0.02,19.3,yellow,cash,Yorkville West,Queensboro Hill,Manhattan,Queens
2019-03-15 20:00:37,2019-03-15 20:16:33,1,6.76,10.0,0.12,0.14,11.98,yellow,credit card,Upper West Side South,East Harlem South,Manhattan,Manhattan
2019-03-14 04:09:31,2019-03-14 04:23:21,1,2.06,5.0,1.39,0.0,16.24,yellow,cash,Clinton East,Williamsbridge/Olinville,Manhattan,Bronx
2019-03-11 18:35:59,2019-03-11 18:50:30,6,1.97,10.59,5.23,0.26,15.3,yellow,credit card,Upper East Side North,Springfield Gardens South,Manhattan,Queens
2019-03-10 05:09:50,2019-03-10 05:23:29,1,3.6,9.5,0.97,0.4,23.72,yellow,cash,Starrett City,Middle Village,Brooklyn,Queens
2019-03-31 23:31:46,2019-03-31 23:46:11,2,6.02,5.2,4.29,0.18,10.14,yellow,credit card,TriBeCa/Civic Center,East Flatbush/Remsen Village,Manhattan,Brooklyn
2019-03-19 23:53:09,2019-03-20 00:06:32,1,1.45,10.4,0.33,0.05,19.99,yellow,cash,Morningside Heights,East New York,Manhattan,Brooklyn
2019-03-26 06:20:55,2019-03-26 06:35:06,1,5.91,23.7,1.31,1.46,48.0,yellow,credit card,JFK Airport,Prospect Park,Queens,Brooklyn
2019-03-17 06:24:55,2019-03-17 06:39:47,1,0.8,8.58,0.37,0.2,18.4,yellow,cash,Greenwich Village North,Carroll Gardens,Manhattan,Brooklyn
2019-03-10 03:53:29,2019-03-10 04:06:30,2,11.79,7.79,1.05,2.03,10.0,yellow,credit card,Long Island City/Hunters Point,Woodlawn/Wakefield,Queens,Bronx
2019-03-29 23:44:02,2019-03-29 23:57:20,1,7.53,7.5,0.02,0.08,8.1,yellow,cash,Midtown East,Bedford Park,Manhattan,Bronx
2019-03-22 03:01:15,2019-03-22 03:12:41,1,0.43,7.0,0.85,0.03,18.37,yellow,credit card,Union Sq,Battery Park,Manhattan,Manhattan
2019-03-26 14:20:32,2019-03-26 14:35:52,3,2.01,6.2,5.52,0.05,8.31,yellow,cash,Garment District,Allerton/Pelham Gardens,Manhattan,Bronx
2019-03-16 22:12:32,2019-03-16 22:25:13,1,0.5,4.4,0.46,0.03,9.48,yellow,credit card,Midtown North,Manhattan Valley,Manhattan,Manhattan
2019-03-15 22:53:21,2019-03-15 23:06:30,1,1.92,4.7,0.57,0.14,15.18,yellow,cash,East Village,Penn Station/Madison Sq West,Manhattan,Manhattan
2019-03-04 05:34:40,2019-03-04 05:46:57,4,1.76,5.8,0.01,0.09,8.68,yellow,credit card,Penn Station/Madison Sq West,Hudson Sq,Manhattan,Manhattan
2019-03-24 01:32:55,2019-03-24 01:48:37,1,2.36,7.1,0.27,0.15,46.63,yellow,cash,Midtown East,Ocean Hill,Manhattan,Brooklyn
2019-03-20 22:01:22,2019-03-20 22:14:16,1,2.35,6.0,0.58,0.04,16.07,yellow,credit card,Seaport,World Trade Center,Manhattan,Manhattan
2019-03-26 06:44:24,2019-03-26 06:59:59,1,1.51,5.0,1.28,0.11,15.17,yellow,cash,West Village,Midtown East,Manhattan,Manhattan
2019-03-14 01:54:35,2019-03-14 02:07:59,1,0.67,7.9,2.21,0.03,10.28,yellow,credit card,Alphabet City,Howard Beach,Manhattan,Queens
2019-03-04 08:37:27,2019-03-04 08:52:50,2,0.81,7.06,0.76,0.03,8.7,yellow,cash,Lincoln Square East,North Corona,Manhattan,Queens
2019-03-27 22:08:55,2019-03-27 22:20:24,1,19.31,7.1,0.5,0.18,29.85,yellow,credit card,Greenpoint,North Corona,Brooklyn,Queens
2019-03-13 23:21:11,2019-03-13 23:34:44,1,4.83,3.0,0.27,0.0,10.84,yellow,cash,Midtown East,East Tremont,Manhattan,Bronx
2019-03-01 16:14:32,2019-03-01 16:30:44,0,1.41,26.9,0.06,0.3,43.46,yellow,credit card,Co-Op City,Battery Park,Bronx,Manhattan
2019-03-17 09:18:50,2019-03-17 09:32:34,1,3.32,20.76,0.88,0.05,32.5,yellow,cash,East Chelsea,Flatlands,Manhattan,Brooklyn
2019-03-29 08:55:20,2019-03-29 09:07:02,2,1.53,13.48,4.87,0.01,26.7,yellow,credit card,Lenox Hill East,Carroll Gardens,Manhattan,Brooklyn
2019-03-26 21:21:24,2019-03-26 21:36:06,3,6.01,5.6,0.7,0.44,33.66,yellow,cash,Clinton East,Columbia Street,Manhattan,Brooklyn
2019-03-17 21:09:16,2019-03-17 21:22:49,1,4.93,8.2,0.9,0.03,19.75,yellow,credit card,East Village,Stuy Town/Peter Cooper Village,Manhattan,Manhattan
2019-03-26 05:19:13,2019-03-26 05:34:17,1,0.09,12.03,2.04,0.14,18.4,yellow,cash,East Village,Long Island City/Hunters Point,Manhattan,Queens
2019-03-17 06:36:04,2019-03-17 06:52:07,1,0.76,4.6,1.58,0.12,8.47,yellow,credit card,Midtown North,East Flatbush/Farragut,Manhattan,Brooklyn
2019-03-23 21:32:14,2019-03-23 21:47:11,1,0.16,9.23,1.43,0.05,18.3,yellow,cash,Flatiron,UN/Turtle Bay South,Manhattan,Manhattan
2019-03-30 18:46:52,2019-03-30 19:02:48,1,0.11,3.5,2.24,0.06,15.51,yellow,credit card,Two Bridges/Seward Park,Dyker Heights,Manhattan,Brooklyn
2019-03-12 09:09:32,2019-03-12 09:24:30,4,1.94,17.22,4.43,0.06,26.1,yellow,cash,Union Sq,Upper East Side South,Manhattan,Manhattan
2019-03-18 01:09:49,2019-03-18 01:23:09,1,5.04,16.3,5.2,1.54,26.18,yellow,credit card,JFK Airport,SoHo,Queens,Manhattan
2019-03-26 09:35:46,2019-03-26 09:49:04,1,1.41,5.9,2.14,0.03,32.98,yellow,cash,Midtown Center,Long Island City/Queens Plaza,Manhattan,Queens
2019-03-10 06:49:51,2019-03-10 07:04:44,1,1.05,10.28,7.83,0.12,16.9,yellow,credit card,Lincoln Square East,Inwood,Manhattan,Manhattan
2019-03-20 23:23:31,2019-03-20 23:38:49,1,1.22,17.77,17.2,6.35,18.86,yellow,cash,LaGuardia Airport,Woodhaven,Queens,Queens
2019-03-18 17:49:46,2019-03-18 18:04:40,1,0.43,12.1,0.34,0.34,16.33,yellow,credit card,Yorkville West,Bath Beach,Manhattan,Brooklyn
2019-03-11 23:37:42,2019-03-11 23:53:56,1,2.01,14.6,1.54,0.03,21.16,yellow,cash,Union Sq,Queensbridge/Ravenswood,Manhattan,Queens
2019-03-21 09:34:27,2019-03-21 09:49:29,2,3.1,9.7,0.78,0.0,14.5,yellow,credit card,Clinton East,Upper East Side South,Manhattan,Manhattan
2019-03-07 13:31:03,2019-03-07 13:46:12,1,1.02,2.9,0.96,0.31,14.28,yellow,cash,East Harlem North,Brighton Beach,Manhattan,Brooklyn
2019-03-30 01:09:26,2019-03-30 01:25:22,1,2.21,9.4,3.49,0.19,11.4,yellow,credit card,Sutton Place/Turtle Bay North,Washington Heights North,Manhattan,Manhattan
2019-03-15 14:53:02,2019-03-15 15:06:41,1,14.21,18.5,3.01,1.87,65.72,yellow,cash,Astoria,Spuyten Duyvil/Kingsbridge,Queens,Bronx
2019-03-25 14:57:06,2019-03-25 15:10:05,1,2.55,4.4,0.8,0.28,11.11,yellow,credit card,East Chelsea,Belmont,Manhattan,Bronx
2019-03-10 21:39:54,2019-03-10 21:55:22,1,7.7,18.4,2.03,1.31,35.73,yellow,cash,Jackson Heights,Times Sq/Theatre District,Queens,Manhattan
2019-03-12 10:40:34,2019-03-12 10:53:10,1,2.39,25.2,1.75,0.06,31.11,yellow,credit card,Murray Hill,East Flatbush/Farragut,Manhattan,Brooklyn
2019-03-19 00:57:55,2019-03-19 01:14:28,1,1.43,5.7,0.91,0.03,12.17,yellow,cash,Midtown East,Mount Hope,Manhattan,Bronx
2019-03-07 03:57:31,2019-03-07 04:11:10,1,0.71,21.78,6.67,4.94,37.0,yellow,credit card,Sunnyside,Chinatown,Queens,Manhattan
2019-03-13 01:00:04,2019-03-13 01:15:29,1,0.76,7.7,1.01,0.27,21.33,yellow,cash,Lenox Hill West,East Tremont,Manhattan,Bronx
2019-03-25 15:22:35,2019-03-25 15:37:35,1,3.66,25.7,4.83,0.24,28.99,yellow,credit card,Gramercy,East Williamsburg,Manhattan,Brooklyn
2019-03-12 01:53:51,2019-03-12 02:08:47,1,6.5,7.2,1.56,0.21,14.49,yellow,cash,Lincoln Square East,Parkchester,Manhattan,Bronx
2019-03-22 12:01:35,2019-03-22 12:18:12,1,2.98,10.1,0.08,0.02,10.11,yellow,credit card,Prospect-Lefferts Gardens,Bedford,Brooklyn,Brooklyn
2019-03-05 05:19:49,2019-03-05 05:34:26,1,2.58,8.3,3.19,0.01,21.83,yellow,cash,Upper West Side South,Kew Gardens,Manhattan,Queens
2019-03-09 02:12:34,2019-03-09 02:24:20,1,2.87,5.82,5.83,0.04,9.2,yellow,credit card,Lenox Hill East,Long Island City/Hunters Point,Manhattan,Queens
2019-03-26 12:22:39,2019-03-26 12:37:55,2,11.95,32.27,2.69,1.21,83.9,yellow,cash,LaGuardia Airport,Bedford,Queens,Brooklyn
2019-03-07 19:28:12,2019-03-07 19:40:17,1,5.77,25.3,1.63,0.04,27.9,yellow,credit card,Flatiron,Morningside Heights,Manhattan,Manhattan
2019-03-13 20:30:48,2019-03-13 20:46:25,5,1.94,7.6,0.11,0.1,15.2,yellow,cash,East Harlem North,Williamsburg (South Side),Manhattan,Brooklyn
2019-03-23 06:15:22,2019-03-23 06:27:25,1,1.57,11.8,0.4,0.05,27.9,yellow,credit card,Williamsburg (North Side),Long Island City/Hunters Point,Brooklyn,Queens
2019-03-24 14:17:15,2019-03-24 14:34:41,1,4.63,4.7,1.77,0.02,22.4,yellow,cash,West Village,Williamsburg (South Side),Manhattan,Brooklyn
2019-03-05 11:17:03,2019-03-05 11:31:49,1,2.87,13.9,0.11,0.04,16.37,yellow,credit card,Boerum Hill,Van Nest/Morris Park,Brooklyn,Bronx
2019-03-03 04:25:14,2019-03-03 04:38:37,6,1.01,12.0,2.09,0.1,27.86,yellow,cash,Yorkville West,Woodhaven,Manhattan,Queens
2019-03-17 21:43:36,2019-03-17 21:57:27,2,2.05,6.64,0.07,0.14,7.5,yellow,credit card,SoHo,Clinton Hill,Manhattan,Brooklyn
2019-03-17 16:36:32,2019-03-17 16:50:21,1,2.9,11.5,2.96,0.13,12.02,yellow,cash,Upper East Side North,Flatbush/Ditmas Park,Manhattan,Brooklyn
2019-03-06 18:03:21,2019-03-06 18:17:20,1,0.25,14.5,0.92,0.02,23.2,yellow,credit card,Midtown East,Upper East Side North,Manhattan,Manhattan
2019-03-24 10:49:27,2019-03-24 11:04:14,1,5.79,6.9,0.07,0.16,34.07,yellow,cash,Penn Station/Madison Sq West,Steinway,Manhattan,Queens
2019-03-05 18:46:21,2019-03-05 18:57:40,0,0.53,6.9,5.04,0.07,20.22,yellow,credit card,East Harlem South,Times Sq/Theatre District,Manhattan,Manhattan
2019-03-20 23:52:21,2019-03-21 00:08:19,1,0.44,7.2,1.99,0.01,17.18,yellow,cash,Greenwich Village North,Sheepshead Bay,Manhattan,Brooklyn
2019-03-10 13:04:28,2019-03-10 13:20:20,1,1.07,5.2,3.83,0.1,14.25,yellow,credit card,Central Park,Melrose South,Manhattan,Bronx
2019-03-30 01:15:59,2019-03-30 01:28:43,1,0.38,7.9,0.04,0.01,18.51,yellow,cash,Gramercy,Canarsie,Manhattan,Brooklyn
2019-03-08 07:22:14,2019-03-08 07:38:04,1,1.12,12.9,0.01,0.11,22.8,yellow,credit card,Bronxdale,Jamaica,Bronx,Queens
2019-03-09 02:42:54,2019-03-09 02:56:49,1,1.32,9.8,4.05,0.52,10.84,yellow,cash,UN/Turtle Bay South,Westchester Village/Unionport,Manhattan,Bronx
2019-03-22 17:45:31,2019-03-22 17:59:30,5,2.14,8.0,1.84,0.07,20.34,yellow,credit card,East Harlem North,Flatbush/Ditmas Park,Manhattan,Brooklyn
2019-03-21 18:03:57,2019-03-21 18:19:22,5,17.08,9.5,2.55,0.08,21.64,yellow,cash,Murray Hill-Queens,Clinton West,Queens,Manhattan
2019-03-29 15:51:00,2019-03-29 16:04:18,0,9.08,11.8,0.05,0.95,32.52,yellow,credit card,Belmont,Riverdale/North Riverdale/Fieldston,Bronx,Bronx
2019-03-04 15:50:36,2019-03-04 16:03:30,1,1.0,13.4,0.08,0.5,15.39,yellow,cash,East Chelsea,Williamsburg (South Side),Manhattan,Brooklyn
2019-03-12 10:47:31,2019-03-12 11:00:33,1,2.94,6.6,0.81,0.05,27.3,yellow,credit card,Union Sq,Washington Heights South,Manhattan,Manhattan
2019-03-21 20:06:28,2019-03-21 20:19:11,1,1.04,7.3,3.5,0.03,10.88,yellow,cash,Upper East Side South,Sunset Park West,Manhattan,Brooklyn
2019-03-17 01:29:57,2019-03-17 01:43:23,3,6.52,7.9,1.37,0.1,22.19,yellow,credit card,Gramercy,Rosedale,Manhattan,Queens
2019-03-19 11:34:54,2019-03-19 11:49:08,2,1.43,7.6,0.63,0.03,14.2,yellow,cash,East Chelsea,Glendale,Manhattan,Queens
2019-03-03 16:58:57,2019-03-03 17:13:22,3,1.71,3.9,1.04,0.09,16.21,yellow,credit card,Midtown South,Meatpacking/West Village West,Manhattan,Manhattan
2019-03-13 22:48:46,2019-03-13 23:02:04,1,0.2,6.2,3.79,0.0,12.48,yellow,cash,Upper East Side South,Queensboro Hill,Manhattan,Queens
2019-03-23 09:21:58,2019-03-23 09:37:43,1,2.0,23.98,3.01,1.19,47.3,yellow,credit card,JFK Airport,Manhattanville,Queens,Manhattan
2019-03-03 11:37:58,2019-03-03 11:51:54,1,12.85,5.1,3.82,0.02,20.04,yellow,cash,Garment District,Gowanus,Manhattan,Brooklyn
2019-03-07 03:00:41,2019-03-07 03:15:36,1,1.38,13.53,0.6,0.04,40.2,yellow,credit card,Battery Park City,Central Park,Manhattan,Manhattan
2019-03-30 16:41:44,2019-03-30 16:56:00,1,2.41,6.4,3.46,2.13,9.99,yellow,cash,Woodside,Williamsburg (South Side),Queens,Brooklyn
2019-03-17 22:02:29,2019-03-17 22:14:46,1,2.53,3.34,5.8,0.43,9.8,yellow,credit card,Long Island City/Queens Plaza,Central Harlem North,Queens,Manhattan
2019-03-24 06:35:50,2019-03-24 06:51:10,3,0.39,9.83,0.98,0.15,13.5,yellow,cash,Washington Heights South,Sunnyside,Manhattan,Queens
2019-03-25 00:32:21,2019-03-25 00:46:28,1,0.28,4.8,0.7,0.23,20.31,yellow,credit card,Hamilton Heights,Steinway,Manhattan,Queens
2019-03-03 23:07:52,2019-03-03 23:20:21,1,5.17,6.7,0.07,0.17,18.73,yellow,cash,World Trade Center,Columbia Street,Manhattan,Brooklyn
2019-03-03 22:25:34,2019-03-03 22:40:59,1,2.5,15.31,0.18,0.17,19.0,yellow,credit card,Central Harlem North,Borough Park,Manhattan,Brooklyn
2019-02-28 10:57:09,2019-02-28 11:10:42,1,4.08,9.79,0.1,0.27,14.3,yellow,cash,Brooklyn Heights,Madison,Brooklyn,Brooklyn
2019-03-05 02:25:32,2019-03-05 02:38:34,2,0.45,12.3,2.47,0.03,14.08,yellow,credit card,Penn Station/Madison Sq West,Williamsburg (North Side),Manhattan,Brooklyn
2019-03-29 21:17:05,2019-03-29 21:31:09,1,1.31,15.22,2.56,0.56,22.8,yellow,cash,LaGuardia Airport,Bensonhurst West,Queens,Brooklyn
2019-03-28 12:56:00,2019-03-28 13:13:23,2,0.03,14.4,0.11,0.0,15.67,yellow,credit card,Penn Station/Madison Sq West,DUMBO/Vinegar Hill,Manhattan,Brooklyn
2019-03-29 21:25:51,2019-03-29 21:39:29,2,0.28,6.6,3.03,0.06,16.93,yellow,cash,Battery Park City,Oakland Gardens,Manhattan,Queens
2019-03-08 06:05:26,2019-03-08 06:18:05,1,2.97,9.2,0.1,0.33,11.88,yellow,credit card,Times Sq/Theatre District,Auburndale,Manhattan,Queens
2019-03-02 19:08:57,2019-03-02 19:24:02,3,17.23,9.4,1.02,0.13,15.04,yellow,cash,Kips Bay,Cypress Hills,Manhattan,Brooklyn
2019-03-14 08:57:14,2019-03-14 09:10:56,1,3.49,8.64,0.56,0.76,21.2,yellow,credit card,LaGuardia Airport,Cobble Hill,Queens,Brooklyn
2019-03-28 05:17:55,2019-03-28 05:30:08,1,0.81,5.5,1.62,0.05,14.95,yellow,cash,Gramercy,Cobble Hill,Manhattan,Brooklyn
2019-02-28 00:30:24,2019-02-28 00:45:17,1,1.31,9.6,0.71,0.03,18.23,yellow,credit card,East Village,Upper East Side North,Manhattan,Manhattan
2019-03-06 12:06:40,2019-03-06 12:19:15,1,0.22,2.2,1.82,0.04,12.36,yellow,cash,Clinton East,South Ozone Park,Manhattan,Queens
2019-03-17 13:15:24,2019-03-17 13:29:23,1,3.25,11.6,1.05,0.28,23.59,yellow,credit card,Prospect Heights,Queensboro Hill,Brooklyn,Queens
2019-03-06 05:48:43,2019-03-06 06:01:34,1,25.42,16.1,0.38,0.01,27.13,yellow,cash,JFK Airport,Ozone Park,Queens,Queens
2019-03-20 05:30:11,2019-03-20 05:45:04,1,1.62,4.6,3.18,0.36,13.35,yellow,credit card,Alphabet City,Williamsburg (North Side),Manhattan,Brooklyn
2019-03-07 14:18:04,2019-03-07 14:31:31,6,1.95,5.6,0.81,0.03,17.31,yellow,cash,Lenox Hill East,Bronxdale,Manhattan,Bronx
2019-03-02 13:44:32,2019-03-02 13:57:03,2,4.77,13.54,2.02,0.22,13.7,yellow,credit card,Lenox Hill West,Cambria Heights,Manhattan,Queens
2019-03-20 22:59:50,2019-03-20 23:12:10,1,3.17,6.2,0.53,0.17,17.97,yellow,cash,Central Park,World Trade Center,Manhattan,Manhattan
2019-03-12 18:35:03,2019-03-12 18:49:49,1,13.15,6.3,0.4,0.26,22.37,yellow,credit card,Murray Hill,Lincoln Square East,Manhattan,Manhattan
2019-03-06 11:09:01,2019-03-06 11:22:49,1,0.64,8.6,0.3,0.07,15.1,yellow,cash,TriBeCa/Civic Center,East Harlem North,Manhattan,Manhattan
2019-03-15 11:24:41,2019-03-15 11:39:02,1,0.82,7.8,1.51,0.01,11.0,yellow,credit card,UN/Turtle Bay South,Clinton Hill,Manhattan,Brooklyn
2019-03-25 08:29:57,2019-03-25 08:44:26,2,1.92,8.4,0.02,0.04,11.65,yellow,cash,Fort Greene,Kingsbridge Heights,Brooklyn,Bronx
2019-03-02 23:13:43,2019-03-02 23:28:18,1,2.16,6.9,1.51,0.1,27.27,yellow,credit card,Astoria,Crown Heights South,Queens,Brooklyn
2019-03-09 17:07:36,2019-03-09 17:22:33,1,2.07,9.27,3.22,0.08,21.4,yellow,cash,Upper West Side North,Roosevelt Island,Manhattan,Manhattan
2019-03-17 10:47:41,2019-03-17 11:02:25,2,2.37,5.9,2.33,0.01,25.78,yellow,credit card,Hudson Sq,Brooklyn Heights,Manhattan,Brooklyn
2019-03-27 17:43:14,2019-03-27 17:56:43,1,1.73,7.6,2.69,0.04,8.23,yellow,cash,Upper East Side North,Old Astoria,Manhattan,Queens
2019-03-11 06:23:46,2019-03-11 06:38:55,1,0.39,7.99,6.5,0.22,15.2,yellow,credit card,Greenwich Village North,Mount Hope,Manhattan,Bronx
2019-03-28 16:25:01,2019-03-28 16:38:28,2,0.6,9.1,1.41,0.46,11.11,yellow,cash,Yorkville East,World Trade Center,Manhattan,Manhattan
2019-03-22 05:35:01,2019-03-22 05:50:46,2,7.25,45.9,1.7,1.18,128.27,yellow,credit card,Elmhurst,Bensonhurst East,Queens,Brooklyn
2019-03-06 09:21:47,2019-03-06 09:36:13,1,3.58,6.18,0.16,0.01,8.9,yellow,cash,Penn Station/Madison Sq West,Hillcrest/Pomonok,Manhattan,Queens
2019-03-14 01:37:17,2019-03-14 01:50:37,1,0.44,10.34,2.12,0.02,12.6,yellow,credit card,Flatiron,Flatiron,Manhattan,Manhattan
2019-03-21 11:48:48,2019-03-21 11:59:23,1,2.89,7.5,1.54,0.05,27.77,yellow,cash,Midtown North,Elmhurst,Manhattan,Queens
2019-03-10 14:10:42,2019-03-10 14:26:28,1,3.33,15.9,1.03,0.15,20.2,yellow,credit card,Homecrest,Astoria,Brooklyn,Queens
2019-03-25 06:35:58,2019-03-25 06:48:47,1,1.74,4.6,3.23,0.05,23.1,yellow,cash,Fort Greene,Middle Village,Brooklyn,Queens
2019-02-28 08:27:52,2019-02-28 08:41:33,2,0.89,16.7,3.62,0.02,21.21,yellow,credit card,Upper East Side South,Chinatown,Manhattan,Manhattan
2019-03-02 03:20:22,2019-03-02 03:35:10,1,2.66,3.1,2.08,0.03,13.9,yellow,cash,Lenox Hill West,West Village,Manhattan,Manhattan
2019-03-23 12:03:15,2019-03-23 12:18:10,1,3.23,7.1,3.68,0.03,18.81,yellow,credit card,Alphabet City,Howard Beach,Manhattan,Queens
2019-03-15 14:15:36,2019-03-15 14:30:06,1,1.79,8.67,1.52,0.15,11.8,yellow,cash,Greenwich Village South,Flushing,Manhattan,Queens
2019-03-16 02:27:00,2019-03-16 02:43:07,1,0.36,8.9,0.27,0.09,20.07,yellow,credit card,West Village,Bushwick North,Manhattan,Brooklyn
2019-03-31 03:27:56,2019-03-31 03:41:38,1,0.88,8.17,7.6,0.14,22.02,yellow,cash,Washington Heights South,Financial District South,Manhattan,Manhattan
2019-03-17 20:55:56,2019-03-17 21:10:43,2,0.72,7.49,5.69,0.07,7.6,yellow,credit card,Clinton West,Clinton Hill,Manhattan,Brooklyn
2019-03-26 09:43:30,2019-03-26 09:58:20,1,3.23,6.4,0.67,0.26,13.52,yellow,cash,Morningside Heights,Long Island City/Hunters Point,Manhattan,Queens
2019-03-08 16:41:12,2019-03-08 16:56:47,2,0.56,3.6,0.04,0.2,13.5,yellow,credit card,Murray Hill,Homecrest,Manhattan,Brooklyn
2019-03-20 18:00:24,2019-03-20 18:13:39,1,0.13,9.9,1.84,0.05,28.87,yellow,cash,Times Sq/Theatre District,Bushwick South,Manhattan,Brooklyn
2019-03-06 12:37:17,2019-03-06 12:51:01,1,2.2,14.48,0.59,0.06,19.4,yellow,credit card,Lenox Hill East,Middle Village,Manhattan,Queens
2019-03-02 22:18:32,2019-03-02 22:32:26,3,0.36,19.7,0.45,0.19,25.48,yellow,cash,Bloomingdale,Riverdale/North Riverdale/Fieldston,Manhattan,Bronx
2019-03-18 22:15:09,2019-03-18 22:29:11,3,23.08,10.7,5.37,1.31,28.05,yellow,credit card,JFK Airport,Hamilton Heights,Queens,Manhattan
2019-03-27 06:12:04,2019-03-27 06:28:18,2,6.08,8.3,0.85,0.0,15.25,yellow,cash,Clinton East,Flushing,Manhattan,Queens
2019-03-24 21:32:05,2019-03-24 21:44:47,1,3.22,12.26,1.81,0.05,23.2,yellow,credit card,Midtown East,Brooklyn Navy Yard,Manhattan,Brooklyn
2019-03-12 21:28:42,2019-03-12 21:44:28,1,0.98,12.1,2.47,0.16,41.53,yellow,cash,Penn Station/Madison Sq West,South Williamsburg,Manhattan,Brooklyn
2019-03-23 23:54:45,2019-03-24 00:08:22,1,1.05,6.3,3.0,0.02,8.23,yellow,credit card,East Chelsea,Lower East Side,Manhattan,Manhattan
2019-03-25 21:56:21,2019-03-25 22:09:23,1,0.3,6.4,6.32,0.1,17.67,yellow,cash,Bloomingdale,Springfield Gardens South,Manhattan,Queens
2019-03-16 23:54:57,2019-03-17 00:07:45,4,2.81,12.0,1.03,0.53,13.03,yellow,credit card,Astoria,Mount Hope,Queens,Bronx
2019-03-15 22:13:17,2019-03-15 22:28:19,1,0.4,11.07,0.19,0.04,13.7,yellow,cash,Union Sq,Fort Greene,Manhattan,Brooklyn
2019-03-16 02:15:49,2019-03-16 02:30:19,6,5.69,2.55,0.97,0.07,11.6,yellow,credit card,Fort Greene,Kingsbridge Heights,Brooklyn,Bronx
2019-03-09 05:34:34,2019-03-09 05:45:25,5,1.79,4.1,0.47,0.04,16.65,yellow,cash,Penn Station/Madison Sq West,East Flatbush/Remsen Village,Manhattan,Brooklyn
2019-03-19 18:13:19,2019-03-19 18:27:33,1,0.29,3.5,0.45,0.08,22.93,yellow,credit card,East Chelsea,Soundview/Bruckner,Manhattan,Bronx
2019-03-26 08:15:08,2019-03-26 08:29:06,1,3.13,13.3,0.84,0.09,16.34,yellow,cash,East Harlem South,Maspeth,Manhattan,Queens
2019-03-28 07:21:32,2019-03-28 07:35:48,1,2.0,7.0,1.42,0.03,14.69,yellow,credit card,West Village,Upper West Side South,Manhattan,Manhattan
2019-03-24 22:59:09,2019-03-24 23:10:36,1,1.01,9.15,0.55,0.08,12.2,yellow,cash,Penn Station/Madison Sq West,Red Hook,Manhattan,Brooklyn
2019-02-28 16:29:08,2019-02-28 16:43:07,1,1.93,8.6,3.07,0.02,15.73,yellow,credit card,Financial District South,Upper West Side North,Manhattan,Manhattan
2019-03-28 18:21:04,2019-03-28 18:33:28,3,1.04,11.2,2.15,0.19,20.16,yellow,cash,Financial District North,Woodhaven,Manhattan,Queens
2019-03-24 12:00:32,2019-03-24 12:17:20,2,2.57,3.8,5.4,0.0,9.24,yellow,credit card,Lenox Hill East,Old Astoria,Manhattan,Queens
2019-03-16 20:03:06,2019-03-16 20:15:14,1,1.74,8.87,0.35,0.07,14.5,yellow,cash,Murray Hill,Battery Park,Manhattan,Manhattan
2019-03-06 10:22:44,2019-03-06 10:35:59,2,0.58,7.0,1.18,0.48,22.24,yellow,credit card,Morningside Heights,Downtown Brooklyn/MetroTech,Manhattan,Brooklyn
2019-03-26 23:07:32,2019-03-26 23:21:48,5,3.07,12.2,0.97,0.12,16.29,yellow,cash,Midtown North,Flushing,Manhattan,Queens
2019-03-22 16:49:44,2019-03-22 17:03:42,1,6.31,8.3,0.89,0.07,22.11,yellow,credit card,Morningside Heights,Elmhurst/Maspeth,Manhattan,Queens
2019-03-31 22:52:16,2019-03-31 23:06:43,1,1.95,8.3,1.82,0.0,26.28,yellow,cash,Gramercy,Downtown Brooklyn/MetroTech,Manhattan,Brooklyn
2019-03-02 13:51:31,2019-03-02 14:05:12,1,0.02,9.2,0.29,0.28,16.91,yellow,credit card,Midtown North,Williamsburg (South Side),Manhattan,Brooklyn
2019-03-12 21:44:04,2019-03-12 21:59:00,1,4.54,3.19,0.64,1.08,14.4,yellow,cash,Elmhurst,Kew Gardens Hills,Queens,Queens
2019-03-07 01:17:56,2019-03-07 01:31:40,1,2.95,13.8,0.67,0.06,15.9,yellow,credit card,Yorkville West,Financial District North,Manhattan,Manhattan
2019-03-31 23:19:09,2019-03-31 23:34:42,5,4.21,10.4,1.56,0.08,31.28,yellow,cash,Meatpacking/West Village West,Woodhaven,Manhattan,Queens
2019-03-01 16:51:54,2019-03-01 17:05:41,1,1.5,16.7,1.15,0.04,18.51,yellow,credit card,Lenox Hill West,Stuyvesant Heights,Manhattan,Brooklyn
2019-03-10 12:59:37,2019-03-10 13:11:00,1,0.56,5.2,1.36,0.28,17.12,yellow,cash,Yorkville West,Allerton/Pelham Gardens,Manhattan,Bronx
2019-03-19 19:35:03,2019-03-19 19:49:27,1,0.45,14.35,2.04,0.12,38.4,yellow,credit card,Midtown East,Queensbridge/Ravenswood,Manhattan,Queens
2019-03-08 15:50:10,2019-03-08 16:04:27,1,0.7,6.3,2.33,0.24,9.17,yellow,cash,Lenox Hill East,Hamilton Heights,Manhattan,Manhattan
2019-03-20 22:09:03,2019-03-20 22:22:14,1,0.11,9.3,0.77,0.09,18.6,yellow,credit card,UN/Turtle Bay South,Kingsbridge Heights,Manhattan,Bronx
2019-03-25 11:23:29,2019-03-25 11:40:35,6,0.37,5.18,5.0,0.11,12.61,yellow,cash,Midtown Center,Midtown Center,Manhattan,Manhattan
2019-03-06 19:15:11,2019-03-06 19:29:17,1,1.59,9.8,0.25,0.48,19.77,yellow,credit card,Bloomingdale,Oakland Gardens,Manhattan,Queens
2019-03-23 21:13:46,2019-03-23 21:27:18,1,1.26,4.3,0.6,0.07,6.1,yellow,cash,Midtown East,Spuyten Duyvil/Kingsbridge,Manhattan,Bronx
2019-02-28 11:48:17,2019-02-28 12:02:55,2,2.2,11.99,0.43,0.01,14.1,yellow,credit card,Manhattan Valley,Red Hook,Manhattan,Brooklyn
2019-03-17 08:00:20,2019-03-17 08:15:36,1,3.55,5.5,1.15,0.23,16.77,yellow,cash,East Chelsea,Midtown Center,Manhattan,Manhattan
2019-03-14 17:54:24,2019-03-14 18:08:36,1,0.68,8.93,4.41,0.25,11.6,yellow,credit card,Midtown North,Penn Station/Madison Sq West,Manhattan,Manhattan
2019-03-12 14:01:41,2019-03-12 14:15:57,1,3.57,17.7,0.38,0.34,17.99,yellow,cash,Garment District,Roosevelt Island,Manhattan,Manhattan
2019-02-28 16:20:08,2019-02-28 16:33:15,3,3.97,10.0,0.23,0.02,25.75,yellow,credit card,Upper East Side South,Saint Albans,Manhattan,Queens
2019-03-07 14:32:09,2019-03-07 14:45:38,1,0.53,8.7,0.87,0.04,8.77,yellow,cash,Upper West Side North,West Village,Manhattan,Manhattan
2019-03-26 01:22:40,2019-03-26 01:39:11,1,2.39,7.63,7.1,0.09,13.94,yellow,credit card,Gramercy,Gramercy,Manhattan,Manhattan
2019-03-31 18:48:06,2019-03-31 19:02:37,1,0.58,5.0,0.02,0.0,10.2,yellow,cash,Union Sq,Corona,Manhattan,Queens
2019-03-06 18:39:18,2019-03-06 18:52:16,1,20.97,10.4,0.02,0.26,51.19,yellow,credit card,Ridgewood,DUMBO/Vinegar Hill,Queens,Brooklyn
2019-03-02 08:08:39,2019-03-02 08:21:43,1,36.7,35.11,4.27,0.4,58.7,yellow,cash,Jackson Heights,Yorkville West,Queens,Manhattan
2019-03-06 20:38:09,2019-03-06 20:50:45,1,0.96,4.84,4.8,0.1,14.38,yellow,credit card,East Harlem North,Forest Hills,Manhattan,Queens
2019-03-17 02:46:34,2019-03-17 03:00:35,1,0.99,13.6,2.32,0.06,19.63,yellow,cash,Upper East Side South,Brooklyn Heights,Manhattan,Brooklyn
2019-03-06 10:09:22,2019-03-06 10:23:55,1,0.17,8.2,2.95,0.36,15.38,yellow,credit card,Yorkville West,West Chelsea/Hudson Yards,Manhattan,Manhattan
2019-03-24 17:24:42,2019-03-24 17:38:10,1,3.26,6.6,0.47,0.14,14.95,yellow,cash,Murray Hill,Washington Heights North,Manhattan,Manhattan
2019-02-28 00:44:56,2019-02-28 00:58:43,1,0.72,3.9,0.33,0.68,9.52,yellow,credit card,Midtown Center,Central Harlem North,Manhattan,Manhattan
2019-03-11 16:46:45,2019-03-11 17:00:40,1,0.56,6.35,5.08,0.18,9.4,yellow,cash,West Village,Westchester Village/Unionport,Manhattan,Bronx
2019-03-23 09:23:25,2019-03-23 09:39:24,1,0.64,5.4,1.76,0.18,30.47,yellow,credit card,Lincoln Square East,Corona,Manhattan,Queens
2019-03-12 06:34:18,2019-03-12 06:48:41,3,27.67,14.35,10.88,3.13,33.8,yellow,cash,LaGuardia Airport,Stapleton,Queens,Staten Island
2019-03-17 22:36:11,2019-03-17 22:50:23,5,0.06,22.47,0.84,0.27,41.7,yellow,credit card,Starrett City,Gowanus,Brooklyn,Brooklyn
2019-03-09 14:15:56,2019-03-09 14:31:00,2,0.8,6.05,0.21,0.23,23.6,yellow,cash,Clinton East,Van Nest/Morris Park,Manhattan,Bronx
2019-03-01 05:01:07,2019-03-01 05:14:00,1,0.65,5.5,1.81,0.09,34.54,yellow,credit card,Park Slope,SoHo,Brooklyn,Manhattan
2019-03-27 07:22:15,2019-03-27 07:37:01,1,0.52,9.2,7.36,0.36,20.86,yellow,cash,Upper East Side South,Claremont/Bathgate,Manhattan,Bronx
2019-03-02 16:55:11,2019-03-02 17:10:39,1,0.03,11.4,0.95,0.3,15.77,yellow,credit card,East Village,Crown Heights South,Manhattan,Brooklyn
2019-03-05 16:52:30,2019-03-05 17:08:50,1,0.13,12.25,0.51,0.56,20.5,yellow,cash,Cobble Hill,Randalls Island,Brooklyn,Manhattan
2019-03-24 03:22:23,2019-03-24 03:37:33,1,5.02,11.14,3.69,0.17,12.3,yellow,credit card,East Harlem South,Inwood Hill Park,Manhattan,Manhattan
2019-03-18 14:17:08,2019-03-18 14:30:56,1,3.66,10.0,0.65,0.23,14.73,yellow,cash,Park Slope,University Heights/Morris Heights,Brooklyn,Bronx
2019-03-12 09:15:09,2019-03-12 09:31:20,1,4.32,9.3,0.88,0.1,27.66,yellow,credit card,Sutton Place/Turtle Bay North,Bensonhurst East,Manhattan,Brooklyn
2019-03-16 21:35:54,2019-03-16 21:49:27,1,0.11,5.2,1.09,0.06,12.32,yellow,cash,Upper East Side South,Manhattanville,Manhattan,Manhattan
2019-03-31 12:37:34,2019-03-31 12:50:14,2,6.22,9.0,1.14,0.22,23.72,yellow,credit card,West Village,Westchester Village/Unionport,Manhattan,Bronx
2019-03-08 22:24:38,2019-03-08 22:37:45,2,6.69,7.3,1.86,0.34,10.14,yellow,cash,East Village,Sunset Park West,Manhattan,Brooklyn
2019-03-21 05:56:43,2019-03-21 06:10:23,1,0.89,11.9,2.49,0.44,17.89,yellow,credit card,Greenwich Village South,Gravesend,Manhattan,Brooklyn
2019-03-26 23:59:52,2019-03-27 00:14:03,2,1.12,9.44,3.11,0.25,13.8,yellow,cash,West Village,Central Harlem,Manhattan,Manhattan
2019-03-12 18:14:42,2019-03-12 18:28:37,1,0.63,9.7,1.37,0.02,21.62,yellow,credit card,Financial District South,Washington Heights South,Manhattan,Manhattan
2019-03-05 13:54:22,2019-03-05 14:09:17,3,0.38,16.7,4.32,0.26,23.3,yellow,cash,Upper West Side South,Douglaston,Manhattan,Queens
2019-03-21 23:48:59,2019-03-22 00:00:09,1,1.2,12.8,1.61,0.1,19.57,yellow,credit card,Chinatown,Williamsburg (South Side),Manhattan,Brooklyn
2019-03-21 15:09:37,2019-03-21 15:24:53,1,0.26,12.39,0.59,0.13,12.4,yellow,cash,Midtown South,Soundview/Bruckner,Manhattan,Bronx
2019-03-01 12:31:56,2019-03-01 12:45:48,1,27.01,9.2,3.21,0.57,26.9,yellow,credit card,Maspeth,Battery Park City,Queens,Manhattan
2019-03-06 21:15:10,2019-03-06 21:29:22,1,0.12,17.8,1.74,0.18,18.66,yellow,cash,Lenox Hill West,Eastchester,Manhattan,Bronx
2019-03-16 04:05:43,2019-03-16 04:17:49,1,0.38,8.1,2.16,0.18,16.41,yellow,credit card,Financial District South,Kingsbridge Heights,Manhattan,Bronx
2019-03-08 23:38:12,2019-03-08 23:52:41,1,0.62,17.1,2.19,0.03,48.25,yellow,cash,Penn Station/Madison Sq West,Meatpacking/West Village West,Manhattan,Manhattan
2019-03-15 23:17:18,2019-03-15 23:31:38,1,8.07,3.2,2.7,0.07,20.66,yellow,credit card,East Village,Two Bridges/Seward Park,Manhattan,Manhattan
2019-03-27 21:35:36,2019-03-27 21:51:32,5,5.15,5.5,3.51,0.25,10.78,yellow,cash,Upper East Side North,Hudson Sq,Manhattan,Manhattan
2019-03-04 08:39:57,2019-03-04 08:54:45,1,4.61,5.46,6.05,2.85,27.1,yellow,credit card,LaGuardia Airport,Brownsville,Queens,Brooklyn
2019-03-30 11:46:24,2019-03-30 12:02:43,1,5.07,38.68,3.24,0.25,40.1,yellow,cash,Elmhurst,Pelham Parkway,Queens,Bronx
2019-03-07 17:34:52,2019-03-07 17:45:55,1,3.95,7.93,4.58,0.17,15.8,yellow,credit card,UN/Turtle Bay South,Clinton Hill,Manhattan,Brooklyn
2019-03-27 05:19:39,2019-03-27 05:37:23,1,1.43,25.45,0.49,0.29,25.8,yellow,cash,Sutton Place/Turtle Bay North,East Flatbush/Remsen Village,Manhattan,Brooklyn
2019-03-15 19:52:29,2019-03-15 20:07:36,1,2.66,3.9,0.82,0.27,15.15,yellow,credit card,Midtown Center,Carroll Gardens,Manhattan,Brooklyn
2019-03-25 21:53:59,2019-03-25 22:10:11,1,0.52,4.1,0.88,0.14,9.47,yellow,cash,Times Sq/Theatre District,East Elmhurst,Manhattan,Queens
2019-03-02 07:15:02,2019-03-02 07:30:16,2,8.33,13.5,1.58,0.0,16.68,yellow,credit card,Flatiron,South Ozone Park,Manhattan,Queens
2019-03-23 05:25:08,2019-03-23 05:38:19,1,6.19,3.6,0.46,0.08,20.13,yellow,cash,Union Sq,Van Nest/Morris Park,Manhattan,Bronx
2019-03-10 03:45:31,2019-03-10 03:58:52,1,0.14,16.44,0.6,0.09,22.3,yellow,credit card,Gramercy,Greenpoint,Manhattan,Brooklyn
2019-03-19 16:13:26,2019-03-19 16:26:22,3,4.41,8.12,1.2,0.16,10.2,yellow,cash,Times Sq/Theatre District,Old Astoria,Manhattan,Queens
2019-03-26 09:03:40,2019-03-26 09:20:25,1,0.5,4.2,1.02,0.25,12.99,yellow,credit card,Clinton West,Prospect Heights,Manhattan,Brooklyn
2019-03-24 17:29:41,2019-03-24 17:45:14,1,4.57,4.0,2.19,0.05,21.67,yellow,cash,Fort Greene,Gowanus,Brooklyn,Brooklyn
2019-03-07 14:52:27,2019-03-07 15:07:11,1,1.21,14.38,1.43,0.07,17.1,yellow,credit card,Lenox Hill East,East New York,Manhattan,Brooklyn
2019-03-02 04:17:22,2019-03-02 04:31:29,1,2.93,4.0,0.93,0.13,12.3,yellow,cash,Upper West Side North,West Village,Manhattan,Manhattan
2019-03-23 04:11:12,2019-03-23 04:26:01,1,3.13,6.3,3.29,0.03,10.39,yellow,credit card,Meatpacking/West Village West,Steinway,Manhattan,Queens
2019-03-27 09:23:55,2019-03-27 09:39:43,3,0.51,10.05,5.2,0.07,11.17,yellow,cash,Gramercy,Randalls Island,Manhattan,Manhattan
2019-03-16 12:11:44,2019-03-16 12:28:20,1,4.36,13.5,1.43,0.17,17.9,yellow,credit card,Lincoln Square East,Little Italy/NoLiTa,Manhattan,Manhattan
2019-03-19 17:50:04,2019-03-19 18:04:51,1,3.46,11.0,1.59,0.08,15.05,yellow,cash,Flatiron,Queensboro Hill,Manhattan,Queens
2019-03-03 01:20:50,2019-03-03 01:34:08,1,5.41,6.58,0.76,0.1,26.7,yellow,credit card,Fort Greene,Midtown South,Brooklyn,Manhattan
2019-03-06 09:35:05,2019-03-06 09:48:14,1,1.54,6.9,0.15,0.16,9.65,yellow,cash,Morningside Heights,Bensonhurst West,Manhattan,Brooklyn
2019-03-27 00:52:20,2019-03-27 01:05:40,1,0.79,4.7,2.88,0.03,13.58,yellow,credit card,Clinton East,Long Island City/Hunters Point,Manhattan,Queens
2019-03-30 05:31:53,2019-03-30 05:48:32,1,1.57,18.1,4.52,0.01,52.24,yellow,cash,Garment District,Westchester Village/Unionport,Manhattan,Bronx
2019-03-25 13:29:47,2019-03-25 13:40:39,1,6.88,15.6,0.31,0.18,16.5,yellow,credit card,Midtown Center,Madison,Manhattan,Brooklyn
2019-03-02 12:48:24,2019-03-02 12:59:43,1,0.84,4.1,0.16,0.15,28.34,yellow,cash,TriBeCa/Civic Center,Gowanus,Manhattan,Brooklyn
2019-03-10 13:32:16,2019-03-10 13:44:34,3,0.25,8.5,0.05,0.13,34.57,yellow,credit card,East Village,Lincoln Square West,Manhattan,Manhattan
2019-03-30 06:09:53,2019-03-30 06:23:51,1,0.84,7.2,0.72,0.03,22.77,yellow,cash,Penn Station/Madison Sq West,East Tremont,Manhattan,Bronx
2019-03-15 20:19:54,2019-03-15 20:35:24,1,0.54,7.9,0.83,0.02,12.48,yellow,credit card,Lincoln Square West,Jamaica Estates,Manhattan,Queens
2019-03-29 10:39:48,2019-03-29 10:54:40,1,0.27,9.3,0.62,0.08,12.97,yellow,cash,West Chelsea/Hudson Yards,Columbia Street,Manhattan,Brooklyn
2019-03-10 14:37:17,2019-03-10 14:50:50,1,0.25,9.8,6.75,0.08,31.66,yellow,credit card,Upper East Side South,East Flatbush/Remsen Village,Manhattan,Brooklyn
2019-03-04 15:11:29,2019-03-04 15:26:30,1,27.24,6.4,5.96,0.75,38.1,yellow,cash,Ridgewood,Maspeth,Queens,Queens
2019-03-02 11:31:33,2019-03-02 11:46:31,1,2.82,5.6,1.45,0.39,19.45,yellow,credit card,Times Sq/Theatre District,Upper West Side South,Manhattan,Manhattan
2019-03-16 17:30:36,2019-03-16 17:43:39,1,1.5,6.5,0.71,0.11,11.32,yellow,cash,Lenox Hill East,Downtown Brooklyn/MetroTech,Manhattan,Brooklyn
2019-03-14 11:13:43,2019-03-14 11:27:06,1,0.75,13.73,1.0,0.16,28.4,yellow,credit card,West Village,Columbia Street,Manhattan,Brooklyn
2019-03-11 05:10:24,2019-03-11 05:25:19,2,1.65,43.1,1.16,0.04,52.21,yellow,cash,Murray Hill,Brighton Beach,Manhattan,Brooklyn
2019-03-30 21:15:00,2019-03-30 21:31:18,1,0.94,5.54,0.13,0.02,11.8,yellow,credit card,Williamsburg (North Side),Lenox Hill West,Brooklyn,Manhattan
2019-03-23 03:11:45,2019-03-23 03:26:44,1,3.68,5.44,4.8,3.62,17.5,yellow,cash,Sunnyside,Financial District North,Queens,Manhattan
2019-03-01 07:48:34,2019-03-01 08:01:46,3,2.32,6.05,0.25,2.59,21.1,yellow,credit card,Long Island City/Queens Plaza,Kips Bay,Queens,Manhattan
2019-03-08 12:57:31,2019-03-08 13:13:26,1,10.49,11.1,0.63,0.0,85.33,yellow,cash,LaGuardia Airport,East Chelsea,Queens,Manhattan
2019-03-19 00:08:08,2019-03-19 00:26:17,1,1.69,15.6,0.44,0.04,19.06,yellow,credit card,Union Sq,Greenwich Village North,Manhattan,Manhattan
2019-03-06 13:40:15,2019-03-06 13:54:35,5,0.18,9.92,3.44,0.13,13.3,yellow,cash,Murray Hill,Chinatown,Manhattan,Manhattan
2019-03-22 11:41:20,2019-03-22 11:55:20,1,0.66,12.8,5.21,0.05,17.05,yellow,credit card,Morningside Heights,Inwood Hill Park,Manhattan,Manhattan
2019-03-21 19:47:48,2019-03-21 20:02:26,2,8.44,7.9,1.97,0.01,32.48,yellow,cash,East Harlem South,Inwood,Manhattan,Manhattan
2019-03-17 20:48:43,2019-03-17 21:01:33,1,2.9,6.2,0.25,0.01,20.02,yellow,credit card,Penn Station/Madison Sq West,Washington Heights South,Manhattan,Manhattan
2019-03-19 03:07:18,2019-03-19 03:20:14,1,2.12,14.28,8.8,0.2,14.69,yellow,cash,Central Harlem,Sunnyside,Manhattan,Queens
2019-03-30 10:26:03,2019-03-30 10:41:04,2,3.44,3.2,0.89,0.17,10.81,yellow,credit card,Greenwich Village South,Fresh Meadows,Manhattan,Queens
2019-03-02 06:36:01,2019-03-02 06:48:01,1,3.17,8.4,0.03,0.33,10.49,yellow,cash,Lower East Side,Parkchester,Manhattan,Bronx
2019-03-17 00:03:27,2019-03-17 00:17:55,1,3.57,5.33,0.43,0.06,22.7,yellow,credit card,LaGuardia Airport,East Flatbush/Farragut,Queens,Brooklyn
2019-03-05 07:13:11,2019-03-05 07:26:15,1,0.92,13.3,0.5,0.3,13.66,yellow,cash,Sutton Place/Turtle Bay North,World Trade Center,Manhattan,Manhattan
2019-03-31 11:22:36,2019-03-31 11:37:52,2,0.26,6.89,4.6,0.01,19.95,yellow,credit card,Lenox Hill West,Queensboro Hill,Manhattan,Queens
2019-03-31 03:48:56,2019-03-31 04:00:26,1,0.62,8.7,0.07,0.3,18.62,yellow,cash,Union Sq,Crown Heights North,Manhattan,Brooklyn
2019-03-16 02:56:18,2019-03-16 03:09:58,2,3.68,7.5,3.22,0.19,15.56,yellow,credit card,Financial District North,Woodhaven,Manhattan,Queens
2019-02-28 15:26:14,2019-02-28 15:41:11,1,3.72,25.46,2.76,0.37,26.4,yellow,cash,Penn Station/Madison Sq West,East Williamsburg,Manhattan,Brooklyn
2019-03-25 06:37:23,2019-03-25 06:51:00,5,2.28,14.2,0.9,0.07,20.98,yellow,credit card,East Chelsea,Parkchester,Manhattan,Bronx
2019-03-02 19:33:05,2019-03-02 19:47:20,1,14.16,7.3,0.03,0.31,9.2,yellow,cash,Parkchester,Upper West Side North,Bronx,Manhattan
2019-03-12 00:39:54,2019-03-12 00:54:06,1,2.04,3.8,0.2,2.36,16.6,yellow,credit card,Morrisania/Melrose,Red Hook,Bronx,Brooklyn
2019-03-23 16:59:51,2019-03-23 17:12:58,4,1.28,8.4,1.0,0.25,13.35,yellow,cash,Murray Hill,Williamsburg (North Side),Manhattan,Brooklyn
2019-02-28 19:24:45,2019-02-28 19:38:23,5,0.43,10.17,3.52,0.07,13.2,yellow,credit card,Union Sq,North Corona,Manhattan,Queens
2019-03-10 07:46:28,2019-03-10 08:01:26,0,7.04,6.94,4.9,0.8,24.32,yellow,cash,JFK Airport,Williamsbridge/Olinville,Queens,Bronx
2019-03-19 14:53:52,2019-03-19 15:07:58,2,4.04,11.64,0.23,4.13,18.0,yellow,credit card,Woodlawn/Wakefield,Dyker Heights,Bronx,Brooklyn
2019-03-16 17:18:17,2019-03-16 17:31:38,1,1.18,9.8,3.66,0.03,21.83,yellow,cash,West Village,Mott Haven/Port Morris,Manhattan,Bronx
2019-03-05 10:37:07,2019-03-05 10:53:27,1,4.14,28.5,1.53,5.29,65.8,yellow,credit card,Flushing Meadows-Corona Park,Bensonhurst West,Queens,Brooklyn
2019-03-27 04:05:22,2019-03-27 04:19:10,6,1.36,5.2,2.42,0.08,18.12,yellow,cash,UN/Turtle Bay South,Soundview/Castle Hill,Manhattan,Bronx
2019-03-13 07:14:39,2019-03-13 07:30:16,1,4.29,8.0,3.75,0.18,8.06,yellow,credit card,Clinton East,Upper East Side North,Manhattan,Manhattan
2019-03-01 09:24:19,2019-03-01 09:38:23,1,2.61,7.5,0.38,0.02,13.72,yellow,cash,Midtown North,Melrose South,Manhattan,Bronx
2019-03-03 05:01:55,2019-03-03 05:15:15,1,3.07,4.5,3.1,0.05,16.93,yellow,credit card,Clinton West,Canarsie,Manhattan,Brooklyn
2019-03-15 02:53:16,2019-03-15 03:05:18,2,1.6,12.9,6.67,0.69,14.62,yellow,cash,West Chelsea/Hudson Yards,Riverdale/North Riverdale/Fieldston,Manhattan,Bronx
2019-03-11 12:34:08,2019-03-11 12:49:05,0,2.1,15.05,1.12,0.04,19.8,yellow,credit card,Times Sq/Theatre District,East New York,Manhattan,Brooklyn
2019-03-22 05:04:04,2019-03-22 05:18:30,1,1.1,7.4,0.46,0.06,17.92,yellow,cash,Financial District North,Lincoln Square West,Manhattan,Manhattan
2019-03-22 17:15:28,2019-03-22 17:27:06,1,0.59,4.9,0.15,0.01,13.54,yellow,credit card,UN/Turtle Bay South,Gowanus,Manhattan,Brooklyn
2019-03-13 06:50:27,2019-03-13 07:05:39,1,3.19,13.5,0.36,0.26,19.63,yellow,cash,East Harlem North,Midtown North,Manhattan,Manhattan
2019-03-22 04:53:39,2019-03-22 05:08:10,1,0.08,8.0,1.06,0.32,26.57,yellow,credit card,Gramercy,Bay Ridge,Manhattan,Brooklyn
2019-03-22 08:18:03,2019-03-22 08:32:39,1,0.27,5.97,0.68,0.08,9.2,yellow,cash,Upper East Side North,East Concourse/Concourse Village,Manhattan,Bronx
2019-03-24 10:59:48,2019-03-24 11:16:34,2,5.44,24.49,0.0,0.14,49.4,yellow,credit card,Elmhurst,East Harlem North,Queens,Manhattan
2019-02-28 11:41:28,2019-02-28 11:56:05,1,1.22,12.3,0.44,0.28,20.25,yellow,cash,Yorkville East,Gravesend,Manhattan,Brooklyn
2019-03-16 10:24:49,2019-03-16 10:37:56,1,0.62,19.28,0.61,0.4,21.9,yellow,credit card,Greenwich Village North,Astoria,Manhattan,Queens
2019-03-03 15:05:30,2019-03-03 15:21:23,1,1.42,5.09,3.2,1.35,57.78,yellow,cash,Long Island City/Queens Plaza,Red Hook,Queens,Brooklyn
2019-03-09 18:41:17,2019-03-09 18:55:04,1,8.33,9.2,5.66,0.06,10.67,yellow,credit card,LaGuardia Airport,Lincoln Square West,Queens,Manhattan
2019-03-05 07:54:42,2019-03-05 08:06:35,5,1.07,8.5,1.91,0.02,10.65,yellow,cash,Upper East Side South,North Corona,Manhattan,Queens
2019-03-07 23:10:54,2019-03-07 23:25:32,1,1.72,11.5,0.57,0.07,11.77,yellow,credit card,Lincoln Square East,West Concourse,Manhattan,Bronx
2019-03-16 11:12:03,2019-03-16 11:22:56,1,3.12,15.82,0.23,0.69,19.8,yellow,cash,Murray Hill,Fresh Meadows,Manhattan,Queens
2019-03-15 04:39:05,2019-03-15 04:53:35,1,4.73,23.42,2.25,0.61,37.2,yellow,credit card,Steinway,Midtown East,Queens,Manhattan
2019-03-29 03:03:58,2019-03-29 03:18:49,3,1.06,7.8,0.65,0.02,12.65,yellow,cash,Murray Hill,West Village,Manhattan,Manhattan
2019-03-25 15:20:11,2019-03-25 15:33:01,6,2.1,9.37,2.8,0.2,12.2,yellow,credit card,Upper East Side South,North Corona,Manhattan,Queens
2019-03-20 04:18:24,2019-03-20 04:32:38,5,13.61,31.1,0.31,3.3,70.75,yellow,cash,Kew Gardens,Brooklyn Navy Yard,Queens,Brooklyn
2019-03-08 16:45:05,2019-03-08 16:59:27,3,2.13,10.9,0.88,4.88,25.1,yellow,credit card,JFK Airport,Central Harlem North,Queens,Manhattan
2019-03-27 12:16:56,2019-03-27 12:30:18,1,0.41,20.6,3.51,0.14,25.73,yellow,cash,Manhattan Valley,Baisley Park,Manhattan,Queens
2019-03-07 19:10:53,2019-03-07 19:22:25,1,2.43,8.7,5.49,0.12,9.7,yellow,credit card,Lincoln Square West,Windsor Terrace,Manhattan,Brooklyn
2019-03-10 15:10:26,2019-03-10 15:21:32,3,0.6,8.9,6.04,0.11,13.1,yellow,cash,East Chelsea,Stuyvesant Heights,Manhattan,Brooklyn
2019-03-28 12:14:11,2019-03-28 12:26:26,1,0.32,13.82,1.42,0.24,15.2,yellow,credit card,Midtown South,Cobble Hill,Manhattan,Brooklyn
2019-03-08 00:23:25,2019-03-08 00:39:51,1,0.19,7.6,1.45,0.3,8.59,yellow,cash,Chinatown,Bushwick North,Manhattan,Brooklyn
2019-03-06 05:06:24,2019-03-06 05:21:41,6,0.34,12.4,0.73,0.11,14.57,yellow,credit card,West Village,Midtown North,Manhattan,Manhattan
2019-03-24 03:53:37,2019-03-24 04:07:55,1,2.71,6.65,6.1,0.04,10.27,yellow,cash,Union Sq,Mount Hope,Manhattan,Bronx
2019-03-09 13:16:45,2019-03-09 13:30:08,1,0.61,8.7,0.32,0.05,32.51,yellow,credit card,Lower East Side,East Flatbush/Remsen Village,Manhattan,Brooklyn
2019-03-11 17:25:57,2019-03-11 17:40:04,5,3.54,5.5,0.18,0.33,24.93,yellow,cash,Financial District South,Lenox Hill West,Manhattan,Manhattan
2019-03-21 22:00:50,2019-03-21 22:15:01,1,12.94,29.34,1.11,0.07,43.2,yellow,credit card,Jamaica Estates,World Trade Center,Queens,Manhattan
2019-03-22 05:08:44,2019-03-22 05:20:28,1,2.38,13.5,1.02,0.03,26.99,yellow,cash,Midtown Center,Sunset Park West,Manhattan,Brooklyn
2019-03-29 03:04:10,2019-03-29 03:18:30,1,0.9,6.48,0.52,0.01,61.5,yellow,credit card,Upper West Side South,Flatlands,Manhattan,Brooklyn
2019-03-03 17:43:11,2019-03-03 17:59:10,1,5.05,3.2,1.35,0.01,5.43,yellow,cash,Clinton East,Allerton/Pelham Gardens,Manhattan,Bronx
2019-03-21 17:35:04,2019-03-21 17:49:42,3,0.7,8.6,0.11,0.16,24.8,yellow,credit card,Penn Station/Madison Sq West,Lower East Side,Manhattan,Manhattan
2019-03-23 18:36:44,2019-03-23 18:53:14,3,1.94,8.1,7.4,0.46,16.12,yellow,cash,Penn Station/Madison Sq West,Meatpacking/West Village West,Manhattan,Manhattan
2019-03-27 23:02:37,2019-03-27 23:15:29,1,0.15,5.8,0.96,1.05,19.33,yellow,credit card,Astoria,Gowanus,Queens,Brooklyn
2019-03-27 18:34:19,2019-03-27 18:50:22,1,0.17,8.3,0.6,0.08,22.48,yellow,cash,West Village,East Williamsburg,Manhattan,Brooklyn
2019-03-07 16:28:07,2019-03-07 16:41:41,4,3.64,9.7,1.8,0.18,12.6,yellow,credit card,West Village,Lincoln Square East,Manhattan,Manhattan
2019-03-24 02:59:43,2019-03-24 03:11:10,2,0.55,8.4,1.42,0.0,9.97,yellow,cash,Morningside Heights,Battery Park,Manhattan,Manhattan
2019-03-15 04:19:31,2019-03-15 04:35:05,1,0.19,11.95,0.23,0.08,33.6,yellow,credit card,Boerum Hill,Stuy Town/Peter Cooper Village,Brooklyn,Manhattan
2019-03-11 11:48:30,2019-03-11 12:02:09,1,0.67,12.8,1.55,0.08,26.11,yellow,cash,Lenox Hill West,South Williamsburg,Manhattan,Brooklyn
2019-03-03 20:36:27,2019-03-03 20:49:08,1,6.36,6.8,4.51,0.47,15.84,yellow,credit card,Boerum Hill,Baisley Park,Brooklyn,Queens
2019-03-30 17:58:16,2019-03-30 18:15:42,3,0.29,14.73,2.84,0.11,15.7,yellow,cash,Battery Park City,Hillcrest/Pomonok,Manhattan,Queens
2019-03-01 05:36:07,2019-03-01 05:49:21,2,1.88,1.77,5.76,2.22,11.1,yellow,credit card,Forest Hills,Eastchester,Queens,Bronx
2019-03-20 13:58:53,2019-03-20 14:12:23,1,12.6,11.34,1.04,0.12,19.9,yellow,cash,Greenpoint,West Village,Brooklyn,Manhattan
2019-03-31 02:05:41,2019-03-31 02:21:26,2,3.24,8.3,0.46,0.02,14.02,yellow,credit card,Midtown North,Springfield Gardens South,Manhattan,Queens
2019-03-26 18:04:55,2019-03-26 18:19:35,1,2.4,17.16,0.91,0.12,28.7,yellow,cash,Midtown North,Van Nest/Morris Park,Manhattan,Bronx
2019-03-29 14:13:22,2019-03-29 14:27:35,1,3.74,7.1,2.21,0.07,11.69,yellow,credit card,Sutton Place/Turtle Bay North,Flatbush/Ditmas Park,Manhattan,Brooklyn
2019-03-11 20:15:06,2019-03-11 20:28:12,1,12.21,7.5,1.28,0.06,9.54,yellow,cash,East Chelsea,Bensonhurst East,Manhattan,Brooklyn
2019-03-23 10:17:52,2019-03-23 10:32:39,2,1.05,20.54,6.23,0.16,26.1,yellow,credit card,TriBeCa/Civic Center,East Village,Manhattan,Manhattan
2019-03-10 03:18:34,2019-03-10 03:31:18,1,0.43,9.3,1.98,0.15,23.5,yellow,cash,Chinatown,Murray Hill,Manhattan,Manhattan
2019-03-29 04:37:59,2019-03-29 04:51:48,1,3.1,17.5,5.1,0.07,18.89,yellow,credit card,SoHo,Midtown Center,Manhattan,Manhattan
2019-03-30 08:03:26,2019-03-30 08:18:14,1,1.31,13.07,3.76,0.02,13.4,yellow,cash,Midtown South,SoHo,Manhattan,Manhattan
2019-03-01 09:04:14,2019-03-01 09:21:05,1,0.18,5.3,3.75,0.26,7.49,yellow,credit card,Midtown East,Riverdale/North Riverdale/Fieldston,Manhattan,Bronx
2019-03-23 23:43:02,2019-03-23 23:57:21,1,5.12,8.8,0.51,0.18,15.47,yellow,cash,Gramercy,Meatpacking/West Village West,Manhattan,Manhattan
2019-03-11 22:49:31,2019-03-11 23:06:11,2,1.91,6.3,1.34,0.02,20.16,yellow,credit card,Times Sq/Theatre District,Eastchester,Manhattan,Bronx
2019-03-29 00:03:50,2019-03-29 00:17:29,1,6.78,8.7,1.55,0.06,18.34,yellow,cash,Kips Bay,University Heights/Morris Heights,Manhattan,Bronx
2019-03-21 17:04:35,2019-03-21 17:19:56,1,0.64,11.4,0.12,0.07,23.68,yellow,credit card,Greenwich Village North,Washington Heights South,Manhattan,Manhattan
2019-03-13 19:07:06,2019-03-13 19:23:43,1,6.99,6.4,5.09,0.31,20.26,yellow,cash,West Chelsea/Hudson Yards,Jamaica,Manhattan,Queens
2019-03-08 02:23:01,2019-03-08 02:37:20,2,7.5,13.32,0.48,0.03,17.5,yellow,credit card,East Village,Belmont,Manhattan,Bronx
2019-03-05 22:10:42,2019-03-05 22:26:13,1,3.1,17.0,8.66,7.0,23.99,yellow,cash,Hillcrest/Pomonok,Hamilton Heights,Queens,Manhattan
2019-03-04 16:35:56,2019-03-04 16:51:04,1,4.78,5.33,0.34,0.24,10.3,yellow,credit card,Union Sq,Cypress Hills,Manhattan,Brooklyn
2019-03-06 01:32:21,2019-03-06 01:46:59,1,4.35,9.1,0.37,0.03,9.35,yellow,cash,Lenox Hill East,Canarsie,Manhattan,Brooklyn
2019-03-31 14:53:17,2019-03-31 15:05:35,1,1.65,10.0,0.3,0.1,12.17,yellow,credit card,Financial District North,Sutton Place/Turtle Bay North,Manhattan,Manhattan
2019-03-26 02:01:13,2019-03-26 02:14:10,1,2.68,4.6,0.49,0.11,24.29,yellow,cash,Sutton Place/Turtle Bay North,Ozone Park,Manhattan,Queens
2019-03-14 00:40:48,2019-03-14 00:55:06,1,0.59,26.54,5.57,0.2,46.7,yellow,credit card,Manhattan Valley,College Point,Manhattan,Queens
2019-03-16 02:27:43,2019-03-16 02:44:13,1,5.89,5.05,1.37,0.1,9.0,yellow,cash,Upper East Side North,Murray Hill,Manhattan,Manhattan
2019-03-07 14:12:03,2019-03-07 14:25:32,1,0.44,12.1,6.83,0.22,16.79,yellow,credit card,Midtown Center,Stuyvesant Heights,Manhattan,Brooklyn
2019-03-23 08:11:19,2019-03-23 08:23:56,1,0.83,5.0,0.84,0.16,6.48,yellow,cash,Lenox Hill East,Sutton Place/Turtle Bay North,Manhattan,Manhattan
2019-03-19 21:07:56,2019-03-19 21:24:06,5,0.44,12.0,1.09,0.11,13.28,yellow,credit card,Midtown North,Roosevelt Island,Manhattan,Manhattan
2019-03-12 15:47:32,2019-03-12 16:01:57,5,7.19,10.6,2.74,0.18,28.04,yellow,cash,Financial District North,Chinatown,Manhattan,Manhattan
2019-03-01 09:35:24,2019-03-01 09:48:04,1,8.66,23.48,2.67,2.2,24.5,yellow,credit card,JFK Airport,Kew Gardens Hills,Queens,Queens
2019-03-02 05:35:23,2019-03-02 05:50:00,1,3.39,8.5,1.43,0.03,24.92,yellow,cash,Union Sq,Battery Park City,Manhattan,Manhattan
2019-03-30 16:01:35,2019-03-30 16:15:29,2,1.07,6.1,0.4,0.02,10.72,yellow,credit card,Midtown East,Bedford,Manhattan,Brooklyn
2019-03-19 23:29:58,2019-03-19 23:44:44,6,1.75,10.24,6.4,0.08,12.43,yellow,cash,SoHo,East Flushing,Manhattan,Queens
2019-03-03 03:13:49,2019-03-03 03:30:09,2,3.79,7.2,4.74,0.05,21.49,yellow,credit card,Upper West Side North,Gravesend,Manhattan,Brooklyn
2019-03-30 09:20:02,2019-03-30 09:33:55,1,0.38,8.2,0.2,0.1,15.87,yellow,cash,Yorkville West,Downtown Brooklyn/MetroTech,Manhattan,Brooklyn
2019-03-19 12:07:36,2019-03-19 12:21:18,5,0.99,4.45,0.18,0.09,7.7,yellow,credit card,Lenox Hill West,Carroll Gardens,Manhattan,Brooklyn
2019-03-12 22:33:17,2019-03-12 22:49:01,2,1.06,14.2,0.29,0.02,31.19,yellow,cash,Columbia Street,Flatiron,Brooklyn,Manhattan
2019-03-05 22:34:32,2019-03-05 22:49:29,1,1.73,5.3,0.86,0.12,23.74,yellow,credit card,West Chelsea/Hudson Yards,East Harlem North,Manhattan,Manhattan
2019-03-13 03:01:20,2019-03-13 03:15:55,1,13.33,8.93,5.55,0.41,31.5,yellow,cash,Steinway,Yorkville West,Queens,Manhattan
2019-03-05 16:02:00,2019-03-05 16:16:39,1,0.2,8.7,0.15,0.03,37.94,yellow,credit card,Lower East Side,Westchester Village/Unionport,Manhattan,Bronx
2019-03-31 22:00:43,2019-03-31 22:14:28,3,0.85,13.98,0.57,0.72,32.9,yellow,cash,Claremont/Bathgate,Cambria Heights,Bronx,Queens
2019-03-25 18:58:52,2019-03-25 19:15:16,3,17.33,9.12,0.01,0.13,9.3,yellow,credit card,Pelham Parkway,Soundview/Castle Hill,Bronx,Bronx
2019-03-15 04:17:57,2019-03-15 04:31:38,1,8.29,3.2,0.88,0.13,27.73,yellow,cash,Boerum Hill,Alphabet City,Brooklyn,Manhattan
2019-03-02 19:04:42,2019-03-02 19:17:38,1,2.17,13.3,1.28,0.04,20.27,yellow,credit card,Midtown Center,Central Park,Manhattan,Manhattan
2019-03-27 13:24:13,2019-03-27 13:37:50,1,5.04,5.3,3.0,0.04,18.13,yellow,cash,UN/Turtle Bay South,Lower East Side,Manhattan,Manhattan
2019-03-08 04:03:32,2019-03-08 04:18:03,2,1.52,19.2,1.31,0.25,30.7,yellow,credit card,Manhattan Valley,Upper West Side South,Manhattan,Manhattan
2019-03-22 12:51:40,2019-03-22 13:05:53,1,4.29,13.7,0.86,0.07,34.46,yellow,cash,Meatpacking/West Village West,Penn Station/Madison Sq West,Manhattan,Manhattan
2019-03-19 04:43:36,2019-03-19 04:54:50,6,4.25,10.99,0.26,0.06,35.7,yellow,credit card,Yorkville West,Upper East Side North,Manhattan,Manhattan
2019-03-24 06:50:05,2019-03-24 07:05:17,1,0.68,10.2,0.47,0.22,15.21,yellow,cash,Upper West Side South,Inwood,Manhattan,Manhattan
2019-03-08 06:55:17,2019-03-08 07:05:45,1,4.37,24.6,8.63,1.9,57.51,yellow,credit card,Jackson Heights,Corona,Queens,Queens
2019-02-28 03:22:19,2019-02-28 03:36:16,4,1.06,6.4,0.87,0.06,6.85,yellow,cash,West Village,Windsor Terrace,Manhattan,Brooklyn
2019-03-21 22:16:52,2019-03-21 22:30:59,1,0.01,7.6,0.28,0.05,18.59,yellow,credit card,East Chelsea,Madison,Manhattan,Brooklyn
2019-03-22 05:03:12,2019-03-22 05:17:43,1,0.22,3.3,1.59,0.07,10.89,yellow,cash,Murray Hill,Douglaston,Manhattan,Queens
2019-03-16 18:33:31,2019-03-16 18:47:00,4,1.74,16.3,2.36,0.17,38.83,yellow,credit card,Jamaica,Bensonhurst West,Queens,Brooklyn
2019-03-08 03:56:43,2019-03-08 04:10:32,1,3.08,3.3,0.82,0.02,33.31,yellow,cash,Canarsie,Melrose South,Brooklyn,Bronx
2019-03-17 14:51:31,2019-03-17 15:04:01,1,8.17,5.9,1.24,0.18,17.83,yellow,credit card,Seaport,Brownsville,Manhattan,Brooklyn
2019-03-07 08:47:59,2019-03-07 09:02:36,1,10.16,16.6,1.67,0.26,17.31,yellow,cash,Midtown East,East Flatbush/Farragut,Manhattan,Brooklyn
2019-03-22 18:22:58,2019-03-22 18:38:16,2,1.99,10.1,3.4,0.05,10.84,yellow,credit card,Lenox Hill West,Morningside Heights,Manhattan,Manhattan
2019-03-28 10:20:26,2019-03-28 10:36:28,5,1.28,8.91,2.86,0.14,12.3,yellow,cash,Hamilton Heights,Williamsburg (South Side),Manhattan,Brooklyn
2019-03-27 21:29:02,2019-03-27 21:42:59,0,11.85,7.7,7.19,0.01,11.63,yellow,credit card,Lenox Hill East,Lenox Hill West,Manhattan,Manhattan
2019-03-13 12:04:59,2019-03-13 12:21:07,4,4.4,7.0,2.58,0.06,15.12,yellow,cash,Financial District South,Financial District South,Manhattan,Manhattan
2019-03-17 19:57:46,2019-03-17 20:12:04,2,0.11,7.09,0.76,0.0,9.4,yellow,credit card,Washington Heights South,Norwood,Manhattan,Bronx
2019-03-23 04:51:35,2019-03-23 05:06:46,1,1.95,10.1,1.17,0.01,22.3,yellow,cash,Kips Bay,SoHo,Manhattan,Manhattan
2019-03-18 19:03:39,2019-03-18 19:15:26,1,1.27,8.69,0.07,0.07,9.7,yellow,credit card,Times Sq/Theatre District,Washington Heights North,Manhattan,Manhattan
2019-03-10 10:39:42,2019-03-10 10:53:43,1,14.92,17.16,2.47,4.19,27.5,yellow,cash,Rego Park,Ozone Park,Queens,Queens
2019-03-12 18:20:40,2019-03-12 18:34:16,1,10.82,4.7,0.85,0.35,19.26,yellow,credit card,Midtown Center,Penn Station/Madison Sq West,Manhattan,Manhattan
2019-03-17 11:25:01,2019-03-17 11:38:31,1,1.04,13.84,0.38,0.04,17.2,yellow,cash,Times Sq/Theatre District,Woodside,Manhattan,Queens
2019-03-31 13:59:19,2019-03-31 14:13:16,2,3.58,6.0,1.48,0.45,24.18,yellow,credit card,UN/Turtle Bay South,Central Harlem North,Manhattan,Manhattan
2019-02-28 00:26:23,2019-02-28 00:39:58,1,3.09,4.2,2.82,0.17,8.83,yellow,cash,SoHo,Lincoln Square West,Manhattan,Manhattan
2019-03-12 07:34:48,2019-03-12 07:48:01,1,7.46,11.3,8.58,3.98,14.9,yellow,credit card,South Jamaica,Hudson Sq,Queens,Manhattan
2019-03-12 09:58:18,2019-03-12 10:10:35,1,0.39,12.8,2.07,0.05,14.4,yellow,cash,West Chelsea/Hudson Yards,East Flatbush/Farragut,Manhattan,Brooklyn
2019-03-19 21:32:47,2019-03-19 21:49:02,1,0.65,4.6,3.29,0.23,30.01,yellow,credit card,UN/Turtle Bay South,Bushwick North,Manhattan,Brooklyn
2019-03-21 18:04:32,2019-03-21 18:18:39,2,0.41,13.6,0.61,0.08,16.39,yellow,cash,Times Sq/Theatre District,Highbridge,Manhattan,Bronx
2019-03-04 08:12:11,2019-03-04 08:23:00,6,7.86,8.6,2.2,1.17,10.32,yellow,credit card,Boerum Hill,Auburndale,Brooklyn,Queens
2019-03-12 16:39:52,2019-03-12 16:55:48,2,4.22,18.1,1.6,0.01,31.68,yellow,cash,Financial District North,Prospect-Lefferts Gardens,Manhattan,Brooklyn
2019-03-24 17:59:53,2019-03-24 18:13:10,1,5.37,19.02,2.79,0.15,55.3,yellow,credit card,LaGuardia Airport,Flatiron,Queens,Manhattan
2019-03-07 20:47:09,2019-03-07 21:02:48,2,2.07,3.3,1.03,0.09,8.42,yellow,cash,Midtown East,DUMBO/Vinegar Hill,Manhattan,Brooklyn
2019-03-15 02:16:58,2019-03-15 02:31:56,2,1.71,6.0,1.97,0.01,12.83,yellow,credit card,Midtown Center,Lower East Side,Manhattan,Manhattan
2019-03-30 08:28:18,2019-03-30 08:41:45,1,4.57,15.94,2.3,0.14,18.7,yellow,cash,Upper East Side South,Ozone Park,Manhattan,Queens
2019-03-09 05:43:03,2019-03-09 05:57:36,1,0.8,7.31,0.03,2.55,18.2,yellow,credit card,University Heights/Morris Heights,West Village,Bronx,Manhattan
2019-03-19 02:10:28,2019-03-19 02:25:31,1,2.3,3.45,2.1,0.17,18.84,yellow,cash,Park Slope,DUMBO/Vinegar Hill,Brooklyn,Brooklyn
2019-03-26 18:14:00,2019-03-26 18:27:27,1,0.17,2.4,1.26,0.27,12.43,yellow,credit card,SoHo,Saint Albans,Manhattan,Queens
2019-03-18 21:07:10,2019-03-18 21:23:32,1,4.02,7.8,0.49,0.05,21.16,yellow,cash,Crown Heights North,Brooklyn Navy Yard,Brooklyn,Brooklyn
2019-03-11 10:59:50,2019-03-11 11:16:21,1,2.37,12.1,0.04,0.3,51.25,yellow,credit card,Co-Op City,Park Slope,Bronx,Brooklyn
2019-03-15 06:14:45,2019-03-15 06:27:59,1,0.14,8.5,1.17,0.38,10.52,yellow,cash,Upper East Side North,Midtown Center,Manhattan,Manhattan
2019-03-25 07:19:22,2019-03-25 07:32:31,1,0.32,3.2,0.39,0.02,36.45,yellow,credit card,Clinton East,Bronxdale,Manhattan,Bronx
2019-03-11 02:53:58,2019-03-11 03:10:07,1,6.28,5.6,0.48,0.33,47.93,yellow,cash,East Elmhurst,West Concourse,Queens,Bronx
2019-03-17 20:46:00,2019-03-17 20:59:29,1,3.03,9.7,3.5,0.06,10.82,yellow,credit card,UN/Turtle Bay South,Morningside Heights,Manhattan,Manhattan
2019-03-11 20:01:01,2019-03-11 20:17:25,1,0.06,6.42,1.58,0.22,20.4,yellow,cash,Gramercy,Lenox Hill West,Manhattan,Manhattan
2019-03-06 08:36:44,2019-03-06 08:51:21,1,1.98,3.8,2.01,0.1,23.71,yellow,credit card,Penn Station/Madison Sq West,Maspeth,Manhattan,Queens
2019-03-28 15:46:34,2019-03-28 16:00:58,5,8.95,12.3,1.72,5.33,34.3,yellow,cash,Sunnyside,Stuy Town/Peter Cooper Village,Queens,Manhattan
2019-03-22 08:37:38,2019-03-22 08:54:02,6,4.28,9.1,1.15,0.03,10.47,yellow,credit card,Lenox Hill East,Crotona Park East,Manhattan,Bronx
2019-02-28 21:38:44,2019-02-28 21:55:21,1,0.22,4.83,2.7,0.1,10.43,yellow,cash,Clinton East,Soundview/Bruckner,Manhattan,Bronx
2019-02-28 00:35:11,2019-02-28 00:49:12,1,2.98,5.4,0.95,0.12,17.48,yellow,credit card,Yorkville East,Upper West Side South,Manhattan,Manhattan
2019-03-27 14:08:44,2019-03-27 14:25:51,1,0.23,6.6,0.0,0.06,35.53,yellow,cash,Midtown North,East New York,Manhattan,Brooklyn
2019-03-08 05:39:22,2019-03-08 05:54:17,2,7.83,9.2,1.6,0.0,19.19,yellow,credit card,Greenwich Village South,Brooklyn Navy Yard,Manhattan,Brooklyn
2019-03-14 10:17:01,2019-03-14 10:30:26,1,3.81,6.26,3.16,1.48,14.3,yellow,cash,Forest Hills,Maspeth,Queens,Queens
2019-03-08 01:24:26,2019-03-08 01:38:40,1,2.57,10.37,1.5,0.07,18.1,yellow,credit card,Greenwich Village North,Garment District,Manhattan,Manhattan
2019-03-18 19:48:10,2019-03-18 20:00:00,1,5.08,13.76,0.1,0.05,16.6,yellow,cash,Penn Station/Madison Sq West,West Village,Manhattan,Manhattan
2019-03-03 19:00:29,2019-03-03 19:15:05,2,0.78,10.12,0.24,0.03,14.6,yellow,credit card,Central Park,Rego Park,Manhattan,Queens
2019-03-18 21:24:52,2019-03-18 21:38:32,2,2.7,8.9,0.01,0.38,14.04,yellow,cash,Fort Greene,Bloomingdale,Brooklyn,Manhattan
2019-03-02 18:43:04,2019-03-02 18:57:22,1,0.22,14.6,1.19,0.41,23.34,yellow,credit card,East Harlem North,Midtown North,Manhattan,Manhattan
2019-03-08 01:38:40,2019-03-08 01:51:31,1,0.02,6.7,0.8,0.02,13.01,yellow,cash,Central Harlem,East Harlem North,Manhattan,Manhattan
2019-03-04 00:04:12,2019-03-04 00:19:24,1,12.48,12.05,3.65,0.02,21.8,yellow,credit card,Fort Greene,Queensboro Hill,Brooklyn,Queens
2019-03-01 19:13:13,2019-03-01 19:27:03,2,1.32,6.85,3.45,0.05,7.0,yellow,cash,Midtown North,Kingsbridge Heights,Manhattan,Bronx
2019-03-21 01:48:54,2019-03-21 02:03:44,1,1.59,11.85,1.78,0.46,14.0,yellow,credit card,Meatpacking/West Village West,Carroll Gardens,Manhattan,Brooklyn
2019-03-22 11:33:07,2019-03-22 11:49:10,1,0.74,7.1,1.57,0.22,13.53,yellow,cash,Upper West Side North,Flushing,Manhattan,Queens
2019-03-09 02:41:13,2019-03-09 02:54:52,1,4.08,14.0,0.32,0.66,58.33,yellow,credit card,Woodside,Long Island City/Hunters Point,Queens,Queens
2019-03-15 02:05:30,2019-03-15 02:19:01,1,8.93,8.88,4.25,0.03,12.5,yellow,cash,Midtown Center,DUMBO/Vinegar Hill,Manhattan,Brooklyn
2019-03-15 18:21:09,2019-03-15 18:35:58,1,1.25,7.4,1.0,0.06,16.32,yellow,credit card,Hudson Sq,Jamaica,Manhattan,Queens
2019-03-27 06:55:34,2019-03-27 07:08:42,2,3.24,4.7,1.42,0.21,36.94,yellow,cash,Greenwich Village North,Eastchester,Manhattan,Bronx
2019-03-12 22:07:28,2019-03-12 22:20:40,2,0.23,10.8,3.17,0.11,17.86,yellow,credit card,Lincoln Square East,Riverdale/North Riverdale/Fieldston,Manhattan,Bronx
2019-03-12 02:44:41,2019-03-12 02:58:09,1,3.31,4.2,3.22,0.08,13.8,yellow,cash,Penn Station/Madison Sq West,Jackson Heights,Manhattan,Queens
2019-03-28 10:21:04,2019-03-28 10:37:32,1,8.27,13.45,5.55,0.33,15.4,yellow,credit card,Meatpacking/West Village West,Bushwick South,Manhattan,Brooklyn
2019-03-29 23:06:56,2019-03-29 23:18:18,5,2.11,6.8,0.34,0.18,9.49,yellow,cash,Midtown North,TriBeCa/Civic Center,Manhattan,Manhattan
2019-03-14 20:38:10,2019-03-14 20:51:22,1,0.4,3.3,0.44,0.12,23.74,yellow,credit card,Upper West Side North,East Concourse/Concourse Village,Manhattan,Bronx
2019-03-11 23:10:15,2019-03-11 23:26:50,1,0.31,5.43,2.0,0.47,11.1,yellow,cash,Woodside,Homecrest,Queens,Brooklyn
2019-03-21 01:26:24,2019-03-21 01:40:07,5,0.82,11.2,0.48,0.06,12.64,yellow,credit card,SoHo,Alphabet City,Manhattan,Manhattan
2019-03-26 00:04:11,2019-03-26 00:17:39,1,1.08,10.6,0.84,0.03,23.68,yellow,cash,Midtown East,Midtown North,Manhattan,Manhattan
2019-03-20 14:03:03,2019-03-20 14:15:57,1,0.44,9.8,1.15,0.05,51.0,yellow,credit card,Meatpacking/West Village West,Flushing,Manhattan,Queens
2019-03-19 12:02:50,2019-03-19 12:15:37,1,0.63,16.6,0.42,0.04,22.0,yellow,cash,East Harlem North,DUMBO/Vinegar Hill,Manhattan,Brooklyn
2019-03-21 00:33:45,2019-03-21 00:48:46,1,2.91,12.4,1.28,0.4,18.24,yellow,credit card,Upper West Side South,Washington Heights North,Manhattan,Manhattan
2019-03-12 10:51:13,2019-03-12 11:08:42,1,7.34,6.87,1.0,0.9,28.1,yellow,cash,Jackson Heights,Jackson Heights,Queens,Queens
2019-03-03 22:25:15,2019-03-03 22:37:43,5,0.38,16.6,4.18,0.21,23.42,yellow,credit card,Lincoln Square East,Hamilton Heights,Manhattan,Manhattan
2019-03-06 13:29:50,2019-03-06 13:45:59,2,1.85,13.1,0.28,0.03,20.8,yellow,cash,Hudson Sq,SoHo,Manhattan,Manhattan
2019-03-03 20:00:04,2019-03-03 20:16:17,1,7.83,21.34,3.67,0.16,46.0,yellow,credit card,Penn Station/Madison Sq West,Middle Village,Manhattan,Queens
2019-03-31 06:07:23,2019-03-31 06:20:24,2,1.79,5.6,1.66,0.01,24.14,yellow,cash,Union Sq,Parkchester,Manhattan,Bronx
2019-03-13 15:03:50,2019-03-13 15:17:32,5,0.13,9.1,0.61,0.85,31.88,yellow,credit card,Park Slope,Stuy Town/Peter Cooper Village,Brooklyn,Manhattan
2019-03-18 16:33:46,2019-03-18 16:47:01,1,1.45,10.9,0.07,0.06,33.97,yellow,cash,Greenwich Village South,Highbridge,Manhattan,Bronx
2019-03-08 14:27:35,2019-03-08 14:41:44,1,21.31,24.4,7.21,1.81,28.76,yellow,credit card,JFK Airport,Kew Gardens Hills,Queens,Queens
2019-03-05 23:16:34,2019-03-05 23:30:43,1,3.23,4.13,3.2,3.43,7.07,yellow,cash,LaGuardia Airport,Hudson Sq,Queens,Manhattan
2019-03-10 14:50:34,2019-03-10 15:06:50,1,12.16,7.75,2.9,3.5,27.9,yellow,credit card,LaGuardia Airport,Claremont/Bathgate,Queens,Bronx
2019-03-20 08:29:32,2019-03-20 08:42:41,1,0.47,1.88,1.5,0.38,70.27,yellow,cash,JFK Airport,JFK Airport,Queens,Queens
2019-02-28 13:38:03,2019-02-28 13:50:46,1,0.39,4.0,0.11,0.64,9.76,yellow,credit card,Midtown North,Oakland Gardens,Manhattan,Queens
2019-03-18 23:12:36,2019-03-18 23:27:08,1,1.14,16.35,2.85,0.1,19.9,yellow,cash,Union Sq,South Jamaica,Manhattan,Queens
2019-03-03 15:53:23,2019-03-03 16:04:29,4,3.54,8.58,5.12,0.07,11.0,yellow,credit card,Lower East Side,Saint Albans,Manhattan,Queens
2019-03-04 00:11:00,2019-03-04 00:28:23,1,1.14,4.7,0.11,0.11,9.49,yellow,cash,Midtown East,East New York,Manhattan,Brooklyn
2019-03-03 22:09:26,2019-03-03 22:22:46,2,2.24,8.66,0.35,0.0,26.2,yellow,credit card,Lincoln Square West,Long Island City/Hunters Point,Manhattan,Queens
2019-03-24 01:14:31,2019-03-24 01:28:21,1,2.25,8.5,0.57,0.04,9.52,yellow,cash,East Chelsea,Bayside,Manhattan,Queens
2019-03-06 15:14:28,2019-03-06 15:28:14,2,2.43,7.5,1.23,0.02,10.62,yellow,credit card,West Chelsea/Hudson Yards,Columbia Street,Manhattan,Brooklyn
2019-03-26 02:02:02,2019-03-26 02:16:30,1,0.63,5.6,0.09,0.16,22.78,yellow,cash,Little Italy/NoLiTa,Manhattan Valley,Manhattan,Manhattan
2019-03-20 09:34:58,2019-03-20 09:48:49,1,2.95,13.6,2.14,0.02,13.97,yellow,credit card,Midtown Center,Ridgewood,Manhattan,Queens
2019-03-26 19:03:38,2019-03-26 19:16:46,1,1.87,26.08,3.02,1.34,58.9,yellow,cash,Jackson Heights,SoHo,Queens,Manhattan
2019-03-07 12:16:14,2019-03-07 12:30:33,1,1.71,6.0,0.38,0.06,8.62,yellow,credit card,Flatiron,Midtown Center,Manhattan,Manhattan
2019-03-25 20:26:27,2019-03-25 20:41:19,1,10.79,7.2,4.02,0.05,22.9,yellow,cash,East Harlem South,Fort Greene,Manhattan,Brooklyn
2019-03-17 13:38:50,2019-03-17 13:53:32,1,0.52,7.1,3.98,0.0,17.99,yellow,credit card,Greenwich Village North,Briarwood/Jamaica Hills,Manhattan,Queens
2019-03-02 12:44:23,2019-03-02 12:59:47,2,1.44,9.2,1.15,0.05,27.7,yellow,cash,Lincoln Square West,Baisley Park,Manhattan,Queens
2019-03-23 22:25:05,2019-03-23 22:39:59,1,0.45,5.4,0.57,0.0,14.24,yellow,credit card,Lincoln Square West,Flatlands,Manhattan,Brooklyn
2019-03-01 13:32:09,2019-03-01 13:46:48,1,1.9,17.08,0.41,0.71,18.3,yellow,cash,Clinton Hill,Randalls Island,Brooklyn,Manhattan
2019-03-10 10:19:48,2019-03-10 10:34:02,1,1.56,5.6,0.96,0.03,15.56,yellow,credit card,Union Sq,Clinton East,Manhattan,Manhattan
2019-03-14 00:46:42,2019-03-14 01:02:12,3,0.87,6.9,5.46,0.13,20.19,yellow,cash,Greenwich Village North,Hillcrest/Pomonok,Manhattan,Queens
2019-03-02 20:13:44,2019-03-02 20:29:04,1,0.64,14.3,4.63,0.1,29.5,yellow,credit card,Midtown North,Brownsville,Manhattan,Brooklyn
2019-03-07 22:14:01,2019-03-07 22:28:02,5,6.44,15.29,1.54,0.17,24.6,yellow,cash,Battery Park City,Upper West Side South,Manhattan,Manhattan
2019-03-24 12:50:23,2019-03-24 13:06:32,1,0.42,6.52,7.58,0.18,19.9,yellow,credit card,Yorkville East,Yorkville West,Manhattan,Manhattan
2019-03-07 17:31:16,2019-03-07 17:48:26,2,2.36,16.4,1.1,0.08,21.61,yellow,cash,TriBeCa/Civic Center,Jamaica Estates,Manhattan,Queens
2019-03-23 08:10:33,2019-03-23 08:24:09,2,3.19,14.1,2.48,0.09,18.56,yellow,credit card,Hudson Sq,Murray Hill-Queens,Manhattan,Queens
2019-03-19 07:46:02,2019-03-19 08:01:34,1,4.83,20.1,0.45,0.43,30.9,yellow,cash,World Trade Center,Midtown East,Manhattan,Manhattan
2019-03-18 05:43:42,2019-03-18 05:59:04,1,3.9,6.45,0.27,0.09,28.2,yellow,credit card,TriBeCa/Civic Center,Hunts Point,Manhattan,Bronx
2019-03-15 17:46:40,2019-03-15 17:59:28,1,1.83,3.8,1.71,0.14,14.1,yellow,cash,Greenwich Village South,Washington Heights North,Manhattan,Manhattan
2019-03-13 03:44:40,2019-03-13 04:01:39,5,1.88,5.7,0.72,0.29,22.99,yellow,credit card,Bloomingdale,Murray Hill,Manhattan,Manhattan
2019-03-25 08:04:06,2019-03-25 08:16:08,2,3.63,19.32,0.67,0.71,34.2,yellow,cash,Jackson Heights,Flatlands,Queens,Brooklyn
2019-03-05 01:34:57,2019-03-05 01:48:46,1,2.19,5.89,1.0,0.51,44.2,yellow,credit card,East Flatbush/Remsen Village,Brooklyn Navy Yard,Brooklyn,Brooklyn
2019-03-26 17:27:26,2019-03-26 17:39:01,2,0.57,7.5,0.26,0.04,15.53,yellow,cash,Midtown East,Hillcrest/Pomonok,Manhattan,Queens
2019-03-21 12:01:46,2019-03-21 12:15:39,1,3.45,4.7,0.18,0.01,14.19,yellow,credit card,Flatlands,Red Hook,Brooklyn,Brooklyn
2019-03-12 01:24:56,2019-03-12 01:39:12,2,3.57,12.76,4.37,0.16,14.4,yellow,cash,Saint Albans,Hamilton Heights,Queens,Manhattan
2019-03-30 16:47:04,2019-03-30 16:58:56,3,1.22,5.3,0.65,0.01,14.69,yellow,credit card,Midtown Center,Parkchester,Manhattan,Bronx
2019-03-24 07:20:44,2019-03-24 07:37:53,1,1.11,4.9,3.85,0.08,27.72,yellow,cash,Penn Station/Madison Sq West,TriBeCa/Civic Center,Manhattan,Manhattan
2019-03-31 01:11:33,2019-03-31 01:28:23,1,11.47,27.75,0.16,1.13,30.4,yellow,credit card,Williamsburg (South Side),Boerum Hill,Brooklyn,Brooklyn
2019-03-30 11:08:58,2019-03-30 11:23:28,1,3.5,11.6,3.67,0.12,14.87,yellow,cash,Union Sq,East Flatbush/Remsen Village,Manhattan,Brooklyn
2019-03-25 18:25:32,2019-03-25 18:39:38,2,3.05,11.25,4.58,0.14,16.1,yellow,credit card,Lincoln Square West,Park Slope,Manhattan,Brooklyn
2019-03-14 11:39:00,2019-03-14 11:53:14,6,1.38,14.98,1.73,0.03,17.8,yellow,cash,Fort Greene,Clinton West,Brooklyn,Manhattan
2019-03-11 13:51:37,2019-03-11 14:06:51,1,0.41,37.25,0.86,1.3,42.8,yellow,credit card,Sunnyside,Greenwich Village North,Queens,Manhattan
2019-03-22 13:55:19,2019-03-22 14:07:21,1,3.5,5.34,4.2,0.02,11.11,yellow,cash,Hudson Sq,LaGuardia Airport,Manhattan,Queens
2019-03-22 16:11:25,2019-03-22 16:24:07,4,12.39,14.39,5.41,0.03,19.0,yellow,credit card,East Harlem South,West Chelsea/Hudson Yards,Manhattan,Manhattan
2019-03-04 05:32:37,2019-03-04 05:45:23,2,0.03,5.5,3.82,0.06,35.72,yellow,cash,Union Sq,Central Park,Manhattan,Manhattan
2019-03-11 15:24:47,2019-03-11 15:40:07,5,5.74,12.8,1.97,0.85,30.47,yellow,credit card,Fort Greene,Norwood,Brooklyn,Bronx
2019-03-03 12:19:38,2019-03-03 12:31:00,1,0.47,7.3,2.14,0.23,15.19,yellow,cash,Clinton East,Boerum Hill,Manhattan,Brooklyn
2019-03-25 03:48:35,2019-03-25 04:02:07,2,0.9,12.8,2.43,0.56,16.2,yellow,credit card,Clinton East,Ocean Hill,Manhattan,Brooklyn
2019-03-12 07:01:04,2019-03-12 07:16:13,1,1.14,13.0,6.97,0.18,22.61,yellow,cash,Flatiron,Fresh Meadows,Manhattan,Queens
2019-03-04 00:41:15,2019-03-04 00:53:17,1,3.5,8.1,3.32,0.13,14.23,yellow,credit card,SoHo,Lenox Hill West,Manhattan,Manhattan
2019-03-27 06:49:52,2019-03-27 07:03:11,4,2.4,3.9,0.71,0.06,18.48,yellow,cash,Fort Greene,Bay Ridge,Brooklyn,Brooklyn
2019-03-13 13:49:44,2019-03-13 14:06:27,3,0.9,6.81,2.33,0.05,8.4,yellow,credit card,TriBeCa/Civic Center,Murray Hill-Queens,Manhattan,Queens
2019-03-20 09:05:21,2019-03-20 09:18:19,2,0.65,14.5,4.62,0.03,22.06,yellow,cash,Lincoln Square West,Flatlands,Manhattan,Brooklyn
2019-03-12 10:13:56,2019-03-12 10:24:42,1,1.22,8.7,2.6,0.19,11.26,yellow,credit card,Yorkville West,Red Hook,Manhattan,Brooklyn
2019-03-24 09:34:22,2019-03-24 09:50:13,1,3.09,12.48,2.15,0.16,13.8,yellow,cash,Midtown South,East Harlem South,Manhattan,Manhattan
2019-03-09 14:42:54,2019-03-09 14:57:15,1,2.73,7.3,0.01,0.1,27.71,yellow,credit card,Fort Greene,Washington Heights South,Brooklyn,Manhattan
2019-03-15 20:35:39,2019-03-15 20:52:37,1,2.68,7.0,1.02,0.47,25.9,yellow,cash,Gramercy,Murray Hill-Queens,Manhattan,Queens
2019-03-03 17:14:18,2019-03-03 17:31:51,2,0.28,15.67,1.25,0.27,35.5,yellow,credit card,Midtown North,Washington Heights North,Manhattan,Manhattan
2019-03-27 00:51:27,2019-03-27 01:08:16,1,0.52,4.2,0.16,0.01,27.1,yellow,cash,TriBeCa/Civic Center,Whitestone,Manhattan,Queens
2019-03-29 00:07:00,2019-03-29 00:20:42,1,0.44,12.5,0.49,0.04,25.51,yellow,credit card,Midtown North,Kew Gardens,Manhattan,Queens
2019-03-19 01:57:39,2019-03-19 02:12:34,4,12.96,9.85,3.73,0.46,17.1,yellow,cash,Steinway,Clinton West,Queens,Manhattan
2019-03-23 03:07:31,2019-03-23 03:23:18,1,2.61,16.1,7.06,0.07,34.34,yellow,credit card,Times Sq/Theatre District,Howard Beach,Manhattan,Queens
2019-03-28 20:26:52,2019-03-28 20:41:10,1,1.94,9.0,4.32,0.17,11.41,yellow,cash,West Village,Bensonhurst West,Manhattan,Brooklyn
2019-03-11 21:02:57,2019-03-11 21:18:53,1,0.73,9.5,0.32,0.01,29.29,yellow,credit card,Penn Station/Madison Sq West,Yorkville West,Manhattan,Manhattan
2019-03-20 23:14:40,2019-03-20 23:29:22,2,3.06,4.4,0.03,0.05,45.4,yellow,cash,Washington Heights South,Cobble Hill,Manhattan,Brooklyn
2019-03-09 19:59:47,2019-03-09 20:15:51,1,1.14,6.9,1.87,0.31,8.88,yellow,credit card,Midtown East,Elmhurst/Maspeth,Manhattan,Queens
2019-03-01 02:14:12,2019-03-01 02:29:37,1,0.54,5.7,0.31,0.05,10.24,yellow,cash,Penn Station/Madison Sq West,West Brighton,Manhattan,Staten Island
2019-03-17 14:08:25,2019-03-17 14:20:37,3,14.64,12.6,0.09,1.46,42.23,yellow,credit card,Claremont/Bathgate,Flushing Meadows-Corona Park,Bronx,Queens
2019-03-12 01:05:35,2019-03-12 01:21:46,6,2.5,13.0,1.15,0.74,19.33,yellow,cash,UN/Turtle Bay South,Bay Ridge,Manhattan,Brooklyn
2019-03-13 12:09:09,2019-03-13 12:21:30,2,2.15,6.2,1.51,0.04,15.75,yellow,credit card,Upper West Side South,Long Island City/Hunters Point,Manhattan,Queens
2019-03-02 16:17:31,2019-03-02 16:33:26,1,3.37,5.09,3.3,0.37,8.98,yellow,cash,Lenox Hill West,Kew Gardens Hills,Manhattan,Queens
2019-03-09 06:33:52,2019-03-09 06:48:47,5,1.03,12.1,0.07,0.18,19.39,yellow,credit card,Greenwich Village South,Midtown East,Manhattan,Manhattan
2019-02-28 22:35:36,2019-02-28 22:50:47,6,0.46,7.9,0.06,0.02,10.76,yellow,cash,Murray Hill,Claremont/Bathgate,Manhattan,Bronx
2019-03-11 04:14:56,2019-03-11 04:30:14,2,1.96,12.12,2.81,0.02,15.0,yellow,credit card,West Chelsea/Hudson Yards,Soundview/Bruckner,Manhattan,Bronx
2019-03-29 02:01:04,2019-03-29 02:14:15,1,10.26,29.8,0.61,1.38,50.43,yellow,cash,JFK Airport,Bayside,Queens,Queens
2019-03-04 22:42:47,2019-03-04 22:58:18,6,2.0,10.25,0.12,0.75,17.8,yellow,credit card,Flatiron,Central Harlem,Manhattan,Manhattan
2019-03-11 05:38:24,2019-03-11 05:50:18,1,0.33,5.9,3.8,0.11,13.66,yellow,cash,Midtown South,Allerton/Pelham Gardens,Manhattan,Bronx
2019-03-02 02:01:51,2019-03-02 02:16:36,1,3.68,10.6,1.0,0.1,11.12,yellow,credit card,Financial District North,Long Island City/Hunters Point,Manhattan,Queens
2019-03-29 04:02:56,2019-03-29 04:15:54,1,3.37,8.2,3.69,0.0,13.69,yellow,cash,TriBeCa/Civic Center,Bayside,Manhattan,Queens
2019-03-01 05:01:16,2019-03-01 05:15:58,1,2.74,6.47,1.1,0.22,17.4,yellow,credit card,World Trade Center,Bushwick South,Manhattan,Brooklyn
2019-03-21 14:23:54,2019-03-21 14:38:18,1,0.17,4.2,3.63,0.03,9.24,yellow,cash,Little Italy/NoLiTa,Battery Park City,Manhattan,Manhattan
2019-03-17 11:11:28,2019-03-17 11:23:48,1,0.29,13.7,0.31,0.23,25.41,yellow,credit card,Midtown East,Bath Beach,Manhattan,Brooklyn
2019-03-24 06:12:16,2019-03-24 06:26:18,1,0.96,7.8,6.62,0.08,21.13,yellow,cash,Midtown North,Parkchester,Manhattan,Bronx
2019-03-18 05:05:18,2019-03-18 05:18:25,3,5.05,9.4,5.05,0.06,17.05,yellow,credit card,West Chelsea/Hudson Yards,Bedford,Manhattan,Brooklyn
2019-03-06 19:37:18,2019-03-06 19:52:01,1,1.65,1.3,2.03,5.53,40.8,yellow,cash,Long Island City/Hunters Point,Two Bridges/Seward Park,Queens,Manhattan
2019-03-26 08:16:46,2019-03-26 08:31:25,1,4.07,9.1,0.07,0.06,13.22,yellow,credit card,Greenwich Village North,Greenwich Village North,Manhattan,Manhattan
2019-03-30 13:12:18,2019-03-30 13:26:00,1,1.71,13.6,0.78,0.12,22.36,yellow,cash,Clinton East,Bedford,Manhattan,Brooklyn
2019-03-11 09:04:27,2019-03-11 09:16:38,5,3.46,7.3,0.82,0.08,12.94,yellow,credit card,East Village,Hudson Sq,Manhattan,Manhattan
2019-03-04 15:50:40,2019-03-04 16:07:00,1,2.49,4.5,0.22,0.02,29.34,yellow,cash,Manhattan Valley,Brighton Beach,Manhattan,Brooklyn
2019-03-27 04:52:22,2019-03-27 05:07:38,1,1.89,12.2,0.2,0.19,85.64,yellow,credit card,Fort Greene,Starrett City,Brooklyn,Brooklyn
2019-03-15 04:56:16,2019-03-15 05:10:04,1,0.71,9.34,1.51,0.25,12.7,yellow,cash,UN/Turtle Bay South,Belmont,Manhattan,Bronx
2019-03-17 09:49:55,2019-03-17 10:03:55,1,0.78,10.4,1.01,0.0,13.19,yellow,credit card,East Chelsea,Times Sq/Theatre District,Manhattan,Manhattan
2019-03-06 11:21:13,2019-03-06 11:36:11,1,0.63,19.05,3.18,2.58,24.7,yellow,cash,JFK Airport,Gramercy,Queens,Manhattan
2019-03-07 22:53:23,2019-03-07 23:10:05,1,6.83,10.81,0.63,0.28,11.3,yellow,credit card,Union Sq,Crown Heights South,Manhattan,Brooklyn
2019-03-14 04:04:05,2019-03-14 04:20:19,1,11.62,20.8,0.37,0.32,21.16,yellow,cash,Sunnyside,Brooklyn Navy Yard,Queens,Brooklyn
2019-03-02 06:47:25,2019-03-02 06:59:36,1,0.77,8.29,0.65,0.05,15.8,yellow,credit card,Midtown Center,Bath Beach,Manhattan,Brooklyn
2019-03-28 23:39:09,2019-03-28 23:53:45,1,4.89,14.6,0.64,0.23,16.62,yellow,cash,Upper East Side South,Whitestone,Manhattan,Queens
2019-03-25 21:26:04,2019-03-25 21:39:03,1,0.95,14.4,0.53,0.05,27.18,yellow,credit card,Midtown East,UN/Turtle Bay South,Manhattan,Manhattan
2019-03-23 09:30:35,2019-03-23 09:42:41,1,1.56,4.6,1.04,0.12,22.54,yellow,cash,Battery Park City,Hudson Sq,Manhattan,Manhattan
2019-03-02 15:59:11,2019-03-02 16:15:41,1,0.04,11.74,1.3,0.0,12.4,yellow,credit card,West Village,Parkchester,Manhattan,Bronx
2019-03-20 19:14:29,2019-03-20 19:29:41,1,0.05,8.2,1.75,0.01,11.32,yellow,cash,Upper East Side South,Spuyten Duyvil/Kingsbridge,Manhattan,Bronx
2019-03-08 07:05:16,2019-03-08 07:18:10,1,0.39,8.67,7.14,0.05,14.9,yellow,credit card,Union Sq,Gowanus,Manhattan,Brooklyn
2019-03-24 01:37:55,2019-03-24 01:53:22,1,5.66,9.9,0.58,0.1,27.32,yellow,cash,Midtown East,Penn Station/Madison Sq West,Manhattan,Manhattan
2019-03-15 22:54:36,2019-03-15 23:08:54,0,1.39,9.9,0.21,0.19,21.84,yellow,credit card,Greenwich Village South,Financial District North,Manhattan,Manhattan
2019-03-29 19:25:11,2019-03-29 19:38:33,1,1.42,6.83,1.74,0.22,8.2,yellow,cash,Upper East Side North,Mott Haven/Port Morris,Manhattan,Bronx
2019-03-26 02:10:24,2019-03-26 02:25:14,1,1.0,13.4,0.1,0.1,31.43,yellow,credit card,Greenpoint,Queensbridge/Ravenswood,Brooklyn,Queens
2019-03-06 07:02:50,2019-03-06 07:18:33,5,2.21,6.2,4.25,0.22,8.8,yellow,cash,Midtown Center,Boerum Hill,Manhattan,Brooklyn
2019-03-08 07:35:26,2019-03-08 07:48:56,1,1.51,5.6,1.2,0.09,35.67,yellow,credit card,Bushwick South,Williamsburg (North Side),Brooklyn,Brooklyn
2019-03-28 16:09:20,2019-03-28 16:23:37,1,2.36,4.8,4.72,0.49,25.94,yellow,cash,Gramercy,Flushing,Manhattan,Queens
2019-03-16 20:23:28,2019-03-16 20:37:59,1,3.86,11.0,0.7,0.13,12.33,yellow,credit card,Yorkville West,Brooklyn Heights,Manhattan,Brooklyn
2019-03-15 05:10:29,2019-03-15 05:26:07,2,1.72,8.96,3.65,0.01,12.4,yellow,cash,Penn Station/Madison Sq West,Midtown East,Manhattan,Manhattan
2019-03-28 13:28:00,2019-03-28 13:42:16,1,7.4,5.0,0.7,0.01,11.96,yellow,credit card,East Harlem South,Inwood Hill Park,Manhattan,Manhattan
2019-03-15 07:30:31,2019-03-15 07:44:42,1,1.16,7.07,3.5,0.06,10.8,yellow,cash,Hudson Sq,Gowanus,Manhattan,Brooklyn
2019-03-31 08:03:48,2019-03-31 08:19:43,1,1.24,14.5,1.03,0.06,19.11,yellow,credit card,Union Sq,Cambria Heights,Manhattan,Queens
2019-03-09 16:42:00,2019-03-09 16:54:45,1,2.09,14.1,0.66,0.24,14.65,yellow,cash,Times Sq/Theatre District,Spuyten Duyvil/Kingsbridge,Manhattan,Bronx
2019-03-31 02:54:13,2019-03-31 03:07:40,1,5.68,15.5,2.58,2.55,48.71,yellow,credit card,Sunnyside,Douglaston,Queens,Queens
2019-03-14 01:31:20,2019-03-14 01:44:48,1,0.75,4.85,4.6,0.24,15.01,yellow,cash,Financial District North,Jackson Heights,Manhattan,Queens
2019-03-27 16:24:21,2019-03-27 16:38:29,2,1.05,9.3,0.84,0.06,9.99,yellow,credit card,Upper East Side North,Boerum Hill,Manhattan,Brooklyn
2019-03-20 01:23:56,2019-03-20 01:37:29,1,0.63,12.23,1.04,0.43,20.1,yellow,cash,Midtown East,Sunset Park West,Manhattan,Brooklyn
2019-03-31 03:11:37,2019-03-31 03:26:30,1,1.58,8.3,0.75,0.22,29.78,yellow,credit card,Canarsie,South Williamsburg,Brooklyn,Brooklyn
2019-03-18 22:21:52,2019-03-18 22:36:38,1,1.08,4.8,0.89,0.49,21.19,yellow,cash,Penn Station/Madison Sq West,Mott Haven/Port Morris,Manhattan,Bronx
2019-03-18 03:10:37,2019-03-18 03:26:01,1,5.28,12.2,2.0,0.14,19.91,yellow,credit card,East Harlem South,Borough Park,Manhattan,Brooklyn
2019-03-11 06:17:04,2019-03-11 06:29:16,5,9.47,22.5,0.61,1.27,40.68,yellow,cash,JFK Airport,Times Sq/Theatre District,Queens,Manhattan
2019-03-25 22:31:21,2019-03-25 22:45:14,1,3.84,11.02,0.6,0.09,26.0,yellow,credit card,Midtown North,Fort Greene,Manhattan,Brooklyn
2019-03-24 01:27:32,2019-03-24 01:42:52,1,0.56,16.0,2.7,0.02,23.8,yellow,cash,Little Italy/NoLiTa,Norwood,Manhattan,Bronx
2019-03-21 10:38:20,2019-03-21 10:53:28,1,6.01,4.1,0.76,0.03,11.98,yellow,credit card,Union Sq,Ocean Hill,Manhattan,Brooklyn
2019-03-14 14:20:24,2019-03-14 14:35:09,2,6.46,10.1,0.85,0.02,10.87,yellow,cash,Lincoln Square East,Lenox Hill West,Manhattan,Manhattan
2019-03-12 04:14:12,2019-03-12 04:28:04,5,1.34,9.3,0.63,0.09,20.73,yellow,credit card,Upper West Side South,Jamaica,Manhattan,Queens
2019-03-17 15:54:03,2019-03-17 16:07:53,1,5.62,5.0,0.73,0.46,8.82,yellow,cash,SoHo,Little Italy/NoLiTa,Manhattan,Manhattan
2019-03-20 23:44:22,2019-03-20 23:55:42,2,2.22,12.6,5.18,0.08,25.99,yellow,credit card,Lenox Hill East,East Flatbush/Remsen Village,Manhattan,Brooklyn
2019-03-19 23:23:51,2019-03-19 23:35:22,1,5.15,7.8,1.7,0.1,28.49,yellow,cash,East Harlem North,Kips Bay,Manhattan,Manhattan
2019-03-26 01:42:22,2019-03-26 01:57:41,1,3.04,7.2,0.3,2.64,10.69,yellow,credit card,LaGuardia Airport,Hamilton Heights,Queens,Manhattan
2019-03-01 06:14:15,2019-03-01 06:28:33,1,0.86,4.84,2.09,3.74,59.6,yellow,cash,LaGuardia Airport,Briarwood/Jamaica Hills,Queens,Queens
2019-03-12 13:05:01,2019-03-12 13:18:24,1,3.29,9.99,2.75,0.32,11.6,yellow,credit card,Astoria,DUMBO/Vinegar Hill,Queens,Brooklyn
2019-03-02 00:52:09,2019-03-02 01:04:15,1,2.65,8.9,1.22,0.0,15.92,yellow,cash,Times Sq/Theatre District,Midtown South,Manhattan,Manhattan
2019-03-19 18:00:01,2019-03-19 18:14:23,1,2.11,9.96,2.46,0.14,12.6,yellow,credit card,Midtown Center,Woodlawn/Wakefield,Manhattan,Bronx
2019-03-30 20:45:32,2019-03-30 20:59:23,1,0.03,8.3,1.49,0.3,20.18,yellow,cash,Kips Bay,Spuyten Duyvil/Kingsbridge,Manhattan,Bronx
2019-03-08 15:50:01,2019-03-08 16:03:59,1,3.66,15.4,0.23,0.04,60.09,yellow,credit card,Lenox Hill East,West Brighton,Manhattan,Staten Island
2019-03-09 16:14:57,2019-03-09 16:29:50,1,0.97,12.03,4.58,0.25,19.4,yellow,cash,East Harlem South,Seaport,Manhattan,Manhattan
2019-03-16 03:03:18,2019-03-16 03:15:52,2,1.25,14.7,0.9,0.5,16.07,yellow,credit card,Upper East Side South,Jamaica Estates,Manhattan,Queens
2019-03-22 18:05:20,2019-03-22 18:17:54,1,1.56,5.4,1.28,0.07,12.36,yellow,cash,Sutton Place/Turtle Bay North,East Williamsburg,Manhattan,Brooklyn
2019-03-11 10:10:58,2019-03-11 10:23:47,6,9.96,13.59,0.39,0.32,17.9,yellow,credit card,Manhattanville,Yorkville East,Manhattan,Manhattan
2019-03-18 13:31:36,2019-03-18 13:44:59,1,0.11,4.1,3.72,0.21,11.64,yellow,cash,Morningside Heights,Saint Albans,Manhattan,Queens
2019-03-29 08:34:24,2019-03-29 08:49:08,1,0.0,3.5,1.75,0.0,9.77,yellow,credit card,Clinton East,Brooklyn Heights,Manhattan,Brooklyn
2019-03-04 21:22:46,2019-03-04 21:39:53,5,10.29,8.8,8.09,0.1,19.28,yellow,cash,East Village,Springfield Gardens South,Manhattan,Queens
2019-03-07 23:13:10,2019-03-07 23:27:45,0,5.99,6.8,0.14,0.02,19.25,yellow,credit card,Penn Station/Madison Sq West,Whitestone,Manhattan,Queens
2019-03-05 23:19:03,2019-03-05 23:35:15,1,2.32,8.46,6.28,0.03,8.7,yellow,cash,Upper West Side South,Homecrest,Manhattan,Brooklyn
2019-03-04 11:38:44,2019-03-04 11:50:32,1,0.34,10.37,1.38,0.03,12.4,yellow,credit card,Stuy Town/Peter Cooper Village,Ridgewood,Manhattan,Queens
2019-03-01 05:49:50,2019-03-01 06:04:41,1,1.95,5.8,1.26,0.17,12.1,yellow,cash,Clinton East,Meatpacking/West Village West,Manhattan,Manhattan
2019-02-28 19:42:12,2019-02-28 19:56:45,2,0.55,11.8,0.09,0.35,12.46,yellow,credit card,Bloomingdale,East Elmhurst,Manhattan,Queens
2019-03-10 19:49:21,2019-03-10 20:06:12,2,1.13,7.77,6.1,0.12,12.48,yellow,cash,Upper East Side North,Forest Hills,Manhattan,Queens
2019-03-06 02:02:57,2019-03-06 02:18:06,1,1.53,8.5,0.65,0.06,9.38,yellow,credit card,Midtown South,East Harlem South,Manhattan,Manhattan
2019-03-27 11:03:00,2019-03-27 11:16:27,1,5.64,10.2,0.18,4.44,41.64,yellow,cash,Rosedale,Long Island City/Hunters Point,Queens,Queens
2019-03-07 02:38:11,2019-03-07 02:51:19,1,2.67,4.22,2.8,0.25,17.7,yellow,credit card,Union Sq,Flatlands,Manhattan,Brooklyn
2019-03-26 09:30:19,2019-03-26 09:44:35,1,4.63,7.01,0.48,0.02,20.8,yellow,cash,East Village,East Flatbush/Remsen Village,Manhattan,Brooklyn
2019-03-25 06:57:37,2019-03-25 07:12:51,1,2.13,13.5,0.63,0.15,18.61,yellow,credit card,Central Harlem North,East Village,Manhattan,Manhattan
2019-03-28 18:08:34,2019-03-28 18:21:40,1,0.36,6.0,3.46,0.49,13.46,yellow,cash,Midtown Center,Lower East Side,Manhattan,Manhattan
2019-03-20 16:49:07,2019-03-20 17:02:48,1,1.92,4.6,1.54,0.14,14.97,yellow,credit card,Lincoln Square East,Two Bridges/Seward Park,Manhattan,Manhattan
2019-03-07 07:19:41,2019-03-07 07:34:12,1,0.05,9.27,0.46,0.04,9.5,yellow,cash,SoHo,West Chelsea/Hudson Yards,Manhattan,Manhattan
2019-03-28 10:37:31,2019-03-28 10:52:21,1,1.58,5.37,1.11,0.3,11.6,yellow,credit card,Manhattan Valley,Clinton Hill,Manhattan,Brooklyn
2019-03-01 14:46:58,2019-03-01 15:00:31,1,2.98,2.5,0.63,0.18,8.2,yellow,cash,Gowanus,Two Bridges/Seward Park,Brooklyn,Manhattan
2019-03-14 16:01:54,2019-03-14 16:17:01,2,9.13,14.0,1.23,0.32,17.57,yellow,credit card,Midtown Center,Morningside Heights,Manhattan,Manhattan
2019-03-10 22:10:47,2019-03-10 22:24:46,1,0.27,5.55,0.81,0.08,9.4,yellow,cash,Clinton East,West Chelsea/Hudson Yards,Manhattan,Manhattan
2019-03-28 06:59:03,2019-03-28 07:16:14,1,1.06,4.59,4.9,0.24,7.8,yellow,credit card,Penn Station/Madison Sq West,Battery Park City,Manhattan,Manhattan
2019-03-22 00:22:15,2019-03-22 00:37:05,1,3.2,12.08,0.19,0.05,24.4,yellow,cash,Mott Haven/Port Morris,Canarsie,Bronx,Brooklyn
2019-03-13 16:04:57,2019-03-13 16:20:36,1,4.6,5.3,0.26,0.06,17.3,yellow,credit card,Midtown East,Prospect-Lefferts Gardens,Manhattan,Brooklyn
2019-03-06 06:35:21,2019-03-06 06:50:20,1,3.91,9.5,6.16,0.13,9.62,yellow,cash,Lincoln Square East,Elmhurst,Manhattan,Queens
2019-03-30 07:50:29,2019-03-30 08:06:59,2,5.98,14.28,4.17,0.18,37.4,yellow,credit card,JFK Airport,Bay Ridge,Queens,Brooklyn
2019-03-21 23:24:50,2019-03-21 23:36:54,1,15.57,8.76,1.03,5.05,12.0,yellow,cash,Saint Albans,Sutton Place/Turtle Bay North,Queens,Manhattan
2019-03-18 05:54:34,2019-03-18 06:07:14,2,6.77,18.57,0.01,0.98,27.6,yellow,credit card,LaGuardia Airport,Seaport,Queens,Manhattan
2019-03-16 11:09:23,2019-03-16 11:24:03,1,1.1,5.92,0.98,0.05,12.4,yellow,cash,Upper West Side North,Homecrest,Manhattan,Brooklyn
2019-03-07 21:48:14,2019-03-07 22:01:39,6,5.26,9.4,2.32,0.85,11.66,yellow,credit card,JFK Airport,Norwood,Queens,Bronx
2019-03-08 13:25:54,2019-03-08 13:38:55,1,1.74,4.1,3.31,0.01,11.8,yellow,cash,Midtown Center,Cypress Hills,Manhattan,Brooklyn
2019-03-28 21:32:45,2019-03-28 21:49:22,1,0.2,3.7,0.09,0.03,5.68,yellow,credit card,Greenwich Village North,Washington Heights South,Manhattan,Manhattan
2019-03-18 14:36:47,2019-03-18 14:52:06,1,5.52,17.6,0.22,3.41,38.0,yellow,cash,LaGuardia Airport,Seaport,Queens,Manhattan
2019-03-05 03:40:17,2019-03-05 03:52:54,1,0.02,6.3,0.29,0.01,13.7,yellow,credit card,Central Park,Elmhurst/Maspeth,Manhattan,Queens
2019-03-27 00:10:03,2019-03-27 00:25:35,3,2.35,7.93,0.66,0.13,11.7,yellow,cash,Lower East Side,Queensbridge/Ravenswood,Manhattan,Queens
2019-03-31 10:20:11,2019-03-31 10:36:28,1,10.27,8.94,1.0,0.06,13.0,yellow,credit card,Manhattanville,Woodside,Manhattan,Queens
2019-03-30 08:09:20,2019-03-30 08:24:30,2,0.58,15.4,4.03,1.15,58.92,yellow,cash,Astoria,Washington Heights North,Queens,Manhattan
2019-03-17 22:53:57,2019-03-17 23:08:01,1,0.7,3.6,0.09,0.32,26.78,yellow,credit card,Central Park,Parkchester,Manhattan,Bronx
2019-03-06 07:40:29,2019-03-06 07:56:14,2,18.71,4.7,0.05,0.92,76.6,yellow,cash,Astoria,Soundview/Bruckner,Queens,Bronx
2019-02-28 21:08:18,2019-02-28 21:22:41,6,4.0,7.4,0.11,0.24,24.04,yellow,credit card,Lincoln Square West,Financial District South,Manhattan,Manhattan
2019-03-10 11:55:31,2019-03-10 12:11:08,1,0.15,7.32,0.89,0.14,17.0,yellow,cash,Clinton East,Central Harlem,Manhattan,Manhattan
2019-03-29 11:13:03,2019-03-29 11:24:26,2,3.22,8.4,0.13,0.1,19.3,yellow,credit card,Lincoln Square East,Oakland Gardens,Manhattan,Queens
2019-03-17 15:24:11,2019-03-17 15:38:25,6,2.66,3.7,1.87,0.09,19.55,yellow,cash,East Village,Whitestone,Manhattan,Queens
2019-03-11 19:11:10,2019-03-11 19:25:44,1,0.97,5.1,2.68,0.13,20.5,yellow,credit card,West Village,Bensonhurst West,Manhattan,Brooklyn
2019-03-29 10:58:04,2019-03-29 11:10:51,5,1.41,9.11,4.95,0.01,12.6,yellow,cash,Upper East Side South,Hamilton Heights,Manhattan,Manhattan
2019-03-19 22:53:08,2019-03-19 23:09:09,1,8.91,8.3,0.1,0.19,10.39,yellow,credit card,East New York,Queens Village,Brooklyn,Queens
2019-03-12 19:05:34,2019-03-12 19:19:42,5,3.55,14.3,2.76,0.02,19.3,yellow,cash,Washington Heights South,Melrose South,Manhattan,Bronx
2019-03-23 18:09:13,2019-03-23 18:25:31,1,0.33,12.0,0.68,0.12,13.31,yellow,credit card,Midtown Center,Starrett City,Manhattan,Brooklyn
2019-03-24 23:09:22,2019-03-24 23:24:10,1,0.69,4.9,4.48,0.12,9.85,yellow,cash,Murray Hill,Lincoln Square East,Manhattan,Manhattan
2019-03-09 14:42:01,2019-03-09 14:54:52,2,2.47,17.5,0.17,0.14,25.18,yellow,credit card,Lower East Side,Prospect-Lefferts Gardens,Manhattan,Brooklyn
2019-03-06 08:45:51,2019-03-06 08:59:28,1,5.42,14.4,4.14,0.26,18.77,yellow,cash,Washington Heights North,University Heights/Morris Heights,Manhattan,Bronx
2019-03-30 21:49:14,2019-03-30 22:04:02,0,5.32,10.63,0.78,0.03,15.3,yellow,credit card,Midtown North,Co-Op City,Manhattan,Bronx
2019-03-24 07:53:40,2019-03-24 08:07:53,1,0.93,6.5,1.77,0.21,10.7,yellow,cash,East Harlem North,Mott Haven/Port Morris,Manhattan,Bronx
2019-03-06 04:37:20,2019-03-06 04:52:24,1,0.58,4.1,0.6,0.27,7.92,yellow,credit card,Washington Heights South,Queensboro Hill,Manhattan,Queens
2019-03-07 21:59:56,2019-03-07 22:14:14,1,3.68,12.6,0.39,0.23,14.76,yellow,cash,Downtown Brooklyn/MetroTech,Bensonhurst East,Brooklyn,Brooklyn
2019-03-07 00:42:12,2019-03-07 00:55:21,1,1.02,18.6,0.18,0.05,27.02,yellow,credit card,Lenox Hill East,Williamsburg (South Side),Manhattan,Brooklyn
2019-03-28 17:33:57,2019-03-28 17:48:54,1,0.66,12.37,0.69,0.03,33.5,yellow,cash,Williamsburg (South Side),Prospect Park,Brooklyn,Brooklyn
2019-03-10 22:26:03,2019-03-10 22:39:50,1,0.82,18.3,4.96,0.24,28.02,yellow,credit card,Lenox Hill West,Jamaica Estates,Manhattan,Queens
2019-03-05 21:01:09,2019-03-05 21:14:03,1,8.31,16.3,2.72,0.47,22.42,yellow,cash,Greenwich Village North,Greenpoint,Manhattan,Brooklyn
2019-03-14 03:04:42,2019-03-14 03:19:29,1,6.06,7.0,2.69,0.07,31.33,yellow,credit card,Sutton Place/Turtle Bay North,Times Sq/Theatre District,Manhattan,Manhattan
2019-03-13 11:52:43,2019-03-13 12:07:53,2,12.9,9.0,1.02,0.09,9.78,yellow,cash,Midtown East,World Trade Center,Manhattan,Manhattan
2019-03-06 10:59:05,2019-03-06 11:11:57,1,5.95,7.8,4.31,0.15,23.73,yellow,credit card,East Harlem South,Upper West Side South,Manhattan,Manhattan
2019-03-28 21:00:51,2019-03-28 21:15:10,1,8.14,9.17,0.5,0.12,22.4,yellow,cash,East Harlem North,Flushing,Manhattan,Queens
2019-03-23 09:52:37,2019-03-23 10:07:00,6,5.79,12.53,0.82,0.0,68.2,yellow,credit card,Washington Heights South,Seaport,Manhattan,Manhattan
2019-03-15 01:57:25,2019-03-15 02:10:13,1,5.03,4.0,0.21,0.16,20.75,yellow,cash,Union Sq,Glendale,Manhattan,Queens
2019-02-28 04:21:24,2019-02-28 04:35:59,1,0.14,5.0,1.39,0.08,20.37,yellow,credit card,Central Harlem North,Sutton Place/Turtle Bay North,Manhattan,Manhattan
2019-03-14 07:28:35,2019-03-14 07:44:49,1,0.07,5.0,4.13,0.06,11.65,yellow,cash,Penn Station/Madison Sq West,Upper West Side North,Manhattan,Manhattan
2019-03-30 17:26:54,2019-03-30 17:39:27,2,2.75,7.2,0.01,0.0,13.29,yellow,credit card,Brooklyn Heights,Financial District North,Brooklyn,Manhattan
2019-03-08 01:56:15,2019-03-08 02:12:25,1,0.26,11.24,0.13,0.16,13.2,yellow,cash,Upper East Side North,Park Slope,Manhattan,Brooklyn
2019-03-18 17:45:56,2019-03-18 17:59:10,1,1.07,5.7,0.32,0.3,30.56,yellow,credit card,Greenwich Village North,Yorkville East,Manhattan,Manhattan
2019-03-11 22:48:31,2019-03-11 23:03:42,1,0.34,13.93,0.24,0.02,15.4,yellow,cash,Penn Station/Madison Sq West,Mount Hope,Manhattan,Bronx
2019-03-01 07:58:38,2019-03-01 08:15:14,1,0.65,14.68,0.76,0.4,24.4,yellow,credit card,Fort Greene,SoHo,Brooklyn,Manhattan
2019-03-02 21:59:27,2019-03-02 22:13:42,1,4.16,9.4,2.83,0.2,20.87,yellow,cash,Midtown East,Cypress Hills,Manhattan,Brooklyn
2019-03-21 20:46:17,2019-03-21 21:02:15,1,2.81,14.73,2.83,0.07,16.1,yellow,credit card,Garment District,Little Italy/NoLiTa,Manhattan,Manhattan
2019-03-16 11:44:48,2019-03-16 11:59:26,1,5.42,11.9,0.05,0.08,13.8,yellow,cash,Midtown South,Upper East Side South,Manhattan,Manhattan
2019-03-15 20:21:49,2019-03-15 20:36:25,1,1.8,4.2,0.81,0.05,17.7,yellow,credit card,Central Park,Financial District North,Manhattan,Manhattan
2019-03-11 06:41:28,2019-03-11 06:53:33,1,0.55,7.3,4.55,0.32,21.47,yellow,cash,Central Park,East Concourse/Concourse Village,Manhattan,Bronx
2019-03-23 23:08:01,2019-03-23 23:20:34,2,1.8,6.0,2.59,0.04,14.61,yellow,credit card,Manhattan Valley,Marble Hill,Manhattan,Manhattan
2019-03-27 15:00:44,2019-03-27 15:16:59,1,4.42,3.9,0.08,0.18,8.19,yellow,cash,Murray Hill,Soundview/Castle Hill,Manhattan,Bronx
2019-03-20 05:56:14,2019-03-20 06:12:54,1,1.78,8.5,0.48,0.18,17.15,yellow,credit card,Midtown East,East Flushing,Manhattan,Queens
2019-03-22 04:42:45,2019-03-22 04:57:49,0,1.63,11.2,2.54,0.06,16.17,yellow,cash,Sutton Place/Turtle Bay North,Murray Hill,Manhattan,Manhattan
2019-03-24 19:21:20,2019-03-24 19:35:16,1,0.6,4.1,2.72,0.04,14.44,yellow,credit card,Union Sq,Van Cortlandt Village,Manhattan,Bronx
2019-03-17 09:30:51,2019-03-17 09:44:04,1,0.77,14.33,0.55,0.04,28.1,yellow,cash,Central Harlem North,Stuyvesant Heights,Manhattan,Brooklyn
2019-03-09 01:08:08,2019-03-09 01:20:45,4,36.7,7.8,5.8,0.49,53.45,yellow,credit card,Long Island City/Hunters Point,Park Slope,Queens,Brooklyn
2019-03-25 04:51:10,2019-03-25 05:03:59,2,0.12,18.32,1.44,0.23,21.1,yellow,cash,East Harlem North,North Corona,Manhattan,Queens
2019-03-26 00:04:17,2019-03-26 00:18:57,5,2.85,10.72,3.25,0.05,14.4,yellow,credit card,Meatpacking/West Village West,East Tremont,Manhattan,Bronx
2019-03-11 23:56:57,2019-03-12 00:11:37,3,1.91,4.4,2.11,0.15,24.22,yellow,cash,Kips Bay,College Point,Manhattan,Queens
2019-02-28 18:31:48,2019-02-28 18:47:33,2,2.83,5.11,1.36,0.01,11.6,yellow,credit card,Meatpacking/West Village West,Stuy Town/Peter Cooper Village,Manhattan,Manhattan
2019-03-27 00:08:34,2019-03-27 00:22:42,6,3.02,9.3,1.98,0.11,11.38,yellow,cash,Clinton East,Penn Station/Madison Sq West,Manhattan,Manhattan
2019-03-02 17:12:29,2019-03-02 17:26:29,1,2.68,11.4,5.22,0.28,17.07,yellow,credit card,Lenox Hill East,Williamsburg (North Side),Manhattan,Brooklyn
2019-02-28 02:33:19,2019-02-28 02:50:29,1,1.57,5.59,9.47,0.07,21.4,yellow,cash,Lenox Hill West,Crown Heights South,Manhattan,Brooklyn
2019-03-04 22:12:34,2019-03-04 22:25:51,0,0.97,12.0,2.06,0.16,47.91,yellow,credit card,Lenox Hill West,Baisley Park,Manhattan,Queens
2019-03-06 16:59:54,2019-03-06 17:14:46,2,0.24,7.4,1.5,0.09,15.58,yellow,cash,Clinton East,Old Astoria,Manhattan,Queens
2019-02-28 23:34:40,2019-02-28 23:47:52,1,1.11,5.8,3.07,0.0,11.89,yellow,credit card,Lincoln Square East,Long Island City/Queens Plaza,Manhattan,Queens
2019-03-04 01:37:30,2019-03-04 01:49:55,1,1.51,8.9,0.91,0.28,22.68,yellow,cash,Central Harlem,East Flatbush/Farragut,Manhattan,Brooklyn
2019-03-25 00:21:25,2019-03-25 00:33:57,2,7.69,14.4,1.23,0.14,23.29,yellow,credit card,Upper West Side North,Woodlawn/Wakefield,Manhattan,Bronx
2019-03-24 21:48:25,2019-03-24 22:02:23,1,1.23,9.85,0.64,0.34,25.3,yellow,cash,Bushwick South,Battery Park,Brooklyn,Manhattan
2019-03-28 18:58:17,2019-03-28 19:11:21,0,0.09,10.0,0.26,0.34,17.7,yellow,credit card,Hudson Sq,Downtown Brooklyn/MetroTech,Manhattan,Brooklyn
2019-03-15 18:34:07,2019-03-15 18:47:32,1,2.76,11.44,1.69,0.07,18.8,yellow,cash,Penn Station/Madison Sq West,Mott Haven/Port Morris,Manhattan,Bronx
2019-03-23 01:30:09,2019-03-23 01:45:24,1,4.62,5.07,3.6,5.06,66.78,yellow,credit card,Long Island City/Hunters Point,Stuyvesant Heights,Queens,Brooklyn
2019-03-09 05:46:45,2019-03-09 05:58:17,1,2.59,7.8,0.72,0.33,16.32,yellow,cash,Penn Station/Madison Sq West,South Ozone Park,Manhattan,Queens
2019-03-22 13:04:50,2019-03-22 13:18:24,1,2.32,8.6,2.4,0.04,25.32,yellow,credit card,East Harlem South,Crown Heights South,Manhattan,Brooklyn
2019-03-05 20:52:25,2019-03-05 21:08:51,2,1.47,5.8,4.38,0.02,23.93,yellow,cash,Hamilton Heights,Bay Ridge,Manhattan,Brooklyn
2019-03-01 18:05:16,2019-03-01 18:18:35,1,3.35,12.53,1.19,0.07,13.2,yellow,credit card,Upper West Side North,JFK Airport,Manhattan,Queens
2019-03-06 11:18:33,2019-03-06 11:34:15,6,1.9,3.6,3.41,0.15,24.03,yellow,cash,Morningside Heights,Ozone Park,Manhattan,Queens
2019-03-13 19:55:13,2019-03-13 20:07:18,1,2.45,5.1,0.11,0.05,9.74,yellow,credit card,Yorkville West,Clinton West,Manhattan,Manhattan
2019-03-22 15:34:16,2019-03-22 15:49:43,1,2.49,1.33,1.08,5.11,5.6,yellow,cash,JFK Airport,Kew Gardens Hills,Queens,Queens
2019-03-09 22:51:44,2019-03-09 23:05:42,4,0.03,12.3,0.62,0.62,23.22,yellow,credit card,Manhattan Valley,Midtown North,Manhattan,Manhattan
2019-03-24 17:41:03,2019-03-24 17:53:21,1,5.88,6.68,1.58,0.49,9.7,yellow,cash,Lincoln Square East,Chinatown,Manhattan,Manhattan
2019-03-24 02:33:31,2019-03-24 02:49:24,2,0.27,7.77,0.52,0.08,10.6,yellow,credit card,Flatiron,Bedford Park,Manhattan,Bronx
2019-03-16 07:27:57,2019-03-16 07:41:08,1,2.7,4.96,7.4,4.91,8.22,yellow,cash,LaGuardia Airport,Upper East Side North,Queens,Manhattan
2019-03-26 23:32:04,2019-03-26 23:43:08,1,3.27,3.9,0.13,0.58,11.98,yellow,credit card,East Chelsea,Elmhurst/Maspeth,Manhattan,Queens
2019-03-21 02:41:17,2019-03-21 02:58:42,1,6.13,3.19,1.19,0.09,22.7,yellow,cash,Crown Heights North,Allerton/Pelham Gardens,Brooklyn,Bronx
2019-03-11 18:13:11,2019-03-11 18:28:08,1,0.53,8.03,1.04,0.11,17.0,yellow,credit card,Times Sq/Theatre District,Lower East Side,Manhattan,Manhattan
2019-03-18 16:27:02,2019-03-18 16:42:41,1,2.57,5.3,3.25,0.12,24.05,yellow,cash,Inwood,Flushing Meadows-Corona Park,Manhattan,Queens
2019-02-28 23:51:51,2019-03-01 00:06:11,2,1.04,3.61,1.0,0.25,40.48,yellow,credit card,South Jamaica,Hunts Point,Queens,Bronx
2019-03-05 18:18:57,2019-03-05 18:33:16,2,1.55,5.5,0.92,0.35,19.44,yellow,cash,Lenox Hill East,Stuy Town/Peter Cooper Village,Manhattan,Manhattan
2019-03-04 21:09:38,2019-03-04 21:22:14,1,0.65,15.35,0.39,0.09,30.9,yellow,credit card,Midtown Center,World Trade Center,Manhattan,Manhattan
2019-03-09 07:07:13,2019-03-09 07:22:54,1,0.58,7.8,2.41,0.49,18.49,yellow,cash,Midtown South,Bensonhurst West,Manhattan,Brooklyn
2019-03-23 18:18:08,2019-03-23 18:31:53,1,3.59,10.84,0.34,0.25,18.0,yellow,credit card,Murray Hill,Bensonhurst West,Manhattan,Brooklyn
2019-03-26 17:35:21,2019-03-26 17:49:13,1,0.11,2.4,0.25,0.02,27.69,yellow,cash,Windsor Terrace,Old Astoria,Brooklyn,Queens
2019-03-17 17:19:09,2019-03-17 17:33:44,6,0.98,10.93,1.01,0.13,29.7,yellow,credit card,East Village,Sutton Place/Turtle Bay North,Manhattan,Manhattan
2019-03-08 03:45:39,2019-03-08 04:02:00,1,3.41,11.02,1.22,0.04,17.1,yellow,cash,Upper West Side South,Brooklyn Navy Yard,Manhattan,Brooklyn
2019-03-16 18:40:14,2019-03-16 18:54:33,1,0.08,6.7,4.23,0.04,14.13,yellow,credit card,Penn Station/Madison Sq West,Springfield Gardens South,Manhattan,Queens
2019-03-29 14:33:46,2019-03-29 14:45:09,1,6.13,8.4,0.12,0.35,59.74,yellow,cash,Park Slope,Morningside Heights,Brooklyn,Manhattan
2019-03-25 09:37:44,2019-03-25 09:51:16,1,0.17,7.0,2.41,0.01,8.31,yellow,credit card,Central Harlem,Hamilton Heights,Manhattan,Manhattan
2019-03-15 03:35:11,2019-03-15 03:49:52,2,6.97,2.96,2.7,0.58,13.59,yellow,cash,Madison,Washington Heights South,Brooklyn,Manhattan
2019-03-19 22:41:26,2019-03-19 22:56:27,1,0.37,3.7,3.66,0.02,18.17,yellow,credit card,Midtown East,Columbia Street,Manhattan,Brooklyn
2019-03-21 00:02:42,2019-03-21 00:18:14,2,5.59,11.0,1.74,0.13,16.47,yellow,cash,Midtown North,Prospect-Lefferts Gardens,Manhattan,Brooklyn
2019-03-26 12:13:17,2019-03-26 12:29:16,1,1.12,9.2,1.42,0.48,11.53,yellow,credit card,Central Park,Jackson Heights,Manhattan,Queens
2019-03-27 05:58:40,2019-03-27 06:12:39,1,6.18,7.4,1.4,0.05,8.7,yellow,cash,Clinton Hill,Battery Park City,Brooklyn,Manhattan
2019-03-10 11:56:11,2019-03-10 12:12:13,1,1.65,5.0,1.56,0.35,15.77,yellow,credit card,Upper East Side North,Financial District North,Manhattan,Manhattan
2019-03-19 07:50:00,2019-03-19 08:06:44,1,0.47,13.6,1.17,0.16,15.69,yellow,cash,Murray Hill,Columbia Street,Manhattan,Brooklyn
2019-03-18 17:14:46,2019-03-18 17:26:42,1,1.46,13.2,1.16,0.02,22.52,yellow,credit card,Midtown Center,Woodhaven,Manhattan,Queens
2019-03-15 05:51:59,2019-03-15 06:06:23,1,0.35,9.96,0.91,0.08,14.4,yellow,cash,Sutton Place/Turtle Bay North,Flatbush/Ditmas Park,Manhattan,Brooklyn
2019-03-29 01:15:18,2019-03-29 01:28:16,1,0.41,4.5,0.56,0.33,12.37,yellow,credit card,Brooklyn Heights,TriBeCa/Civic Center,Brooklyn,Manhattan
2019-03-06 13:50:11,2019-03-06 14:03:30,1,9.59,12.32,5.46,1.04,28.5,yellow,cash,Queensbridge/Ravenswood,Flatlands,Queens,Brooklyn
2019-03-19 23:29:14,2019-03-19 23:43:07,1,0.2,11.2,3.07,0.22,11.63,yellow,credit card,Lenox Hill East,Upper West Side North,Manhattan,Manhattan
2019-03-29 10:31:16,2019-03-29 10:44:35,4,0.9,15.3,1.18,0.11,23.06,yellow,cash,Central Park,Hudson Sq,Manhattan,Manhattan
2019-03-17 17:28:02,2019-03-17 17:42:49,2,26.25,37.25,0.14,0.01,76.4,yellow,credit card,Mott Haven/Port Morris,Manhattan Beach,Bronx,Brooklyn
2019-03-30 03:07:05,2019-03-30 03:20:55,2,4.2,10.7,10.16,1.54,11.26,yellow,cash,JFK Airport,Jackson Heights,Queens,Queens
2019-03-21 22:23:54,2019-03-21 22:37:42,2,24.35,7.79,2.64,1.15,17.3,yellow,credit card,South Jamaica,West Brighton,Queens,Staten Island
2019-03-21 12:41:21,2019-03-21 12:52:59,5,2.72,11.3,0.71,0.51,23.64,yellow,cash,Central Harlem,Prospect Park,Manhattan,Brooklyn
2019-03-14 05:30:57,2019-03-14 05:47:30,1,2.74,5.6,2.7,0.01,12.16,yellow,credit card,Times Sq/Theatre District,Battery Park,Manhattan,Manhattan
2019-03-20 13:33:58,2019-03-20 13:47:40,1,4.59,8.42,3.9,0.08,9.1,yellow,cash,East Chelsea,Hillcrest/Pomonok,Manhattan,Queens
2019-02-28 02:21:10,2019-02-28 02:35:27,1,2.32,5.0,0.65,0.08,33.75,yellow,credit card,Yorkville East,Windsor Terrace,Manhattan,Brooklyn
2019-03-21 18:26:28,2019-03-21 18:40:06,1,5.82,5.0,1.54,0.02,11.16,yellow,cash,Midtown East,Central Harlem North,Manhattan,Manhattan
2019-03-22 15:00:41,2019-03-22 15:14:57,2,2.59,13.5,0.13,0.25,15.2,yellow,credit card,Financial District North,Briarwood/Jamaica Hills,Manhattan,Queens
2019-03-27 12:02:10,2019-03-27 12:15:41,1,1.11,8.9,0.43,0.18,34.4,yellow,cash,Greenwich Village South,Brooklyn Navy Yard,Manhattan,Brooklyn
2019-03-27 13:57:30,2019-03-27 14:12:45,1,1.73,18.5,1.73,0.02,35.85,yellow,credit card,Lower East Side,Randalls Island,Manhattan,Manhattan
2019-03-01 10:14:54,2019-03-01 10:31:03,6,4.55,3.59,0.03,0.27,6.1,yellow,cash,East Harlem North,TriBeCa/Civic Center,Manhattan,Manhattan
2019-03-29 07:08:21,2019-03-29 07:22:31,1,1.09,7.24,1.57,0.0,9.8,yellow,credit card,Penn Station/Madison Sq West,Kips Bay,Manhattan,Manhattan
2019-03-10 19:15:32,2019-03-10 19:29:55,6,2.99,3.0,0.26,0.18,8.52,yellow,cash,Union Sq,Marine Park/Mill Basin,Manhattan,Brooklyn
2019-03-30 21:11:06,2019-03-30 21:25:33,1,3.29,9.7,2.47,0.15,31.8,yellow,credit card,East Village,West Chelsea/Hudson Yards,Manhattan,Manhattan
2019-03-03 01:51:50,2019-03-03 02:06:10,1,25.77,1.44,1.16,1.44,66.4,yellow,cash,JFK Airport,Eastchester,Queens,Bronx
2019-03-06 06:02:42,2019-03-06 06:19:22,1,1.08,10.89,2.12,0.26,39.2,yellow,credit card,Lincoln Square East,Sunnyside,Manhattan,Queens
2019-03-16 18:08:52,2019-03-16 18:22:48,1,16.49,4.13,1.56,1.65,75.3,yellow,cash,Jackson Heights,Lincoln Square West,Queens,Manhattan
2019-03-15 10:56:40,2019-03-15 11:12:51,1,0.05,12.7,1.66,0.13,17.0,yellow,credit card,Midtown Center,West Village,Manhattan,Manhattan
2019-03-22 09:31:04,2019-03-22 09:46:22,1,1.86,4.4,2.36,0.06,27.8,yellow,cash,Upper East Side South,Soundview/Bruckner,Manhattan,Bronx
2019-03-08 00:43:14,2019-03-08 00:56:48,5,1.75,5.6,0.09,0.07,13.77,yellow,credit card,Midtown South,Seaport,Manhattan,Manhattan
2019-03-30 11:19:50,2019-03-30 11:33:26,1,0.34,6.5,1.3,0.07,29.11,yellow,cash,Sheepshead Bay,Flatiron,Brooklyn,Manhattan
2019-03-11 09:51:40,2019-03-11 10:04:40,1,0.73,3.8,0.54,0.07,18.93,yellow,credit card,Lenox Hill West,Times Sq/Theatre District,Manhattan,Manhattan
2019-03-23 12:40:46,2019-03-23 12:54:04,1,5.3,8.5,6.79,0.22,21.05,yellow,cash,Midtown Center,University Heights/Morris Heights,Manhattan,Bronx
2019-03-01 12:22:34,2019-03-01 12:36:54,1,0.97,29.11,0.72,0.25,57.2,yellow,credit card,Bay Ridge,Randalls Island,Brooklyn,Manhattan
2019-03-12 07:49:39,2019-03-12 08:05:28,1,4.07,4.9,1.19,0.29,14.46,yellow,cash,West Village,East Williamsburg,Manhattan,Brooklyn
2019-03-06 05:41:28,2019-03-06 05:55:04,1,0.48,13.08,0.59,0.17,31.5,yellow,credit card,East Flatbush/Farragut,Manhattan Beach,Brooklyn,Brooklyn
2019-03-12 08:21:45,2019-03-12 08:35:23,1,0.5,7.37,0.3,0.07,10.1,yellow,cash,Clinton East,Yorkville West,Manhattan,Manhattan
2019-03-20 21:55:40,2019-03-20 22:11:00,2,0.25,3.1,2.63,0.7,5.61,yellow,credit card,Jackson Heights,Bedford Park,Queens,Bronx
2019-03-14 01:15:17,2019-03-14 01:29:02,5,0.52,7.3,1.56,0.06,13.13,yellow,cash,TriBeCa/Civic Center,Two Bridges/Seward Park,Manhattan,Manhattan
2019-03-17 03:58:05,2019-03-17 04:14:18,1,2.5,5.3,0.47,0.08,7.76,yellow,credit card,Midtown Center,Queensbridge/Ravenswood,Manhattan,Queens
2019-03-16 15:39:18,2019-03-16 15:53:38,1,0.43,5.37,4.47,0.18,14.2,yellow,cash,Little Italy/NoLiTa,Stuy Town/Peter Cooper Village,Manhattan,Manhattan
2019-03-19 11:09:18,2019-03-19 11:24:51,1,3.62,11.3,2.27,0.01,32.97,yellow,credit card,Lincoln Square West,Yorkville East,Manhattan,Manhattan
2019-03-27 03:27:56,2019-03-27 03:41:12,2,1.03,3.9,0.13,0.36,5.69,yellow,cash,Brownsville,Hillcrest/Pomonok,Brooklyn,Queens
2019-03-07 20:06:03,2019-03-07 20:21:14,1,2.59,6.96,0.29,0.07,18.8,yellow,credit card,Upper West Side South,Cobble Hill,Manhattan,Brooklyn
2019-03-29 20:14:07,2019-03-29 20:27:15,2,10.0,7.5,1.0,0.01,12.56,yellow,cash,Downtown Brooklyn/MetroTech,Clinton Hill,Brooklyn,Brooklyn
2019-03-18 10:01:22,2019-03-18 10:18:27,1,0.24,13.8,1.12,0.52,16.8,yellow,credit card,Murray Hill,Bushwick South,Manhattan,Brooklyn
2019-03-07 11:33:25,2019-03-07 11:47:59,1,0.94,9.18,0.45,0.1,9.3,yellow,cash,Kips Bay,Middle Village,Manhattan,Queens
2019-03-24 09:30:50,2019-03-24 09:47:39,5,1.38,12.3,1.05,0.11,22.11,yellow,credit card,Upper East Side South,Windsor Terrace,Manhattan,Brooklyn
2019-03-22 14:46:05,2019-03-22 15:02:11,1,0.32,13.2,1.08,0.06,14.02,yellow,cash,Midtown East,Middle Village,Manhattan,Queens
2019-03-15 19:38:18,2019-03-15 19:53:11,0,0.07,14.65,1.74,0.53,25.1,yellow,credit card,Queensboro Hill,Brownsville,Queens,Brooklyn
2019-03-19 11:13:36,2019-03-19 11:28:17,1,3.69,10.3,0.89,0.07,28.14,yellow,cash,Murray Hill,DUMBO/Vinegar Hill,Manhattan,Brooklyn
2019-03-07 20:43:30,2019-03-07 20:56:20,1,6.37,18.0,0.48,0.32,19.92,yellow,credit card,Midtown Center,Marble Hill,Manhattan,Manhattan
2019-03-12 19:52:35,2019-03-12 20:08:40,1,0.3,2.39,0.06,0.04,3.1,yellow,cash,Erasmus,Canarsie,Brooklyn,Brooklyn
2019-03-25 14:25:44,2019-03-25 14:38:24,1,10.12,4.82,2.74,0.74,9.6,yellow,credit card,Midwood,Woodside,Brooklyn,Queens
2019-03-22 16:44:28,2019-03-22 16:58:51,3,2.63,6.4,3.6,0.14,14.42,yellow,cash,Upper West Side North,East Village,Manhattan,Manhattan
2019-03-27 00:38:54,2019-03-27 00:53:06,1,3.92,23.1,2.03,0.05,29.42,yellow,credit card,Greenwich Village South,East Chelsea,Manhattan,Manhattan
2019-03-02 02:14:27,2019-03-02 02:26:57,1,3.42,6.65,1.51,0.09,14.3,yellow,cash,Yorkville West,Homecrest,Manhattan,Brooklyn
2019-03-25 13:09:45,2019-03-25 13:23:22,1,4.02,11.5,2.71,0.01,17.52,yellow,credit card,Meatpacking/West Village West,Pelham Parkway,Manhattan,Bronx
2019-03-03 08:03:35,2019-03-03 08:17:29,1,0.84,5.36,2.27,0.33,8.8,yellow,cash,Little Italy/NoLiTa,Kingsbridge Heights,Manhattan,Bronx
2019-02-28 07:36:52,2019-02-28 07:51:51,1,1.5,9.1,0.77,0.2,17.36,yellow,credit card,Clinton East,South Jamaica,Manhattan,Queens
2019-03-31 20:27:35,2019-03-31 20:44:53,0,6.73,9.3,6.69,0.4,10.16,yellow,cash,Greenwich Village North,Bensonhurst West,Manhattan,Brooklyn
2019-03-06 19:00:24,2019-03-06 19:14:26,1,4.08,8.1,0.01,0.02,9.59,yellow,credit card,Gramercy,Bushwick North,Manhattan,Brooklyn
2019-03-06 01:58:42,2019-03-06 02:12:20,1,0.67,4.8,1.43,0.11,10.98,yellow,cash,Murray Hill,Briarwood/Jamaica Hills,Manhattan,Queens
2019-03-06 20:38:10,2019-03-06 20:51:40,1,0.1,10.2,0.28,0.29,11.0,yellow,credit card,Flatiron,Inwood,Manhattan,Manhattan
2019-03-10 02:00:18,2019-03-10 02:14:52,1,8.85,4.4,1.59,0.05,10.8,yellow,cash,Clinton East,Marine Park/Mill Basin,Manhattan,Brooklyn
2019-03-03 19:22:50,2019-03-03 19:36:37,1,15.29,3.87,0.2,0.24,23.3,yellow,credit card,LaGuardia Airport,University Heights/Morris Heights,Queens,Bronx
2019-03-24 17:39:44,2019-03-24 17:50:24,1,0.26,8.1,2.93,0.0,23.65,yellow,cash,East Harlem North,Baisley Park,Manhattan,Queens
2019-03-01 11:12:40,2019-03-01 11:26:44,1,3.41,10.2,2.07,0.03,13.03,yellow,credit card,Union Sq,East Flatbush/Remsen Village,Manhattan,Brooklyn
2019-03-10 17:34:37,2019-03-10 17:47:46,2,5.69,10.7,3.52,0.0,14.25,yellow,cash,Upper East Side South,Rosedale,Manhattan,Queens
2019-03-05 20:18:57,2019-03-05 20:33:34,2,5.66,39.49,0.58,0.46,52.2,yellow,credit card,East Elmhurst,Pelham Parkway,Queens,Bronx
2019-03-04 03:06:08,2019-03-04 03:22:07,1,1.39,11.5,0.23,0.08,19.91,yellow,cash,Times Sq/Theatre District,Williamsburg (South Side),Manhattan,Brooklyn
2019-03-13 18:02:36,2019-03-13 18:15:12,1,0.18,12.0,1.12,0.08,14.16,yellow,credit card,Morningside Heights,World Trade Center,Manhattan,Manhattan
2019-03-13 10:04:40,2019-03-13 10:20:38,1,7.33,10.12,2.25,0.45,22.7,yellow,cash,Greenwich Village North,Red Hook,Manhattan,Brooklyn
2019-03-10 12:45:26,2019-03-10 12:59:14,1,1.95,4.5,0.04,0.05,27.09,yellow,credit card,UN/Turtle Bay South,Spuyten Duyvil/Kingsbridge,Manhattan,Bronx
2019-03-01 05:01:55,2019-03-01 05:14:31,2,7.81,14.4,1.83,0.14,14.65,yellow,cash,Lower East Side,Midwood,Manhattan,Brooklyn
2019-03-30 13:43:20,2019-03-30 13:56:58,1,1.21,8.8,2.37,0.05,13.96,yellow,credit card,Lincoln Square West,Columbia Street,Manhattan,Brooklyn
2019-03-12 21:27:25,2019-03-12 21:40:34,1,0.39,8.8,1.24,0.1,23.27,yellow,cash,Upper West Side North,Maspeth,Manhattan,Queens
2019-03-30 06:45:33,2019-03-30 06:57:45,1,0.14,11.1,0.9,0.14,12.02,yellow,credit card,Clinton East,Parkchester,Manhattan,Bronx
2019-03-15 14:07:27,2019-03-15 14:21:50,1,0.48,13.9,1.74,0.19,14.89,yellow,cash,Garment District,Stapleton,Manhattan,Staten Island
2019-03-27 01:58:29,2019-03-27 02:14:22,2,4.28,6.3,0.94,0.08,13.88,yellow,credit card,Gramercy,Garment District,Manhattan,Manhattan
2019-03-07 23:27:07,2019-03-07 23:42:22,1,3.34,5.44,0.11,0.01,10.3,yellow,cash,Clinton West,Queensbridge/Ravenswood,Manhattan,Queens
2019-03-08 12:59:39,2019-03-08 13:14:30,1,6.0,3.7,1.02,0.08,18.72,yellow,credit card,Penn Station/Madison Sq West,Kingsbridge Heights,Manhattan,Bronx
2019-03-12 13:53:17,2019-03-12 14:08:19,1,3.99,8.6,1.0,0.14,55.98,yellow,cash,Brooklyn Heights,Flatiron,Brooklyn,Manhattan
2019-03-12 03:23:57,2019-03-12 03:37:29,1,1.44,5.8,0.43,0.45,16.94,yellow,credit card,Central Harlem North,Morrisania/Melrose,Manhattan,Bronx
2019-03-14 16:40:47,2019-03-14 16:55:00,1,0.72,12.4,2.25,0.39,20.4,yellow,cash,Clinton East,Douglaston,Manhattan,Queens
2019-03-10 14:06:26,2019-03-10 14:19:55,1,1.6,20.36,0.64,0.31,25.2,yellow,credit card,Greenwich Village North,Soundview/Bruckner,Manhattan,Bronx
2019-03-21 06:49:24,2019-03-21 07:04:01,1,0.07,5.01,3.32,0.04,11.3,yellow,cash,Clinton East,Bensonhurst East,Manhattan,Brooklyn
2019-03-22 11:37:54,2019-03-22 11:52:03,1,0.74,5.4,1.5,0.06,20.84,yellow,credit card,Midtown East,Washington Heights North,Manhattan,Manhattan
2019-03-14 20:57:24,2019-03-14 21:13:31,1,0.53,6.8,0.59,0.01,18.05,yellow,cash,Yorkville East,Manhattanville,Manhattan,Manhattan
2019-03-10 05:37:42,2019-03-10 05:50:20,1,1.82,12.7,4.05,0.12,24.49,yellow,credit card,Gramercy,Hudson Sq,Manhattan,Manhattan
2019-03-01 03:54:10,2019-03-01 04:11:20,1,6.71,10.8,1.42,0.12,16.53,yellow,cash,Lenox Hill West,Upper East Side South,Manhattan,Manhattan
2019-03-24 11:56:50,2019-03-24 12:12:19,1,1.67,14.28,3.99,0.09,15.8,yellow,credit card,Astoria,Flatbush/Ditmas Park,Queens,Brooklyn
2019-03-15 10:24:11,2019-03-15 10:38:57,1,3.68,5.5,1.53,0.01,10.05,yellow,cash,Upper East Side South,Upper West Side North,Manhattan,Manhattan
2019-03-07 09:16:42,2019-03-07 09:32:15,1,5.74,5.2,1.19,0.0,12.89,yellow,credit card,Washington Heights South,Williamsburg (North Side),Manhattan,Brooklyn
2019-03-07 23:25:35,2019-03-07 23:37:27,1,3.56,13.78,9.44,0.01,26.5,yellow,cash,Flatiron,East Tremont,Manhattan,Bronx
2019-03-17 04:42:13,2019-03-17 04:56:08,1,2.92,9.61,0.69,0.22,15.1,yellow,credit card,Lincoln Square West,East Flushing,Manhattan,Queens
2019-03-13 04:08:29,2019-03-13 04:24:38,1,5.75,20.5,0.5,0.02,24.83,yellow,cash,Lincoln Square West,East Harlem North,Manhattan,Manhattan
2019-03-18 03:33:23,2019-03-18 03:47:04,0,0.18,12.57,1.67,0.09,13.8,yellow,credit card,Lincoln Square West,Forest Hills,Manhattan,Queens
2019-03-01 21:11:44,2019-03-01 21:26:34,1,3.42,9.8,0.13,0.19,14.42,yellow,cash,Sutton Place/Turtle Bay North,North Corona,Manhattan,Queens
2019-03-07 00:41:03,2019-03-07 00:57:01,1,5.33,15.84,2.62,0.06,20.5,yellow,credit card,Lenox Hill East,Mount Hope,Manhattan,Bronx
2019-03-12 10:41:20,2019-03-12 10:53:35,1,0.34,10.5,0.56,0.04,22.18,yellow,cash,Morningside Heights,Flatlands,Manhattan,Brooklyn
2019-03-24 04:14:14,2019-03-24 04:31:49,4,0.51,16.61,3.26,0.09,18.2,yellow,credit card,Midtown Center,West Brighton,Manhattan,Staten Island
2019-02-28 21:53:47,2019-02-28 22:06:22,3,2.1,3.9,2.36,0.13,23.01,yellow,cash,East Harlem North,Prospect-Lefferts Gardens,Manhattan,Brooklyn
2019-03-30 02:09:15,2019-03-30 02:23:32,1,4.92,3.1,0.57,0.11,22.51,yellow,credit card,Lenox Hill East,Boerum Hill,Manhattan,Brooklyn
2019-03-10 12:43:51,2019-03-10 12:59:01,1,0.84,8.1,1.3,0.52,46.87,yellow,cash,Lower East Side,JFK Airport,Manhattan,Queens
2019-03-17 10:35:36,2019-03-17 10:50:03,1,4.19,4.6,0.39,0.24,43.49,yellow,credit card,DUMBO/Vinegar Hill,Jamaica Estates,Brooklyn,Queens
2019-03-26 20:13:47,2019-03-26 20:29:40,1,10.28,7.4,1.43,0.01,15.81,yellow,cash,East Chelsea,Midtown Center,Manhattan,Manhattan
2019-03-07 21:40:58,2019-03-07 21:56:16,1,0.82,8.53,2.72,0.01,17.7,yellow,credit card,East Chelsea,Belmont,Manhattan,Bronx
2019-03-02 15:32:42,2019-03-02 15:47:05,1,2.36,7.5,1.49,0.17,13.24,yellow,cash,Erasmus,Stuy Town/Peter Cooper Village,Brooklyn,Manhattan
2019-03-02 09:34:28,2019-03-02 09:47:53,1,11.9,8.2,3.2,0.84,31.0,yellow,credit card,Queensbridge/Ravenswood,Upper East Side South,Queens,Manhattan
2019-03-31 01:55:10,2019-03-31 02:07:14,5,5.06,4.5,0.12,0.12,10.12,yellow,cash,Bedford,College Point,Brooklyn,Queens
2019-03-01 02:16:28,2019-03-01 02:32:22,1,4.47,9.39,0.45,0.11,15.1,yellow,credit card,Battery Park City,Williamsburg (North Side),Manhattan,Brooklyn
2019-03-26 12:59:07,2019-03-26 13:13:58,1,4.35,14.6,0.7,0.17,16.63,yellow,cash,Upper East Side North,Gowanus,Manhattan,Brooklyn
2019-03-28 14:08:17,2019-03-28 14:25:25,1,0.2,4.19,4.1,0.05,14.46,yellow,credit card,Penn Station/Madison Sq West,Bloomingdale,Manhattan,Manhattan
2019-03-04 21:18:01,2019-03-04 21:32:28,1,2.08,17.46,0.02,0.06,28.1,yellow,cash,Upper West Side South,East Elmhurst,Manhattan,Queens
2019-03-30 15:47:51,2019-03-30 16:02:18,5,1.15,10.95,2.6,0.37,16.7,yellow,credit card,Lenox Hill West,Kips Bay,Manhattan,Manhattan
2019-03-09 08:28:22,2019-03-09 08:42:42,4,3.78,3.3,2.16,0.03,17.31,yellow,cash,Garment District,East Harlem North,Manhattan,Manhattan
2019-03-16 08:29:06,2019-03-16 08:42:34,1,0.25,6.2,0.24,0.45,10.2,yellow,credit card,Greenwich Village North,Windsor Terrace,Manhattan,Brooklyn
2019-03-21 17:58:50,2019-03-21 18:13:34,1,4.16,6.8,0.27,0.1,24.16,yellow,cash,Clinton East,Clinton Hill,Manhattan,Brooklyn
2019-02-28 16:15:22,2019-02-28 16:30:29,1,2.8,4.5,0.49,0.34,6.56,yellow,credit card,Upper West Side South,Hudson Sq,Manhattan,Manhattan
2019-03-08 06:45:25,2019-03-08 06:59:10,1,0.83,4.29,2.6,0.26,14.77,yellow,cash,Yorkville West,Soundview/Castle Hill,Manhattan,Bronx
2019-02-28 17:58:10,2019-02-28 18:12:01,1,0.54,12.65,0.86,0.09,31.4,yellow,credit card,Battery Park City,Woodlawn/Wakefield,Manhattan,Bronx
2019-03-21 16:52:09,2019-03-21 17:05:00,4,4.64,7.5,1.1,0.02,8.4,yellow,cash,Times Sq/Theatre District,Howard Beach,Manhattan,Queens
2019-03-13 12:49:04,2019-03-13 13:04:43,1,7.86,19.4,0.39,0.05,24.9,yellow,credit card,Midtown North,Old Astoria,Manhattan,Queens
2019-03-23 18:41:59,2019-03-23 18:56:53,1,6.9,15.0,0.06,0.22,19.78,yellow,cash,Co-Op City,Elmhurst/Maspeth,Bronx,Queens
2019-03-23 11:13:00,2019-03-23 11:24:04,1,7.23,4.7,0.06,2.33,22.82,yellow,credit card,JFK Airport,Fresh Meadows,Queens,Queens
2019-03-28 02:00:30,2019-03-28 02:14:24,2,8.55,27.8,1.94,1.63,30.16,yellow,cash,North Corona,Marble Hill,Queens,Manhattan
2019-03-03 03:10:28,2019-03-03 03:24:06,1,1.28,7.2,2.13,0.07,7.88,yellow,credit card,Central Park,West Brighton,Manhattan,Staten Island
2019-03-20 20:34:11,2019-03-20 20:48:32,1,3.24,6.5,3.13,0.05,11.74,yellow,cash,Times Sq/Theatre District,TriBeCa/Civic Center,Manhattan,Manhattan
2019-03-03 09:59:31,2019-03-03 10:14:20,4,1.19,19.9,3.97,4.88,77.66,yellow,credit card,Woodside,Flatlands,Queens,Brooklyn
2019-03-31 13:01:25,2019-03-31 13:17:32,1,1.68,6.9,2.75,2.54,32.21,yellow,cash,JFK Airport,Oakland Gardens,Queens,Queens
2019-03-26 11:07:39,2019-03-26 11:23:19,1,1.12,6.81,1.5,0.08,13.6,yellow,credit card,Upper West Side South,Eastchester,Manhattan,Bronx
2019-03-30 12:10:59,2019-03-30 12:26:12,1,4.34,11.0,1.45,0.12,22.66,yellow,cash,Midtown East,Ocean Hill,Manhattan,Brooklyn
2019-03-21 16:48:27,2019-03-21 17:03:36,1,0.99,8.8,3.73,0.09,18.45,yellow,credit card,Clinton East,Cambria Heights,Manhattan,Queens
2019-03-13 23:08:15,2019-03-13 23:22:12,1,0.55,3.7,2.12,0.28,23.98,yellow,cash,Penn Station/Madison Sq West,Bronxdale,Manhattan,Bronx
2019-03-03 13:35:01,2019-03-03 13:49:07,1,0.16,10.7,6.45,0.08,13.6,yellow,credit card,Chinatown,Queens Village,Manhattan,Queens
2019-03-24 08:58:56,2019-03-24 09:13:05,5,0.18,9.55,0.39,0.63,14.6,yellow,cash,Soundview/Bruckner,Hillcrest/Pomonok,Bronx,Queens
2019-03-20 08:56:00,2019-03-20 09:10:15,1,0.04,17.2,5.84,0.04,19.28,yellow,credit card,Upper West Side North,Downtown Brooklyn/MetroTech,Manhattan,Brooklyn
2019-03-12 11:00:43,2019-03-12 11:17:38,2,1.81,11.65,5.8,0.41,21.6,yellow,cash,Central Harlem,Midtown North,Manhattan,Manhattan
2019-03-11 10:38:49,2019-03-11 10:54:14,1,4.85,12.8,2.33,0.05,19.68,yellow,credit card,Times Sq/Theatre District,East Williamsburg,Manhattan,Brooklyn
2019-03-06 03:27:53,2019-03-06 03:43:14,1,2.44,16.3,3.68,0.15,18.98,yellow,cash,East Chelsea,Melrose South,Manhattan,Bronx
2019-03-04 06:39:21,2019-03-04 06:53:57,1,1.69,6.32,4.8,0.3,16.39,yellow,credit card,Gramercy,Soundview/Bruckner,Manhattan,Bronx
2019-03-01 22:01:54,2019-03-01 22:17:36,1,0.5,12.7,1.55,0.04,16.81,yellow,cash,Union Sq,Woodside,Manhattan,Queens
2019-03-01 15:59:08,2019-03-01 16:12:13,1,4.08,7.1,0.29,0.13,23.81,yellow,credit card,SoHo,Upper West Side North,Manhattan,Manhattan
2019-03-28 04:27:30,2019-03-28 04:41:11,1,7.49,17.8,0.27,0.16,23.87,yellow,cash,Downtown Brooklyn/MetroTech,Van Nest/Morris Park,Brooklyn,Bronx
2019-03-28 13:50:05,2019-03-28 14:04:29,1,4.92,3.7,2.74,0.27,13.4,yellow,credit card,Upper West Side North,Jackson Heights,Manhattan,Queens
2019-03-27 10:39:18,2019-03-27 10:52:53,1,0.99,12.0,1.98,0.22,15.11,yellow,cash,Lenox Hill West,Sheepshead Bay,Manhattan,Brooklyn
2019-03-01 22:07:20,2019-03-01 22:22:26,2,6.39,9.2,0.36,0.23,15.32,yellow,credit card,Lincoln Square West,Jackson Heights,Manhattan,Queens
2019-03-06 12:45:13,2019-03-06 13:00:21,1,1.79,5.0,3.29,0.93,83.76,yellow,cash,Old Astoria,TriBeCa/Civic Center,Queens,Manhattan
2019-02-28 07:52:41,2019-02-28 08:06:29,1,1.52,10.7,1.67,0.18,33.51,yellow,credit card,Garment District,Williamsbridge/Olinville,Manhattan,Bronx
2019-03-22 14:59:05,2019-03-22 15:11:33,1,1.53,12.8,2.68,0.15,30.26,yellow,cash,Clinton East,Cambria Heights,Manhattan,Queens
2019-03-19 12:38:59,2019-03-19 12:50:24,1,0.6,4.47,1.41,0.9,23.3,yellow,credit card,Brooklyn Heights,Columbia Street,Brooklyn,Brooklyn
2019-03-23 20:27:37,2019-03-23 20:41:24,1,0.99,11.23,3.67,1.52,24.3,yellow,cash,JFK Airport,East New York,Queens,Brooklyn
2019-03-15 14:14:46,2019-03-15 14:29:51,1,0.54,6.9,0.86,0.02,12.24,yellow,credit card,Upper West Side North,Bedford,Manhattan,Brooklyn
2019-03-11 02:05:03,2019-03-11 02:20:01,5,1.05,7.9,0.47,0.01,33.46,yellow,cash,DUMBO/Vinegar Hill,Bensonhurst East,Brooklyn,Brooklyn
2019-03-09 00:45:18,2019-03-09 01:02:03,2,4.41,11.21,3.17,0.3,17.7,yellow,credit card,Financial District North,Little Italy/NoLiTa,Manhattan,Manhattan
2019-03-10 16:48:46,2019-03-10 17:04:45,6,5.79,19.7,0.49,0.5,61.11,yellow,cash,LaGuardia Airport,Brooklyn Heights,Queens,Brooklyn
2019-03-11 18:39:28,2019-03-11 18:54:15,3,4.62,23.16,0.03,0.6,38.1,yellow,credit card,Soundview/Castle Hill,Prospect Park,Bronx,Brooklyn
2019-03-06 04:29:27,2019-03-06 04:43:26,1,7.17,7.88,5.63,0.21,24.9,yellow,cash,East Harlem South,Two Bridges/Seward Park,Manhattan,Manhattan
2019-03-01 08:46:20,2019-03-01 09:00:55,0,1.08,6.3,1.36,0.01,14.1,yellow,credit card,Midtown South,Midtown North,Manhattan,Manhattan
2019-03-20 07:28:39,2019-03-20 07:41:59,1,3.46,4.3,1.04,0.01,18.17,yellow,cash,East Village,Cobble Hill,Manhattan,Brooklyn
2019-03-22 23:27:26,2019-03-22 23:42:10,1,0.44,6.6,2.46,0.24,22.39,yellow,credit card,Lenox Hill East,Cambria Heights,Manhattan,Queens
2019-03-05 17:34:17,2019-03-05 17:48:59,1,4.14,9.74,1.42,0.26,12.4,yellow,cash,Murray Hill,East Concourse/Concourse Village,Manhattan,Bronx
2019-03-02 14:18:54,2019-03-02 14:33:09,1,2.19,4.36,4.3,0.04,25.45,yellow,credit card,Times Sq/Theatre District,Highbridge,Manhattan,Bronx
2019-03-13 02:05:08,2019-03-13 02:18:13,1,7.13,6.5,1.62,0.06,20.48,yellow,cash,Starrett City,Elmhurst/Maspeth,Brooklyn,Queens
2019-03-13 08:51:54,2019-03-13 09:04:38,1,1.96,38.7,0.77,1.11,53.61,yellow,credit card,Jackson Heights,Midwood,Queens,Brooklyn
2019-03-28 21:34:18,2019-03-28 21:52:29,1,1.98,8.5,1.61,0.09,11.59,yellow,cash,Little Italy/NoLiTa,West Concourse,Manhattan,Bronx
2019-03-25 00:30:59,2019-03-25 00:45:02,2,2.52,6.4,2.09,0.02,12.24,yellow,credit card,Murray Hill,Stuy Town/Peter Cooper Village,Manhattan,Manhattan
2019-03-10 07:53:19,2019-03-10 08:08:01,1,0.92,10.1,4.41,0.15,19.62,yellow,cash,Union Sq,Lincoln Square East,Manhattan,Manhattan
2019-03-17 03:20:37,2019-03-17 03:33:59,1,3.24,3.3,0.18,0.36,19.73,yellow,credit card,Yorkville East,East Harlem South,Manhattan,Manhattan
2019-03-25 22:16:28,2019-03-25 22:30:49,1,7.95,5.6,4.34,0.22,16.52,yellow,cash,East Harlem South,Stuyvesant Heights,Manhattan,Brooklyn
2019-03-28 14:57:30,2019-03-28 15:10:42,1,5.04,8.09,0.02,0.24,14.4,yellow,credit card,East Concourse/Concourse Village,West Village,Bronx,Manhattan
2019-03-19 12:48:26,2019-03-19 13:04:00,1,4.3,5.4,3.47,0.32,30.52,yellow,cash,Gramercy,Manhattan Valley,Manhattan,Manhattan
2019-03-28 09:43:16,2019-03-28 09:57:58,3,2.85,4.9,1.4,0.01,10.66,yellow,credit card,West Chelsea/Hudson Yards,Riverdale/North Riverdale/Fieldston,Manhattan,Bronx
2019-03-29 00:55:47,2019-03-29 01:10:20,2,5.38,10.28,9.3,0.41,11.41,yellow,cash,Long Island City/Hunters Point,East Tremont,Queens,Bronx
2019-03-04 13:48:55,2019-03-04 14:02:52,1,22.41,17.9,2.73,0.3,73.59,yellow,credit card,Richmond Hill,West Concourse,Queens,Bronx
2019-03-02 11:56:12,2019-03-02 12:11:33,1,6.06,6.7,1.2,0.03,14.65,yellow,cash,Yorkville West,Downtown Brooklyn/MetroTech,Manhattan,Brooklyn
2019-03-06 03:23:37,2019-03-06 03:38:50,1,0.52,10.7,1.58,0.12,26.81,yellow,credit card,Union Sq,Cypress Hills,Manhattan,Brooklyn
2019-03-13 05:43:58,2019-03-13 05:58:40,2,0.63,8.2,1.35,0.13,19.37,yellow,cash,UN/Turtle Bay South,Randalls Island,Manhattan,Manhattan
2019-03-03 17:59:40,2019-03-03 18:15:12,1,3.5,4.7,3.26,0.16,24.19,yellow,credit card,West Village,Lincoln Square West,Manhattan,Manhattan
2019-03-20 23:17:54,2019-03-20 23:31:07,1,1.53,3.5,1.15,0.11,13.14,yellow,cash,Penn Station/Madison Sq West,Upper West Side North,Manhattan,Manhattan
2019-03-13 09:52:32,2019-03-13 10:07:37,2,4.47,32.4,0.36,0.04,75.8,yellow,credit card,Long Island City/Hunters Point,Howard Beach,Queens,Queens
2019-03-05 02:22:10,2019-03-05 02:35:33,5,6.44,16.9,7.26,1.11,36.44,yellow,cash,Murray Hill-Queens,Sheepshead Bay,Queens,Brooklyn
2019-03-03 05:34:26,2019-03-03 05:51:38,1,4.06,9.83,2.82,0.58,19.9,yellow,credit card,Boerum Hill,West Village,Brooklyn,Manhattan
2019-03-20 09:06:13,2019-03-20 09:22:53,0,4.6,10.56,0.67,0.18,32.0,yellow,cash,Midtown East,Lincoln Square West,Manhattan,Manhattan
2019-03-11 14:34:23,2019-03-11 14:51:21,1,0.45,9.6,3.56,0.38,13.55,yellow,credit card,Lincoln Square East,Lenox Hill West,Manhattan,Manhattan
2019-03-20 15:39:01,2019-03-20 15:52:44,1,0.06,12.9,3.73,0.2,16.92,yellow,cash,Sutton Place/Turtle Bay North,Boerum Hill,Manhattan,Brooklyn
2019-03-26 06:12:29,2019-03-26 06:25:31,2,9.42,6.74,0.24,3.1,10.2,yellow,credit card,LaGuardia Airport,Woodhaven,Queens,Queens
2019-03-21 01:37:54,2019-03-21 01:51:04,1,2.27,8.6,0.52,0.06,26.54,yellow,cash,East Chelsea,Carroll Gardens,Manhattan,Brooklyn
2019-03-19 08:08:36,2019-03-19 08:23:28,3,4.0,10.8,0.34,1.08,26.4,yellow,credit card,JFK Airport,Ridgewood,Queens,Queens
2019-03-26 04:29:32,2019-03-26 04:44:48,1,1.18,4.8,2.96,0.03,17.48,yellow,cash,Battery Park City,Alphabet City,Manhattan,Manhattan
2019-03-26 01:40:57,2019-03-26 01:56:27,1,0.89,7.7,1.54,0.51,23.35,yellow,credit card,West Village,Cypress Hills,Manhattan,Brooklyn
2019-03-14 19:51:28,2019-03-14 20:05:40,1,2.89,6.7,2.54,0.34,15.42,yellow,cash,Financial District North,Baisley Park,Manhattan,Queens
2019-03-23 16:47:04,2019-03-23 16:59:12,1,4.13,13.23,1.2,0.49,15.0,yellow,credit card,Boerum Hill,Maspeth,Brooklyn,Queens
2019-03-07 06:10:16,2019-03-07 06:24:59,2,0.29,12.91,2.02,0.08,13.4,yellow,cash,Greenwich Village North,Ocean Hill,Manhattan,Brooklyn
2019-03-15 08:38:43,2019-03-15 08:54:00,2,0.63,5.8,3.24,0.13,13.19,yellow,credit card,Upper West Side South,Oakland Gardens,Manhattan,Queens
2019-03-03 08:01:00,2019-03-03 08:16:00,1,1.26,11.0,0.06,0.16,14.35,yellow,cash,Upper East Side South,Greenwich Village South,Manhattan,Manhattan
2019-03-11 03:08:04,2019-03-11 03:20:52,6,2.57,15.0,1.9,0.35,39.96,yellow,credit card,Lenox Hill East,Long Island City/Queens Plaza,Manhattan,Queens
2019-03-22 10:24:22,2019-03-22 10:37:02,1,0.93,3.6,0.49,0.08,35.45,yellow,cash,Downtown Brooklyn/MetroTech,Howard Beach,Brooklyn,Queens
2019-03-12 12:57:07,2019-03-12 13:10:30,1,0.85,13.07,0.04,0.22,16.0,yellow,credit card,Gramercy,Midtown Center,Manhattan,Manhattan
2019-03-21 09:34:28,2019-03-21 09:48:38,1,0.91,2.5,0.17,0.32,4.62,yellow,cash,Park Slope,East New York,Brooklyn,Brooklyn
2019-03-28 04:56:03,2019-03-28 05:08:56,1,0.0,25.4,4.14,1.45,53.63,yellow,credit card,LaGuardia Airport,Gowanus,Queens,Brooklyn
2019-03-17 09:27:51,2019-03-17 09:42:41,1,0.17,3.4,0.24,0.34,12.89,yellow,cash,Yorkville East,Jamaica,Manhattan,Queens
2019-03-18 19:04:27,2019-03-18 19:19:45,1,2.29,15.06,5.03,0.38,19.0,yellow,credit card,Upper East Side South,West Brighton,Manhattan,Staten Island
2019-03-22 11:08:27,2019-03-22 11:21:16,6,1.82,15.5,0.79,0.22,39.83,yellow,cash,Williamsburg (South Side),Mount Hope,Brooklyn,Bronx
2019-03-11 05:09:39,2019-03-11 05:24:38,2,0.2,6.5,3.81,0.15,11.8,yellow,credit card,East Harlem North,Upper East Side North,Manhattan,Manhattan
2019-03-07 07:12:18,2019-03-07 07:25:52,1,5.85,3.4,0.16,0.05,21.46,yellow,cash,Meatpacking/West Village West,Bedford Park,Manhattan,Bronx
2019-03-12 22:26:26,2019-03-12 22:40:23,1,2.62,8.8,3.33,0.14,26.65,yellow,credit card,West Chelsea/Hudson Yards,Garment District,Manhattan,Manhattan
2019-03-11 08:44:35,2019-03-11 08:59:19,1,2.97,6.4,0.04,0.98,27.67,yellow,cash,Belmont,Lower East Side,Bronx,Manhattan
2019-03-11 07:55:25,2019-03-11 08:10:37,1,0.23,4.9,0.51,0.78,11.16,yellow,credit card,Penn Station/Madison Sq West,East New York,Manhattan,Brooklyn
2019-03-07 14:25:45,2019-03-07 14:39:57,1,0.11,6.4,0.74,0.53,23.03,yellow,cash,Battery Park City,Midtown North,Manhattan,Manhattan
2019-03-14 13:42:51,2019-03-14 13:57:17,1,3.73,18.59,1.57,0.05,22.7,yellow,credit card,Union Sq,Crotona Park East,Manhattan,Bronx
2019-03-31 09:32:29,2019-03-31 09:43:28,1,0.01,8.7,0.43,0.28,13.53,yellow,cash,Times Sq/Theatre District,West Village,Manhattan,Manhattan
2019-03-01 15:09:07,2019-03-01 15:23:15,6,2.2,6.9,0.07,0.06,13.48,yellow,credit card,Yorkville East,University Heights/Morris Heights,Manhattan,Bronx
2019-03-28 18:40:01,2019-03-28 18:55:23,1,0.19,4.69,0.49,0.01,6.7,yellow,cash,East Harlem South,South Ozone Park,Manhattan,Queens
2019-03-05 08:07:08,2019-03-05 08:19:59,1,25.21,36.13,2.43,2.98,38.0,yellow,credit card,LaGuardia Airport,Stapleton,Queens,Staten Island
2019-03-28 15:50:10,2019-03-28 16:04:00,1,0.38,14.95,0.58,0.32,21.5,yellow,cash,Upper West Side South,Midtown South,Manhattan,Manhattan
2019-02-28 12:31:33,2019-02-28 12:46:17,3,5.23,9.6,1.13,0.01,23.24,yellow,credit card,Penn Station/Madison Sq West,West Brighton,Manhattan,Staten Island
2019-03-15 00:37:36,2019-03-15 00:51:44,2,1.73,16.6,0.98,0.13,17.89,yellow,cash,Clinton East,LaGuardia Airport,Manhattan,Queens
2019-03-19 17:59:16,2019-03-19 18:13:26,1,2.61,4.2,1.14,0.26,15.62,yellow,credit card,Midtown North,Union Sq,Manhattan,Manhattan
2019-03-13 20:02:53,2019-03-13 20:17:33,1,2.27,12.82,1.66,0.98,17.7,yellow,cash,Williamsburg (North Side),Sunset Park West,Brooklyn,Brooklyn
2019-03-24 17:44:26,2019-03-24 17:59:31,1,11.55,9.1,2.71,1.75,34.88,yellow,credit card,Elmhurst,Cambria Heights,Queens,Queens
2019-03-27 13:45:43,2019-03-27 14:02:47,1,0.89,9.5,3.45,0.29,40.6,yellow,cash,Gramercy,Manhattanville,Manhattan,Manhattan
2019-03-11 10:16:47,2019-03-11 10:30:19,1,8.5,6.5,1.62,0.2,17.84,yellow,credit card,Clinton East,Clinton Hill,Manhattan,Brooklyn
2019-03-07 02:31:06,2019-03-07 02:42:49,1,1.38,13.5,0.25,2.0,21.21,yellow,cash,LaGuardia Airport,Stuyvesant Heights,Queens,Brooklyn
2019-03-31 05:38:08,2019-03-31 05:51:34,2,2.54,13.89,2.24,0.22,20.8,yellow,credit card,Flatiron,Woodside,Manhattan,Queens
2019-03-18 21:18:11,2019-03-18 21:33:18,1,1.38,4.07,2.84,0.02,21.0,yellow,cash,Midtown Center,World Trade Center,Manhattan,Manhattan
2019-03-30 15:18:52,2019-03-30 15:34:54,1,4.24,12.5,1.07,0.19,38.02,yellow,credit card,Upper West Side North,Forest Hills,Manhattan,Queens
2019-03-19 06:26:53,2019-03-19 06:39:40,1,1.1,10.3,1.23,0.05,22.57,yellow,cash,Midtown South,Flushing,Manhattan,Queens
2019-03-06 21:04:46,2019-03-06 21:21:07,3,1.99,4.5,0.78,0.05,19.65,yellow,credit card,Lenox Hill East,Elmhurst,Manhattan,Queens
2019-03-16 23:46:07,2019-03-16 23:57:59,1,3.99,11.27,1.14,0.99,45.1,yellow,cash,LaGuardia Airport,Riverdale/North Riverdale/Fieldston,Queens,Bronx
2019-03-04 06:33:11,2019-03-04 06:46:25,1,3.49,8.95,4.08,0.01,9.5,yellow,credit card,Little Italy/NoLiTa,East Flatbush/Remsen Village,Manhattan,Brooklyn
2019-03-13 20:56:28,2019-03-13 21:10:25,1,1.57,6.02,1.68,0.19,9.1,yellow,cash,Yorkville West,Soundview/Bruckner,Manhattan,Bronx
2019-03-21 00:18:00,2019-03-21 00:31:03,1,1.77,7.8,0.76,0.12,23.89,yellow,credit card,Clinton East,Astoria,Manhattan,Queens
2019-03-23 20:15:36,2019-03-23 20:30:36,1,2.6,5.1,3.17,0.24,11.0,yellow,cash,Washington Heights South,Murray Hill-Queens,Manhattan,Queens
2019-03-21 21:14:42,2019-03-21 21:29:48,1,6.12,14.7,7.33,0.07,23.83,yellow,credit card,East Village,Randalls Island,Manhattan,Manhattan
2019-03-19 11:32:42,2019-03-19 11:45:44,1,3.86,5.52,4.9,2.15,33.24,yellow,cash,Springfield Gardens North,Woodlawn/Wakefield,Queens,Bronx
2019-03-11 22:35:12,2019-03-11 22:47:34,1,6.47,9.4,2.21,1.69,12.9,yellow,credit card,Jackson Heights,Williamsbridge/Olinville,Queens,Bronx
2019-03-09 16:30:26,2019-03-09 16:43:07,1,2.95,11.4,4.69,0.44,24.48,yellow,cash,East Chelsea,Soundview/Bruckner,Manhattan,Bronx
2019-02-28 22:35:54,2019-02-28 22:50:10,1,4.58,14.4,0.06,0.04,17.97,yellow,credit card,Upper West Side South,Crown Heights North,Manhattan,Brooklyn
2019-03-10 15:50:31,2019-03-10 16:02:44,6,0.32,6.56,1.09,0.05,13.6,yellow,cash,Upper West Side South,East Flatbush/Remsen Village,Manhattan,Brooklyn
2019-03-22 03:02:20,2019-03-22 03:19:53,1,27.45,23.53,2.94,1.02,94.7,yellow,credit card,Queensbridge/Ravenswood,Manhattanville,Queens,Manhattan
2019-03-23 18:41:19,2019-03-23 18:54:25,1,0.84,7.0,1.83,0.53,16.96,yellow,cash,East Harlem South,Briarwood/Jamaica Hills,Manhattan,Queens
2019-03-09 09:28:35,2019-03-09 09:44:45,1,5.52,5.9,0.14,0.06,18.64,yellow,credit card,Stuy Town/Peter Cooper Village,Alphabet City,Manhattan,Manhattan
2019-03-20 11:08:27,2019-03-20 11:22:06,1,1.63,5.8,4.89,0.1,15.8,yellow,cash,Garment District,Belmont,Manhattan,Bronx
2019-03-27 13:17:34,2019-03-27 13:29:45,1,1.09,6.6,0.89,0.67,12.6,yellow,credit card,Erasmus,Midwood,Brooklyn,Brooklyn
2019-03-29 07:04:04,2019-03-29 07:19:38,1,1.08,7.18,7.0,0.15,14.21,yellow,cash,Meatpacking/West Village West,Allerton/Pelham Gardens,Manhattan,Bronx
2019-03-02 01:39:02,2019-03-02 01:53:25,1,4.53,9.17,3.11,0.08,10.2,yellow,credit card,Midtown East,Inwood,Manhattan,Manhattan
2019-03-22 18:31:37,2019-03-22 18:45:56,1,4.1,8.8,0.21,0.0,12.87,yellow,cash,UN/Turtle Bay South,Upper West Side South,Manhattan,Manhattan
2019-03-22 00:28:03,2019-03-22 00:43:43,1,2.78,17.0,0.01,0.98,48.87,yellow,credit card,East Concourse/Concourse Village,Kew Gardens,Bronx,Queens
2019-03-02 13:18:22,2019-03-02 13:32:13,1,7.36,11.24,1.55,1.29,55.4,yellow,cash,Astoria,Mount Hope,Queens,Bronx
2019-03-20 03:35:31,2019-03-20 03:50:38,1,0.12,5.23,1.5,0.2,10.4,yellow,credit card,Midtown North,Midtown South,Manhattan,Manhattan
2019-03-25 18:11:57,2019-03-25 18:27:22,2,1.4,8.3,0.08,0.17,23.15,yellow,cash,Union Sq,Columbia Street,Manhattan,Brooklyn
2019-03-10 08:04:09,2019-03-10 08:19:28,1,5.25,11.0,2.32,0.04,16.94,yellow,credit card,Gramercy,East Flatbush/Remsen Village,Manhattan,Brooklyn
2019-03-02 22:28:54,2019-03-02 22:42:58,1,1.45,9.02,4.06,0.43,27.8,yellow,cash,Upper East Side South,Two Bridges/Seward Park,Manhattan,Manhattan
2019-03-01 02:44:27,2019-03-01 02:56:51,1,7.01,9.9,3.6,0.64,14.8,yellow,credit card,LaGuardia Airport,Gravesend,Queens,Brooklyn
2019-03-19 01:03:27,2019-03-19 01:16:31,1,0.18,9.8,3.22,0.17,30.5,yellow,cash,East Village,West Concourse,Manhattan,Bronx
2019-03-22 09:02:24,2019-03-22 09:17:11,1,0.56,18.52,4.18,0.21,19.1,yellow,credit card,Yorkville West,Kew Gardens Hills,Manhattan,Queens
2019-03-11 12:21:38,2019-03-11 12:34:24,2,3.25,3.43,3.1,0.21,7.31,yellow,cash,Upper West Side South,Carroll Gardens,Manhattan,Brooklyn
2019-03-17 12:24:16,2019-03-17 12:38:33,2,1.71,16.3,4.28,0.07,19.87,yellow,credit card,Penn Station/Madison Sq West,Madison,Manhattan,Brooklyn
2019-03-15 22:39:51,2019-03-15 22:51:34,2,0.04,7.54,3.12,0.08,12.1,yellow,cash,Upper East Side South,East Williamsburg,Manhattan,Brooklyn
2019-03-31 07:01:04,2019-03-31 07:16:46,1,3.79,15.5,0.4,0.02,21.34,yellow,credit card,Lenox Hill West,Midtown Center,Manhattan,Manhattan
2019-03-19 14:26:32,2019-03-19 14:41:36,1,10.89,8.9,0.48,0.09,11.53,yellow,cash,West Village,Little Italy/NoLiTa,Manhattan,Manhattan
2019-03-22 15:08:52,2019-03-22 15:23:08,2,2.97,5.1,2.16,0.04,15.92,yellow,credit card,Union Sq,Van Cortlandt Village,Manhattan,Bronx
2019-02-28 13:44:43,2019-02-28 13:56:36,2,0.21,27.62,4.03,0.25,35.1,yellow,cash,JFK Airport,Brighton Beach,Queens,Brooklyn
2019-03-23 09:08:01,2019-03-23 09:21:24,1,5.52,12.16,1.75,0.21,13.2,yellow,credit card,Yorkville West,Baisley Park,Manhattan,Queens
2019-03-20 12:35:42,2019-03-20 12:49:30,1,2.48,10.23,3.32,0.24,16.5,yellow,cash,Gramercy,Van Nest/Morris Park,Manhattan,Bronx
2019-03-11 10:12:33,2019-03-11 10:25:02,1,0.75,8.3,0.02,0.12,16.89,yellow,credit card,Lenox Hill East,Gowanus,Manhattan,Brooklyn
2019-03-09 13:40:29,2019-03-09 13:54:51,5,5.4,5.6,1.6,0.23,10.54,yellow,cash,Bushwick South,North Corona,Brooklyn,Queens
2019-03-27 18:28:03,2019-03-27 18:43:11,1,1.88,5.3,0.11,0.0,16.01,yellow,credit card,UN/Turtle Bay South,Hillcrest/Pomonok,Manhattan,Queens
2019-03-19 20:47:38,2019-03-19 21:01:11,1,1.02,12.4,0.09,0.0,13.02,yellow,cash,Clinton East,Queens Village,Manhattan,Queens
2019-03-22 13:47:37,2019-03-22 14:02:07,1,9.5,45.79,1.44,0.63,52.4,yellow,credit card,Forest Hills,Meatpacking/West Village West,Queens,Manhattan
2019-03-30 10:47:24,2019-03-30 11:02:54,1,1.91,5.81,0.59,0.18,5.9,yellow,cash,Upper East Side North,Middle Village,Manhattan,Queens
2019-03-25 17:49:39,2019-03-25 18:05:20,1,11.88,4.94,1.44,3.8,30.51,yellow,credit card,LaGuardia Airport,Jamaica Estates,Queens,Queens
2019-03-07 18:18:39,2019-03-07 18:34:37,1,0.28,5.4,2.05,0.07,11.53,yellow,cash,West Village,South Williamsburg,Manhattan,Brooklyn
2019-03-22 20:03:38,2019-03-22 20:16:36,1,2.62,10.2,2.62,0.21,12.77,yellow,credit card,Lincoln Square East,Financial District South,Manhattan,Manhattan
2019-03-27 12:15:16,2019-03-27 12:31:13,1,0.13,8.1,2.37,2.55,85.54,yellow,cash,JFK Airport,Red Hook,Queens,Brooklyn
2019-03-02 11:19:24,2019-03-02 11:32:23,1,16.31,4.3,0.26,0.15,10.7,yellow,credit card,Jackson Heights,Midtown Center,Queens,Manhattan
2019-03-03 14:25:13,2019-03-03 14:38:31,2,1.01,6.64,0.54,0.12,10.0,yellow,cash,Midtown East,Penn Station/Madison Sq West,Manhattan,Manhattan
2019-03-10 04:31:07,2019-03-10 04:47:32,1,2.45,5.3,5.07,0.16,8.2,yellow,credit card,SoHo,Park Slope,Manhattan,Brooklyn
2019-03-11 06:07:53,2019-03-11 06:21:45,1,8.83,31.25,0.15,0.37,43.0,yellow,cash,Highbridge,Fort Greene,Bronx,Brooklyn
2019-03-19 06:05:35,2019-03-19 06:18:11,2,4.06,10.61,0.63,0.06,11.6,yellow,credit card,Morningside Heights,Two Bridges/Seward Park,Manhattan,Manhattan
2019-02-28 02:30:14,2019-02-28 02:42:18,1,0.69,8.6,0.17,0.04,18.04,yellow,cash,Greenwich Village North,Glendale,Manhattan,Queens
2019-03-18 03:34:30,2019-03-18 03:49:13,1,11.32,5.29,0.27,0.02,31.2,yellow,credit card,Soundview/Castle Hill,Murray Hill-Queens,Bronx,Queens
2019-03-24 13:30:58,2019-03-24 13:45:19,5,0.64,7.2,0.73,0.27,15.58,yellow,cash,Midtown South,East Flatbush/Remsen Village,Manhattan,Brooklyn
2019-03-11 22:13:06,2019-03-11 22:29:14,1,1.11,2.5,0.21,0.07,6.77,yellow,credit card,Times Sq/Theatre District,Downtown Brooklyn/MetroTech,Manhattan,Brooklyn
2019-03-20 13:37:08,2019-03-20 13:50:37,1,2.93,8.92,2.6,0.03,37.69,yellow,cash,Garment District,Stuy Town/Peter Cooper Village,Manhattan,Manhattan
2019-03-28 20:01:40,2019-03-28 20:17:39,1,0.54,4.7,1.38,0.03,18.34,yellow,credit card,Clinton East,East Chelsea,Manhattan,Manhattan
2019-03-19 12:19:51,2019-03-19 12:34:14,2,1.41,7.0,1.39,0.08,7.13,yellow,cash,Upper West Side South,Long Island City/Hunters Point,Manhattan,Queens
2019-03-12 07:12:04,2019-03-12 07:26:04,2,9.01,20.5,0.64,0.71,66.3,yellow,credit card,North Corona,Highbridge,Queens,Bronx
2019-03-08 01:40:37,2019-03-08 01:55:10,6,4.96,3.8,0.38,0.7,13.71,yellow,cash,Midtown East,Kew Gardens,Manhattan,Queens
2019-03-31 14:55:08,2019-03-31 15:07:58,5,3.51,10.1,0.34,0.24,17.11,yellow,credit card,East Harlem North,Carroll Gardens,Manhattan,Brooklyn
2019-03-31 10:25:25,2019-03-31 10:41:45,1,2.91,8.3,0.96,0.13,30.8,yellow,cash,Upper West Side South,Bath Beach,Manhattan,Brooklyn
2019-03-05 05:00:22,2019-03-05 05:13:22,1,1.92,9.01,0.7,0.0,10.1,yellow,credit card,Union Sq,South Jamaica,Manhattan,Queens
2019-03-24 23:34:51,2019-03-24 23:48:13,1,4.7,5.3,1.0,0.29,9.24,yellow,cash,West Chelsea/Hudson Yards,Bayside,Manhattan,Queens
2019-03-11 07:47:31,2019-03-11 08:02:42,1,3.66,7.6,0.83,0.0,23.25,yellow,credit card,Kips Bay,University Heights/Morris Heights,Manhattan,Bronx
2019-03-18 00:51:14,2019-03-18 01:06:12,1,2.75,9.3,2.05,0.0,34.5,yellow,cash,East Village,Kew Gardens,Manhattan,Queens
2019-03-26 03:53:55,2019-03-26 04:08:54,2,0.13,4.0,1.2,0.2,28.48,yellow,credit card,Lenox Hill East,Midwood,Manhattan,Brooklyn
2019-03-13 19:29:08,2019-03-13 19:45:18,3,3.58,4.59,3.7,0.15,19.49,yellow,cash,SoHo,Soundview/Bruckner,Manhattan,Bronx
2019-03-17 15:52:34,2019-03-17 16:07:21,1,0.88,9.0,2.02,0.07,25.58,yellow,credit card,East Chelsea,Battery Park,Manhattan,Manhattan
2019-03-21 07:07:20,2019-03-21 07:22:35,1,4.14,18.9,2.6,0.12,20.78,yellow,cash,Central Harlem North,Glendale,Manhattan,Queens
2019-03-09 20:28:11,2019-03-09 20:41:11,1,0.1,3.6,0.45,0.27,13.07,yellow,credit card,TriBeCa/Civic Center,Greenwich Village South,Manhattan,Manhattan
2019-03-11 15:58:49,2019-03-11 16:12:50,1,0.4,8.5,0.69,0.0,19.11,yellow,cash,Lincoln Square East,Crown Heights South,Manhattan,Brooklyn
2019-03-29 20:07:29,2019-03-29 20:22:08,5,2.37,8.9,0.29,0.02,18.69,yellow,credit card,Midtown North,Cypress Hills,Manhattan,Brooklyn
2019-03-12 11:38:07,2019-03-12 11:50:19,1,0.36,11.7,1.47,0.03,13.07,yellow,cash,East Village,UN/Turtle Bay South,Manhattan,Manhattan
2019-02-28 00:23:41,2019-02-28 00:36:52,1,0.28,8.6,0.72,0.12,18.9,yellow,credit card,East Village,Bushwick North,Manhattan,Brooklyn
2019-03-19 09:54:55,2019-03-19 10:09:07,1,4.66,12.1,0.37,0.05,21.67,yellow,cash,Penn Station/Madison Sq West,Homecrest,Manhattan,Brooklyn
2019-03-05 00:29:10,2019-03-05 00:44:16,1,4.53,5.3,1.27,0.13,27.55,yellow,credit card,Greenwich Village South,Midtown Center,Manhattan,Manhattan
2019-03-25 04:15:14,2019-03-25 04:30:53,1,0.01,4.4,0.81,0.07,28.71,yellow,cash,Union Sq,Central Harlem North,Manhattan,Manhattan
2019-03-09 07:56:33,2019-03-09 08:10:12,3,2.14,5.1,0.47,0.11,30.87,yellow,credit card,Greenwich Village South,East Village,Manhattan,Manhattan
2019-03-12 12:18:33,2019-03-12 12:32:11,1,8.4,9.9,0.1,0.01,44.58,yellow,cash,Fort Greene,East Flatbush/Farragut,Brooklyn,Brooklyn
2019-02-28 10:08:57,2019-02-28 10:21:30,1,0.51,15.01,2.24,0.09,20.3,yellow,credit card,Williamsburg (South Side),West Concourse,Brooklyn,Bronx
2019-03-07 13:18:45,2019-03-07 13:32:04,1,0.37,19.9,0.9,0.01,24.15,yellow,cash,Upper East Side South,Manhattan Beach,Manhattan,Brooklyn
2019-02-28 01:34:03,2019-02-28 01:48:16,2,2.39,26.61,2.36,2.65,57.8,yellow,credit card,JFK Airport,Little Italy/NoLiTa,Queens,Manhattan
2019-03-18 15:35:41,2019-03-18 15:50:12,1,2.47,11.45,0.64,0.07,28.5,yellow,cash,Times Sq/Theatre District,JFK Airport,Manhattan,Queens
2019-03-16 03:44:11,2019-03-16 03:57:50,1,1.47,24.9,2.41,0.01,37.43,yellow,credit card,Lenox Hill East,Bensonhurst East,Manhattan,Brooklyn
2019-03-04 07:51:50,2019-03-04 08:08:00,1,6.6,5.8,0.7,0.06,21.1,yellow,cash,Midtown North,Old Astoria,Manhattan,Queens
2019-03-17 10:57:25,2019-03-17 11:13:18,1,1.22,9.6,2.14,0.13,20.96,yellow,credit card,Midwood,Baisley Park,Brooklyn,Queens
2019-03-22 20:36:10,2019-03-22 20:50:14,1,3.41,8.34,1.39,0.16,30.7,yellow,cash,Upper East Side North,Financial District North,Manhattan,Manhattan
2019-03-16 04:24:20,2019-03-16 04:40:02,1,6.15,9.7,0.0,0.14,18.47,yellow,credit card,Boerum Hill,Mount Hope,Brooklyn,Bronx
2019-03-18 08:06:58,2019-03-18 08:21:40,5,1.14,8.99,3.09,0.3,12.8,yellow,cash,Kips Bay,Richmond Hill,Manhattan,Queens
2019-03-15 21:02:25,2019-03-15 21:16:21,1,0.82,9.3,0.87,0.02,23.63,yellow,credit card,Kips Bay,Fort Greene,Manhattan,Brooklyn
2019-03-17 20:29:16,2019-03-17 20:41:51,1,1.17,6.2,0.0,0.1,9.24,yellow,cash,Upper West Side North,Homecrest,Manhattan,Brooklyn
2019-03-20 23:36:09,2019-03-20 23:49:16,1,3.92,16.2,0.83,0.3,35.68,yellow,credit card,Carroll Gardens,Stuy Town/Peter Cooper Village,Brooklyn,Manhattan
2019-03-22 15:07:23,2019-03-22 15:21:38,1,1.5,14.4,4.45,0.07,21.7,yellow,cash,Lenox Hill West,Flatlands,Manhattan,Brooklyn
2019-03-19 09:20:18,2019-03-19 09:32:39,2,7.88,2.3,0.04,0.39,16.03,yellow,credit card,Fort Greene,Inwood,Brooklyn,Manhattan
2019-03-07 20:00:25,2019-03-07 20:13:09,1,0.7,7.2,3.21,0.12,19.36,yellow,cash,Midtown North,East Williamsburg,Manhattan,Brooklyn
2019-03-05 18:46:31,2019-03-05 19:00:52,2,0.61,6.8,3.53,0.07,14.7,yellow,credit card,Meatpacking/West Village West,Carroll Gardens,Manhattan,Brooklyn
2019-03-08 16:15:43,2019-03-08 16:27:52,1,0.31,19.8,1.69,0.34,27.95,yellow,cash,Midtown North,Kips Bay,Manhattan,Manhattan
2019-03-30 15:11:28,2019-03-30 15:23:36,1,0.33,11.34,3.01,0.32,14.7,yellow,credit card,Seaport,Bensonhurst East,Manhattan,Brooklyn
2019-03-02 04:24:04,2019-03-02 04:39:06,1,1.34,8.5,1.23,0.12,18.89,yellow,cash,Penn Station/Madison Sq West,Battery Park,Manhattan,Manhattan
2019-03-04 19:56:47,2019-03-04 20:09:45,1,0.98,17.2,2.42,0.28,17.5,yellow,credit card,Manhattan Valley,Madison,Manhattan,Brooklyn
2019-03-08 05:46:57,2019-03-08 06:00:46,1,3.66,28.0,0.5,0.21,29.67,yellow,cash,Downtown Brooklyn/MetroTech,Prospect Heights,Brooklyn,Brooklyn
2019-03-09 06:27:21,2019-03-09 06:42:39,2,3.24,9.8,0.17,0.08,25.79,yellow,credit card,TriBeCa/Civic Center,Yorkville West,Manhattan,Manhattan
2019-03-24 04:25:06,2019-03-24 04:41:21,1,4.0,9.39,0.04,0.02,10.6,yellow,cash,Penn Station/Madison Sq West,East Harlem North,Manhattan,Manhattan
2019-03-28 11:14:30,2019-03-28 11:29:29,1,0.23,10.4,0.08,0.12,10.96,yellow,credit card,Penn Station/Madison Sq West,Greenwich Village North,Manhattan,Manhattan
2019-03-10 23:27:23,2019-03-10 23:41:25,2,0.15,7.1,0.06,0.12,15.06,yellow,cash,Garment District,Van Cortlandt Village,Manhattan,Bronx
2019-03-03 02:34:35,2019-03-03 02:47:09,6,6.48,19.1,0.3,0.09,45.25,yellow,credit card,Greenpoint,Jamaica Estates,Brooklyn,Queens
2019-03-30 22:01:17,2019-03-30 22:13:50,1,9.19,3.1,2.92,1.33,29.37,yellow,cash,Long Island City/Hunters Point,Inwood Hill Park,Queens,Manhattan
2019-03-08 02:10:49,2019-03-08 02:26:48,6,0.61,11.6,4.56,0.1,21.09,yellow,credit card,Lower East Side,Soundview/Castle Hill,Manhattan,Bronx
2019-03-20 23:17:58,2019-03-20 23:33:59,1,0.25,4.4,3.0,0.12,8.43,yellow,cash,Sutton Place/Turtle Bay North,Flushing Meadows-Corona Park,Manhattan,Queens
2019-03-17 12:41:20,2019-03-17 12:55:16,1,1.27,10.4,0.05,0.4,12.77,yellow,credit card,Times Sq/Theatre District,Hudson Sq,Manhattan,Manhattan
2019-03-21 20:11:31,2019-03-21 20:27:21,6,23.06,25.08,4.1,3.28,37.5,yellow,cash,JFK Airport,Brownsville,Queens,Brooklyn
2019-03-20 09:49:30,2019-03-20 10:03:36,2,3.65,7.8,1.61,0.4,14.31,yellow,credit card,Lincoln Square East,Crown Heights South,Manhattan,Brooklyn
2019-03-26 11:36:19,2019-03-26 11:51:01,1,1.91,21.13,2.64,0.01,23.9,yellow,cash,Clinton East,Murray Hill-Queens,Manhattan,Queens
2019-03-10 03:07:11,2019-03-10 03:21:53,1,5.84,7.2,0.28,0.2,9.51,yellow,credit card,SoHo,Woodside,Manhattan,Queens
2019-03-19 06:21:13,2019-03-19 06:34:39,1,36.7,18.02,9.64,2.61,32.3,yellow,cash,Elmhurst,World Trade Center,Queens,Manhattan
2019-03-24 03:25:21,2019-03-24 03:39:55,1,0.03,6.16,0.31,0.1,9.4,yellow,credit card,East Village,Auburndale,Manhattan,Queens
2019-03-16 13:00:49,2019-03-16 13:17:46,1,0.31,7.3,0.71,0.33,16.79,yellow,cash,Greenwich Village South,Upper West Side South,Manhattan,Manhattan
2019-03-12 11:46:15,2019-03-12 11:59:21,1,6.92,13.3,0.95,0.02,25.02,yellow,credit card,Union Sq,Williamsbridge/Olinville,Manhattan,Bronx
2019-03-28 10:35:51,2019-03-28 10:50:12,1,0.21,11.61,4.19,0.03,13.3,yellow,cash,Upper East Side South,Brooklyn Navy Yard,Manhattan,Brooklyn
2019-03-18 09:14:40,2019-03-18 09:28:25,1,0.46,6.4,1.11,0.04,16.45,yellow,credit card,Garment District,Lenox Hill West,Manhattan,Manhattan
2019-03-22 16:36:10,2019-03-22 16:51:37,1,0.78,8.04,4.38,0.02,25.1,yellow,cash,East Village,Bay Ridge,Manhattan,Brooklyn
2019-03-21 21:23:50,2019-03-21 21:35:51,1,1.92,3.6,1.13,0.01,12.71,yellow,credit card,Lenox Hill West,Hillcrest/Pomonok,Manhattan,Queens
2019-03-01 21:11:39,2019-03-01 21:24:47,4,1.56,6.43,1.8,0.09,6.9,yellow,cash,Sutton Place/Turtle Bay North,Murray Hill,Manhattan,Manhattan
2019-03-19 05:17:14,2019-03-19 05:32:10,1,0.67,2.7,1.18,0.18,7.65,yellow,credit card,Upper West Side North,Midtown Center,Manhattan,Manhattan
2019-03-11 17:06:54,2019-03-11 17:23:42,2,8.02,6.85,0.27,0.5,18.0,yellow,cash,Midwood,Carroll Gardens,Brooklyn,Brooklyn
2019-03-13 17:21:35,2019-03-13 17:36:47,1,0.11,4.9,3.49,0.48,7.23,yellow,credit card,Lower East Side,Sutton Place/Turtle Bay North,Manhattan,Manhattan
2019-03-05 19:46:24,2019-03-05 19:59:47,1,0.76,4.3,0.63,0.07,39.2,yellow,cash,Penn Station/Madison Sq West,Flatiron,Manhattan,Manhattan
2019-03-26 04:56:52,2019-03-26 05:11:32,1,4.41,5.1,2.09,0.05,30.19,yellow,credit card,Lincoln Square East,Midtown North,Manhattan,Manhattan
2019-03-20 18:12:40,2019-03-20 18:25:14,1,0.95,5.61,5.5,0.39,12.58,yellow,cash,Upper East Side North,Van Nest/Morris Park,Manhattan,Bronx
2019-03-15 10:01:58,2019-03-15 10:16:21,2,2.05,9.1,0.07,0.18,15.52,yellow,credit card,Central Harlem North,Greenwich Village South,Manhattan,Manhattan
2019-03-12 10:39:55,2019-03-12 10:53:49,1,0.59,9.7,4.35,0.07,16.2,yellow,cash,Upper East Side South,Sheepshead Bay,Manhattan,Brooklyn
2019-03-21 03:33:15,2019-03-21 03:48:32,1,1.75,11.0,0.69,0.17,12.95,yellow,credit card,Times Sq/Theatre District,West Village,Manhattan,Manhattan
2019-03-05 15:44:59,2019-03-05 16:02:44,1,13.39,8.9,1.66,0.22,14.91,yellow,cash,East Harlem South,Glendale,Manhattan,Queens
2019-03-19 14:30:36,2019-03-19 14:44:07,1,1.02,4.11,0.3,0.09,8.2,yellow,credit card,Garment District,Sheepshead Bay,Manhattan,Brooklyn
2019-03-14 00:34:23,2019-03-14 00:47:56,1,4.03,7.59,3.33,0.48,11.3,yellow,cash,Murray Hill,Soundview/Castle Hill,Manhattan,Bronx
2019-03-17 16:54:49,2019-03-17 17:10:24,1,1.3,19.7,5.83,0.1,22.03,yellow,credit card,West Village,Union Sq,Manhattan,Manhattan
2019-03-03 06:37:14,2019-03-03 06:50:44,1,3.63,10.24,0.44,0.06,12.1,yellow,cash,Union Sq,Kips Bay,Manhattan,Manhattan
2019-03-04 10:48:15,2019-03-04 11:04:14,1,3.49,13.6,0.74,0.11,33.21,yellow,credit card,TriBeCa/Civic Center,East Williamsburg,Manhattan,Brooklyn
2019-03-02 15:19:50,2019-03-02 15:34:23,1,0.09,3.5,0.53,0.24,11.25,yellow,cash,Central Harlem North,Madison,Manhattan,Brooklyn
2019-03-06 07:24:49,2019-03-06 07:37:51,1,0.61,13.4,0.07,0.03,14.04,yellow,credit card,Upper East Side South,Times Sq/Theatre District,Manhattan,Manhattan
2019-03-25 00:22:15,2019-03-25 00:36:35,1,4.61,8.1,2.58,0.06,17.2,yellow,cash,Kips Bay,Park Slope,Manhattan,Brooklyn
2019-03-08 17:58:54,2019-03-08 18:13:18,1,1.43,10.28,1.13,0.24,11.7,yellow,credit card,West Village,West Village,Manhattan,Manhattan
2019-03-19 02:41:03,2019-03-19 02:51:50,1,0.08,4.0,1.3,0.16,21.1,yellow,cash,East Village,East Harlem North,Manhattan,Manhattan
2019-02-28 22:56:31,2019-02-28 23:12:57,1,3.31,4.0,0.78,0.01,19.51,yellow,credit card,Yorkville West,Columbia Street,Manhattan,Brooklyn
2019-03-05 11:20:20,2019-03-05 11:34:37,2,1.8,8.18,0.06,0.03,68.6,yellow,cash,Allerton/Pelham Gardens,Crown Heights North,Bronx,Brooklyn
2019-03-03 18:32:54,2019-03-03 18:47:54,1,7.22,9.5,1.56,0.09,9.82,yellow,credit card,Penn Station/Madison Sq West,Washington Heights South,Manhattan,Manhattan
2019-03-20 14:06:13,2019-03-20 14:19:56,1,0.44,8.37,0.14,0.06,22.0,yellow,cash,Greenpoint,Long Island City/Hunters Point,Brooklyn,Queens
2019-03-31 23:39:26,2019-03-31 23:54:29,1,0.66,3.7,0.29,0.02,14.03,yellow,credit card,Williamsburg (South Side),Kips Bay,Brooklyn,Manhattan
2019-03-10 11:08:30,2019-03-10 11:23:59,1,0.1,17.3,2.94,0.46,27.83,yellow,cash,Upper East Side South,East Harlem North,Manhattan,Manhattan
2019-03-04 02:22:39,2019-03-04 02:35:49,2,4.28,3.3,0.58,0.03,12.36,yellow,credit card,East Chelsea,Bensonhurst West,Manhattan,Brooklyn
2019-03-03 06:56:53,2019-03-03 07:12:15,1,8.34,18.0,0.05,0.2,39.38,yellow,cash,Mott Haven/Port Morris,Richmond Hill,Bronx,Queens
2019-03-23 02:36:17,2019-03-23 02:48:54,5,0.64,9.8,7.44,0.04,21.14,yellow,credit card,Sutton Place/Turtle Bay North,West Brighton,Manhattan,Staten Island
2019-03-19 22:12:21,2019-03-19 22:26:58,1,1.84,8.2,2.51,0.06,25.21,yellow,cash,Greenwich Village North,Forest Hills,Manhattan,Queens
2019-03-18 16:05:12,2019-03-18 16:21:23,1,0.43,11.4,0.64,0.12,24.64,yellow,credit card,Upper West Side South,Richmond Hill,Manhattan,Queens
2019-03-22 05:37:44,2019-03-22 05:54:50,3,1.26,14.8,0.14,0.13,60.79,yellow,cash,Lenox Hill East,Van Cortlandt Village,Manhattan,Bronx
2019-03-19 12:56:14,2019-03-19 13:09:51,1,19.99,10.1,0.22,0.98,26.04,yellow,credit card,JFK Airport,Clinton West,Queens,Manhattan
2019-03-11 05:52:25,2019-03-11 06:05:36,1,0.7,9.9,3.81,0.26,16.09,yellow,cash,Midtown Center,Central Harlem,Manhattan,Manhattan
2019-03-23 16:02:07,2019-03-23 16:18:32,1,2.62,10.0,2.06,0.13,17.76,yellow,credit card,Upper East Side North,Canarsie,Manhattan,Brooklyn
2019-03-11 09:13:46,2019-03-11 09:28:09,2,9.81,13.25,4.59,0.1,15.2,yellow,cash,West Chelsea/Hudson Yards,Midtown Center,Manhattan,Manhattan
2019-03-18 20:42:41,2019-03-18 20:55:59,1,10.18,2.6,0.32,0.23,12.55,yellow,credit card,Penn Station/Madison Sq West,Hunts Point,Manhattan,Bronx
2019-03-01 10:31:37,2019-03-01 10:45:11,2,6.16,7.3,0.45,0.21,17.22,yellow,cash,Flatiron,Prospect-Lefferts Gardens,Manhattan,Brooklyn
2019-03-11 11:11:27,2019-03-11 11:26:33,1,3.14,15.66,0.14,0.06,15.8,yellow,credit card,Financial District North,Murray Hill-Queens,Manhattan,Queens
2019-03-09 03:25:51,2019-03-09 03:37:36,1,1.51,12.7,0.76,0.26,17.5,yellow,cash,Midtown East,Astoria,Manhattan,Queens
2019-03-20 03:18:15,2019-03-20 03:31:14,1,17.24,14.2,0.66,0.74,18.17,yellow,credit card,Brooklyn Heights,Prospect Park,Brooklyn,Brooklyn
2019-02-28 10:48:20,2019-02-28 10:59:32,2,0.13,13.3,0.93,0.07,21.18,yellow,cash,Upper East Side North,East Chelsea,Manhattan,Manhattan
2019-03-06 19:53:01,2019-03-06 20:06:09,1,2.17,29.9,4.53,0.03,48.15,yellow,credit card,Woodside,Fresh Meadows,Queens,Queens
2019-03-24 11:22:21,2019-03-24 11:33:16,1,2.72,16.4,1.91,0.14,25.02,yellow,cash,Clinton East,Glendale,Manhattan,Queens
2019-03-15 15:49:34,2019-03-15 16:01:42,1,4.37,6.3,2.02,3.06,16.21,yellow,credit card,Astoria,Park Slope,Queens,Brooklyn
2019-03-29 05:45:00,2019-03-29 05:59:44,4,0.3,9.04,0.33,0.48,22.6,yellow,cash,Elmhurst,Steinway,Queens,Queens
2019-03-23 02:15:00,2019-03-23 02:29:30,1,3.8,6.6,0.48,0.07,8.75,yellow,credit card,Kips Bay,Parkchester,Manhattan,Bronx
2019-03-07 23:09:24,2019-03-07 23:26:00,1,0.07,12.36,1.23,0.12,20.7,yellow,cash,East Chelsea,Hudson Sq,Manhattan,Manhattan
2019-03-23 17:31:40,2019-03-23 17:45:47,5,8.57,8.08,2.33,0.05,12.2,yellow,credit card,Lincoln Square East,East New York,Manhattan,Brooklyn
2019-03-08 09:29:29,2019-03-08 09:42:27,0,0.63,10.0,0.73,0.71,21.02,yellow,cash,Midtown East,Lenox Hill East,Manhattan,Manhattan
2019-03-11 21:30:11,2019-03-11 21:43:03,2,0.14,6.7,2.55,0.03,8.11,yellow,credit card,Sutton Place/Turtle Bay North,Bloomingdale,Manhattan,Manhattan
2019-03-15 11:54:29,2019-03-15 12:09:01,1,7.63,10.9,0.91,2.9,40.2,yellow,cash,Rego Park,Bedford,Queens,Brooklyn
2019-03-23 21:30:03,2019-03-23 21:45:04,1,1.43,9.0,0.64,0.25,21.75,yellow,credit card,World Trade Center,Gravesend,Manhattan,Brooklyn
2019-03-20 22:35:37,2019-03-20 22:51:15,1,1.13,6.1,3.5,0.05,10.41,yellow,cash,Clinton East,Hunts Point,Manhattan,Bronx
2019-03-10 23:34:02,2019-03-10 23:48:18,1,2.34,7.41,0.96,0.34,9.0,yellow,credit card,Upper East Side North,East Village,Manhattan,Manhattan
2019-03-20 10:02:18,2019-03-20 10:15:46,1,1.11,11.1,5.2,0.08,16.16,yellow,cash,Flatiron,Prospect-Lefferts Gardens,Manhattan,Brooklyn
2019-03-05 06:28:20,2019-03-05 06:40:25,2,3.13,11.9,0.79,0.14,13.12,yellow,credit card,Midtown South,South Williamsburg,Manhattan,Brooklyn
2019-03-26 20:01:18,2019-03-26 20:16:26,2,1.81,18.2,2.7,0.07,20.08,yellow,cash,Midtown North,Mott Haven/Port Morris,Manhattan,Bronx
2019-03-14 04:31:08,2019-03-14 04:47:47,2,0.09,7.2,1.86,0.54,16.84,yellow,credit card,Yorkville East,Norwood,Manhattan,Bronx
2019-03-20 23:00:30,2019-03-20 23:14:37,1,5.54,3.6,3.06,0.12,13.11,yellow,cash,World Trade Center,DUMBO/Vinegar Hill,Manhattan,Brooklyn
2019-03-13 10:24:41,2019-03-13 10:41:24,1,1.92,5.5,0.73,0.77,17.53,yellow,credit card,East Village,Saint Albans,Manhattan,Queens
2019-03-07 18:58:56,2019-03-07 19:13:12,1,0.28,6.5,1.29,0.1,16.62,yellow,cash,Manhattan Valley,Astoria,Manhattan,Queens
2019-03-15 03:17:43,2019-03-15 03:31:43,1,2.85,13.9,0.8,0.35,16.41,yellow,credit card,Clinton East,Van Cortlandt Village,Manhattan,Bronx
2019-03-03 19:15:50,2019-03-03 19:31:15,1,3.41,6.2,2.45,0.05,31.93,yellow,cash,Lincoln Square West,West Chelsea/Hudson Yards,Manhattan,Manhattan
2019-03-08 11:29:27,2019-03-08 11:43:48,1,3.46,7.43,3.91,0.19,24.4,yellow,credit card,Yorkville East,University Heights/Morris Heights,Manhattan,Bronx
2019-03-12 09:02:18,2019-03-12 09:15:09,2,0.96,7.39,5.2,0.04,20.57,yellow,cash,Times Sq/Theatre District,Times Sq/Theatre District,Manhattan,Manhattan
2019-03-03 15:52:57,2019-03-03 16:06:01,1,0.88,7.6,4.18,1.44,16.5,yellow,credit card,Long Island City/Hunters Point,Middle Village,Queens,Queens
2019-03-13 19:00:42,2019-03-13 19:15:47,1,2.46,2.8,0.02,0.06,14.63,yellow,cash,Yorkville West,Glendale,Manhattan,Queens
2019-03-12 00:14:26,2019-03-12 00:27:37,2,0.88,9.2,0.13,0.2,9.9,yellow,credit card,Fordham South,Penn Station/Madison Sq West,Bronx,Manhattan
2019-03-13 12:36:11,2019-03-13 12:51:48,1,1.96,5.7,0.15,0.06,14.53,yellow,cash,Yorkville West,Union Sq,Manhattan,Manhattan
2019-03-17 07:10:24,2019-03-17 07:24:16,1,1.22,12.5,2.98,0.05,15.7,yellow,credit card,Times Sq/Theatre District,Glendale,Manhattan,Queens
2019-03-18 12:37:35,2019-03-18 12:52:43,1,1.15,11.32,0.13,0.04,15.9,yellow,cash,West Village,Ridgewood,Manhattan,Queens
2019-03-09 22:42:40,2019-03-09 22:57:08,1,1.45,7.2,1.36,0.01,44.93,yellow,credit card,Midtown East,Jamaica Estates,Manhattan,Queens
2019-03-31 19:36:57,2019-03-31 19:52:52,1,3.81,6.4,1.71,0.0,13.72,yellow,cash,East Harlem South,Bushwick North,Manhattan,Brooklyn
2019-03-02 15:16:21,2019-03-02 15:30:44,1,5.71,22.8,1.07,0.94,36.09,yellow,credit card,Astoria,East Flatbush/Remsen Village,Queens,Brooklyn
2019-03-25 15:19:39,2019-03-25 15:34:30,2,0.9,9.1,0.74,0.01,13.03,yellow,cash,Midtown East,Madison,Manhattan,Brooklyn
2019-03-31 18:51:58,2019-03-31 19:05:12,1,2.24,10.2,1.33,0.26,24.47,yellow,credit card,Midtown Center,Inwood,Manhattan,Manhattan
2019-03-24 02:29:43,2019-03-24 02:41:39,1,2.48,6.5,1.39,0.14,22.13,yellow,cash,Yorkville West,Woodside,Manhattan,Queens
2019-03-25 21:20:56,2019-03-25 21:36:02,1,2.52,5.1,2.4,0.35,16.95,yellow,credit card,Financial District North,West Concourse,Manhattan,Bronx
2019-03-16 03:07:16,2019-03-16 03:19:27,1,4.14,3.0,0.19,0.16,29.53,yellow,cash,Sutton Place/Turtle Bay North,Eastchester,Manhattan,Bronx
2019-03-02 19:59:37,2019-03-02 20:13:58,1,2.49,6.3,1.74,0.07,21.91,yellow,credit card,Midtown Center,West Brighton,Manhattan,Staten Island
2019-03-10 19:02:01,2019-03-10 19:14:25,5,0.99,7.1,0.7,0.16,10.57,yellow,cash,Yorkville East,Washington Heights North,Manhattan,Manhattan
2019-03-21 06:32:13,2019-03-21 06:46:50,1,13.8,27.9,2.07,2.22,28.13,yellow,credit card,JFK Airport,Hudson Sq,Queens,Manhattan
2019-03-15 12:50:32,2019-03-15 13:04:18,1,3.32,12.5,2.18,0.21,32.93,yellow,cash,West Village,East Flatbush/Farragut,Manhattan,Brooklyn
2019-03-20 21:24:07,2019-03-20 21:36:53,3,2.6,17.24,1.11,0.43,17.5,yellow,credit card,Murray Hill,JFK Airport,Manhattan,Queens
2019-03-12 16:24:19,2019-03-12 16:40:24,1,0.72,8.3,2.43,0.28,12.71,yellow,cash,Hamilton Heights,Brownsville,Manhattan,Brooklyn
2019-03-05 14:30:02,2019-03-05 14:43:30,1,2.38,8.2,6.84,0.01,10.79,yellow,credit card,East Chelsea,Prospect-Lefferts Gardens,Manhattan,Brooklyn
2019-03-13 07:46:03,2019-03-13 07:59:50,1,1.39,6.8,0.85,0.19,44.55,yellow,cash,Murray Hill,Times Sq/Theatre District,Manhattan,Manhattan
2019-03-10 21:20:44,2019-03-10 21:34:09,1,1.52,7.0,1.09,0.01,14.98,yellow,credit card,Midtown North,Highbridge,Manhattan,Bronx
2019-03-07 23:10:10,2019-03-07 23:23:53,1,2.19,12.8,2.38,0.14,24.64,yellow,cash,Penn Station/Madison Sq West,West Village,Manhattan,Manhattan
2019-03-03 07:18:02,2019-03-03 07:32:22,1,1.38,13.2,0.83,0.14,20.26,yellow,credit card,Brooklyn Heights,Van Nest/Morris Park,Brooklyn,Bronx
2019-03-15 16:09:21,2019-03-15 16:25:06,1,3.62,14.15,0.81,0.11,18.5,yellow,cash,Midtown East,South Williamsburg,Manhattan,Brooklyn
2019-03-03 21:25:52,2019-03-03 21:42:31,1,0.6,7.04,0.25,0.09,10.4,yellow,credit card,Manhattan Valley,DUMBO/Vinegar Hill,Manhattan,Brooklyn
2019-03-17 06:11:57,2019-03-17 06:26:22,1,0.76,9.5,0.82,0.02,19.75,yellow,cash,Garment District,Upper East Side North,Manhattan,Manhattan
2019-03-09 13:20:19,2019-03-09 13:36:32,1,4.17,9.6,5.71,0.13,29.7,yellow,credit card,Times Sq/Theatre District,Bath Beach,Manhattan,Brooklyn
2019-03-31 10:09:50,2019-03-31 10:20:19,1,1.28,4.0,0.26,0.08,13.5,yellow,cash,Midtown South,Bedford Park,Manhattan,Bronx
2019-03-12 18:56:19,2019-03-12 19:09:02,2,15.21,9.97,0.77,0.01,16.5,yellow,credit card,Central Park,Dyker Heights,Manhattan,Brooklyn
2019-03-20 09:58:14,2019-03-20 10:12:19,6,1.28,10.7,0.48,0.24,21.43,yellow,cash,Union Sq,Cypress Hills,Manhattan,Brooklyn
2019-03-09 00:39:28,2019-03-09 00:55:03,1,1.5,12.0,2.07,0.04,15.74,yellow,credit card,Midtown North,Long Island City/Queens Plaza,Manhattan,Queens
2019-03-15 18:39:36,2019-03-15 18:52:25,1,0.41,2.17,0.2,1.0,47.74,yellow,cash,JFK Airport,Hamilton Heights,Queens,Manhattan
2019-03-30 15:42:48,2019-03-30 15:55:41,4,1.5,10.4,0.13,0.12,42.12,yellow,credit card,Meatpacking/West Village West,Highbridge,Manhattan,Bronx
2019-03-15 21:10:53,2019-03-15 21:25:42,1,1.81,8.7,1.17,0.15,9.82,yellow,cash,Battery Park City,Greenwich Village South,Manhattan,Manhattan
2019-03-26 02:33:05,2019-03-26 02:50:02,1,0.48,9.1,2.84,0.14,14.16,yellow,credit card,Yorkville East,East New York,Manhattan,Brooklyn
2019-03-26 03:11:19,2019-03-26 03:26:34,1,6.42,10.5,0.66,0.48,27.6,yellow,cash,Bedford,Bushwick North,Brooklyn,Brooklyn
2019-03-27 10:40:16,2019-03-27 10:54:38,5,1.63,12.1,0.06,0.37,23.51,yellow,credit card,Upper East Side South,Hunts Point,Manhattan,Bronx
2019-03-04 16:07:48,2019-03-04 16:20:29,1,1.02,11.9,3.28,0.18,21.5,yellow,cash,Midtown Center,Times Sq/Theatre District,Manhattan,Manhattan
2019-03-30 03:23:52,2019-03-30 03:35:32,1,8.53,29.11,2.3,3.64,38.8,yellow,credit card,Jamaica,Fort Greene,Queens,Brooklyn
2019-03-08 10:20:10,2019-03-08 10:35:32,1,19.45,9.49,0.67,0.26,12.8,yellow,cash,Fort Greene,Sheepshead Bay,Brooklyn,Brooklyn
2019-03-30 16:04:35,2019-03-30 16:19:49,1,4.41,7.6,1.41,0.05,10.72,yellow,credit card,Little Italy/NoLiTa,Times Sq/Theatre District,Manhattan,Manhattan
2019-03-10 06:49:13,2019-03-10 07:02:26,1,22.24,33.6,2.35,0.4,56.01,yellow,cash,Kew Gardens,Washington Heights South,Queens,Manhattan
2019-03-31 17:39:43,2019-03-31 17:57:23,2,4.92,7.56,3.47,0.02,7.9,yellow,credit card,Lenox Hill West,East Elmhurst,Manhattan,Queens
2019-03-16 11:26:03,2019-03-16 11:39:09,1,3.58,12.36,0.79,0.02,18.3,yellow,cash,Midtown East,Rosedale,Manhattan,Queens
2019-03-06 04:06:49,2019-03-06 04:22:43,1,0.74,11.7,11.18,0.12,18.67,yellow,credit card,Washington Heights South,Yorkville East,Manhattan,Manhattan
2019-03-10 12:13:05,2019-03-10 12:24:45,1,1.44,4.1,2.93,0.06,36.71,yellow,cash,East Harlem South,Downtown Brooklyn/MetroTech,Manhattan,Brooklyn
2019-03-08 16:01:44,2019-03-08 16:17:38,2,2.29,5.16,3.69,0.46,9.2,yellow,credit card,Clinton East,Clinton East,Manhattan,Manhattan
2019-03-21 00:25:19,2019-03-21 00:39:38,1,0.44,13.6,3.06,0.06,18.66,yellow,cash,Financial District North,Lenox Hill West,Manhattan,Manhattan
2019-03-17 21:27:12,2019-03-17 21:42:18,1,0.71,7.7,3.24,0.04,39.17,yellow,credit card,Union Sq,DUMBO/Vinegar Hill,Manhattan,Brooklyn
2019-03-15 23:07:20,2019-03-15 23:20:01,1,2.99,20.3,6.0,1.02,26.4,yellow,cash,Jackson Heights,Central Park,Queens,Manhattan
2019-03-20 23:52:09,2019-03-21 00:05:13,1,0.52,10.7,0.92,0.27,38.4,yellow,credit card,Marine Park/Mill Basin,Forest Hills,Brooklyn,Queens
2019-03-15 16:21:24,2019-03-15 16:35:47,1,0.3,4.1,0.01,0.56,25.71,yellow,cash,Queensboro Hill,Pelham Parkway,Queens,Bronx
2019-03-04 19:38:11,2019-03-04 19:53:53,1,3.78,8.4,1.37,0.01,11.81,yellow,credit card,Upper West Side South,Belmont,Manhattan,Bronx
2019-03-03 10:38:19,2019-03-03 10:51:46,1,0.75,6.39,1.67,0.13,8.3,yellow,cash,Lincoln Square West,Ozone Park,Manhattan,Queens
2019-03-13 00:16:41,2019-03-13 00:29:46,1,1.06,9.3,1.94,0.05,16.4,yellow,credit card,Lincoln Square East,Jamaica,Manhattan,Queens
2019-03-08 07:54:24,2019-03-08 08:09:14,5,2.22,9.68,1.46,0.08,10.4,yellow,cash,Central Park,Briarwood/Jamaica Hills,Manhattan,Queens
2019-03-01 07:11:05,2019-03-01 07:24:07,1,1.77,7.9,0.33,0.18,17.93,yellow,credit card,Gramercy,Homecrest,Manhattan,Brooklyn
2019-03-27 07:52:33,2019-03-27 08:05:57,1,0.02,9.0,1.47,0.51,11.84,yellow,cash,Sutton Place/Turtle Bay North,Brooklyn Navy Yard,Manhattan,Brooklyn
2019-03-30 02:19:14,2019-03-30 02:33:58,6,3.71,9.38,0.79,0.21,13.2,yellow,credit card,Yorkville East,Clinton Hill,Manhattan,Brooklyn
2019-03-03 20:42:49,2019-03-03 20:57:55,1,0.21,7.5,1.23,0.22,39.0,yellow,cash,Murray Hill,Riverdale/North Riverdale/Fieldston,Manhattan,Bronx
2019-03-30 06:18:19,2019-03-30 06:31:29,4,0.93,23.8,1.07,0.01,24.64,yellow,credit card,Lenox Hill West,Clinton West,Manhattan,Manhattan
2019-03-03 22:07:47,2019-03-03 22:20:16,1,0.56,17.9,1.94,0.2,21.77,yellow,cash,Midtown Center,Claremont/Bathgate,Manhattan,Bronx
2019-03-15 22:03:41,2019-03-15 22:19:51,6,0.2,11.3,5.83,0.02,22.68,yellow,credit card,Flatiron,Briarwood/Jamaica Hills,Manhattan,Queens
2019-03-27 18:09:43,2019-03-27 18:24:41,1,1.38,6.4,0.05,0.05,23.29,yellow,cash,Upper West Side North,Springfield Gardens South,Manhattan,Queens
2019-03-15 04:59:36,2019-03-15 05:12:57,1,3.17,10.5,0.04,0.23,16.34,yellow,credit card,East Village,Ocean Hill,Manhattan,Brooklyn
2019-03-21 12:25:16,2019-03-21 12:40:03,1,1.97,20.2,3.82,0.31,42.29,yellow,cash,East Harlem North,Ozone Park,Manhattan,Queens
2019-03-17 00:07:24,2019-03-17 00:23:13,1,7.28,7.9,4.25,0.67,30.61,yellow,credit card,LaGuardia Airport,Kew Gardens,Queens,Queens
2019-03-22 00:30:32,2019-03-22 00:47:53,1,9.08,5.8,1.62,0.03,13.41,yellow,cash,TriBeCa/Civic Center,Flushing Meadows-Corona Park,Manhattan,Queens
2019-03-15 20:32:27,2019-03-15 20:46:52,1,0.41,10.0,0.11,0.16,30.44,yellow,credit card,Midtown South,Flatlands,Manhattan,Brooklyn
2019-03-16 13:17:42,2019-03-16 13:32:53,1,3.59,6.1,0.45,0.07,9.79,yellow,cash,Times Sq/Theatre District,Homecrest,Manhattan,Brooklyn
2019-03-17 20:03:15,2019-03-17 20:18:10,1,0.88,6.1,0.0,1.01,30.56,yellow,credit card,Madison,Springfield Gardens South,Brooklyn,Queens
2019-03-05 11:44:56,2019-03-05 11:58:40,1,2.55,18.22,1.3,0.05,28.8,yellow,cash,Gramercy,Flushing,Manhattan,Queens
2019-03-11 23:29:44,2019-03-11 23:42:36,5,0.4,4.8,1.62,0.32,32.55,yellow,credit card,SoHo,Norwood,Manhattan,Bronx
2019-03-26 11:24:30,2019-03-26 11:39:10,1,4.45,10.78,0.47,0.08,15.3,yellow,cash,Union Sq,Ocean Hill,Manhattan,Brooklyn
2019-03-07 04:00:54,2019-03-07 04:14:48,1,0.22,7.7,1.61,0.11,19.19,yellow,credit card,West Chelsea/Hudson Yards,Marine Park/Mill Basin,Manhattan,Brooklyn
2019-03-27 14:52:18,2019-03-27 15:07:52,1,0.78,13.7,0.81,0.26,22.94,yellow,cash,Midtown Center,Bensonhurst East,Manhattan,Brooklyn
2019-03-24 12:11:15,2019-03-24 12:26:49,1,5.08,4.0,0.83,0.1,14.05,yellow,credit card,Midtown North,Midtown Center,Manhattan,Manhattan
2019-03-09 03:32:40,2019-03-09 03:45:51,1,1.75,16.6,3.59,0.17,22.05,yellow,cash,East New York,Douglaston,Brooklyn,Queens
2019-03-29 11:30:27,2019-03-29 11:47:19,1,3.21,3.6,1.32,0.4,11.24,yellow,credit card,Union Sq,Middle Village,Manhattan,Queens
2019-02-28 00:24:40,2019-02-28 00:40:26,1,0.04,14.7,0.5,0.07,21.43,yellow,cash,Downtown Brooklyn/MetroTech,Murray Hill-Queens,Brooklyn,Queens
2019-03-10 19:30:30,2019-03-10 19:45:50,6,1.91,9.1,0.63,0.1,32.81,yellow,credit card,Sutton Place/Turtle Bay North,Times Sq/Theatre District,Manhattan,Manhattan
2019-03-14 07:20:10,2019-03-14 07:33:31,1,11.19,13.7,1.83,1.45,31.87,yellow,cash,JFK Airport,Ridgewood,Queens,Queens
2019-03-24 00:55:13,2019-03-24 01:10:27,1,0.91,10.4,1.23,0.06,10.83,yellow,credit card,Gramercy,Cobble Hill,Manhattan,Brooklyn
2019-03-19 20:18:40,2019-03-19 20:31:53,3,18.38,9.56,2.65,0.96,32.2,yellow,cash,Steinway,Gramercy,Queens,Manhattan
2019-03-23 08:55:09,2019-03-23 09:07:59,2,1.38,10.6,1.25,0.24,11.33,yellow,credit card,Lenox Hill East,Gramercy,Manhattan,Manhattan
2019-03-27 22:50:33,2019-03-27 23:04:43,1,9.63,4.6,0.03,0.46,18.93,yellow,cash,Yorkville West,Baisley Park,Manhattan,Queens
2019-03-13 10:46:30,2019-03-13 10:59:04,1,0.47,6.1,5.15,0.24,11.06,yellow,credit card,Little Italy/NoLiTa,Jackson Heights,Manhattan,Queens
2019-03-31 10:17:17,2019-03-31 10:29:36,1,0.19,5.13,3.16,0.0,15.3,yellow,cash,Greenwich Village North,JFK Airport,Manhattan,Queens
2019-03-26 03:25:10,2019-03-26 03:37:33,1,0.64,7.76,0.19,0.03,16.9,yellow,credit card,Midtown South,Woodside,Manhattan,Queens
2019-03-04 07:01:07,2019-03-04 07:16:11,2,5.32,22.67,4.61,1.88,36.7,yellow,cash,LaGuardia Airport,Springfield Gardens South,Queens,Queens
2019-03-08 16:43:33,2019-03-08 16:57:40,1,0.54,13.9,0.27,0.03,40.27,yellow,credit card,Manhattanville,Long Island City/Queens Plaza,Manhattan,Queens
2019-03-05 05:10:43,2019-03-05 05:24:39,1,9.07,20.4,0.1,0.1,21.67,yellow,cash,Meatpacking/West Village West,Central Harlem North,Manhattan,Manhattan
2019-03-29 17:02:13,2019-03-29 17:17:16,2,10.63,8.7,1.49,0.09,10.8,yellow,credit card,Lenox Hill West,Stapleton,Manhattan,Staten Island
2019-03-04 16:38:25,2019-03-04 16:52:02,1,0.33,8.4,3.61,0.09,11.7,yellow,cash,Upper East Side South,Morningside Heights,Manhattan,Manhattan
2019-03-06 18:15:48,2019-03-06 18:27:13,1,3.03,5.5,0.11,0.18,10.22,yellow,credit card,SoHo,Kew Gardens Hills,Manhattan,Queens
2019-03-15 18:54:37,2019-03-15 19:07:57,1,7.61,6.68,7.58,0.01,9.1,yellow,cash,Union Sq,College Point,Manhattan,Queens
2019-03-01 18:43:23,2019-03-01 18:56:11,1,3.2,7.51,0.69,0.26,8.7,yellow,credit card,Sutton Place/Turtle Bay North,Homecrest,Manhattan,Brooklyn
2019-03-23 23:56:34,2019-03-24 00:09:39,1,1.19,5.1,0.59,0.13,8.22,yellow,cash,Upper East Side North,Two Bridges/Seward Park,Manhattan,Manhattan
2019-03-09 07:37:50,2019-03-09 07:51:46,1,2.82,13.93,0.19,0.21,18.1,yellow,credit card,Upper East Side South,Central Harlem,Manhattan,Manhattan
2019-03-29 02:48:08,2019-03-29 03:01:22,2,0.97,3.4,0.52,0.43,15.34,yellow,cash,Long Island City/Hunters Point,Midtown Center,Queens,Manhattan
2019-03-26 20:53:10,2019-03-26 21:08:23,6,0.2,16.19,0.58,0.03,29.7,yellow,credit card,Midtown Center,Penn Station/Madison Sq West,Manhattan,Manhattan
2019-03-24 07:02:56,2019-03-24 07:20:03,1,3.18,6.2,0.53,0.57,9.1,yellow,cash,Fort Greene,East New York,Brooklyn,Brooklyn
2019-03-14 22:59:48,2019-03-14 23:15:11,2,5.22,13.6,0.5,0.12,14.2,yellow,credit card,East Village,Murray Hill,Manhattan,Manhattan
2019-03-12 20:21:20,2019-03-12 20:36:15,1,5.51,12.4,3.22,0.31,28.2,yellow,cash,Upper East Side North,Maspeth,Manhattan,Queens
2019-03-12 16:02:00,2019-03-12 16:15:37,1,0.65,13.7,0.05,0.45,15.02,yellow,credit card,Hamilton Heights,Flushing Meadows-Corona Park,Manhattan,Queens
2019-03-25 16:28:20,2019-03-25 16:42:09,1,1.16,3.9,1.04,0.13,16.21,yellow,cash,Yorkville West,Bensonhurst West,Manhattan,Brooklyn
2019-03-29 23:04:54,2019-03-29 23:19:50,1,1.08,38.15,1.3,0.59,40.7,yellow,credit card,Steinway,Williamsburg (North Side),Queens,Brooklyn
2019-03-03 23:07:07,2019-03-03 23:19:54,1,1.08,4.3,0.08,0.09,7.67,yellow,cash,Gramercy,Gramercy,Manhattan,Manhattan
2019-03-16 08:52:38,2019-03-16 09:09:03,6,0.84,4.4,0.52,0.01,8.97,yellow,credit card,Clinton East,Battery Park,Manhattan,Manhattan
2019-03-16 16:15:15,2019-03-16 16:28:43,1,0.87,7.5,0.25,0.07,24.96,yellow,cash,East Chelsea,Clinton East,Manhattan,Manhattan
2019-03-20 09:24:45,2019-03-20 09:41:19,2,3.32,4.7,2.49,2.18,18.71,yellow,credit card,Forest Hills,East Williamsburg,Queens,Brooklyn
2019-03-14 06:50:59,2019-03-14 07:05:33,2,5.62,13.9,1.06,0.19,15.92,yellow,cash,Central Harlem,Flatbush/Ditmas Park,Manhattan,Brooklyn
2019-03-20 16:43:22,2019-03-20 16:57:35,1,0.75,9.76,1.12,0.48,14.1,yellow,credit card,Midtown South,Park Slope,Manhattan,Brooklyn
2019-03-03 14:51:39,2019-03-03 15:04:48,1,0.84,3.6,0.32,0.09,7.74,yellow,cash,Little Italy/NoLiTa,Garment District,Manhattan,Manhattan
2019-03-01 11:17:04,2019-03-01 11:32:32,1,3.73,6.5,0.14,0.03,25.66,yellow,credit card,Hudson Sq,Canarsie,Manhattan,Brooklyn
2019-03-02 23:15:08,2019-03-02 23:30:49,1,1.36,8.63,1.38,0.14,11.1,yellow,cash,Lenox Hill West,Bensonhurst West,Manhattan,Brooklyn
2019-03-02 06:08:01,2019-03-02 06:21:32,1,5.24,8.7,0.27,0.19,96.7,yellow,credit card,Downtown Brooklyn/MetroTech,Claremont/Bathgate,Brooklyn,Bronx
2019-03-17 09:15:22,2019-03-17 09:28:37,2,1.86,13.1,0.23,0.02,14.87,yellow,cash,East Harlem South,Greenwich Village South,Manhattan,Manhattan
2019-03-20 10:35:57,2019-03-20 10:52:45,1,0.14,6.24,1.31,0.16,6.8,yellow,credit card,Lenox Hill West,Lincoln Square West,Manhattan,Manhattan
2019-03-06 23:37:36,2019-03-06 23:52:33,1,1.17,4.8,0.78,0.14,10.37,yellow,cash,Lower East Side,Kew Gardens,Manhattan,Queens
2019-02-28 13:30:06,2019-02-28 13:42:44,1,0.19,10.3,0.84,0.02,10.42,yellow,credit card,Lincoln Square East,Rego Park,Manhattan,Queens
2019-03-30 09:19:53,2019-03-30 09:35:32,1,0.92,5.1,1.22,0.1,13.61,yellow,cash,Midtown Center,Kew Gardens Hills,Manhattan,Queens
2019-03-02 09:57:12,2019-03-02 10:14:36,1,2.34,8.89,0.04,0.21,98.4,yellow,credit card,Coney Island,Garment District,Brooklyn,Manhattan
2019-03-03 03:58:46,2019-03-03 04:12:46,1,0.24,10.4,0.5,0.04,12.6,yellow,cash,Yorkville East,SoHo,Manhattan,Manhattan
2019-03-12 17:27:40,2019-03-12 17:40:50,1,0.03,26.4,0.92,0.69,32.15,yellow,credit card,East Chelsea,Crown Heights North,Manhattan,Brooklyn
2019-03-04 06:52:36,2019-03-04 07:08:05,1,3.45,11.39,2.51,0.13,11.4,yellow,cash,Lower East Side,Inwood,Manhattan,Manhattan
2019-03-02 09:27:53,2019-03-02 09:43:29,1,0.2,10.3,0.31,0.03,21.47,yellow,credit card,Lincoln Square East,Prospect-Lefferts Gardens,Manhattan,Brooklyn
2019-03-27 03:27:26,2019-03-27 03:40:58,1,3.11,9.7,6.47,0.19,23.75,yellow,cash,Upper East Side North,Bedford,Manhattan,Brooklyn
2019-03-26 06:13:08,2019-03-26 06:27:44,3,0.25,6.58,0.52,0.41,7.4,yellow,credit card,Clinton East,Brighton Beach,Manhattan,Brooklyn
2019-03-19 17:19:13,2019-03-19 17:32:19,6,2.77,6.1,0.23,0.05,29.52,yellow,cash,Times Sq/Theatre District,Belmont,Manhattan,Bronx
2019-03-08 17:29:18,2019-03-08 17:44:42,1,0.39,10.4,6.95,0.26,12.42,yellow,credit card,Lower East Side,Sheepshead Bay,Manhattan,Brooklyn
2019-03-27 15:09:44,2019-03-27 15:25:44,1,3.16,7.7,0.14,0.33,9.21,yellow,cash,Times Sq/Theatre District,Stuy Town/Peter Cooper Village,Manhattan,Manhattan
2019-03-02 23:18:54,2019-03-02 23:33:40,1,2.47,19.4,0.17,0.67,36.48,yellow,credit card,JFK Airport,Upper West Side North,Queens,Manhattan
2019-03-24 11:08:47,2019-03-24 11:23:54,1,8.49,12.5,1.85,3.85,36.67,yellow,cash,Forest Hills,Bath Beach,Queens,Brooklyn
2019-03-24 11:10:51,2019-03-24 11:28:21,5,2.59,13.37,0.21,0.01,17.7,yellow,credit card,Flatiron,Oakland Gardens,Manhattan,Queens
2019-03-22 18:55:23,2019-03-22 19:12:58,2,0.76,9.0,0.12,0.06,11.02,yellow,cash,Penn Station/Madison Sq West,Bath Beach,Manhattan,Brooklyn
2019-03-17 12:00:21,2019-03-17 12:14:14,1,1.41,8.82,4.8,0.35,19.99,yellow,credit card,SoHo,Lower East Side,Manhattan,Manhattan
2019-03-05 01:17:54,2019-03-05 01:28:04,5,2.0,11.2,0.88,0.06,18.75,yellow,cash,Lincoln Square East,Homecrest,Manhattan,Brooklyn
2019-03-08 18:31:07,2019-03-08 18:44:38,2,0.01,10.6,3.43,0.08,19.44,yellow,credit card,Clinton East,Park Slope,Manhattan,Brooklyn
2019-03-03 22:13:54,2019-03-03 22:25:20,1,0.85,14.9,0.88,0.03,27.93,yellow,cash,Murray Hill,Whitestone,Manhattan,Queens
2019-03-27 06:26:35,2019-03-27 06:41:21,1,8.14,10.3,0.32,1.57,15.25,yellow,credit card,LaGuardia Airport,World Trade Center,Queens,Manhattan
2019-03-06 10:55:20,2019-03-06 11:11:00,6,0.81,17.7,0.21,0.02,21.98,yellow,cash,Clinton West,Kew Gardens,Manhattan,Queens
2019-03-22 02:25:49,2019-03-22 02:37:09,2,0.29,9.4,3.12,0.32,11.45,yellow,credit card,Financial District South,Homecrest,Manhattan,Brooklyn
2019-03-26 13:20:23,2019-03-26 13:32:29,1,1.14,2.8,2.62,0.15,10.95,yellow,cash,UN/Turtle Bay South,Springfield Gardens South,Manhattan,Queens
2019-03-09 07:31:09,2019-03-09 07:45:05,1,0.56,3.91,1.12,0.27,9.7,yellow,credit card,East Harlem North,Parkchester,Manhattan,Bronx
2019-03-11 10:24:53,2019-03-11 10:39:19,1,1.67,3.3,0.11,0.11,24.78,yellow,cash,Midtown Center,Howard Beach,Manhattan,Queens
2019-03-17 01:47:10,2019-03-17 02:02:22,5,0.37,8.4,1.27,0.32,18.53,yellow,credit card,Midtown South,Woodhaven,Manhattan,Queens
2019-03-04 20:21:49,2019-03-04 20:35:36,1,2.51,8.2,0.56,0.02,15.94,yellow,cash,Flatiron,Garment District,Manhattan,Manhattan
2019-03-10 09:29:26,2019-03-10 09:44:37,1,3.42,7.59,4.28,0.11,12.9,yellow,credit card,UN/Turtle Bay South,Woodlawn/Wakefield,Manhattan,Bronx
2019-03-29 16:53:36,2019-03-29 17:06:12,1,0.36,13.9,0.56,0.6,14.98,yellow,cash,Gravesend,East Flatbush/Remsen Village,Brooklyn,Brooklyn
2019-03-30 15:47:30,2019-03-30 16:02:42,1,3.56,14.52,1.82,0.04,23.7,yellow,credit card,East Flatbush/Farragut,Upper West Side South,Brooklyn,Manhattan
2019-03-02 21:58:17,2019-03-02 22:13:01,2,0.14,5.76,2.43,0.09,13.2,yellow,cash,Clinton East,Central Park,Manhattan,Manhattan
2019-02-28 02:43:39,2019-02-28 02:56:35,5,6.3,8.1,0.2,0.08,10.54,yellow,credit card,Central Harlem North,Oakland Gardens,Manhattan,Queens
2019-03-12 15:01:34,2019-03-12 15:17:21,1,2.28,8.36,3.21,0.02,10.1,yellow,cash,Lower East Side,Rego Park,Manhattan,Queens
2019-03-24 08:26:13,2019-03-24 08:41:13,1,1.08,14.32,4.08,0.29,15.2,yellow,credit card,Stuy Town/Peter Cooper Village,Kips Bay,Manhattan,Manhattan
2019-03-19 21:35:46,2019-03-19 21:49:53,1,0.02,7.1,0.45,0.11,15.63,yellow,cash,Midtown East,Central Harlem North,Manhattan,Manhattan
2019-03-05 08:28:17,2019-03-05 08:41:13,1,3.84,5.77,6.78,0.33,20.2,yellow,credit card,East Village,Alphabet City,Manhattan,Manhattan
2019-03-14 06:22:10,2019-03-14 06:36:55,1,0.51,6.72,0.51,0.11,26.8,yellow,cash,Lincoln Square East,Long Island City/Hunters Point,Manhattan,Queens
2019-03-09 08:16:07,2019-03-09 08:27:31,1,0.44,11.87,0.11,0.18,13.8,yellow,credit card,Greenwich Village South,Flushing,Manhattan,Queens
2019-03-22 05:47:13,2019-03-22 06:02:20,5,0.58,7.5,4.03,0.23,10.1,yellow,cash,Manhattan Valley,Oakland Gardens,Manhattan,Queens
2019-03-31 02:14:51,2019-03-31 02:27:11,5,3.09,6.8,2.31,0.07,17.23,yellow,credit card,Midtown East,Clinton East,Manhattan,Manhattan
2019-03-15 16:22:06,2019-03-15 16:37:03,1,7.12,9.2,0.9,0.12,19.94,yellow,cash,Fort Greene,Murray Hill,Brooklyn,Manhattan
2019-03-12 07:12:29,2019-03-12 07:27:20,1,0.1,10.03,0.1,0.02,20.3,yellow,credit card,TriBeCa/Civic Center,Battery Park,Manhattan,Manhattan
2019-03-20 04:35:34,2019-03-20 04:52:15,1,0.94,9.21,2.5,0.03,15.6,yellow,cash,East Harlem North,Upper West Side South,Manhattan,Manhattan
2019-02-28 03:19:56,2019-02-28 03:36:22,2,1.73,6.0,0.01,0.2,15.33,yellow,credit card,Clinton East,Park Slope,Manhattan,Brooklyn
2019-03-12 22:10:39,2019-03-12 22:24:32,1,1.28,12.5,1.51,0.18,13.54,yellow,cash,Penn Station/Madison Sq West,Sunnyside,Manhattan,Queens
2019-03-17 15:41:09,2019-03-17 15:56:13,1,4.67,27.9,0.57,1.93,36.8,yellow,credit card,Long Island City/Hunters Point,Inwood,Queens,Manhattan
2019-03-21 13:35:31,2019-03-21 13:48:59,3,1.43,11.9,0.89,0.01,16.59,yellow,cash,Clinton East,Gravesend,Manhattan,Brooklyn
2019-03-25 02:26:09,2019-03-25 02:40:50,1,1.38,10.69,1.5,0.03,12.4,yellow,credit card,Upper East Side North,Long Island City/Queens Plaza,Manhattan,Queens
2019-03-30 01:36:32,2019-03-30 01:50:59,1,11.3,8.38,0.17,0.13,27.8,yellow,cash,Clinton East,Hillcrest/Pomonok,Manhattan,Queens
2019-03-17 06:36:32,2019-03-17 06:49:46,1,0.49,6.8,1.91,0.14,22.29,yellow,credit card,Flatiron,Homecrest,Manhattan,Brooklyn
2019-03-25 13:22:15,2019-03-25 13:33:17,1,1.52,5.63,3.1,0.11,6.37,yellow,cash,Sutton Place/Turtle Bay North,Marble Hill,Manhattan,Manhattan
2019-03-02 16:10:29,2019-03-02 16:24:33,2,0.85,6.4,0.24,0.11,14.87,yellow,credit card,Clinton East,East Harlem South,Manhattan,Manhattan
2019-03-10 19:15:27,2019-03-10 19:31:31,1,0.18,11.34,0.24,0.16,16.0,yellow,cash,East Village,Brighton Beach,Manhattan,Brooklyn
2019-03-10 03:59:14,2019-03-10 04:14:05,1,4.01,4.6,0.96,0.24,8.34,yellow,credit card,East Harlem North,Corona,Manhattan,Queens
2019-03-28 03:20:31,2019-03-28 03:33:44,1,0.69,14.17,0.35,0.04,38.7,yellow,cash,Lenox Hill West,Gowanus,Manhattan,Brooklyn
2019-03-09 12:31:48,2019-03-09 12:44:50,1,0.4,10.62,0.41,0.14,21.2,yellow,credit card,Battery Park City,Gramercy,Manhattan,Manhattan
2019-03-31 04:09:04,2019-03-31 04:25:37,2,0.31,5.4,2.6,0.06,5.9,yellow,cash,Upper East Side South,Morningside Heights,Manhattan,Manhattan
2019-03-12 20:37:22,2019-03-12 20:51:35,1,1.32,14.2,0.46,0.05,27.17,yellow,credit card,West Village,Williamsburg (South Side),Manhattan,Brooklyn
2019-03-23 05:40:19,2019-03-23 05:57:08,1,3.46,7.05,0.54,0.36,11.5,yellow,cash,Murray Hill,Oakland Gardens,Manhattan,Queens
2019-03-22 09:22:28,2019-03-22 09:37:33,2,3.28,2.6,0.1,0.05,17.15,yellow,credit card,Sutton Place/Turtle Bay North,Downtown Brooklyn/MetroTech,Manhattan,Brooklyn
2019-03-31 20:17:43,2019-03-31 20:36:08,1,36.7,19.3,0.61,2.27,35.63,yellow,cash,Old Astoria,Bath Beach,Queens,Brooklyn
2019-03-19 14:55:38,2019-03-19 15:08:20,1,1.07,5.38,0.62,3.15,16.9,yellow,credit card,Jamaica,Times Sq/Theatre District,Queens,Manhattan
2019-03-01 19:21:53,2019-03-01 19:36:16,2,7.11,12.99,1.67,2.63,65.1,yellow,cash,LaGuardia Airport,Gravesend,Queens,Brooklyn
2019-03-12 07:28:36,2019-03-12 07:43:08,1,0.51,4.45,3.6,0.07,24.7,yellow,credit card,Union Sq,Union Sq,Manhattan,Manhattan
2019-03-22 10:11:39,2019-03-22 10:28:09,1,2.99,18.8,2.74,0.12,24.88,yellow,cash,Penn Station/Madison Sq West,Rosedale,Manhattan,Queens
2019-03-19 15:46:37,2019-03-19 16:00:08,2,4.13,2.0,0.44,0.14,17.87,yellow,credit card,Times Sq/Theatre District,Yorkville West,Manhattan,Manhattan
2019-03-17 12:57:18,2019-03-17 13:09:27,1,6.45,21.4,6.41,0.04,30.22,yellow,cash,Astoria,Battery Park City,Queens,Manhattan
2019-03-24 18:18:12,2019-03-24 18:32:03,6,1.55,3.9,0.9,0.14,23.13,yellow,credit card,Murray Hill,East Flatbush/Remsen Village,Manhattan,Brooklyn
2019-03-31 22:06:44,2019-03-31 22:19:50,1,0.7,4.0,0.69,0.11,56.41,yellow,cash,Williamsburg (North Side),Mott Haven/Port Morris,Brooklyn,Bronx
2019-03-12 08:32:52,2019-03-12 08:46:15,1,1.2,9.6,6.5,0.05,19.84,yellow,credit card,Midtown Center,Upper East Side North,Manhattan,Manhattan
2019-03-17 02:15:01,2019-03-17 02:30:38,1,2.25,8.1,1.31,0.18,27.93,yellow,cash,Manhattanville,Pelham Parkway,Manhattan,Bronx
2019-03-23 10:59:56,2019-03-23 11:15:56,0,1.49,10.0,5.51,0.02,14.43,yellow,credit card,Washington Heights South,Bushwick South,Manhattan,Brooklyn
2019-03-22 01:43:22,2019-03-22 01:56:52,1,2.65,11.5,3.77,0.06,15.59,yellow,cash,Upper East Side North,Stuyvesant Heights,Manhattan,Brooklyn
2019-02-28 22:57:41,2019-02-28 23:12:51,1,1.03,12.83,0.81,0.25,15.0,yellow,credit card,Penn Station/Madison Sq West,Richmond Hill,Manhattan,Queens
2019-03-28 14:32:37,2019-03-28 14:48:29,1,2.54,10.5,0.89,0.04,16.12,yellow,cash,TriBeCa/Civic Center,East Harlem South,Manhattan,Manhattan
2019-03-07 07:13:30,2019-03-07 07:27:09,2,9.94,12.3,3.26,0.58,64.12,yellow,credit card,LaGuardia Airport,Astoria,Queens,Queens
2019-03-17 01:52:09,2019-03-17 02:05:43,1,1.08,10.79,2.68,0.37,16.1,yellow,cash,Central Park,Douglaston,Manhattan,Queens
2019-03-02 23:17:48,2019-03-02 23:30:51,1,5.29,7.78,7.2,0.55,15.56,yellow,credit card,Midtown North,Lenox Hill West,Manhattan,Manhattan
2019-03-30 08:30:37,2019-03-30 08:46:38,1,3.67,5.6,0.34,0.34,16.73,yellow,cash,Gramercy,Dyker Heights,Manhattan,Brooklyn
2019-03-18 07:06:24,2019-03-18 07:18:50,1,0.15,9.2,0.23,0.05,53.05,yellow,credit card,Union Sq,Brooklyn Heights,Manhattan,Brooklyn
2019-03-20 10:50:06,2019-03-20 11:03:27,2,0.09,7.0,1.61,0.09,18.05,yellow,cash,Midtown South,Roosevelt Island,Manhattan,Manhattan
2019-03-17 14:12:58,2019-03-17 14:26:27,4,1.59,8.8,0.32,0.13,10.0,yellow,credit card,Manhattan Valley,Richmond Hill,Manhattan,Queens
2019-03-23 03:08:23,2019-03-23 03:19:48,2,1.31,11.32,1.21,0.0,17.7,yellow,cash,Upper West Side South,Sutton Place/Turtle Bay North,Manhattan,Manhattan
2019-03-08 11:31:22,2019-03-08 11:46:35,4,1.07,15.5,3.38,0.04,27.43,yellow,credit card,Sutton Place/Turtle Bay North,Mott Haven/Port Morris,Manhattan,Bronx
2019-03-18 15:15:08,2019-03-18 15:29:26,1,3.16,21.39,5.03,0.05,21.6,yellow,cash,Clinton West,Carroll Gardens,Manhattan,Brooklyn
2019-03-20 10:26:22,2019-03-20 10:41:09,1,0.99,8.0,1.32,0.54,37.22,yellow,credit card,East Tremont,Madison,Bronx,Brooklyn
2019-03-01 15:25:25,2019-03-01 15:39:54,1,0.95,10.91,7.7,0.07,12.6,yellow,cash,Midtown Center,Eastchester,Manhattan,Bronx
2019-03-07 01:30:33,2019-03-07 01:43:21,2,0.33,9.2,1.57,0.05,14.88,yellow,credit card,Central Park,Upper West Side South,Manhattan,Manhattan
2019-03-27 12:56:05,2019-03-27 13:09:57,1,3.12,9.22,4.46,0.05,9.9,yellow,cash,Central Park,Bushwick North,Manhattan,Brooklyn
2019-03-23 05:35:48,2019-03-23 05:50:10,1,0.13,7.8,0.59,0.01,10.11,yellow,credit card,Upper East Side South,Union Sq,Manhattan,Manhattan
2019-03-25 22:56:25,2019-03-25 23:09:45,1,6.85,43.7,3.03,1.33,74.74,yellow,cash,Rosedale,Greenwich Village South,Queens,Manhattan
2019-03-14 14:52:00,2019-03-14 15:06:18,1,5.38,16.89,2.65,0.17,18.9,yellow,credit card,Sutton Place/Turtle Bay North,Whitestone,Manhattan,Queens
2019-03-17 02:14:20,2019-03-17 02:28:13,0,0.69,8.8,1.32,0.26,9.66,yellow,cash,Lower East Side,Long Island City/Hunters Point,Manhattan,Queens
2019-03-26 00:11:28,2019-03-26 00:26:13,1,1.77,12.7,2.73,0.12,24.94,yellow,credit card,East Chelsea,Downtown Brooklyn/MetroTech,Manhattan,Brooklyn
2019-03-22 16:05:00,2019-03-22 16:17:35,1,1.81,13.7,3.02,0.11,28.07,yellow,cash,Midtown East,Madison,Manhattan,Brooklyn
2019-03-29 06:47:19,2019-03-29 07:02:37,1,2.25,7.8,0.57,0.1,11.48,yellow,credit card,Upper East Side South,Oakland Gardens,Manhattan,Queens
2019-03-21 13:09:38,2019-03-21 13:22:32,5,2.57,6.0,1.96,0.26,25.9,yellow,cash,Lenox Hill West,Bronxdale,Manhattan,Bronx
2019-03-05 00:47:09,2019-03-05 00:59:19,3,3.58,9.7,1.79,0.35,19.28,yellow,credit card,LaGuardia Airport,Jackson Heights,Queens,Queens
2019-03-21 08:58:18,2019-03-21 09:15:12,1,1.73,6.3,1.56,0.21,19.13,yellow,cash,East Harlem North,Midtown Center,Manhattan,Manhattan
2019-03-20 16:30:59,2019-03-20 16:46:22,2,10.58,1.3,2.57,4.9,45.4,yellow,credit card,JFK Airport,Flatiron,Queens,Manhattan
2019-03-13 03:20:20,2019-03-13 03:34:52,1,0.19,24.6,0.3,0.0,35.0,yellow,cash,West Chelsea/Hudson Yards,Alphabet City,Manhattan,Manhattan
2019-03-07 08:53:12,2019-03-07 09:07:04,1,0.41,7.4,0.94,0.04,14.26,yellow,credit card,West Village,Queensboro Hill,Manhattan,Queens
2019-03-03 14:23:34,2019-03-03 14:40:37,1,3.45,19.3,2.19,0.25,23.93,yellow,cash,Greenwich Village South,Spuyten Duyvil/Kingsbridge,Manhattan,Bronx
2019-03-07 00:44:00,2019-03-07 00:57:14,1,1.0,5.4,1.54,0.1,18.23,yellow,credit card,Flatiron,TriBeCa/Civic Center,Manhattan,Manhattan
2019-03-14 12:18:14,2019-03-14 12:31:21,1,0.16,11.3,2.3,0.26,35.8,yellow,cash,Meatpacking/West Village West,Upper East Side North,Manhattan,Manhattan
2019-03-27 18:41:42,2019-03-27 18:55:25,5,9.03,5.41,0.43,4.44,19.2,yellow,credit card,LaGuardia Airport,West Brighton,Queens,Staten Island
2019-03-09 11:55:02,2019-03-09 12:10:54,1,2.32,8.93,2.05,0.44,11.6,yellow,cash,TriBeCa/Civic Center,West Brighton,Manhattan,Staten Island
2019-03-23 00:15:16,2019-03-23 00:27:45,1,1.24,10.5,0.63,0.02,36.26,yellow,credit card,East Village,Richmond Hill,Manhattan,Queens
2019-03-08 18:33:45,2019-03-08 18:48:05,1,0.63,4.9,3.1,0.11,12.97,yellow,cash,Union Sq,Kips Bay,Manhattan,Manhattan
2019-03-20 01:50:47,2019-03-20 02:05:26,1,2.36,7.06,5.7,0.02,9.49,yellow,credit card,Greenwich Village South,Chinatown,Manhattan,Manhattan
2019-03-16 12:19:08,2019-03-16 12:34:10,6,8.06,31.2,5.14,7.7,49.86,yellow,cash,JFK Airport,Financial District North,Queens,Manhattan
2019-03-01 16:37:55,2019-03-01 16:54:12,1,0.66,12.0,0.11,0.77,25.31,yellow,credit card,East Concourse/Concourse Village,Woodhaven,Bronx,Queens
2019-03-19 17:24:49,2019-03-19 17:39:32,1,4.2,10.37,1.4,0.07,18.0,yellow,cash,West Chelsea/Hudson Yards,Canarsie,Manhattan,Brooklyn
2019-03-24 11:12:14,2019-03-24 11:28:30,2,6.14,18.45,1.16,1.57,35.3,yellow,credit card,JFK Airport,Kew Gardens,Queens,Queens
2019-03-29 02:26:22,2019-03-29 02:39:23,1,3.71,4.3,0.91,0.04,25.88,yellow,cash,Midtown South,Flatbush/Ditmas Park,Manhattan,Brooklyn
2019-03-01 15:22:51,2019-03-01 15:36:43,1,0.24,12.69,9.1,0.09,27.79,yellow,credit card,Battery Park City,Claremont/Bathgate,Manhattan,Bronx
2019-03-17 07:33:24,2019-03-17 07:45:57,2,0.5,11.7,4.92,0.05,13.21,yellow,cash,East Harlem North,Steinway,Manhattan,Queens
2019-03-18 10:17:35,2019-03-18 10:32:34,1,21.23,25.6,0.22,0.17,46.68,yellow,credit card,Parkchester,Ridgewood,Bronx,Queens
2019-03-02 06:06:20,2019-03-02 06:20:59,1,1.2,15.0,0.88,0.12,20.88,yellow,cash,Garment District,Red Hook,Manhattan,Brooklyn
2019-03-20 22:25:52,2019-03-20 22:39:14,1,1.93,7.5,1.38,0.18,10.76,yellow,credit card,Garment District,South Williamsburg,Manhattan,Brooklyn
2019-03-23 22:50:44,2019-03-23 23:05:44,1,2.8,6.4,0.51,0.16,26.55,yellow,cash,Manhattan Valley,Bay Ridge,Manhattan,Brooklyn
2019-03-08 01:36:29,2019-03-08 01:51:57,3,3.54,3.47,1.39,2.33,10.5,yellow,credit card,Whitestone,Inwood Hill Park,Queens,Manhattan
2019-03-18 12:41:55,2019-03-18 12:55:31,2,6.59,4.5,0.5,0.11,7.71,yellow,cash,West Chelsea/Hudson Yards,East Williamsburg,Manhattan,Brooklyn
2019-02-28 13:24:33,2019-02-28 13:39:06,1,5.26,8.9,0.13,0.08,14.44,yellow,credit card,Lower East Side,Morrisania/Melrose,Manhattan,Bronx
2019-03-11 07:28:09,2019-03-11 07:42:52,1,2.15,7.3,2.39,0.12,13.04,yellow,cash,Upper West Side South,Flatbush/Ditmas Park,Manhattan,Brooklyn
2019-03-15 06:57:28,2019-03-15 07:12:35,1,2.75,14.12,5.5,0.62,24.24,yellow,credit card,LaGuardia Airport,Washington Heights North,Queens,Manhattan
2019-03-19 17:34:14,2019-03-19 17:49:15,1,0.49,4.8,0.04,0.09,31.21,yellow,cash,Gramercy,Woodside,Manhattan,Queens
2019-03-08 07:24:46,2019-03-08 07:36:37,1,0.57,18.84,0.79,0.01,19.0,yellow,credit card,Midtown East,Flushing Meadows-Corona Park,Manhattan,Queens
2019-03-20 13:16:58,2019-03-20 13:31:29,5,1.17,9.0,0.8,0.08,20.15,yellow,cash,Little Italy/NoLiTa,Douglaston,Manhattan,Queens
2019-03-09 01:48:49,2019-03-09 01:59:51,1,1.37,17.45,0.01,0.03,31.9,yellow,credit card,Lenox Hill West,Hillcrest/Pomonok,Manhattan,Queens
2019-03-11 07:06:59,2019-03-11 07:20:35,1,3.6,14.4,6.05,0.08,36.24,yellow,cash,West Village,SoHo,Manhattan,Manhattan
2019-03-03 01:24:41,2019-03-03 01:38:31,2,0.86,7.24,0.68,0.07,15.7,yellow,credit card,Hamilton Heights,Little Italy/NoLiTa,Manhattan,Manhattan
2019-03-29 12:18:44,2019-03-29 12:31:09,1,2.21,14.38,0.14,0.05,16.1,yellow,cash,Times Sq/Theatre District,Highbridge,Manhattan,Bronx
2019-03-07 23:09:04,2019-03-07 23:22:28,2,1.19,5.5,3.06,0.27,12.57,yellow,credit card,Midtown East,World Trade Center,Manhattan,Manhattan
2019-03-11 20:26:24,2019-03-11 20:43:20,1,4.42,14.4,0.51,0.21,31.2,yellow,cash,Central Park,Melrose South,Manhattan,Bronx
2019-03-14 22:43:41,2019-03-14 22:58:54,1,2.57,8.0,1.05,0.06,11.95,yellow,credit card,East Village,Midwood,Manhattan,Brooklyn
2019-03-26 17:51:10,2019-03-26 18:06:49,1,5.29,13.54,1.49,0.19,24.6,yellow,cash,Morningside Heights,Jackson Heights,Manhattan,Queens
2019-03-03 23:26:55,2019-03-03 23:41:34,1,2.75,2.6,1.93,0.16,22.85,yellow,credit card,Midtown Center,Windsor Terrace,Manhattan,Brooklyn
2019-03-06 09:32:55,2019-03-06 09:45:38,1,2.21,12.7,0.54,0.01,21.66,yellow,cash,East Chelsea,Mott Haven/Port Morris,Manhattan,Bronx
2019-03-16 13:25:46,2019-03-16 13:40:01,1,1.28,15.85,1.8,0.24,33.2,yellow,credit card,Kips Bay,East New York,Manhattan,Brooklyn
2019-03-17 03:32:48,2019-03-17 03:46:02,1,5.28,3.5,0.58,0.04,18.47,yellow,cash,Upper East Side North,Bath Beach,Manhattan,Brooklyn
2019-03-12 12:35:13,2019-03-12 12:50:13,2,4.03,8.48,1.44,0.1,11.6,yellow,credit card,West Chelsea/Hudson Yards,West Brighton,Manhattan,Staten Island
2019-03-22 11:14:17,2019-03-22 11:29:58,1,0.92,32.2,1.42,1.23,62.3,yellow,cash,Elmhurst,Gravesend,Queens,Brooklyn
2019-03-20 15:13:27,2019-03-20 15:26:25,1,3.63,11.6,0.2,0.4,12.0,yellow,credit card,Penn Station/Madison Sq West,Crotona Park East,Manhattan,Bronx
2019-03-25 19:56:06,2019-03-25 20:09:56,1,2.33,3.55,3.0,0.09,12.11,yellow,cash,Midtown North,Astoria,Manhattan,Queens
2019-03-19 14:43:11,2019-03-19 14:57:28,1,9.24,7.4,0.42,0.14,26.72,yellow,credit card,Fort Greene,Kew Gardens Hills,Brooklyn,Queens
2019-03-15 18:43:29,2019-03-15 18:57:03,1,0.87,14.11,1.99,0.01,14.6,yellow,cash,Bloomingdale,Battery Park,Manhattan,Manhattan
2019-03-06 00:20:50,2019-03-06 00:35:24,1,7.72,9.3,2.16,0.26,16.03,yellow,credit card,Midtown Center,Flushing,Manhattan,Queens
2019-03-19 08:06:52,2019-03-19 08:21:58,1,7.34,3.0,0.26,0.25,16.08,yellow,cash,East Harlem South,Gowanus,Manhattan,Brooklyn
2019-03-12 14:24:43,2019-03-12 14:39:14,1,2.27,5.5,0.03,0.19,10.69,yellow,credit card,Greenwich Village South,JFK Airport,Manhattan,Queens
2019-03-15 11:22:44,2019-03-15 11:36:11,2,1.69,12.7,0.31,0.08,21.78,yellow,cash,Meatpacking/West Village West,Hudson Sq,Manhattan,Manhattan
2019-03-27 21:21:12,2019-03-27 21:35:09,5,0.65,1.8,1.37,0.24,9.16,yellow,credit card,Upper East Side South,Midwood,Manhattan,Brooklyn
2019-03-30 10:13:15,2019-03-30 10:28:19,1,0.17,8.3,2.23,0.17,15.25,yellow,cash,Alphabet City,Hamilton Heights,Manhattan,Manhattan
2019-03-21 16:15:13,2019-03-21 16:28:53,1,3.93,10.3,0.51,0.57,15.59,yellow,credit card,Murray Hill,Lincoln Square West,Manhattan,Manhattan
2019-03-18 19:46:50,2019-03-18 20:00:39,1,0.6,9.7,2.78,0.03,32.74,yellow,cash,Sutton Place/Turtle Bay North,Ridgewood,Manhattan,Queens
2019-03-22 01:17:35,2019-03-22 01:35:04,1,4.11,5.3,0.11,0.23,15.89,yellow,credit card,Lenox Hill West,TriBeCa/Civic Center,Manhattan,Manhattan
2019-03-26 03:49:09,2019-03-26 04:01:15,4,0.31,9.1,0.49,0.69,22.72,yellow,cash,Downtown Brooklyn/MetroTech,Downtown Brooklyn/MetroTech,Brooklyn,Brooklyn
2019-03-29 13:15:13,2019-03-29 13:29:18,1,0.47,17.22,2.1,0.04,38.0,yellow,credit card,Gramercy,Norwood,Manhattan,Bronx
2019-03-24 16:24:43,2019-03-24 16:39:28,2,10.16,7.1,3.19,0.14,20.78,yellow,cash,Upper East Side South,Hamilton Heights,Manhattan,Manhattan
2019-03-01 17:41:46,2019-03-01 17:56:40,2,9.73,16.1,0.78,0.63,49.85,yellow,credit card,LaGuardia Airport,Times Sq/Theatre District,Queens,Manhattan
2019-03-19 23:28:09,2019-03-19 23:41:58,2,3.83,7.4,0.42,0.04,27.1,yellow,cash,Yorkville East,Roosevelt Island,Manhattan,Manhattan
2019-03-22 05:47:51,2019-03-22 06:00:06,1,0.11,5.5,5.31,0.36,10.95,yellow,credit card,Penn Station/Madison Sq West,Midtown Center,Manhattan,Manhattan
2019-03-11 00:28:57,2019-03-11 00:43:28,1,4.57,10.8,2.49,0.22,14.1,yellow,cash,Midtown East,Ozone Park,Manhattan,Queens
2019-03-07 20:08:21,2019-03-07 20:24:13,1,0.15,5.5,2.14,0.16,10.79,yellow,credit card,Lincoln Square East,Highbridge,Manhattan,Bronx
2019-03-19 15:41:55,2019-03-19 15:56:42,1,6.23,5.9,1.0,0.25,17.93,yellow,cash,West Village,Soundview/Castle Hill,Manhattan,Bronx
2019-03-17 05:37:59,2019-03-17 05:51:27,2,3.92,6.0,0.79,0.02,17.61,yellow,credit card,Midtown East,Belmont,Manhattan,Bronx
2019-03-18 22:16:27,2019-03-18 22:31:18,1,0.76,11.5,2.25,0.09,15.35,yellow,cash,Lenox Hill West,Prospect-Lefferts Gardens,Manhattan,Brooklyn
2019-03-11 05:23:30,2019-03-11 05:34:23,1,2.7,6.1,1.19,0.26,9.4,yellow,credit card,Midtown Center,Riverdale/North Riverdale/Fieldston,Manhattan,Bronx
2019-03-28 06:37:00,2019-03-28 06:51:55,6,0.89,6.4,0.23,0.01,10.91,yellow,cash,Brooklyn Heights,Gowanus,Brooklyn,Brooklyn
2019-03-20 07:11:27,2019-03-20 07:26:53,1,0.47,7.3,3.22,0.04,21.52,yellow,credit card,Greenwich Village North,North Corona,Manhattan,Queens
2019-03-20 23:40:31,2019-03-20 23:53:42,1,1.71,34.07,1.5,0.34,34.5,yellow,cash,Williamsburg (South Side),South Jamaica,Brooklyn,Queens
2019-03-21 01:29:57,2019-03-21 01:44:26,1,3.68,6.9,2.59,0.3,7.92,yellow,credit card,Upper East Side North,Queens Village,Manhattan,Queens
2019-03-28 17:47:45,2019-03-28 18:01:27,1,1.5,10.08,1.94,0.39,16.0,yellow,cash,East Chelsea,Downtown Brooklyn/MetroTech,Manhattan,Brooklyn
2019-03-26 14:53:01,2019-03-26 15:05:42,1,2.21,13.9,0.01,0.31,15.05,yellow,credit card,Stuy Town/Peter Cooper Village,Elmhurst/Maspeth,Manhattan,Queens
2019-03-31 09:08:43,2019-03-31 09:22:51,1,3.37,18.2,1.75,0.13,31.84,yellow,cash,World Trade Center,West Village,Manhattan,Manhattan
2019-03-16 18:36:29,2019-03-16 18:51:38,2,0.7,6.95,1.04,0.13,7.0,yellow,credit card,Bedford,Prospect Park,Brooklyn,Brooklyn
2019-03-17 17:44:48,2019-03-17 17:59:45,1,0.81,8.7,0.36,0.07,20.45,yellow,cash,Upper East Side North,Randalls Island,Manhattan,Manhattan
2019-03-20 20:10:32,2019-03-20 20:23:59,1,6.16,8.0,3.41,0.08,10.87,yellow,credit card,Lincoln Square East,Prospect-Lefferts Gardens,Manhattan,Brooklyn
2019-03-20 19:20:20,2019-03-20 19:33:51,1,2.23,11.71,6.38,0.11,23.5,yellow,cash,West Village,Mott Haven/Port Morris,Manhattan,Bronx
2019-03-30 12:27:23,2019-03-30 12:41:38,1,0.62,12.45,2.32,0.19,12.8,yellow,credit card,East Chelsea,Crotona Park East,Manhattan,Bronx
2019-03-18 16:57:49,2019-03-18 17:09:15,1,0.07,5.1,1.97,0.26,18.35,yellow,cash,Midtown Center,East Harlem South,Manhattan,Manhattan
2019-03-09 01:00:11,2019-03-09 01:14:43,1,0.96,4.6,0.22,0.33,12.44,yellow,credit card,Lenox Hill East,Cambria Heights,Manhattan,Queens
2019-03-14 19:57:15,2019-03-14 20:13:03,2,1.56,17.73,4.36,0.02,19.3,yellow,cash,Lincoln Square West,Ocean Hill,Manhattan,Brooklyn
2019-03-03 16:54:33,2019-03-03 17:09:58,1,8.46,21.6,1.94,0.84,33.68,yellow,credit card,South Jamaica,Ridgewood,Queens,Queens
2019-03-08 11:38:43,2019-03-08 11:54:53,3,0.23,13.33,2.54,0.08,13.6,yellow,cash,Lincoln Square East,Red Hook,Manhattan,Brooklyn
2019-03-30 10:24:21,2019-03-30 10:38:01,1,4.25,8.7,0.78,0.35,17.15,yellow,credit card,Lincoln Square West,Spuyten Duyvil/Kingsbridge,Manhattan,Bronx
2019-03-27 13:43:00,2019-03-27 13:58:43,1,4.16,11.5,0.26,0.02,18.76,yellow,cash,Midtown North,Flatbush/Ditmas Park,Manhattan,Brooklyn
2019-03-15 11:30:23,2019-03-15 11:45:23,1,9.32,24.66,0.45,0.16,25.3,yellow,credit card,Downtown Brooklyn/MetroTech,Fresh Meadows,Brooklyn,Queens
2019-03-21 22:28:10,2019-03-21 22:45:00,1,3.33,5.5,0.57,0.01,12.91,yellow,cash,West Village,Washington Heights South,Manhattan,Manhattan
2019-03-05 09:09:00,2019-03-05 09:23:05,1,3.53,8.1,0.63,0.17,12.69,yellow,credit card,Murray Hill,Long Island City/Queens Plaza,Manhattan,Queens
2019-03-08 09:09:44,2019-03-08 09:23:59,2,0.05,9.7,2.98,0.5,27.22,yellow,cash,Kew Gardens,Williamsburg (South Side),Queens,Brooklyn
2019-03-06 07:40:15,2019-03-06 07:53:09,1,3.1,5.1,0.54,0.49,13.8,yellow,credit card,Midtown South,Brighton Beach,Manhattan,Brooklyn
2019-03-23 17:18:56,2019-03-23 17:31:44,1,6.98,18.4,1.25,0.32,145.0,yellow,cash,Greenpoint,Bloomingdale,Brooklyn,Manhattan
2019-03-11 14:57:20,2019-03-11 15:10:28,1,0.9,7.4,0.01,0.01,14.33,yellow,credit card,Lenox Hill West,Bloomingdale,Manhattan,Manhattan
2019-03-05 18:04:09,2019-03-05 18:17:59,2,3.66,6.6,0.04,0.28,19.77,yellow,cash,Fort Greene,Upper West Side North,Brooklyn,Manhattan
2019-03-08 16:08:57,2019-03-08 16:24:38,1,0.88,9.7,5.12,0.11,14.09,yellow,credit card,East Harlem North,West Chelsea/Hudson Yards,Manhattan,Manhattan
2019-03-28 10:46:29,2019-03-28 10:59:55,2,2.83,7.48,0.04,0.04,11.6,yellow,cash,Lenox Hill East,Fort Greene,Manhattan,Brooklyn
2019-03-22 20:41:42,2019-03-22 20:53:16,5,0.09,9.4,0.67,0.12,14.92,yellow,credit card,Greenwich Village South,World Trade Center,Manhattan,Manhattan
2019-03-08 20:50:47,2019-03-08 21:05:23,1,5.33,7.8,1.41,0.54,11.93,yellow,cash,Times Sq/Theatre District,Lower East Side,Manhattan,Manhattan
2019-03-21 05:21:08,2019-03-21 05:34:18,1,0.75,19.29,1.97,4.82,26.7,yellow,credit card,JFK Airport,Maspeth,Queens,Queens
2019-03-12 12:44:41,2019-03-12 13:00:38,1,0.82,7.7,0.97,0.02,21.81,yellow,cash,Midtown Center,Greenwich Village South,Manhattan,Manhattan
2019-03-22 09:07:50,2019-03-22 09:23:19,1,0.17,4.7,0.75,0.21,10.71,yellow,credit card,Lenox Hill East,Parkchester,Manhattan,Bronx
2019-03-12 11:26:26,2019-03-12 11:40:09,1,1.99,5.46,3.1,0.08,8.49,yellow,cash,West Village,Greenwich Village South,Manhattan,Manhattan
2019-03-02 18:10:35,2019-03-02 18:23:41,1,0.12,11.62,2.78,0.06,20.7,yellow,credit card,Alphabet City,Randalls Island,Manhattan,Manhattan
2019-03-10 11:39:25,2019-03-10 11:53:23,2,0.62,12.6,1.27,0.08,29.03,yellow,cash,Greenwich Village South,Whitestone,Manhattan,Queens
2019-03-29 08:41:30,2019-03-29 08:57:51,2,16.69,9.6,0.84,1.3,10.35,yellow,credit card,LaGuardia Airport,Rego Park,Queens,Queens
2019-03-21 07:20:39,2019-03-21 07:34:13,1,1.28,28.1,0.6,2.57,29.22,yellow,cash,Astoria,Washington Heights North,Queens,Manhattan
2019-03-11 06:56:22,2019-03-11 07:09:24,1,0.13,5.17,3.77,0.18,26.6,yellow,credit card,Murray Hill,Pelham Parkway,Manhattan,Bronx
2019-03-30 19:54:32,2019-03-30 20:09:41,1,0.27,9.7,0.52,0.1,10.56,yellow,cash,Greenwich Village North,JFK Airport,Manhattan,Queens
2019-03-02 03:53:51,2019-03-02 04:08:01,1,10.85,12.9,0.98,0.29,27.08,yellow,credit card,LaGuardia Airport,Flushing,Queens,Queens
2019-03-13 11:35:15,2019-03-13 11:50:07,1,10.84,26.8,3.76,0.83,42.62,yellow,cash,JFK Airport,Flushing,Queens,Queens
2019-03-17 07:41:06,2019-03-17 07:56:22,1,4.14,6.5,0.12,0.25,8.77,yellow,credit card,Yorkville West,Fort Greene,Manhattan,Brooklyn
2019-03-17 23:09:25,2019-03-17 23:25:22,1,1.31,8.6,1.63,0.22,15.72,yellow,cash,Upper East Side North,Allerton/Pelham Gardens,Manhattan,Bronx
2019-03-19 22:08:22,2019-03-19 22:23:16,2,0.24,16.92,0.51,0.88,22.3,yellow,credit card,West Farms/Bronx River,Mott Haven/Port Morris,Bronx,Bronx
2019-02-28 13:29:47,2019-02-28 13:44:49,1,7.24,22.5,0.56,0.27,25.25,yellow,cash,Downtown Brooklyn/MetroTech,Manhattan Valley,Brooklyn,Manhattan
2019-02-28 10:19:48,2019-02-28 10:33:35,2,0.35,14.38,3.57,0.14,17.8,yellow,credit card,Hudson Sq,Murray Hill-Queens,Manhattan,Queens
2019-03-09 12:35:17,2019-03-09 12:49:22,1,0.52,10.6,0.03,0.01,14.46,yellow,cash,East Chelsea,West Village,Manhattan,Manhattan
2019-03-15 01:14:11,2019-03-15 01:29:58,1,10.06,7.3,3.08,0.22,12.33,yellow,credit card,Manhattan Valley,East Williamsburg,Manhattan,Brooklyn
2019-03-16 23:24:33,2019-03-16 23:38:16,5,4.74,21.8,1.3,0.36,24.54,yellow,cash,Greenwich Village North,Claremont/Bathgate,Manhattan,Bronx
2019-03-14 20:17:20,2019-03-14 20:32:18,1,0.78,6.7,0.36,0.37,24.53,yellow,credit card,Midtown North,Washington Heights South,Manhattan,Manhattan
2019-03-16 13:48:55,2019-03-16 14:02:26,1,3.02,15.14,0.46,0.03,18.3,yellow,cash,Upper West Side South,University Heights/Morris Heights,Manhattan,Bronx
2019-03-06 15:42:34,2019-03-06 15:55:02,5,4.02,2.9,1.97,0.04,42.7,yellow,credit card,Lincoln Square East,Cambria Heights,Manhattan,Queens
2019-03-29 18:11:47,2019-03-29 18:25:11,1,1.77,7.8,3.81,0.2,12.47,yellow,cash,Gramercy,Kew Gardens Hills,Manhattan,Queens
2019-03-17 11:34:39,2019-03-17 11:45:50,1,1.97,11.1,1.02,0.09,12.48,yellow,credit card,East Harlem South,Prospect Heights,Manhattan,Brooklyn
2019-03-20 03:33:29,2019-03-20 03:49:02,1,2.98,8.2,3.86,0.22,23.16,yellow,cash,Clinton East,Hamilton Heights,Manhattan,Manhattan
2019-03-01 20:58:33,2019-03-01 21:14:15,3,5.83,5.7,0.47,0.16,21.07,yellow,credit card,Yorkville West,Hillcrest/Pomonok,Manhattan,Queens
2019-03-04 16:28:10,2019-03-04 16:42:59,1,0.61,9.63,3.16,0.13,9.8,yellow,cash,Clinton East,Chinatown,Manhattan,Manhattan
2019-03-29 15:36:40,2019-03-29 15:52:22,4,3.1,10.6,5.57,0.03,25.96,yellow,credit card,Meatpacking/West Village West,Downtown Brooklyn/MetroTech,Manhattan,Brooklyn
2019-03-27 02:06:23,2019-03-27 02:21:22,3,2.95,8.62,0.53,0.17,27.8,yellow,cash,Clinton East,Bay Ridge,Manhattan,Brooklyn
2019-03-11 13:07:38,2019-03-11 13:24:43,1,0.6,9.0,5.86,0.13,10.27,yellow,credit card,Times Sq/Theatre District,Spuyten Duyvil/Kingsbridge,Manhattan,Bronx
2019-03-29 00:34:54,2019-03-29 00:50:54,2,24.63,34.7,0.4,2.42,67.13,yellow,cash,Woodside,Murray Hill,Queens,Manhattan
2019-03-01 02:51:44,2019-03-01 03:05:07,1,3.28,5.6,1.73,0.04,19.46,yellow,credit card,Central Harlem,Richmond Hill,Manhattan,Queens
2019-03-31 10:47:51,2019-03-31 11:02:35,1,4.14,20.4,2.25,2.92,33.9,yellow,cash,JFK Airport,Springfield Gardens South,Queens,Queens
2019-03-11 07:30:52,2019-03-11 07:46:33,4,1.13,17.0,3.24,0.0,19.37,yellow,credit card,Upper West Side South,Auburndale,Manhattan,Queens
2019-03-24 21:07:27,2019-03-24 21:18:52,2,2.36,5.3,0.41,0.02,13.87,yellow,cash,Times Sq/Theatre District,Hunts Point,Manhattan,Bronx
2019-03-27 23:46:05,2019-03-28 00:02:44,2,3.22,2.04,1.0,1.17,18.11,yellow,credit card,Forest Hills,Central Harlem North,Queens,Manhattan
2019-03-18 22:17:11,2019-03-18 22:32:19,1,3.68,9.4,1.1,0.18,13.94,yellow,cash,Greenwich Village North,Jamaica,Manhattan,Queens
2019-03-29 14:16:04,2019-03-29 14:27:52,1,5.18,43.68,1.34,3.29,43.7,yellow,credit card,South Jamaica,Financial District South,Queens,Manhattan
2019-03-16 12:33:31,2019-03-16 12:49:35,5,0.33,12.3,3.81,0.07,22.46,yellow,cash,Times Sq/Theatre District,Sheepshead Bay,Manhattan,Brooklyn
2019-03-22 17:56:13,2019-03-22 18:12:32,1,1.46,8.89,2.5,0.02,18.5,yellow,credit card,Upper East Side North,Park Slope,Manhattan,Brooklyn
2019-03-08 08:17:41,2019-03-08 08:31:06,1,1.39,6.1,1.19,1.62,13.07,yellow,cash,JFK Airport,Woodlawn/Wakefield,Queens,Bronx
2019-03-25 17:34:39,2019-03-25 17:48:58,1,2.6,14.8,3.13,0.36,16.06,yellow,credit card,Bloomingdale,Canarsie,Manhattan,Brooklyn
2019-03-11 13:52:09,2019-03-11 14:05:17,1,2.02,9.2,1.09,0.2,12.38,yellow,cash,Lincoln Square East,Brooklyn Navy Yard,Manhattan,Brooklyn
2019-03-02 11:40:11,2019-03-02 11:56:53,1,0.08,7.5,0.77,0.21,14.89,yellow,credit card,Erasmus,Van Nest/Morris Park,Brooklyn,Bronx
2019-03-18 01:36:02,2019-03-18 01:48:18,5,10.7,15.6,1.04,1.02,38.24,yellow,cash,Flushing,Alphabet City,Queens,Manhattan
2019-03-03 20:58:10,2019-03-03 21:11:56,4,2.27,9.9,0.3,0.16,13.66,yellow,credit card,Cobble Hill,Marine Park/Mill Basin,Brooklyn,Brooklyn
2019-02-28 09:04:43,2019-02-28 09:18:33,1,1.13,7.8,0.16,0.08,19.84,yellow,cash,Midtown South,Fort Greene,Manhattan,Brooklyn
2019-03-25 15:27:47,2019-03-25 15:42:30,4,2.94,1.7,0.76,1.6,31.56,yellow,credit card,Cambria Heights,Marine Park/Mill Basin,Queens,Brooklyn
2019-03-03 04:13:27,2019-03-03 04:28:48,1,0.8,16.4,2.13,0.21,17.91,yellow,cash,Upper West Side South,Prospect Park,Manhattan,Brooklyn
2019-03-28 21:59:49,2019-03-28 22:14:15,1,4.79,9.0,0.17,0.14,18.83,yellow,credit card,Midtown Center,Morrisania/Melrose,Manhattan,Bronx
2019-03-20 09:32:29,2019-03-20 09:46:34,1,2.48,11.8,0.1,0.65,12.72,yellow,cash,East Concourse/Concourse Village,East Elmhurst,Bronx,Queens
2019-03-01 18:02:14,2019-03-01 18:16:04,2,10.27,1.74,2.19,3.2,15.2,yellow,credit card,Queensbridge/Ravenswood,Roosevelt Island,Queens,Manhattan
2019-03-20 15:36:32,2019-03-20 15:51:17,1,8.08,10.12,3.55,0.54,11.6,yellow,cash,Elmhurst,Fort Greene,Queens,Brooklyn
2019-03-29 17:58:41,2019-03-29 18:13:39,1,2.24,5.02,2.2,0.06,8.86,yellow,credit card,Upper West Side South,Maspeth,Manhattan,Queens
2019-03-25 00:01:35,2019-03-25 00:16:33,1,0.98,8.3,4.09,0.0,12.45,yellow,cash,Yorkville West,Canarsie,Manhattan,Brooklyn
2019-03-27 22:07:14,2019-03-27 22:20:48,1,1.67,5.3,1.69,0.06,29.33,yellow,credit card,Midtown South,Yorkville East,Manhattan,Manhattan
2019-03-18 00:36:36,2019-03-18 00:50:20,1,2.11,5.4,0.82,0.14,6.56,yellow,cash,West Village,Bushwick North,Manhattan,Brooklyn
2019-03-18 03:39:46,2019-03-18 03:54:35,1,3.33,14.49,0.16,0.84,31.9,yellow,credit card,East Concourse/Concourse Village,Middle Village,Bronx,Queens
2019-03-24 10:13:58,2019-03-24 10:26:34,1,5.73,6.2,0.74,0.03,6.63,yellow,cash,Upper East Side North,Ridgewood,Manhattan,Queens
2019-03-09 06:24:44,2019-03-09 06:38:30,1,0.27,9.5,4.19,0.03,24.73,yellow,credit card,East Chelsea,Canarsie,Manhattan,Brooklyn
2019-03-19 17:22:02,2019-03-19 17:36:33,1,1.37,7.58,0.62,0.51,26.0,yellow,cash,West Village,Mount Hope,Manhattan,Bronx
2019-03-11 02:45:44,2019-03-11 02:59:45,1,0.7,10.6,1.1,0.03,12.65,yellow,credit card,Midtown Center,Midtown South,Manhattan,Manhattan
2019-03-28 22:02:58,2019-03-28 22:16:16,1,3.1,3.4,0.53,0.17,14.49,yellow,cash,Greenwich Village North,Mount Hope,Manhattan,Bronx
2019-03-24 15:30:06,2019-03-24 15:45:19,1,1.52,15.35,2.0,0.1,29.6,yellow,credit card,Gramercy,Middle Village,Manhattan,Queens
2019-03-03 05:14:29,2019-03-03 05:28:59,1,4.35,9.3,2.11,0.01,27.51,yellow,cash,Yorkville West,Flatbush/Ditmas Park,Manhattan,Brooklyn
2019-03-01 20:36:40,2019-03-01 20:49:50,2,0.01,6.9,0.52,0.34,20.15,yellow,credit card,Cobble Hill,Randalls Island,Brooklyn,Manhattan
2019-03-17 07:08:01,2019-03-17 07:20:20,2,0.71,13.45,0.17,0.2,18.0,yellow,cash,Park Slope,Manhattan Beach,Brooklyn,Brooklyn
2019-03-24 15:24:51,2019-03-24 15:36:32,1,1.83,6.03,1.86,0.12,9.1,yellow,credit card,Fort Greene,Cypress Hills,Brooklyn,Brooklyn
2019-03-31 19:17:46,2019-03-31 19:31:35,1,2.14,5.4,2.12,0.13,19.7,yellow,cash,Clinton West,World Trade Center,Manhattan,Manhattan
2019-03-22 01:24:24,2019-03-22 01:38:35,5,10.44,26.2,0.23,0.82,64.6,yellow,credit card,Steinway,Lower East Side,Queens,Manhattan
2019-03-29 20:54:25,2019-03-29 21:08:37,6,0.45,4.9,2.06,0.35,24.13,yellow,cash,Gowanus,Kingsbridge Heights,Brooklyn,Bronx
2019-03-31 00:03:15,2019-03-31 00:17:08,1,1.5,9.2,1.0,0.15,10.08,yellow,credit card,Midtown East,Two Bridges/Seward Park,Manhattan,Manhattan
2019-03-18 21:51:50,2019-03-18 22:08:40,1,0.01,10.8,2.34,0.14,19.37,yellow,cash,Murray Hill,Douglaston,Manhattan,Queens
2019-03-22 23:49:20,2019-03-23 00:04:01,1,3.62,8.0,6.39,0.1,11.93,yellow,credit card,Midtown South,Soundview/Bruckner,Manhattan,Bronx
2019-03-16 06:47:12,2019-03-16 07:04:29,2,4.23,10.42,0.32,0.01,13.6,yellow,cash,East Concourse/Concourse Village,Manhattan Valley,Bronx,Manhattan
2019-03-11 09:23:04,2019-03-11 09:37:09,1,4.8,3.2,0.68,0.15,10.21,yellow,credit card,West Village,TriBeCa/Civic Center,Manhattan,Manhattan
2019-02-28 08:25:06,2019-02-28 08:41:14,1,4.1,6.0,1.18,0.13,20.6,yellow,cash,Penn Station/Madison Sq West,Brooklyn Heights,Manhattan,Brooklyn
2019-02-28 01:23:13,2019-02-28 01:37:39,1,0.6,11.6,0.74,0.17,16.37,yellow,credit card,Hudson Sq,Midwood,Manhattan,Brooklyn
2019-03-18 17:14:54,2019-03-18 17:33:19,4,2.93,6.2,1.3,0.0,21.69,yellow,cash,Lincoln Square West,Corona,Manhattan,Queens
2019-03-12 22:13:54,2019-03-12 22:26:33,2,8.21,11.8,0.93,0.45,12.72,yellow,credit card,East Village,Highbridge,Manhattan,Bronx
2019-03-24 07:13:40,2019-03-24 07:30:25,1,0.72,12.77,0.13,0.01,24.4,yellow,cash,Lincoln Square East,World Trade Center,Manhattan,Manhattan
2019-03-26 09:57:52,2019-03-26 10:09:47,1,8.21,19.68,0.07,0.43,42.3,yellow,credit card,Penn Station/Madison Sq West,Rosedale,Manhattan,Queens
2019-03-06 14:37:11,2019-03-06 14:51:57,1,0.22,6.9,1.92,0.06,19.04,yellow,cash,Murray Hill,Old Astoria,Manhattan,Queens
2019-03-31 10:00:34,2019-03-31 10:13:19,1,0.36,11.3,5.25,0.11,12.44,yellow,credit card,Midtown North,Central Harlem North,Manhattan,Manhattan
2019-03-19 22:58:26,2019-03-19 23:14:25,1,3.07,12.11,1.75,0.14,12.3,yellow,cash,Gramercy,Bay Ridge,Manhattan,Brooklyn
2019-03-20 09:03:00,2019-03-20 09:18:48,5,4.36,10.2,3.48,0.3,18.62,yellow,credit card,UN/Turtle Bay South,East Williamsburg,Manhattan,Brooklyn
2019-03-28 07:49:54,2019-03-28 08:04:09,6,2.47,11.2,0.27,0.01,12.3,yellow,cash,Central Harlem,Bedford,Manhattan,Brooklyn
2019-03-02 02:33:51,2019-03-02 02:49:18,6,1.78,17.4,0.88,0.15,20.8,yellow,credit card,West Chelsea/Hudson Yards,East Concourse/Concourse Village,Manhattan,Bronx
2019-03-15 22:11:27,2019-03-15 22:24:49,1,9.57,10.88,0.31,1.18,33.9,yellow,cash,Mount Hope,Eastchester,Bronx,Bronx
2019-03-01 14:09:10,2019-03-01 14:23:43,1,4.75,5.5,1.38,0.04,17.31,yellow,credit card,SoHo,Van Nest/Morris Park,Manhattan,Bronx
2019-03-10 16:08:07,2019-03-10 16:23:55,1,4.27,11.2,0.42,0.43,23.4,yellow,cash,Central Park,Brownsville,Manhattan,Brooklyn
2019-03-04 12:09:13,2019-03-04 12:23:14,0,1.18,14.5,3.35,0.01,17.32,yellow,credit card,Upper West Side South,Cambria Heights,Manhattan,Queens
2019-03-21 00:01:09,2019-03-21 00:14:18,1,0.61,9.12,0.95,0.13,41.2,yellow,cash,Williamsburg (North Side),Hamilton Heights,Brooklyn,Manhattan
2019-03-22 04:23:10,2019-03-22 04:37:23,1,0.38,9.0,3.09,0.13,11.32,yellow,credit card,Lower East Side,Financial District South,Manhattan,Manhattan
2019-03-12 15:40:09,2019-03-12 15:53:01,1,2.1,10.85,0.68,0.1,41.4,yellow,cash,Lincoln Square East,Bedford,Manhattan,Brooklyn
2019-03-26 09:56:37,2019-03-26 10:11:37,1,3.09,12.81,0.1,1.0,33.8,yellow,credit card,Madison,Central Park,Brooklyn,Manhattan
2019-03-12 16:33:45,2019-03-12 16:50:28,1,13.68,11.8,0.22,0.06,21.88,yellow,cash,Gramercy,East Tremont,Manhattan,Bronx
2019-03-08 11:47:52,2019-03-08 12:00:54,1,2.4,6.48,4.32,0.01,7.0,yellow,credit card,Battery Park City,Highbridge,Manhattan,Bronx
2019-03-19 00:23:46,2019-03-19 00:40:37,1,3.79,11.7,1.67,0.31,15.94,yellow,cash,Yorkville East,Hudson Sq,Manhattan,Manhattan
2019-03-12 12:30:31,2019-03-12 12:44:55,2,8.26,32.26,0.46,0.47,84.3,yellow,credit card,Boerum Hill,Brooklyn Heights,Brooklyn,Brooklyn
2019-03-19 14:48:18,2019-03-19 15:02:32,1,1.26,2.4,1.81,0.04,11.51,yellow,cash,Morningside Heights,Long Island City/Queens Plaza,Manhattan,Queens
2019-03-16 09:18:35,2019-03-16 09:34:12,1,0.31,12.81,2.65,0.56,13.5,yellow,credit card,Lower East Side,Auburndale,Manhattan,Queens
2019-03-20 01:04:35,2019-03-20 01:16:41,0,1.28,14.0,0.14,0.13,43.5,yellow,cash,Central Harlem,Inwood Hill Park,Manhattan,Manhattan
2019-03-24 17:23:45,2019-03-24 17:36:03,1,1.5,5.6,2.72,0.03,17.92,yellow,credit card,Kips Bay,TriBeCa/Civic Center,Manhattan,Manhattan
2019-03-10 08:21:56,2019-03-10 08:36:47,1,5.24,7.84,7.6,1.04,15.42,yellow,cash,Upper West Side South,Clinton Hill,Manhattan,Brooklyn
2019-03-27 04:42:54,2019-03-27 05:00:22,1,0.06,10.39,0.75,0.15,26.2,yellow,credit card,Lenox Hill East,Brighton Beach,Manhattan,Brooklyn
2019-03-22 07:37:45,2019-03-22 07:52:43,1,1.49,4.23,2.3,0.02,8.8,yellow,cash,East Village,Forest Hills,Manhattan,Queens
2019-03-04 18:42:50,2019-03-04 18:56:41,1,0.07,8.06,4.06,0.17,24.2,yellow,credit card,Lincoln Square East,East Flushing,Manhattan,Queens
2019-03-16 08:14:39,2019-03-16 08:29:37,1,0.48,7.66,4.4,0.21,16.87,yellow,cash,Lenox Hill East,Financial District North,Manhattan,Manhattan
2019-03-27 00:09:55,2019-03-27 00:24:06,6,11.15,33.2,5.14,0.16,72.09,yellow,credit card,JFK Airport,Upper West Side North,Queens,Manhattan
2019-03-08 02:37:16,2019-03-08 02:51:12,2,0.74,3.5,2.89,0.71,11.06,yellow,cash,Meatpacking/West Village West,Williamsburg (South Side),Manhattan,Brooklyn
2019-03-28 23:01:48,2019-03-28 23:14:15,1,0.21,5.78,4.3,0.06,16.15,yellow,credit card,World Trade Center,Van Nest/Morris Park,Manhattan,Bronx
2019-03-04 10:45:38,2019-03-04 11:00:32,1,7.01,3.8,1.61,0.44,13.59,yellow,cash,Penn Station/Madison Sq West,Financial District South,Manhattan,Manhattan
2019-03-04 02:36:59,2019-03-04 02:52:27,1,0.44,8.96,1.69,0.01,10.9,yellow,credit card,Sutton Place/Turtle Bay North,Mount Hope,Manhattan,Bronx
2019-03-05 17:22:09,2019-03-05 17:36:22,1,0.36,8.41,0.05,0.34,11.0,yellow,cash,Sheepshead Bay,Clinton East,Brooklyn,Manhattan
2019-03-01 20:27:07,2019-03-01 20:40:49,2,0.62,9.5,0.36,0.08,23.61,yellow,credit card,Midtown Center,Prospect Park,Manhattan,Brooklyn
2019-03-18 17:04:02,2019-03-18 17:16:42,1,0.95,6.5,3.12,0.18,14.92,yellow,cash,Midtown East,West Chelsea/Hudson Yards,Manhattan,Manhattan
2019-03-25 03:40:43,2019-03-25 03:55:19,1,1.63,3.9,2.18,0.05,9.78,yellow,credit card,Garment District,Queensboro Hill,Manhattan,Queens
2019-03-13 10:40:53,2019-03-13 10:56:40,1,1.36,12.5,0.45,0.04,22.13,yellow,cash,Sutton Place/Turtle Bay North,Manhattan Beach,Manhattan,Brooklyn
2019-03-23 23:33:49,2019-03-23 23:47:36,1,0.58,7.0,0.05,0.01,8.89,yellow,credit card,Lower East Side,Brighton Beach,Manhattan,Brooklyn
2019-03-20 12:49:09,2019-03-20 13:01:56,2,1.62,12.0,1.73,0.13,19.57,yellow,cash,Lenox Hill East,East Flatbush/Remsen Village,Manhattan,Brooklyn
2019-03-01 05:50:21,2019-03-01 06:05:09,1,0.97,13.28,2.29,0.03,29.6,yellow,credit card,Lincoln Square East,LaGuardia Airport,Manhattan,Queens
2019-03-04 06:32:11,2019-03-04 06:47:47,1,4.29,11.47,0.15,0.09,19.4,yellow,cash,Canarsie,Washington Heights South,Brooklyn,Manhattan
2019-03-01 20:46:49,2019-03-01 21:00:40,5,0.87,6.32,0.15,0.7,7.9,yellow,credit card,Fort Greene,Boerum Hill,Brooklyn,Brooklyn
2019-03-15 10:38:17,2019-03-15 10:52:39,1,3.74,6.36,3.13,0.11,15.0,yellow,cash,Seaport,Howard Beach,Manhattan,Queens
2019-03-16 21:18:39,2019-03-16 21:32:27,1,0.84,9.4,1.58,0.35,17.69,yellow,credit card,Central Harlem North,Red Hook,Manhattan,Brooklyn
2019-03-12 13:14:17,2019-03-12 13:31:20,2,2.68,7.6,1.59,0.0,27.98,yellow,cash,Financial District North,Jackson Heights,Manhattan,Queens
2019-03-06 21:14:59,2019-03-06 21:30:43,1,2.74,21.66,3.38,0.02,22.4,yellow,credit card,Lenox Hill East,Lenox Hill West,Manhattan,Manhattan
2019-03-16 18:03:11,2019-03-16 18:18:52,1,2.57,9.2,2.04,0.1,20.45,yellow,cash,TriBeCa/Civic Center,Norwood,Manhattan,Bronx
2019-03-10 20:24:14,2019-03-10 20:40:24,1,1.01,3.8,0.11,0.08,6.65,yellow,credit card,Lenox Hill West,Bay Ridge,Manhattan,Brooklyn
2019-03-13 02:50:12,2019-03-13 03:02:47,1,3.27,11.96,0.5,0.16,17.8,yellow,cash,East Williamsburg,Randalls Island,Brooklyn,Manhattan
2019-03-19 18:17:37,2019-03-19 18:29:54,1,1.66,11.2,1.31,0.12,20.23,yellow,credit card,Times Sq/Theatre District,Manhattan Beach,Manhattan,Brooklyn
2019-03-18 01:46:28,2019-03-18 02:00:58,1,2.14,13.8,2.53,0.02,29.77,yellow,cash,Upper East Side South,Steinway,Manhattan,Queens
2019-03-18 07:38:02,2019-03-18 07:51:09,2,0.33,5.4,1.46,0.01,21.36,yellow,credit card,Midtown East,Sunset Park West,Manhattan,Brooklyn
2019-03-27 06:57:04,2019-03-27 07:10:24,2,6.08,5.53,1.41,0.05,24.3,yellow,cash,Lenox Hill West,Jamaica Estates,Manhattan,Queens
2019-03-29 02:14:46,2019-03-29 02:28:25,2,0.23,12.5,2.84,0.18,16.13,yellow,credit card,Penn Station/Madison Sq West,Downtown Brooklyn/MetroTech,Manhattan,Brooklyn
2019-03-04 04:27:37,2019-03-04 04:41:04,0,0.35,5.4,1.91,0.01,5.62,yellow,cash,Morningside Heights,Upper West Side North,Manhattan,Manhattan
2019-03-07 07:18:04,2019-03-07 07:33:56,1,3.26,3.47,2.3,3.08,7.31,yellow,credit card,JFK Airport,Canarsie,Queens,Brooklyn
2019-03-29 22:16:05,2019-03-29 22:29:40,2,1.11,44.8,3.51,0.34,53.95,yellow,cash,LaGuardia Airport,Marine Park/Mill Basin,Queens,Brooklyn
2019-03-13 21:00:39,2019-03-13 21:13:57,5,2.22,2.4,0.09,0.1,7.99,yellow,credit card,Midtown Center,Queens Village,Manhattan,Queens
2019-03-03 10:56:20,2019-03-03 11:12:00,1,1.13,14.88,3.38,0.01,33.8,yellow,cash,Lincoln Square East,Borough Park,Manhattan,Brooklyn
2019-03-22 23:54:39,2019-03-23 00:09:26,2,3.25,16.9,5.76,1.08,42.05,yellow,credit card,LaGuardia Airport,Ozone Park,Queens,Queens
2019-03-30 02:38:03,2019-03-30 02:51:01,1,2.15,8.54,0.33,0.07,15.2,yellow,cash,Union Sq,Times Sq/Theatre District,Manhattan,Manhattan
2019-03-30 20:16:39,2019-03-30 20:29:03,1,1.58,10.0,1.88,0.1,10.4,yellow,credit card,East Harlem North,Hunts Point,Manhattan,Bronx
2019-03-31 18:12:49,2019-03-31 18:29:26,1,0.83,7.2,0.88,0.12,20.34,yellow,cash,Lincoln Square West,Auburndale,Manhattan,Queens
2019-03-06 18:29:37,2019-03-06 18:44:26,1,6.53,10.0,4.03,0.12,10.18,yellow,credit card,Yorkville West,Prospect-Lefferts Gardens,Manhattan,Brooklyn
2019-03-11 07:38:35,2019-03-11 07:50:36,1,3.43,7.13,1.25,0.04,10.9,yellow,cash,Midtown North,Murray Hill-Queens,Manhattan,Queens
2019-03-21 16:49:02,2019-03-21 17:03:33,1,2.47,4.4,0.35,0.11,30.62,yellow,credit card,Lenox Hill East,Roosevelt Island,Manhattan,Manhattan
2019-03-02 22:33:29,2019-03-02 22:50:43,2,0.19,6.2,0.29,0.12,8.8,yellow,cash,East Village,Whitestone,Manhattan,Queens
2019-03-06 17:46:50,2019-03-06 17:58:52,1,1.52,13.33,2.07,0.07,16.3,yellow,credit card,Central Park,Inwood Hill Park,Manhattan,Manhattan
2019-03-16 02:39:52,2019-03-16 02:55:11,1,1.3,13.0,7.2,0.5,21.9,yellow,cash,Flatiron,East Flatbush/Farragut,Manhattan,Brooklyn
2019-02-28 12:09:06,2019-02-28 12:22:04,2,0.31,12.7,1.91,0.19,21.67,yellow,credit card,Penn Station/Madison Sq West,Central Harlem North,Manhattan,Manhattan
2019-03-10 07:31:34,2019-03-10 07:45:24,1,0.19,6.6,0.77,0.32,14.84,yellow,cash,Yorkville West,Parkchester,Manhattan,Bronx
2019-03-25 04:35:58,2019-03-25 04:50:42,1,1.66,4.9,3.53,0.2,10.96,yellow,credit card,Penn Station/Madison Sq West,South Jamaica,Manhattan,Queens
2019-03-06 01:34:26,2019-03-06 01:49:06,1,0.93,24.7,0.06,0.33,25.3,yellow,cash,Williamsburg (North Side),Whitestone,Brooklyn,Queens
2019-03-07 23:57:20,2019-03-08 00:11:05,1,2.25,4.7,4.4,0.05,12.27,yellow,credit card,Midtown North,Auburndale,Manhattan,Queens
2019-03-14 16:12:06,2019-03-14 16:25:58,1,1.35,6.5,2.47,0.28,19.71,yellow,cash,Williamsburg (South Side),South Williamsburg,Brooklyn,Brooklyn
2019-03-07 08:55:22,2019-03-07 09:09:33,1,2.0,6.5,0.65,0.02,15.96,yellow,credit card,Murray Hill,South Ozone Park,Manhattan,Queens
2019-03-09 09:29:29,2019-03-09 09:43:27,1,7.18,6.5,0.53,0.12,13.77,yellow,cash,Midtown South,Howard Beach,Manhattan,Queens
2019-03-18 07:32:38,2019-03-18 07:46:26,1,0.33,5.7,1.22,0.04,31.04,yellow,credit card,Penn Station/Madison Sq West,Westchester Village/Unionport,Manhattan,Bronx
2019-03-06 11:43:37,2019-03-06 11:59:14,1,3.59,8.8,0.42,0.13,14.77,yellow,cash,Midtown South,Greenpoint,Manhattan,Brooklyn
2019-03-09 23:44:06,2019-03-09 23:59:42,1,2.8,4.0,2.95,2.53,57.0,yellow,credit card,LaGuardia Airport,Jamaica Estates,Queens,Queens
2019-03-18 08:14:15,2019-03-18 08:29:57,5,0.2,8.31,0.72,0.24,14.2,yellow,cash,Upper West Side North,Westchester Village/Unionport,Manhattan,Bronx
2019-03-15 12:03:33,2019-03-15 12:18:32,6,2.22,5.3,1.54,0.06,44.64,yellow,credit card,Sutton Place/Turtle Bay North,Upper West Side North,Manhattan,Manhattan
2019-03-23 01:27:36,2019-03-23 01:45:09,3,7.55,12.9,0.33,0.29,55.86,yellow,cash,Soundview/Bruckner,East Williamsburg,Bronx,Brooklyn
2019-03-17 02:55:33,2019-03-17 03:10:18,1,0.23,14.95,0.78,0.0,15.5,yellow,credit card,Times Sq/Theatre District,Williamsburg (North Side),Manhattan,Brooklyn
2019-03-31 16:11:39,2019-03-31 16:26:29,1,1.82,5.6,0.33,0.1,20.86,yellow,cash,Morningside Heights,Seaport,Manhattan,Manhattan
2019-03-18 03:25:09,2019-03-18 03:38:53,1,3.01,6.8,1.43,0.25,18.89,yellow,credit card,Gramercy,South Ozone Park,Manhattan,Queens
2019-03-28 02:37:13,2019-03-28 02:52:04,1,3.58,39.9,0.9,3.24,60.43,yellow,cash,LaGuardia Airport,Bensonhurst West,Queens,Brooklyn
2019-03-24 05:37:44,2019-03-24 05:54:30,1,1.18,14.5,2.13,0.27,25.72,yellow,credit card,Fort Greene,East Concourse/Concourse Village,Brooklyn,Bronx
2019-03-16 05:58:59,2019-03-16 06:15:10,1,1.32,6.6,0.26,0.06,16.28,yellow,cash,Central Park,Ridgewood,Manhattan,Queens
2019-03-04 20:15:10,2019-03-04 20:30:55,1,2.14,6.6,0.53,0.05,11.57,yellow,credit card,Morningside Heights,Central Harlem,Manhattan,Manhattan
2019-03-29 23:02:26,2019-03-29 23:17:32,2,0.43,12.86,0.77,0.07,13.7,yellow,cash,Downtown Brooklyn/MetroTech,Gramercy,Brooklyn,Manhattan
2019-03-20 22:43:21,2019-03-20 22:56:27,6,1.72,10.0,6.64,0.81,18.58,yellow,credit card,Jackson Heights,TriBeCa/Civic Center,Queens,Manhattan
2019-03-13 20:38:31,2019-03-13 20:52:13,1,1.84,5.48,5.4,0.08,16.96,yellow,cash,Lenox Hill West,Brownsville,Manhattan,Brooklyn
2019-03-26 05:07:13,2019-03-26 05:19:19,1,0.95,7.7,2.27,0.03,13.35,yellow,credit card,Midtown East,Baisley Park,Manhattan,Queens
2019-03-13 21:11:57,2019-03-13 21:26:13,1,3.89,5.4,3.88,0.25,7.14,yellow,cash,Gramercy,East Harlem South,Manhattan,Manhattan
2019-03-01 10:53:17,2019-03-01 11:08:27,1,1.19,18.48,3.07,0.12,24.9,yellow,credit card,Penn Station/Madison Sq West,Spuyten Duyvil/Kingsbridge,Manhattan,Bronx
2019-03-27 05:57:43,2019-03-27 06:11:34,1,0.93,18.95,1.31,0.23,21.0,yellow,cash,Times Sq/Theatre District,Lenox Hill East,Manhattan,Manhattan
2019-03-29 17:44:05,2019-03-29 18:00:13,1,1.45,14.75,0.03,0.26,17.6,yellow,credit card,Lincoln Square East,Borough Park,Manhattan,Brooklyn
2019-03-28 08:14:33,2019-03-28 08:27:50,1,0.98,13.0,2.95,0.08,56.16,yellow,cash,Gramercy,Clinton East,Manhattan,Manhattan
2019-03-12 15:36:24,2019-03-12 15:51:22,1,0.76,6.4,0.53,0.15,32.96,yellow,credit card,Sutton Place/Turtle Bay North,Baisley Park,Manhattan,Queens
2019-03-22 05:25:16,2019-03-22 05:39:51,4,1.61,4.7,0.15,0.06,47.38,yellow,cash,Upper West Side South,TriBeCa/Civic Center,Manhattan,Manhattan
2019-03-26 05:43:20,2019-03-26 05:59:09,1,2.31,8.67,1.62,0.18,14.3,yellow,credit card,Lenox Hill West,Central Harlem North,Manhattan,Manhattan
2019-03-17 12:22:28,2019-03-17 12:37:48,3,0.65,6.61,1.02,0.12,8.9,yellow,cash,Sutton Place/Turtle Bay North,Morrisania/Melrose,Manhattan,Bronx
2019-03-20 14:32:05,2019-03-20 14:46:52,1,3.27,3.1,0.81,0.11,9.9,yellow,credit card,Clinton East,Murray Hill,Manhattan,Manhattan
2019-03-21 11:29:55,2019-03-21 11:44:11,1,2.08,8.5,4.22,0.06,9.11,yellow,cash,Manhattanville,Brighton Beach,Manhattan,Brooklyn
2019-03-09 19:48:29,2019-03-09 20:04:48,2,8.35,7.2,1.2,0.94,32.3,yellow,credit card,JFK Airport,Crotona Park East,Queens,Bronx
2019-03-22 00:28:43,2019-03-22 00:44:18,1,0.2,7.3,0.22,0.02,20.19,yellow,cash,Upper East Side North,Prospect Park,Manhattan,Brooklyn
2019-03-20 14:56:00,2019-03-20 15:09:13,1,0.75,5.4,0.3,0.0,14.15,yellow,credit card,Gramercy,Central Harlem North,Manhattan,Manhattan
2019-03-12 20:55:03,2019-03-12 21:10:23,1,2.64,6.7,2.72,0.32,14.11,yellow,cash,Midtown East,Canarsie,Manhattan,Brooklyn
2019-03-14 01:19:36,2019-03-14 01:31:25,1,2.99,8.5,0.33,0.1,18.12,yellow,credit card,Midtown Center,Clinton Hill,Manhattan,Brooklyn
2019-03-22 06:00:48,2019-03-22 06:14:01,2,5.62,6.0,4.72,0.17,14.56,yellow,cash,Times Sq/Theatre District,Park Slope,Manhattan,Brooklyn
2019-03-19 06:57:26,2019-03-19 07:13:53,1,3.75,2.7,1.25,0.1,27.83,yellow,credit card,Central Harlem North,East Elmhurst,Manhattan,Queens
2019-03-06 02:17:25,2019-03-06 02:32:50,1,2.96,7.63,3.01,0.07,19.5,yellow,cash,East Village,Briarwood/Jamaica Hills,Manhattan,Queens
2019-03-24 12:16:11,2019-03-24 12:31:51,1,4.33,3.5,2.1,0.15,18.83,yellow,credit card,Murray Hill,Forest Hills,Manhattan,Queens
2019-03-26 15:00:10,2019-03-26 15:13:44,1,1.49,7.0,0.9,0.02,18.99,yellow,cash,Stuy Town/Peter Cooper Village,Flatlands,Manhattan,Brooklyn
2019-03-25 06:47:38,2019-03-25 07:01:52,1,1.21,15.1,1.07,0.07,16.86,yellow,credit card,UN/Turtle Bay South,Fresh Meadows,Manhattan,Queens
2019-03-19 14:04:29,2019-03-19 14:19:44,1,1.82,10.5,0.6,0.17,12.84,yellow,cash,Murray Hill,Downtown Brooklyn/MetroTech,Manhattan,Brooklyn
2019-02-28 08:56:22,2019-02-28 09:11:12,1,0.87,11.04,2.12,0.03,12.2,yellow,credit card,East Harlem North,Allerton/Pelham Gardens,Manhattan,Bronx
2019-03-25 10:02:45,2019-03-25 10:16:39,2,0.39,6.73,1.52,0.36,12.3,yellow,cash,Clinton East,Central Harlem,Manhattan,Manhattan
2019-03-03 16:49:11,2019-03-03 17:01:07,1,7.08,20.9,1.09,0.37,51.46,yellow,credit card,Astoria,Brooklyn Navy Yard,Queens,Brooklyn
2019-03-10 07:08:25,2019-03-10 07:21:24,1,16.09,16.99,2.9,0.1,36.0,yellow,cash,Upper East Side North,Brooklyn Navy Yard,Manhattan,Brooklyn
2019-03-26 02:26:51,2019-03-26 02:41:04,4,0.2,7.5,1.23,0.19,15.39,yellow,credit card,Midtown North,Ocean Hill,Manhattan,Brooklyn
2019-03-07 19:29:26,2019-03-07 19:42:19,1,6.08,5.27,1.42,0.39,26.9,yellow,cash,Murray Hill,East Williamsburg,Manhattan,Brooklyn
2019-03-04 13:16:08,2019-03-04 13:29:54,1,6.77,22.41,0.58,0.09,23.8,yellow,credit card,Upper East Side South,Fresh Meadows,Manhattan,Queens
2019-03-10 00:38:37,2019-03-10 00:50:52,1,5.07,6.1,5.77,0.01,11.01,yellow,cash,Upper East Side North,Little Italy/NoLiTa,Manhattan,Manhattan
2019-03-06 16:35:19,2019-03-06 16:48:50,1,2.35,22.3,0.99,0.11,27.18,yellow,credit card,Midtown Center,Sutton Place/Turtle Bay North,Manhattan,Manhattan
2019-03-06 04:18:32,2019-03-06 04:31:07,1,0.67,5.1,1.05,0.05,24.23,yellow,cash,Lincoln Square East,Parkchester,Manhattan,Bronx
2019-03-24 22:22:34,2019-03-24 22:35:34,1,9.27,11.5,1.98,0.08,15.6,yellow,credit card,Manhattanville,College Point,Manhattan,Queens
2019-03-17 14:50:48,2019-03-17 15:04:54,1,3.06,6.28,5.0,0.26,22.69,yellow,cash,Upper East Side North,Central Harlem North,Manhattan,Manhattan
2019-03-21 09:11:49,2019-03-21 09:24:52,2,1.42,5.7,2.93,0.34,9.17,yellow,credit card,Midtown Center,Lincoln Square West,Manhattan,Manhattan
2019-03-06 03:33:10,2019-03-06 03:48:23,1,20.66,11.1,0.84,0.22,14.77,yellow,cash,Gramercy,Sheepshead Bay,Manhattan,Brooklyn
2019-03-04 12:47:56,2019-03-04 13:00:12,1,1.87,5.5,1.48,0.24,15.51,yellow,credit card,Upper East Side South,Kew Gardens,Manhattan,Queens
2019-03-07 15:18:48,2019-03-07 15:35:25,1,1.61,13.55,2.08,0.36,50.6,yellow,cash,Brooklyn Heights,Williamsburg (South Side),Brooklyn,Brooklyn
2019-03-27 14:33:42,2019-03-27 14:50:34,1,3.09,10.94,5.9,0.09,21.39,yellow,credit card,Midtown South,South Jamaica,Manhattan,Queens
2019-03-14 23:19:48,2019-03-14 23:32:18,1,8.88,38.3,1.14,6.42,41.76,yellow,cash,JFK Airport,Madison,Queens,Brooklyn
2019-03-24 11:00:05,2019-03-24 11:15:56,3,16.39,7.45,1.05,0.78,62.1,yellow,credit card,LaGuardia Airport,West Brighton,Queens,Staten Island
2019-03-25 05:03:54,2019-03-25 05:18:55,2,4.25,9.75,3.96,0.23,11.3,yellow,cash,Lenox Hill East,Windsor Terrace,Manhattan,Brooklyn
2019-03-02 20:55:08,2019-03-02 21:11:13,1,0.66,9.7,3.11,0.03,10.88,yellow,credit card,Yorkville East,Kew Gardens Hills,Manhattan,Queens
2019-03-18 09:10:27,2019-03-18 09:25:11,1,36.7,18.5,7.12,1.46,27.0,yellow,cash,Steinway,Bronxdale,Queens,Bronx
2019-03-25 22:40:15,2019-03-25 22:54:10,3,1.63,14.44,0.32,0.08,16.1,yellow,credit card,Garment District,Upper East Side North,Manhattan,Manhattan
2019-03-24 17:26:49,2019-03-24 17:39:16,1,1.74,5.17,2.91,0.17,9.0,yellow,cash,Union Sq,Canarsie,Manhattan,Brooklyn
2019-03-10 06:29:15,2019-03-10 06:40:55,1,3.28,6.37,0.7,0.04,22.5,yellow,credit card,Lenox Hill West,Lincoln Square West,Manhattan,Manhattan
2019-03-27 03:45:41,2019-03-27 03:59:05,1,1.61,10.39,1.66,0.0,40.0,yellow,cash,Greenwich Village South,Prospect-Lefferts Gardens,Manhattan,Brooklyn
2019-03-10 13:26:11,2019-03-10 13:38:59,1,1.13,10.1,1.95,0.07,14.3,yellow,credit card,Gramercy,SoHo,Manhattan,Manhattan
2019-03-01 22:28:13,2019-03-01 22:40:12,1,3.06,9.4,0.57,0.17,13.1,yellow,cash,Times Sq/Theatre District,Co-Op City,Manhattan,Bronx
2019-03-09 00:09:53,2019-03-09 00:23:27,3,0.6,20.2,1.28,0.0,39.03,yellow,credit card,Clinton West,West Village,Manhattan,Manhattan
2019-03-13 18:02:13,2019-03-13 18:13:10,1,7.53,16.6,7.81,5.16,76.67,yellow,cash,Briarwood/Jamaica Hills,Red Hook,Queens,Brooklyn
2019-03-31 12:45:49,2019-03-31 13:00:07,1,0.4,18.6,1.09,1.1,58.71,yellow,credit card,Forest Hills,Westchester Village/Unionport,Queens,Bronx
2019-03-21 23:28:25,2019-03-21 23:44:02,1,6.84,7.6,0.05,0.05,22.75,yellow,cash,Central Harlem,Forest Hills,Manhattan,Queens
2019-03-15 19:28:33,2019-03-15 19:46:35,1,7.86,9.7,0.34,0.02,23.75,yellow,credit card,Garment District,Midtown South,Manhattan,Manhattan
2019-03-10 07:37:28,2019-03-10 07:52:10,4,1.91,15.23,0.97,0.07,16.8,yellow,cash,Clinton East,Downtown Brooklyn/MetroTech,Manhattan,Brooklyn
2019-03-25 15:20:22,2019-03-25 15:30:20,1,0.34,12.65,2.82,0.07,15.0,yellow,credit card,Times Sq/Theatre District,Manhattan Valley,Manhattan,Manhattan
2019-03-09 13:35:44,2019-03-09 13:49:18,1,1.27,11.6,4.58,0.16,35.11,yellow,cash,Upper East Side South,JFK Airport,Manhattan,Queens
2019-03-08 17:38:40,2019-03-08 17:54:16,1,1.27,17.46,4.76,0.02,21.0,yellow,credit card,Lincoln Square East,Gravesend,Manhattan,Brooklyn
2019-03-11 09:47:46,2019-03-11 10:03:48,2,0.03,8.13,1.98,0.18,12.9,yellow,cash,Lincoln Square West,Midwood,Manhattan,Brooklyn
2019-03-30 08:55:08,2019-03-30 09:08:31,4,0.63,17.77,0.38,0.07,18.8,yellow,credit card,Morningside Heights,Ridgewood,Manhattan,Queens
2019-03-06 10:30:15,2019-03-06 10:45:28,1,0.93,5.6,0.5,0.06,9.97,yellow,cash,Gramercy,Queensbridge/Ravenswood,Manhattan,Queens
2019-03-31 06:03:37,2019-03-31 06:19:48,1,2.22,11.3,0.99,0.27,18.11,yellow,credit card,Greenwich Village South,Long Island City/Queens Plaza,Manhattan,Queens
2019-03-24 08:48:45,2019-03-24 09:02:55,1,2.94,30.18,0.24,0.36,53.4,yellow,cash,Dyker Heights,Jamaica Estates,Brooklyn,Queens
2019-03-29 06:28:50,2019-03-29 06:42:43,2,0.06,5.66,1.21,0.02,7.6,yellow,credit card,TriBeCa/Civic Center,Flatiron,Manhattan,Manhattan
2019-03-13 15:49:10,2019-03-13 16:04:34,1,0.24,10.1,1.59,0.0,21.7,yellow,cash,Union Sq,Prospect-Lefferts Gardens,Manhattan,Brooklyn
2019-03-19 17:25:05,2019-03-19 17:42:39,1,0.3,13.4,0.98,0.08,17.79,yellow,credit card,Greenwich Village South,Seaport,Manhattan,Manhattan
2019-03-23 07:59:00,2019-03-23 08:11:41,2,2.36,12.5,6.14,0.16,19.15,yellow,cash,Manhattanville,Fort Greene,Manhattan,Brooklyn
2019-03-30 08:26:04,2019-03-30 08:38:13,5,1.04,10.14,3.59,0.03,23.6,yellow,credit card,Morningside Heights,Woodlawn/Wakefield,Manhattan,Bronx
2019-03-01 07:13:09,2019-03-01 07:26:53,1,5.58,9.0,0.57,0.18,21.45,yellow,cash,Midtown Center,East Flatbush/Farragut,Manhattan,Brooklyn
2019-03-09 02:47:36,2019-03-09 03:03:59,1,6.86,15.63,0.53,0.6,49.9,yellow,credit card,LaGuardia Airport,East Harlem North,Queens,Manhattan
2019-03-19 14:36:07,2019-03-19 14:52:55,1,4.0,19.4,1.13,0.13,32.46,yellow,cash,Upper East Side North,Douglaston,Manhattan,Queens
2019-03-06 06:24:14,2019-03-06 06:38:11,1,7.12,11.04,0.27,0.27,21.1,yellow,credit card,East Chelsea,Soundview/Castle Hill,Manhattan,Bronx
2019-03-15 01:40:49,2019-03-15 01:56:59,1,0.48,8.3,2.43,0.07,13.52,yellow,cash,Washington Heights South,Gowanus,Manhattan,Brooklyn
2019-03-01 10:32:57,2019-03-01 10:48:25,3,6.34,6.7,2.42,0.21,18.5,yellow,credit card,East Village,Soundview/Castle Hill,Manhattan,Bronx
2019-03-01 11:59:00,2019-03-01 12:11:07,1,2.9,3.9,0.47,0.07,10.14,yellow,cash,Upper East Side North,Flatiron,Manhattan,Manhattan
2019-03-14 16:24:44,2019-03-14 16:39:58,1,1.67,8.3,1.4,0.07,16.01,yellow,credit card,Midtown East,Yorkville West,Manhattan,Manhattan
2019-03-11 11:05:38,2019-03-11 11:18:56,1,6.44,12.7,0.97,0.3,15.06,yellow,cash,Lenox Hill West,Co-Op City,Manhattan,Bronx
2019-03-18 23:27:34,2019-03-18 23:41:25,1,6.7,10.1,3.17,0.06,11.81,yellow,credit card,Upper East Side South,Murray Hill-Queens,Manhattan,Queens
2019-03-17 06:25:31,2019-03-17 06:39:29,1,2.35,17.9,2.47,0.04,18.18,yellow,cash,Upper East Side South,East Elmhurst,Manhattan,Queens
2019-03-27 21:15:57,2019-03-27 21:29:01,1,1.92,23.3,0.93,0.0,55.92,yellow,credit card,Boerum Hill,Borough Park,Brooklyn,Brooklyn
2019-03-23 13:58:05,2019-03-23 14:13:18,1,2.17,9.4,2.07,0.08,16.29,yellow,cash,Lenox Hill West,East Flushing,Manhattan,Queens
2019-03-30 23:19:52,2019-03-30 23:34:41,1,0.64,2.9,2.07,0.13,18.21,yellow,credit card,Clinton East,Bushwick North,Manhattan,Brooklyn
2019-03-14 23:34:01,2019-03-14 23:46:56,1,0.43,7.5,1.58,0.04,16.37,yellow,cash,East Harlem North,Melrose South,Manhattan,Bronx
2019-03-04 06:23:36,2019-03-04 06:36:21,1,3.12,9.4,0.12,0.21,30.07,yellow,credit card,Lincoln Square East,Financial District North,Manhattan,Manhattan
2019-03-25 23:38:56,2019-03-25 23:54:22,3,0.44,5.7,0.52,0.42,7.71,yellow,cash,Times Sq/Theatre District,Clinton East,Manhattan,Manhattan
2019-03-10 15:47:03,2019-03-10 16:00:47,1,3.31,8.7,0.13,0.35,19.66,yellow,credit card,Clinton East,Soundview/Bruckner,Manhattan,Bronx
2019-03-29 19:00:15,2019-03-29 19:15:13,1,2.42,4.7,0.22,0.27,12.25,yellow,cash,Yorkville West,Greenwich Village North,Manhattan,Manhattan
2019-03-29 18:58:43,2019-03-29 19:14:52,1,1.65,4.6,1.02,0.01,10.4,yellow,credit card,Battery Park City,Manhattan Beach,Manhattan,Brooklyn
2019-03-05 08:37:05,2019-03-05 08:52:03,2,0.7,5.7,4.44,0.01,14.66,yellow,cash,Midtown Center,Ridgewood,Manhattan,Queens
2019-03-31 15:54:06,2019-03-31 16:08:18,6,0.26,16.9,2.47,0.14,31.13,yellow,credit card,Lower East Side,Homecrest,Manhattan,Brooklyn
2019-03-18 07:32:22,2019-03-18 07:46:37,1,0.94,12.1,1.36,0.23,33.35,yellow,cash,Flatiron,Battery Park,Manhattan,Manhattan
2019-03-19 14:37:20,2019-03-19 14:52:56,1,0.11,7.5,0.24,0.18,12.12,yellow,credit card,Midtown East,Parkchester,Manhattan,Bronx
2019-03-15 02:57:58,2019-03-15 03:14:24,1,2.95,8.5,1.31,0.11,11.3,yellow,cash,Midtown East,Van Cortlandt Village,Manhattan,Bronx
2019-03-02 06:30:21,2019-03-02 06:43:33,0,2.36,8.34,0.19,0.04,9.6,yellow,credit card,Kips Bay,Middle Village,Manhattan,Queens
2019-03-12 16:58:55,2019-03-12 17:14:36,1,1.26,5.33,5.0,0.14,18.51,yellow,cash,Greenwich Village South,University Heights/Morris Heights,Manhattan,Bronx
2019-03-28 14:53:39,2019-03-28 15:06:44,1,3.69,20.96,0.28,0.01,30.0,yellow,credit card,UN/Turtle Bay South,East Village,Manhattan,Manhattan
2019-03-25 02:23:22,2019-03-25 02:38:09,0,10.17,8.8,1.22,0.17,8.96,yellow,cash,Morningside Heights,Two Bridges/Seward Park,Manhattan,Manhattan
2019-03-27 14:29:33,2019-03-27 14:42:34,1,0.83,4.3,0.03,0.03,12.11,yellow,credit card,Sutton Place/Turtle Bay North,Downtown Brooklyn/MetroTech,Manhattan,Brooklyn
2019-03-04 23:30:24,2019-03-04 23:43:02,5,4.18,10.0,0.38,0.36,10.41,yellow,cash,West Village,Bath Beach,Manhattan,Brooklyn
2019-03-22 22:07:48,2019-03-22 22:20:53,2,8.56,12.59,0.16,0.42,26.2,yellow,credit card,Woodlawn/Wakefield,Sheepshead Bay,Bronx,Brooklyn
2019-03-07 23:03:20,2019-03-07 23:18:56,1,5.59,3.9,1.09,0.04,21.62,yellow,cash,Times Sq/Theatre District,Morrisania/Melrose,Manhattan,Bronx
2019-03-12 05:55:27,2019-03-12 06:10:59,1,0.11,8.3,4.32,0.13,17.06,yellow,credit card,West Village,Battery Park,Manhattan,Manhattan
2019-03-30 20:55:18,2019-03-30 21:08:26,1,0.27,7.1,0.89,0.34,32.56,yellow,cash,Yorkville East,Crotona Park East,Manhattan,Bronx
2019-03-28 06:11:54,2019-03-28 06:26:58,1,2.18,29.8,4.53,3.02,52.07,yellow,credit card,LaGuardia Airport,Westchester Village/Unionport,Queens,Bronx
2019-03-04 05:14:13,2019-03-04 05:29:37,1,1.62,11.0,0.16,0.17,18.08,yellow,cash,Upper East Side South,East Flushing,Manhattan,Queens
2019-03-04 09:51:18,2019-03-04 10:06:24,1,1.09,8.5,0.46,0.13,10.0,yellow,credit card,Lower East Side,South Williamsburg,Manhattan,Brooklyn
2019-03-18 11:59:04,2019-03-18 12:11:20,1,0.02,11.3,0.38,0.37,19.92,yellow,cash,Flatiron,DUMBO/Vinegar Hill,Manhattan,Brooklyn
2019-03-05 15:43:23,2019-03-05 15:57:47,1,1.0,10.8,2.44,0.84,26.96,yellow,credit card,Long Island City/Hunters Point,Roosevelt Island,Queens,Manhattan
2019-03-25 12:39:04,2019-03-25 12:53:24,1,2.79,8.6,4.66,0.03,23.18,yellow,cash,Greenwich Village North,Brighton Beach,Manhattan,Brooklyn
2019-03-06 09:36:53,2019-03-06 09:54:10,1,5.62,8.5,3.86,0.04,13.4,yellow,credit card,Lenox Hill East,Fresh Meadows,Manhattan,Queens
2019-03-30 00:40:00,2019-03-30 00:53:44,1,6.59,7.2,1.57,0.3,26.49,yellow,cash,Meatpacking/West Village West,Parkchester,Manhattan,Bronx
2019-03-12 01:05:20,2019-03-12 01:20:21,1,0.36,6.1,3.71,0.22,31.15,yellow,credit card,Lincoln Square East,Flushing Meadows-Corona Park,Manhattan,Queens
2019-03-13 23:15:07,2019-03-13 23:27:22,5,0.08,11.1,0.7,0.02,21.37,yellow,cash,Financial District North,East Tremont,Manhattan,Bronx
2019-03-03 15:24:07,2019-03-03 15:38:05,1,1.4,6.5,1.62,0.13,21.15,yellow,credit card,Central Harlem,Roosevelt Island,Manhattan,Manhattan
2019-03-06 15:55:40,2019-03-06 16:10:50,6,3.72,6.6,0.05,0.04,7.32,yellow,cash,Midtown Center,Norwood,Manhattan,Bronx
2019-03-14 21:53:31,2019-03-14 22:08:37,3,5.93,11.8,7.36,0.08,14.74,yellow,credit card,Union Sq,North Corona,Manhattan,Queens
2019-03-08 03:16:37,2019-03-08 03:31:05,1,4.31,12.79,4.8,0.08,19.6,yellow,cash,Midtown Center,Madison,Manhattan,Brooklyn
2019-03-30 16:29:34,2019-03-30 16:44:20,1,1.38,4.3,0.54,0.07,10.62,yellow,credit card,Lower East Side,Crown Heights South,Manhattan,Brooklyn
2019-03-29 03:37:11,2019-03-29 03:52:19,1,1.08,8.8,3.82,0.16,19.21,yellow,cash,Midtown North,Marble Hill,Manhattan,Manhattan
2019-03-14 15:44:51,2019-03-14 16:00:21,5,0.68,6.8,2.4,0.39,27.1,yellow,credit card,Midtown South,Prospect Heights,Manhattan,Brooklyn
2019-03-18 18:02:51,2019-03-18 18:16:05,2,12.64,7.0,0.14,0.01,17.19,yellow,cash,Midtown Center,Elmhurst,Manhattan,Queens
2019-03-25 12:22:54,2019-03-25 12:36:02,1,0.84,3.5,0.08,0.09,36.6,yellow,credit card,Union Sq,Soundview/Castle Hill,Manhattan,Bronx
2019-03-26 12:51:31,2019-03-26 13:04:33,1,0.74,9.7,2.06,0.07,35.52,yellow,cash,Lenox Hill West,Manhattan Beach,Manhattan,Brooklyn
2019-03-20 04:22:07,2019-03-20 04:36:39,1,1.74,7.3,0.35,0.49,18.78,yellow,credit card,Sheepshead Bay,Fresh Meadows,Brooklyn,Queens
2019-03-21 11:14:42,2019-03-21 11:27:29,1,0.48,4.9,0.26,0.04,17.65,yellow,cash,Fort Greene,Sutton Place/Turtle Bay North,Brooklyn,Manhattan
2019-03-25 18:51:14,2019-03-25 19:05:27,1,2.86,14.22,2.7,0.15,18.6,yellow,credit card,East Chelsea,Fresh Meadows,Manhattan,Queens
2019-03-31 02:18:09,2019-03-31 02:33:06,1,1.81,11.3,6.95,0.06,13.11,yellow,cash,Midtown East,Oakland Gardens,Manhattan,Queens
2019-03-09 13:00:05,2019-03-09 13:14:01,1,1.15,7.02,1.88,0.38,18.1,yellow,credit card,Garment District,Garment District,Manhattan,Manhattan
2019-03-05 08:16:17,2019-03-05 08:31:59,1,1.95,5.6,1.2,0.06,5.91,yellow,cash,Lenox Hill West,Clinton West,Manhattan,Manhattan
2019-02-28 09:38:30,2019-02-28 09:53:08,1,0.11,7.0,1.13,0.03,14.8,yellow,credit card,Kips Bay,Windsor Terrace,Manhattan,Brooklyn
2019-03-04 00:49:48,2019-03-04 01:05:43,1,3.59,6.1,1.8,0.71,21.17,yellow,cash,Flushing,Lower East Side,Queens,Manhattan
2019-03-29 04:19:26,2019-03-29 04:35:49,1,0.46,5.3,0.88,0.03,7.55,yellow,credit card,Upper East Side North,Kips Bay,Manhattan,Manhattan
2019-03-23 02:52:02,2019-03-23 03:05:11,1,0.74,7.1,2.48,0.18,41.43,yellow,cash,Morningside Heights,Lower East Side,Manhattan,Manhattan
2019-03-30 01:28:38,2019-03-30 01:42:48,6,0.24,7.3,7.13,0.02,11.75,yellow,credit card,Murray Hill,Hudson Sq,Manhattan,Manhattan
2019-03-30 21:07:44,2019-03-30 21:22:33,1,15.69,8.51,1.74,0.27,17.5,yellow,cash,Downtown Brooklyn/MetroTech,Williamsburg (South Side),Brooklyn,Brooklyn
2019-03-11 22:14:35,2019-03-11 22:28:29,1,2.33,4.3,1.05,0.33,15.05,yellow,credit card,Hamilton Heights,Midtown Center,Manhattan,Manhattan
2019-03-24 07:33:09,2019-03-24 07:48:24,2,1.93,6.1,1.26,0.22,12.66,yellow,cash,East Harlem South,Westchester Village/Unionport,Manhattan,Bronx
2019-03-18 00:42:46,2019-03-18 00:57:42,1,1.59,10.7,0.75,0.28,11.52,yellow,credit card,Greenwich Village South,Allerton/Pelham Gardens,Manhattan,Bronx
2019-03-30 22:01:34,2019-03-30 22:15:19,3,0.13,11.3,0.74,0.01,21.74,yellow,cash,Times Sq/Theatre District,Crotona Park East,Manhattan,Bronx
2019-03-28 15:37:22,2019-03-28 15:51:11,2,0.89,22.3,0.17,1.95,104.24,yellow,credit card,Steinway,Downtown Brooklyn/MetroTech,Queens,Brooklyn
2019-03-15 20:10:52,2019-03-15 20:23:32,1,6.1,9.88,1.89,0.02,10.3,yellow,cash,Sutton Place/Turtle Bay North,Manhattan Valley,Manhattan,Manhattan
2019-03-18 04:56:11,2019-03-18 05:11:27,1,1.67,12.09,0.5,0.32,28.5,yellow,credit card,East Chelsea,Midtown Center,Manhattan,Manhattan
2019-03-18 22:46:04,2019-03-18 22:58:17,1,0.01,10.1,0.01,0.09,14.79,yellow,cash,East Concourse/Concourse Village,Meatpacking/West Village West,Bronx,Manhattan
2019-03-01 04:02:16,2019-03-01 04:17:19,1,6.59,15.4,0.19,0.47,39.0,yellow,credit card,Mott Haven/Port Morris,Williamsburg (South Side),Bronx,Brooklyn
2019-03-22 13:36:05,2019-03-22 13:52:57,1,8.96,3.58,4.76,4.36,17.3,yellow,cash,LaGuardia Airport,Bath Beach,Queens,Brooklyn
2019-03-29 21:12:24,2019-03-29 21:28:07,1,1.02,3.2,0.92,0.27,28.78,yellow,credit card,SoHo,East Flatbush/Farragut,Manhattan,Brooklyn
2019-03-02 23:40:41,2019-03-02 23:53:32,1,1.9,13.77,1.37,0.15,16.9,yellow,cash,Greenwich Village North,Midtown East,Manhattan,Manhattan
2019-03-17 23:37:01,2019-03-17 23:49:06,1,2.41,5.4,0.09,0.0,12.15,yellow,credit card,Midtown South,Marine Park/Mill Basin,Manhattan,Brooklyn
2019-03-25 11:20:55,2019-03-25 11:32:48,1,2.15,20.12,0.21,0.19,21.3,yellow,cash,Lenox Hill East,Williamsbridge/Olinville,Manhattan,Bronx
2019-03-14 09:33:52,2019-03-14 09:48:05,1,0.22,5.9,0.8,0.07,25.07,yellow,credit card,Boerum Hill,Bedford,Brooklyn,Brooklyn
2019-03-03 02:43:27,2019-03-03 02:57:47,6,0.33,9.7,0.21,0.03,12.38,yellow,cash,Midtown East,Red Hook,Manhattan,Brooklyn
2019-03-22 02:26:38,2019-03-22 02:41:46,4,0.97,7.8,0.72,0.31,10.76,yellow,credit card,Murray Hill,Bedford,Manhattan,Brooklyn
2019-03-27 09:29:36,2019-03-27 09:43:21,2,0.13,10.27,1.05,0.07,14.9,yellow,cash,Upper East Side North,Spuyten Duyvil/Kingsbridge,Manhattan,Bronx
2019-03-10 21:38:52,2019-03-10 21:52:49,2,0.94,10.2,0.15,0.06,22.49,yellow,credit card,Union Sq,Van Nest/Morris Park,Manhattan,Bronx
2019-03-20 11:48:44,2019-03-20 12:02:47,6,0.32,10.0,0.34,0.18,59.87,yellow,cash,Lenox Hill East,Riverdale/North Riverdale/Fieldston,Manhattan,Bronx
2019-03-27 20:51:11,2019-03-27 21:05:54,1,0.36,6.8,0.42,0.16,15.75,yellow,credit card,Lincoln Square East,Flatiron,Manhattan,Manhattan
2019-03-29 14:37:03,2019-03-29 14:49:30,2,1.12,7.3,6.15,0.0,21.74,yellow,cash,Lincoln Square East,Rego Park,Manhattan,Queens
2019-03-29 23:19:17,2019-03-29 23:35:07,1,1.06,10.2,2.77,0.19,22.26,yellow,credit card,SoHo,East Harlem North,Manhattan,Manhattan
2019-02-28 20:39:11,2019-02-28 20:53:31,1,4.75,7.8,0.55,0.1,18.88,yellow,cash,Midtown North,Crown Heights North,Manhattan,Brooklyn
2019-03-11 14:59:12,2019-03-11 15:14:29,1,2.77,6.2,1.09,0.05,22.57,yellow,credit card,Murray Hill,Central Harlem,Manhattan,Manhattan
2019-03-18 01:21:07,2019-03-18 01:34:22,1,1.31,10.0,1.69,0.28,14.43,yellow,cash,Central Harlem,Lincoln Square East,Manhattan,Manhattan
2019-03-14 20:48:15,2019-03-14 21:03:07,1,16.92,3.96,1.13,2.7,24.06,yellow,credit card,Astoria,Gramercy,Queens,Manhattan
2019-03-19 10:47:56,2019-03-19 11:00:59,1,0.67,9.9,0.26,0.07,20.21,yellow,cash,East New York,Sutton Place/Turtle Bay North,Brooklyn,Manhattan
2019-03-06 22:18:22,2019-03-06 22:32:18,1,1.95,12.3,6.34,0.77,18.27,yellow,credit card,Jackson Heights,Morrisania/Melrose,Queens,Bronx
2019-03-14 13:15:01,2019-03-14 13:31:57,4,1.76,23.3,0.04,0.25,31.18,yellow,cash,Upper West Side North,Midtown South,Manhattan,Manhattan
2019-03-31 04:14:57,2019-03-31 04:25:31,1,0.42,5.82,0.2,0.14,9.8,yellow,credit card,West Village,Highbridge,Manhattan,Bronx
2019-03-11 20:39:05,2019-03-11 20:52:47,6,1.82,6.0,1.9,0.22,19.35,yellow,cash,Midtown Center,Crown Heights North,Manhattan,Brooklyn
2019-03-01 14:59:34,2019-03-01 15:12:58,1,2.45,7.6,0.97,0.26,10.54,yellow,credit card,Upper East Side North,Windsor Terrace,Manhattan,Brooklyn
2019-03-11 20:25:43,2019-03-11 20:37:35,1,1.51,8.0,2.84,0.29,11.34,yellow,cash,West Village,World Trade Center,Manhattan,Manhattan
2019-03-15 22:07:26,2019-03-15 22:21:21,2,0.38,7.63,0.55,0.06,9.1,yellow,credit card,Clinton West,Starrett City,Manhattan,Brooklyn
2019-03-13 17:40:01,2019-03-13 17:52:54,1,0.81,7.6,0.16,0.01,44.58,yellow,cash,Financial District South,Lincoln Square West,Manhattan,Manhattan
2019-03-09 12:58:44,2019-03-09 13:13:30,1,4.36,6.25,1.41,0.11,10.7,yellow,credit card,Midtown North,Oakland Gardens,Manhattan,Queens
2019-03-15 19:58:29,2019-03-15 20:13:50,1,2.66,7.7,2.02,0.36,20.08,yellow,cash,West Village,Hillcrest/Pomonok,Manhattan,Queens
2019-03-21 00:53:48,2019-03-21 01:08:41,1,0.72,9.3,1.02,0.22,26.93,yellow,credit card,Flatiron,Briarwood/Jamaica Hills,Manhattan,Queens
2019-03-01 14:05:42,2019-03-01 14:20:08,1,15.54,11.87,3.67,0.19,15.0,yellow,cash,Midtown Center,Midtown Center,Manhattan,Manhattan
2019-03-07 17:32:25,2019-03-07 17:47:43,1,2.44,11.0,1.3,0.05,11.54,yellow,credit card,Lincoln Square East,Greenwich Village South,Manhattan,Manhattan
2019-03-20 16:53:14,2019-03-20 17:07:33,2,0.6,15.93,1.16,0.11,17.5,yellow,cash,East Harlem South,Jamaica Estates,Manhattan,Queens
2019-03-16 11:05:28,2019-03-16 11:21:27,1,3.01,11.6,0.57,0.07,12.42,yellow,credit card,Lower East Side,Claremont/Bathgate,Manhattan,Bronx
2019-03-04 12:05:46,2019-03-04 12:18:50,1,2.99,6.0,0.56,0.01,18.07,yellow,cash,TriBeCa/Civic Center,Starrett City,Manhattan,Brooklyn
2019-03-31 06:32:16,2019-03-31 06:44:41,5,2.61,10.41,2.49,2.59,16.0,yellow,credit card,Jackson Heights,Allerton/Pelham Gardens,Queens,Bronx
2019-03-09 13:11:05,2019-03-09 13:24:15,1,2.28,11.3,0.04,0.36,12.01,yellow,cash,Central Harlem North,South Jamaica,Manhattan,Queens
2019-03-14 20:10:55,2019-03-14 20:26:18,1,1.99,6.8,0.55,0.01,14.38,yellow,credit card,Garment District,Richmond Hill,Manhattan,Queens
2019-03-26 14:37:41,2019-03-26 14:51:30,1,1.02,24.76,1.63,0.26,30.1,yellow,cash,Boerum Hill,Crown Heights South,Brooklyn,Brooklyn
2019-03-14 07:18:40,2019-03-14 07:31:06,1,1.51,12.7,1.0,0.12,13.55,yellow,credit card,Midtown Center,Williamsburg (South Side),Manhattan,Brooklyn
2019-03-07 08:04:49,2019-03-07 08:17:45,1,4.39,12.3,2.81,0.5,25.06,yellow,cash,Clinton East,Bensonhurst West,Manhattan,Brooklyn
2019-03-18 23:49:25,2019-03-19 00:04:32,1,4.55,30.5,9.83,0.03,81.49,yellow,credit card,Woodside,East Chelsea,Queens,Manhattan
2019-03-06 13:14:24,2019-03-06 13:28:05,1,1.84,6.8,0.15,0.01,18.12,yellow,cash,Upper West Side South,Van Cortlandt Village,Manhattan,Bronx
2019-03-05 05:11:13,2019-03-05 05:24:33,5,1.97,11.7,3.63,0.19,19.88,yellow,credit card,Lenox Hill East,Flatbush/Ditmas Park,Manhattan,Brooklyn
2019-03-22 17:05:43,2019-03-22 17:18:00,1,0.81,6.7,0.0,0.13,12.32,yellow,cash,Upper East Side North,DUMBO/Vinegar Hill,Manhattan,Brooklyn
2019-03-06 14:07:12,2019-03-06 14:22:24,2,1.89,6.81,1.22,0.22,7.5,yellow,credit card,Manhattan Valley,Woodhaven,Manhattan,Queens
2019-03-02 05:26:06,2019-03-02 05:41:12,1,1.17,5.23,4.5,0.23,17.02,yellow,cash,Lower East Side,Fresh Meadows,Manhattan,Queens
2019-03-21 15:19:08,2019-03-21 15:32:10,5,4.58,10.85,3.96,0.09,14.4,yellow,credit card,Garment District,Jackson Heights,Manhattan,Queens
2019-03-10 00:56:17,2019-03-10 01:11:58,2,3.75,6.3,0.09,0.14,13.57,yellow,cash,East Concourse/Concourse Village,Lincoln Square West,Bronx,Manhattan
2019-03-17 03:43:44,2019-03-17 04:00:06,1,0.51,12.8,4.61,0.01,15.3,yellow,credit card,Kips Bay,East Chelsea,Manhattan,Manhattan
2019-03-22 12:38:16,2019-03-22 12:51:36,3,2.93,9.3,0.78,0.15,24.43,yellow,cash,Upper East Side South,Ozone Park,Manhattan,Queens
2019-03-11 07:23:07,2019-03-11 07:38:34,1,0.39,4.2,3.08,0.11,30.67,yellow,credit card,Meatpacking/West Village West,East Flushing,Manhattan,Queens
2019-03-03 10:54:48,2019-03-03 11:09:11,1,2.53,10.48,0.71,0.4,24.7,yellow,cash,Lenox Hill East,Union Sq,Manhattan,Manhattan
2019-03-04 02:51:17,2019-03-04 03:04:49,1,8.32,8.1,3.31,0.19,18.4,yellow,credit card,World Trade Center,Flatbush/Ditmas Park,Manhattan,Brooklyn
2019-03-10 21:26:23,2019-03-10 21:37:40,1,1.27,7.5,0.34,0.04,13.7,yellow,cash,Garment District,Manhattan Valley,Manhattan,Manhattan
2019-03-18 07:02:29,2019-03-18 07:16:30,1,0.42,3.7,0.12,0.42,10.58,yellow,credit card,Crown Heights North,LaGuardia Airport,Brooklyn,Queens
2019-03-28 12:31:23,2019-03-28 12:46:26,1,2.59,5.4,3.2,0.38,13.62,yellow,cash,Upper East Side South,Gramercy,Manhattan,Manhattan
2019-03-04 07:06:30,2019-03-04 07:19:19,1,2.4,14.39,3.21,0.11,19.1,yellow,credit card,Flatiron,Mount Hope,Manhattan,Bronx
2019-03-02 04:54:05,2019-03-02 05:09:23,1,0.55,12.5,0.11,0.12,19.6,yellow,cash,Yorkville West,East Concourse/Concourse Village,Manhattan,Bronx
2019-03-25 05:32:21,2019-03-25 05:45:23,2,1.48,6.0,0.84,0.02,10.35,yellow,credit card,Penn Station/Madison Sq West,Spuyten Duyvil/Kingsbridge,Manhattan,Bronx
2019-03-05 21:40:38,2019-03-05 21:54:51,0,0.27,13.8,1.03,0.13,14.6,yellow,cash,Morningside Heights,Midtown Center,Manhattan,Manhattan
2019-03-11 06:41:17,2019-03-11 06:55:30,6,2.15,9.08,3.12,0.19,9.9,yellow,credit card,Hamilton Heights,East Village,Manhattan,Manhattan
2019-03-26 18:06:49,2019-03-26 18:21:46,1,0.04,7.3,0.23,0.34,9.33,yellow,cash,Lincoln Square East,Springfield Gardens South,Manhattan,Queens
2019-03-16 23:59:32,2019-03-17 00:11:04,2,21.48,16.4,5.05,1.26,53.06,yellow,credit card,Jamaica Estates,Co-Op City,Queens,Bronx
2019-03-30 23:21:18,2019-03-30 23:35:57,1,1.54,7.7,1.93,0.12,15.66,yellow,cash,East Village,Woodhaven,Manhattan,Queens
2019-03-22 16:57:47,2019-03-22 17:11:27,1,2.73,12.1,0.23,0.19,16.8,yellow,credit card,Highbridge,Gowanus,Bronx,Brooklyn
2019-03-26 00:09:04,2019-03-26 00:23:17,1,1.92,7.5,1.16,0.02,17.55,yellow,cash,Lenox Hill West,Upper West Side South,Manhattan,Manhattan
2019-03-20 10:11:57,2019-03-20 10:24:38,1,1.6,15.5,1.56,0.38,15.75,yellow,credit card,Times Sq/Theatre District,East Flatbush/Farragut,Manhattan,Brooklyn
2019-03-09 23:54:18,2019-03-10 00:07:56,1,0.11,4.2,0.0,0.09,14.29,yellow,cash,Penn Station/Madison Sq West,Hillcrest/Pomonok,Manhattan,Queens
2019-03-08 14:41:03,2019-03-08 14:58:07,2,0.67,17.5,1.14,0.09,35.2,yellow,credit card,Midtown Center,Washington Heights South,Manhattan,Manhattan
2019-03-14 22:38:48,2019-03-14 22:50:45,2,16.34,3.9,1.12,1.73,7.53,yellow,cash,Woodside,University Heights/Morris Heights,Queens,Bronx
2019-03-08 11:59:12,2019-03-08 12:13:35,1,0.0,10.8,1.47,0.17,11.76,yellow,credit card,Midtown East,Cypress Hills,Manhattan,Brooklyn
2019-03-07 17:05:27,2019-03-07 17:22:01,1,2.22,8.57,0.71,0.11,10.6,yellow,cash,Midtown East,Brighton Beach,Manhattan,Brooklyn
2019-03-01 00:23:09,2019-03-01 00:35:43,1,2.55,7.1,2.78,0.09,14.21,yellow,credit card,East Harlem North,East Harlem North,Manhattan,Manhattan
2019-02-28 10:09:37,2019-02-28 10:27:11,1,0.19,17.73,0.43,0.11,22.3,yellow,cash,Sutton Place/Turtle Bay North,Stuy Town/Peter Cooper Village,Manhattan,Manhattan
2019-03-13 19:38:59,2019-03-13 19:52:07,1,1.78,8.4,1.22,0.14,17.07,yellow,credit card,Times Sq/Theatre District,Crotona Park East,Manhattan,Bronx
2019-03-28 04:21:24,2019-03-28 04:37:03,1,2.66,12.0,1.38,0.1,27.96,yellow,cash,Penn Station/Madison Sq West,Upper West Side South,Manhattan,Manhattan
2019-03-01 20:19:39,2019-03-01 20:34:39,1,2.22,4.7,0.98,0.05,12.27,yellow,credit card,Union Sq,Bronxdale,Manhattan,Bronx
2019-03-11 09:07:33,2019-03-11 09:22:21,1,3.37,13.07,1.6,0.29,14.1,yellow,cash,East Village,Midtown East,Manhattan,Manhattan
2019-03-26 00:27:34,2019-03-26 00:39:45,1,0.38,14.9,2.2,0.03,25.08,yellow,credit card,Upper West Side North,Windsor Terrace,Manhattan,Brooklyn
2019-03-14 00:47:17,2019-03-14 00:59:03,0,0.79,6.1,1.56,0.01,12.1,yellow,cash,World Trade Center,Upper West Side South,Manhattan,Manhattan
2019-03-26 15:17:54,2019-03-26 15:30:47,1,0.16,13.18,4.9,0.16,23.42,yellow,credit card,East Village,Midtown North,Manhattan,Manhattan
2019-03-11 09:08:25,2019-03-11 09:22:27,1,1.78,15.18,1.52,0.16,15.7,yellow,cash,Lincoln Square East,Bayside,Manhattan,Queens
2019-03-10 21:29:23,2019-03-10 21:41:18,1,0.8,10.4,1.31,0.19,12.29,yellow,credit card,Lincoln Square East,Woodlawn/Wakefield,Manhattan,Bronx
2019-03-23 22:46:10,2019-03-23 22:59:01,1,1.74,7.4,4.32,0.24,15.29,yellow,cash,Midtown North,Greenwich Village South,Manhattan,Manhattan
2019-03-01 19:24:52,2019-03-01 19:38:05,1,24.66,7.9,0.22,1.52,40.67,yellow,credit card,East Elmhurst,North Corona,Queens,Queens
2019-03-31 10:20:36,2019-03-31 10:33:43,1,2.13,7.7,5.12,0.19,10.89,yellow,cash,Greenwich Village North,Kingsbridge Heights,Manhattan,Bronx
2019-03-15 09:15:53,2019-03-15 09:28:43,1,0.21,15.84,3.35,0.03,27.9,yellow,credit card,Financial District South,Marine Park/Mill Basin,Manhattan,Brooklyn
2019-03-02 03:22:18,2019-03-02 03:37:33,1,0.36,16.39,0.48,0.03,20.3,yellow,cash,Times Sq/Theatre District,Whitestone,Manhattan,Queens
2019-03-25 02:16:27,2019-03-25 02:31:18,2,0.15,5.9,0.05,0.01,8.17,yellow,credit card,Penn Station/Madison Sq West,Queensbridge/Ravenswood,Manhattan,Queens
2019-03-10 09:23:04,2019-03-10 09:37:50,1,6.94,7.7,0.58,0.24,14.12,yellow,cash,Upper East Side South,East Flushing,Manhattan,Queens
2019-03-03 03:22:18,2019-03-03 03:33:50,1,7.41,12.1,0.11,1.18,14.78,yellow,credit card,Highbridge,Williamsbridge/Olinville,Bronx,Bronx
2019-03-21 20:44:56,2019-03-21 20:57:17,1,0.22,9.7,2.09,0.08,11.15,yellow,cash,Union Sq,Morrisania/Melrose,Manhattan,Bronx
2019-03-10 19:45:52,2019-03-10 20:02:56,1,1.2,17.0,4.23,0.1,21.21,yellow,credit card,Central Park,Co-Op City,Manhattan,Bronx
2019-03-07 00:36:42,2019-03-07 00:49:00,1,1.01,5.3,0.62,0.14,18.98,yellow,cash,TriBeCa/Civic Center,Randalls Island,Manhattan,Manhattan
2019-03-31 02:25:19,2019-03-31 02:38:47,6,14.22,13.6,1.77,2.66,36.99,yellow,credit card,LaGuardia Airport,Madison,Queens,Brooklyn
2019-03-14 12:04:49,2019-03-14 12:19:10,1,10.84,8.0,1.33,0.26,22.88,yellow,cash,East Chelsea,Bedford,Manhattan,Brooklyn
2019-03-14 01:04:16,2019-03-14 01:18:10,1,7.79,8.35,1.79,1.34,18.5,yellow,credit card,Elmhurst,Canarsie,Queens,Brooklyn
2019-03-20 16:23:55,2019-03-20 16:36:22,1,0.7,28.3,0.67,0.16,86.9,yellow,cash,Kingsbridge Heights,West Concourse,Bronx,Bronx
2019-03-07 18:51:52,2019-03-07 19:05:55,1,4.3,17.3,0.59,0.0,47.42,yellow,credit card,Prospect-Lefferts Gardens,Times Sq/Theatre District,Brooklyn,Manhattan
2019-03-15 15:28:00,2019-03-15 15:44:35,2,4.21,14.77,0.68,0.18,18.7,yellow,cash,TriBeCa/Civic Center,Flatlands,Manhattan,Brooklyn
2019-03-13 13:33:33,2019-03-13 13:50:15,2,3.98,1.99,1.7,0.0,22.46,yellow,credit card,Penn Station/Madison Sq West,Dyker Heights,Manhattan,Brooklyn
2019-03-22 00:34:37,2019-03-22 00:47:54,1,1.67,3.15,3.1,0.17,20.34,yellow,cash,East Village,Sheepshead Bay,Manhattan,Brooklyn
2019-03-05 21:58:29,2019-03-05 22:11:17,1,0.29,3.8,0.66,0.03,13.59,yellow,credit card,Clinton West,Springfield Gardens South,Manhattan,Queens
2019-03-19 04:45:28,2019-03-19 05:00:53,1,1.08,28.54,2.73,0.56,36.7,yellow,cash,Flushing,Yorkville West,Queens,Manhattan
2019-03-16 05:16:34,2019-03-16 05:31:19,3,0.09,12.77,1.43,0.33,27.7,yellow,credit card,Erasmus,East Tremont,Brooklyn,Bronx
2019-03-24 18:07:43,2019-03-24 18:21:38,1,0.59,12.5,2.34,0.47,13.29,yellow,cash,Lincoln Square East,Upper East Side North,Manhattan,Manhattan
2019-03-12 06:16:32,2019-03-12 06:31:59,1,0.19,13.8,1.88,0.06,16.88,yellow,credit card,Midtown East,East Chelsea,Manhattan,Manhattan
2019-03-30 01:18:04,2019-03-30 01:32:53,1,1.47,7.8,1.81,0.07,16.79,yellow,cash,East Harlem South,Manhattan Beach,Manhattan,Brooklyn
2019-03-31 13:23:16,2019-03-31 13:38:37,1,2.81,11.0,2.12,0.06,12.41,yellow,credit card,Bloomingdale,Prospect Park,Manhattan,Brooklyn
2019-03-20 02:31:49,2019-03-20 02:46:44,1,1.48,7.7,1.79,0.27,12.04,yellow,cash,Greenwich Village South,Stapleton,Manhattan,Staten Island
2019-03-19 09:42:45,2019-03-19 09:55:01,5,6.27,6.3,0.34,0.59,11.26,yellow,credit card,Times Sq/Theatre District,Morrisania/Melrose,Manhattan,Bronx
2019-03-14 08:11:10,2019-03-14 08:26:28,6,3.14,9.79,0.19,0.07,15.6,yellow,cash,Upper East Side South,Bay Ridge,Manhattan,Brooklyn
2019-03-05 18:58:26,2019-03-05 19:11:12,1,1.68,9.04,0.08,0.17,9.1,yellow,credit card,Kips Bay,Bloomingdale,Manhattan,Manhattan
2019-03-27 07:50:27,2019-03-27 08:05:50,1,1.18,15.89,2.16,0.77,41.1,yellow,cash,LaGuardia Airport,Prospect Park,Queens,Brooklyn
2019-03-06 14:17:16,2019-03-06 14:32:01,1,5.45,37.5,0.87,0.53,105.14,yellow,credit card,Saint Albans,Midtown North,Queens,Manhattan
2019-03-09 18:58:34,2019-03-09 19:14:08,1,2.26,7.3,0.21,0.32,22.3,yellow,cash,West Village,Bath Beach,Manhattan,Brooklyn
2019-03-16 14:10:26,2019-03-16 14:22:37,5,1.09,2.8,0.05,0.06,12.57,yellow,credit card,Midtown East,Flushing Meadows-Corona Park,Manhattan,Queens
2019-03-02 14:52:57,2019-03-02 15:07:38,1,0.31,11.3,2.21,0.0,14.76,yellow,cash,West Chelsea/Hudson Yards,Prospect Park,Manhattan,Brooklyn
2019-03-22 10:18:31,2019-03-22 10:35:45,1,2.08,12.7,0.37,0.0,20.47,yellow,credit card,Yorkville East,Starrett City,Manhattan,Brooklyn
2019-03-30 09:24:34,2019-03-30 09:39:38,1,0.68,6.76,0.02,2.4,37.1,yellow,cash,Howard Beach,West Concourse,Queens,Bronx
2019-03-10 16:35:06,2019-03-10 16:49:39,1,0.56,7.7,3.62,0.19,20.84,yellow,credit card,Sutton Place/Turtle Bay North,Midwood,Manhattan,Brooklyn
2019-03-05 03:33:19,2019-03-05 03:46:36,1,2.07,9.86,8.13,0.02,44.3,yellow,cash,Upper East Side North,Kingsbridge Heights,Manhattan,Bronx
2019-03-24 04:52:18,2019-03-24 05:05:38,1,1.53,9.1,2.85,0.14,12.29,yellow,credit card,East Harlem South,Midtown Center,Manhattan,Manhattan
2019-03-16 19:13:45,2019-03-16 19:29:28,1,6.61,8.9,0.74,0.5,11.25,yellow,cash,Boerum Hill,Central Park,Brooklyn,Manhattan
2019-03-24 16:17:41,2019-03-24 16:34:37,1,0.55,3.9,2.89,0.26,21.15,yellow,credit card,East Harlem South,Belmont,Manhattan,Bronx
2019-03-15 10:25:29,2019-03-15 10:39:08,1,0.78,12.6,2.74,0.02,28.21,yellow,cash,Park Slope,Crotona Park East,Brooklyn,Bronx
2019-03-14 17:07:33,2019-03-14 17:20:38,1,1.69,23.1,1.57,0.31,29.17,yellow,credit card,Williamsburg (South Side),Manhattanville,Brooklyn,Manhattan
2019-03-18 18:48:48,2019-03-18 19:02:21,1,20.11,6.0,4.29,1.28,41.52,yellow,cash,JFK Airport,Midwood,Queens,Brooklyn
2019-03-16 09:13:14,2019-03-16 09:28:38,1,2.32,8.4,0.82,0.29,10.86,yellow,credit card,West Chelsea/Hudson Yards,Woodhaven,Manhattan,Queens
2019-03-04 19:01:36,2019-03-04 19:15:44,5,0.37,13.6,0.37,0.12,39.63,yellow,cash,Upper West Side North,Upper East Side South,Manhattan,Manhattan
2019-03-29 21:48:10,2019-03-29 22:01:50,1,3.1,8.4,0.0,0.1,16.59,yellow,credit card,West Chelsea/Hudson Yards,Mount Hope,Manhattan,Bronx
2019-03-24 09:42:57,2019-03-24 09:58:21,1,0.36,3.8,0.9,0.07,15.1,yellow,cash,Lenox Hill West,Hillcrest/Pomonok,Manhattan,Queens
2019-03-13 23:31:38,2019-03-13 23:42:36,1,0.55,10.7,1.68,0.02,23.5,yellow,credit card,Midtown East,Marine Park/Mill Basin,Manhattan,Brooklyn
2019-03-17 11:49:01,2019-03-17 12:03:11,2,0.57,3.9,2.62,0.14,34.1,yellow,cash,Midtown Center,Pelham Parkway,Manhattan,Bronx
2019-03-31 02:10:55,2019-03-31 02:23:39,3,0.03,12.7,2.83,0.12,20.75,yellow,credit card,Battery Park City,Greenwich Village North,Manhattan,Manhattan
2019-03-11 10:09:12,2019-03-11 10:24:31,1,3.18,11.0,4.69,0.23,16.52,yellow,cash,Upper West Side South,Yorkville East,Manhattan,Manhattan
2019-03-21 11:00:17,2019-03-21 11:11:38,2,0.3,8.9,1.82,0.05,10.07,yellow,credit card,Murray Hill,Sunset Park West,Manhattan,Brooklyn
2019-03-13 13:04:24,2019-03-13 13:20:52,1,1.89,15.0,0.49,0.11,33.39,yellow,cash,Park Slope,Queensboro Hill,Brooklyn,Queens
2019-03-08 14:33:41,2019-03-08 14:50:16,1,3.69,3.5,0.06,0.91,14.73,yellow,credit card,Brooklyn Heights,Madison,Brooklyn,Brooklyn
2019-03-28 08:25:18,2019-03-28 08:40:27,1,4.55,6.0,3.39,0.21,19.21,yellow,cash,TriBeCa/Civic Center,Bushwick North,Manhattan,Brooklyn
2019-03-03 02:11:24,2019-03-03 02:23:45,3,17.78,11.42,1.85,0.23,12.3,yellow,credit card,Rego Park,Financial District North,Queens,Manhattan
2019-03-01 17:29:42,2019-03-01 17:45:27,2,1.93,4.6,1.02,0.02,18.75,yellow,cash,Central Park,Stuy Town/Peter Cooper Village,Manhattan,Manhattan
2019-03-02 04:39:56,2019-03-02 04:54:08,1,1.95,9.7,3.41,0.02,14.2,yellow,credit card,West Village,East New York,Manhattan,Brooklyn
2019-03-06 06:48:20,2019-03-06 07:02:52,1,1.36,9.0,0.83,1.37,65.65,yellow,cash,Queensboro Hill,Brooklyn Navy Yard,Queens,Brooklyn
2019-03-17 09:18:31,2019-03-17 09:32:29,4,0.08,6.6,1.67,0.09,20.64,yellow,credit card,Lower East Side,Co-Op City,Manhattan,Bronx
2019-03-19 03:59:42,2019-03-19 04:13:05,1,0.71,3.5,3.49,0.04,15.41,yellow,cash,Manhattan Valley,Norwood,Manhattan,Bronx
2019-03-12 01:13:34,2019-03-12 01:28:11,3,1.87,5.02,4.36,0.4,7.0,yellow,credit card,Midtown East,Kingsbridge Heights,Manhattan,Bronx
2019-03-25 16:37:43,2019-03-25 16:52:35,1,0.7,15.9,1.33,0.16,23.6,yellow,cash,Times Sq/Theatre District,Flatlands,Manhattan,Brooklyn
2019-03-07 17:52:51,2019-03-07 18:09:07,1,3.49,12.2,1.95,0.16,17.58,yellow,credit card,Lincoln Square East,Prospect Park,Manhattan,Brooklyn
2019-03-29 11:01:57,2019-03-29 11:14:30,1,3.35,4.5,0.27,0.47,9.87,yellow,cash,Lincoln Square East,Upper East Side South,Manhattan,Manhattan
2019-03-07 10:15:42,2019-03-07 10:27:58,1,0.78,3.9,0.07,0.32,26.63,yellow,credit card,Fort Greene,Upper East Side South,Brooklyn,Manhattan
2019-03-19 01:14:44,2019-03-19 01:29:23,5,0.9,11.1,0.5,0.14,16.71,yellow,cash,Brooklyn Heights,Clinton West,Brooklyn,Manhattan
2019-03-15 13:19:10,2019-03-15 13:36:43,1,4.47,6.68,1.04,0.04,7.5,yellow,credit card,Upper East Side North,Bensonhurst West,Manhattan,Brooklyn
2019-03-19 15:32:45,2019-03-19 15:48:45,0,16.08,7.4,0.95,0.13,12.12,yellow,cash,Lincoln Square West,Flushing Meadows-Corona Park,Manhattan,Queens
2019-03-30 02:36:05,2019-03-30 02:48:35,1,4.39,9.1,4.99,0.01,24.02,yellow,credit card,SoHo,Kips Bay,Manhattan,Manhattan
2019-03-13 21:37:49,2019-03-13 21:51:29,6,0.44,4.9,1.14,0.06,27.41,yellow,cash,West Village,University Heights/Morris Heights,Manhattan,Bronx
2019-03-20 03:55:40,2019-03-20 04:11:00,1,4.98,8.4,0.64,0.39,17.98,yellow,credit card,Upper West Side North,Steinway,Manhattan,Queens
2019-03-19 09:14:04,2019-03-19 09:28:40,1,5.23,37.97,7.05,3.19,43.6,yellow,cash,Jackson Heights,Garment District,Queens,Manhattan
2019-03-15 11:20:46,2019-03-15 11:35:10,1,5.8,8.6,0.12,0.1,35.69,yellow,credit card,Upper East Side North,Lower East Side,Manhattan,Manhattan
2019-03-29 22:46:06,2019-03-29 23:01:07,1,0.48,8.1,3.53,0.06,9.73,yellow,cash,UN/Turtle Bay South,Claremont/Bathgate,Manhattan,Bronx
2019-03-31 06:28:39,2019-03-31 06:42:17,1,0.85,16.9,4.44,0.14,19.59,yellow,credit card,Clinton East,Astoria,Manhattan,Queens
2019-03-27 18:28:02,2019-03-27 18:43:21,1,3.42,16.4,0.84,0.34,20.04,yellow,cash,East Village,Upper West Side South,Manhattan,Manhattan
2019-03-18 21:02:43,2019-03-18 21:17:47,1,1.04,9.3,3.52,0.01,11.27,yellow,credit card,East Village,Old Astoria,Manhattan,Queens
2019-03-06 23:00:52,2019-03-06 23:16:28,3,1.66,8.4,0.33,0.08,33.86,yellow,cash,Times Sq/Theatre District,Murray Hill-Queens,Manhattan,Queens
2019-03-25 05:18:46,2019-03-25 05:32:14,1,1.04,9.83,0.46,0.02,10.9,yellow,credit card,Union Sq,Richmond Hill,Manhattan,Queens
2019-03-03 23:35:09,2019-03-03 23:49:10,1,1.5,9.85,0.76,0.09,13.3,yellow,cash,Gramercy,Clinton East,Manhattan,Manhattan
2019-03-04 18:47:12,2019-03-04 19:01:16,1,4.76,10.07,2.14,0.78,46.8,yellow,credit card,Prospect Park,Little Italy/NoLiTa,Brooklyn,Manhattan
2019-03-14 00:56:46,2019-03-14 01:10:03,1,4.22,20.3,0.61,4.86,46.8,yellow,cash,Astoria,South Jamaica,Queens,Queens
2019-03-22 03:19:57,2019-03-22 03:35:47,1,1.41,6.2,2.85,0.4,8.38,yellow,credit card,Lincoln Square East,Clinton Hill,Manhattan,Brooklyn
2019-03-18 20:26:33,2019-03-18 20:41:13,1,4.09,4.3,2.18,0.13,8.53,yellow,cash,Lincoln Square East,Fresh Meadows,Manhattan,Queens
2019-03-05 11:58:27,2019-03-05 12:13:34,5,1.99,10.6,2.8,0.0,11.91,yellow,credit card,Lenox Hill West,East Concourse/Concourse Village,Manhattan,Bronx
2019-03-06 10:39:25,2019-03-06 10:55:08,2,2.31,4.05,0.12,0.3,37.7,yellow,cash,Cobble Hill,North Corona,Brooklyn,Queens
2019-03-08 16:47:46,2019-03-08 17:02:47,1,1.28,9.55,0.4,0.07,11.4,yellow,credit card,West Village,Bloomingdale,Manhattan,Manhattan
2019-03-22 01:08:35,2019-03-22 01:21:17,1,3.62,7.66,0.45,0.23,23.8,yellow,cash,Upper East Side South,Financial District South,Manhattan,Manhattan
2019-03-08 22:41:38,2019-03-08 22:58:41,1,0.22,8.9,1.39,0.11,11.63,yellow,credit card,Clinton East,Williamsbridge/Olinville,Manhattan,Bronx
2019-03-24 17:15:36,2019-03-24 17:30:13,1,5.34,10.59,1.43,0.02,17.1,yellow,cash,Garment District,West Concourse,Manhattan,Bronx
2019-03-07 15:26:11,2019-03-07 15:42:23,3,0.35,9.4,3.73,0.07,15.73,yellow,credit card,Upper West Side South,Battery Park City,Manhattan,Manhattan
2019-03-11 05:20:07,2019-03-11 05:34:25,1,2.44,7.4,0.62,0.02,16.04,yellow,cash,West Village,Bloomingdale,Manhattan,Manhattan
2019-03-27 11:50:11,2019-03-27 12:04:29,1,0.12,7.1,3.29,0.37,17.34,yellow,credit card,Upper East Side South,Dyker Heights,Manhattan,Brooklyn
2019-03-09 11:30:54,2019-03-09 11:46:19,1,0.53,12.7,3.58,0.05,14.07,yellow,cash,Chinatown,Corona,Manhattan,Queens
2019-03-19 11:19:33,2019-03-19 11:36:25,1,0.21,14.3,0.4,0.97,82.94,yellow,credit card,Elmhurst,Clinton East,Queens,Manhattan
2019-03-26 21:44:44,2019-03-26 21:58:43,1,2.94,4.7,1.11,0.07,29.07,yellow,cash,Clinton East,Financial District North,Manhattan,Manhattan
2019-03-26 03:23:25,2019-03-26 03:36:04,1,19.56,11.9,2.52,3.96,31.92,yellow,credit card,JFK Airport,South Ozone Park,Queens,Queens
2019-03-29 01:56:05,2019-03-29 02:12:17,1,0.17,12.7,1.85,0.05,19.67,yellow,cash,Crown Heights North,Yorkville East,Brooklyn,Manhattan
2019-03-02 02:27:36,2019-03-02 02:42:53,1,2.14,13.85,0.07,0.03,22.6,yellow,credit card,Greenpoint,East Village,Brooklyn,Manhattan
2019-03-11 00:24:17,2019-03-11 00:40:27,1,6.57,6.9,1.6,0.05,23.99,yellow,cash,Lincoln Square West,Bedford Park,Manhattan,Bronx
2019-03-04 12:21:42,2019-03-04 12:36:05,2,1.61,7.7,0.99,0.09,26.11,yellow,credit card,Penn Station/Madison Sq West,Stapleton,Manhattan,Staten Island
2019-03-10 23:53:20,2019-03-11 00:09:07,1,2.05,6.9,5.33,0.08,16.34,yellow,cash,Central Harlem North,Sheepshead Bay,Manhattan,Brooklyn
2019-03-26 13:09:03,2019-03-26 13:23:15,1,0.35,7.2,0.7,0.29,24.63,yellow,credit card,Clinton East,Bath Beach,Manhattan,Brooklyn
2019-03-14 03:27:24,2019-03-14 03:39:05,4,0.15,13.23,0.1,0.12,17.2,yellow,cash,Clinton West,University Heights/Morris Heights,Manhattan,Bronx
2019-03-12 06:26:48,2019-03-12 06:40:13,1,0.04,7.86,2.9,0.31,23.0,yellow,credit card,Battery Park City,Two Bridges/Seward Park,Manhattan,Manhattan
2019-03-28 16:12:23,2019-03-28 16:26:53,1,1.88,13.3,0.89,1.44,15.9,yellow,cash,JFK Airport,Midtown Center,Queens,Manhattan
2019-03-13 16:29:40,2019-03-13 16:46:17,3,1.63,18.64,1.34,0.0,27.0,yellow,credit card,Washington Heights South,Mount Hope,Manhattan,Bronx
2019-03-21 11:41:11,2019-03-21 11:58:36,1,2.95,10.3,0.26,0.15,18.91,yellow,cash,Upper West Side South,Maspeth,Manhattan,Queens
2019-03-02 19:57:01,2019-03-02 20:12:12,1,3.27,5.3,0.97,0.13,32.01,yellow,credit card,Flatiron,Crown Heights South,Manhattan,Brooklyn
2019-03-17 12:11:56,2019-03-17 12:24:50,1,8.4,15.8,0.17,1.46,41.7,yellow,cash,Van Nest/Morris Park,Springfield Gardens South,Bronx,Queens
2019-03-10 11:54:04,2019-03-10 12:04:47,1,0.01,9.67,0.04,0.02,12.0,yellow,credit card,SoHo,Gravesend,Manhattan,Brooklyn
2019-03-06 07:17:41,2019-03-06 07:32:45,2,17.38,18.88,0.05,0.01,58.4,yellow,cash,Park Slope,Prospect Heights,Brooklyn,Brooklyn
2019-03-12 14:29:58,2019-03-12 14:42:49,1,2.19,7.4,5.15,0.08,16.53,yellow,credit card,Central Park,TriBeCa/Civic Center,Manhattan,Manhattan
2019-03-09 05:35:18,2019-03-09 05:47:46,1,2.49,4.9,0.77,0.16,16.38,yellow,cash,Times Sq/Theatre District,Ozone Park,Manhattan,Queens
2019-03-09 09:51:30,2019-03-09 10:07:55,2,4.18,8.3,1.2,0.06,15.45,yellow,credit card,Sunset Park West,Kew Gardens Hills,Brooklyn,Queens
2019-03-10 23:32:27,2019-03-10 23:46:25,1,7.55,4.6,1.13,0.15,23.82,yellow,cash,Penn Station/Madison Sq West,Gramercy,Manhattan,Manhattan
2019-03-11 10:02:39,2019-03-11 10:14:56,6,3.76,5.1,0.94,0.03,33.03,yellow,credit card,Upper East Side North,Cobble Hill,Manhattan,Brooklyn
2019-03-18 23:21:56,2019-03-18 23:36:33,1,1.71,5.4,0.09,0.07,19.26,yellow,cash,UN/Turtle Bay South,Sunnyside,Manhattan,Queens
2019-03-14 07:12:06,2019-03-14 07:24:22,1,8.41,7.8,4.77,0.17,15.89,yellow,credit card,Penn Station/Madison Sq West,Midtown Center,Manhattan,Manhattan
2019-02-28 14:46:58,2019-02-28 15:01:38,1,2.61,8.37,6.2,0.05,35.46,yellow,cash,Lenox Hill West,Flushing,Manhattan,Queens
2019-03-21 03:11:38,2019-03-21 03:26:01,1,2.63,7.0,0.23,0.04,18.23,yellow,credit card,Dyker Heights,Flatbush/Ditmas Park,Brooklyn,Brooklyn
2019-03-31 20:46:54,2019-03-31 21:00:31,6,0.06,7.5,3.68,0.34,17.18,yellow,cash,East Chelsea,East Chelsea,Manhattan,Manhattan
2019-03-28 01:37:56,2019-03-28 01:50:16,4,0.26,8.9,3.36,0.04,11.34,yellow,credit card,Manhattan Valley,Fresh Meadows,Manhattan,Queens
2019-03-27 20:44:10,2019-03-27 20:57:06,1,1.37,15.19,3.03,0.02,20.0,yellow,cash,Two Bridges/Seward Park,Van Nest/Morris Park,Manhattan,Bronx
2019-03-28 07:01:01,2019-03-28 07:13:19,1,3.91,5.59,2.81,0.42,56.0,yellow,credit card,Madison,Battery Park,Brooklyn,Manhattan
2019-03-31 21:48:49,2019-03-31 22:00:17,1,0.03,12.4,0.08,1.5,20.5,yellow,cash,Soundview/Bruckner,TriBeCa/Civic Center,Bronx,Manhattan
2019-03-27 02:33:23,2019-03-27 02:47:52,2,2.3,13.47,0.38,0.43,14.6,yellow,credit card,Lenox Hill East,Gravesend,Manhattan,Brooklyn
2019-03-14 03:40:28,2019-03-14 03:54:26,1,3.74,10.95,0.67,0.06,15.7,yellow,cash,Clinton West,World Trade Center,Manhattan,Manhattan
2019-03-09 12:56:52,2019-03-09 13:11:53,5,11.82,12.61,1.8,0.3,55.3,yellow,credit card,JFK Airport,Melrose South,Queens,Bronx
2019-03-22 14:54:47,2019-03-22 15:09:19,1,3.56,6.0,0.23,0.15,11.04,yellow,cash,Murray Hill,Parkchester,Manhattan,Bronx
2019-03-31 14:56:47,2019-03-31 15:09:54,1,2.83,15.4,0.58,0.25,37.0,yellow,credit card,Midtown East,Seaport,Manhattan,Manhattan
2019-03-01 05:03:00,2019-03-01 05:16:28,5,2.97,7.1,3.72,0.07,26.41,yellow,cash,Meatpacking/West Village West,Bedford Park,Manhattan,Bronx
2019-03-21 14:30:26,2019-03-21 14:42:29,1,0.03,14.8,2.39,0.22,21.66,yellow,credit card,Chinatown,Riverdale/North Riverdale/Fieldston,Manhattan,Bronx
2019-03-08 19:49:27,2019-03-08 20:03:36,1,0.5,7.99,0.5,0.13,13.9,yellow,cash,Greenwich Village North,Rosedale,Manhattan,Queens
2019-03-21 09:34:13,2019-03-21 09:50:10,1,4.24,16.5,0.36,0.04,44.34,yellow,credit card,Clinton East,Ozone Park,Manhattan,Queens
2019-03-12 03:09:42,2019-03-12 03:21:10,1,11.73,15.94,0.07,2.78,62.2,yellow,cash,LaGuardia Airport,Bensonhurst West,Queens,Brooklyn
2019-03-28 03:14:57,2019-03-28 03:31:17,4,5.61,27.28,2.68,0.41,32.6,yellow,credit card,Flushing,Borough Park,Queens,Brooklyn
2019-03-17 16:00:52,2019-03-17 16:16:17,1,3.53,20.6,1.21,0.12,23.28,yellow,cash,Bushwick North,Sheepshead Bay,Brooklyn,Brooklyn
2019-03-15 07:37:07,2019-03-15 07:53:09,1,2.13,8.6,2.86,0.03,15.26,yellow,credit card,Yorkville West,Van Nest/Morris Park,Manhattan,Bronx
2019-03-20 02:56:12,2019-03-20 03:11:49,3,5.66,11.88,0.09,1.3,26.2,yellow,cash,Mott Haven/Port Morris,Stuyvesant Heights,Bronx,Brooklyn
2019-03-03 01:30:55,2019-03-03 01:46:33,1,0.71,7.11,1.09,0.19,18.6,yellow,credit card,Garment District,Manhattanville,Manhattan,Manhattan
2019-03-19 21:03:30,2019-03-19 21:18:36,2,5.24,3.3,0.17,0.03,21.21,yellow,cash,Midtown South,West Village,Manhattan,Manhattan
2019-03-21 04:19:54,2019-03-21 04:36:13,1,0.38,19.2,2.43,0.21,21.55,yellow,credit card,Greenwich Village North,Sunnyside,Manhattan,Queens
2019-03-28 16:02:08,2019-03-28 16:15:23,1,0.23,9.44,6.54,0.11,11.6,yellow,cash,Clinton East,Jackson Heights,Manhattan,Queens
2019-03-22 09:27:11,2019-03-22 09:41:19,1,7.31,10.4,3.35,0.05,11.52,yellow,credit card,Central Harlem North,Bayside,Manhattan,Queens
2019-03-22 22:39:41,2019-03-22 22:53:30,1,0.9,15.2,0.21,0.37,16.0,yellow,cash,Prospect Heights,Crotona Park East,Brooklyn,Bronx
2019-03-21 21:14:22,2019-03-21 21:27:43,1,0.05,5.49,1.22,0.3,10.7,yellow,credit card,Greenwich Village North,Westchester Village/Unionport,Manhattan,Bronx
2019-03-21 07:52:53,2019-03-21 08:08:59,2,6.03,5.89,1.54,0.38,8.7,yellow,cash,Midtown North,Gramercy,Manhattan,Manhattan
2019-03-15 20:36:33,2019-03-15 20:50:48,5,3.49,6.5,0.8,0.0,8.17,yellow,credit card,Penn Station/Madison Sq West,Sunnyside,Manhattan,Queens
2019-03-29 17:10:29,2019-03-29 17:26:35,1,0.3,23.97,0.24,0.87,79.9,yellow,cash,Park Slope,Central Harlem,Brooklyn,Manhattan
2019-03-29 04:38:16,2019-03-29 04:55:16,2,0.16,10.88,0.69,0.31,11.3,yellow,credit card,Penn Station/Madison Sq West,Gramercy,Manhattan,Manhattan
2019-03-20 11:38:55,2019-03-20 11:53:19,1,0.34,9.48,0.4,0.07,14.7,yellow,cash,Stuyvesant Heights,Financial District North,Brooklyn,Manhattan
2019-03-06 06:53:18,2019-03-06 07:09:13,1,0.45,8.29,1.88,0.44,36.5,yellow,credit card,Upper West Side South,Union Sq,Manhattan,Manhattan
2019-03-25 04:05:08,2019-03-25 04:19:07,1,0.18,8.28,4.34,0.25,12.6,yellow,cash,Meatpacking/West Village West,Starrett City,Manhattan,Brooklyn
2019-03-15 03:59:57,2019-03-15 04:12:38,1,4.71,6.0,0.98,0.15,19.82,yellow,credit card,Murray Hill,Brownsville,Manhattan,Brooklyn
2019-03-23 21:27:07,2019-03-23 21:41:54,1,3.27,14.2,0.53,0.06,17.84,yellow,cash,Lenox Hill East,Seaport,Manhattan,Manhattan
2019-03-11 08:09:06,2019-03-11 08:22:54,1,1.07,14.17,1.76,0.09,27.5,yellow,credit card,Stuy Town/Peter Cooper Village,Prospect Heights,Manhattan,Brooklyn
2019-03-06 08:17:27,2019-03-06 08:31:37,2,0.02,6.4,4.79,0.02,13.98,yellow,cash,Times Sq/Theatre District,SoHo,Manhattan,Manhattan
2019-03-13 20:37:43,2019-03-13 20:54:24,2,2.16,10.3,6.57,2.59,60.58,yellow,credit card,Astoria,Sunset Park West,Queens,Brooklyn
2019-03-28 06:27:17,2019-03-28 06:40:11,1,2.08,9.2,0.06,0.02,15.86,yellow,cash,Clinton East,Douglaston,Manhattan,Queens
2019-03-23 01:18:02,2019-03-23 01:33:07,2,3.31,19.1,0.66,0.09,44.59,yellow,credit card,Boerum Hill,Inwood,Brooklyn,Manhattan
2019-03-10 11:55:41,2019-03-10 12:09:33,1,0.57,22.68,0.69,2.55,34.4,yellow,cash,Long Island City/Hunters Point,Parkchester,Queens,Bronx
2019-03-20 17:15:36,2019-03-20 17:30:01,1,1.79,7.1,4.48,0.15,14.98,yellow,credit card,Central Park,Briarwood/Jamaica Hills,Manhattan,Queens
2019-03-15 17:16:14,2019-03-15 17:28:39,2,3.31,10.25,2.34,0.01,13.5,yellow,cash,Flatiron,Carroll Gardens,Manhattan,Brooklyn
2019-03-07 20:12:34,2019-03-07 20:26:45,1,0.87,5.3,2.61,0.09,23.65,yellow,credit card,Upper East Side South,Glendale,Manhattan,Queens
2019-03-24 08:37:32,2019-03-24 08:50:58,1,3.4,12.1,3.83,2.35,23.43,yellow,cash,Cambria Heights,Windsor Terrace,Queens,Brooklyn
2019-03-21 15:37:03,2019-03-21 15:50:09,1,14.32,7.5,4.33,0.01,11.5,yellow,credit card,Yorkville East,Fort Greene,Manhattan,Brooklyn
2019-03-07 09:37:04,2019-03-07 09:54:36,1,1.17,8.0,2.1,0.04,19.56,yellow,cash,Midtown North,Melrose South,Manhattan,Bronx
2019-03-07 06:44:52,2019-03-07 07:00:24,5,2.13,9.6,0.36,0.24,18.48,yellow,credit card,Greenwich Village South,Flatbush/Ditmas Park,Manhattan,Brooklyn
2019-03-11 00:17:28,2019-03-11 00:34:59,1,0.67,16.73,2.85,0.07,21.3,yellow,cash,West Village,Hamilton Heights,Manhattan,Manhattan
2019-03-20 20:18:56,2019-03-20 20:36:13,1,3.51,13.95,2.65,0.08,18.3,yellow,credit card,Yorkville East,Spuyten Duyvil/Kingsbridge,Manhattan,Bronx
2019-03-18 06:04:37,2019-03-18 06:19:50,1,3.45,20.5,1.93,0.33,21.33,yellow,cash,Union Sq,Central Park,Manhattan,Manhattan
2019-03-29 13:17:49,2019-03-29 13:31:20,1,3.14,18.5,4.78,0.54,20.09,yellow,credit card,Clinton East,Union Sq,Manhattan,Manhattan
2019-03-31 01:03:29,2019-03-31 01:17:03,1,1.13,3.9,2.99,0.09,23.78,yellow,cash,East Harlem North,Upper West Side North,Manhattan,Manhattan
2019-03-09 02:27:37,2019-03-09 02:43:15,1,5.05,7.3,0.92,0.14,10.65,yellow,credit card,Financial District North,Central Park,Manhattan,Manhattan
2019-03-08 22:32:54,2019-03-08 22:46:10,1,4.52,3.8,0.27,1.07,3.87,yellow,cash,Fordham South,Forest Hills,Bronx,Queens
2019-03-30 18:14:57,2019-03-30 18:30:58,1,2.03,10.56,2.59,0.06,12.6,yellow,credit card,Greenwich Village South,East Concourse/Concourse Village,Manhattan,Bronx
2019-03-14 01:23:49,2019-03-14 01:37:47,1,3.52,8.1,0.93,0.1,16.55,yellow,cash,Lincoln Square East,Seaport,Manhattan,Manhattan
2019-03-15 23:17:56,2019-03-15 23:33:30,1,0.16,12.21,1.51,0.1,14.5,yellow,credit card,Financial District North,Greenwich Village North,Manhattan,Manhattan
2019-03-27 10:19:14,2019-03-27 10:30:20,1,1.48,11.71,0.69,0.14,16.2,yellow,cash,Brooklyn Heights,Windsor Terrace,Brooklyn,Brooklyn
2019-03-16 22:40:59,2019-03-16 22:55:18,1,0.33,9.4,3.32,0.04,17.52,yellow,credit card,TriBeCa/Civic Center,Columbia Street,Manhattan,Brooklyn
2019-03-05 08:20:27,2019-03-05 08:36:26,1,2.39,7.2,2.92,0.06,9.8,yellow,cash,West Village,Gravesend,Manhattan,Brooklyn
2019-03-02 23:33:18,2019-03-02 23:47:34,1,3.38,14.6,1.6,0.07,17.33,yellow,credit card,East Harlem North,Carroll Gardens,Manhattan,Brooklyn
2019-03-27 14:39:34,2019-03-27 14:52:53,1,2.69,6.5,2.12,0.04,29.06,yellow,cash,Union Sq,Midwood,Manhattan,Brooklyn
2019-03-01 05:05:19,2019-03-01 05:21:43,1,3.06,12.32,0.06,0.19,28.4,yellow,credit card,Crown Heights North,Bensonhurst West,Brooklyn,Brooklyn
2019-03-25 18:52:46,2019-03-25 19:08:15,5,0.8,5.2,1.42,0.2,28.12,yellow,cash,Lincoln Square East,Seaport,Manhattan,Manhattan
2019-03-13 01:59:01,2019-03-13 02:15:08,1,3.59,6.0,0.28,0.17,6.4,yellow,credit card,Prospect-Lefferts Gardens,Bedford Park,Brooklyn,Bronx
2019-03-23 15:04:08,2019-03-23 15:16:12,2,0.24,8.4,6.27,0.0,10.74,yellow,cash,Midtown East,Jamaica Estates,Manhattan,Queens
2019-03-01 23:22:17,2019-03-01 23:38:08,2,5.65,11.2,0.17,0.09,25.69,yellow,credit card,Gowanus,Jackson Heights,Brooklyn,Queens
2019-03-31 04:15:53,2019-03-31 04:29:57,1,0.29,6.87,3.33,0.1,7.4,yellow,cash,Lower East Side,East Harlem South,Manhattan,Manhattan
2019-03-16 15:23:08,2019-03-16 15:39:37,1,4.03,11.0,4.39,0.04,23.07,yellow,credit card,Lincoln Square West,Windsor Terrace,Manhattan,Brooklyn
2019-03-27 17:29:26,2019-03-27 17:44:18,1,1.16,7.6,0.47,0.16,18.58,yellow,cash,Union Sq,Co-Op City,Manhattan,Bronx
2019-03-03 12:18:56,2019-03-03 12:32:17,2,0.44,15.74,1.05,0.31,51.2,yellow,credit card,LaGuardia Airport,Sunnyside,Queens,Queens
2019-03-24 16:58:02,2019-03-24 17:13:23,1,1.58,12.7,1.51,0.29,27.79,yellow,cash,Central Park,Ozone Park,Manhattan,Queens
2019-03-23 11:24:04,2019-03-23 11:40:22,2,24.54,3.8,1.96,0.2,23.84,yellow,credit card,Elmhurst,SoHo,Queens,Manhattan
2019-03-25 16:44:53,2019-03-25 16:57:52,1,0.69,11.0,1.38,0.0,13.98,yellow,cash,Central Harlem,Westchester Village/Unionport,Manhattan,Bronx
2019-03-15 18:13:48,2019-03-15 18:27:59,1,2.43,9.8,0.17,0.64,29.9,yellow,credit card,Dyker Heights,Murray Hill-Queens,Brooklyn,Queens
2019-03-01 03:30:41,2019-03-01 03:46:21,1,0.24,8.5,1.8,0.1,28.23,yellow,cash,Lower East Side,Briarwood/Jamaica Hills,Manhattan,Queens
2019-03-26 12:27:55,2019-03-26 12:39:25,6,4.73,6.98,1.93,0.07,10.1,yellow,credit card,Morningside Heights,Westchester Village/Unionport,Manhattan,Bronx
2019-03-17 12:12:57,2019-03-17 12:29:12,1,2.74,5.0,0.9,0.23,16.87,yellow,cash,Lincoln Square East,West Concourse,Manhattan,Bronx
2019-03-13 20:29:05,2019-03-13 20:41:27,1,3.79,9.2,3.23,0.22,11.49,yellow,credit card,Midtown East,LaGuardia Airport,Manhattan,Queens
2019-03-27 06:43:41,2019-03-27 06:59:29,1,5.53,12.35,4.4,0.07,18.6,yellow,cash,Upper West Side North,Springfield Gardens South,Manhattan,Queens
2019-03-05 03:36:39,2019-03-05 03:51:16,1,4.65,10.1,0.79,0.06,10.59,yellow,credit card,Meatpacking/West Village West,Claremont/Bathgate,Manhattan,Bronx
2019-03-21 23:18:40,2019-03-21 23:30:24,1,3.99,31.14,0.27,0.15,36.7,yellow,cash,East Elmhurst,Homecrest,Queens,Brooklyn
2019-03-22 17:44:55,2019-03-22 18:03:28,2,0.17,10.5,1.5,0.04,11.8,yellow,credit card,Upper East Side South,Flushing Meadows-Corona Park,Manhattan,Queens
2019-03-26 02:19:01,2019-03-26 02:30:52,1,1.69,12.8,0.9,0.07,13.57,yellow,cash,Central Harlem,Auburndale,Manhattan,Queens
2019-03-19 05:14:34,2019-03-19 05:31:43,1,1.8,11.3,2.05,0.35,14.68,yellow,credit card,Central Park,East New York,Manhattan,Brooklyn
2019-03-25 13:14:28,2019-03-25 13:29:09,1,2.26,7.9,3.81,0.25,11.45,yellow,cash,UN/Turtle Bay South,Central Harlem North,Manhattan,Manhattan
2019-03-07 06:05:01,2019-03-07 06:17:44,1,1.84,12.32,0.65,0.23,14.8,yellow,credit card,Meatpacking/West Village West,Kew Gardens,Manhattan,Queens
2019-03-29 21:25:36,2019-03-29 21:40:15,1,1.28,11.45,0.56,0.18,14.4,yellow,cash,East Harlem North,Brooklyn Navy Yard,Manhattan,Brooklyn
2019-03-03 02:59:50,2019-03-03 03:16:39,1,0.33,16.91,0.42,0.04,21.6,yellow,credit card,Penn Station/Madison Sq West,Midtown North,Manhattan,Manhattan
2019-03-13 12:08:02,2019-03-13 12:22:46,1,3.7,6.5,0.77,0.06,16.08,yellow,cash,Upper West Side North,UN/Turtle Bay South,Manhattan,Manhattan
2019-03-09 00:35:22,2019-03-09 00:49:04,5,2.16,5.91,0.4,0.16,17.0,yellow,credit card,Homecrest,Williamsbridge/Olinville,Brooklyn,Bronx
2019-03-13 23:08:22,2019-03-13 23:19:55,1,1.24,6.72,2.4,0.05,10.0,yellow,cash,Lincoln Square East,Richmond Hill,Manhattan,Queens
2019-03-17 06:14:51,2019-03-17 06:30:05,1,4.35,20.5,1.48,0.52,31.72,yellow,credit card,Midtown Center,Lower East Side,Manhattan,Manhattan
2019-03-15 13:55:35,2019-03-15 14:09:47,1,0.49,5.8,0.5,0.0,9.15,yellow,cash,Upper East Side South,Sutton Place/Turtle Bay North,Manhattan,Manhattan
2019-03-31 21:31:12,2019-03-31 21:47:21,1,2.07,20.36,0.47,0.36,30.0,yellow,credit card,Flatlands,Kew Gardens,Brooklyn,Queens
2019-03-05 22:34:24,2019-03-05 22:50:23,1,0.82,6.75,0.64,0.03,7.1,yellow,cash,Penn Station/Madison Sq West,Bushwick South,Manhattan,Brooklyn
2019-03-13 09:33:45,2019-03-13 09:48:47,1,1.11,8.39,5.15,0.01,20.9,yellow,credit card,Little Italy/NoLiTa,Clinton West,Manhattan,Manhattan
2019-03-13 20:42:07,2019-03-13 20:55:55,5,2.46,13.17,1.16,0.35,65.3,yellow,cash,Park Slope,Mount Hope,Brooklyn,Bronx
2019-03-12 18:31:28,2019-03-12 18:44:20,6,4.39,15.1,0.61,0.06,15.4,yellow,credit card,Upper East Side North,East Flushing,Manhattan,Queens
2019-03-17 17:23:02,2019-03-17 17:38:27,1,1.41,9.01,0.83,0.1,11.1,yellow,cash,World Trade Center,Baisley Park,Manhattan,Queens
2019-03-17 00:50:32,2019-03-17 01:02:38,1,8.81,13.19,0.18,0.03,15.6,yellow,credit card,Central Harlem,Bath Beach,Manhattan,Brooklyn
2019-03-09 07:09:35,2019-03-09 07:22:46,1,13.21,7.7,0.2,0.04,76.59,yellow,cash,Starrett City,Greenpoint,Brooklyn,Brooklyn
2019-03-26 11:19:44,2019-03-26 11:34:06,2,5.86,4.7,1.55,0.05,13.52,yellow,credit card,Greenwich Village North,Kips Bay,Manhattan,Manhattan
2019-03-22 18:45:05,2019-03-22 19:00:22,1,1.8,6.3,2.15,0.1,41.82,yellow,cash,Greenwich Village North,Battery Park,Manhattan,Manhattan
2019-03-26 15:40:45,2019-03-26 15:52:45,1,0.03,16.2,1.27,0.02,20.84,yellow,credit card,Upper West Side North,Randalls Island,Manhattan,Manhattan
2019-03-18 23:54:27,2019-03-19 00:07:05,1,19.48,11.8,0.85,0.05,26.0,yellow,cash,Brooklyn Heights,South Jamaica,Brooklyn,Queens
2019-03-20 21:38:35,2019-03-20 21:53:40,1,0.64,5.3,1.75,0.26,19.21,yellow,credit card,Union Sq,Carroll Gardens,Manhattan,Brooklyn
2019-03-28 06:22:46,2019-03-28 06:38:00,3,0.76,10.8,0.99,0.18,16.6,yellow,cash,Midtown South,LaGuardia Airport,Manhattan,Queens
2019-03-28 19:35:22,2019-03-28 19:50:39,1,0.44,16.58,1.0,0.18,17.4,yellow,credit card,Lincoln Square West,Financial District South,Manhattan,Manhattan
2019-03-03 13:24:15,2019-03-03 13:37:11,1,4.78,2.94,1.0,2.59,30.69,yellow,cash,JFK Airport,Van Nest/Morris Park,Queens,Bronx
2019-03-20 22:30:03,2019-03-20 22:43:26,1,0.23,7.9,1.73,0.12,13.81,yellow,credit card,East Village,Crown Heights North,Manhattan,Brooklyn
2019-03-25 04:27:42,2019-03-25 04:41:20,1,5.12,34.3,6.24,1.09,38.54,yellow,cash,JFK Airport,Central Harlem North,Queens,Manhattan
2019-02-28 22:07:06,2019-02-28 22:21:53,6,0.67,10.5,1.69,0.02,19.64,yellow,credit card,Greenwich Village North,Hamilton Heights,Manhattan,Manhattan
2019-03-04 23:10:32,2019-03-04 23:23:18,1,0.83,11.5,0.23,0.24,12.66,yellow,cash,Manhattan Valley,Flatlands,Manhattan,Brooklyn
2019-03-06 01:32:08,2019-03-06 01:44:43,1,2.49,11.5,4.17,0.18,23.57,yellow,credit card,Lower East Side,Two Bridges/Seward Park,Manhattan,Manhattan
2019-03-11 06:05:49,2019-03-11 06:19:15,1,2.78,11.0,1.96,0.04,11.1,yellow,cash,Gramercy,Middle Village,Manhattan,Queens
2019-03-05 17:46:40,2019-03-05 18:01:00,1,1.5,4.2,0.54,0.16,15.58,yellow,credit card,Garment District,Fresh Meadows,Manhattan,Queens
2019-03-02 14:56:36,2019-03-02 15:12:36,5,3.17,3.4,0.94,0.02,15.91,yellow,cash,Park Slope,Sunset Park West,Brooklyn,Brooklyn
2019-03-31 12:38:10,2019-03-31 12:55:55,1,17.41,6.6,0.56,0.15,18.6,yellow,credit card,Boerum Hill,Madison,Brooklyn,Brooklyn
2019-03-04 04:19:00,2019-03-04 04:32:26,3,2.52,40.0,9.01,1.37,48.01,yellow,cash,JFK Airport,College Point,Queens,Queens
2019-03-21 15:11:31,2019-03-21 15:26:07,1,4.02,11.95,0.22,0.12,16.3,yellow,credit card,East Chelsea,Park Slope,Manhattan,Brooklyn
2019-03-18 02:26:16,2019-03-18 02:40:09,1,16.83,27.2,2.01,0.54,35.59,yellow,cash,Long Island City/Hunters Point,Kips Bay,Queens,Manhattan
2019-03-13 07:26:57,2019-03-13 07:40:07,6,8.43,9.78,0.75,0.2,10.2,yellow,credit card,Downtown Brooklyn/MetroTech,Kingsbridge Heights,Brooklyn,Bronx
2019-03-03 11:59:34,2019-03-03 12:12:09,1,1.83,9.49,0.06,0.06,15.6,yellow,cash,Park Slope,Kew Gardens,Brooklyn,Queens
2019-03-06 21:52:18,2019-03-06 22:04:30,1,1.25,2.03,1.7,0.16,31.25,yellow,credit card,LaGuardia Airport,Washington Heights North,Queens,Manhattan
2019-03-05 16:39:35,2019-03-05 16:57:00,1,3.71,7.9,1.5,0.17,11.21,yellow,cash,Sutton Place/Turtle Bay North,Elmhurst/Maspeth,Manhattan,Queens
2019-03-30 04:16:12,2019-03-30 04:31:04,1,0.28,3.9,0.44,0.16,10.59,yellow,credit card,Upper West Side South,Norwood,Manhattan,Bronx
2019-02-28 09:57:22,2019-02-28 10:12:59,1,3.04,12.5,0.22,0.09,28.39,yellow,cash,Penn Station/Madison Sq West,East Tremont,Manhattan,Bronx
2019-03-31 10:52:51,2019-03-31 11:09:20,3,0.43,5.5,3.68,0.1,16.85,green,credit card,SoHo,Lenox Hill West,Manhattan,Manhattan
2019-03-24 04:12:12,2019-03-24 04:25:37,6,6.14,10.45,4.15,0.14,13.3,green,cash,Union Sq,East Elmhurst,Manhattan,Queens
2019-03-16 04:41:47,2019-03-16 04:56:46,1,1.98,6.1,1.9,0.0,10.6,green,cash,SoHo,Inwood,Manhattan,Manhattan
2019-03-22 18:35:19,2019-03-22 18:48:00,1,2.14,4.2,0.93,0.23,8.93,green,credit card,Gramercy,Financial District North,Manhattan,Manhattan
2019-03-05 08:13:45,2019-03-05 08:29:51,1,1.06,16.3,1.1,0.08,16.5,green,cash,Garment District,SoHo,Manhattan,Manhattan
2019-03-15 08:37:05,2019-03-15 08:51:03,1,3.77,12.97,8.55,0.17,18.6,green,cash,East Chelsea,West Concourse,Manhattan,Bronx
2019-03-25 12:52:54,2019-03-25 13:06:33,1,3.69,4.2,0.41,0.02,12.87,green,credit card,Meatpacking/West Village West,Red Hook,Manhattan,Brooklyn
2019-02-28 01:56:08,2019-02-28 02:13:03,1,0.95,8.64,6.3,0.09,22.89,green,credit card,Central Park,Alphabet City,Manhattan,Manhattan
2019-02-28 02:36:18,2019-02-28 02:50:30,1,0.61,5.2,1.3,0.34,15.86,green,credit card,Times Sq/Theatre District,Prospect Park,Manhattan,Brooklyn
2019-03-16 19:04:39,2019-03-16 19:15:51,1,3.5,5.8,5.2,0.0,10.82,green,cash,Union Sq,Stapleton,Manhattan,Staten Island
2019-03-12 09:24:30,2019-03-12 09:38:26,1,3.95,12.9,2.03,0.59,15.49,green,cash,Bloomingdale,Hamilton Heights,Manhattan,Manhattan
2019-03-15 23:31:55,2019-03-15 23:48:21,2,0.52,5.6,1.51,0.13,17.12,green,credit card,East Chelsea,Canarsie,Manhattan,Brooklyn
2019-03-12 08:26:21,2019-03-12 08:41:13,1,1.85,13.8,0.49,0.66,17.96,green,credit card,Brooklyn Heights,East Flushing,Brooklyn,Queens
2019-03-10 21:08:53,2019-03-10 21:23:01,1,6.33,7.2,1.02,0.06,10.58,green,cash,SoHo,Manhattanville,Manhattan,Manhattan
2019-03-23 17:40:37,2019-03-23 17:54:53,1,3.56,9.9,1.67,0.01,27.93,green,credit card,Bloomingdale,Marble Hill,Manhattan,Manhattan
2019-03-04 14:42:37,2019-03-04 15:00:03,1,4.96,7.09,1.86,0.09,7.4,green,credit card,Midtown East,Flushing,Manhattan,Queens
2019-03-01 17:41:59,2019-03-01 17:56:15,1,5.05,20.9,5.39,0.01,21.32,green,cash,Murray Hill,Crown Heights North,Manhattan,Brooklyn
2019-03-21 11:00:34,2019-03-21 11:15:24,1,4.34,17.1,1.76,0.11,22.41,green,cash,Manhattan Valley,West Brighton,Manhattan,Staten Island
2019-03-20 05:20:58,2019-03-20 05:35:03,2,5.88,9.7,2.67,0.14,26.44,green,cash,Meatpacking/West Village West,LaGuardia Airport,Manhattan,Queens
2019-03-31 04:44:46,2019-03-31 04:59:30,2,3.05,13.95,0.13,0.04,18.0,green,credit card,Times Sq/Theatre District,Brighton Beach,Manhattan,Brooklyn
2019-03-21 21:25:15,2019-03-21 21:38:16,2,3.63,8.7,1.46,0.13,23.14,green,cash,Lincoln Square East,Bay Ridge,Manhattan,Brooklyn
2019-03-02 18:30:03,2019-03-02 18:43:34,5,3.33,9.8,2.41,0.05,20.05,green,cash,West Village,Queensboro Hill,Manhattan,Queens
2019-03-08 06:59:00,2019-03-08 07:11:33,2,3.21,2.9,0.1,0.26,3.81,green,credit card,East Village,Van Cortlandt Village,Manhattan,Bronx
2019-03-12 20:05:02,2019-03-12 20:17:35,6,1.32,10.08,0.85,0.04,15.5,green,credit card,Lincoln Square West,Prospect Heights,Manhattan,Brooklyn
2019-03-15 22:56:19,2019-03-15 23:09:32,1,0.79,8.9,4.71,0.01,16.09,green,cash,East Chelsea,Queensbridge/Ravenswood,Manhattan,Queens
2019-03-15 19:06:35,2019-03-15 19:21:07,1,0.3,6.7,0.85,0.08,13.66,green,cash,Clinton East,Kingsbridge Heights,Manhattan,Bronx
2019-03-06 10:10:27,2019-03-06 10:23:34,0,4.01,4.3,1.04,0.27,32.36,green,cash,Lenox Hill West,Midtown South,Manhattan,Manhattan
2019-02-28 09:58:59,2019-02-28 10:12:57,1,0.21,5.0,2.45,0.2,31.25,green,credit card,Central Park,East Harlem North,Manhattan,Manhattan
2019-03-06 10:09:45,2019-03-06 10:25:32,1,0.56,9.4,1.72,0.05,17.59,green,credit card,Midtown Center,JFK Airport,Manhattan,Queens
2019-03-04 04:03:06,2019-03-04 04:17:17,1,0.51,3.7,0.8,0.56,11.34,green,cash,Flatiron,Williamsbridge/Olinville,Manhattan,Bronx
2019-03-18 02:53:23,2019-03-18 03:05:50,1,3.48,8.0,0.57,0.17,9.98,green,credit card,Lincoln Square East,LaGuardia Airport,Manhattan,Queens
2019-03-26 07:04:07,2019-03-26 07:17:15,2,3.3,21.47,2.02,0.02,21.9,green,credit card,East Village,Hillcrest/Pomonok,Manhattan,Queens
2019-03-18 22:10:30,2019-03-18 22:23:36,1,5.47,24.21,1.08,0.18,69.8,green,credit card,Canarsie,Washington Heights South,Brooklyn,Manhattan
2019-03-25 14:58:30,2019-03-25 15:14:54,1,4.67,8.39,4.03,0.13,9.4,green,cash,Lincoln Square East,South Ozone Park,Manhattan,Queens
2019-03-27 02:52:26,2019-03-27 03:06:35,2,0.06,17.3,0.81,0.31,20.82,green,cash,DUMBO/Vinegar Hill,Battery Park City,Brooklyn,Manhattan
2019-03-11 11:44:54,2019-03-11 11:58:46,1,1.25,7.1,0.21,0.06,9.21,green,credit card,Union Sq,Park Slope,Manhattan,Brooklyn
2019-03-12 15:42:25,2019-03-12 15:55:51,1,6.76,8.9,0.24,0.42,10.89,green,cash,East Harlem South,Flushing Meadows-Corona Park,Manhattan,Queens
2019-03-07 09:07:32,2019-03-07 09:20:07,5,2.95,10.51,0.04,0.13,22.0,green,cash,East Harlem South,Murray Hill,Manhattan,Manhattan
2019-03-21 14:53:55,2019-03-21 15:08:16,1,1.73,8.4,2.6,0.1,18.99,green,credit card,Murray Hill,Battery Park,Manhattan,Manhattan
2019-03-09 19:18:51,2019-03-09 19:34:25,1,0.0,6.3,1.08,0.08,18.12,green,credit card,Clinton East,Meatpacking/West Village West,Manhattan,Manhattan
2019-03-29 21:48:25,2019-03-29 22:06:05,1,0.11,4.8,2.24,0.01,12.99,green,credit card,Upper East Side North,South Williamsburg,Manhattan,Brooklyn
2019-03-21 11:24:38,2019-03-21 11:38:29,1,5.87,14.1,0.44,0.46,28.31,green,cash,Midtown Center,Bay Ridge,Manhattan,Brooklyn
2019-03-07 09:29:12,2019-03-07 09:43:15,2,1.02,13.7,0.3,0.25,16.84,green,cash,Gramercy,Financial District North,Manhattan,Manhattan
2019-03-05 01:32:31,2019-03-05 01:47:08,1,7.62,10.58,0.95,0.11,21.2,green,credit card,West Chelsea/Hudson Yards,Homecrest,Manhattan,Brooklyn
2019-03-22 13:39:42,2019-03-22 13:52:54,1,0.01,7.1,0.08,0.15,18.53,green,credit card,Clinton West,DUMBO/Vinegar Hill,Manhattan,Brooklyn
2019-03-05 09:27:02,2019-03-05 09:39:57,1,1.75,9.1,3.28,0.12,12.65,green,cash,Murray Hill,Whitestone,Manhattan,Queens
2019-03-31 16:02:16,2019-03-31 16:18:43,1,0.75,13.0,3.69,0.4,14.1,green,credit card,Midtown North,Briarwood/Jamaica Hills,Manhattan,Queens
2019-03-02 02:47:51,2019-03-02 03:04:41,1,1.48,7.3,0.14,0.04,10.03,green,credit card,Clinton West,Riverdale/North Riverdale/Fieldston,Manhattan,Bronx
2019-03-09 10:32:22,2019-03-09 10:47:19,1,6.19,9.24,0.7,0.07,17.9,green,credit card,West Chelsea/Hudson Yards,Cambria Heights,Manhattan,Queens
2019-03-12 17:13:52,2019-03-12 17:29:04,2,3.16,3.4,0.34,0.19,26.94,green,cash,Flatiron,Sheepshead Bay,Manhattan,Brooklyn
2019-03-30 10:26:54,2019-03-30 10:40:43,1,1.89,17.24,3.69,2.88,36.5,green,cash,Sunnyside,Lincoln Square East,Queens,Manhattan
2019-02-28 19:23:29,2019-02-28 19:40:20,1,4.35,9.4,1.05,0.06,11.15,green,credit card,Little Italy/NoLiTa,Corona,Manhattan,Queens
2019-03-26 20:12:41,2019-03-26 20:26:04,1,17.82,18.0,0.39,0.12,23.02,green,cash,Sunset Park West,Hillcrest/Pomonok,Brooklyn,Queens
2019-03-27 22:18:36,2019-03-27 22:30:46,0,1.72,5.4,4.35,0.11,9.74,green,cash,Sutton Place/Turtle Bay North,Clinton West,Manhattan,Manhattan
2019-03-30 21:50:26,2019-03-30 22:04:44,1,5.91,8.5,0.33,0.62,44.01,green,credit card,Brooklyn Heights,Corona,Brooklyn,Queens
2019-03-05 22:52:55,2019-03-05 23:02:32,1,19.98,5.6,0.23,0.16,13.85,green,credit card,Greenpoint,Bay Ridge,Brooklyn,Brooklyn
2019-03-30 14:11:01,2019-03-30 14:24:35,1,1.72,14.0,1.61,0.14,23.2,green,cash,Flatiron,Douglaston,Manhattan,Queens
2019-03-01 21:23:52,2019-03-01 21:38:14,0,1.79,17.41,0.59,0.29,59.1,green,cash,Bay Ridge,Bayside,Brooklyn,Queens
2019-03-30 21:28:27,2019-03-30 21:42:01,1,1.29,11.12,2.51,0.11,21.5,green,cash,Flatiron,Corona,Manhattan,Queens
2019-03-24 15:18:46,2019-03-24 15:31:16,1,0.07,3.5,0.08,0.04,7.31,green,credit card,East Harlem North,Penn Station/Madison Sq West,Manhattan,Manhattan
2019-03-04 19:14:53,2019-03-04 19:27:49,1,0.08,9.6,0.41,0.37,23.36,green,credit card,Battery Park City,South Williamsburg,Manhattan,Brooklyn
2019-03-12 16:15:46,2019-03-12 16:30:48,1,0.06,6.94,0.01,0.16,8.9,green,cash,Brooklyn Heights,Elmhurst/Maspeth,Brooklyn,Queens
2019-03-28 03:16:42,2019-03-28 03:30:11,1,1.23,16.33,1.51,0.11,17.2,green,credit card,Downtown Brooklyn/MetroTech,Marble Hill,Brooklyn,Manhattan
2019-03-11 02:13:14,2019-03-11 02:27:15,1,1.06,7.5,2.28,0.12,19.47,green,credit card,Union Sq,Madison,Manhattan,Brooklyn
2019-03-02 14:21:25,2019-03-02 14:35:46,1,4.88,14.23,0.32,0.18,27.9,green,cash,TriBeCa/Civic Center,East Village,Manhattan,Manhattan
2019-03-02 13:56:12,2019-03-02 14:12:21,1,0.27,18.45,2.12,0.06,20.5,green,cash,East Harlem North,Clinton Hill,Manhattan,Brooklyn
2019-03-07 05:08:41,2019-03-07 05:24:59,1,2.2,7.0,3.53,0.13,8.2,green,cash,East Chelsea,Jamaica Estates,Manhattan,Queens
2019-03-12 22:20:55,2019-03-12 22:35:56,2,3.69,10.2,0.28,0.13,17.5,green,credit card,Clinton East,Westchester Village/Unionport,Manhattan,Bronx
2019-03-30 08:19:10,2019-03-30 08:31:29,6,4.44,6.34,0.88,0.35,12.7,green,cash,Lincoln Square East,TriBeCa/Civic Center,Manhattan,Manhattan
2019-03-15 19:42:56,2019-03-15 19:55:18,3,3.5,9.3,2.11,0.05,10.59,green,cash,Midtown Center,Kips Bay,Manhattan,Manhattan
2019-03-22 11:43:24,2019-03-22 11:56:07,1,1.45,7.7,0.75,0.13,22.73,green,credit card,World Trade Center,Washington Heights South,Manhattan,Manhattan
2019-03-26 13:57:53,2019-03-26 14:10:24,1,2.61,6.83,1.93,0.22,9.9,green,credit card,Union Sq,Madison,Manhattan,Brooklyn
2019-02-28 00:33:09,2019-02-28 00:47:42,1,1.21,11.1,1.88,0.0,23.98,green,credit card,Penn Station/Madison Sq West,Saint Albans,Manhattan,Queens
2019-03-11 13:56:05,2019-03-11 14:12:26,2,3.27,12.1,0.85,0.09,13.88,green,cash,Upper East Side North,Homecrest,Manhattan,Brooklyn
2019-03-19 16:46:23,2019-03-19 17:01:45,1,1.24,9.03,3.67,0.04,9.8,green,cash,Midtown East,Bayside,Manhattan,Queens
2019-03-17 02:41:52,2019-03-17 02:57:56,1,0.48,10.86,1.39,0.03,24.1,green,credit card,East Chelsea,Springfield Gardens South,Manhattan,Queens
2019-03-22 17:57:36,2019-03-22 18:12:49,1,2.33,6.4,0.02,0.02,31.61,green,credit card,Downtown Brooklyn/MetroTech,Clinton West,Brooklyn,Manhattan
2019-03-10 00:57:53,2019-03-10 01:13:42,1,0.17,10.8,1.38,0.12,18.08,green,cash,Upper West Side North,JFK Airport,Manhattan,Queens
2019-03-03 16:27:59,2019-03-03 16:43:19,1,0.26,6.2,0.11,0.05,13.69,green,credit card,Central Park,Forest Hills,Manhattan,Queens
2019-03-07 04:22:52,2019-03-07 04:35:11,1,15.77,32.3,0.38,2.58,95.48,green,credit card,Jackson Heights,Melrose South,Queens,Bronx
2019-03-08 15:42:04,2019-03-08 15:58:00,1,0.48,6.9,0.87,0.02,19.65,green,credit card,Sutton Place/Turtle Bay North,Long Island City/Queens Plaza,Manhattan,Queens
2019-03-26 03:52:15,2019-03-26 04:07:10,1,33.58,17.78,1.96,1.8,62.1,green,cash,Richmond Hill,Borough Park,Queens,Brooklyn
2019-03-23 02:02:49,2019-03-23 02:14:12,1,4.49,11.5,3.88,0.22,15.34,green,cash,Upper East Side North,Lincoln Square East,Manhattan,Manhattan
2019-03-31 20:15:17,2019-03-31 20:28:22,1,6.1,15.4,1.11,0.47,32.37,green,credit card,UN/Turtle Bay South,South Ozone Park,Manhattan,Queens
2019-03-03 17:25:42,2019-03-03 17:40:22,1,10.15,4.06,2.59,0.75,42.7,green,cash,Jackson Heights,Cambria Heights,Queens,Queens
2019-03-03 01:14:14,2019-03-03 01:27:26,1,1.01,7.4,1.13,0.2,8.9,green,cash,Boerum Hill,Meatpacking/West Village West,Brooklyn,Manhattan
2019-03-16 07:06:16,2019-03-16 07:19:06,2,0.57,8.9,1.09,0.17,9.98,green,credit card,Upper West Side North,Woodhaven,Manhattan,Queens
2019-03-07 09:54:28,2019-03-07 10:11:02,1,1.65,4.2,2.86,0.23,31.88,green,credit card,Penn Station/Madison Sq West,Eastchester,Manhattan,Bronx
2019-03-23 18:03:09,2019-03-23 18:16:21,1,3.24,5.1,0.95,0.07,15.44,green,cash,Lincoln Square West,Richmond Hill,Manhattan,Queens
2019-03-11 07:49:56,2019-03-11 08:05:34,1,0.63,2.5,0.75,0.07,16.45,green,cash,Greenwich Village South,Meatpacking/West Village West,Manhattan,Manhattan
2019-03-22 14:30:36,2019-03-22 14:44:19,1,10.54,8.33,0.37,0.6,17.6,green,cash,Lincoln Square West,Midtown South,Manhattan,Manhattan
2019-03-20 04:51:12,2019-03-20 05:07:48,2,1.22,12.7,1.19,0.14,30.8,green,credit card,Yorkville East,Lower East Side,Manhattan,Manhattan
2019-03-09 06:36:43,2019-03-09 06:51:51,1,3.95,8.4,6.6,0.01,11.57,green,credit card,Garment District,Midtown South,Manhattan,Manhattan
2019-03-13 20:59:23,2019-03-13 21:14:51,5,2.18,12.7,1.53,0.43,13.05,green,cash,Two Bridges/Seward Park,Homecrest,Manhattan,Brooklyn
2019-03-13 04:50:59,2019-03-13 05:08:14,1,3.76,6.2,0.48,0.09,47.5,green,credit card,Upper East Side North,Alphabet City,Manhattan,Manhattan
2019-03-16 15:38:09,2019-03-16 15:52:44,2,1.2,13.0,0.01,0.16,18.85,green,credit card,Flatiron,Van Nest/Morris Park,Manhattan,Bronx
2019-03-01 02:07:33,2019-03-01 02:21:07,1,0.79,8.94,2.45,0.05,18.2,green,credit card,Yorkville East,Washington Heights North,Manhattan,Manhattan
2019-03-30 01:22:48,2019-03-30 01:37:36,5,5.18,10.3,0.73,0.14,12.85,green,cash,West Village,Hunts Point,Manhattan,Bronx
2019-03-26 00:50:00,2019-03-26 01:06:31,1,0.05,6.27,2.15,0.05,30.8,green,cash,Flatiron,East Tremont,Manhattan,Bronx
2019-03-27 03:30:59,2019-03-27 03:44:26,1,6.28,6.7,1.89,6.64,73.99,green,credit card,LaGuardia Airport,Midtown South,Queens,Manhattan
2019-03-31 22:14:08,2019-03-31 22:27:50,1,0.07,6.3,2.48,0.02,9.99,green,cash,Central Harlem North,Chinatown,Manhattan,Manhattan
2019-03-26 02:56:19,2019-03-26 03:09:39,1,0.94,4.92,4.91,0.03,24.2,green,cash,Central Park,Lincoln Square West,Manhattan,Manhattan
2019-03-20 18:43:39,2019-03-20 18:56:12,1,3.29,11.8,1.42,0.2,28.91,green,credit card,East Village,Lower East Side,Manhattan,Manhattan
2019-03-10 14:28:08,2019-03-10 14:41:41,1,0.45,6.29,1.38,0.17,9.9,green,credit card,UN/Turtle Bay South,Manhattan Beach,Manhattan,Brooklyn
2019-02-28 17:23:53,2019-02-28 17:36:44,1,0.85,35.3,0.47,0.49,46.33,green,credit card,Long Island City/Queens Plaza,Upper West Side North,Queens,Manhattan
2019-03-21 16:23:19,2019-03-21 16:37:25,5,0.17,5.2,0.33,0.07,17.71,green,cash,Sutton Place/Turtle Bay North,Union Sq,Manhattan,Manhattan
2019-03-23 05:30:14,2019-03-23 05:43:52,5,7.1,8.8,5.39,0.13,12.9,green,cash,Meatpacking/West Village West,East Village,Manhattan,Manhattan
2019-03-05 19:59:22,2019-03-05 20:13:09,1,1.9,15.5,0.81,0.22,23.9,green,credit card,TriBeCa/Civic Center,Gravesend,Manhattan,Brooklyn
2019-03-10 20:10:02,2019-03-10 20:22:12,1,2.83,6.8,0.64,0.01,8.71,green,credit card,West Chelsea/Hudson Yards,Bedford Park,Manhattan,Bronx
2019-03-27 04:49:25,2019-03-27 05:04:46,1,0.32,7.4,6.53,0.03,28.51,green,cash,Midtown Center,East Harlem South,Manhattan,Manhattan
2019-03-17 08:33:44,2019-03-17 08:49:19,4,0.21,10.88,3.9,0.02,16.15,green,credit card,Central Park,Financial District North,Manhattan,Manhattan
2019-03-03 22:11:00,2019-03-03 22:26:23,1,1.13,9.7,2.83,0.01,16.83,green,credit card,Meatpacking/West Village West,Morrisania/Melrose,Manhattan,Bronx
2019-03-11 23:37:19,2019-03-11 23:53:49,1,1.93,6.5,0.68,0.41,17.83,green,cash,Lenox Hill West,Kew Gardens Hills,Manhattan,Queens
2019-03-31 10:41:58,2019-03-31 10:54:47,0,4.88,10.3,1.71,0.64,11.31,green,cash,Sutton Place/Turtle Bay North,Co-Op City,Manhattan,Bronx
2019-03-06 05:54:02,2019-03-06 06:09:25,1,2.12,12.9,1.25,0.38,20.9,green,cash,Fort Greene,Kew Gardens,Brooklyn,Queens
2019-03-11 20:38:06,2019-03-11 20:50:52,1,0.15,9.2,0.92,0.18,22.56,green,credit card,Midtown South,Bayside,Manhattan,Queens
2019-03-19 12:18:04,2019-03-19 12:32:15,1,3.01,8.31,0.19,0.13,10.6,green,cash,Flatiron,Parkchester,Manhattan,Bronx
2019-03-30 03:47:41,2019-03-30 04:03:09,2,3.33,11.09,3.13,0.0,16.4,green,cash,Midtown South,East Concourse/Concourse Village,Manhattan,Bronx
2019-03-02 18:58:58,2019-03-02 19:10:53,5,2.39,10.14,0.25,0.42,12.9,green,credit card,Upper East Side North,Whitestone,Manhattan,Queens
2019-03-16 07:13:50,2019-03-16 07:27:43,1,2.08,5.5,0.24,0.02,7.94,green,credit card,Kips Bay,Eastchester,Manhattan,Bronx
2019-03-16 23:01:45,2019-03-16 23:14:40,1,0.45,6.4,0.33,0.06,18.24,green,cash,Greenwich Village South,Central Harlem,Manhattan,Manhattan
2019-03-23 23:12:16,2019-03-23 23:25:39,1,7.06,7.54,2.11,0.09,13.2,green,cash,East Harlem North,Battery Park City,Manhattan,Manhattan
2019-03-17 11:36:51,2019-03-17 11:52:51,1,1.42,5.0,0.08,0.28,30.55,green,cash,Midtown East,Yorkville East,Manhattan,Manhattan
2019-03-24 00:32:15,2019-03-24 00:45:22,1,0.34,8.1,0.52,0.09,21.12,green,credit card,West Village,Bushwick South,Manhattan,Brooklyn
2019-03-06 03:40:57,2019-03-06 03:54:02,1,3.62,9.8,0.42,0.02,14.42,green,credit card,UN/Turtle Bay South,Brooklyn Navy Yard,Manhattan,Brooklyn
2019-03-24 13:59:09,2019-03-24 14:13:46,1,4.43,11.0,3.81,4.96,43.79,green,cash,Astoria,Belmont,Queens,Bronx
2019-03-09 15:05:45,2019-03-09 15:21:49,1,2.56,18.1,0.54,1.95,45.33,green,credit card,Forest Hills,Battery Park,Queens,Manhattan
2019-03-17 05:13:00,2019-03-17 05:27:13,1,0.0,4.2,0.71,0.81,18.19,green,credit card,Upper East Side North,Chinatown,Manhattan,Manhattan
2019-03-24 06:00:43,2019-03-24 06:16:46,1,0.79,8.0,7.65,0.01,31.17,green,cash,Times Sq/Theatre District,Woodhaven,Manhattan,Queens
2019-03-09 20:04:32,2019-03-09 20:20:09,1,3.65,6.85,5.4,0.12,16.55,green,cash,Meatpacking/West Village West,Greenwich Village North,Manhattan,Manhattan
2019-03-08 02:53:54,2019-03-08 03:07:59,1,11.14,1.3,1.47,0.82,21.8,green,cash,Douglaston,Upper West Side North,Queens,Manhattan
2019-03-17 06:50:44,2019-03-17 07:04:54,1,1.26,20.9,0.52,0.04,21.8,green,credit card,Norwood,Oakland Gardens,Bronx,Queens
2019-03-18 19:08:02,2019-03-18 19:21:50,0,0.55,10.8,0.58,0.3,16.38,green,cash,Gramercy,Madison,Manhattan,Brooklyn
2019-03-18 21:21:27,2019-03-18 21:35:45,5,1.66,26.43,0.13,0.06,29.2,green,cash,Clinton East,Washington Heights South,Manhattan,Manhattan
2019-03-19 16:16:42,2019-03-19 16:32:04,1,1.32,7.79,3.04,0.02,16.1,green,credit card,Greenwich Village South,Ocean Hill,Manhattan,Brooklyn
2019-03-23 10:38:19,2019-03-23 10:54:44,1,0.68,5.4,0.06,0.21,26.4,green,credit card,Lenox Hill East,Parkchester,Manhattan,Bronx
2019-03-31 01:35:22,2019-03-31 01:52:39,1,0.4,15.96,0.07,0.04,20.3,green,credit card,East Village,Penn Station/Madison Sq West,Manhattan,Manhattan
2019-03-16 19:12:44,2019-03-16 19:28:23,1,0.72,7.8,2.83,0.09,12.99,green,cash,Clinton East,Van Nest/Morris Park,Manhattan,Bronx
2019-03-18 20:51:45,2019-03-18 21:08:15,1,0.06,6.6,0.22,0.04,30.02,green,cash,Lower East Side,Lower East Side,Manhattan,Manhattan
2019-03-18 03:34:04,2019-03-18 03:47:11,1,2.28,11.4,0.44,0.11,20.14,green,credit card,Lincoln Square East,Brooklyn Heights,Manhattan,Brooklyn
2019-03-28 14:22:18,2019-03-28 14:36:16,1,3.28,16.2,3.25,0.2,17.64,green,credit card,Lenox Hill East,Old Astoria,Manhattan,Queens
2019-03-04 03:00:48,2019-03-04 03:14:15,1,2.48,4.0,1.67,0.12,13.23,green,cash,Brownsville,Williamsburg (North Side),Brooklyn,Brooklyn
2019-03-19 06:44:35,2019-03-19 07:00:53,1,1.78,9.89,3.67,0.33,28.6,green,credit card,SoHo,Yorkville West,Manhattan,Manhattan
2019-03-11 07:18:48,2019-03-11 07:33:15,1,3.96,9.7,3.3,0.04,31.74,green,credit card,Gramercy,East Flatbush/Farragut,Manhattan,Brooklyn
2019-03-01 22:23:11,2019-03-01 22:34:22,1,0.8,7.26,2.15,0.24,23.8,green,cash,Clinton East,Bath Beach,Manhattan,Brooklyn
2019-03-25 02:42:10,2019-03-25 02:58:38,5,0.07,8.7,1.33,0.11,15.71,green,cash,Clinton East,West Brighton,Manhattan,Staten Island
2019-03-07 12:45:20,2019-03-07 13:00:44,0,4.98,9.5,2.57,0.05,19.05,green,cash,Gramercy,East Flushing,Manhattan,Queens
2019-03-01 11:42:59,2019-03-01 11:59:02,2,2.49,3.3,1.12,0.23,15.37,green,credit card,Lower East Side,Randalls Island,Manhattan,Manhattan
2019-03-19 05:18:20,2019-03-19 05:32:22,1,2.11,14.3,0.42,0.15,16.9,green,cash,Garment District,Mount Hope,Manhattan,Bronx
2019-03-10 06:58:26,2019-03-10 07:13:51,2,0.07,6.56,0.48,0.02,28.1,green,cash,Murray Hill,Old Astoria,Manhattan,Queens
2019-03-21 22:51:08,2019-03-21 23:05:43,5,0.53,10.1,0.08,0.03,24.43,green,credit card,Sutton Place/Turtle Bay North,Westchester Village/Unionport,Manhattan,Bronx
2019-03-23 16:56:32,2019-03-23 17:15:11,1,2.33,17.9,2.57,0.04,30.68,green,credit card,Battery Park City,Cypress Hills,Manhattan,Brooklyn
2019-03-05 09:38:51,2019-03-05 09:53:19,1,16.73,1.91,1.27,1.5,9.84,green,cash,LaGuardia Airport,Penn Station/Madison Sq West,Queens,Manhattan
2019-03-05 14:23:11,2019-03-05 14:39:03,2,2.44,13.69,0.19,0.39,45.0,green,cash,Astoria,Richmond Hill,Queens,Queens
2019-02-28 19:40:31,2019-02-28 19:57:29,1,2.35,10.09,1.04,0.05,10.2,green,cash,Midtown Center,TriBeCa/Civic Center,Manhattan,Manhattan
2019-03-10 02:01:43,2019-03-10 02:14:14,1,1.52,9.8,1.25,0.13,10.75,green,credit card,Penn Station/Madison Sq West,Windsor Terrace,Manhattan,Brooklyn
2019-03-18 09:26:10,2019-03-18 09:40:52,1,11.5,8.8,2.46,0.01,9.79,green,credit card,Downtown Brooklyn/MetroTech,Midtown North,Brooklyn,Manhattan
2019-03-20 10:24:50,2019-03-20 10:38:34,1,1.3,3.2,0.66,0.05,8.78,green,cash,Upper East Side South,Gramercy,Manhattan,Manhattan
2019-03-09 02:57:10,2019-03-09 03:09:39,1,0.55,5.9,0.38,0.01,26.84,green,credit card,Midtown East,Flushing Meadows-Corona Park,Manhattan,Queens
2019-03-30 03:54:28,2019-03-30 04:07:35,3,0.16,10.4,2.04,0.19,28.27,green,credit card,Upper West Side South,Saint Albans,Manhattan,Queens
2019-02-28 09:13:23,2019-02-28 09:25:58,1,0.06,8.71,0.02,0.01,11.8,green,credit card,Washington Heights South,Bayside,Manhattan,Queens
2019-02-28 04:48:19,2019-02-28 05:03:20,0,0.11,6.3,0.52,0.07,6.77,green,cash,Midtown East,East Concourse/Concourse Village,Manhattan,Bronx
2019-03-31 18:51:07,2019-03-31 19:06:07,2,0.39,7.1,1.64,0.32,13.5,green,cash,East Harlem South,Upper East Side South,Manhattan,Manhattan
2019-03-23 08:36:12,2019-03-23 08:49:56,1,1.95,8.0,1.07,0.34,13.27,green,credit card,Lincoln Square East,LaGuardia Airport,Manhattan,Queens
2019-03-09 09:05:21,2019-03-09 09:18:58,1,0.13,10.5,6.13,0.01,15.12,green,cash,Midtown East,Clinton East,Manhattan,Manhattan
2019-03-08 18:53:18,2019-03-08 19:06:02,1,1.34,5.9,0.16,0.22,13.29,green,cash,Clinton East,Gowanus,Manhattan,Brooklyn
2019-03-14 17:59:13,2019-03-14 18:11:24,1,3.03,9.3,1.7,0.13,15.98,green,credit card,Coney Island,Woodlawn/Wakefield,Brooklyn,Bronx
2019-03-22 12:27:18,2019-03-22 12:43:35,1,0.54,4.6,1.64,0.07,8.78,green,credit card,Midtown Center,Upper East Side South,Manhattan,Manhattan
2019-03-16 15:05:43,2019-03-16 15:18:44,2,2.78,7.8,4.58,0.18,19.52,green,credit card,Murray Hill,Brighton Beach,Manhattan,Brooklyn
2019-03-26 08:06:14,2019-03-26 08:21:41,1,2.11,3.2,0.17,0.33,27.2,green,cash,Lenox Hill East,Inwood Hill Park,Manhattan,Manhattan
2019-03-23 21:02:27,2019-03-23 21:14:43,1,1.08,14.0,0.9,0.16,23.14,green,cash,Midtown Center,Sunset Park West,Manhattan,Brooklyn
2019-03-17 05:51:27,2019-03-17 06:04:53,2,0.07,6.4,2.67,0.24,18.15,green,credit card,Central Park,Elmhurst,Manhattan,Queens
2019-03-30 22:51:53,2019-03-30 23:06:59,1,2.9,6.4,0.3,0.11,15.3,green,credit card,Clinton East,Richmond Hill,Manhattan,Queens
2019-03-24 07:08:51,2019-03-24 07:20:50,1,2.81,5.6,1.25,0.06,15.24,green,cash,Lenox Hill East,Rego Park,Manhattan,Queens
2019-03-08 03:22:47,2019-03-08 03:36:13,1,0.92,6.26,0.13,0.04,7.0,green,credit card,Murray Hill,Chinatown,Manhattan,Manhattan
2019-03-04 20:17:33,2019-03-04 20:30:09,1,1.46,9.0,0.02,0.46,32.99,green,credit card,East Harlem South,Penn Station/Madison Sq West,Manhattan,Manhattan
2019-03-25 09:57:41,2019-03-25 10:10:38,6,3.74,21.0,1.54,0.05,24.53,green,cash,Manhattan Valley,Central Harlem,Manhattan,Manhattan
2019-03-18 20:12:40,2019-03-18 20:25:11,5,0.4,27.7,1.51,4.55,54.8,green,cash,JFK Airport,Two Bridges/Seward Park,Queens,Manhattan
2019-03-07 17:13:31,2019-03-07 17:26:49,1,7.1,23.2,3.28,0.4,25.06,green,cash,Park Slope,Kew Gardens Hills,Brooklyn,Queens
2019-03-15 11:11:50,2019-03-15 11:24:19,6,1.04,10.77,8.48,0.17,12.3,green,credit card,Manhattan Valley,Bushwick South,Manhattan,Brooklyn
2019-03-04 05:51:10,2019-03-04 06:04:12,1,1.64,3.9,0.52,0.06,13.21,green,cash,West Village,Boerum Hill,Manhattan,Brooklyn
2019-03-15 20:17:14,2019-03-15 20:31:37,1,6.34,8.3,1.36,0.1,12.74,green,cash,Gramercy,Columbia Street,Manhattan,Brooklyn
2019-03-18 05:49:11,2019-03-18 06:03:58,1,3.63,18.3,7.42,0.45,42.05,green,credit card,JFK Airport,Ridgewood,Queens,Queens
2019-03-07 02:15:23,2019-03-07 02:30:00,1,1.71,10.3,2.12,0.08,32.74,green,credit card,Greenwich Village North,Douglaston,Manhattan,Queens
2019-03-21 02:18:36,2019-03-21 02:32:09,5,6.05,12.7,1.56,0.16,15.71,green,cash,Upper West Side North,Stuyvesant Heights,Manhattan,Brooklyn
2019-03-03 21:01:42,2019-03-03 21:17:53,2,16.25,20.8,13.51,2.88,74.09,green,cash,JFK Airport,Long Island City/Queens Plaza,Queens,Queens
2019-03-09 20:24:20,2019-03-09 20:39:06,3,0.03,15.9,0.61,0.21,27.58,green,cash,Flatiron,Midwood,Manhattan,Brooklyn
2019-03-07 13:42:44,2019-03-07 13:59:39,1,0.47,6.1,0.44,0.12,26.5,green,credit card,Murray Hill,Columbia Street,Manhattan,Brooklyn
2019-03-06 01:23:12,2019-03-06 01:36:02,1,4.43,8.3,1.2,0.38,16.57,green,credit card,Washington Heights South,Manhattanville,Manhattan,Manhattan
2019-03-22 21:32:15,2019-03-22 21:45:52,1,3.24,6.9,0.26,0.46,7.13,green,cash,Lincoln Square East,Union Sq,Manhattan,Manhattan
2019-03-06 21:51:50,2019-03-06 22:04:40,1,3.78,4.9,0.57,0.13,16.93,green,credit card,Midtown East,Flatlands,Manhattan,Brooklyn
2019-03-16 09:38:23,2019-03-16 09:51:51,1,1.16,7.44,0.28,0.64,16.3,green,credit card,Woodlawn/Wakefield,Ozone Park,Bronx,Queens
2019-03-12 06:01:06,2019-03-12 06:17:12,1,5.66,4.5,0.82,0.15,26.0,green,cash,UN/Turtle Bay South,Alphabet City,Manhattan,Manhattan
2019-03-25 20:25:14,2019-03-25 20:39:13,6,10.33,14.5,0.53,0.02,15.61,green,cash,Flatlands,Bushwick North,Brooklyn,Brooklyn
2019-03-20 14:15:35,2019-03-20 14:29:18,5,1.43,7.4,1.4,0.17,11.48,green,cash,Midtown North,Manhattan Beach,Manhattan,Brooklyn
2019-03-24 07:36:12,2019-03-24 07:50:35,1,2.13,6.8,0.6,0.26,19.74,green,credit card,Murray Hill,Meatpacking/West Village West,Manhattan,Manhattan
2019-03-09 17:05:42,2019-03-09 17:20:01,1,2.69,19.1,1.35,0.13,29.24,green,cash,Two Bridges/Seward Park,Borough Park,Manhattan,Brooklyn
2019-03-13 09:55:05,2019-03-13 10:09:07,1,1.48,13.1,0.03,0.21,22.59,green,cash,East Concourse/Concourse Village,Norwood,Bronx,Bronx
2019-03-07 05:01:05,2019-03-07 05:15:30,1,1.16,9.9,0.16,0.03,13.74,green,credit card,Financial District North,Maspeth,Manhattan,Queens
2019-03-26 17:31:02,2019-03-26 17:47:56,2,3.31,7.8,0.93,0.07,14.42,green,credit card,Lincoln Square East,DUMBO/Vinegar Hill,Manhattan,Brooklyn
2019-03-17 16:18:35,2019-03-17 16:32:32,1,6.63,8.9,2.03,0.02,9.89,green,credit card,Yorkville East,South Jamaica,Manhattan,Queens
2019-03-15 09:48:05,2019-03-15 10:01:18,1,12.69,6.0,0.22,0.08,19.19,green,cash,Fort Greene,Red Hook,Brooklyn,Brooklyn
2019-03-04 05:36:23,2019-03-04 05:51:21,6,3.87,6.5,0.56,0.47,13.92,green,cash,Sutton Place/Turtle Bay North,Bushwick North,Manhattan,Brooklyn
2019-03-15 23:04:05,2019-03-15 23:18:16,1,6.26,6.61,0.48,5.64,37.3,green,credit card,JFK Airport,Bay Ridge,Queens,Brooklyn
2019-03-23 21:24:01,2019-03-23 21:40:31,1,1.48,6.1,1.39,0.08,30.66,green,credit card,Midtown East,Kingsbridge Heights,Manhattan,Bronx
2019-03-20 00:29:04,2019-03-20 00:44:02,1,0.03,10.0,0.13,0.04,24.4,green,cash,UN/Turtle Bay South,Hunts Point,Manhattan,Bronx
2019-03-19 00:38:02,2019-03-19 00:47:34,1,4.76,13.38,0.77,0.13,19.7,green,credit card,Times Sq/Theatre District,Downtown Brooklyn/MetroTech,Manhattan,Brooklyn
2019-03-16 20:51:03,2019-03-16 21:06:28,2,0.34,6.1,1.72,0.15,15.2,green,credit card,Murray Hill,Borough Park,Manhattan,Brooklyn
2019-03-01 06:47:47,2019-03-01 07:01:32,1,5.39,28.7,0.15,0.16,38.91,green,credit card,Stuyvesant Heights,Brooklyn Navy Yard,Brooklyn,Brooklyn
2019-03-06 14:36:02,2019-03-06 14:50:23,1,0.23,13.2,0.47,0.02,21.42,green,cash,Midtown South,Bath Beach,Manhattan,Brooklyn
2019-03-01 20:18:21,2019-03-01 20:31:57,1,0.39,4.6,2.72,0.01,11.58,green,cash,Sutton Place/Turtle Bay North,Rego Park,Manhattan,Queens
2019-03-31 06:26:41,2019-03-31 06:41:49,1,2.99,7.3,2.85,0.09,12.97,green,credit card,SoHo,Madison,Manhattan,Brooklyn
2019-03-26 06:05:03,2019-03-26 06:18:28,1,2.57,25.13,4.84,0.12,45.1,green,cash,Kips Bay,Riverdale/North Riverdale/Fieldston,Manhattan,Bronx
2019-03-08 00:21:26,2019-03-08 00:36:32,3,3.66,7.0,1.53,0.26,16.97,green,cash,Yorkville West,Columbia Street,Manhattan,Brooklyn
2019-03-11 20:16:45,2019-03-11 20:29:45,1,0.3,5.9,1.34,0.1,7.51,green,credit card,Lenox Hill East,South Ozone Park,Manhattan,Queens
2019-03-03 13:21:37,2019-03-03 13:36:32,2,2.14,7.1,1.06,0.29,16.09,green,credit card,Gramercy,Jamaica,Manhattan,Queens
2019-03-13 22:09:28,2019-03-13 22:23:34,1,2.72,17.5,0.19,0.07,22.3,green,cash,Midtown East,Borough Park,Manhattan,Brooklyn
2019-03-08 14:21:12,2019-03-08 14:37:45,1,1.51,10.2,0.5,0.03,13.45,green,cash,Washington Heights South,Central Harlem North,Manhattan,Manhattan
2019-03-08 04:40:38,2019-03-08 04:54:57,4,1.56,13.81,2.6,0.12,25.3,green,cash,Lower East Side,Morningside Heights,Manhattan,Manhattan
2019-03-28 21:58:19,2019-03-28 22:13:06,3,0.5,13.3,0.06,0.15,29.75,green,credit card,Soundview/Castle Hill,Glendale,Bronx,Queens
2019-03-14 04:10:24,2019-03-14 04:25:18,1,1.39,15.76,3.3,0.33,37.1,green,credit card,Clinton West,Upper West Side South,Manhattan,Manhattan
2019-03-03 07:52:54,2019-03-03 08:05:17,2,1.54,11.17,4.74,0.03,12.7,green,cash,Lincoln Square East,Melrose South,Manhattan,Bronx
2019-03-12 09:13:19,2019-03-12 09:29:48,1,8.08,5.4,0.32,0.21,20.13,green,credit card,Central Park,Stuy Town/Peter Cooper Village,Manhattan,Manhattan
2019-03-17 17:17:39,2019-03-17 17:30:20,1,1.2,7.8,0.34,0.17,25.1,green,credit card,Midtown Center,Clinton Hill,Manhattan,Brooklyn
2019-03-18 08:11:56,2019-03-18 08:25:46,2,4.1,2.9,0.41,0.05,24.29,green,credit card,Greenwich Village North,Long Island City/Queens Plaza,Manhattan,Queens
2019-03-26 04:09:00,2019-03-26 04:24:01,5,0.46,3.5,1.77,0.12,6.48,green,cash,Little Italy/NoLiTa,Westchester Village/Unionport,Manhattan,Bronx
2019-03-05 07:31:24,2019-03-05 07:46:21,1,1.07,8.02,2.18,0.09,24.5,green,cash,Sutton Place/Turtle Bay North,Bath Beach,Manhattan,Brooklyn
2019-03-08 10:50:44,2019-03-08 11:05:18,2,0.52,18.58,4.16,0.4,22.3,green,credit card,Upper East Side South,Downtown Brooklyn/MetroTech,Manhattan,Brooklyn
2019-03-04 00:46:55,2019-03-04 00:59:57,1,3.21,12.0,4.78,0.05,27.16,green,cash,Upper East Side South,Morningside Heights,Manhattan,Manhattan
2019-03-01 05:12:22,2019-03-01 05:25:00,1,1.41,9.64,1.27,0.11,17.5,green,cash,Park Slope,Springfield Gardens South,Brooklyn,Queens
2019-03-03 15:54:15,2019-03-03 16:09:49,2,1.37,13.34,8.55,0.22,17.4,green,credit card,Upper East Side North,Penn Station/Madison Sq West,Manhattan,Manhattan
2019-03-08 04:29:00,2019-03-08 04:42:23,3,0.61,9.71,0.52,0.08,23.7,green,credit card,SoHo,Hunts Point,Manhattan,Bronx
2019-03-24 19:04:05,2019-03-24 19:19:54,1,7.65,14.18,3.2,0.23,28.2,green,credit card,Jackson Heights,North Corona,Queens,Queens
2019-03-02 11:27:26,2019-03-02 11:45:32,0,2.29,7.57,4.4,0.05,10.4,green,cash,Lenox Hill East,Hudson Sq,Manhattan,Manhattan
2019-03-30 11:58:20,2019-03-30 12:12:59,1,9.23,8.5,1.77,0.01,26.37,green,cash,Greenpoint,Battery Park City,Brooklyn,Manhattan
2019-03-19 00:30:01,2019-03-19 00:44:27,1,2.35,8.6,0.56,0.12,29.46,green,credit card,TriBeCa/Civic Center,TriBeCa/Civic Center,Manhattan,Manhattan
2019-03-22 01:18:19,2019-03-22 01:31:40,1,2.51,10.4,2.47,0.33,10.48,green,credit card,Lower East Side,Soundview/Bruckner,Manhattan,Bronx
2019-03-26 18:18:21,2019-03-26 18:34:01,1,8.55,5.0,1.08,0.91,25.76,green,cash,Canarsie,East New York,Brooklyn,Brooklyn
2019-03-27 22:27:19,2019-03-27 22:41:20,5,1.27,9.29,1.85,0.11,10.3,green,credit card,UN/Turtle Bay South,Belmont,Manhattan,Bronx
2019-03-21 17:31:00,2019-03-21 17:44:25,1,5.07,8.3,1.21,0.11,24.63,green,credit card,Central Park,Chinatown,Manhattan,Manhattan
2019-03-29 16:56:09,2019-03-29 17:11:42,1,1.52,6.6,0.48,0.01,22.98,green,credit card,Greenwich Village North,Bloomingdale,Manhattan,Manhattan
2019-03-19 13:46:03,2019-03-19 14:02:25,1,3.79,6.7,1.66,0.17,30.19,green,cash,Lower East Side,Midtown South,Manhattan,Manhattan
2019-03-05 21:42:21,2019-03-05 21:55:31,1,0.16,6.3,2.0,0.2,6.95,green,cash,Boerum Hill,Van Nest/Morris Park,Brooklyn,Bronx
2019-03-30 13:46:43,2019-03-30 14:00:05,1,0.9,7.3,1.0,0.18,10.81,green,credit card,Penn Station/Madison Sq West,Little Italy/NoLiTa,Manhattan,Manhattan
2019-03-22 21:03:15,2019-03-22 21:17:11,1,0.71,15.5,0.22,0.04,16.94,green,cash,World Trade Center,Rosedale,Manhattan,Queens
2019-03-07 04:21:41,2019-03-07 04:36:00,1,1.96,5.3,0.16,0.18,11.9,green,cash,Williamsburg (North Side),East New York,Brooklyn,Brooklyn
2019-03-31 20:33:38,2019-03-31 20:46:48,2,5.36,10.66,2.07,0.06,14.4,green,credit card,Hudson Sq,Financial District North,Manhattan,Manhattan
2019-03-13 21:19:55,2019-03-13 21:34:16,1,0.47,6.99,2.23,0.24,8.0,green,credit card,Upper East Side North,Long Island City/Queens Plaza,Manhattan,Queens
2019-03-21 14:19:39,2019-03-21 14:33:18,2,7.15,12.0,0.31,0.03,21.41,green,cash,West Chelsea/Hudson Yards,South Jamaica,Manhattan,Queens
2019-03-27 03:47:34,2019-03-27 04:02:23,1,0.08,6.5,1.45,0.08,18.34,green,cash,Midtown South,Prospect Heights,Manhattan,Brooklyn
2019-03-23 09:38:40,2019-03-23 09:53:04,1,4.79,7.2,1.38,0.03,17.89,green,cash,Upper East Side North,Yorkville West,Manhattan,Manhattan
2019-03-09 23:19:31,2019-03-09 23:32:57,0,0.67,8.0,0.51,0.39,9.2,green,credit card,Upper East Side North,Whitestone,Manhattan,Queens
2019-03-01 23:57:24,2019-03-02 00:14:04,1,0.28,24.4,0.19,0.39,88.69,green,credit card,LaGuardia Airport,Flushing,Queens,Queens
2019-03-04 16:41:54,2019-03-04 16:55:46,1,0.42,11.1,1.44,0.73,11.81,green,cash,Flatiron,Battery Park City,Manhattan,Manhattan
2019-03-21 15:57:22,2019-03-21 16:13:33,1,1.15,6.88,2.09,0.06,12.2,green,credit card,West Village,Clinton East,Manhattan,Manhattan
2019-03-15 13:11:59,2019-03-15 13:26:11,1,0.76,11.66,0.34,0.23,12.3,green,credit card,Midtown North,Spuyten Duyvil/Kingsbridge,Manhattan,Bronx
2019-03-14 00:32:15,2019-03-14 00:49:09,0,2.26,8.0,0.98,0.01,9.98,green,cash,Gramercy,Boerum Hill,Manhattan,Brooklyn
2019-03-06 05:18:24,2019-03-06 05:31:40,1,2.48,4.5,3.75,0.03,6.6,green,cash,Union Sq,Marine Park/Mill Basin,Manhattan,Brooklyn
2019-03-09 11:12:35,2019-03-09 11:24:36,1,4.4,10.6,2.31,0.1,22.11,green,cash,Yorkville West,Long Island City/Queens Plaza,Manhattan,Queens
2019-03-06 20:13:31,2019-03-06 20:28:44,1,0.49,12.5,1.78,0.07,13.82,green,credit card,Midtown South,Greenwich Village South,Manhattan,Manhattan
2019-03-03 13:55:16,2019-03-03 14:09:18,1,3.19,11.34,0.49,0.23,13.2,green,cash,Upper East Side South,UN/Turtle Bay South,Manhattan,Manhattan
2019-03-06 04:24:12,2019-03-06 04:38:21,1,11.19,14.8,0.49,1.16,17.0,green,cash,JFK Airport,Bronxdale,Queens,Bronx
2019-03-03 05:44:08,2019-03-03 05:56:59,1,0.0,8.33,0.03,0.1,11.1,green,credit card,Murray Hill,Financial District South,Manhattan,Manhattan
2019-03-14 04:37:46,2019-03-14 04:51:59,1,6.64,16.9,4.79,4.45,20.52,green,credit card,LaGuardia Airport,Carroll Gardens,Queens,Brooklyn
2019-03-21 01:01:33,2019-03-21 01:15:36,1,0.31,5.1,2.92,0.08,11.3,green,credit card,Lower East Side,Co-Op City,Manhattan,Bronx
2019-03-17 21:12:55,2019-03-17 21:27:01,1,0.01,5.8,1.14,0.01,20.61,green,cash,Midtown North,Clinton West,Manhattan,Manhattan
2019-03-26 00:21:03,2019-03-26 00:34:07,1,0.56,6.5,0.1,0.03,20.97,green,cash,Upper West Side South,Kingsbridge Heights,Manhattan,Bronx
2019-03-01 09:18:23,2019-03-01 09:33:38,5,8.17,12.8,0.02,0.14,46.03,green,credit card,Norwood,Richmond Hill,Bronx,Queens
2019-03-02 04:15:13,2019-03-02 04:32:09,1,9.21,9.2,1.19,0.07,12.88,green,credit card,Lenox Hill East,Forest Hills,Manhattan,Queens
2019-03-06 17:12:12,2019-03-06 17:25:52,1,0.7,8.02,0.03,0.06,19.1,green,cash,Midtown Center,Crotona Park East,Manhattan,Bronx
2019-03-07 11:49:33,2019-03-07 12:01:23,3,6.69,9.1,1.14,0.01,39.76,green,credit card,Garment District,Jamaica,Manhattan,Queens
2019-03-16 22:59:51,2019-03-16 23:14:19,1,0.4,5.5,4.81,0.15,8.0,green,credit card,Lower East Side,Astoria,Manhattan,Queens
2019-03-28 20:23:06,2019-03-28 20:37:42,2,2.1,18.1,1.23,0.16,24.76,green,cash,Yorkville East,LaGuardia Airport,Manhattan,Queens
2019-03-11 13:20:40,2019-03-11 13:33:43,1,0.24,11.37,3.64,0.27,16.9,green,cash,Lenox Hill West,East Harlem North,Manhattan,Manhattan
2019-03-24 14:05:38,2019-03-24 14:20:00,1,0.77,9.1,1.0,0.03,13.4,green,cash,East Chelsea,Clinton Hill,Manhattan,Brooklyn
2019-03-16 09:25:28,2019-03-16 09:41:41,1,0.18,6.86,6.7,0.09,17.9,green,credit card,Garment District,Springfield Gardens South,Manhattan,Queens
2019-03-05 09:41:32,2019-03-05 09:57:59,1,6.48,13.2,0.05,0.12,49.12,green,cash,Mount Hope,Fresh Meadows,Bronx,Queens
2019-03-29 03:03:06,2019-03-29 03:17:11,1,0.07,3.2,1.26,0.1,27.26,green,cash,Midtown North,LaGuardia Airport,Manhattan,Queens
2019-03-16 22:41:33,2019-03-16 22:55:19,5,0.99,13.0,0.76,0.08,20.7,green,credit card,Kips Bay,Elmhurst,Manhattan,Queens
2019-03-29 04:24:43,2019-03-29 04:37:35,1,2.68,10.9,0.6,0.01,15.06,green,credit card,Midtown East,Murray Hill-Queens,Manhattan,Queens
2019-03-02 17:00:56,2019-03-02 17:14:55,1,1.0,4.6,2.22,0.17,12.74,green,cash,Lincoln Square West,Bedford,Manhattan,Brooklyn
2019-03-07 03:29:00,2019-03-07 03:42:57,1,0.59,5.4,1.22,0.28,18.87,green,cash,Penn Station/Madison Sq West,Van Cortlandt Village,Manhattan,Bronx
2019-03-20 09:13:12,2019-03-20 09:29:14,1,2.93,8.3,0.52,0.17,24.13,green,cash,East Harlem South,West Concourse,Manhattan,Bronx
2019-03-17 18:07:29,2019-03-17 18:20:16,1,0.01,6.1,0.31,0.08,9.43,green,credit card,Upper East Side North,North Corona,Manhattan,Queens
2019-03-02 18:06:31,2019-03-02 18:23:09,2,7.25,12.6,3.16,0.04,15.63,green,credit card,East Harlem North,Homecrest,Manhattan,Brooklyn
2019-03-05 11:03:09,2019-03-05 11:17:33,1,0.66,5.2,0.69,0.13,9.99,green,cash,Garment District,Lenox Hill East,Manhattan,Manhattan
2019-03-29 23:56:19,2019-03-30 00:10:56,5,0.92,25.3,2.44,0.72,42.06,green,credit card,LaGuardia Airport,Midtown South,Queens,Manhattan
2019-03-07 20:50:39,2019-03-07 21:06:51,5,3.6,12.1,1.58,0.25,21.4,green,credit card,Midtown Center,East Williamsburg,Manhattan,Brooklyn
2019-03-08 01:40:03,2019-03-08 01:53:33,1,3.26,4.2,0.04,0.1,15.87,green,credit card,Greenwich Village South,Stuy Town/Peter Cooper Village,Manhattan,Manhattan
2019-03-25 16:30:23,2019-03-25 16:43:47,2,2.6,17.48,2.56,0.05,22.5,green,cash,Meatpacking/West Village West,Ocean Hill,Manhattan,Brooklyn
2019-03-16 01:32:52,2019-03-16 01:48:11,1,3.22,9.85,0.83,0.0,10.3,green,cash,Upper West Side North,Financial District South,Manhattan,Manhattan
2019-03-22 15:05:48,2019-03-22 15:18:49,1,0.87,5.4,1.45,0.2,18.48,green,credit card,Gravesend,Riverdale/North Riverdale/Fieldston,Brooklyn,Bronx
2019-03-19 16:38:43,2019-03-19 16:53:19,5,0.15,10.8,6.63,0.03,13.25,green,cash,TriBeCa/Civic Center,Lenox Hill East,Manhattan,Manhattan
2019-03-22 19:15:24,2019-03-22 19:30:20,3,4.56,8.2,6.5,0.23,21.06,green,cash,Central Park,West Brighton,Manhattan,Staten Island
2019-03-30 12:16:11,2019-03-30 12:31:57,1,3.13,6.8,1.06,0.36,19.46,green,credit card,West Chelsea/Hudson Yards,Windsor Terrace,Manhattan,Brooklyn
2019-03-01 09:06:06,2019-03-01 09:20:39,1,0.42,15.8,0.2,0.08,19.91,green,credit card,East Harlem South,East Flushing,Manhattan,Queens
2019-03-12 22:37:41,2019-03-12 22:52:09,2,5.19,9.72,2.74,0.08,11.1,green,credit card,Union Sq,Lenox Hill West,Manhattan,Manhattan
2019-03-17 02:39:33,2019-03-17 02:53:48,1,1.26,4.3,0.87,0.05,18.33,green,cash,East Village,Bushwick North,Manhattan,Brooklyn
2019-03-11 14:45:52,2019-03-11 15:00:08,3,2.65,12.74,2.6,0.29,16.5,green,cash,Upper East Side South,Kingsbridge Heights,Manhattan,Bronx
2019-03-31 01:31:17,2019-03-31 01:45:27,2,1.42,12.4,2.92,0.01,13.4,green,credit card,Union Sq,Inwood,Manhattan,Manhattan
2019-03-27 20:03:31,2019-03-27 20:17:57,5,1.71,5.5,3.58,0.03,15.54,green,credit card,Times Sq/Theatre District,Bloomingdale,Manhattan,Manhattan
2019-03-08 13:25:40,2019-03-08 13:40:47,1,2.76,15.54,0.23,0.24,28.6,green,cash,Murray Hill,Little Italy/NoLiTa,Manhattan,Manhattan
2019-03-15 18:16:10,2019-03-15 18:27:13,1,0.2,20.04,0.43,0.07,22.3,green,credit card,Upper East Side North,Bushwick North,Manhattan,Brooklyn
2019-03-23 04:54:17,2019-03-23 05:12:27,1,2.99,16.1,0.62,0.0,23.55,green,credit card,Midtown East,University Heights/Morris Heights,Manhattan,Bronx
2019-03-21 18:53:16,2019-03-21 19:10:05,1,1.2,5.3,0.5,0.15,26.3,green,credit card,East Village,Kingsbridge Heights,Manhattan,Bronx
2019-03-17 12:12:19,2019-03-17 12:27:20,1,3.73,10.54,0.81,0.07,12.3,green,cash,Midtown East,Mott Haven/Port Morris,Manhattan,Bronx
2019-03-06 02:21:58,2019-03-06 02:35:51,6,2.2,9.0,0.43,0.12,12.03,green,cash,Upper West Side South,Claremont/Bathgate,Manhattan,Bronx
2019-03-26 22:42:12,2019-03-26 22:53:37,1,2.42,8.4,1.31,0.13,14.61,green,credit card,Murray Hill,Greenpoint,Manhattan,Brooklyn
2019-03-16 08:19:50,2019-03-16 08:35:14,4,3.13,6.2,5.38,0.13,14.75,green,cash,Upper West Side South,Steinway,Manhattan,Queens
2019-03-13 09:40:22,2019-03-13 09:54:56,1,4.54,13.88,0.95,0.23,16.3,green,cash,Midtown South,Bushwick North,Manhattan,Brooklyn
2019-03-10 07:28:51,2019-03-10 07:43:48,4,1.55,17.61,0.38,0.11,22.3,green,credit card,East Village,Bay Ridge,Manhattan,Brooklyn
2019-03-04 05:53:43,2019-03-04 06:06:19,3,1.66,10.9,1.18,0.63,39.64,green,credit card,Lenox Hill East,Roosevelt Island,Manhattan,Manhattan
2019-03-21 01:32:15,2019-03-21 01:48:02,2,0.84,18.3,0.52,0.1,20.89,green,cash,Battery Park City,Hudson Sq,Manhattan,Manhattan
2019-03-07 23:15:18,2019-03-07 23:29:55,1,3.16,3.3,3.06,2.07,117.35,green,cash,Forest Hills,Garment District,Queens,Manhattan
2019-03-06 09:33:07,2019-03-06 09:44:15,1,2.15,9.0,3.41,0.21,11.06,green,cash,Lenox Hill East,Central Harlem North,Manhattan,Manhattan
2019-03-16 08:12:29,2019-03-16 08:23:19,1,11.22,9.77,0.73,0.49,22.0,green,credit card,Stuyvesant Heights,Upper West Side South,Brooklyn,Manhattan
2019-03-29 12:09:01,2019-03-29 12:23:02,1,1.77,15.27,0.21,0.41,39.5,green,credit card,Garment District,DUMBO/Vinegar Hill,Manhattan,Brooklyn
2019-02-28 15:51:53,2019-02-28 16:09:49,1,3.51,7.5,0.47,0.05,13.53,green,cash,Flatiron,Melrose South,Manhattan,Bronx
2019-03-30 07:05:45,2019-03-30 07:19:22,2,4.28,7.6,3.95,0.04,22.57,green,credit card,West Chelsea/Hudson Yards,Bay Ridge,Manhattan,Brooklyn
2019-03-28 17:05:45,2019-03-28 17:20:02,1,8.25,40.5,0.44,4.61,66.5,green,credit card,Queensbridge/Ravenswood,West Village,Queens,Manhattan
2019-03-08 11:21:44,2019-03-08 11:35:35,5,0.28,7.0,1.18,0.01,18.06,green,cash,Hudson Sq,Boerum Hill,Manhattan,Brooklyn
2019-03-27 23:05:35,2019-03-27 23:20:44,2,7.84,10.4,1.1,0.25,11.46,green,cash,East Harlem South,Hamilton Heights,Manhattan,Manhattan
2019-03-06 07:59:10,2019-03-06 08:12:17,4,2.3,7.2,1.25,0.32,25.9,green,cash,Central Park,Eastchester,Manhattan,Bronx
2019-03-26 12:23:48,2019-03-26 12:36:47,2,1.47,5.9,1.16,0.35,12.42,green,credit card,Park Slope,East Tremont,Brooklyn,Bronx
2019-03-16 00:25:05,2019-03-16 00:41:18,1,13.58,8.2,1.9,0.03,11.76,green,cash,Clinton East,Yorkville East,Manhattan,Manhattan
2019-03-07 03:34:37,2019-03-07 03:47:56,1,1.47,7.6,2.0,0.16,21.22,green,cash,Clinton East,Richmond Hill,Manhattan,Queens
2019-03-10 16:58:45,2019-03-10 17:11:53,1,1.19,7.1,1.9,0.27,31.42,green,credit card,Washington Heights South,Bushwick North,Manhattan,Brooklyn
2019-03-24 06:09:57,2019-03-24 06:25:37,1,0.81,10.42,1.19,0.03,11.7,green,credit card,Central Harlem,Meatpacking/West Village West,Manhattan,Manhattan
2019-03-14 02:29:38,2019-03-14 02:44:26,1,0.17,5.54,1.63,0.56,8.6,green,credit card,Fort Greene,Flushing,Brooklyn,Queens
2019-03-03 21:54:02,2019-03-03 22:08:45,2,13.12,10.9,1.06,0.47,15.79,green,cash,UN/Turtle Bay South,Battery Park City,Manhattan,Manhattan
2019-03-03 23:53:04,2019-03-04 00:05:42,1,3.14,3.4,1.36,0.28,13.85,green,cash,Garment District,East Chelsea,Manhattan,Manhattan
2019-03-04 15:02:48,2019-03-04 15:18:40,1,4.04,5.0,1.43,0.1,22.91,green,credit card,Upper East Side North,Queens Village,Manhattan,Queens
2019-03-09 17:50:35,2019-03-09 18:03:56,1,2.63,9.18,13.04,1.73,34.2,green,credit card,JFK Airport,College Point,Queens,Queens
2019-03-20 00:02:01,2019-03-20 00:18:41,1,2.84,5.93,5.4,0.06,21.25,green,cash,Upper West Side North,Briarwood/Jamaica Hills,Manhattan,Queens
2019-03-17 16:33:30,2019-03-17 16:46:19,1,0.79,4.52,4.1,0.45,18.1,green,credit card,Lincoln Square East,Alphabet City,Manhattan,Manhattan
2019-03-08 17:38:18,2019-03-08 17:53:41,1,2.35,5.0,0.37,0.18,81.41,green,credit card,Jackson Heights,Downtown Brooklyn/MetroTech,Queens,Brooklyn
2019-03-06 00:20:34,2019-03-06 00:34:20,1,2.86,11.37,1.04,0.16,12.1,green,credit card,East Chelsea,Elmhurst/Maspeth,Manhattan,Queens
2019-03-05 01:39:15,2019-03-05 01:55:26,1,0.09,6.4,5.24,0.19,7.91,green,cash,Clinton East,South Ozone Park,Manhattan,Queens
2019-03-19 02:08:29,2019-03-19 02:23:35,1,9.02,17.52,0.17,0.2,19.4,green,cash,East New York,Columbia Street,Brooklyn,Brooklyn
2019-03-27 13:14:40,2019-03-27 13:30:31,5,0.59,8.4,0.88,0.1,12.68,green,credit card,Upper East Side South,Long Island City/Hunters Point,Manhattan,Queens
2019-03-22 10:58:17,2019-03-22 11:10:28,1,12.37,11.2,5.19,0.4,13.5,green,cash,Lower East Side,Crotona Park East,Manhattan,Bronx
2019-03-05 13:23:10,2019-03-05 13:38:42,2,0.19,9.6,2.87,0.0,14.36,green,cash,Garment District,Roosevelt Island,Manhattan,Manhattan
2019-03-13 15:30:14,2019-03-13 15:42:14,1,1.21,12.08,5.8,0.08,13.43,green,credit card,East Village,Murray Hill-Queens,Manhattan,Queens
2019-03-07 22:05:20,2019-03-07 22:18:32,1,0.05,15.1,0.87,0.07,26.41,green,credit card,Midtown East,Murray Hill,Manhattan,Manhattan
2019-03-30 17:56:26,2019-03-30 18:10:46,1,1.49,7.71,0.58,0.41,11.8,green,cash,Midtown Center,Hudson Sq,Manhattan,Manhattan
2019-03-23 01:58:19,2019-03-23 02:09:14,1,1.09,18.6,0.5,0.1,20.81,green,cash,East Harlem South,Queensbridge/Ravenswood,Manhattan,Queens
2019-03-16 11:48:10,2019-03-16 12:04:53,1,0.17,4.9,1.5,0.06,22.99,green,cash,Central Harlem,Midtown South,Manhattan,Manhattan
2019-03-26 16:38:36,2019-03-26 16:53:59,1,2.48,8.5,0.95,0.11,17.93,green,credit card,West Chelsea/Hudson Yards,Flatiron,Manhattan,Manhattan
2019-03-02 14:08:09,2019-03-02 14:22:18,0,7.96,12.1,0.53,0.42,37.9,green,credit card,Greenwich Village North,Brooklyn Heights,Manhattan,Brooklyn
2019-03-24 20:06:23,2019-03-24 20:18:36,5,6.49,13.14,0.49,1.53,36.4,green,cash,JFK Airport,Crown Heights North,Queens,Brooklyn
2019-03-12 21:03:25,2019-03-12 21:17:38,1,1.19,17.7,1.93,0.11,25.53,green,credit card,Clinton East,Bedford,Manhattan,Brooklyn
2019-03-04 21:41:48,2019-03-04 21:59:05,1,4.77,10.13,3.79,3.89,13.1,green,credit card,Woodside,Bath Beach,Queens,Brooklyn
2019-03-04 21:21:03,2019-03-04 21:37:05,1,0.02,10.1,0.21,0.43,11.68,green,credit card,Upper East Side South,East Flatbush/Farragut,Manhattan,Brooklyn
2019-03-24 05:14:44,2019-03-24 05:31:02,1,2.45,10.7,0.58,0.08,29.92,green,cash,Lower East Side,Springfield Gardens South,Manhattan,Queens
2019-02-28 14:31:23,2019-02-28 14:46:11,1,0.12,10.94,0.75,0.05,17.9,green,cash,TriBeCa/Civic Center,Red Hook,Manhattan,Brooklyn
2019-03-07 14:38:42,2019-03-07 14:52:55,1,0.66,6.84,2.22,0.19,17.0,green,credit card,Clinton West,Times Sq/Theatre District,Manhattan,Manhattan
2019-03-16 01:40:10,2019-03-16 01:58:14,1,2.61,3.3,3.3,0.19,26.32,green,cash,Murray Hill,Jamaica,Manhattan,Queens
2019-03-30 00:07:56,2019-03-30 00:23:21,2,0.44,13.61,0.83,0.18,25.7,green,cash,Central Park,Meatpacking/West Village West,Manhattan,Manhattan
2019-03-25 07:28:50,2019-03-25 07:41:57,0,6.94,19.75,0.65,0.19,22.9,green,credit card,Lincoln Square East,Forest Hills,Manhattan,Queens
2019-03-10 16:30:08,2019-03-10 16:41:59,2,0.4,10.7,8.15,0.45,27.51,green,credit card,East Harlem South,Battery Park City,Manhattan,Manhattan
2019-03-09 03:49:28,2019-03-09 04:05:08,1,2.01,5.1,0.23,0.48,9.63,green,credit card,Morningside Heights,Ocean Hill,Manhattan,Brooklyn
2019-03-15 07:43:39,2019-03-15 07:57:32,1,1.05,21.8,1.59,0.51,29.41,green,cash,JFK Airport,Lincoln Square East,Queens,Manhattan
2019-03-09 20:55:04,2019-03-09 21:07:58,1,4.95,12.9,1.27,0.08,14.78,green,cash,Midtown North,Jackson Heights,Manhattan,Queens
2019-03-27 08:41:21,2019-03-27 08:55:12,1,2.66,8.6,2.63,0.02,15.89,green,credit card,Union Sq,Downtown Brooklyn/MetroTech,Manhattan,Brooklyn
2019-03-04 10:10:16,2019-03-04 10:28:26,5,0.27,11.85,2.79,0.23,22.8,green,credit card,Midtown South,Ocean Hill,Manhattan,Brooklyn
2019-03-10 12:32:04,2019-03-10 12:44:51,1,4.79,8.1,3.29,0.11,14.88,green,cash,Flatiron,Douglaston,Manhattan,Queens
2019-03-26 02:44:45,2019-03-26 02:58:59,1,25.44,30.6,3.98,0.17,57.54,green,credit card,Hillcrest/Pomonok,Williamsburg (North Side),Queens,Brooklyn
2019-03-26 14:32:26,2019-03-26 14:44:24,2,1.43,11.0,3.15,0.03,35.62,green,credit card,Upper West Side South,Meatpacking/West Village West,Manhattan,Manhattan
2019-03-20 14:47:20,2019-03-20 15:02:44,1,16.27,10.41,1.45,6.65,67.4,green,credit card,LaGuardia Airport,Williamsburg (North Side),Queens,Brooklyn
2019-03-02 17:53:21,2019-03-02 18:07:38,1,6.37,14.7,2.04,1.57,45.7,green,cash,LaGuardia Airport,East Village,Queens,Manhattan
2019-03-01 06:31:50,2019-03-01 06:46:56,1,1.4,4.2,4.16,0.02,10.1,green,cash,Gramercy,Bronxdale,Manhattan,Bronx
2019-03-24 08:34:53,2019-03-24 08:50:37,1,3.59,9.5,0.63,0.17,11.81,green,credit card,Midtown East,Stuyvesant Heights,Manhattan,Brooklyn
2019-03-22 21:58:18,2019-03-22 22:14:07,1,0.35,6.0,0.9,0.09,12.14,green,cash,Sutton Place/Turtle Bay North,East Tremont,Manhattan,Bronx
2019-03-07 06:04:55,2019-03-07 06:21:35,1,24.32,4.9,2.69,0.29,59.57,green,cash,Richmond Hill,Riverdale/North Riverdale/Fieldston,Queens,Bronx
2019-03-30 12:06:01,2019-03-30 12:21:27,1,0.26,14.0,3.78,0.05,50.77,green,credit card,Midtown North,Stuyvesant Heights,Manhattan,Brooklyn
2019-03-22 05:14:47,2019-03-22 05:26:55,1,0.56,2.6,1.39,0.21,10.11,green,credit card,Upper East Side North,DUMBO/Vinegar Hill,Manhattan,Brooklyn
2019-03-12 11:54:05,2019-03-12 12:07:52,1,2.95,8.0,2.74,0.16,26.3,green,cash,Midtown East,Douglaston,Manhattan,Queens
2019-03-30 00:39:45,2019-03-30 00:52:12,5,1.15,8.1,1.78,0.02,23.82,green,cash,Washington Heights South,Steinway,Manhattan,Queens
2019-03-12 14:59:08,2019-03-12 15:12:00,1,3.86,6.2,0.7,0.03,14.77,green,cash,Upper East Side North,Woodlawn/Wakefield,Manhattan,Bronx
2019-03-16 06:58:28,2019-03-16 07:12:57,1,5.33,16.7,6.28,0.3,19.72,green,credit card,Lenox Hill East,Melrose South,Manhattan,Bronx
2019-03-14 08:56:00,2019-03-14 09:09:35,1,0.57,12.69,5.85,0.05,32.0,green,credit card,Upper East Side North,Williamsbridge/Olinville,Manhattan,Bronx
2019-03-26 13:50:56,2019-03-26 14:05:28,2,0.67,5.2,3.46,0.01,20.98,green,cash,Lincoln Square East,Oakland Gardens,Manhattan,Queens
2019-03-14 04:35:11,2019-03-14 04:49:22,2,4.29,13.9,0.23,0.06,16.21,green,credit card,Yorkville East,Forest Hills,Manhattan,Queens
2019-03-26 08:55:42,2019-03-26 09:08:54,2,0.03,10.2,8.11,0.11,19.86,green,credit card,Forest Hills,Gravesend,Queens,Brooklyn
2019-03-28 23:49:00,2019-03-29 00:03:21,1,2.56,13.3,0.4,0.13,23.16,green,cash,Penn Station/Madison Sq West,Forest Hills,Manhattan,Queens
2019-03-24 15:43:38,2019-03-24 15:54:28,1,0.64,8.7,0.01,0.4,13.97,green,cash,Central Park,Inwood Hill Park,Manhattan,Manhattan
2019-03-13 04:51:10,2019-03-13 05:06:47,5,2.7,11.81,0.26,0.13,33.0,green,cash,Upper West Side South,College Point,Manhattan,Queens
2019-03-01 22:21:32,2019-03-01 22:37:40,2,3.04,7.8,2.23,0.14,11.76,green,credit card,Bushwick North,Greenwich Village North,Brooklyn,Manhattan
2019-03-14 18:35:08,2019-03-14 18:49:32,2,1.36,5.3,0.56,0.14,22.81,green,cash,Central Park,LaGuardia Airport,Manhattan,Queens
2019-03-10 10:25:38,2019-03-10 10:40:34,1,1.61,7.3,2.35,0.03,12.38,green,cash,Clinton East,South Williamsburg,Manhattan,Brooklyn
2019-03-13 05:57:53,2019-03-13 06:11:43,2,1.87,31.7,0.01,0.27,37.08,green,credit card,Little Italy/NoLiTa,Inwood Hill Park,Manhattan,Manhattan
2019-03-25 07:13:02,2019-03-25 07:26:53,1,0.89,11.1,0.29,0.01,12.18,green,credit card,Midtown North,Midtown East,Manhattan,Manhattan
2019-03-28 05:51:51,2019-03-28 06:04:55,1,5.44,7.6,1.06,0.07,14.25,green,credit card,Midtown East,World Trade Center,Manhattan,Manhattan
2019-03-09 13:47:28,2019-03-09 14:02:00,1,6.05,7.8,0.33,0.03,9.74,green,cash,Manhattan Valley,Stuyvesant Heights,Manhattan,Brooklyn
2019-03-13 20:01:47,2019-03-13 20:14:59,1,0.39,10.09,1.22,0.07,13.2,green,cash,East Chelsea,Brighton Beach,Manhattan,Brooklyn
2019-03-01 14:22:37,2019-03-01 14:40:05,2,0.25,11.91,0.15,0.18,14.9,green,credit card,Fort Greene,Eastchester,Brooklyn,Bronx
2019-03-01 15:12:22,2019-03-01 15:24:26,5,5.4,1.7,1.04,0.12,20.14,green,credit card,Midtown East,Greenwich Village North,Manhattan,Manhattan
2019-03-04 07:51:27,2019-03-04 08:06:45,6,0.74,10.9,1.56,0.05,42.2,green,cash,West Chelsea/Hudson Yards,Greenwich Village South,Manhattan,Manhattan
2019-03-06 13:56:23,2019-03-06 14:10:53,3,2.0,5.37,2.3,0.18,24.7,green,credit card,Midtown North,Manhattan Valley,Manhattan,Manhattan
2019-03-04 23:43:21,2019-03-04 23:56:37,3,4.11,8.4,0.2,0.02,8.7,green,credit card,Midtown East,Gramercy,Manhattan,Manhattan
2019-03-31 01:11:30,2019-03-31 01:25:24,2,3.39,40.81,2.95,5.73,59.7,green,cash,Elmhurst,Brooklyn Heights,Queens,Brooklyn
2019-03-29 07:50:26,2019-03-29 08:04:29,1,6.79,7.74,2.26,0.11,9.9,green,cash,Stuy Town/Peter Cooper Village,Starrett City,Manhattan,Brooklyn
2019-03-15 14:03:21,2019-03-15 14:19:34,1,1.32,7.2,0.93,0.09,19.92,green,cash,Yorkville East,Yorkville East,Manhattan,Manhattan
2019-03-27 07:41:54,2019-03-27 07:55:17,1,0.5,15.4,1.05,0.15,38.51,green,credit card,Yorkville West,Parkchester,Manhattan,Bronx
2019-03-08 20:12:37,2019-03-08 20:24:39,1,5.17,13.7,3.27,2.72,21.38,green,cash,LaGuardia Airport,Bloomingdale,Queens,Manhattan
2019-03-31 03:49:38,2019-03-31 04:05:40,0,1.84,14.45,1.01,0.11,25.7,green,cash,Midtown Center,Clinton Hill,Manhattan,Brooklyn
2019-03-19 00:06:41,2019-03-19 00:20:41,2,0.87,9.7,1.97,0.14,26.93,green,credit card,Lower East Side,Stuy Town/Peter Cooper Village,Manhattan,Manhattan
2019-03-11 06:58:22,2019-03-11 07:12:20,1,5.86,6.61,0.28,1.5,13.2,green,credit card,Stuyvesant Heights,Starrett City,Brooklyn,Brooklyn
2019-03-17 02:19:54,2019-03-17 02:35:56,2,0.0,10.6,4.03,0.16,15.4,green,cash,East Harlem North,Williamsburg (South Side),Manhattan,Brooklyn
2019-03-30 14:05:01,2019-03-30 14:20:38,1,2.99,4.2,1.11,0.31,15.71,green,cash,Times Sq/Theatre District,Washington Heights North,Manhattan,Manhattan
2019-03-08 17:21:20,2019-03-08 17:35:22,1,4.68,10.6,0.26,0.14,17.57,green,cash,Midtown East,Washington Heights North,Manhattan,Manhattan
2019-03-28 15:06:49,2019-03-28 15:17:58,1,1.77,6.7,0.31,0.02,9.15,green,credit card,Lincoln Square West,Clinton West,Manhattan,Manhattan
2019-03-15 23:26:46,2019-03-15 23:43:30,1,1.38,10.1,3.26,0.02,20.66,green,credit card,Gramercy,Clinton Hill,Manhattan,Brooklyn
2019-03-01 15:33:15,2019-03-01 15:48:24,1,1.23,7.0,1.16,0.03,10.62,green,cash,Upper East Side South,West Chelsea/Hudson Yards,Manhattan,Manhattan
2019-03-19 17:14:19,2019-03-19 17:27:01,1,19.97,8.2,4.05,0.06,24.7,green,credit card,Upper West Side South,Parkchester,Manhattan,Bronx
2019-03-07 11:15:51,2019-03-07 11:31:45,1,8.3,7.6,0.44,0.01,17.71,green,credit card,SoHo,Sheepshead Bay,Manhattan,Brooklyn
2019-03-22 09:53:32,2019-03-22 10:07:54,1,2.62,4.4,1.79,0.11,14.56,green,credit card,Lower East Side,Washington Heights South,Manhattan,Manhattan
2019-03-01 01:48:43,2019-03-01 02:02:56,1,0.32,6.6,3.78,0.08,9.12,green,cash,Washington Heights South,Ozone Park,Manhattan,Queens
2019-03-30 12:17:34,2019-03-30 12:30:11,1,0.97,7.0,1.07,0.1,11.3,green,cash,Penn Station/Madison Sq West,Upper East Side North,Manhattan,Manhattan
2019-03-04 12:18:16,2019-03-04 12:31:10,1,1.9,17.9,5.61,0.35,33.15,green,credit card,Midtown South,Woodhaven,Manhattan,Queens
2019-03-14 05:51:54,2019-03-14 06:05:14,1,0.73,10.02,1.06,0.06,11.9,green,cash,Midtown Center,Queensboro Hill,Manhattan,Queens
2019-03-19 08:02:47,2019-03-19 08:16:20,1,4.73,6.6,0.39,0.39,52.02,green,cash,Flatiron,Williamsbridge/Olinville,Manhattan,Bronx
2019-03-24 06:51:58,2019-03-24 07:04:43,6,1.32,13.1,4.58,0.01,13.6,green,credit card,Upper East Side South,Brownsville,Manhattan,Brooklyn
2019-03-15 23:36:34,2019-03-15 23:49:17,1,0.87,12.43,0.1,0.17,16.7,green,credit card,East Concourse/Concourse Village,Lenox Hill East,Bronx,Manhattan
2019-03-06 13:43:33,2019-03-06 13:56:08,1,0.5,5.1,0.29,0.36,25.98,green,credit card,Upper West Side South,Bayside,Manhattan,Queens
2019-03-08 01:35:05,2019-03-08 01:49:49,2,1.98,12.1,0.38,0.1,12.55,green,cash,Lincoln Square West,Manhattanville,Manhattan,Manhattan
2019-03-09 15:16:34,2019-03-09 15:32:13,1,1.1,2.9,0.5,0.24,18.77,green,cash,East New York,Clinton Hill,Brooklyn,Brooklyn
2019-03-21 08:42:06,2019-03-21 08:55:27,2,0.94,7.1,0.97,0.03,20.59,green,credit card,Clinton East,World Trade Center,Manhattan,Manhattan
2019-03-05 15:44:28,2019-03-05 15:59:14,1,10.44,9.9,2.24,0.04,20.28,green,credit card,Upper East Side South,Lincoln Square East,Manhattan,Manhattan
2019-03-08 08:00:25,2019-03-08 08:18:00,2,4.56,12.7,2.62,0.11,14.95,green,cash,Midtown Center,Times Sq/Theatre District,Manhattan,Manhattan
2019-02-28 19:45:54,2019-02-28 19:57:36,1,0.63,14.1,3.11,0.08,15.02,green,credit card,Midtown South,East Harlem North,Manhattan,Manhattan
2019-03-03 02:25:36,2019-03-03 02:39:45,1,1.32,6.4,3.65,0.33,8.95,green,credit card,Manhattanville,Midtown South,Manhattan,Manhattan
2019-03-09 06:54:53,2019-03-09 07:11:47,6,3.08,9.8,3.29,0.05,20.95,green,cash,Little Italy/NoLiTa,Flushing Meadows-Corona Park,Manhattan,Queens
2019-03-13 06:31:10,2019-03-13 06:43:02,1,0.15,11.56,10.46,2.36,19.0,green,cash,Astoria,Stuy Town/Peter Cooper Village,Queens,Manhattan
2019-03-24 19:20:56,2019-03-24 19:34:45,1,0.34,9.5,0.48,0.09,41.31,green,cash,Upper West Side South,Crotona Park East,Manhattan,Bronx
2019-03-09 20:31:40,2019-03-09 20:47:27,1,0.25,8.6,2.75,0.07,12.27,green,credit card,Penn Station/Madison Sq West,Elmhurst,Manhattan,Queens
2019-03-09 19:57:29,2019-03-09 20:14:56,5,2.0,5.5,1.42,0.06,7.69,green,cash,Kips Bay,College Point,Manhattan,Queens
2019-03-21 12:36:16,2019-03-21 12:51:41,2,0.11,12.3,4.65,0.4,18.78,green,cash,Greenwich Village South,Bushwick North,Manhattan,Brooklyn
2019-03-23 13:43:16,2019-03-23 13:57:58,1,2.67,12.5,2.67,0.13,15.65,green,credit card,Gramercy,North Corona,Manhattan,Queens
2019-03-05 14:27:50,2019-03-05 14:42:19,1,4.66,7.93,1.35,0.09,11.8,green,credit card,Lincoln Square East,Flushing,Manhattan,Queens
2019-03-31 18:14:38,2019-03-31 18:28:22,1,4.09,14.44,1.98,0.07,15.4,green,cash,Midtown North,Pelham Parkway,Manhattan,Bronx
2019-03-03 07:28:31,2019-03-03 07:41:17,1,0.27,14.4,1.25,0.14,31.34,green,cash,East Chelsea,Crown Heights South,Manhattan,Brooklyn
2019-03-11 23:50:38,2019-03-12 00:05:04,1,0.85,8.7,0.42,0.31,36.72,green,cash,Van Cortlandt Village,Brownsville,Bronx,Brooklyn
2019-03-03 17:17:16,2019-03-03 17:32:48,3,4.0,5.36,3.41,1.19,20.1,green,credit card,Woodside,Co-Op City,Queens,Bronx
2019-03-12 17:42:38,2019-03-12 17:58:06,1,0.9,7.78,0.5,0.05,8.4,green,credit card,East Village,Elmhurst/Maspeth,Manhattan,Queens
2019-03-21 09:32:50,2019-03-21 09:47:48,2,1.48,9.7,1.26,0.31,53.35,green,cash,Garment District,Lincoln Square East,Manhattan,Manhattan
2019-03-29 06:14:06,2019-03-29 06:29:21,1,8.1,7.3,0.21,0.19,38.02,green,credit card,West Village,Lincoln Square East,Manhattan,Manhattan
2019-03-24 02:59:16,2019-03-24 03:17:27,1,0.82,3.6,0.93,0.0,15.52,green,credit card,Garment District,Elmhurst/Maspeth,Manhattan,Queens
2019-03-20 05:03:00,2019-03-20 05:17:06,2,4.45,8.99,2.22,0.06,20.5,green,cash,Union Sq,Old Astoria,Manhattan,Queens
2019-03-30 08:50:29,2019-03-30 09:03:38,1,2.49,8.2,3.52,0.2,21.17,green,cash,SoHo,Sunset Park West,Manhattan,Brooklyn
2019-02-28 15:33:26,2019-02-28 15:49:14,1,2.89,12.1,0.17,0.5,12.28,green,cash,Downtown Brooklyn/MetroTech,Bloomingdale,Brooklyn,Manhattan
2019-03-12 08:08:57,2019-03-12 08:23:26,1,16.11,15.23,3.06,0.28,31.9,green,credit card,LaGuardia Airport,Glendale,Queens,Queens
2019-03-30 10:45:28,2019-03-30 11:00:23,5,11.13,47.5,3.7,5.43,66.33,green,cash,JFK Airport,Meatpacking/West Village West,Queens,Manhattan
2019-02-28 18:41:50,2019-02-28 18:58:05,1,2.34,23.5,2.04,0.15,35.8,green,cash,Clinton East,Stuy Town/Peter Cooper Village,Manhattan,Manhattan
2019-03-15 10:09:46,2019-03-15 10:24:45,1,6.48,30.9,1.6,5.4,50.9,green,credit card,JFK Airport,Prospect Park,Queens,Brooklyn
2019-03-26 00:35:58,2019-03-26 00:52:04,1,6.1,3.61,1.26,0.25,24.9,green,credit card,Downtown Brooklyn/MetroTech,East Concourse/Concourse Village,Brooklyn,Bronx
2019-03-14 07:32:08,2019-03-14 07:46:27,1,0.36,9.85,0.51,0.06,14.1,green,credit card,Clinton West,LaGuardia Airport,Manhattan,Queens
2019-03-01 15:03:06,2019-03-01 15:19:56,1,3.35,7.17,0.23,0.41,16.3,green,cash,Kips Bay,East Flatbush/Farragut,Manhattan,Brooklyn
2019-02-28 18:09:10,2019-02-28 18:25:22,2,0.24,2.0,0.11,0.32,11.83,green,cash,Upper East Side North,Canarsie,Manhattan,Brooklyn
2019-03-27 09:37:58,2019-03-27 09:55:06,2,0.93,7.8,1.14,0.32,20.38,green,credit card,Midtown East,East Tremont,Manhattan,Bronx
2019-03-06 12:04:51,2019-03-06 12:18:59,1,4.12,7.27,4.97,0.48,15.2,green,credit card,Sunnyside,Prospect-Lefferts Gardens,Queens,Brooklyn
2019-03-25 18:15:29,2019-03-25 18:29:31,1,9.47,41.4,0.01,0.25,53.61,green,cash,Mott Haven/Port Morris,South Ozone Park,Bronx,Queens
2019-03-18 12:33:07,2019-03-18 12:48:14,2,0.48,9.6,1.25,0.04,26.05,green,credit card,Midtown Center,East Concourse/Concourse Village,Manhattan,Bronx
2019-03-26 02:51:17,2019-03-26 03:06:40,1,1.16,13.52,0.06,0.06,13.8,green,credit card,Meatpacking/West Village West,North Corona,Manhattan,Queens
2019-03-11 11:28:56,2019-03-11 11:42:23,1,4.86,6.1,1.18,0.07,10.82,green,credit card,Murray Hill,Woodside,Manhattan,Queens
2019-03-05 07:34:53,2019-03-05 07:51:58,1,2.06,12.8,8.18,0.0,16.81,green,cash,Clinton East,Financial District South,Manhattan,Manhattan
2019-03-31 19:02:11,2019-03-31 19:13:13,1,1.89,5.6,1.16,0.48,16.81,green,cash,Yorkville West,Columbia Street,Manhattan,Brooklyn
2019-03-12 06:36:56,2019-03-12 06:51:58,1,6.15,9.8,2.69,0.13,14.17,green,credit card,Clinton West,Central Harlem North,Manhattan,Manhattan
2019-03-17 00:13:24,2019-03-17 00:28:56,2,0.51,12.6,4.64,0.09,16.74,green,cash,Upper West Side North,Financial District North,Manhattan,Manhattan
2019-03-23 14:59:06,2019-03-23 15:15:19,1,0.63,11.2,0.33,0.02,20.02,green,cash,Penn Station/Madison Sq West,West Brighton,Manhattan,Staten Island
2019-02-28 12:18:38,2019-02-28 12:31:31,1,1.82,11.2,0.59,0.12,21.16,green,credit card,Financial District South,Lincoln Square West,Manhattan,Manhattan
2019-03-28 03:51:53,2019-03-28 04:07:33,1,0.32,7.8,2.03,0.02,24.59,green,credit card,Midtown North,Marble Hill,Manhattan,Manhattan
2019-03-15 04:06:02,2019-03-15 04:19:36,1,1.22,14.86,1.61,0.03,17.9,green,cash,Kips Bay,Battery Park,Manhattan,Manhattan
2019-03-15 08:56:10,2019-03-15 09:06:19,1,5.65,5.3,0.28,0.15,19.38,green,cash,Morningside Heights,Gowanus,Manhattan,Brooklyn
2019-03-21 09:21:46,2019-03-21 09:35:56,1,0.81,5.3,0.02,0.19,16.59,green,cash,East Harlem South,Manhattan Beach,Manhattan,Brooklyn
2019-03-05 12:03:25,2019-03-05 12:19:36,2,4.14,8.8,1.16,0.0,10.03,green,credit card,Lenox Hill East,West Brighton,Manhattan,Staten Island
2019-03-28 05:37:48,2019-03-28 05:55:49,1,3.02,6.9,0.58,0.06,28.95,green,credit card,East Harlem North,Long Island City/Hunters Point,Manhattan,Queens
2019-03-03 16:38:26,2019-03-03 16:52:09,1,1.85,9.6,0.6,0.2,23.13,green,cash,Murray Hill,East Village,Manhattan,Manhattan
2019-03-06 08:26:57,2019-03-06 08:44:24,0,0.74,34.85,1.29,0.15,63.7,green,credit card,Clinton Hill,Corona,Brooklyn,Queens
2019-03-17 16:17:35,2019-03-17 16:32:00,1,0.29,7.1,0.95,0.11,11.25,green,credit card,Murray Hill,Inwood Hill Park,Manhattan,Manhattan
2019-03-02 16:11:59,2019-03-02 16:28:08,1,2.5,9.94,1.01,0.08,15.6,green,credit card,West Village,Parkchester,Manhattan,Bronx
2019-03-03 03:20:00,2019-03-03 03:35:21,1,2.51,14.09,0.32,0.09,16.6,green,cash,Upper East Side North,Bensonhurst West,Manhattan,Brooklyn
2019-03-18 22:36:00,2019-03-18 22:50:40,1,1.04,7.8,0.4,0.21,26.72,green,cash,Clinton East,Springfield Gardens South,Manhattan,Queens
2019-03-29 19:28:01,2019-03-29 19:42:55,1,0.05,3.1,2.91,0.28,8.15,green,credit card,Midtown East,Prospect-Lefferts Gardens,Manhattan,Brooklyn
2019-03-28 23:17:16,2019-03-28 23:31:42,6,0.26,3.84,2.56,0.2,8.9,green,cash,Penn Station/Madison Sq West,Red Hook,Manhattan,Brooklyn
2019-03-20 17:27:53,2019-03-20 17:41:06,1,4.07,13.2,3.48,0.03,32.25,green,cash,Midtown North,Long Island City/Queens Plaza,Manhattan,Queens
2019-03-06 01:50:01,2019-03-06 02:02:16,1,0.04,22.4,0.98,3.07,42.2,green,credit card,Astoria,College Point,Queens,Queens
2019-03-12 23:20:28,2019-03-12 23:34:16,1,0.2,11.68,3.21,0.05,20.3,green,credit card,Meatpacking/West Village West,Central Park,Manhattan,Manhattan
2019-03-19 10:14:34,2019-03-19 10:27:58,2,5.86,9.8,1.22,0.11,13.52,green,credit card,Upper West Side North,Bushwick South,Manhattan,Brooklyn
2019-03-16 01:42:13,2019-03-16 01:56:02,1,4.1,10.6,4.36,0.03,12.67,green,cash,Sutton Place/Turtle Bay North,Auburndale,Manhattan,Queens
2019-03-08 05:34:25,2019-03-08 05:51:15,1,2.75,9.2,0.38,0.09,19.3,green,cash,Midtown South,Inwood,Manhattan,Manhattan
2019-03-27 19:52:43,2019-03-27 20:07:56,1,3.42,5.6,0.36,0.06,19.07,green,credit card,Meatpacking/West Village West,Hillcrest/Pomonok,Manhattan,Queens
2019-03-26 10:28:42,2019-03-26 10:43:32,0,3.82,16.23,1.71,0.05,29.3,green,credit card,Midtown North,Cobble Hill,Manhattan,Brooklyn
2019-03-12 10:26:12,2019-03-12 10:39:42,1,8.2,41.8,0.05,1.53,52.47,green,cash,Long Island City/Queens Plaza,Astoria,Queens,Queens
2019-03-21 00:07:27,2019-03-21 00:22:55,1,0.65,9.2,3.15,0.09,18.03,green,credit card,Upper East Side South,Bloomingdale,Manhattan,Manhattan
2019-03-13 12:02:24,2019-03-13 12:17:55,1,0.72,11.1,2.99,0.0,20.0,green,credit card,Lenox Hill West,Midwood,Manhattan,Brooklyn
2019-03-05 16:57:03,2019-03-05 17:12:35,1,2.57,8.9,0.09,0.25,14.42,green,cash,Bensonhurst East,Murray Hill,Brooklyn,Manhattan
2019-03-19 22:17:12,2019-03-19 22:31:40,1,0.13,6.9,1.42,0.04,14.86,green,cash,Clinton East,Park Slope,Manhattan,Brooklyn
2019-03-25 04:57:56,2019-03-25 05:14:24,1,1.07,7.25,1.23,0.05,12.6,green,cash,Upper East Side South,Midwood,Manhattan,Brooklyn
2019-03-09 22:51:13,2019-03-09 23:05:02,1,3.32,5.5,1.31,0.04,25.14,green,credit card,East Village,Carroll Gardens,Manhattan,Brooklyn
2019-03-25 10:08:38,2019-03-25 10:23:57,1,0.58,7.5,0.54,0.13,11.63,green,cash,Murray Hill,Belmont,Manhattan,Bronx
2019-03-27 11:21:34,2019-03-27 11:36:13,2,0.15,4.0,1.47,0.09,20.61,green,cash,Penn Station/Madison Sq West,Clinton East,Manhattan,Manhattan
2019-03-15 05:26:50,2019-03-15 05:40:21,1,1.35,7.83,5.8,0.02,19.67,green,credit card,Midtown Center,Clinton West,Manhattan,Manhattan
2019-03-14 11:31:22,2019-03-14 11:47:03,1,1.02,8.4,0.98,0.19,16.75,green,credit card,Upper East Side South,Elmhurst/Maspeth,Manhattan,Queens
2019-03-13 18:29:59,2019-03-13 18:43:22,1,1.55,12.3,5.23,0.15,30.68,green,cash,Times Sq/Theatre District,Ocean Hill,Manhattan,Brooklyn
2019-03-29 14:12:28,2019-03-29 14:24:29,1,0.51,10.8,0.15,0.3,14.09,green,cash,World Trade Center,Stapleton,Manhattan,Staten Island
2019-03-22 17:52:38,2019-03-22 18:05:50,2,14.02,11.21,0.42,3.14,37.3,green,cash,JFK Airport,Alphabet City,Queens,Manhattan
2019-03-28 12:11:20,2019-03-28 12:25:28,1,5.41,7.4,4.0,0.07,14.45,green,credit card,Central Park,Randalls Island,Manhattan,Manhattan
2019-03-29 12:37:44,2019-03-29 12:51:24,1,1.11,12.6,2.76,0.29,28.33,green,credit card,Union Sq,Woodlawn/Wakefield,Manhattan,Bronx
2019-03-04 10:25:16,2019-03-04 10:41:28,1,3.2,7.7,4.23,0.03,13.32,green,cash,Gramercy,Financial District South,Manhattan,Manhattan
2019-03-05 21:23:53,2019-03-05 21:40:03,1,2.36,13.51,1.17,0.03,24.6,green,credit card,TriBeCa/Civic Center,North Corona,Manhattan,Queens
2019-03-21 09:10:47,2019-03-21 09:22:56,1,0.76,8.62,0.09,0.24,13.3,green,credit card,West Village,Ozone Park,Manhattan,Queens
2019-03-14 09:00:06,2019-03-14 09:15:18,1,1.15,14.6,1.15,0.24,29.71,green,cash,East Harlem South,Bensonhurst East,Manhattan,Brooklyn
2019-03-19 14:34:13,2019-03-19 14:48:56,1,9.1,8.53,0.32,0.04,9.6,green,cash,Flatiron,Westchester Village/Unionport,Manhattan,Bronx
2019-03-22 19:48:50,2019-03-22 20:01:44,2,5.35,6.3,1.36,0.02,14.7,green,cash,Yorkville West,Chinatown,Manhattan,Manhattan
2019-03-25 18:46:48,2019-03-25 19:02:23,1,0.66,6.2,1.54,0.03,17.92,green,credit card,Lincoln Square East,Starrett City,Manhattan,Brooklyn
2019-03-02 23:00:36,2019-03-02 23:16:01,1,10.55,18.8,0.27,0.93,33.72,green,cash,Saint Albans,Bedford,Queens,Brooklyn
2019-03-01 08:33:16,2019-03-01 08:48:41,0,0.51,6.46,6.2,0.11,13.22,green,cash,Lenox Hill West,Soundview/Castle Hill,Manhattan,Bronx
2019-03-10 17:33:40,2019-03-10 17:49:14,2,1.16,8.0,3.46,0.11,16.56,green,credit card,TriBeCa/Civic Center,Springfield Gardens South,Manhattan,Queens
2019-03-15 11:57:47,2019-03-15 12:13:13,3,0.22,11.6,3.84,0.2,12.23,green,credit card,Flatiron,Jackson Heights,Manhattan,Queens
2019-03-04 02:06:48,2019-03-04 02:19:40,1,1.0,9.1,5.63,0.14,14.34,green,credit card,Lenox Hill West,Greenwich Village North,Manhattan,Manhattan
2019-03-03 11:56:28,2019-03-03 12:09:57,1,6.79,7.36,3.69,0.04,10.4,green,cash,Clinton East,Ridgewood,Manhattan,Queens
2019-03-17 08:40:45,2019-03-17 08:54:17,1,0.3,15.9,0.43,0.19,15.91,green,cash,Williamsburg (North Side),Van Nest/Morris Park,Brooklyn,Bronx
2019-03-02 07:31:09,2019-03-02 07:46:19,1,0.2,6.47,0.32,0.23,16.0,green,credit card,Clinton West,Times Sq/Theatre District,Manhattan,Manhattan
2019-03-15 08:54:36,2019-03-15 09:07:08,1,2.38,18.9,2.0,0.22,25.62,green,credit card,Clinton East,LaGuardia Airport,Manhattan,Queens
2019-03-20 19:08:05,2019-03-20 19:20:09,3,3.91,7.2,0.58,0.32,18.11,green,cash,UN/Turtle Bay South,Dyker Heights,Manhattan,Brooklyn
2019-03-16 20:48:04,2019-03-16 21:03:52,1,1.3,9.9,0.36,0.0,10.76,green,credit card,Fort Greene,Greenwich Village North,Brooklyn,Manhattan
2019-03-26 16:11:13,2019-03-26 16:23:16,3,1.1,4.45,3.42,0.01,25.7,green,credit card,Upper East Side South,Bensonhurst West,Manhattan,Brooklyn
2019-03-06 20:36:48,2019-03-06 20:51:29,1,0.13,5.45,0.49,0.03,8.0,green,cash,Downtown Brooklyn/MetroTech,Brownsville,Brooklyn,Brooklyn
2019-03-11 03:56:42,2019-03-11 04:09:40,2,10.6,4.2,1.5,0.01,20.61,green,cash,Lenox Hill West,Hunts Point,Manhattan,Bronx
2019-03-03 13:21:38,2019-03-03 13:37:08,1,1.02,3.8,0.77,0.19,10.83,green,cash,Lower East Side,Canarsie,Manhattan,Brooklyn
2019-03-11 02:12:17,2019-03-11 02:27:33,1,0.2,8.2,1.52,0.02,16.25,green,credit card,East Harlem South,Sutton Place/Turtle Bay North,Manhattan,Manhattan
2019-03-16 05:47:30,2019-03-16 06:02:47,1,3.82,11.39,0.41,0.18,12.5,green,cash,Midtown East,Chinatown,Manhattan,Manhattan
2019-03-01 18:55:51,2019-03-01 19:09:01,1,0.03,17.3,1.06,0.14,24.1,green,cash,Yorkville East,Kingsbridge Heights,Manhattan,Bronx
2019-03-17 13:37:55,2019-03-17 13:51:15,1,0.5,9.7,0.15,0.17,21.73,green,credit card,West Chelsea/Hudson Yards,Norwood,Manhattan,Bronx
2019-03-26 18:04:28,2019-03-26 18:18:07,1,1.42,10.4,2.03,0.11,10.48,green,credit card,Central Harlem,Baisley Park,Manhattan,Queens
2019-03-31 08:36:57,2019-03-31 08:51:11,5,7.96,10.88,0.13,0.0,13.9,green,cash,Sutton Place/Turtle Bay North,East Flatbush/Remsen Village,Manhattan,Brooklyn
2019-03-12 04:20:42,2019-03-12 04:33:34,1,0.55,11.6,0.08,0.03,14.84,green,cash,East Harlem South,Flatiron,Manhattan,Manhattan
2019-03-05 06:33:59,2019-03-05 06:48:02,1,2.85,16.6,1.52,0.11,16.74,green,cash,TriBeCa/Civic Center,Crotona Park East,Manhattan,Bronx
2019-03-24 10:23:39,2019-03-24 10:38:40,1,1.97,6.6,1.7,0.24,10.47,green,credit card,Garment District,Gravesend,Manhattan,Brooklyn
2019-03-04 22:42:43,2019-03-04 22:58:51,2,16.35,4.8,0.27,1.63,20.61,green,credit card,Rosedale,Long Island City/Queens Plaza,Queens,Queens
2019-03-18 17:07:22,2019-03-18 17:23:11,4,5.23,15.3,1.53,0.37,20.39,green,cash,Yorkville East,Homecrest,Manhattan,Brooklyn
2019-03-31 20:16:56,2019-03-31 20:33:10,1,1.44,7.5,0.21,0.16,13.76,green,credit card,Midtown East,Little Italy/NoLiTa,Manhattan,Manhattan
2019-03-13 22:29:45,2019-03-13 22:43:41,1,3.33,11.2,0.45,0.18,15.53,green,credit card,Upper West Side North,Inwood Hill Park,Manhattan,Manhattan
2019-03-03 06:21:16,2019-03-03 06:36:28,5,6.93,9.1,1.96,6.54,121.93,green,credit card,LaGuardia Airport,Bay Ridge,Queens,Brooklyn
2019-03-29 18:11:30,2019-03-29 18:28:46,2,1.39,9.3,0.4,0.04,17.85,green,cash,Clinton East,Queensbridge/Ravenswood,Manhattan,Queens
2019-02-28 20:41:13,2019-02-28 20:56:01,1,3.4,13.16,0.33,3.17,31.0,green,cash,JFK Airport,Cypress Hills,Queens,Brooklyn
2019-03-19 07:24:21,2019-03-19 07:37:59,1,0.07,7.6,3.41,0.25,10.8,green,credit card,Penn Station/Madison Sq West,Glendale,Manhattan,Queens
2019-03-13 15:26:06,2019-03-13 15:40:59,1,14.47,6.1,2.23,0.22,15.9,green,cash,Garment District,Bayside,Manhattan,Queens
2019-03-16 03:09:23,2019-03-16 03:22:30,6,1.96,16.7,0.07,0.11,21.36,green,cash,Lincoln Square East,Central Harlem,Manhattan,Manhattan
2019-03-15 02:13:51,2019-03-15 02:28:48,1,1.05,11.26,1.73,0.28,11.5,green,credit card,East Village,East Flatbush/Farragut,Manhattan,Brooklyn
2019-03-19 01:32:43,2019-03-19 01:47:52,1,2.81,9.3,5.4,0.04,16.97,green,credit card,Clinton East,University Heights/Morris Heights,Manhattan,Bronx
2019-03-18 04:29:41,2019-03-18 04:42:11,1,7.53,5.25,0.09,0.23,40.9,green,credit card,Fort Greene,College Point,Brooklyn,Queens
2019-03-31 23:56:18,2019-04-01 00:10:24,1,1.37,10.3,0.99,0.11,10.91,green,cash,Little Italy/NoLiTa,Upper West Side South,Manhattan,Manhattan
2019-03-04 13:34:43,2019-03-04 13:49:05,1,0.95,4.8,0.33,0.25,14.83,green,cash,Upper East Side South,Whitestone,Manhattan,Queens
2019-03-15 10:20:57,2019-03-15 10:35:51,1,0.22,7.63,0.24,0.17,12.0,green,credit card,Midtown East,Kingsbridge Heights,Manhattan,Bronx
2019-03-28 21:59:44,2019-03-28 22:15:18,1,11.01,10.47,5.03,2.11,20.2,green,credit card,LaGuardia Airport,Sunset Park West,Queens,Brooklyn
2019-03-21 06:47:06,2019-03-21 07:01:13,1,2.03,6.0,0.57,0.25,12.05,green,cash,Hudson Sq,Madison,Manhattan,Brooklyn
2019-03-07 22:14:18,2019-03-07 22:28:59,1,1.03,8.2,0.0,0.03,9.38,green,credit card,Lenox Hill West,Bensonhurst West,Manhattan,Brooklyn
2019-03-02 13:56:21,2019-03-02 14:07:41,1,2.0,29.2,0.37,0.86,52.21,green,credit card,Woodside,Mount Hope,Queens,Bronx
2019-03-22 09:44:27,2019-03-22 10:01:52,1,0.79,5.6,1.09,0.02,19.85,green,credit card,Battery Park City,Auburndale,Manhattan,Queens
2019-03-10 23:20:06,2019-03-10 23:32:47,3,4.75,12.7,4.36,0.04,17.05,green,cash,Clinton West,Baisley Park,Manhattan,Queens
2019-02-28 23:53:05,2019-03-01 00:08:35,1,7.6,4.9,0.49,0.14,10.21,green,cash,Park Slope,South Williamsburg,Brooklyn,Brooklyn
2019-03-12 09:47:29,2019-03-12 10:03:52,1,3.21,8.35,3.15,0.08,16.4,green,credit card,SoHo,Williamsburg (North Side),Manhattan,Brooklyn
2019-03-01 19:19:54,2019-03-01 19:34:15,2,3.56,10.4,0.71,0.19,14.31,green,cash,East Village,Penn Station/Madison Sq West,Manhattan,Manhattan
2019-03-19 01:50:29,2019-03-19 02:03:44,1,0.3,4.2,1.37,0.37,33.72,green,cash,Midtown Center,Maspeth,Manhattan,Queens
2019-03-05 15:14:01,2019-03-05 15:27:03,2,1.67,7.6,0.75,0.05,18.27,green,credit card,Gramercy,Yorkville East,Manhattan,Manhattan
2019-03-13 00:55:01,2019-03-13 01:09:22,4,2.7,11.2,5.01,0.3,17.88,green,credit card,Upper East Side North,Chinatown,Manhattan,Manhattan
2019-03-30 21:51:10,2019-03-30 22:04:54,1,2.35,10.2,9.91,0.29,12.98,green,cash,Lenox Hill East,University Heights/Morris Heights,Manhattan,Bronx
2019-03-23 15:00:50,2019-03-23 15:17:11,6,0.01,18.4,0.6,0.06,31.36,green,cash,Morningside Heights,Flushing Meadows-Corona Park,Manhattan,Queens
2019-03-01 15:05:36,2019-03-01 15:21:54,2,3.08,6.1,0.27,0.01,16.09,green,cash,Midtown South,Co-Op City,Manhattan,Bronx
2019-03-27 21:42:52,2019-03-27 21:56:28,1,0.88,4.6,0.16,0.06,7.29,green,credit card,Garment District,Bensonhurst East,Manhattan,Brooklyn
2019-03-10 12:02:04,2019-03-10 12:17:34,1,6.89,13.3,0.81,0.02,14.21,green,credit card,Penn Station/Madison Sq West,East Flatbush/Farragut,Manhattan,Brooklyn
2019-03-30 06:12:20,2019-03-30 06:25:18,1,0.67,3.9,1.13,0.31,27.77,green,cash,Hudson Sq,Ozone Park,Manhattan,Queens
2019-03-23 02:29:39,2019-03-23 02:43:26,4,8.87,6.2,2.83,0.15,21.7,green,credit card,Upper East Side North,Midtown Center,Manhattan,Manhattan
2019-03-06 01:07:25,2019-03-06 01:21:18,2,1.7,4.54,3.02,0.14,13.7,green,credit card,Midtown Center,Oakland Gardens,Manhattan,Queens
2019-03-09 00:44:12,2019-03-09 00:55:50,1,0.34,27.7,2.39,0.1,36.44,green,cash,Yorkville West,Woodlawn/Wakefield,Manhattan,Bronx
2019-03-27 04:14:44,2019-03-27 04:30:26,1,0.16,10.9,1.92,0.03,16.91,green,cash,Penn Station/Madison Sq West,Windsor Terrace,Manhattan,Brooklyn
2019-03-26 12:50:31,2019-03-26 13:04:04,1,1.4,7.7,0.23,0.16,8.75,green,cash,Central Park,LaGuardia Airport,Manhattan,Queens
2019-03-03 12:30:57,2019-03-03 12:46:45,1,4.97,9.3,0.71,0.63,21.9,green,credit card,Cobble Hill,East Village,Brooklyn,Manhattan
2019-03-22 08:06:09,2019-03-22 08:20:10,1,0.35,3.5,1.74,0.13,12.45,green,cash,Boerum Hill,Upper East Side South,Brooklyn,Manhattan
2019-03-24 17:41:44,2019-03-24 17:57:06,1,1.27,9.75,8.72,0.03,9.9,green,cash,Union Sq,Williamsburg (South Side),Manhattan,Brooklyn
2019-03-22 16:20:53,2019-03-22 16:33:24,4,4.08,10.0,2.32,0.05,14.19,green,credit card,Upper East Side North,Co-Op City,Manhattan,Bronx
2019-03-06 20:47:24,2019-03-06 21:02:42,1,0.03,10.67,6.44,0.17,18.6,green,credit card,Clinton West,East Flushing,Manhattan,Queens
2019-03-16 21:53:21,2019-03-16 22:07:42,2,0.03,4.19,3.7,0.06,8.2,green,credit card,Midtown Center,Alphabet City,Manhattan,Manhattan
2019-03-11 11:38:37,2019-03-11 11:53:48,1,0.11,14.0,1.25,0.2,17.09,green,cash,Upper East Side North,Garment District,Manhattan,Manhattan
2019-03-01 10:55:44,2019-03-01 11:10:18,1,2.37,10.9,0.16,0.47,14.38,green,cash,Little Italy/NoLiTa,East Harlem North,Manhattan,Manhattan
2019-03-20 12:43:38,2019-03-20 12:57:56,1,3.3,13.0,0.08,0.06,16.89,green,credit card,Midtown East,Times Sq/Theatre District,Manhattan,Manhattan
2019-03-27 01:25:31,2019-03-27 01:42:21,1,0.59,7.0,0.69,0.1,21.42,green,credit card,Upper East Side North,Gravesend,Manhattan,Brooklyn
2019-03-17 12:57:31,2019-03-17 13:10:02,1,2.03,6.94,1.2,0.03,18.6,green,cash,Greenwich Village South,Boerum Hill,Manhattan,Brooklyn
2019-03-31 19:27:56,2019-03-31 19:40:09,1,0.8,8.4,1.56,0.29,13.96,green,credit card,Lenox Hill West,Battery Park,Manhattan,Manhattan
2019-03-30 19:04:07,2019-03-30 19:19:04,5,6.68,19.9,0.34,0.03,23.86,green,credit card,Bloomingdale,Seaport,Manhattan,Manhattan
2019-03-10 01:28:36,2019-03-10 01:43:43,5,2.53,10.5,1.13,0.21,27.26,green,credit card,Lenox Hill West,Flushing,Manhattan,Queens
2019-03-12 03:56:40,2019-03-12 04:10:49,2,0.86,18.1,2.1,0.15,29.59,green,cash,Kips Bay,Bay Ridge,Manhattan,Brooklyn
2019-03-12 10:12:58,2019-03-12 10:26:25,1,1.41,6.9,0.35,0.05,15.65,green,cash,West Village,Pelham Parkway,Manhattan,Bronx
2019-03-10 18:22:25,2019-03-10 18:36:13,1,2.19,7.6,1.33,0.05,11.18,green,credit card,Yorkville West,Madison,Manhattan,Brooklyn
2019-03-05 17:09:02,2019-03-05 17:24:08,1,0.66,10.29,0.84,0.6,20.3,green,cash,Downtown Brooklyn/MetroTech,South Jamaica,Brooklyn,Queens
2019-03-19 16:45:12,2019-03-19 16:59:44,1,0.66,13.3,0.94,0.23,13.51,green,cash,West Chelsea/Hudson Yards,Crotona Park East,Manhattan,Bronx
2019-03-30 10:53:01,2019-03-30 11:03:28,1,1.5,9.5,3.38,0.08,15.78,green,credit card,Midtown Center,Steinway,Manhattan,Queens
2019-03-18 22:35:46,2019-03-18 22:47:16,1,3.38,10.8,2.51,0.05,15.18,green,credit card,Penn Station/Madison Sq West,Columbia Street,Manhattan,Brooklyn
2019-03-22 02:45:29,2019-03-22 02:59:36,1,3.69,13.4,2.59,0.19,14.69,green,cash,East Village,Lower East Side,Manhattan,Manhattan
2019-03-27 11:19:08,2019-03-27 11:33:47,1,0.41,9.1,1.34,0.5,12.94,green,cash,Financial District South,Stuy Town/Peter Cooper Village,Manhattan,Manhattan
2019-03-15 23:34:51,2019-03-15 23:47:20,2,0.74,15.78,1.29,0.24,24.4,green,cash,West Village,Springfield Gardens South,Manhattan,Queens
2019-03-16 18:27:09,2019-03-16 18:39:24,1,1.2,7.04,0.03,2.14,13.0,green,credit card,East Concourse/Concourse Village,Glendale,Bronx,Queens
2019-03-21 07:00:49,2019-03-21 07:14:44,1,2.84,18.81,0.28,0.29,28.1,green,credit card,Crown Heights North,East Chelsea,Brooklyn,Manhattan
2019-03-29 11:29:41,2019-03-29 11:46:17,1,0.12,6.71,0.04,0.13,19.6,green,cash,East Village,Crotona Park East,Manhattan,Bronx
2019-03-27 15:09:42,2019-03-27 15:25:36,2,1.17,3.7,2.4,0.01,7.56,green,credit card,Union Sq,Inwood Hill Park,Manhattan,Manhattan
2019-03-03 00:21:36,2019-03-03 00:35:44,1,0.08,12.8,1.25,0.06,15.09,green,credit card,Washington Heights South,Glendale,Manhattan,Queens
2019-03-02 20:34:59,2019-03-02 20:48:38,1,1.61,2.9,1.34,0.1,15.85,green,credit card,Kips Bay,JFK Airport,Manhattan,Queens
2019-03-05 23:47:00,2019-03-06 00:00:20,3,0.61,10.5,1.42,0.09,19.57,green,cash,Lincoln Square East,Bronxdale,Manhattan,Bronx
2019-03-11 23:53:54,2019-03-12 00:09:47,1,0.91,6.5,0.01,0.04,13.0,green,cash,Yorkville East,West Brighton,Manhattan,Staten Island
2019-03-07 12:11:00,2019-03-07 12:23:44,1,4.11,11.46,2.69,0.04,17.7,green,credit card,Greenwich Village North,Richmond Hill,Manhattan,Queens
2019-03-17 16:15:11,2019-03-17 16:30:37,1,2.04,8.0,4.1,3.65,37.08,green,cash,LaGuardia Airport,Van Cortlandt Village,Queens,Bronx
2019-03-24 04:21:18,2019-03-24 04:35:04,2,1.12,6.2,2.09,0.45,13.84,green,cash,Flatiron,Kew Gardens Hills,Manhattan,Queens
2019-03-25 11:52:47,2019-03-25 12:07:56,1,0.23,11.7,1.73,0.0,15.49,green,credit card,East Harlem North,Bushwick North,Manhattan,Brooklyn
2019-03-04 17:27:28,2019-03-04 17:43:17,1,1.23,14.74,1.18,0.03,15.4,green,credit card,East Village,Lenox Hill East,Manhattan,Manhattan
2019-03-28 10:26:21,2019-03-28 10:41:07,1,1.47,11.3,0.11,0.3,12.7,green,credit card,Downtown Brooklyn/MetroTech,Midtown Center,Brooklyn,Manhattan
2019-03-01 20:47:21,2019-03-01 21:01:57,1,1.12,6.6,0.34,0.11,6.67,green,cash,Central Park,East Flatbush/Farragut,Manhattan,Brooklyn
2019-03-26 23:45:23,2019-03-27 00:00:17,1,1.24,5.9,4.3,0.09,23.58,green,cash,Lincoln Square West,Bronxdale,Manhattan,Bronx
2019-03-21 11:25:56,2019-03-21 11:39:24,1,15.21,13.75,1.07,0.1,18.3,green,credit card,East Flushing,Van Nest/Morris Park,Queens,Bronx
2019-03-03 12:59:12,2019-03-03 13:15:11,2,0.87,12.6,1.12,6.6,61.8,green,credit card,Rosedale,Williamsburg (South Side),Queens,Brooklyn
2019-03-02 12:23:26,2019-03-02 12:36:29,1,9.26,8.3,0.52,0.16,11.34,green,cash,Union Sq,Woodlawn/Wakefield,Manhattan,Bronx
2019-03-15 23:41:56,2019-03-15 23:57:19,3,2.4,12.8,5.99,0.04,14.65,green,credit card,Bloomingdale,Upper West Side North,Manhattan,Manhattan
2019-03-15 20:43:41,2019-03-15 20:56:52,1,0.15,8.4,0.46,0.06,26.9,green,credit card,Upper East Side North,East Chelsea,Manhattan,Manhattan
2019-03-08 21:15:30,2019-03-08 21:27:49,1,2.58,10.2,5.29,0.0,12.94,green,credit card,Manhattan Valley,Morningside Heights,Manhattan,Manhattan
2019-03-12 16:20:18,2019-03-12 16:32:02,3,3.7,1.6,1.05,0.08,20.4,green,cash,Upper East Side South,Ridgewood,Manhattan,Queens
2019-03-19 04:47:06,2019-03-19 05:02:51,1,0.67,5.6,1.73,0.51,22.62,green,cash,Old Astoria,Manhattan Beach,Queens,Brooklyn
2019-03-28 12:31:03,2019-03-28 12:45:46,1,4.3,9.4,1.06,0.01,24.89,green,credit card,Hudson Sq,Manhattan Valley,Manhattan,Manhattan
2019-03-13 13:23:57,2019-03-13 13:37:21,1,1.43,12.2,0.47,0.07,27.42,green,cash,Little Italy/NoLiTa,West Concourse,Manhattan,Bronx
2019-03-05 00:06:20,2019-03-05 00:20:27,1,2.59,3.81,2.45,0.17,5.3,green,cash,Fort Greene,Williamsburg (North Side),Brooklyn,Brooklyn
2019-03-24 08:16:23,2019-03-24 08:30:15,1,13.4,3.5,1.46,0.15,5.63,green,credit card,East Flatbush/Remsen Village,Lower East Side,Brooklyn,Manhattan
2019-03-05 02:03:13,2019-03-05 02:15:46,1,3.4,12.9,1.26,0.1,19.9,green,credit card,Clinton East,Woodhaven,Manhattan,Queens
2019-03-08 16:24:51,2019-03-08 16:41:01,1,5.68,8.2,1.57,0.12,18.13,green,cash,Upper West Side South,Financial District North,Manhattan,Manhattan
2019-03-07 15:35:07,2019-03-07 15:47:37,1,2.36,11.2,1.26,0.05,41.6,green,cash,Garment District,Ocean Hill,Manhattan,Brooklyn
2019-03-19 19:36:48,2019-03-19 19:50:14,1,0.46,7.3,0.9,0.13,20.2,green,cash,Upper West Side South,Eastchester,Manhattan,Bronx
2019-03-31 08:16:25,2019-03-31 08:32:11,2,0.75,5.0,1.33,0.05,9.76,green,credit card,Midtown South,Soundview/Castle Hill,Manhattan,Bronx
2019-03-15 02:41:58,2019-03-15 02:56:52,1,0.98,11.3,1.2,0.01,11.99,green,credit card,Midtown Center,Queensbridge/Ravenswood,Manhattan,Queens
2019-03-08 06:19:00,2019-03-08 06:35:01,1,6.0,3.4,2.19,3.38,53.05,green,cash,LaGuardia Airport,Bensonhurst East,Queens,Brooklyn
2019-03-24 03:53:52,2019-03-24 04:07:32,1,3.27,7.04,0.96,0.01,16.1,green,credit card,Greenwich Village North,Norwood,Manhattan,Bronx
2019-03-31 05:10:21,2019-03-31 05:26:55,1,4.32,11.27,0.04,0.12,11.5,green,credit card,Central Harlem North,Clinton West,Manhattan,Manhattan
2019-03-15 04:41:07,2019-03-15 04:56:33,1,0.18,4.3,1.21,0.14,16.76,green,cash,Yorkville East,Jamaica Estates,Manhattan,Queens
2019-03-05 06:47:30,2019-03-05 07:01:37,1,4.2,8.8,0.63,0.26,10.82,green,cash,Penn Station/Madison Sq West,Bensonhurst East,Manhattan,Brooklyn
2019-03-16 11:35:38,2019-03-16 11:49:51,5,0.22,4.4,1.89,0.07,16.61,green,cash,East Chelsea,West Brighton,Manhattan,Staten Island
2019-03-06 00:53:13,2019-03-06 01:10:01,1,0.84,12.68,3.47,0.08,30.1,green,credit card,Upper West Side South,Hunts Point,Manhattan,Bronx
2019-03-20 21:21:49,2019-03-20 21:37:15,6,1.74,11.9,1.03,0.14,14.41,green,cash,Flatiron,East Harlem South,Manhattan,Manhattan
2019-03-29 02:59:24,2019-03-29 03:11:17,1,1.16,11.8,3.81,0.07,12.13,green,cash,Lenox Hill West,Clinton East,Manhattan,Manhattan
2019-03-23 00:07:16,2019-03-23 00:20:01,5,2.3,17.61,0.27,0.09,25.5,green,credit card,Coney Island,Madison,Brooklyn,Brooklyn
2019-03-15 05:59:13,2019-03-15 06:15:14,1,6.38,10.0,2.51,0.02,31.42,green,credit card,Garment District,Whitestone,Manhattan,Queens
2019-03-22 09:41:08,2019-03-22 09:57:08,1,2.0,4.7,0.15,0.12,11.82,green,credit card,Upper East Side South,Manhattanville,Manhattan,Manhattan
2019-03-26 04:39:27,2019-03-26 04:52:46,2,0.28,12.77,2.4,0.02,14.1,green,cash,Midtown North,Forest Hills,Manhattan,Queens
2019-03-11 21:30:51,2019-03-11 21:46:26,0,2.85,9.3,0.25,0.07,18.31,green,cash,Upper West Side South,Murray Hill,Manhattan,Manhattan
2019-03-23 07:31:14,2019-03-23 07:44:40,2,0.67,9.0,0.32,0.04,36.05,green,credit card,Central Park,Gravesend,Manhattan,Brooklyn
2019-03-23 15:18:07,2019-03-23 15:34:00,1,0.94,4.8,1.49,0.02,18.41,green,credit card,Union Sq,Bath Beach,Manhattan,Brooklyn
2019-03-18 15:49:51,2019-03-18 16:02:31,1,5.15,12.44,1.02,0.05,16.8,green,cash,Fort Greene,Inwood,Brooklyn,Manhattan
2019-03-25 23:41:39,2019-03-25 23:56:50,1,5.5,10.2,0.88,0.1,10.82,green,credit card,Lower East Side,Bloomingdale,Manhattan,Manhattan
2019-03-11 14:17:53,2019-03-11 14:33:17,0,5.05,15.5,1.07,0.38,40.74,green,credit card,Garment District,Crown Heights South,Manhattan,Brooklyn
2019-03-02 05:54:17,2019-03-02 06:09:39,1,6.44,8.0,0.95,0.17,21.01,green,cash,Yorkville East,Bronxdale,Manhattan,Bronx
2019-03-04 15:26:22,2019-03-04 15:41:22,1,0.19,4.2,1.97,0.28,21.2,green,cash,Upper West Side South,Lincoln Square East,Manhattan,Manhattan
2019-03-04 15:43:50,2019-03-04 15:58:37,2,2.14,12.3,3.75,0.02,14.06,green,cash,Penn Station/Madison Sq West,Inwood,Manhattan,Manhattan
2019-03-19 08:50:44,2019-03-19 09:07:05,1,2.22,7.8,0.58,0.09,17.36,green,credit card,Upper West Side South,East Harlem North,Manhattan,Manhattan
2019-03-14 21:58:53,2019-03-14 22:12:36,1,1.94,8.88,0.23,0.05,18.7,green,cash,Greenwich Village North,South Williamsburg,Manhattan,Brooklyn
2019-03-24 19:50:27,2019-03-24 20:04:35,1,7.37,9.2,1.36,0.05,24.05,green,cash,Midtown Center,Richmond Hill,Manhattan,Queens
2019-03-17 04:37:43,2019-03-17 04:50:02,1,0.62,4.4,4.06,0.3,8.47,green,credit card,East Chelsea,Washington Heights North,Manhattan,Manhattan
2019-03-08 22:33:55,2019-03-08 22:45:33,1,0.04,13.5,0.41,0.0,13.88,green,credit card,Upper West Side South,Flatlands,Manhattan,Brooklyn
2019-03-09 07:07:29,2019-03-09 07:21:49,1,3.55,10.5,0.24,0.15,27.35,green,cash,Midtown Center,Spuyten Duyvil/Kingsbridge,Manhattan,Bronx
2019-03-02 08:59:35,2019-03-02 09:12:45,1,1.13,11.0,0.78,0.39,18.13,green,cash,Midtown South,Hillcrest/Pomonok,Manhattan,Queens
2019-03-14 09:15:47,2019-03-14 09:30:57,2,7.33,11.12,0.01,0.52,14.1,green,cash,Crown Heights South,Red Hook,Brooklyn,Brooklyn
2019-03-10 18:24:20,2019-03-10 18:40:33,1,4.32,18.0,0.48,0.45,23.53,green,credit card,Times Sq/Theatre District,Elmhurst/Maspeth,Manhattan,Queens
2019-03-19 07:01:41,2019-03-19 07:16:01,2,3.45,6.1,2.5,0.01,21.11,green,credit card,Times Sq/Theatre District,Williamsburg (North Side),Manhattan,Brooklyn
2019-03-10 18:53:10,2019-03-10 19:08:33,1,1.01,12.04,1.28,0.22,14.2,green,cash,Battery Park City,Gravesend,Manhattan,Brooklyn
2019-03-17 20:37:54,2019-03-17 20:51:50,1,5.47,9.59,5.37,0.17,10.7,green,credit card,East Harlem North,Financial District North,Manhattan,Manhattan
2019-03-25 21:52:26,2019-03-25 22:07:31,1,18.87,16.38,1.97,0.01,38.1,green,credit card,JFK Airport,Flatlands,Queens,Brooklyn
2019-03-12 16:08:12,2019-03-12 16:22:47,1,10.77,9.5,0.73,0.13,10.0,green,credit card,UN/Turtle Bay South,Borough Park,Manhattan,Brooklyn
2019-03-05 02:22:49,2019-03-05 02:37:16,1,0.15,7.23,7.3,2.35,14.8,green,cash,Astoria,Fresh Meadows,Queens,Queens
2019-03-10 22:58:58,2019-03-10 23:11:18,1,2.24,5.9,0.14,0.09,12.06,green,cash,Penn Station/Madison Sq West,University Heights/Morris Heights,Manhattan,Bronx
2019-03-14 09:32:06,2019-03-14 09:45:53,1,3.62,9.76,0.98,0.59,23.4,green,credit card,Lincoln Square West,Rosedale,Manhattan,Queens
2019-03-19 05:28:19,2019-03-19 05:42:11,1,0.29,4.94,0.17,0.28,10.1,green,cash,Midtown South,Highbridge,Manhattan,Bronx
2019-03-31 14:17:31,2019-03-31 14:32:14,1,1.85,8.7,4.09,0.01,22.23,green,cash,Union Sq,Bushwick South,Manhattan,Brooklyn
2019-03-16 22:37:44,2019-03-16 22:52:40,1,10.34,6.1,3.1,0.06,6.1,green,credit card,West Village,Dyker Heights,Manhattan,Brooklyn
2019-03-10 18:10:54,2019-03-10 18:25:11,1,0.37,4.7,0.25,0.03,31.35,green,credit card,Upper East Side South,Borough Park,Manhattan,Brooklyn
2019-03-09 00:02:39,2019-03-09 00:16:44,1,24.47,17.8,1.08,3.62,17.95,green,credit card,LaGuardia Airport,Carroll Gardens,Queens,Brooklyn
2019-03-16 11:13:51,2019-03-16 11:25:08,1,2.17,3.6,1.1,0.07,11.42,green,cash,Upper West Side North,Clinton West,Manhattan,Manhattan
2019-03-18 19:57:54,2019-03-18 20:13:25,1,0.01,6.7,1.55,0.27,8.06,green,cash,Midtown North,West Village,Manhattan,Manhattan
2019-03-28 16:34:57,2019-03-28 16:51:59,1,0.08,7.12,0.42,0.04,16.1,green,credit card,Upper West Side North,Woodhaven,Manhattan,Queens
2019-03-15 14:32:32,2019-03-15 14:45:37,1,2.07,4.6,0.04,0.3,18.86,green,credit card,Clinton East,West Concourse,Manhattan,Bronx
2019-03-16 17:42:06,2019-03-16 17:57:11,1,0.36,14.3,3.32,0.09,17.97,green,cash,Lower East Side,Oakland Gardens,Manhattan,Queens
2019-03-15 10:09:13,2019-03-15 10:24:04,1,3.36,14.6,0.48,0.17,16.62,green,credit card,Gramercy,Crown Heights North,Manhattan,Brooklyn
2019-03-12 08:45:06,2019-03-12 08:59:18,1,1.12,5.7,1.81,0.03,25.48,green,credit card,Upper West Side North,Ridgewood,Manhattan,Queens
2019-03-16 11:49:14,2019-03-16 12:04:42,1,0.09,13.5,5.35,2.8,60.71,green,cash,Queensboro Hill,Bay Ridge,Queens,Brooklyn
2019-03-07 03:47:33,2019-03-07 04:02:45,1,7.5,6.0,3.08,0.11,14.06,green,cash,Clinton East,UN/Turtle Bay South,Manhattan,Manhattan
2019-03-15 07:28:34,2019-03-15 07:43:04,5,1.53,6.6,0.4,0.05,12.26,green,cash,Times Sq/Theatre District,Ocean Hill,Manhattan,Brooklyn
2019-03-10 20:37:36,2019-03-10 20:52:58,1,0.82,9.4,3.11,0.26,14.73,green,credit card,Garment District,Clinton Hill,Manhattan,Brooklyn
2019-03-04 08:26:37,2019-03-04 08:43:40,1,1.99,7.9,0.77,0.03,9.9,green,cash,Upper West Side North,World Trade Center,Manhattan,Manhattan
2019-03-15 02:12:29,2019-03-15 02:25:13,1,5.72,12.69,1.77,0.18,17.9,green,cash,Yorkville West,Flushing,Manhattan,Queens
2019-03-25 22:42:00,2019-03-25 22:56:32,0,3.48,9.56,0.64,0.08,62.8,green,credit card,Two Bridges/Seward Park,Gramercy,Manhattan,Manhattan
2019-03-22 19:53:29,2019-03-22 20:06:51,2,16.14,14.3,11.47,1.65,68.1,green,credit card,Sunnyside,Gowanus,Queens,Brooklyn
2019-03-05 16:50:54,2019-03-05 17:02:16,1,5.3,8.6,3.06,0.0,18.7,green,cash,Lincoln Square West,Oakland Gardens,Manhattan,Queens
2019-03-01 03:32:12,2019-03-01 03:44:42,5,0.29,8.7,0.7,0.04,13.06,green,cash,Midtown South,Financial District South,Manhattan,Manhattan
2019-03-19 21:57:54,2019-03-19 22:11:56,1,15.46,7.8,3.25,1.46,98.54,green,cash,LaGuardia Airport,Gowanus,Queens,Brooklyn
2019-03-20 12:18:01,2019-03-20 12:34:18,1,0.04,10.75,3.15,0.19,28.8,green,credit card,Garment District,Woodside,Manhattan,Queens
2019-03-02 06:26:16,2019-03-02 06:40:31,1,1.12,6.02,2.74,0.04,19.2,green,credit card,Clinton East,Ridgewood,Manhattan,Queens
2019-03-04 04:53:44,2019-03-04 05:06:58,1,5.47,19.81,1.13,0.05,25.3,green,cash,Financial District South,Prospect Park,Manhattan,Brooklyn
2019-03-31 19:30:40,2019-03-31 19:44:29,3,0.52,5.5,0.63,0.04,16.99,green,credit card,Union Sq,Red Hook,Manhattan,Brooklyn
2019-03-14 02:16:12,2019-03-14 02:29:25,2,2.36,8.5,1.81,0.06,17.94,green,credit card,Central Park,Maspeth,Manhattan,Queens
2019-03-05 02:02:49,2019-03-05 02:16:39,6,1.99,21.6,2.25,0.46,25.3,green,cash,Yorkville West,Ocean Hill,Manhattan,Brooklyn
2019-03-09 03:51:23,2019-03-09 04:08:15,1,0.33,11.55,0.07,0.54,17.5,green,cash,Parkchester,Lenox Hill West,Bronx,Manhattan
2019-03-07 20:11:27,2019-03-07 20:27:04,2,2.38,6.7,1.9,0.04,7.59,green,cash,West Village,Crotona Park East,Manhattan,Bronx
2019-03-20 05:49:53,2019-03-20 06:05:49,1,2.6,8.1,5.49,0.13,19.86,green,credit card,Morningside Heights,Hudson Sq,Manhattan,Manhattan
2019-03-27 15:20:11,2019-03-27 15:35:34,1,0.95,12.69,3.46,0.32,13.4,green,cash,Midtown Center,Greenwich Village South,Manhattan,Manhattan
2019-03-02 15:27:32,2019-03-02 15:42:10,1,3.33,12.4,0.17,0.05,16.67,green,cash,Murray Hill,Midtown Center,Manhattan,Manhattan
2019-03-21 04:36:31,2019-03-21 04:48:53,1,5.65,8.4,0.26,0.24,12.22,green,credit card,Midtown South,Kips Bay,Manhattan,Manhattan
2019-03-10 10:45:04,2019-03-10 11:00:07,1,1.36,6.3,0.71,0.11,15.4,green,credit card,Battery Park City,East Elmhurst,Manhattan,Queens
2019-03-23 22:11:37,2019-03-23 22:23:18,1,6.42,5.95,2.37,4.58,24.3,green,credit card,LaGuardia Airport,Sheepshead Bay,Queens,Brooklyn
2019-03-13 08:52:41,2019-03-13 09:04:05,1,2.16,9.5,0.46,0.04,13.92,green,cash,Upper West Side North,Bensonhurst West,Manhattan,Brooklyn
2019-03-31 06:51:45,2019-03-31 07:07:02,1,0.44,8.3,0.55,0.0,19.86,green,cash,Midtown East,Soundview/Castle Hill,Manhattan,Bronx
2019-03-08 12:10:42,2019-03-08 12:24:19,1,2.41,16.4,1.06,0.12,25.8,green,credit card,Financial District North,Seaport,Manhattan,Manhattan
2019-03-08 15:43:35,2019-03-08 15:57:20,3,0.42,5.3,0.22,0.7,17.75,green,credit card,Lincoln Square East,West Village,Manhattan,Manhattan
2019-03-14 04:22:10,2019-03-14 04:33:40,2,0.13,22.6,4.9,0.16,30.32,green,cash,JFK Airport,Morningside Heights,Queens,Manhattan
2019-03-11 10:46:57,2019-03-11 11:01:30,1,0.35,11.4,0.81,0.33,28.43,green,credit card,Murray Hill,Forest Hills,Manhattan,Queens
2019-03-27 09:11:24,2019-03-27 09:23:40,1,0.3,6.6,1.79,0.23,16.42,green,credit card,SoHo,Inwood Hill Park,Manhattan,Manhattan
2019-03-01 23:37:03,2019-03-01 23:49:13,1,2.44,4.6,1.55,0.12,19.1,green,credit card,UN/Turtle Bay South,Morningside Heights,Manhattan,Manhattan
2019-03-23 01:14:11,2019-03-23 01:28:57,1,0.0,5.2,1.57,0.08,8.83,green,cash,Murray Hill,Maspeth,Manhattan,Queens
2019-03-29 21:01:54,2019-03-29 21:19:55,1,0.85,15.5,1.17,0.06,16.49,green,cash,Financial District North,South Jamaica,Manhattan,Queens
2019-03-12 14:16:45,2019-03-12 14:32:36,0,0.08,6.9,0.34,0.31,31.3,green,credit card,Brooklyn Heights,Lower East Side,Brooklyn,Manhattan
2019-03-05 07:19:05,2019-03-05 07:34:16,3,1.36,9.7,4.31,0.05,19.3,green,cash,Times Sq/Theatre District,Williamsbridge/Olinville,Manhattan,Bronx
2019-03-01 06:39:31,2019-03-01 06:50:52,1,1.45,10.4,1.16,0.04,14.23,green,cash,East Harlem North,Prospect-Lefferts Gardens,Manhattan,Brooklyn
2019-03-28 15:54:57,2019-03-28 16:08:24,1,1.07,19.99,0.68,0.36,21.9,green,credit card,Times Sq/Theatre District,Carroll Gardens,Manhattan,Brooklyn
2019-03-16 04:03:26,2019-03-16 04:17:21,1,10.87,9.5,0.08,0.31,34.48,green,credit card,Woodside,Two Bridges/Seward Park,Queens,Manhattan
2019-03-19 13:50:35,2019-03-19 14:05:52,1,6.47,4.0,1.86,1.91,60.88,green,cash,LaGuardia Airport,Ocean Hill,Queens,Brooklyn
2019-03-19 10:25:29,2019-03-19 10:41:54,2,4.81,18.4,0.65,1.34,19.42,green,cash,JFK Airport,Elmhurst,Queens,Queens
2019-03-21 14:03:40,2019-03-21 14:18:49,1,1.39,18.0,0.84,0.2,22.59,green,cash,Fort Greene,University Heights/Morris Heights,Brooklyn,Bronx
2019-03-13 11:20:23,2019-03-13 11:35:32,1,25.94,7.39,2.76,2.21,20.4,green,credit card,Bayside,North Corona,Queens,Queens
2019-03-29 14:09:36,2019-03-29 14:22:48,1,3.56,10.2,1.55,0.04,16.21,green,credit card,Midtown South,Soundview/Castle Hill,Manhattan,Bronx
2019-03-09 11:32:29,2019-03-09 11:47:51,2,0.37,2.9,2.72,0.11,32.08,green,cash,SoHo,Cypress Hills,Manhattan,Brooklyn
2019-03-11 01:54:26,2019-03-11 02:08:41,1,7.41,12.0,3.87,0.07,15.38,green,credit card,Lenox Hill East,Forest Hills,Manhattan,Queens
2019-03-30 07:58:07,2019-03-30 08:13:04,2,6.43,16.13,0.12,0.09,23.4,green,credit card,Flatiron,Ozone Park,Manhattan,Queens
2019-03-10 20:52:23,2019-03-10 21:05:55,1,9.64,10.66,0.04,0.49,15.3,green,credit card,Crown Heights North,Yorkville East,Brooklyn,Manhattan
2019-03-03 21:56:32,2019-03-03 22:11:28,1,0.82,6.7,2.86,0.06,16.22,green,cash,Upper West Side South,Murray Hill-Queens,Manhattan,Queens
2019-03-25 16:58:54,2019-03-25 17:11:37,6,0.91,6.5,0.12,1.15,18.11,green,cash,East Harlem North,Central Harlem,Manhattan,Manhattan
2019-03-09 15:54:02,2019-03-09 16:08:53,1,4.76,12.6,0.8,3.22,24.33,green,credit card,LaGuardia Airport,Financial District South,Queens,Manhattan
2019-03-13 04:44:38,2019-03-13 05:01:14,1,1.22,7.3,1.56,0.2,7.6,green,cash,Little Italy/NoLiTa,East Village,Manhattan,Manhattan
2019-03-07 05:50:57,2019-03-07 06:07:16,2,1.06,9.6,3.23,0.1,25.69,green,cash,Midtown North,Red Hook,Manhattan,Brooklyn
2019-03-21 08:19:56,2019-03-21 08:32:31,1,4.93,8.06,2.0,0.09,9.6,green,credit card,Hudson Sq,Prospect-Lefferts Gardens,Manhattan,Brooklyn
2019-02-28 23:36:52,2019-02-28 23:51:34,1,1.2,8.6,0.48,0.16,35.75,green,credit card,Murray Hill,Stuyvesant Heights,Manhattan,Brooklyn
2019-03-19 05:19:18,2019-03-19 05:34:03,1,0.34,9.0,2.46,0.06,18.62,green,credit card,Lenox Hill East,SoHo,Manhattan,Manhattan
2019-03-28 09:20:26,2019-03-28 09:34:21,1,12.65,14.4,3.68,2.47,27.27,green,cash,JFK Airport,East Tremont,Queens,Bronx
2019-03-17 02:26:37,2019-03-17 02:41:21,1,2.55,13.45,2.78,0.09,15.2,green,cash,Greenwich Village South,East Elmhurst,Manhattan,Queens
2019-03-28 03:26:04,2019-03-28 03:41:51,2,4.05,15.5,3.99,0.22,20.5,green,credit card,Midtown Center,Seaport,Manhattan,Manhattan
2019-03-11 04:01:17,2019-03-11 04:14:49,1,1.54,9.76,0.45,0.03,15.6,green,credit card,Murray Hill,Chinatown,Manhattan,Manhattan
2019-03-17 00:32:49,2019-03-17 00:48:23,1,1.18,3.4,0.31,0.3,17.62,green,cash,West Village,Battery Park City,Manhattan,Manhattan
2019-03-31 06:29:47,2019-03-31 06:45:08,1,1.66,7.8,0.3,0.21,15.99,green,credit card,Brooklyn Heights,Clinton West,Brooklyn,Manhattan
2019-03-10 16:51:32,2019-03-10 17:06:21,1,5.19,4.4,2.9,0.38,11.32,green,credit card,Lenox Hill East,Dyker Heights,Manhattan,Brooklyn
2019-03-17 01:42:42,2019-03-17 01:56:10,1,1.59,7.29,0.15,1.37,11.0,green,credit card,Canarsie,Westchester Village/Unionport,Brooklyn,Bronx
2019-03-08 18:51:45,2019-03-08 19:08:27,1,0.42,10.01,0.3,0.21,11.0,green,cash,Midtown Center,Upper West Side North,Manhattan,Manhattan
2019-03-11 17:04:55,2019-03-11 17:21:15,1,0.8,10.48,2.3,0.2,12.9,green,cash,Lincoln Square East,Eastchester,Manhattan,Bronx
2019-03-22 13:03:50,2019-03-22 13:17:30,2,0.65,6.4,0.71,0.38,11.1,green,credit card,Lincoln Square West,UN/Turtle Bay South,Manhattan,Manhattan
2019-03-08 01:46:19,2019-03-08 01:58:21,1,11.42,6.8,0.73,0.19,13.32,green,cash,Central Park,Stapleton,Manhattan,Staten Island
2019-03-24 17:11:04,2019-03-24 17:26:22,1,18.48,31.5,2.67,3.16,45.93,green,cash,JFK Airport,Astoria,Queens,Queens
2019-03-13 17:08:06,2019-03-13 17:20:33,1,6.31,10.1,0.29,0.23,21.56,green,credit card,West Village,East Williamsburg,Manhattan,Brooklyn
2019-03-19 14:44:49,2019-03-19 14:57:44,1,0.53,7.1,2.12,0.37,8.48,green,credit card,Midtown East,Corona,Manhattan,Queens
2019-03-21 06:36:18,2019-03-21 06:52:20,1,0.12,6.9,1.59,0.07,11.09,green,cash,Meatpacking/West Village West,East Concourse/Concourse Village,Manhattan,Bronx
2019-03-17 03:33:59,2019-03-17 03:46:33,5,0.91,5.4,1.19,0.02,17.92,green,cash,Central Park,East Flushing,Manhattan,Queens
2019-03-15 15:09:16,2019-03-15 15:24:44,2,4.67,9.6,1.73,0.12,10.01,green,cash,TriBeCa/Civic Center,Bushwick South,Manhattan,Brooklyn
2019-03-19 22:07:36,2019-03-19 22:19:25,1,0.53,14.69,6.8,0.05,30.0,green,credit card,Lower East Side,Kew Gardens,Manhattan,Queens
2019-03-18 10:05:10,2019-03-18 10:14:50,5,1.64,8.0,1.67,0.17,11.7,green,credit card,Union Sq,Briarwood/Jamaica Hills,Manhattan,Queens
2019-03-07 19:22:18,2019-03-07 19:37:10,1,0.28,8.9,5.92,0.1,16.79,green,cash,Greenwich Village North,South Williamsburg,Manhattan,Brooklyn
2019-03-07 08:10:46,2019-03-07 08:26:10,1,2.78,1.8,0.25,0.22,21.2,green,credit card,Midtown South,Long Island City/Hunters Point,Manhattan,Queens
2019-03-31 15:34:52,2019-03-31 15:49:47,1,0.18,8.86,6.8,0.15,18.4,green,credit card,Bloomingdale,Clinton West,Manhattan,Manhattan
2019-03-18 13:51:03,2019-03-18 14:06:02,1,0.9,6.2,0.98,0.59,22.59,green,cash,Williamsburg (South Side),East Flushing,Brooklyn,Queens
2019-03-15 01:28:20,2019-03-15 01:44:19,1,4.51,23.15,0.87,0.04,24.0,green,cash,West Village,Sheepshead Bay,Manhattan,Brooklyn
2019-03-05 01:56:49,2019-03-05 02:11:27,1,15.08,9.87,0.33,0.19,10.2,green,cash,Fort Greene,Marble Hill,Brooklyn,Manhattan
2019-03-20 04:27:49,2019-03-20 04:43:10,1,2.55,7.7,0.14,0.1,21.03,green,credit card,Union Sq,Soundview/Bruckner,Manhattan,Bronx
2019-03-18 15:34:31,2019-03-18 15:49:04,1,6.38,8.4,1.87,0.08,10.21,green,cash,Penn Station/Madison Sq West,Elmhurst,Manhattan,Queens
2019-03-20 06:36:41,2019-03-20 06:51:09,1,0.93,6.6,1.54,0.68,14.02,green,cash,Garment District,Two Bridges/Seward Park,Manhattan,Manhattan
2019-03-23 15:03:00,2019-03-23 15:18:04,1,2.77,5.5,1.11,0.09,12.4,green,credit card,Lincoln Square East,Ridgewood,Manhattan,Queens
2019-03-07 11:01:12,2019-03-07 11:16:37,1,1.14,9.7,0.83,0.01,12.81,green,credit card,Murray Hill,Woodside,Manhattan,Queens
2019-03-23 13:43:15,2019-03-23 13:55:31,1,11.65,32.5,2.98,3.86,42.26,green,credit card,Ridgewood,Randalls Island,Queens,Manhattan
2019-03-19 17:48:27,2019-03-19 17:59:16,1,0.21,18.1,2.02,0.08,28.04,green,cash,West Village,Battery Park City,Manhattan,Manhattan
2019-03-19 19:49:42,2019-03-19 20:03:30,1,3.14,14.05,0.19,0.53,18.1,green,cash,Park Slope,Belmont,Brooklyn,Bronx
2019-03-23 09:10:17,2019-03-23 09:25:36,1,2.1,4.0,0.65,0.07,9.82,green,credit card,Midtown South,Flatiron,Manhattan,Manhattan
2019-03-28 20:25:57,2019-03-28 20:42:03,1,0.6,10.94,0.65,0.07,13.2,green,credit card,Kips Bay,Downtown Brooklyn/MetroTech,Manhattan,Brooklyn
2019-03-05 11:48:41,2019-03-05 12:02:23,1,1.72,10.2,0.37,0.0,34.96,green,cash,Times Sq/Theatre District,Sutton Place/Turtle Bay North,Manhattan,Manhattan
2019-03-27 13:16:41,2019-03-27 13:32:45,1,1.44,10.9,0.34,0.36,25.95,green,credit card,Greenpoint,Whitestone,Brooklyn,Queens
2019-03-05 06:01:42,2019-03-05 06:16:02,6,9.82,4.4,2.72,0.01,16.59,green,credit card,Lincoln Square East,East Elmhurst,Manhattan,Queens
2019-03-02 23:04:18,2019-03-02 23:17:00,5,5.65,11.9,0.76,0.33,26.55,green,cash,LaGuardia Airport,Upper East Side North,Queens,Manhattan
2019-03-18 01:55:10,2019-03-18 02:09:38,1,4.92,6.1,1.13,0.01,25.23,green,cash,Greenwich Village North,Hamilton Heights,Manhattan,Manhattan
2019-03-15 01:39:28,2019-03-15 01:52:50,1,9.76,15.7,0.24,0.13,24.45,green,cash,Park Slope,Prospect-Lefferts Gardens,Brooklyn,Brooklyn
2019-03-29 12:57:45,2019-03-29 13:13:23,1,1.31,5.2,0.01,0.02,30.01,green,credit card,Upper East Side South,Glendale,Manhattan,Queens
2019-03-15 20:48:50,2019-03-15 21:01:44,1,1.71,8.8,8.26,0.04,13.83,green,cash,World Trade Center,Stuyvesant Heights,Manhattan,Brooklyn
2019-03-09 03:19:03,2019-03-09 03:30:58,2,0.59,8.08,7.18,0.04,8.5,green,cash,Greenwich Village South,Midtown North,Manhattan,Manhattan
2019-03-31 20:37:10,2019-03-31 20:52:44,2,2.55,14.65,0.13,0.03,14.8,green,credit card,Penn Station/Madison Sq West,Oakland Gardens,Manhattan,Queens
2019-03-27 08:05:52,2019-03-27 08:20:36,1,5.47,7.15,2.7,0.43,29.4,green,credit card,Clinton Hill,Fresh Meadows,Brooklyn,Queens
2019-03-03 09:01:13,2019-03-03 09:16:20,1,3.12,6.7,0.4,0.24,9.96,green,cash,Lincoln Square East,Stapleton,Manhattan,Staten Island
2019-03-05 21:15:45,2019-03-05 21:30:08,1,27.63,10.0,0.02,0.18,16.62,green,cash,Allerton/Pelham Gardens,Crotona Park East,Bronx,Bronx
2019-03-01 09:50:26,2019-03-01 10:04:09,2,4.66,2.2,1.54,2.17,29.72,green,cash,JFK Airport,Meatpacking/West Village West,Queens,Manhattan
2019-03-28 02:18:53,2019-03-28 02:33:43,4,5.14,16.3,3.8,5.1,16.89,green,credit card,Woodside,Morningside Heights,Queens,Manhattan
2019-03-17 00:15:12,2019-03-17 00:29:56,1,3.49,9.2,1.94,0.0,30.96,green,credit card,Midtown Center,College Point,Manhattan,Queens
2019-03-18 12:40:20,2019-03-18 12:54:37,2,2.51,16.65,1.34,0.03,41.6,green,cash,East Village,Clinton West,Manhattan,Manhattan
2019-03-24 13:07:30,2019-03-24 13:21:37,2,2.79,17.56,5.48,0.09,22.8,green,credit card,Lincoln Square East,Ocean Hill,Manhattan,Brooklyn
2019-03-23 01:40:57,2019-03-23 01:55:46,1,0.24,3.9,0.27,0.0,15.79,green,credit card,Midtown East,Parkchester,Manhattan,Bronx
2019-03-02 09:54:45,2019-03-02 10:08:35,1,0.97,14.1,3.46,0.25,21.09,green,credit card,Sutton Place/Turtle Bay North,Roosevelt Island,Manhattan,Manhattan
2019-03-15 06:02:14,2019-03-15 06:19:16,1,5.19,5.6,0.45,0.23,9.37,green,cash,Lincoln Square East,East Elmhurst,Manhattan,Queens
2019-03-25 05:21:28,2019-03-25 05:34:14,1,3.03,11.53,2.86,0.25,13.2,green,cash,East Chelsea,Yorkville East,Manhattan,Manhattan
2019-03-29 20:33:00,2019-03-29 20:48:22,1,2.98,5.9,0.49,0.04,9.62,green,credit card,Union Sq,Woodlawn/Wakefield,Manhattan,Bronx
2019-03-01 00:24:24,2019-03-01 00:37:42,1,2.1,28.9,0.15,1.17,36.89,green,cash,Bronxdale,Belmont,Bronx,Bronx
2019-03-04 23:42:33,2019-03-04 23:55:34,1,0.43,10.3,0.74,0.08,20.04,green,cash,Battery Park City,Central Park,Manhattan,Manhattan
2019-03-07 12:54:46,2019-03-07 13:09:59,1,5.11,7.7,0.48,0.02,14.01,green,credit card,Upper West Side North,Lincoln Square East,Manhattan,Manhattan
2019-03-16 05:03:33,2019-03-16 05:20:34,2,4.13,10.8,0.73,0.17,20.0,green,credit card,Lenox Hill West,Stuy Town/Peter Cooper Village,Manhattan,Manhattan
2019-03-23 19:29:27,2019-03-23 19:46:07,1,5.56,5.25,1.92,0.09,29.6,green,credit card,Starrett City,Bedford Park,Brooklyn,Bronx
2019-03-31 00:33:21,2019-03-31 00:47:34,1,1.17,17.6,3.94,1.71,47.07,green,cash,LaGuardia Airport,Prospect Heights,Queens,Brooklyn
2019-03-14 00:08:43,2019-03-14 00:21:42,1,1.87,5.7,1.31,0.06,16.66,green,cash,Times Sq/Theatre District,Gramercy,Manhattan,Manhattan
2019-03-21 06:51:39,2019-03-21 07:03:54,2,6.25,9.12,1.58,0.04,19.2,green,credit card,Midtown North,Washington Heights South,Manhattan,Manhattan
2019-03-29 07:09:55,2019-03-29 07:22:46,6,0.37,19.24,0.76,0.3,36.5,green,credit card,Williamsburg (South Side),Gramercy,Brooklyn,Manhattan
2019-03-13 22:01:43,2019-03-13 22:15:29,1,3.98,9.3,0.02,2.33,10.57,green,cash,Parkchester,Red Hook,Bronx,Brooklyn
2019-03-16 16:05:25,2019-03-16 16:17:54,1,0.52,10.9,0.67,0.0,22.03,green,credit card,Penn Station/Madison Sq West,Lower East Side,Manhattan,Manhattan
2019-03-04 08:30:59,2019-03-04 08:41:36,2,0.64,33.85,0.14,0.05,38.7,green,credit card,Boerum Hill,Brownsville,Brooklyn,Brooklyn
2019-03-05 15:04:30,2019-03-05 15:20:07,1,3.3,10.8,0.29,0.03,11.76,green,credit card,Central Park,Woodside,Manhattan,Queens
2019-03-07 02:42:50,2019-03-07 02:59:00,5,1.34,6.82,0.08,0.12,12.6,green,cash,Park Slope,Kew Gardens,Brooklyn,Queens
2019-02-28 09:36:25,2019-02-28 09:52:10,1,0.6,5.9,0.56,0.17,8.38,green,cash,Yorkville East,Seaport,Manhattan,Manhattan
2019-03-10 07:46:11,2019-03-10 08:01:11,1,6.17,10.58,3.21,0.44,21.7,green,credit card,Bloomingdale,Manhattanville,Manhattan,Manhattan
2019-03-18 12:24:03,2019-03-18 12:39:10,6,17.56,3.5,1.07,0.17,36.03,green,cash,Brooklyn Heights,Brooklyn Heights,Brooklyn,Brooklyn
2019-03-23 22:14:00,2019-03-23 22:27:02,1,0.38,9.35,7.9,2.23,44.73,green,cash,LaGuardia Airport,Greenpoint,Queens,Brooklyn
2019-03-30 05:50:06,2019-03-30 06:02:17,2,3.22,14.8,4.65,0.2,19.97,green,credit card,East Harlem South,Pelham Parkway,Manhattan,Bronx
2019-03-12 21:42:21,2019-03-12 21:55:44,2,0.09,6.0,1.16,0.12,8.28,green,credit card,Midtown North,Financial District South,Manhattan,Manhattan
2019-03-02 01:39:10,2019-03-02 01:55:05,1,0.73,3.3,1.63,0.11,11.95,green,cash,Midtown Center,Inwood Hill Park,Manhattan,Manhattan
2019-03-02 04:04:18,2019-03-02 04:18:22,5,0.71,7.31,0.23,0.04,8.5,green,cash,Clinton East,East Williamsburg,Manhattan,Brooklyn
2019-03-15 11:56:06,2019-03-15 12:08:36,3,0.45,14.5,0.14,0.29,24.17,green,cash,Flatiron,Oakland Gardens,Manhattan,Queens
2019-03-14 06:51:16,2019-03-14 07:05:57,2,0.41,4.7,2.66,0.49,20.65,green,credit card,Morningside Heights,Murray Hill,Manhattan,Manhattan
2019-03-06 18:19:46,2019-03-06 18:34:25,1,0.49,5.3,0.35,0.13,6.68,green,credit card,World Trade Center,Belmont,Manhattan,Bronx
2019-03-03 05:58:52,2019-03-03 06:12:38,2,0.92,8.65,0.01,0.2,14.1,green,cash,Lenox Hill West,Upper West Side North,Manhattan,Manhattan
2019-03-11 05:42:44,2019-03-11 05:56:47,1,21.31,5.5,1.65,0.01,34.77,green,credit card,Battery Park City,DUMBO/Vinegar Hill,Manhattan,Brooklyn
2019-03-23 07:45:24,2019-03-23 08:00:23,5,2.8,12.3,1.53,0.2,23.56,green,credit card,Fort Greene,Soundview/Bruckner,Brooklyn,Bronx
2019-03-19 23:50:03,2019-03-20 00:05:17,1,26.25,7.0,0.52,0.65,8.21,green,cash,Clinton Hill,Long Island City/Queens Plaza,Brooklyn,Queens
2019-03-24 07:48:40,2019-03-24 08:04:53,1,1.73,8.1,0.02,0.02,12.65,green,cash,Kips Bay,Columbia Street,Manhattan,Brooklyn
2019-03-03 19:45:15,2019-03-03 19:59:47,1,2.2,10.0,2.27,0.11,24.24,green,cash,Clinton East,Cambria Heights,Manhattan,Queens
2019-03-31 00:53:09,2019-03-31 01:05:59,1,0.24,8.3,1.74,0.03,35.81,green,credit card,DUMBO/Vinegar Hill,Queens Village,Brooklyn,Queens
2019-03-30 23:22:19,2019-03-30 23:37:04,1,6.25,12.3,5.09,0.14,17.5,green,cash,East Chelsea,Mott Haven/Port Morris,Manhattan,Bronx
2019-03-24 01:13:12,2019-03-24 01:28:47,2,1.0,11.49,1.07,0.55,17.8,green,cash,Upper East Side North,Forest Hills,Manhattan,Queens
2019-03-25 14:30:05,2019-03-25 14:46:28,1,5.05,5.1,0.61,0.11,14.17,green,credit card,Gramercy,Flatlands,Manhattan,Brooklyn
2019-03-05 22:09:28,2019-03-05 22:21:44,2,0.19,9.1,1.19,0.08,13.88,green,credit card,Sutton Place/Turtle Bay North,Hudson Sq,Manhattan,Manhattan
2019-03-11 12:03:49,2019-03-11 12:19:08,2,1.7,12.54,0.15,0.08,20.9,green,credit card,Kips Bay,Middle Village,Manhattan,Queens
2019-03-17 05:51:49,2019-03-17 06:04:16,2,1.19,2.1,2.08,0.23,32.84,green,cash,Midtown Center,Crotona Park East,Manhattan,Bronx
2019-03-10 05:05:16,2019-03-10 05:18:14,1,1.22,5.59,2.81,0.12,41.8,green,cash,JFK Airport,Parkchester,Queens,Bronx
2019-03-24 01:03:13,2019-03-24 01:15:29,1,0.94,2.9,2.48,0.44,5.32,green,credit card,Fort Greene,Cobble Hill,Brooklyn,Brooklyn
2019-03-03 12:21:14,2019-03-03 12:37:48,1,1.01,3.4,0.35,0.1,12.26,green,credit card,Midtown South,East Village,Manhattan,Manhattan
2019-03-24 22:25:18,2019-03-24 22:40:43,1,0.54,6.1,1.97,0.23,14.95,green,cash,Flatiron,Flushing,Manhattan,Queens
2019-03-28 11:40:03,2019-03-28 11:53:49,1,1.75,4.9,1.99,0.15,18.6,green,credit card,Midtown Center,Greenpoint,Manhattan,Brooklyn
2019-03-02 04:48:20,2019-03-02 05:00:50,1,0.11,6.7,2.56,0.03,17.45,green,credit card,East Chelsea,Union Sq,Manhattan,Manhattan
2019-03-30 23:47:26,2019-03-30 23:59:58,1,3.41,11.3,1.91,0.02,14.34,green,credit card,Midtown South,Central Harlem North,Manhattan,Manhattan
2019-03-03 10:55:58,2019-03-03 11:10:22,1,1.2,11.2,4.16,0.62,13.0,green,cash,Midtown Center,East Tremont,Manhattan,Bronx
2019-03-06 08:37:28,2019-03-06 08:51:45,1,5.11,8.3,5.97,0.01,22.41,green,cash,Morningside Heights,Little Italy/NoLiTa,Manhattan,Manhattan
2019-03-26 07:59:08,2019-03-26 08:11:24,1,0.44,6.3,2.58,0.11,6.81,green,credit card,Hudson Sq,Ocean Hill,Manhattan,Brooklyn
2019-03-03 17:03:08,2019-03-03 17:17:59,1,9.26,16.0,3.94,2.12,125.42,green,cash,Jackson Heights,Bushwick South,Queens,Brooklyn
2019-03-02 01:55:40,2019-03-02 02:09:03,1,0.19,7.8,0.0,0.24,19.77,green,cash,East Chelsea,Bedford Park,Manhattan,Bronx
2019-03-28 23:04:42,2019-03-28 23:19:37,2,2.3,10.05,0.98,0.58,17.2,green,credit card,Boerum Hill,Midtown East,Brooklyn,Manhattan
2019-03-12 05:59:30,2019-03-12 06:15:28,5,2.72,7.0,0.26,0.03,14.82,green,credit card,Upper West Side North,Meatpacking/West Village West,Manhattan,Manhattan
2019-03-19 11:13:00,2019-03-19 11:29:40,1,1.25,6.5,0.27,0.62,10.9,green,cash,Clinton East,West Brighton,Manhattan,Staten Island
2019-03-12 17:12:17,2019-03-12 17:25:16,1,1.46,9.88,6.51,0.57,10.5,green,cash,Midtown East,Spuyten Duyvil/Kingsbridge,Manhattan,Bronx
2019-03-31 22:32:26,2019-03-31 22:47:43,1,5.67,14.1,1.83,0.01,18.54,green,cash,Upper East Side North,Middle Village,Manhattan,Queens
2019-03-13 23:22:28,2019-03-13 23:37:16,1,0.2,7.2,1.52,0.02,24.65,green,credit card,Highbridge Park,Union Sq,Manhattan,Manhattan
2019-03-11 02:56:46,2019-03-11 03:10:01,2,0.48,3.6,1.86,0.03,11.38,green,credit card,Union Sq,College Point,Manhattan,Queens
2019-02-28 23:17:42,2019-02-28 23:30:34,1,5.07,12.52,0.62,0.07,25.2,green,cash,Upper East Side North,Glendale,Manhattan,Queens
2019-03-18 00:46:51,2019-03-18 01:02:16,5,3.78,8.4,2.25,0.13,16.93,green,credit card,Greenwich Village North,Gravesend,Manhattan,Brooklyn
2019-03-24 19:19:24,2019-03-24 19:32:39,1,2.72,6.7,1.14,0.05,47.35,green,credit card,East Harlem North,Soundview/Castle Hill,Manhattan,Bronx
2019-03-14 01:53:27,2019-03-14 02:06:06,1,17.98,9.7,0.71,0.12,10.56,green,credit card,East Village,JFK Airport,Manhattan,Queens
2019-03-04 23:19:08,2019-03-04 23:32:04,1,9.58,12.59,0.49,0.04,14.4,green,cash,Sutton Place/Turtle Bay North,Flatlands,Manhattan,Brooklyn
2019-03-09 20:01:16,2019-03-09 20:13:18,4,2.09,10.76,3.91,0.06,24.0,green,cash,Upper West Side North,UN/Turtle Bay South,Manhattan,Manhattan
2019-03-23 06:10:03,2019-03-23 06:23:55,1,0.0,8.78,2.47,0.15,15.7,green,credit card,Midtown South,Hudson Sq,Manhattan,Manhattan
2019-03-01 21:40:37,2019-03-01 21:54:14,2,0.49,13.5,1.37,0.14,30.35,green,cash,Manhattan Valley,Sheepshead Bay,Manhattan,Brooklyn
2019-03-09 12:00:24,2019-03-09 12:17:04,1,6.12,5.2,0.55,0.09,21.44,green,cash,Murray Hill,Bath Beach,Manhattan,Brooklyn
2019-03-17 18:38:05,2019-03-17 18:51:00,1,2.21,9.79,0.96,0.08,35.8,green,credit card,Times Sq/Theatre District,Middle Village,Manhattan,Queens
2019-03-05 09:33:20,2019-03-05 09:48:20,1,1.53,6.7,0.34,0.39,12.18,green,credit card,TriBeCa/Civic Center,Flushing,Manhattan,Queens
2019-03-09 18:25:39,2019-03-09 18:41:01,1,2.55,8.8,5.25,0.05,10.3,green,credit card,Yorkville East,Brooklyn Heights,Manhattan,Brooklyn
2019-03-19 04:34:56,2019-03-19 04:48:26,1,0.17,6.68,3.4,0.02,18.31,green,cash,West Village,Crotona Park East,Manhattan,Bronx
2019-03-18 06:07:58,2019-03-18 06:22:02,2,4.89,8.88,0.47,0.46,32.9,green,cash,Brooklyn Heights,Windsor Terrace,Brooklyn,Brooklyn
2019-03-04 04:18:38,2019-03-04 04:34:02,1,2.91,14.2,0.19,0.23,18.4,green,credit card,LaGuardia Airport,UN/Turtle Bay South,Queens,Manhattan
2019-03-19 00:12:09,2019-03-19 00:26:59,1,1.47,4.0,1.05,0.12,17.42,green,credit card,Penn Station/Madison Sq West,Stuyvesant Heights,Manhattan,Brooklyn
2019-03-13 21:12:14,2019-03-13 21:27:07,2,2.88,4.3,0.83,0.2,25.7,green,cash,Upper East Side South,Upper East Side South,Manhattan,Manhattan
2019-03-22 17:44:35,2019-03-22 17:58:54,1,0.91,13.2,1.8,0.12,22.16,green,credit card,Central Park,Gowanus,Manhattan,Brooklyn
2019-03-05 11:07:48,2019-03-05 11:23:06,1,3.87,3.6,3.15,0.23,11.55,green,credit card,West Chelsea/Hudson Yards,Washington Heights North,Manhattan,Manhattan
2019-03-01 12:22:24,2019-03-01 12:37:30,1,0.44,5.92,2.47,0.34,8.2,green,cash,Penn Station/Madison Sq West,Williamsburg (North Side),Manhattan,Brooklyn
2019-03-04 05:08:42,2019-03-04 05:21:01,1,1.09,15.18,1.46,0.59,18.3,green,cash,Park Slope,East Harlem North,Brooklyn,Manhattan
2019-03-06 21:34:56,2019-03-06 21:48:03,3,1.6,6.0,3.26,0.27,13.5,green,cash,Clinton East,Greenpoint,Manhattan,Brooklyn
2019-03-05 18:00:11,2019-03-05 18:14:22,6,0.81,6.86,2.75,0.18,16.5,green,credit card,Murray Hill,West Chelsea/Hudson Yards,Manhattan,Manhattan
2019-03-07 00:44:27,2019-03-07 01:00:39,1,2.35,12.88,0.32,0.6,18.1,green,cash,Sheepshead Bay,Windsor Terrace,Brooklyn,Brooklyn
2019-03-19 20:51:19,2019-03-19 21:05:38,1,0.32,14.3,4.62,0.03,26.56,green,cash,Upper West Side North,Cambria Heights,Manhattan,Queens
2019-03-25 12:17:56,2019-03-25 12:30:54,1,5.38,6.2,1.26,0.13,34.13,green,credit card,Upper East Side South,College Point,Manhattan,Queens
2019-03-21 21:21:08,2019-03-21 21:35:38,1,4.97,2.5,1.4,0.02,11.32,green,credit card,West Village,Eastchester,Manhattan,Bronx
2019-03-08 19:42:26,2019-03-08 19:57:26,1,1.34,9.2,3.48,0.23,12.61,green,cash,Murray Hill,Gravesend,Manhattan,Brooklyn
2019-03-23 20:08:16,2019-03-23 20:23:15,1,0.62,4.0,1.19,0.0,7.19,green,cash,Upper East Side South,Midwood,Manhattan,Brooklyn
2019-03-20 14:37:53,2019-03-20 14:53:56,1,5.97,4.89,1.73,1.27,10.8,green,cash,LaGuardia Airport,Bath Beach,Queens,Brooklyn
2019-03-31 07:40:39,2019-03-31 07:56:28,1,0.3,8.63,2.09,0.02,14.7,green,credit card,Lenox Hill East,Clinton Hill,Manhattan,Brooklyn
2019-03-18 09:22:13,2019-03-18 09:37:24,2,22.77,14.7,0.21,1.67,15.99,green,credit card,Steinway,Williamsburg (South Side),Queens,Brooklyn
2019-03-06 02:41:54,2019-03-06 02:55:15,2,3.97,6.64,1.26,0.02,8.3,green,cash,West Village,Soundview/Castle Hill,Manhattan,Bronx
2019-03-18 04:02:36,2019-03-18 04:16:58,2,3.41,3.7,1.25,0.02,12.95,green,credit card,Midtown East,Penn Station/Madison Sq West,Manhattan,Manhattan
2019-03-30 17:36:38,2019-03-30 17:50:37,1,1.88,11.63,1.94,0.86,41.3,green,credit card,JFK Airport,Stuyvesant Heights,Queens,Brooklyn
2019-03-10 16:46:13,2019-03-10 16:59:50,1,0.43,8.0,0.95,0.01,10.13,green,cash,Lenox Hill East,Financial District North,Manhattan,Manhattan
2019-03-14 20:54:56,2019-03-14 21:09:16,2,9.7,11.96,0.08,0.5,20.6,green,cash,LaGuardia Airport,Park Slope,Queens,Brooklyn
2019-03-31 11:56:59,2019-03-31 12:10:53,1,2.24,7.7,0.95,0.28,14.72,green,cash,Midtown Center,Clinton East,Manhattan,Manhattan
2019-02-28 21:37:10,2019-02-28 21:49:55,1,1.02,8.5,0.26,0.12,10.93,green,credit card,Yorkville East,Van Cortlandt Village,Manhattan,Bronx
2019-03-15 15:15:01,2019-03-15 15:29:58,3,1.49,6.0,1.26,0.01,11.51,green,cash,Union Sq,Washington Heights South,Manhattan,Manhattan
2019-03-17 13:56:22,2019-03-17 14:12:10,1,3.37,21.4,0.82,0.04,24.29,green,cash,Two Bridges/Seward Park,East Flatbush/Farragut,Manhattan,Brooklyn
2019-03-25 22:04:58,2019-03-25 22:18:58,1,1.05,4.5,0.64,0.04,9.09,green,credit card,TriBeCa/Civic Center,Sutton Place/Turtle Bay North,Manhattan,Manhattan
2019-03-13 19:52:50,2019-03-13 20:08:46,1,1.6,10.0,5.42,0.1,10.26,green,credit card,Times Sq/Theatre District,Cypress Hills,Manhattan,Brooklyn
2019-03-08 21:31:24,2019-03-08 21:47:20,6,1.87,21.0,0.39,0.31,25.79,green,credit card,Penn Station/Madison Sq West,East Williamsburg,Manhattan,Brooklyn
2019-03-10 22:14:56,2019-03-10 22:29:12,1,3.66,6.2,2.92,0.0,6.24,green,cash,Penn Station/Madison Sq West,Morrisania/Melrose,Manhattan,Bronx
2019-03-31 15:43:18,2019-03-31 15:57:05,1,1.14,6.6,2.97,0.18,12.43,green,cash,Penn Station/Madison Sq West,Williamsburg (North Side),Manhattan,Brooklyn
2019-03-17 22:09:08,2019-03-17 22:21:35,1,0.11,9.4,0.58,0.1,33.27,green,credit card,Financial District North,Elmhurst/Maspeth,Manhattan,Queens
2019-03-07 17:29:41,2019-03-07 17:44:31,4,1.0,4.7,2.83,0.26,6.2,green,credit card,Central Park,Crown Heights North,Manhattan,Brooklyn
2019-03-15 04:47:32,2019-03-15 05:03:32,1,1.36,8.7,3.19,0.35,13.82,green,cash,Midtown Center,Cambria Heights,Manhattan,Queens
2019-03-08 04:53:35,2019-03-08 05:07:20,2,3.49,11.0,1.5,0.01,13.85,green,credit card,Central Harlem North,Spuyten Duyvil/Kingsbridge,Manhattan,Bronx
2019-03-04 21:00:17,2019-03-04 21:15:14,2,0.2,7.8,1.48,0.08,9.07,green,credit card,Financial District North,Greenwich Village South,Manhattan,Manhattan
2019-03-09 16:30:03,2019-03-09 16:44:18,1,1.52,7.1,1.71,0.09,16.95,green,cash,Alphabet City,Pelham Parkway,Manhattan,Bronx
2019-03-21 06:53:58,2019-03-21 07:10:45,1,7.24,6.9,0.93,0.16,14.98,green,cash,Yorkville West,Norwood,Manhattan,Bronx
2019-03-11 22:42:06,2019-03-11 22:57:00,1,1.41,18.5,0.86,0.04,33.1,green,cash,West Village,Gowanus,Manhattan,Brooklyn
2019-03-26 03:32:55,2019-03-26 03:45:28,1,4.85,14.83,0.73,0.03,17.6,green,credit card,Lincoln Square East,North Corona,Manhattan,Queens
2019-03-22 08:18:04,2019-03-22 08:32:47,5,1.49,15.22,2.15,0.14,16.5,green,cash,Lenox Hill East,Garment District,Manhattan,Manhattan
2019-03-18 06:26:07,2019-03-18 06:39:58,1,1.1,17.07,4.34,0.12,29.3,green,cash,LaGuardia Airport,Van Cortlandt Village,Queens,Bronx
2019-03-06 01:43:40,2019-03-06 01:55:38,1,0.88,6.3,1.01,0.09,13.08,green,credit card,Battery Park City,Upper West Side North,Manhattan,Manhattan
2019-03-26 04:03:04,2019-03-26 04:16:12,1,0.59,14.0,1.77,0.03,21.88,green,credit card,Meatpacking/West Village West,Williamsburg (North Side),Manhattan,Brooklyn
2019-03-29 06:36:30,2019-03-29 06:50:38,1,6.19,5.8,1.94,1.13,13.89,green,cash,Upper West Side South,Greenwich Village North,Manhattan,Manhattan
2019-03-09 23:34:36,2019-03-09 23:46:49,1,4.57,9.2,0.84,0.03,23.7,green,cash,Battery Park,Jamaica,Manhattan,Queens
2019-03-06 22:45:26,2019-03-06 23:01:53,6,6.48,10.9,0.01,0.33,25.36,green,cash,Midtown East,Columbia Street,Manhattan,Brooklyn
2019-03-29 11:29:22,2019-03-29 11:44:27,1,0.51,3.47,2.8,0.07,21.22,green,credit card,Lower East Side,Inwood Hill Park,Manhattan,Manhattan
2019-03-24 00:50:34,2019-03-24 01:03:31,1,2.65,26.5,0.14,0.17,36.79,green,credit card,Park Slope,Lincoln Square West,Brooklyn,Manhattan
2019-03-09 14:36:44,2019-03-09 14:50:39,1,3.93,13.2,1.41,0.02,24.4,green,cash,Yorkville East,Midtown East,Manhattan,Manhattan
2019-03-22 11:15:41,2019-03-22 11:31:18,1,0.79,5.8,1.69,0.04,23.14,green,credit card,Yorkville East,Windsor Terrace,Manhattan,Brooklyn
2019-03-24 12:27:39,2019-03-24 12:43:13,1,0.8,6.0,0.03,0.05,10.3,green,credit card,Lower East Side,Brooklyn Navy Yard,Manhattan,Brooklyn
2019-03-06 10:27:26,2019-03-06 10:43:28,2,0.53,8.2,2.66,0.16,28.25,green,credit card,TriBeCa/Civic Center,Alphabet City,Manhattan,Manhattan
2019-03-02 18:45:00,2019-03-02 18:58:44,1,4.98,16.6,0.36,0.03,24.3,green,cash,Sutton Place/Turtle Bay North,Central Harlem North,Manhattan,Manhattan
2019-03-19 03:49:02,2019-03-19 04:06:10,1,1.94,6.8,0.42,0.04,15.49,green,cash,Union Sq,World Trade Center,Manhattan,Manhattan
2019-03-12 12:49:30,2019-03-12 13:04:46,1,1.58,18.14,1.11,0.07,21.3,green,credit card,Kips Bay,Upper West Side South,Manhattan,Manhattan
2019-03-25 13:16:34,2019-03-25 13:30:47,1,2.83,6.1,3.64,0.11,26.21,green,cash,Penn Station/Madison Sq West,Midtown East,Manhattan,Manhattan
2019-03-10 00:20:49,2019-03-10 00:35:46,1,14.91,25.9,6.75,2.8,52.29,green,cash,LaGuardia Airport,West Chelsea/Hudson Yards,Queens,Manhattan
2019-03-07 03:55:04,2019-03-07 04:09:55,1,0.58,12.33,4.18,0.21,20.0,green,credit card,Upper West Side North,South Ozone Park,Manhattan,Queens
2019-03-02 12:45:30,2019-03-02 13:00:29,1,1.41,7.4,1.26,0.01,8.56,green,credit card,Times Sq/Theatre District,Bath Beach,Manhattan,Brooklyn
2019-03-12 11:17:13,2019-03-12 11:30:49,3,3.17,10.6,1.45,0.16,25.16,green,credit card,Upper East Side North,Williamsbridge/Olinville,Manhattan,Bronx
2019-03-15 12:17:52,2019-03-15 12:34:09,2,0.49,12.3,3.7,0.18,15.87,green,cash,Upper West Side North,East Harlem North,Manhattan,Manhattan
2019-03-23 06:30:09,2019-03-23 06:44:01,5,0.61,14.2,9.32,2.5,32.9,green,cash,Forest Hills,Seaport,Queens,Manhattan
2019-02-28 20:28:23,2019-02-28 20:41:47,1,0.32,17.45,5.1,0.07,19.7,green,credit card,East Harlem North,East Williamsburg,Manhattan,Brooklyn
2019-03-20 03:26:21,2019-03-20 03:43:18,1,1.77,12.9,0.84,0.03,14.71,green,credit card,Murray Hill,Midtown North,Manhattan,Manhattan
2019-03-27 20:55:50,2019-03-27 21:08:29,1,0.69,8.1,3.45,0.05,42.39,green,cash,Kips Bay,North Corona,Manhattan,Queens
2019-03-15 01:26:03,2019-03-15 01:43:23,2,1.58,9.07,3.13,0.02,12.8,green,credit card,Upper West Side North,Carroll Gardens,Manhattan,Brooklyn
2019-03-20 19:14:49,2019-03-20 19:26:35,1,10.36,9.8,0.59,0.22,28.65,green,credit card,West Village,Stuy Town/Peter Cooper Village,Manhattan,Manhattan
2019-03-14 12:10:26,2019-03-14 12:25:01,1,3.92,5.5,3.85,0.74,72.18,green,cash,Flushing,Hamilton Heights,Queens,Manhattan
2019-03-21 14:52:33,2019-03-21 15:06:11,1,1.01,5.0,1.47,0.06,16.3,green,cash,Lincoln Square West,Greenwich Village North,Manhattan,Manhattan
2019-03-09 04:58:53,2019-03-09 05:16:43,1,1.02,10.7,0.58,0.02,20.96,green,cash,Clinton East,Kips Bay,Manhattan,Manhattan
2019-03-06 01:51:02,2019-03-06 02:02:56,4,3.99,5.4,3.55,0.05,11.43,green,credit card,Hudson Sq,Hamilton Heights,Manhattan,Manhattan
2019-03-01 17:03:58,2019-03-01 17:18:45,1,7.47,12.44,0.47,0.01,20.8,green,cash,Upper West Side North,Stuyvesant Heights,Manhattan,Brooklyn
2019-02-28 03:12:44,2019-02-28 03:27:41,1,0.48,6.9,2.86,0.32,9.94,green,cash,Midtown North,Canarsie,Manhattan,Brooklyn
2019-03-23 10:31:45,2019-03-23 10:45:55,1,1.69,11.9,0.14,0.34,14.9,green,credit card,Lenox Hill West,Hunts Point,Manhattan,Bronx
2019-03-18 06:07:14,2019-03-18 06:19:39,1,0.52,8.5,1.78,0.03,13.7,green,credit card,Fort Greene,Lenox Hill West,Brooklyn,Manhattan
2019-03-16 21:08:05,2019-03-16 21:21:00,1,6.76,3.4,0.03,0.0,8.41,green,cash,Stuyvesant Heights,Financial District North,Brooklyn,Manhattan
2019-03-14 10:33:51,2019-03-14 10:49:55,1,0.98,9.02,2.31,0.0,10.3,green,cash,Lincoln Square East,UN/Turtle Bay South,Manhattan,Manhattan
2019-03-16 23:48:19,2019-03-17 00:00:00,1,0.43,16.22,0.57,0.16,21.6,green,cash,Upper East Side North,Bushwick South,Manhattan,Brooklyn
2019-03-06 19:04:40,2019-03-06 19:18:45,1,1.47,8.9,0.94,2.09,49.36,green,credit card,Elmhurst,Woodside,Queens,Queens
2019-03-13 02:23:29,2019-03-13 02:35:22,2,1.8,6.8,1.31,0.13,11.86,green,credit card,East Harlem South,Washington Heights North,Manhattan,Manhattan
2019-03-06 23:48:28,2019-03-07 00:02:13,1,2.47,6.1,0.92,0.07,25.07,green,cash,Murray Hill,TriBeCa/Civic Center,Manhattan,Manhattan
2019-03-18 11:34:39,2019-03-18 11:46:51,2,0.37,8.7,1.03,0.05,16.65,green,credit card,Upper East Side South,Baisley Park,Manhattan,Queens
2019-03-28 00:49:16,2019-03-28 01:05:41,1,3.04,7.0,1.21,0.13,16.4,green,credit card,Sutton Place/Turtle Bay North,East Chelsea,Manhattan,Manhattan
2019-02-28 06:37:00,2019-02-28 06:52:07,1,1.39,2.6,0.85,0.1,13.13,green,cash,Flatiron,Steinway,Manhattan,Queens
2019-03-31 05:38:05,2019-03-31 05:52:20,1,4.18,11.2,1.64,0.06,25.23,green,cash,Lenox Hill East,Union Sq,Manhattan,Manhattan
2019-03-23 09:34:03,2019-03-23 09:47:20,1,2.28,7.31,6.47,0.13,14.0,green,cash,Lenox Hill East,Central Park,Manhattan,Manhattan
2019-03-13 22:44:35,2019-03-13 22:59:05,4,18.22,5.4,1.29,0.3,16.44,green,credit card,Downtown Brooklyn/MetroTech,Queensbridge/Ravenswood,Brooklyn,Queens
2019-03-31 14:46:34,2019-03-31 15:01:23,1,0.87,16.28,6.64,0.84,20.7,green,cash,Woodside,Riverdale/North Riverdale/Fieldston,Queens,Bronx
2019-03-27 04:24:42,2019-03-27 04:37:24,1,1.32,5.8,0.04,0.15,11.75,green,cash,Penn Station/Madison Sq West,Kew Gardens Hills,Manhattan,Queens
2019-03-14 12:06:05,2019-03-14 12:20:24,3,0.25,11.7,0.27,0.06,30.98,green,credit card,West Village,Whitestone,Manhattan,Queens
2019-03-28 14:22:27,2019-03-28 14:36:16,1,2.46,7.8,1.01,0.04,63.47,green,credit card,Gramercy,Douglaston,Manhattan,Queens
2019-03-03 13:33:05,2019-03-03 13:48:45,1,0.4,10.7,0.73,0.26,17.64,green,credit card,Times Sq/Theatre District,Flatbush/Ditmas Park,Manhattan,Brooklyn
2019-03-02 12:45:46,2019-03-02 13:00:43,1,1.93,6.6,0.99,0.17,29.58,green,cash,Bloomingdale,Highbridge,Manhattan,Bronx
2019-03-12 10:52:44,2019-03-12 11:07:29,1,1.15,15.69,1.33,0.03,15.8,green,cash,Midtown East,West Chelsea/Hudson Yards,Manhattan,Manhattan
2019-03-30 19:06:47,2019-03-30 19:22:45,1,0.02,6.49,0.74,0.12,16.6,green,credit card,Times Sq/Theatre District,Prospect Heights,Manhattan,Brooklyn
2019-03-13 08:20:53,2019-03-13 08:35:44,1,1.2,4.74,0.66,0.03,5.8,green,credit card,Greenpoint,Bloomingdale,Brooklyn,Manhattan
2019-02-28 23:59:52,2019-03-01 00:11:46,1,4.45,8.3,1.64,0.19,19.35,green,cash,Midtown South,Meatpacking/West Village West,Manhattan,Manhattan
2019-03-23 22:20:40,2019-03-23 22:34:30,1,0.52,11.69,1.2,0.11,19.5,green,credit card,Times Sq/Theatre District,Sunnyside,Manhattan,Queens
2019-03-12 11:33:12,2019-03-12 11:46:31,1,0.61,6.85,4.29,0.11,11.2,green,credit card,Midtown North,Williamsburg (South Side),Manhattan,Brooklyn
2019-03-21 01:02:36,2019-03-21 01:18:33,1,1.09,9.3,0.92,0.02,19.8,green,credit card,Clinton East,Manhattanville,Manhattan,Manhattan
2019-03-08 04:10:47,2019-03-08 04:24:23,2,0.3,9.4,0.83,0.0,11.17,green,cash,Midtown East,Brownsville,Manhattan,Brooklyn
2019-03-17 15:03:51,2019-03-17 15:22:15,1,1.58,17.2,0.82,3.67,67.24,green,cash,JFK Airport,Crotona Park East,Queens,Bronx
2019-03-05 12:35:31,2019-03-05 12:50:23,1,2.97,20.0,2.53,0.01,23.09,green,credit card,Bushwick South,Central Harlem North,Brooklyn,Manhattan
2019-03-02 08:59:37,2019-03-02 09:14:01,1,0.84,5.3,2.97,0.0,9.93,green,cash,Yorkville East,Red Hook,Manhattan,Brooklyn
2019-03-25 03:42:15,2019-03-25 03:58:38,1,3.69,5.97,2.75,0.04,12.2,green,cash,Lenox Hill West,Kingsbridge Heights,Manhattan,Bronx
2019-03-03 07:19:01,2019-03-03 07:32:41,3,0.26,7.7,0.16,0.04,11.34,green,credit card,Union Sq,Fort Greene,Manhattan,Brooklyn
2019-03-24 18:15:18,2019-03-24 18:28:12,1,4.5,8.4,0.07,0.36,14.59,green,credit card,West Village,Carroll Gardens,Manhattan,Brooklyn
2019-03-31 18:17:55,2019-03-31 18:35:00,2,24.85,21.78,0.48,0.57,43.9,green,cash,LaGuardia Airport,Cambria Heights,Queens,Queens
2019-03-04 05:29:10,2019-03-04 05:45:25,1,1.56,11.79,2.37,0.02,14.4,green,cash,Upper West Side North,TriBeCa/Civic Center,Manhattan,Manhattan
2019-03-04 16:07:17,2019-03-04 16:21:40,1,0.84,7.11,0.17,0.39,12.9,green,cash,East Concourse/Concourse Village,Belmont,Bronx,Bronx
2019-03-08 15:20:55,2019-03-08 15:34:36,5,4.77,9.39,0.8,0.0,27.2,green,credit card,Williamsburg (North Side),Lincoln Square East,Brooklyn,Manhattan
2019-03-03 06:56:37,2019-03-03 07:08:43,1,0.03,10.4,0.84,0.01,11.46,green,credit card,Lincoln Square West,Crotona Park East,Manhattan,Bronx
2019-03-24 16:11:41,2019-03-24 16:27:13,1,4.74,10.9,8.81,0.18,13.3,green,cash,Lenox Hill West,East Tremont,Manhattan,Bronx
2019-03-13 03:07:06,2019-03-13 03:18:06,4,0.16,4.7,2.36,0.03,24.54,green,credit card,Upper West Side North,Parkchester,Manhattan,Bronx
2019-03-09 05:58:14,2019-03-09 06:10:56,2,5.21,9.95,3.76,0.3,23.5,green,credit card,TriBeCa/Civic Center,Steinway,Manhattan,Queens
2019-03-04 13:58:14,2019-03-04 14:12:47,1,1.94,27.5,0.49,0.08,36.33,green,credit card,Bloomingdale,Lenox Hill East,Manhattan,Manhattan
2019-03-22 09:22:42,2019-03-22 09:36:31,1,2.33,7.1,1.7,0.4,15.05,green,cash,Greenwich Village North,Crown Heights South,Manhattan,Brooklyn
2019-03-16 13:05:09,2019-03-16 13:17:48,1,0.32,15.0,0.54,0.12,19.66,green,cash,Financial District North,Parkchester,Manhattan,Bronx
2019-03-28 15:06:28,2019-03-28 15:20:31,2,2.06,9.0,2.0,0.01,10.68,green,credit card,Penn Station/Madison Sq West,Madison,Manhattan,Brooklyn
2019-03-01 18:58:21,2019-03-01 19:11:40,1,6.1,9.8,5.63,0.53,21.29,green,cash,JFK Airport,Washington Heights North,Queens,Manhattan
2019-03-13 18:47:06,2019-03-13 18:59:11,1,3.11,4.4,0.48,0.22,13.48,green,cash,Sutton Place/Turtle Bay North,Rego Park,Manhattan,Queens
2019-03-04 17:16:14,2019-03-04 17:30:52,1,0.29,6.2,1.82,0.11,21.42,green,credit card,Penn Station/Madison Sq West,Murray Hill-Queens,Manhattan,Queens
2019-03-22 05:04:40,2019-03-22 05:17:28,1,8.79,29.03,4.38,0.92,42.9,green,credit card,Richmond Hill,LaGuardia Airport,Queens,Queens
2019-03-29 12:08:26,2019-03-29 12:22:02,1,0.74,4.5,0.18,0.23,16.48,green,credit card,Midtown East,East Concourse/Concourse Village,Manhattan,Bronx
2019-03-22 14:46:48,2019-03-22 15:01:38,1,3.78,7.9,0.49,0.05,15.14,green,cash,Two Bridges/Seward Park,Union Sq,Manhattan,Manhattan
2019-03-28 19:51:10,2019-03-28 20:04:35,1,36.7,15.04,1.08,5.05,39.0,green,cash,East Elmhurst,Mott Haven/Port Morris,Queens,Bronx
2019-03-24 03:48:18,2019-03-24 04:01:18,6,19.14,21.1,3.6,0.36,25.16,green,credit card,LaGuardia Airport,Chinatown,Queens,Manhattan
2019-03-19 05:04:00,2019-03-19 05:17:24,1,1.31,5.29,3.67,0.15,10.0,green,credit card,Upper East Side North,Kew Gardens,Manhattan,Queens
2019-03-27 09:57:57,2019-03-27 10:14:21,1,13.05,7.3,6.43,3.27,25.89,green,cash,Jamaica,Cobble Hill,Queens,Brooklyn
2019-03-01 16:51:38,2019-03-01 17:06:37,1,1.37,4.3,1.95,0.01,14.03,green,credit card,Downtown Brooklyn/MetroTech,Springfield Gardens South,Brooklyn,Queens
2019-03-12 14:06:25,2019-03-12 14:21:34,1,3.15,15.33,1.15,0.06,17.3,green,credit card,East Harlem South,Downtown Brooklyn/MetroTech,Manhattan,Brooklyn
2019-03-27 18:05:04,2019-03-27 18:18:37,2,3.05,22.8,2.61,0.03,35.88,green,cash,Midtown South,Upper West Side South,Manhattan,Manhattan
2019-03-18 04:13:24,2019-03-18 04:27:46,1,3.57,10.66,2.02,0.07,13.4,green,cash,Manhattanville,Hamilton Heights,Manhattan,Manhattan
2019-03-07 16:15:45,2019-03-07 16:32:05,1,0.91,2.6,1.1,0.08,16.59,green,cash,West Chelsea/Hudson Yards,SoHo,Manhattan,Manhattan
2019-03-10 17:17:43,2019-03-10 17:32:00,1,4.52,8.6,0.62,0.72,10.39,green,credit card,Greenwich Village South,Central Harlem,Manhattan,Manhattan
2019-03-31 13:27:09,2019-03-31 13:42:36,1,7.88,16.5,1.76,0.37,26.96,green,cash,Elmhurst,Red Hook,Queens,Brooklyn
2019-03-13 15:45:44,2019-03-13 16:02:59,1,4.64,8.4,2.15,0.35,14.5,green,cash,Clinton East,Sutton Place/Turtle Bay North,Manhattan,Manhattan
2019-03-27 19:56:20,2019-03-27 20:11:33,1,0.16,12.9,0.35,0.09,14.41,green,credit card,Union Sq,Kingsbridge Heights,Manhattan,Bronx
2019-03-11 16:53:48,2019-03-11 17:10:03,1,5.91,9.3,1.17,0.02,20.77,green,credit card,Garment District,Eastchester,Manhattan,Bronx
2019-03-29 13:31:57,2019-03-29 13:44:33,3,1.16,4.4,2.64,0.08,11.85,green,cash,Lower East Side,Financial District North,Manhattan,Manhattan
2019-03-31 07:09:37,2019-03-31 07:23:10,1,3.08,6.29,0.71,0.12,6.6,green,cash,SoHo,Crotona Park East,Manhattan,Bronx
2019-03-24 14:32:34,2019-03-24 14:46:53,5,3.69,9.61,1.58,0.11,10.1,green,cash,Times Sq/Theatre District,Glendale,Manhattan,Queens
2019-03-06 02:30:11,2019-03-06 02:44:13,1,0.88,6.1,2.47,0.16,12.28,green,credit card,Upper East Side North,Bronxdale,Manhattan,Bronx
2019-03-13 04:47:29,2019-03-13 05:01:37,1,0.31,2.4,2.26,0.15,12.72,green,credit card,Murray Hill,Murray Hill,Manhattan,Manhattan
2019-03-28 21:38:55,2019-03-28 21:49:41,1,1.56,6.9,3.29,0.12,13.49,green,cash,Midtown East,Middle Village,Manhattan,Queens
2019-03-11 13:07:18,2019-03-11 13:20:17,6,0.09,3.0,0.17,0.59,12.72,green,credit card,West Farms/Bronx River,Jamaica Estates,Bronx,Queens
2019-03-01 13:17:32,2019-03-01 13:32:15,1,3.57,3.5,0.0,1.63,20.51,green,credit card,Jamaica Estates,Bronxdale,Queens,Bronx
2019-03-25 15:57:56,2019-03-25 16:10:53,1,0.65,10.2,0.32,0.05,10.51,green,cash,East Village,LaGuardia Airport,Manhattan,Queens
2019-03-21 21:00:03,2019-03-21 21:14:33,1,3.38,6.52,1.78,0.05,10.6,green,cash,Penn Station/Madison Sq West,Sunset Park West,Manhattan,Brooklyn
2019-03-19 03:23:11,2019-03-19 03:36:59,0,0.49,9.4,2.55,0.03,16.2,green,cash,West Village,Lincoln Square East,Manhattan,Manhattan
2019-03-15 01:47:06,2019-03-15 02:01:31,1,1.86,9.8,8.12,0.29,9.93,green,credit card,Flatiron,East Harlem North,Manhattan,Manhattan
2019-03-25 15:54:44,2019-03-25 16:08:18,1,7.42,4.3,0.21,0.19,4.66,green,cash,Yorkville West,Old Astoria,Manhattan,Queens
2019-03-03 13:34:45,2019-03-03 13:47:02,6,7.79,10.6,3.71,0.18,16.36,green,cash,Union Sq,Brooklyn Navy Yard,Manhattan,Brooklyn
2019-03-10 04:45:32,2019-03-10 04:58:11,1,0.81,11.5,0.04,0.12,18.84,green,credit card,Upper East Side North,Chinatown,Manhattan,Manhattan
2019-03-31 04:37:50,2019-03-31 04:51:54,1,1.98,9.4,0.21,0.01,15.58,green,credit card,Yorkville East,Jamaica Estates,Manhattan,Queens
2019-02-28 01:15:42,2019-02-28 01:30:05,2,0.22,16.43,3.3,0.15,17.2,green,credit card,Midtown East,Upper West Side South,Manhattan,Manhattan
2019-03-12 09:50:26,2019-03-12 10:03:46,1,1.63,6.2,5.5,0.34,9.19,green,cash,Upper East Side South,Midtown North,Manhattan,Manhattan
2019-03-30 01:20:07,2019-03-30 01:34:49,1,2.44,4.5,1.06,0.0,15.93,green,cash,World Trade Center,Stuyvesant Heights,Manhattan,Brooklyn
2019-03-15 12:47:29,2019-03-15 13:03:52,1,3.28,13.02,7.05,0.01,24.3,green,credit card,Central Harlem,Bensonhurst West,Manhattan,Brooklyn
2019-03-25 16:29:15,2019-03-25 16:41:08,3,0.42,20.91,2.79,0.01,27.5,green,credit card,East Village,Inwood,Manhattan,Manhattan
2019-03-17 01:07:05,2019-03-17 01:20:53,5,5.97,5.3,2.21,0.01,11.64,green,cash,Washington Heights South,Briarwood/Jamaica Hills,Manhattan,Queens
2019-03-17 07:46:29,2019-03-17 08:01:37,6,20.23,8.64,8.08,0.15,25.4,green,credit card,JFK Airport,Crown Heights North,Queens,Brooklyn
2019-03-04 11:13:06,2019-03-04 11:25:18,1,6.59,8.99,0.03,0.23,64.1,green,credit card,South Williamsburg,Carroll Gardens,Brooklyn,Brooklyn
2019-03-05 09:12:05,2019-03-05 09:25:05,1,1.23,6.5,1.67,0.07,20.33,green,cash,Upper East Side North,Hillcrest/Pomonok,Manhattan,Queens
2019-03-20 08:26:11,2019-03-20 08:38:04,1,0.78,5.1,1.23,0.04,13.63,green,cash,Lenox Hill East,East Concourse/Concourse Village,Manhattan,Bronx
2019-03-07 21:33:18,2019-03-07 21:48:44,1,0.27,10.5,0.69,0.01,27.85,green,cash,Lincoln Square East,Boerum Hill,Manhattan,Brooklyn
2019-03-01 14:16:46,2019-03-01 14:32:44,1,5.07,23.9,0.57,0.02,25.72,green,credit card,Midtown East,Melrose South,Manhattan,Bronx
2019-03-29 14:47:31,2019-03-29 15:01:07,1,1.33,7.37,0.62,0.64,7.6,green,cash,Lincoln Square East,Woodhaven,Manhattan,Queens
2019-03-23 18:53:56,2019-03-23 19:08:42,4,3.43,16.9,0.59,0.02,29.4,green,cash,Upper West Side South,Briarwood/Jamaica Hills,Manhattan,Queens
2019-03-21 14:51:28,2019-03-21 15:08:24,1,1.23,12.9,0.6,0.03,13.03,green,credit card,Upper East Side South,Prospect Park,Manhattan,Brooklyn
2019-03-11 03:48:03,2019-03-11 04:00:22,1,1.47,10.18,1.75,0.09,15.3,green,credit card,Central Harlem,Flatbush/Ditmas Park,Manhattan,Brooklyn
2019-03-11 01:03:05,2019-03-11 01:16:29,1,1.34,9.1,0.17,0.1,14.9,green,cash,Cobble Hill,Bay Ridge,Brooklyn,Brooklyn
2019-03-06 06:07:59,2019-03-06 06:22:07,6,2.23,5.6,0.17,0.16,25.23,green,cash,Midtown South,Clinton East,Manhattan,Manhattan
2019-03-02 07:30:14,2019-03-02 07:47:39,1,1.52,9.21,0.82,0.02,48.3,green,cash,Sheepshead Bay,Two Bridges/Seward Park,Brooklyn,Manhattan
2019-03-07 23:22:44,2019-03-07 23:38:27,1,1.91,14.4,0.2,0.77,77.84,green,credit card,Jackson Heights,Lenox Hill East,Queens,Manhattan
2019-03-04 01:11:29,2019-03-04 01:27:29,4,4.91,7.99,2.08,0.0,11.1,green,credit card,Battery Park City,Crown Heights South,Manhattan,Brooklyn
2019-02-28 18:28:25,2019-02-28 18:43:11,2,1.18,7.07,0.81,0.01,15.4,green,cash,West Chelsea/Hudson Yards,Carroll Gardens,Manhattan,Brooklyn
2019-03-29 01:15:13,2019-03-29 01:29:22,1,0.05,4.5,0.53,0.05,10.08,green,credit card,UN/Turtle Bay South,Bushwick North,Manhattan,Brooklyn
2019-03-11 01:11:50,2019-03-11 01:25:49,4,0.82,11.21,2.42,0.07,14.0,green,credit card,Upper West Side South,Midtown South,Manhattan,Manhattan
2019-03-16 04:26:59,2019-03-16 04:41:10,2,0.06,11.6,1.6,0.08,13.14,green,credit card,Midtown North,Ridgewood,Manhattan,Queens
2019-03-15 06:16:09,2019-03-15 06:30:36,6,1.29,3.1,0.96,0.03,8.33,green,cash,TriBeCa/Civic Center,Steinway,Manhattan,Queens
2019-03-23 07:25:33,2019-03-23 07:40:40,2,1.04,11.2,0.3,0.02,15.25,green,cash,Midtown South,Bushwick North,Manhattan,Brooklyn
2019-03-24 12:02:08,2019-03-24 12:16:04,1,2.25,10.7,0.45,0.07,13.31,green,credit card,Lenox Hill East,Yorkville West,Manhattan,Manhattan
2019-03-13 14:59:55,2019-03-13 15:13:56,5,0.29,16.72,1.99,0.13,31.1,green,cash,Gramercy,Middle Village,Manhattan,Queens
2019-03-31 04:49:16,2019-03-31 05:04:33,1,4.01,18.01,1.66,0.42,27.2,green,cash,Downtown Brooklyn/MetroTech,DUMBO/Vinegar Hill,Brooklyn,Brooklyn
2019-03-29 16:09:32,2019-03-29 16:23:10,2,0.1,7.6,1.42,0.07,12.53,green,credit card,West Chelsea/Hudson Yards,Midtown East,Manhattan,Manhattan
2019-03-22 15:53:08,2019-03-22 16:09:22,2,2.11,5.2,0.88,0.08,13.55,green,credit card,Midtown North,Flatbush/Ditmas Park,Manhattan,Brooklyn
2019-03-16 10:33:16,2019-03-16 10:47:43,6,4.79,11.8,2.06,0.02,14.05,green,credit card,Murray Hill,Queensboro Hill,Manhattan,Queens
2019-03-23 19:44:25,2019-03-23 19:57:52,1,0.61,9.93,0.8,0.12,10.5,green,cash,Hudson Sq,Hillcrest/Pomonok,Manhattan,Queens
2019-03-09 18:43:49,2019-03-09 18:58:17,1,3.69,7.15,5.28,0.12,8.1,green,cash,Central Park,Central Harlem North,Manhattan,Manhattan
2019-03-02 04:39:17,2019-03-02 04:50:48,3,1.34,5.87,0.29,0.17,22.9,green,credit card,Park Slope,Fresh Meadows,Brooklyn,Queens
2019-03-26 23:26:17,2019-03-26 23:38:34,1,0.78,16.67,1.32,0.17,25.0,green,credit card,Greenwich Village North,Stuy Town/Peter Cooper Village,Manhattan,Manhattan
2019-03-31 19:29:46,2019-03-31 19:45:20,1,1.65,6.6,1.09,0.12,21.07,green,cash,Upper West Side North,Kips Bay,Manhattan,Manhattan
2019-03-13 19:08:58,2019-03-13 19:24:05,1,1.12,9.42,0.21,0.09,19.2,green,credit card,Clinton Hill,Hamilton Heights,Brooklyn,Manhattan
2019-03-12 11:22:06,2019-03-12 11:37:14,1,0.65,9.6,1.25,0.32,11.06,green,credit card,Financial District North,Upper West Side South,Manhattan,Manhattan
2019-03-23 23:19:27,2019-03-23 23:33:10,3,2.06,15.1,0.63,0.04,16.22,green,credit card,Penn Station/Madison Sq West,Van Cortlandt Village,Manhattan,Bronx
2019-03-23 01:09:53,2019-03-23 01:23:41,1,0.69,5.7,0.76,0.04,18.71,green,cash,Upper East Side South,Seaport,Manhattan,Manhattan
2019-03-09 05:34:59,2019-03-09 05:48:42,1,0.64,8.1,3.86,0.15,16.31,green,cash,Greenwich Village North,Jamaica,Manhattan,Queens
2019-03-30 09:46:52,2019-03-30 10:01:19,5,1.54,10.87,0.57,0.1,30.0,green,credit card,Yorkville East,Brownsville,Manhattan,Brooklyn
2019-03-23 18:46:34,2019-03-23 19:00:45,1,0.11,5.53,5.5,0.05,17.07,green,cash,Greenwich Village South,Central Harlem,Manhattan,Manhattan
2019-03-28 18:20:14,2019-03-28 18:31:25,1,1.15,4.4,0.53,0.14,13.85,green,cash,Kips Bay,Soundview/Castle Hill,Manhattan,Bronx
2019-03-15 00:19:33,2019-03-15 00:33:41,1,7.87,9.3,1.45,0.04,10.05,green,credit card,Lincoln Square East,Jamaica Estates,Manhattan,Queens
2019-03-27 07:01:31,2019-03-27 07:14:42,2,3.45,21.0,1.78,0.07,22.09,green,credit card,Union Sq,Westchester Village/Unionport,Manhattan,Bronx
2019-03-14 00:26:18,2019-03-14 00:42:07,1,0.21,6.53,1.04,0.08,25.7,green,cash,Murray Hill,East Flatbush/Farragut,Manhattan,Brooklyn
2019-03-01 05:45:13,2019-03-01 06:00:15,1,2.21,12.3,0.4,0.03,33.29,green,cash,Midtown Center,Financial District South,Manhattan,Manhattan
2019-03-29 07:42:12,2019-03-29 07:56:35,1,1.91,5.3,0.77,0.14,18.56,green,cash,Midtown North,Brighton Beach,Manhattan,Brooklyn
2019-03-16 21:55:18,2019-03-16 22:09:29,1,2.77,4.3,0.25,0.3,19.91,green,credit card,East Harlem North,Bronxdale,Manhattan,Bronx
2019-03-22 12:51:39,2019-03-22 13:08:07,1,4.29,14.4,0.89,0.13,26.15,green,credit card,Times Sq/Theatre District,Kips Bay,Manhattan,Manhattan
2019-03-22 11:38:42,2019-03-22 11:51:06,6,2.51,7.56,5.92,2.31,30.0,green,cash,JFK Airport,South Jamaica,Queens,Queens
2019-03-30 04:53:38,2019-03-30 05:06:16,1,3.28,11.41,0.0,0.72,34.7,green,credit card,Soundview/Castle Hill,Norwood,Bronx,Bronx
2019-03-11 02:03:03,2019-03-11 02:17:58,2,1.25,9.4,0.09,0.61,10.19,green,credit card,Lincoln Square East,Little Italy/NoLiTa,Manhattan,Manhattan
2019-03-20 17:11:54,2019-03-20 17:24:47,2,4.91,14.9,1.49,0.09,15.23,green,cash,SoHo,Cambria Heights,Manhattan,Queens
2019-03-28 20:20:54,2019-03-28 20:36:42,1,0.55,14.0,1.71,0.15,14.78,green,cash,Lenox Hill East,Meatpacking/West Village West,Manhattan,Manhattan
2019-03-02 19:00:55,2019-03-02 19:13:41,1,0.64,6.4,0.3,0.11,15.95,green,cash,Gramercy,Kew Gardens,Manhattan,Queens
2019-02-28 14:35:49,2019-02-28 14:49:56,1,4.03,18.6,0.71,0.12,18.79,green,credit card,Lincoln Square East,Union Sq,Manhattan,Manhattan
2019-03-20 19:03:49,2019-03-20 19:16:45,1,0.01,5.4,1.26,0.17,12.95,green,cash,Lenox Hill East,Yorkville East,Manhattan,Manhattan
2019-03-01 03:18:31,2019-03-01 03:31:44,1,5.25,10.7,3.08,0.07,19.01,green,cash,Upper East Side South,Roosevelt Island,Manhattan,Manhattan
2019-02-28 23:42:58,2019-02-28 23:56:02,1,0.17,15.8,0.84,0.0,16.7,green,credit card,West Village,Yorkville West,Manhattan,Manhattan
2019-03-26 13:04:42,2019-03-26 13:17:29,1,1.36,21.8,0.04,0.47,53.3,green,credit card,LaGuardia Airport,Claremont/Bathgate,Queens,Bronx
2019-03-03 20:24:55,2019-03-03 20:39:11,2,1.88,7.0,0.85,0.25,18.43,green,credit card,TriBeCa/Civic Center,Soundview/Bruckner,Manhattan,Bronx
2019-03-29 13:28:50,2019-03-29 13:44:31,1,2.14,49.51,6.91,7.44,56.6,green,cash,LaGuardia Airport,Central Harlem,Queens,Manhattan
2019-03-30 01:44:34,2019-03-30 01:59:54,2,1.04,13.95,5.12,0.15,26.8,green,cash,Upper East Side North,Flatbush/Ditmas Park,Manhattan,Brooklyn
2019-03-20 20:43:29,2019-03-20 20:57:20,1,0.96,8.0,1.05,0.21,11.99,green,credit card,Union Sq,Battery Park City,Manhattan,Manhattan
2019-03-13 17:31:18,2019-03-13 17:45:08,1,6.63,12.6,3.87,0.08,18.75,green,credit card,Midtown South,Fort Greene,Manhattan,Brooklyn
2019-03-28 21:08:57,2019-03-28 21:25:04,5,1.3,6.7,4.52,0.07,18.69,green,cash,Central Park,Manhattan Beach,Manhattan,Brooklyn
2019-03-28 21:42:24,2019-03-28 21:55:52,2,5.62,11.6,1.22,0.07,12.38,green,credit card,West Chelsea/Hudson Yards,Madison,Manhattan,Brooklyn
2019-03-07 09:20:47,2019-03-07 09:32:05,1,3.23,12.54,0.1,0.19,21.3,green,credit card,Stuyvesant Heights,Astoria,Brooklyn,Queens
2019-03-26 00:52:17,2019-03-26 01:06:15,1,9.24,21.11,2.06,0.95,62.5,green,credit card,Forest Hills,Norwood,Queens,Bronx
2019-03-30 18:31:29,2019-03-30 18:46:57,1,0.33,15.2,1.64,0.05,16.38,green,cash,TriBeCa/Civic Center,Starrett City,Manhattan,Brooklyn
2019-03-27 15:10:19,2019-03-27 15:24:05,1,1.78,5.21,7.39,0.05,12.1,green,cash,Clinton West,Gramercy,Manhattan,Manhattan
2019-03-01 11:53:45,2019-03-01 12:09:23,1,1.9,5.9,2.48,0.04,10.91,green,credit card,Upper West Side South,Gowanus,Manhattan,Brooklyn
2019-03-23 16:53:10,2019-03-23 17:07:47,1,0.28,6.74,1.96,0.35,9.7,green,cash,Little Italy/NoLiTa,West Chelsea/Hudson Yards,Manhattan,Manhattan
2019-03-02 15:05:19,2019-03-02 15:18:43,3,0.18,13.27,2.83,0.23,15.5,green,cash,Midtown East,Central Harlem North,Manhattan,Manhattan
2019-03-30 16:43:19,2019-03-30 16:57:45,3,1.26,5.8,1.1,0.11,25.52,green,credit card,Meatpacking/West Village West,Hunts Point,Manhattan,Bronx
2019-03-22 12:03:37,2019-03-22 12:14:57,1,1.75,18.31,2.24,0.13,19.4,green,credit card,TriBeCa/Civic Center,Times Sq/Theatre District,Manhattan,Manhattan
2019-03-31 11:06:02,2019-03-31 11:16:51,1,0.52,5.9,0.11,0.02,16.79,green,cash,Upper West Side South,TriBeCa/Civic Center,Manhattan,Manhattan
2019-03-04 12:35:01,2019-03-04 12:49:22,1,0.13,8.8,0.55,0.27,27.44,green,cash,Midtown East,Flatiron,Manhattan,Manhattan
2019-03-14 18:56:23,2019-03-14 19:08:47,2,6.23,10.6,3.77,0.01,17.5,green,cash,Midtown North,Carroll Gardens,Manhattan,Brooklyn
2019-03-06 02:39:10,2019-03-06 02:53:34,5,0.65,5.1,1.44,0.04,7.55,green,credit card,Upper East Side South,Upper East Side North,Manhattan,Manhattan
2019-03-28 08:35:56,2019-03-28 08:52:42,1,1.14,17.8,7.34,0.13,23.24,green,credit card,Lenox Hill West,Hudson Sq,Manhattan,Manhattan
2019-03-02 05:04:15,2019-03-02 05:18:52,1,5.57,12.1,1.47,0.17,44.37,green,cash,Upper West Side South,Gravesend,Manhattan,Brooklyn
2019-03-23 11:44:14,2019-03-23 11:58:26,1,3.49,18.43,0.2,0.13,20.1,green,credit card,Murray Hill,Flatlands,Manhattan,Brooklyn
2019-02-28 04:46:29,2019-02-28 05:00:32,2,6.96,3.9,1.96,0.24,15.85,green,credit card,Midtown East,West Village,Manhattan,Manhattan
2019-03-15 17:55:09,2019-03-15 18:10:12,1,3.45,17.0,1.66,0.07,17.85,green,credit card,Penn Station/Madison Sq West,Bensonhurst East,Manhattan,Brooklyn
2019-03-17 21:27:46,2019-03-17 21:40:31,6,5.31,9.09,2.19,0.11,24.7,green,cash,Elmhurst,Woodlawn/Wakefield,Queens,Bronx
2019-03-09 10:56:33,2019-03-09 11:10:21,1,2.99,7.2,1.39,0.06,21.68,green,cash,West Chelsea/Hudson Yards,Financial District North,Manhattan,Manhattan
2019-03-25 11:36:05,2019-03-25 11:52:48,1,13.38,3.2,0.55,0.06,10.47,green,credit card,Bedford,College Point,Brooklyn,Queens
2019-03-01 16:20:43,2019-03-01 16:30:46,1,4.5,9.1,1.52,0.04,24.63,green,cash,Union Sq,Brownsville,Manhattan,Brooklyn
2019-03-01 12:55:40,2019-03-01 13:08:33,1,0.47,17.68,1.58,0.06,19.0,green,cash,Kips Bay,Allerton/Pelham Gardens,Manhattan,Bronx
2019-03-19 11:26:29,2019-03-19 11:41:30,5,6.22,15.19,0.29,0.13,20.3,green,credit card,Lincoln Square East,Little Italy/NoLiTa,Manhattan,Manhattan
2019-03-19 12:58:57,2019-03-19 13:12:51,6,1.77,9.1,3.44,0.19,10.48,green,credit card,Times Sq/Theatre District,Jamaica,Manhattan,Queens
2019-03-13 02:41:26,2019-03-13 02:55:48,1,1.59,10.0,4.1,0.4,19.79,green,credit card,UN/Turtle Bay South,Crown Heights North,Manhattan,Brooklyn
2019-03-22 22:30:57,2019-03-22 22:44:06,1,0.26,9.8,3.39,0.05,13.51,green,cash,East Village,Glendale,Manhattan,Queens
2019-03-14 23:31:03,2019-03-14 23:46:02,1,2.25,9.87,0.24,0.68,18.8,green,cash,Allerton/Pelham Gardens,East Village,Bronx,Manhattan
2019-03-26 00:45:10,2019-03-26 00:59:41,1,0.02,8.06,3.83,0.05,8.4,green,credit card,Lower East Side,Yorkville East,Manhattan,Manhattan
2019-03-20 09:32:50,2019-03-20 09:45:54,1,13.48,11.2,2.32,0.14,13.67,green,credit card,Yorkville West,Lower East Side,Manhattan,Manhattan
2019-03-12 15:49:43,2019-03-12 16:03:14,1,8.05,5.11,2.32,0.01,19.0,green,cash,Park Slope,Spuyten Duyvil/Kingsbridge,Brooklyn,Bronx
2019-03-18 14:21:23,2019-03-18 14:37:06,2,0.18,6.61,0.56,0.02,17.0,green,credit card,Financial District South,Springfield Gardens South,Manhattan,Queens
2019-03-17 08:00:22,2019-03-17 08:15:23,1,11.51,4.7,0.49,0.24,27.52,green,credit card,East Flatbush/Farragut,Upper East Side North,Brooklyn,Manhattan
2019-03-09 13:20:52,2019-03-09 13:36:52,1,3.72,8.8,0.69,0.01,37.37,green,cash,Clinton West,Marble Hill,Manhattan,Manhattan
2019-03-19 19:58:39,2019-03-19 20:13:51,4,1.29,27.7,1.09,0.12,53.28,green,cash,Woodside,Williamsburg (South Side),Queens,Brooklyn
2019-03-14 03:34:44,2019-03-14 03:48:38,1,1.17,19.3,1.21,0.01,22.47,green,cash,Central Harlem North,Upper West Side North,Manhattan,Manhattan
2019-03-11 11:52:23,2019-03-11 12:06:08,1,0.76,16.3,0.46,0.11,18.73,green,credit card,Midtown North,Woodhaven,Manhattan,Queens
2019-03-31 07:42:04,2019-03-31 07:59:28,2,3.07,4.7,0.04,0.04,20.41,green,cash,Midtown Center,Midtown East,Manhattan,Manhattan
2019-03-10 16:50:39,2019-03-10 17:01:53,1,2.01,87.61,0.29,1.33,88.5,green,cash,JFK Airport,West Brighton,Queens,Staten Island
2019-03-23 13:30:47,2019-03-23 13:44:23,1,6.51,6.71,1.84,0.01,12.1,green,credit card,Lower East Side,Pelham Parkway,Manhattan,Bronx
2019-03-09 09:00:34,2019-03-09 09:16:32,1,4.83,6.4,3.07,0.13,20.2,green,credit card,Inwood,Briarwood/Jamaica Hills,Manhattan,Queens
2019-03-10 18:05:12,2019-03-10 18:17:44,1,7.31,6.8,2.95,0.04,7.37,green,cash,Lincoln Square East,Steinway,Manhattan,Queens
2019-03-18 07:25:28,2019-03-18 07:42:28,1,0.27,12.5,0.25,0.05,19.3,green,cash,Midtown North,East New York,Manhattan,Brooklyn
2019-03-29 06:44:25,2019-03-29 07:02:51,6,0.02,7.5,0.28,0.0,22.42,green,cash,Lincoln Square West,Flatlands,Manhattan,Brooklyn
2019-03-06 03:03:09,2019-03-06 03:18:13,1,1.47,8.8,0.1,0.27,15.05,green,credit card,Upper West Side North,Financial District South,Manhattan,Manhattan
2019-03-26 13:31:30,2019-03-26 13:45:28,5,0.1,7.5,0.75,0.22,35.04,green,credit card,Lenox Hill West,Middle Village,Manhattan,Queens
2019-03-05 21:47:44,2019-03-05 22:01:31,1,0.02,22.16,0.67,0.02,33.4,green,cash,Lenox Hill West,Upper East Side South,Manhattan,Manhattan
2019-03-31 03:31:23,2019-03-31 03:46:51,1,0.5,6.8,3.79,0.22,20.83,green,credit card,Central Park,Williamsbridge/Olinville,Manhattan,Bronx
2019-03-13 06:52:36,2019-03-13 07:06:15,0,4.41,4.9,0.29,0.44,14.97,green,credit card,Kingsbridge Heights,Sunnyside,Bronx,Queens
2019-02-28 19:48:38,2019-02-28 20:03:00,1,0.76,12.87,0.24,0.06,14.5,green,cash,Upper East Side North,West Brighton,Manhattan,Staten Island
2019-03-25 19:37:59,2019-03-25 19:51:43,1,0.8,19.4,4.98,0.22,23.2,green,cash,Sutton Place/Turtle Bay North,Van Nest/Morris Park,Manhattan,Bronx
2019-03-14 17:40:37,2019-03-14 17:56:15,1,1.39,8.67,6.28,0.79,14.0,green,cash,Forest Hills,Cambria Heights,Queens,Queens
2019-03-12 08:03:16,2019-03-12 08:17:19,5,0.18,12.0,1.62,0.08,24.36,green,credit card,Lincoln Square West,Lower East Side,Manhattan,Manhattan
2019-03-08 02:55:59,2019-03-08 03:09:10,1,0.0,8.1,1.78,0.2,11.3,green,cash,Sutton Place/Turtle Bay North,Baisley Park,Manhattan,Queens
2019-03-12 00:34:00,2019-03-12 00:50:49,1,5.58,22.5,3.35,0.44,39.3,green,cash,Lenox Hill West,LaGuardia Airport,Manhattan,Queens
2019-03-26 21:47:42,2019-03-26 22:02:35,2,6.06,7.9,0.23,0.02,10.66,green,credit card,Penn Station/Madison Sq West,Lenox Hill East,Manhattan,Manhattan
2019-03-29 07:16:03,2019-03-29 07:30:24,2,0.43,8.6,2.06,0.01,12.65,green,credit card,Union Sq,Long Island City/Queens Plaza,Manhattan,Queens
2019-03-30 09:02:59,2019-03-30 09:13:26,1,2.42,7.2,0.2,0.06,13.73,green,credit card,Midtown North,Cambria Heights,Manhattan,Queens
2019-03-11 22:53:20,2019-03-11 23:08:33,1,0.29,20.0,0.61,0.11,21.09,green,cash,Clinton West,East Tremont,Manhattan,Bronx
2019-03-29 09:20:33,2019-03-29 09:33:50,0,7.13,14.2,0.03,0.8,19.27,green,cash,East Concourse/Concourse Village,Upper East Side South,Bronx,Manhattan
2019-03-30 22:23:36,2019-03-30 22:40:16,1,1.6,6.68,0.77,0.08,8.2,green,credit card,Lincoln Square East,Upper East Side North,Manhattan,Manhattan
2019-03-23 06:36:22,2019-03-23 06:50:24,1,0.21,8.4,3.55,0.0,25.57,green,credit card,Lenox Hill East,Springfield Gardens South,Manhattan,Queens
2019-03-17 23:29:57,2019-03-17 23:45:31,5,21.15,1.3,0.06,2.7,10.9,green,cash,LaGuardia Airport,Gowanus,Queens,Brooklyn
2019-03-05 14:05:34,2019-03-05 14:20:35,1,0.17,6.7,2.81,0.0,22.92,green,credit card,Hamilton Heights,Starrett City,Manhattan,Brooklyn
2019-03-11 21:24:29,2019-03-11 21:37:41,3,7.95,19.3,1.87,0.03,31.97,green,credit card,Steinway,JFK Airport,Queens,Queens
2019-03-14 02:46:35,2019-03-14 03:00:29,1,9.6,15.8,0.91,0.02,21.08,green,cash,East Village,World Trade Center,Manhattan,Manhattan
2019-03-16 11:05:18,2019-03-16 11:19:56,5,0.87,7.39,0.35,0.26,13.3,green,cash,Lincoln Square East,Midtown South,Manhattan,Manhattan
2019-03-11 20:26:55,2019-03-11 20:41:04,1,0.08,12.79,0.11,0.08,24.1,green,cash,Lenox Hill West,Hudson Sq,Manhattan,Manhattan
2019-03-23 14:28:22,2019-03-23 14:42:56,1,0.21,11.25,0.83,0.04,11.4,green,credit card,Penn Station/Madison Sq West,Middle Village,Manhattan,Queens
2019-03-21 07:00:47,2019-03-21 07:15:23,1,3.29,4.0,0.04,0.74,13.8,green,cash,Allerton/Pelham Gardens,Morningside Heights,Bronx,Manhattan
2019-03-18 01:07:55,2019-03-18 01:21:32,1,0.7,9.53,0.1,0.2,13.3,green,cash,West Chelsea/Hudson Yards,Springfield Gardens South,Manhattan,Queens
2019-02-28 12:02:49,2019-02-28 12:17:40,1,0.8,12.7,0.42,0.09,17.76,green,credit card,Gramercy,Washington Heights North,Manhattan,Manhattan
2019-03-17 15:08:40,2019-03-17 15:23:40,1,4.39,6.6,0.22,0.16,30.49,green,credit card,Clinton East,Bayside,Manhattan,Queens
2019-03-16 08:43:53,2019-03-16 08:58:43,2,0.04,9.5,5.69,0.34,13.75,green,cash,Clinton East,Carroll Gardens,Manhattan,Brooklyn
2019-03-01 17:37:50,2019-03-01 17:51:38,4,3.2,4.0,0.93,0.06,9.45,green,cash,Upper East Side North,Allerton/Pelham Gardens,Manhattan,Bronx
2019-03-18 04:55:29,2019-03-18 05:11:31,1,1.99,2.8,2.6,0.04,12.58,green,cash,Sutton Place/Turtle Bay North,Battery Park City,Manhattan,Manhattan
2019-03-07 16:08:53,2019-03-07 16:22:21,1,0.77,10.45,1.06,0.24,23.5,green,credit card,Yorkville West,Ocean Hill,Manhattan,Brooklyn
2019-02-28 17:46:41,2019-02-28 18:03:12,1,1.6,12.5,1.15,0.04,31.35,green,credit card,Greenwich Village South,Seaport,Manhattan,Manhattan
2019-03-09 13:39:38,2019-03-09 13:52:01,1,1.69,10.4,2.16,0.17,26.29,green,cash,Kips Bay,East Harlem South,Manhattan,Manhattan
2019-03-25 02:08:22,2019-03-25 02:21:25,1,6.03,14.74,0.98,0.16,15.6,green,credit card,East Harlem South,Sutton Place/Turtle Bay North,Manhattan,Manhattan
2019-02-28 05:53:20,2019-02-28 06:07:04,1,3.91,6.1,0.76,0.29,32.22,green,credit card,Greenwich Village South,Downtown Brooklyn/MetroTech,Manhattan,Brooklyn
2019-03-17 00:25:22,2019-03-17 00:37:08,1,0.66,14.65,0.14,0.03,19.0,green,credit card,Morningside Heights,Saint Albans,Manhattan,Queens
2019-03-18 22:47:26,2019-03-18 23:03:39,0,3.21,23.99,0.19,0.01,29.1,green,cash,Kips Bay,Morrisania/Melrose,Manhattan,Bronx
2019-03-24 11:19:58,2019-03-24 11:35:18,1,5.3,7.49,2.74,0.05,12.2,green,cash,Union Sq,South Williamsburg,Manhattan,Brooklyn
2019-03-18 12:20:34,2019-03-18 12:37:48,1,2.22,13.9,4.73,0.08,14.75,green,credit card,Clinton East,Soundview/Bruckner,Manhattan,Bronx
2019-03-31 05:35:44,2019-03-31 05:51:45,1,2.32,9.43,0.24,0.09,22.8,green,cash,Upper East Side North,Starrett City,Manhattan,Brooklyn
2019-03-15 00:06:15,2019-03-15 00:20:44,1,5.39,9.6,0.64,0.21,14.04,green,cash,Yorkville East,Gravesend,Manhattan,Brooklyn
2019-03-11 08:17:36,2019-03-11 08:33:23,5,0.62,7.4,3.4,0.05,18.48,green,credit card,Seaport,Williamsburg (South Side),Manhattan,Brooklyn
2019-03-13 08:20:51,2019-03-13 08:33:10,1,5.18,15.81,0.4,0.13,30.0,green,credit card,Upper East Side South,Bushwick North,Manhattan,Brooklyn
2019-03-23 02:32:36,2019-03-23 02:46:44,3,0.41,8.7,0.68,0.0,20.82,green,credit card,East Chelsea,Central Harlem,Manhattan,Manhattan
2019-03-30 06:13:03,2019-03-30 06:26:57,1,1.02,8.8,1.7,0.22,31.0,green,cash,Union Sq,Midtown North,Manhattan,Manhattan
2019-03-23 02:28:31,2019-03-23 02:42:38,2,1.71,23.8,1.82,0.06,27.11,green,cash,Murray Hill,Hillcrest/Pomonok,Manhattan,Queens
2019-03-11 05:10:59,2019-03-11 05:26:19,1,1.09,13.23,0.64,0.07,13.7,green,credit card,Lincoln Square East,Soundview/Bruckner,Manhattan,Bronx
2019-03-05 21:41:56,2019-03-05 21:57:33,1,3.02,7.07,1.4,1.77,59.88,green,credit card,Woodside,Williamsbridge/Olinville,Queens,Bronx
2019-03-27 11:54:30,2019-03-27 12:11:13,2,2.47,9.4,2.86,0.23,12.6,green,cash,Clinton West,Canarsie,Manhattan,Brooklyn
2019-03-19 00:06:51,2019-03-19 00:20:27,2,0.48,8.0,0.89,0.02,10.61,green,credit card,Upper West Side South,SoHo,Manhattan,Manhattan
2019-03-26 15:15:53,2019-03-26 15:30:52,1,9.36,10.1,0.08,0.1,14.22,green,credit card,Westchester Village/Unionport,Midtown East,Bronx,Manhattan
2019-03-30 11:14:35,2019-03-30 11:30:23,6,3.04,11.8,0.31,0.23,13.41,green,cash,West Chelsea/Hudson Yards,Fresh Meadows,Manhattan,Queens
2019-03-05 05:52:04,2019-03-05 06:08:38,1,0.03,8.5,0.49,0.26,14.53,green,cash,Morningside Heights,Kew Gardens,Manhattan,Queens
2019-03-29 17:24:45,2019-03-29 17:41:07,6,0.33,13.8,0.31,0.04,17.2,green,cash,East Harlem South,Melrose South,Manhattan,Bronx
2019-03-07 19:46:13,2019-03-07 20:02:53,1,1.54,8.0,2.63,0.1,10.12,green,credit card,Upper West Side North,SoHo,Manhattan,Manhattan
2019-03-28 07:55:34,2019-03-28 08:12:40,0,2.89,16.8,1.1,0.02,25.83,green,cash,Midtown Center,Brownsville,Manhattan,Brooklyn
2019-03-05 20:55:30,2019-03-05 21:11:30,1,0.3,12.55,3.85,0.07,16.7,green,cash,Upper East Side North,Eastchester,Manhattan,Bronx
2019-03-16 17:15:20,2019-03-16 17:30:38,2,1.12,49.2,1.22,0.75,49.3,green,credit card,Steinway,Upper East Side South,Queens,Manhattan
2019-03-26 07:51:20,2019-03-26 08:07:41,1,12.67,9.1,3.0,1.11,91.77,green,credit card,South Ozone Park,Glendale,Queens,Queens
2019-03-15 15:57:54,2019-03-15 16:12:08,1,0.68,4.88,4.1,0.1,13.39,green,cash,Yorkville East,Ocean Hill,Manhattan,Brooklyn
2019-03-14 18:33:58,2019-03-14 18:47:58,1,3.98,9.6,1.22,0.18,11.32,green,cash,Starrett City,Yorkville East,Brooklyn,Manhattan
2019-03-02 01:23:18,2019-03-02 01:40:52,1,16.49,18.4,1.9,0.01,29.78,green,cash,Forest Hills,Pelham Parkway,Queens,Bronx
2019-03-24 03:41:43,2019-03-24 03:55:30,5,1.59,10.56,1.01,0.13,11.1,green,credit card,Lenox Hill West,Elmhurst/Maspeth,Manhattan,Queens
2019-03-11 19:51:37,2019-03-11 20:06:39,1,1.51,8.22,1.36,0.12,10.1,green,credit card,Clinton East,East Concourse/Concourse Village,Manhattan,Bronx
2019-03-01 14:10:18,2019-03-01 14:24:53,1,5.49,12.75,1.35,0.01,18.6,green,cash,Murray Hill,Midwood,Manhattan,Brooklyn
2019-03-07 19:15:27,2019-03-07 19:29:04,2,10.82,7.32,1.08,0.08,10.5,green,credit card,UN/Turtle Bay South,Red Hook,Manhattan,Brooklyn
2019-03-20 17:21:00,2019-03-20 17:36:11,1,6.83,14.66,1.29,0.02,21.1,green,credit card,Lower East Side,Upper East Side South,Manhattan,Manhattan
2019-03-04 04:03:19,2019-03-04 04:20:02,1,4.97,10.3,1.86,0.0,16.04,green,cash,Central Harlem North,Douglaston,Manhattan,Queens
2019-03-27 07:07:11,2019-03-27 07:18:59,2,7.06,65.1,5.4,0.41,72.52,green,cash,JFK Airport,Upper West Side North,Queens,Manhattan
2019-03-01 03:18:13,2019-03-01 03:31:49,1,2.07,4.4,0.62,0.24,11.03,green,cash,Park Slope,Midtown North,Brooklyn,Manhattan
2019-03-13 03:06:37,2019-03-13 03:20:00,1,0.53,9.0,0.2,0.15,28.48,green,credit card,Gramercy,Rego Park,Manhattan,Queens
2019-03-14 11:02:52,2019-03-14 11:16:31,1,0.06,9.5,2.09,0.01,11.23,green,cash,Yorkville West,East Flushing,Manhattan,Queens
2019-03-29 04:22:09,2019-03-29 04:37:03,1,0.1,11.87,5.74,0.28,24.0,green,cash,West Chelsea/Hudson Yards,Flushing Meadows-Corona Park,Manhattan,Queens
2019-03-29 20:59:11,2019-03-29 21:13:23,2,2.84,9.6,1.0,0.01,10.49,green,credit card,Little Italy/NoLiTa,College Point,Manhattan,Queens
2019-03-08 11:57:43,2019-03-08 12:11:33,1,0.27,18.35,1.47,0.01,20.5,green,credit card,DUMBO/Vinegar Hill,Chinatown,Brooklyn,Manhattan
2019-03-11 10:52:33,2019-03-11 11:07:04,1,0.23,14.6,0.82,0.07,14.68,green,credit card,Yorkville East,Woodlawn/Wakefield,Manhattan,Bronx
2019-03-12 06:52:56,2019-03-12 07:07:14,1,8.45,7.14,5.59,0.02,11.4,green,cash,Clinton East,Kew Gardens,Manhattan,Queens
2019-03-03 10:50:21,2019-03-03 11:03:59,5,1.4,15.6,0.75,0.14,24.46,green,cash,Lenox Hill East,Bushwick North,Manhattan,Brooklyn
2019-03-25 01:11:36,2019-03-25 01:27:32,1,0.19,26.39,0.61,0.25,26.4,green,credit card,Midtown East,Steinway,Manhattan,Queens
2019-03-03 19:52:19,2019-03-03 20:07:15,1,0.65,7.7,1.39,0.01,19.96,green,credit card,Yorkville West,Inwood,Manhattan,Manhattan
2019-03-13 07:51:31,2019-03-13 08:10:08,1,4.43,10.48,1.36,0.01,11.6,green,cash,Greenwich Village South,Upper East Side South,Manhattan,Manhattan
2019-03-01 16:43:57,2019-03-01 16:58:58,3,1.74,11.2,0.4,0.05,24.31,green,credit card,West Village,Bedford,Manhattan,Brooklyn
2019-03-02 11:01:25,2019-03-02 11:16:41,1,0.33,25.2,0.66,0.18,28.92,green,credit card,Lenox Hill West,Midtown Center,Manhattan,Manhattan
2019-03-11 01:28:45,2019-03-11 01:45:14,1,1.61,7.0,3.67,0.03,13.3,green,credit card,Union Sq,Queensboro Hill,Manhattan,Queens
2019-03-12 08:43:24,2019-03-12 08:57:44,1,6.94,5.4,0.55,2.31,67.79,green,cash,Jamaica,Bay Ridge,Queens,Brooklyn
2019-03-22 14:00:48,2019-03-22 14:14:45,1,1.37,3.44,1.47,0.58,11.8,green,cash,Woodside,Prospect Heights,Queens,Brooklyn
2019-03-31 04:23:27,2019-03-31 04:36:44,5,1.12,8.46,0.95,0.26,8.8,green,credit card,Midtown North,Jamaica Estates,Manhattan,Queens
2019-03-02 09:36:21,2019-03-02 09:48:58,1,0.89,8.4,3.98,0.03,10.07,green,cash,Upper West Side South,Fresh Meadows,Manhattan,Queens
2019-03-13 23:25:37,2019-03-13 23:38:23,1,1.47,1.4,0.45,0.02,46.91,green,cash,Union Sq,Briarwood/Jamaica Hills,Manhattan,Queens
2019-03-21 18:26:57,2019-03-21 18:40:30,3,2.86,7.1,1.17,0.02,16.92,green,credit card,Upper East Side North,UN/Turtle Bay South,Manhattan,Manhattan
2019-03-23 05:43:44,2019-03-23 05:59:11,1,5.78,11.1,0.53,0.11,15.99,green,credit card,Murray Hill,DUMBO/Vinegar Hill,Manhattan,Brooklyn
2019-03-29 23:34:57,2019-03-29 23:49:03,1,0.08,14.5,0.31,0.03,17.13,green,cash,Midtown Center,Inwood Hill Park,Manhattan,Manhattan
2019-03-16 21:22:05,2019-03-16 21:35:30,1,1.35,8.0,0.99,0.06,24.41,green,cash,Central Harlem North,Ridgewood,Manhattan,Queens
2019-03-09 08:37:19,2019-03-09 08:52:30,1,1.49,14.7,0.28,0.42,21.3,green,cash,Brooklyn Heights,Bensonhurst East,Brooklyn,Brooklyn
2019-03-21 15:24:30,2019-03-21 15:38:47,1,3.49,6.3,0.76,0.43,14.66,green,credit card,Midtown South,Lenox Hill East,Manhattan,Manhattan
2019-03-16 23:06:58,2019-03-16 23:23:13,3,2.3,4.6,3.28,0.01,21.96,green,credit card,Midtown East,Rosedale,Manhattan,Queens
2019-02-28 01:03:15,2019-02-28 01:14:42,2,6.78,3.9,2.11,0.07,12.73,green,cash,Clinton East,Financial District North,Manhattan,Manhattan
2019-03-11 15:22:39,2019-03-11 15:36:31,1,6.01,17.83,3.28,0.02,23.8,green,credit card,East Harlem North,Parkchester,Manhattan,Bronx
2019-03-26 13:08:42,2019-03-26 13:21:45,5,1.07,4.9,1.12,0.01,13.55,green,credit card,Garment District,Old Astoria,Manhattan,Queens
2019-03-31 22:34:21,2019-03-31 22:45:29,1,4.76,6.1,1.81,0.13,8.59,green,credit card,Midtown East,Stapleton,Manhattan,Staten Island
2019-03-10 07:16:16,2019-03-10 07:27:53,2,0.78,7.09,3.57,0.15,8.5,green,cash,East Village,Dyker Heights,Manhattan,Brooklyn
2019-03-08 05:55:06,2019-03-08 06:07:05,1,4.39,12.39,1.3,0.27,19.2,green,cash,East New York,Forest Hills,Brooklyn,Queens
2019-03-13 15:48:24,2019-03-13 16:03:18,1,5.99,8.1,0.12,0.06,11.96,green,credit card,TriBeCa/Civic Center,Manhattan Beach,Manhattan,Brooklyn
2019-03-03 04:06:07,2019-03-03 04:19:52,1,0.24,29.64,5.01,1.04,30.8,green,cash,LaGuardia Airport,East Harlem North,Queens,Manhattan
2019-03-19 08:12:38,2019-03-19 08:26:43,1,1.06,8.3,0.58,0.23,10.0,green,cash,Little Italy/NoLiTa,DUMBO/Vinegar Hill,Manhattan,Brooklyn
2019-03-28 21:42:39,2019-03-28 21:55:39,5,9.69,7.4,2.84,0.4,19.81,green,credit card,Lower East Side,Kew Gardens Hills,Manhattan,Queens
2019-03-29 10:13:14,2019-03-29 10:28:46,2,2.66,6.5,1.87,0.02,38.44,green,credit card,Washington Heights South,Clinton East,Manhattan,Manhattan
2019-03-15 21:39:32,2019-03-15 21:54:41,1,1.54,7.67,3.48,0.17,9.6,green,credit card,Manhattanville,Lower East Side,Manhattan,Manhattan
2019-03-23 15:52:35,2019-03-23 16:05:10,4,1.51,4.85,4.4,0.21,14.45,green,cash,Clinton West,Maspeth,Manhattan,Queens
2019-03-14 09:53:55,2019-03-14 10:08:05,1,0.73,15.36,2.38,0.18,19.7,green,cash,Lenox Hill West,Allerton/Pelham Gardens,Manhattan,Bronx
2019-03-19 00:55:31,2019-03-19 01:09:51,1,4.59,8.4,5.28,0.13,8.42,green,credit card,Lincoln Square East,Elmhurst/Maspeth,Manhattan,Queens
2019-03-15 09:42:10,2019-03-15 09:58:33,5,0.56,17.6,6.76,0.03,18.84,green,credit card,Clinton West,Clinton West,Manhattan,Manhattan
2019-03-17 12:48:36,2019-03-17 13:04:42,1,4.53,6.2,1.38,0.07,15.79,green,cash,Upper West Side South,Kingsbridge Heights,Manhattan,Bronx
2019-03-18 08:02:27,2019-03-18 08:16:21,1,0.53,18.73,2.53,0.21,26.4,green,credit card,Manhattan Valley,TriBeCa/Civic Center,Manhattan,Manhattan
2019-03-14 19:20:43,2019-03-14 19:34:47,1,1.16,5.54,0.57,0.04,6.9,green,credit card,Union Sq,Two Bridges/Seward Park,Manhattan,Manhattan
2019-03-26 21:38:42,2019-03-26 21:49:34,1,0.61,12.8,1.25,0.07,17.47,green,credit card,Penn Station/Madison Sq West,Brooklyn Heights,Manhattan,Brooklyn
2019-03-01 21:23:43,2019-03-01 21:39:52,3,2.74,2.3,0.83,0.01,8.05,green,cash,East Village,Penn Station/Madison Sq West,Manhattan,Manhattan
2019-03-05 03:08:27,2019-03-05 03:20:42,1,5.77,10.5,0.86,0.27,11.04,green,cash,Midtown Center,Bedford Park,Manhattan,Bronx
2019-03-27 00:26:07,2019-03-27 00:40:10,1,3.74,16.54,1.15,0.05,37.7,green,credit card,East Village,West Concourse,Manhattan,Bronx
2019-03-28 08:25:32,2019-03-28 08:38:42,1,2.71,11.04,0.05,0.06,12.0,green,cash,Midtown North,Financial District North,Manhattan,Manhattan
2019-02-28 09:00:48,2019-02-28 09:16:45,1,7.39,14.81,0.79,0.21,16.2,green,cash,Midtown Center,Greenwich Village North,Manhattan,Manhattan
2019-03-07 10:49:08,2019-03-07 11:04:03,1,2.83,18.0,1.33,0.07,22.11,green,credit card,Greenwich Village North,Hamilton Heights,Manhattan,Manhattan
2019-03-27 23:47:40,2019-03-28 00:03:13,5,1.48,6.1,0.15,0.19,25.83,green,credit card,Yorkville East,Hamilton Heights,Manhattan,Manhattan
2019-03-08 22:43:22,2019-03-08 22:58:00,1,0.01,9.97,6.4,0.13,23.27,green,cash,Union Sq,Red Hook,Manhattan,Brooklyn
2019-03-31 02:51:25,2019-03-31 03:06:14,2,1.39,10.86,5.56,0.11,22.2,green,cash,Lincoln Square East,Flatiron,Manhattan,Manhattan
2019-03-07 09:19:52,2019-03-07 09:34:02,1,4.59,3.5,2.33,0.01,24.91,green,cash,Morningside Heights,Queensboro Hill,Manhattan,Queens
2019-03-06 13:15:40,2019-03-06 13:27:36,6,0.59,7.5,4.86,0.13,17.6,green,credit card,Seaport,East Harlem North,Manhattan,Manhattan
2019-03-05 14:20:57,2019-03-05 14:34:57,1,6.11,8.5,0.47,0.03,11.81,green,credit card,Midtown South,Morningside Heights,Manhattan,Manhattan
2019-03-14 06:41:39,2019-03-14 06:54:02,5,1.57,7.61,3.9,0.14,15.1,green,cash,Two Bridges/Seward Park,Upper West Side South,Manhattan,Manhattan
2019-03-29 12:42:02,2019-03-29 12:56:55,1,3.73,31.6,2.24,2.1,129.77,green,credit card,Kew Gardens,Midtown North,Queens,Manhattan
2019-03-02 06:25:21,2019-03-02 06:38:48,5,1.44,10.0,1.56,0.08,17.35,green,credit card,Murray Hill,Bushwick North,Manhattan,Brooklyn
2019-03-03 13:24:16,2019-03-03 13:38:25,1,7.69,14.12,0.23,0.07,33.4,green,cash,Bensonhurst West,Midtown North,Brooklyn,Manhattan
2019-03-12 06:10:19,2019-03-12 06:24:27,1,4.92,8.5,1.21,0.62,11.15,green,cash,Crown Heights South,Brownsville,Brooklyn,Brooklyn
2019-03-01 14:06:34,2019-03-01 14:19:09,3,4.74,5.1,0.75,0.07,7.09,green,cash,Lower East Side,Rego Park,Manhattan,Queens
2019-03-06 01:27:34,2019-03-06 01:40:58,1,2.89,7.1,1.46,0.38,24.51,green,credit card,West Chelsea/Hudson Yards,Flushing Meadows-Corona Park,Manhattan,Queens
2019-03-13 22:41:07,2019-03-13 22:55:22,1,16.93,11.9,1.33,0.26,12.33,green,cash,Midwood,Williamsburg (South Side),Brooklyn,Brooklyn
2019-03-01 22:31:39,2019-03-01 22:48:11,1,1.65,7.7,2.27,0.04,18.8,green,cash,Yorkville West,Williamsbridge/Olinville,Manhattan,Bronx
2019-03-10 16:24:58,2019-03-10 16:35:58,6,1.54,5.4,3.39,0.44,9.49,green,credit card,East Village,Union Sq,Manhattan,Manhattan
2019-03-02 02:30:01,2019-03-02 02:45:00,2,1.64,11.6,1.15,0.07,20.57,green,credit card,Meatpacking/West Village West,Bushwick South,Manhattan,Brooklyn
2019-03-03 06:23:20,2019-03-03 06:40:48,1,0.89,7.1,0.56,0.13,12.49,green,credit card,Morningside Heights,Windsor Terrace,Manhattan,Brooklyn
2019-03-19 01:45:26,2019-03-19 02:01:15,1,1.2,6.5,1.38,0.07,18.35,green,cash,East Chelsea,Manhattan Beach,Manhattan,Brooklyn
2019-03-28 05:06:15,2019-03-28 05:22:46,1,3.04,44.5,6.89,1.79,49.0,green,cash,Forest Hills,Crown Heights South,Queens,Brooklyn
2019-03-24 22:14:19,2019-03-24 22:28:40,1,10.37,4.5,0.59,0.16,14.77,green,credit card,Murray Hill,Kew Gardens,Manhattan,Queens
2019-03-12 01:31:20,2019-03-12 01:45:31,1,3.17,10.71,3.73,0.13,19.4,green,credit card,Yorkville West,Flatiron,Manhattan,Manhattan
2019-03-23 11:08:05,2019-03-23 11:23:29,2,2.59,6.7,5.8,0.61,18.8,green,cash,East Village,Gowanus,Manhattan,Brooklyn
2019-03-26 09:45:49,2019-03-26 10:00:39,1,1.51,2.3,0.1,0.17,10.14,green,credit card,Battery Park City,Van Nest/Morris Park,Manhattan,Bronx
2019-03-05 09:41:23,2019-03-05 09:55:24,1,7.38,18.1,2.96,0.17,19.5,green,credit card,Midtown Center,Prospect Park,Manhattan,Brooklyn
2019-03-16 05:01:32,2019-03-16 05:12:48,3,3.75,7.35,2.12,0.03,9.5,green,cash,Yorkville East,Whitestone,Manhattan,Queens
2019-03-20 02:36:16,2019-03-20 02:52:23,1,1.45,11.5,1.34,0.19,14.62,green,cash,Murray Hill,Sutton Place/Turtle Bay North,Manhattan,Manhattan
2019-03-04 00:51:52,2019-03-04 01:05:59,1,0.1,8.6,0.56,0.17,13.09,green,cash,Lenox Hill East,Chinatown,Manhattan,Manhattan
2019-03-01 08:16:54,2019-03-01 08:29:44,1,3.31,6.8,0.01,0.08,9.13,green,credit card,Lincoln Square East,Windsor Terrace,Manhattan,Brooklyn
2019-03-14 13:38:33,2019-03-14 13:55:50,1,0.82,17.95,5.14,0.2,22.4,green,cash,Upper East Side South,Penn Station/Madison Sq West,Manhattan,Manhattan
2019-03-16 21:28:53,2019-03-16 21:43:34,1,0.96,3.9,1.58,0.08,8.28,green,cash,Murray Hill,SoHo,Manhattan,Manhattan
2019-03-10 20:26:59,2019-03-10 20:39:37,2,5.72,20.2,6.65,4.35,28.88,green,credit card,JFK Airport,East Flatbush/Remsen Village,Queens,Brooklyn
2019-03-01 08:00:54,2019-03-01 08:13:39,5,0.4,10.01,2.66,0.47,16.7,green,credit card,Clinton East,DUMBO/Vinegar Hill,Manhattan,Brooklyn
2019-03-23 10:35:22,2019-03-23 10:50:04,5,3.24,19.25,3.09,0.09,25.3,green,cash,Garment District,Morningside Heights,Manhattan,Manhattan
2019-03-29 13:02:18,2019-03-29 13:16:41,1,5.43,3.5,0.63,0.71,7.43,green,cash,Lenox Hill West,Bensonhurst East,Manhattan,Brooklyn
2019-03-23 01:02:25,2019-03-23 01:17:20,1,0.09,12.6,3.68,0.02,18.87,green,cash,Flatiron,Midtown South,Manhattan,Manhattan
2019-03-13 09:21:19,2019-03-13 09:36:13,1,3.34,2.8,1.55,0.06,18.24,green,credit card,Upper East Side South,Bensonhurst East,Manhattan,Brooklyn
2019-03-01 23:07:40,2019-03-01 23:21:00,1,3.23,7.1,0.75,0.56,16.07,green,credit card,East Village,Bronxdale,Manhattan,Bronx
2019-03-24 19:45:13,2019-03-24 20:01:23,1,0.94,14.0,0.65,0.2,19.82,green,cash,Upper East Side North,Whitestone,Manhattan,Queens
2019-03-20 21:40:11,2019-03-20 21:52:24,1,7.33,16.83,2.86,0.24,21.6,green,credit card,West Chelsea/Hudson Yards,East Elmhurst,Manhattan,Queens
2019-03-07 23:10:07,2019-03-07 23:24:55,3,1.39,8.2,1.48,0.27,20.44,green,credit card,SoHo,Bloomingdale,Manhattan,Manhattan
2019-03-27 15:22:58,2019-03-27 15:36:33,1,3.94,12.9,4.35,0.31,15.02,green,credit card,Lincoln Square East,East Tremont,Manhattan,Bronx
2019-03-28 22:20:38,2019-03-28 22:35:04,1,0.5,11.92,0.18,1.8,52.5,green,cash,East Concourse/Concourse Village,Old Astoria,Bronx,Queens
2019-03-17 03:03:07,2019-03-17 03:14:52,1,0.08,9.76,1.85,0.04,19.0,green,cash,World Trade Center,Jamaica,Manhattan,Queens
2019-03-08 15:15:48,2019-03-08 15:31:37,4,0.45,5.8,2.83,0.07,8.36,green,credit card,Upper East Side North,Van Cortlandt Village,Manhattan,Bronx
2019-03-27 01:32:23,2019-03-27 01:46:14,1,3.65,4.6,2.36,0.09,20.33,green,cash,East Village,Midtown South,Manhattan,Manhattan
2019-03-04 05:29:55,2019-03-04 05:43:03,1,4.95,24.5,6.1,0.12,34.32,green,cash,Steinway,Midtown Center,Queens,Manhattan
2019-03-01 13:06:24,2019-03-01 13:21:20,1,21.36,25.5,2.26,6.71,34.68,green,credit card,JFK Airport,Bushwick North,Queens,Brooklyn
2019-03-14 17:22:10,2019-03-14 17:36:42,1,1.13,12.77,0.55,0.06,13.7,green,credit card,Penn Station/Madison Sq West,West Concourse,Manhattan,Bronx
2019-03-29 08:37:20,2019-03-29 08:49:25,1,5.72,16.34,0.41,0.53,28.6,green,credit card,Soundview/Castle Hill,Old Astoria,Bronx,Queens
2019-03-08 21:28:06,2019-03-08 21:41:46,2,0.34,7.7,2.76,0.06,18.4,green,cash,Midtown East,JFK Airport,Manhattan,Queens
2019-03-15 02:43:02,2019-03-15 02:57:35,1,1.18,7.2,3.29,0.22,15.9,green,cash,Flatiron,Jamaica Estates,Manhattan,Queens
2019-03-11 15:40:57,2019-03-11 15:55:11,1,4.58,3.8,0.41,0.07,13.11,green,credit card,Penn Station/Madison Sq West,Co-Op City,Manhattan,Bronx
2019-03-02 09:57:35,2019-03-02 10:12:04,1,1.25,5.46,0.34,0.06,21.9,green,credit card,Little Italy/NoLiTa,Marine Park/Mill Basin,Manhattan,Brooklyn
2019-03-06 16:59:20,2019-03-06 17:12:48,2,1.75,7.6,0.57,0.06,10.29,green,cash,Boerum Hill,Bedford Park,Brooklyn,Bronx
2019-03-12 18:03:23,2019-03-12 18:18:03,5,1.79,9.9,1.87,0.04,21.84,green,credit card,Midtown Center,Long Island City/Hunters Point,Manhattan,Queens
2019-03-24 15:59:27,2019-03-24 16:12:12,1,1.02,19.3,0.6,0.29,20.6,green,credit card,Upper West Side South,Greenpoint,Manhattan,Brooklyn
2019-03-20 21:42:57,2019-03-20 21:57:21,1,0.09,17.61,4.27,1.55,36.3,green,credit card,Long Island City/Hunters Point,Bushwick North,Queens,Brooklyn
2019-03-18 07:16:52,2019-03-18 07:31:48,1,0.05,14.61,0.05,0.12,16.7,green,cash,Clinton East,West Brighton,Manhattan,Staten Island
2019-03-27 16:32:54,2019-03-27 16:46:10,1,4.83,13.4,1.12,0.23,13.77,green,cash,Penn Station/Madison Sq West,Murray Hill,Manhattan,Manhattan
2019-03-09 12:33:14,2019-03-09 12:46:20,1,3.03,11.2,0.29,0.08,28.63,green,credit card,Times Sq/Theatre District,Bedford,Manhattan,Brooklyn
2019-03-20 23:14:48,2019-03-20 23:27:05,1,2.01,10.72,3.52,0.11,24.4,green,cash,East Harlem North,JFK Airport,Manhattan,Queens
2019-03-20 05:49:08,2019-03-20 06:04:14,1,1.43,32.1,0.83,0.24,38.46,green,cash,Fort Greene,Elmhurst,Brooklyn,Queens
2019-03-24 00:27:03,2019-03-24 00:40:29,1,4.68,15.0,0.09,0.17,29.68,green,credit card,Greenwich Village South,Bath Beach,Manhattan,Brooklyn
2019-03-26 04:32:34,2019-03-26 04:46:31,0,0.74,11.04,1.95,0.45,21.5,green,credit card,Union Sq,Greenwich Village South,Manhattan,Manhattan
2019-03-23 07:29:01,2019-03-23 07:43:25,1,1.33,6.63,0.93,0.84,17.3,green,cash,Park Slope,Ridgewood,Brooklyn,Queens
2019-03-28 10:53:39,2019-03-28 11:08:44,1,4.08,10.82,3.3,0.0,14.5,green,cash,Murray Hill,Rosedale,Manhattan,Queens
2019-03-19 23:10:36,2019-03-19 23:25:38,1,1.17,8.4,1.05,0.12,14.73,green,cash,Midtown South,Brooklyn Heights,Manhattan,Brooklyn
2019-03-07 02:51:04,2019-03-07 03:05:28,1,0.58,2.72,2.1,0.08,15.0,green,credit card,Murray Hill,South Ozone Park,Manhattan,Queens
2019-03-26 04:42:31,2019-03-26 04:55:56,1,1.37,26.04,0.27,0.21,27.3,green,credit card,Penn Station/Madison Sq West,Midtown Center,Manhattan,Manhattan
2019-03-29 04:04:19,2019-03-29 04:20:35,1,0.1,12.1,4.48,0.09,16.46,green,cash,Times Sq/Theatre District,Clinton East,Manhattan,Manhattan
2019-03-11 06:39:51,2019-03-11 06:55:23,1,3.65,6.5,4.3,0.12,36.25,green,credit card,Little Italy/NoLiTa,Carroll Gardens,Manhattan,Brooklyn
2019-03-10 06:18:11,2019-03-10 06:32:20,5,0.72,6.1,3.14,0.15,29.66,green,credit card,Central Park,Co-Op City,Manhattan,Bronx
2019-03-06 04:51:19,2019-03-06 05:02:04,1,4.91,5.1,0.41,0.22,6.51,green,cash,Fort Greene,Battery Park,Brooklyn,Manhattan
2019-03-03 20:28:50,2019-03-03 20:44:08,2,10.81,3.4,0.36,0.02,7.69,green,cash,Park Slope,Middle Village,Brooklyn,Queens
2019-03-14 00:29:43,2019-03-14 00:44:00,1,0.46,12.05,0.24,0.42,14.2,green,cash,West Village,Randalls Island,Manhattan,Manhattan
2019-03-03 20:19:35,2019-03-03 20:33:00,1,0.4,4.3,2.14,0.01,16.26,green,credit card,Midtown East,Jackson Heights,Manhattan,Queens
2019-03-25 04:41:29,2019-03-25 04:56:16,1,0.14,7.7,0.26,0.04,10.57,green,cash,Upper West Side South,Briarwood/Jamaica Hills,Manhattan,Queens
2019-03-01 19:53:03,2019-03-01 20:06:48,1,0.17,15.8,5.75,0.02,19.77,green,cash,Lenox Hill West,Douglaston,Manhattan,Queens
2019-03-16 07:00:33,2019-03-16 07:14:08,3,3.52,6.5,1.85,0.21,52.94,green,credit card,Lenox Hill East,Bay Ridge,Manhattan,Brooklyn
2019-03-04 16:07:07,2019-03-04 16:23:17,1,5.71,8.45,2.16,0.26,14.0,green,credit card,Flatiron,West Chelsea/Hudson Yards,Manhattan,Manhattan
2019-03-28 15:00:49,2019-03-28 15:15:16,1,0.64,10.5,2.54,0.07,26.3,green,credit card,Midtown Center,Kew Gardens Hills,Manhattan,Queens
2019-03-28 17:06:39,2019-03-28 17:20:38,2,0.46,4.62,1.47,0.41,7.8,green,cash,Financial District North,Greenpoint,Manhattan,Brooklyn
2019-03-30 14:16:00,2019-03-30 14:30:46,3,0.64,10.0,2.23,0.02,15.25,green,cash,Upper East Side North,Dyker Heights,Manhattan,Brooklyn
2019-03-01 05:12:15,2019-03-01 05:29:07,1,0.82,9.9,0.21,0.44,22.78,green,credit card,Yorkville West,Spuyten Duyvil/Kingsbridge,Manhattan,Bronx
2019-03-03 13:27:22,2019-03-03 13:40:26,1,2.56,17.81,4.41,0.03,25.5,green,credit card,East Chelsea,Central Harlem,Manhattan,Manhattan
2019-03-27 06:40:30,2019-03-27 06:53:37,2,2.45,12.2,3.04,0.17,13.6,green,cash,Clinton East,Sheepshead Bay,Manhattan,Brooklyn
2019-03-03 22:37:01,2019-03-03 22:51:14,2,0.66,7.1,0.07,0.2,30.91,green,credit card,Midtown South,Madison,Manhattan,Brooklyn
2019-03-22 16:51:02,2019-03-22 17:08:04,1,2.4,18.0,6.91,0.01,21.84,green,credit card,Greenwich Village North,TriBeCa/Civic Center,Manhattan,Manhattan
2019-03-29 16:57:55,2019-03-29 17:11:53,1,1.22,9.29,0.14,0.54,12.9,green,credit card,Lenox Hill East,West Brighton,Manhattan,Staten Island
2019-03-14 01:39:41,2019-03-14 01:50:55,4,0.88,12.69,0.22,0.88,16.3,green,cash,Clinton Hill,Claremont/Bathgate,Brooklyn,Bronx
2019-03-25 21:16:52,2019-03-25 21:29:09,2,0.17,32.9,14.43,6.27,38.66,green,cash,Astoria,Cambria Heights,Queens,Queens
2019-03-25 16:52:10,2019-03-25 17:06:03,0,0.22,17.0,1.59,0.19,22.52,green,credit card,Midtown Center,Battery Park City,Manhattan,Manhattan
2019-03-15 22:21:07,2019-03-15 22:34:17,1,0.08,21.25,1.75,0.36,31.1,green,cash,Times Sq/Theatre District,Springfield Gardens South,Manhattan,Queens
2019-03-29 01:32:39,2019-03-29 01:41:23,5,14.21,17.03,0.3,0.59,33.6,green,cash,Van Nest/Morris Park,World Trade Center,Bronx,Manhattan
2019-03-14 23:20:57,2019-03-14 23:32:19,1,0.35,5.6,2.22,0.45,28.55,green,credit card,Penn Station/Madison Sq West,Lenox Hill East,Manhattan,Manhattan
2019-03-27 19:30:40,2019-03-27 19:45:48,1,0.67,5.4,0.48,0.46,11.67,green,credit card,East Chelsea,Long Island City/Queens Plaza,Manhattan,Queens
2019-03-04 15:00:21,2019-03-04 15:13:57,3,3.8,10.0,0.46,2.71,44.72,green,cash,JFK Airport,Oakland Gardens,Queens,Queens
2019-03-13 15:23:13,2019-03-13 15:36:37,1,0.17,11.37,1.12,0.03,14.6,green,cash,Williamsburg (South Side),West Chelsea/Hudson Yards,Brooklyn,Manhattan
2019-03-30 08:34:53,2019-03-30 08:49:24,1,2.47,3.3,1.07,0.07,22.25,green,cash,Lincoln Square West,Sutton Place/Turtle Bay North,Manhattan,Manhattan
2019-03-22 11:21:45,2019-03-22 11:35:42,1,1.99,6.3,1.01,0.73,14.5,green,credit card,Manhattan Valley,Mount Hope,Manhattan,Bronx
2019-03-08 13:07:37,2019-03-08 13:24:11,1,9.96,6.7,1.52,0.12,11.89,green,credit card,Upper West Side South,Bloomingdale,Manhattan,Manhattan
2019-03-05 17:31:57,2019-03-05 17:45:23,6,4.07,5.47,0.44,3.02,39.6,green,cash,JFK Airport,Crotona Park East,Queens,Bronx
2019-02-28 01:10:30,2019-02-28 01:25:08,1,0.61,12.54,2.78,0.08,22.3,green,credit card,Clinton West,Williamsburg (North Side),Manhattan,Brooklyn
2019-03-16 09:52:08,2019-03-16 10:06:46,1,0.88,4.6,2.11,0.42,19.4,green,credit card,Clinton East,Prospect-Lefferts Gardens,Manhattan,Brooklyn
2019-03-09 15:34:10,2019-03-09 15:51:09,5,2.76,14.7,1.51,0.01,20.93,green,credit card,Upper East Side South,Homecrest,Manhattan,Brooklyn
2019-03-10 01:49:30,2019-03-10 02:03:48,0,1.65,16.48,1.77,0.03,23.9,green,cash,Midtown North,Mott Haven/Port Morris,Manhattan,Bronx
2019-03-26 01:16:44,2019-03-26 01:32:35,5,3.27,7.4,2.9,0.41,19.49,green,cash,Midtown East,Maspeth,Manhattan,Queens
2019-03-29 00:21:36,2019-03-29 00:37:55,1,1.72,14.5,2.08,0.05,31.6,green,credit card,Upper West Side South,West Chelsea/Hudson Yards,Manhattan,Manhattan
2019-03-30 18:35:17,2019-03-30 18:48:39,1,0.48,8.51,1.59,0.06,14.6,green,cash,Murray Hill,Columbia Street,Manhattan,Brooklyn
2019-02-28 06:19:01,2019-02-28 06:36:30,1,1.54,3.8,0.48,0.06,8.68,green,cash,Garment District,Prospect Heights,Manhattan,Brooklyn
2019-03-14 17:42:25,2019-03-14 17:56:04,1,1.46,11.25,1.67,0.09,17.2,green,credit card,Lenox Hill West,University Heights/Morris Heights,Manhattan,Bronx
2019-03-07 22:38:34,2019-03-07 22:52:56,3,4.07,6.2,0.28,0.07,11.3,green,credit card,Hudson Sq,Marble Hill,Manhattan,Manhattan
2019-03-23 20:55:16,2019-03-23 21:07:00,0,3.21,10.4,0.4,1.07,50.81,green,credit card,East Williamsburg,Seaport,Brooklyn,Manhattan
2019-03-10 03:53:14,2019-03-10 04:08:24,5,1.15,10.6,3.11,0.22,36.6,green,cash,Midtown North,Kingsbridge Heights,Manhattan,Bronx
2019-03-14 09:29:25,2019-03-14 09:45:24,2,0.12,5.8,3.33,0.19,19.44,green,cash,TriBeCa/Civic Center,Red Hook,Manhattan,Brooklyn
2019-03-13 05:04:03,2019-03-13 05:19:05,1,2.98,6.57,2.84,0.29,16.4,green,credit card,East Village,Lower East Side,Manhattan,Manhattan
2019-03-10 18:08:26,2019-03-10 18:21:37,1,0.26,8.9,6.14,0.1,20.28,green,credit card,Midtown East,Parkchester,Manhattan,Bronx
2019-03-10 23:33:38,2019-03-10 23:46:25,4,0.54,6.2,0.54,0.04,18.13,green,cash,Morningside Heights,Upper East Side South,Manhattan,Manhattan
2019-03-22 13:26:40,2019-03-22 13:38:50,1,0.39,10.43,1.14,0.08,18.9,green,credit card,Central Park,Seaport,Manhattan,Manhattan
2019-03-12 21:04:20,2019-03-12 21:17:52,2,2.45,7.84,0.79,0.06,8.6,green,credit card,East Harlem South,Starrett City,Manhattan,Brooklyn
2019-03-29 03:39:38,2019-03-29 03:54:13,1,3.23,6.61,6.04,0.2,8.5,green,cash,Gramercy,Crown Heights South,Manhattan,Brooklyn
2019-03-05 19:13:28,2019-03-05 19:25:51,1,1.32,3.9,1.85,0.13,11.99,green,cash,Hudson Sq,Gramercy,Manhattan,Manhattan
2019-03-05 07:56:38,2019-03-05 08:13:32,1,2.64,10.0,2.56,0.12,14.02,green,cash,Little Italy/NoLiTa,Whitestone,Manhattan,Queens
2019-03-14 06:06:11,2019-03-14 06:19:09,1,4.66,9.3,1.51,0.07,11.16,green,credit card,Lower East Side,Washington Heights South,Manhattan,Manhattan
2019-03-22 21:02:12,2019-03-22 21:14:57,2,6.13,10.4,0.5,0.05,26.17,green,cash,Old Astoria,Sutton Place/Turtle Bay North,Queens,Manhattan
2019-03-23 16:44:53,2019-03-23 17:00:24,1,1.69,6.5,2.39,0.16,15.07,green,cash,Manhattanville,Lower East Side,Manhattan,Manhattan
2019-03-30 08:13:43,2019-03-30 08:26:10,1,3.85,4.5,4.22,0.28,12.32,green,credit card,Sutton Place/Turtle Bay North,Midtown South,Manhattan,Manhattan
2019-03-03 02:48:49,2019-03-03 03:03:23,1,0.08,7.9,2.53,0.31,15.9,green,credit card,Murray Hill,Seaport,Manhattan,Manhattan
2019-03-25 03:10:46,2019-03-25 03:26:36,1,0.12,9.3,1.37,0.16,12.1,green,cash,West Chelsea/Hudson Yards,Brighton Beach,Manhattan,Brooklyn
2019-03-17 19:02:06,2019-03-17 19:14:54,1,0.91,10.2,0.04,0.18,25.09,green,cash,Midtown South,East Tremont,Manhattan,Bronx
2019-03-18 18:40:53,2019-03-18 18:55:08,0,7.21,5.9,0.7,0.03,33.17,green,cash,Midtown South,Upper East Side South,Manhattan,Manhattan
2019-03-23 19:08:52,2019-03-23 19:21:18,1,3.12,13.7,5.86,1.36,16.03,green,credit card,Long Island City/Hunters Point,Williamsburg (South Side),Queens,Brooklyn
2019-03-21 06:53:20,2019-03-21 07:07:14,1,3.71,6.71,0.79,0.07,7.1,green,credit card,Meatpacking/West Village West,University Heights/Morris Heights,Manhattan,Bronx
2019-03-02 17:03:43,2019-03-02 17:17:17,1,2.69,7.95,0.96,0.45,9.3,green,cash,Brooklyn Heights,East Tremont,Brooklyn,Bronx
2019-03-13 18:18:40,2019-03-13 18:32:54,5,2.12,7.7,0.66,0.01,9.14,green,credit card,TriBeCa/Civic Center,Howard Beach,Manhattan,Queens
2019-03-25 01:55:45,2019-03-25 02:08:07,1,2.22,13.88,1.5,0.36,25.6,green,credit card,Penn Station/Madison Sq West,Flushing Meadows-Corona Park,Manhattan,Queens
2019-03-19 14:07:12,2019-03-19 14:20:50,1,3.22,10.96,1.1,0.11,12.7,green,cash,Midtown Center,Bushwick South,Manhattan,Brooklyn
2019-03-16 13:39:15,2019-03-16 13:56:42,1,0.0,7.1,3.04,0.31,17.21,green,cash,Upper West Side South,Williamsburg (North Side),Manhattan,Brooklyn
2019-03-02 10:07:56,2019-03-02 10:19:57,1,2.42,7.5,0.74,0.1,14.42,green,cash,Clinton East,Yorkville East,Manhattan,Manhattan
2019-03-19 17:36:47,2019-03-19 17:49:49,1,0.51,15.27,0.93,0.02,17.7,green,credit card,Murray Hill,Clinton Hill,Manhattan,Brooklyn
2019-03-10 08:39:17,2019-03-10 08:54:20,1,1.02,13.8,0.06,0.14,17.94,green,cash,Midtown South,Crown Heights South,Manhattan,Brooklyn
2019-03-05 01:54:56,2019-03-05 02:11:22,3,0.8,13.21,6.21,1.02,47.8,green,cash,Steinway,Richmond Hill,Queens,Queens
2019-03-12 06:03:15,2019-03-12 06:17:49,1,2.32,4.9,3.01,0.03,19.5,green,credit card,Penn Station/Madison Sq West,Battery Park City,Manhattan,Manhattan
2019-03-08 12:12:34,2019-03-08 12:28:33,3,0.15,19.5,3.56,0.0,25.44,green,credit card,Lincoln Square East,Penn Station/Madison Sq West,Manhattan,Manhattan
2019-03-23 11:49:35,2019-03-23 12:02:54,1,1.04,10.5,6.27,0.18,39.16,green,credit card,Upper West Side North,College Point,Manhattan,Queens
2019-03-01 17:07:50,2019-03-01 17:22:09,1,0.53,7.0,2.31,0.22,15.65,green,cash,Flatiron,Meatpacking/West Village West,Manhattan,Manhattan
2019-03-28 12:58:42,2019-03-28 13:12:44,1,3.4,9.2,1.02,0.24,13.18,green,cash,Upper West Side North,Van Nest/Morris Park,Manhattan,Bronx
2019-03-28 21:05:04,2019-03-28 21:18:52,6,3.8,11.83,6.4,0.19,15.5,green,credit card,Central Park,Sheepshead Bay,Manhattan,Brooklyn
2019-03-13 16:51:55,2019-03-13 17:07:25,5,6.99,11.3,0.82,0.17,19.89,green,credit card,Lenox Hill West,Van Cortlandt Village,Manhattan,Bronx
2019-03-15 01:06:17,2019-03-15 01:22:15,1,1.38,2.8,0.13,0.19,6.15,green,cash,Lincoln Square West,Kew Gardens Hills,Manhattan,Queens
2019-03-11 12:40:52,2019-03-11 12:52:41,1,13.94,5.1,0.06,0.15,8.31,green,credit card,Bushwick South,Williamsburg (South Side),Brooklyn,Brooklyn
2019-03-23 17:52:34,2019-03-23 18:07:21,1,10.44,15.4,3.28,0.08,28.43,green,credit card,Lincoln Square East,Spuyten Duyvil/Kingsbridge,Manhattan,Bronx
2019-03-23 04:20:35,2019-03-23 04:33:31,6,1.63,17.22,3.16,0.09,19.2,green,cash,East Village,Rego Park,Manhattan,Queens
2019-03-20 17:58:51,2019-03-20 18:14:27,1,0.03,3.6,0.8,0.35,15.98,green,cash,Greenwich Village North,Pelham Parkway,Manhattan,Bronx
2019-03-29 16:09:54,2019-03-29 16:22:54,1,11.72,8.61,0.43,0.61,18.8,green,cash,Downtown Brooklyn/MetroTech,Hudson Sq,Brooklyn,Manhattan
2019-03-04 08:00:27,2019-03-04 08:16:56,5,0.07,15.6,2.75,0.04,16.14,green,credit card,Midtown East,Lenox Hill East,Manhattan,Manhattan
2019-03-31 17:06:43,2019-03-31 17:23:49,1,9.43,24.89,3.51,0.01,49.0,green,cash,Yorkville East,East Tremont,Manhattan,Bronx
2019-03-07 06:21:57,2019-03-07 06:37:04,5,1.36,12.6,0.61,0.11,17.44,green,cash,Midtown Center,Upper West Side North,Manhattan,Manhattan
2019-03-25 23:03:12,2019-03-25 23:19:55,1,0.3,9.5,7.28,0.02,14.36,green,credit card,Times Sq/Theatre District,Lincoln Square East,Manhattan,Manhattan
2019-03-07 11:54:49,2019-03-07 12:10:55,2,1.76,18.4,0.45,0.02,26.86,green,credit card,Clinton East,Financial District South,Manhattan,Manhattan
2019-03-20 04:55:26,2019-03-20 05:11:47,2,8.88,5.29,0.19,0.62,20.2,green,cash,South Jamaica,Hunts Point,Queens,Bronx
2019-03-19 21:00:26,2019-03-19 21:14:12,1,2.15,9.5,1.03,0.01,12.87,green,cash,Battery Park City,Lincoln Square West,Manhattan,Manhattan
2019-03-23 14:09:29,2019-03-23 14:21:19,1,0.78,9.6,1.46,0.02,13.26,green,cash,Hudson Sq,South Jamaica,Manhattan,Queens
2019-03-22 21:50:53,2019-03-22 22:05:44,1,9.98,11.0,1.82,0.02,13.61,green,credit card,Washington Heights South,Times Sq/Theatre District,Manhattan,Manhattan
2019-03-27 13:26:59,2019-03-27 13:41:35,1,7.34,9.6,4.75,0.06,62.2,green,credit card,East Flushing,Flatlands,Queens,Brooklyn
2019-03-01 13:06:38,2019-03-01 13:19:50,1,2.16,8.7,3.83,0.0,19.41,green,cash,TriBeCa/Civic Center,Woodside,Manhattan,Queens
2019-03-06 05:36:21,2019-03-06 05:49:33,2,4.56,11.3,0.39,0.08,45.31,green,credit card,East New York,Union Sq,Brooklyn,Manhattan
2019-03-25 11:44:44,2019-03-25 11:56:21,1,5.4,3.5,0.37,0.13,8.02,green,credit card,Union Sq,Glendale,Manhattan,Queens
2019-03-04 02:21:49,2019-03-04 02:37:05,1,0.36,5.28,5.0,0.14,12.85,green,credit card,Lenox Hill West,Lincoln Square East,Manhattan,Manhattan
2019-03-16 04:07:18,2019-03-16 04:23:02,1,0.06,4.1,0.32,0.12,8.72,green,cash,Midtown South,Stuy Town/Peter Cooper Village,Manhattan,Manhattan
2019-03-13 14:18:46,2019-03-13 14:32:42,1,5.72,10.2,2.48,0.04,16.77,green,cash,Clinton East,Gramercy,Manhattan,Manhattan
2019-03-25 12:34:02,2019-03-25 12:46:06,1,0.49,12.03,6.23,0.06,16.5,green,credit card,Lincoln Square East,Flatiron,Manhattan,Manhattan
2019-03-21 05:14:09,2019-03-21 05:28:21,1,1.91,7.79,4.9,0.07,10.4,green,cash,West Village,Windsor Terrace,Manhattan,Brooklyn
2019-03-28 03:55:46,2019-03-28 04:10:23,3,0.03,9.6,1.04,0.45,12.26,green,cash,Central Harlem,UN/Turtle Bay South,Manhattan,Manhattan
2019-03-01 08:45:10,2019-03-01 08:59:47,1,1.33,10.7,0.51,0.02,19.74,green,credit card,Manhattan Valley,Greenpoint,Manhattan,Brooklyn
2019-03-20 13:50:58,2019-03-20 14:05:12,1,1.17,7.3,3.2,0.04,17.88,green,credit card,Lenox Hill East,Forest Hills,Manhattan,Queens
2019-03-27 10:47:19,2019-03-27 11:04:24,5,4.78,5.1,0.18,0.25,17.77,green,credit card,East Harlem North,Soundview/Bruckner,Manhattan,Bronx
2019-03-06 15:00:02,2019-03-06 15:14:30,3,14.49,14.9,0.44,1.17,32.45,green,cash,Flushing,Corona,Queens,Queens
2019-03-01 12:23:42,2019-03-01 12:37:12,1,4.19,9.5,0.1,0.26,12.15,green,cash,LaGuardia Airport,Stapleton,Queens,Staten Island
2019-03-22 10:12:07,2019-03-22 10:26:52,1,1.77,8.7,0.55,0.93,9.62,green,credit card,Downtown Brooklyn/MetroTech,Stuy Town/Peter Cooper Village,Brooklyn,Manhattan
2019-03-27 13:35:58,2019-03-27 13:50:31,3,1.73,10.99,8.47,0.33,11.9,green,credit card,LaGuardia Airport,Park Slope,Queens,Brooklyn
2019-03-19 19:49:06,2019-03-19 20:03:59,1,3.15,7.42,0.07,0.05,11.6,green,cash,East Concourse/Concourse Village,Sunset Park West,Bronx,Brooklyn
2019-03-07 09:33:31,2019-03-07 09:49:15,1,8.05,28.3,5.07,2.41,50.97,green,credit card,JFK Airport,Ocean Hill,Queens,Brooklyn
2019-03-23 09:48:42,2019-03-23 10:03:17,2,2.31,18.85,0.37,1.05,43.3,green,credit card,JFK Airport,Washington Heights North,Queens,Manhattan
2019-03-08 05:42:20,2019-03-08 05:56:00,1,7.54,21.6,0.09,0.26,67.85,green,cash,Van Cortlandt Village,Glendale,Bronx,Queens
2019-03-18 12:52:13,2019-03-18 13:03:31,1,1.85,6.5,0.23,0.08,41.34,green,cash,Meatpacking/West Village West,Queens Village,Manhattan,Queens
2019-03-13 09:36:38,2019-03-13 09:51:28,1,8.26,16.78,0.24,0.11,22.1,green,cash,World Trade Center,Van Cortlandt Village,Manhattan,Bronx
2019-03-13 11:42:35,2019-03-13 11:55:59,1,13.77,13.08,1.04,3.22,42.7,green,credit card,LaGuardia Airport,Elmhurst,Queens,Queens
2019-03-14 07:22:21,2019-03-14 07:38:44,1,0.0,12.07,1.32,0.12,19.5,green,cash,Midtown Center,Hudson Sq,Manhattan,Manhattan
2019-03-19 08:37:12,2019-03-19 08:51:48,1,0.41,12.5,1.17,0.41,13.92,green,cash,Upper East Side South,Baisley Park,Manhattan,Queens
2019-03-28 20:39:38,2019-03-28 20:56:06,1,0.98,7.7,2.43,0.21,15.48,green,credit card,Upper West Side South,Bushwick South,Manhattan,Brooklyn
2019-03-26 14:36:31,2019-03-26 14:50:33,1,3.54,8.22,2.5,0.72,11.1,green,credit card,Bloomingdale,Saint Albans,Manhattan,Queens
2019-03-30 22:49:52,2019-03-30 23:04:43,1,2.11,19.29,0.08,0.09,20.6,green,cash,Upper East Side North,Central Park,Manhattan,Manhattan
2019-03-26 02:23:50,2019-03-26 02:35:39,1,0.63,12.97,0.04,0.23,17.6,green,cash,TriBeCa/Civic Center,Van Nest/Morris Park,Manhattan,Bronx
2019-03-31 23:18:37,2019-03-31 23:31:09,1,1.41,12.47,3.07,0.01,16.3,green,cash,UN/Turtle Bay South,Jackson Heights,Manhattan,Queens
2019-03-22 19:38:37,2019-03-22 19:52:39,5,0.06,13.3,0.23,0.06,19.82,green,credit card,Greenwich Village North,Bath Beach,Manhattan,Brooklyn
2019-02-28 10:07:12,2019-02-28 10:20:45,1,7.0,7.36,1.74,0.01,12.6,green,credit card,East Harlem South,Briarwood/Jamaica Hills,Manhattan,Queens
2019-03-24 19:45:22,2019-03-24 19:58:26,1,4.52,10.5,0.66,0.3,17.51,green,cash,Upper West Side South,Battery Park City,Manhattan,Manhattan
2019-03-17 20:59:30,2019-03-17 21:15:42,3,4.31,12.04,0.68,0.08,23.0,green,credit card,Times Sq/Theatre District,Brighton Beach,Manhattan,Brooklyn
2019-03-02 21:32:42,2019-03-02 21:48:04,1,6.87,2.9,0.58,0.14,29.47,green,credit card,Park Slope,Flushing Meadows-Corona Park,Brooklyn,Queens
2019-03-23 11:49:44,2019-03-23 12:04:14,1,1.18,11.4,0.2,0.08,16.0,green,cash,Central Harlem North,Forest Hills,Manhattan,Queens
2019-03-11 20:20:14,2019-03-11 20:33:34,1,0.03,17.6,5.28,0.44,21.66,green,cash,Midtown South,East New York,Manhattan,Brooklyn
2019-03-21 00:10:15,2019-03-21 00:23:24,1,14.98,7.6,1.42,0.05,12.94,green,cash,East Village,Flatbush/Ditmas Park,Manhattan,Brooklyn
2019-03-15 21:20:03,2019-03-15 21:35:12,2,2.4,11.9,4.17,3.76,69.82,green,credit card,Queensbridge/Ravenswood,West Village,Queens,Manhattan
2019-03-19 15:42:40,2019-03-19 15:56:05,1,2.31,14.1,0.39,0.02,33.93,green,cash,Upper East Side North,Hunts Point,Manhattan,Bronx
2019-03-02 22:59:05,2019-03-02 23:13:35,1,6.11,9.73,0.18,0.1,22.5,green,cash,Midtown Center,Briarwood/Jamaica Hills,Manhattan,Queens
2019-03-31 13:37:48,2019-03-31 13:53:49,1,0.33,14.2,1.92,0.0,15.67,green,credit card,Penn Station/Madison Sq West,Upper West Side South,Manhattan,Manhattan
2019-03-15 23:04:29,2019-03-15 23:19:25,1,0.93,4.9,0.48,0.18,8.7,green,credit card,Upper West Side North,Flatiron,Manhattan,Manhattan
2019-03-30 04:39:38,2019-03-30 04:52:58,1,0.96,4.5,0.75,0.32,16.45,green,credit card,Midtown East,Roosevelt Island,Manhattan,Manhattan
2019-03-24 11:37:09,2019-03-24 11:51:43,1,2.76,6.29,0.38,0.91,13.5,green,cash,Central Park,East Elmhurst,Manhattan,Queens
2019-03-31 13:32:08,2019-03-31 13:45:41,1,0.27,18.55,3.51,0.0,22.3,green,cash,Midtown East,East Harlem South,Manhattan,Manhattan
2019-03-07 01:46:47,2019-03-07 02:00:02,2,0.05,12.42,2.6,0.11,20.6,green,credit card,Times Sq/Theatre District,Midtown East,Manhattan,Manhattan
2019-02-28 18:54:59,2019-02-28 19:08:19,3,0.66,11.45,4.02,0.0,24.7,green,credit card,Greenwich Village North,Rosedale,Manhattan,Queens
2019-03-15 06:29:29,2019-03-15 06:43:03,1,8.13,8.3,0.67,0.1,19.06,green,cash,Murray Hill,Kew Gardens,Manhattan,Queens
2019-03-18 18:40:57,2019-03-18 18:54:24,4,0.32,6.3,0.2,0.43,19.31,green,credit card,Union Sq,Rosedale,Manhattan,Queens
2019-03-09 04:31:02,2019-03-09 04:45:12,1,0.13,5.3,4.61,0.35,7.15,green,credit card,Upper East Side South,Fresh Meadows,Manhattan,Queens
2019-03-01 21:36:58,2019-03-01 21:50:08,1,1.45,7.65,1.08,0.23,27.7,green,credit card,Upper East Side South,Lower East Side,Manhattan,Manhattan
2019-03-01 23:23:01,2019-03-01 23:37:16,2,2.08,8.9,1.1,0.11,46.38,green,cash,Astoria,Spuyten Duyvil/Kingsbridge,Queens,Bronx
2019-03-03 10:32:27,2019-03-03 10:46:45,1,8.22,4.6,1.79,0.19,16.74,green,cash,Gramercy,Marble Hill,Manhattan,Manhattan
2019-03-24 18:14:00,2019-03-24 18:28:16,1,2.56,7.7,3.14,0.1,15.59,green,credit card,Financial District North,Flushing Meadows-Corona Park,Manhattan,Queens
2019-03-23 10:48:23,2019-03-23 11:03:41,1,3.48,7.2,0.99,0.6,25.26,green,cash,Midtown North,Woodhaven,Manhattan,Queens
2019-03-20 19:06:36,2019-03-20 19:19:37,1,1.51,4.7,2.68,0.29,31.44,green,cash,Upper East Side South,Flatbush/Ditmas Park,Manhattan,Brooklyn
2019-03-16 18:17:10,2019-03-16 18:31:52,1,3.83,14.6,0.15,0.06,21.04,green,credit card,East Village,Dyker Heights,Manhattan,Brooklyn
2019-03-08 15:41:30,2019-03-08 15:56:15,1,6.98,11.14,0.66,1.59,20.1,green,credit card,LaGuardia Airport,Downtown Brooklyn/MetroTech,Queens,Brooklyn
2019-03-26 19:23:43,2019-03-26 19:38:45,1,2.98,11.3,1.86,0.05,11.3,green,cash,Garment District,Stapleton,Manhattan,Staten Island
2019-03-26 19:52:14,2019-03-26 20:06:47,2,1.85,3.2,0.87,0.26,11.17,green,cash,Penn Station/Madison Sq West,Financial District South,Manhattan,Manhattan
2019-03-14 16:53:33,2019-03-14 17:09:50,1,2.08,6.8,1.76,0.3,15.48,green,cash,West Chelsea/Hudson Yards,Greenwich Village South,Manhattan,Manhattan
2019-02-28 01:19:21,2019-02-28 01:36:15,1,0.19,10.2,1.95,0.04,10.82,green,credit card,Lenox Hill West,Eastchester,Manhattan,Bronx
2019-03-24 22:42:58,2019-03-24 22:56:12,1,0.41,11.3,2.68,0.0,21.25,green,credit card,Chinatown,Columbia Street,Manhattan,Brooklyn
2019-03-25 18:01:32,2019-03-25 18:17:19,1,1.0,7.0,1.22,0.03,16.33,green,cash,Yorkville East,Lenox Hill West,Manhattan,Manhattan
2019-03-19 00:26:00,2019-03-19 00:39:38,1,1.76,3.1,2.2,0.0,20.56,green,credit card,Little Italy/NoLiTa,Marine Park/Mill Basin,Manhattan,Brooklyn
2019-03-16 19:26:29,2019-03-16 19:40:43,1,3.0,15.1,2.65,0.08,15.12,green,credit card,Lenox Hill West,Jamaica Estates,Manhattan,Queens
2019-02-28 15:48:26,2019-02-28 16:03:08,1,0.75,39.3,0.11,0.37,66.22,green,credit card,Kew Gardens,Gravesend,Queens,Brooklyn
2019-03-17 12:50:34,2019-03-17 13:05:59,5,6.25,11.2,3.77,0.2,11.46,green,cash,Lincoln Square West,Chinatown,Manhattan,Manhattan
2019-03-17 06:16:56,2019-03-17 06:34:30,6,1.41,8.8,0.81,0.04,18.32,green,cash,Upper West Side South,Williamsbridge/Olinville,Manhattan,Bronx
2019-03-05 12:13:02,2019-03-05 12:25:54,1,2.22,10.5,0.59,0.34,30.73,green,credit card,Upper East Side South,TriBeCa/Civic Center,Manhattan,Manhattan
2019-03-05 16:53:35,2019-03-05 17:09:18,3,1.08,3.03,3.4,3.54,15.9,green,cash,Elmhurst,Forest Hills,Queens,Queens
2019-03-19 10:49:08,2019-03-19 11:02:48,1,1.4,12.9,0.22,0.24,45.79,green,cash,Lincoln Square East,Prospect Park,Manhattan,Brooklyn
2019-03-31 11:49:59,2019-03-31 12:04:15,1,2.22,4.8,2.81,0.32,14.27,green,credit card,Washington Heights South,Gramercy,Manhattan,Manhattan
2019-03-22 15:31:50,2019-03-22 15:45:35,2,0.57,11.8,5.93,0.0,13.35,green,credit card,Kips Bay,Ocean Hill,Manhattan,Brooklyn
2019-03-10 22:10:30,2019-03-10 22:24:36,1,1.74,10.58,3.53,0.02,14.9,green,credit card,Financial District South,Randalls Island,Manhattan,Manhattan
2019-03-16 16:42:14,2019-03-16 16:55:46,1,0.12,20.73,0.06,0.92,25.6,green,cash,West Farms/Bronx River,Bensonhurst East,Bronx,Brooklyn
2019-03-21 04:24:57,2019-03-21 04:38:53,1,2.56,6.5,0.49,0.1,6.59,green,cash,Greenwich Village North,Cambria Heights,Manhattan,Queens
2019-02-28 11:31:38,2019-02-28 11:46:49,1,0.31,5.42,4.4,0.34,14.27,green,credit card,Gramercy,Mount Hope,Manhattan,Bronx
2019-03-02 03:19:54,2019-03-02 03:32:58,1,2.68,4.8,0.95,0.0,31.15,green,credit card,East Chelsea,Mount Hope,Manhattan,Bronx
2019-03-22 04:13:23,2019-03-22 04:30:31,1,0.78,9.2,1.4,0.17,16.83,green,cash,Yorkville East,West Chelsea/Hudson Yards,Manhattan,Manhattan
2019-03-05 23:47:53,2019-03-06 00:01:54,1,1.72,24.7,6.38,0.05,33.87,green,credit card,Upper West Side North,Flushing Meadows-Corona Park,Manhattan,Queens
2019-03-18 05:22:10,2019-03-18 05:36:21,1,0.41,7.7,0.0,0.04,26.09,green,credit card,Midtown South,Melrose South,Manhattan,Bronx
2019-03-02 14:11:51,2019-03-02 14:26:31,1,3.25,4.6,0.67,0.2,32.42,green,cash,Greenwich Village North,Queensboro Hill,Manhattan,Queens
2019-03-07 14:22:30,2019-03-07 14:36:38,5,1.89,6.8,1.1,0.11,9.99,green,cash,Lenox Hill West,Upper West Side South,Manhattan,Manhattan
2019-03-23 08:18:00,2019-03-23 08:32:49,1,0.54,9.52,5.53,0.11,14.8,green,cash,Little Italy/NoLiTa,Middle Village,Manhattan,Queens
2019-03-08 20:17:44,2019-03-08 20:31:20,1,4.03,11.9,1.03,0.21,13.64,green,credit card,Central Harlem North,Bedford,Manhattan,Brooklyn
2019-03-02 05:40:14,2019-03-02 05:56:00,1,0.7,3.8,2.35,0.25,11.38,green,cash,Meatpacking/West Village West,Midtown Center,Manhattan,Manhattan
2019-03-14 06:33:17,2019-03-14 06:49:05,2,0.29,12.6,1.7,0.36,29.14,green,cash,Stuyvesant Heights,Park Slope,Brooklyn,Brooklyn
2019-03-14 20:25:00,2019-03-14 20:41:25,1,2.6,5.8,0.41,0.03,18.96,green,credit card,Murray Hill,Prospect Heights,Manhattan,Brooklyn
2019-03-14 06:12:49,2019-03-14 06:28:42,2,1.24,6.5,1.07,0.02,9.18,green,credit card,Two Bridges/Seward Park,Gravesend,Manhattan,Brooklyn
2019-03-15 05:14:55,2019-03-15 05:30:03,2,0.68,8.2,1.85,0.14,17.9,green,cash,Little Italy/NoLiTa,Two Bridges/Seward Park,Manhattan,Manhattan
2019-03-14 00:59:07,2019-03-14 01:11:58,3,3.41,9.2,0.71,0.02,9.3,green,cash,Murray Hill,Gramercy,Manhattan,Manhattan
2019-03-21 00:26:56,2019-03-21 00:39:47,1,0.28,12.23,0.57,0.36,32.0,green,cash,Prospect-Lefferts Gardens,Prospect-Lefferts Gardens,Brooklyn,Brooklyn
2019-03-17 08:24:14,2019-03-17 08:38:12,1,1.18,6.6,2.86,0.16,9.22,green,credit card,Penn Station/Madison Sq West,Woodhaven,Manhattan,Queens
2019-03-17 23:40:38,2019-03-17 23:52:09,1,1.66,11.05,0.2,1.1,16.4,green,credit card,Sunset Park West,College Point,Brooklyn,Queens
2019-03-06 14:47:01,2019-03-06 15:01:27,1,1.01,8.9,0.13,0.13,21.29,green,cash,Union Sq,Lincoln Square East,Manhattan,Manhattan
2019-03-31 11:24:45,2019-03-31 11:38:33,3,5.13,3.9,1.39,0.19,11.21,green,credit card,Lincoln Square West,Williamsbridge/Olinville,Manhattan,Bronx
2019-03-02 04:03:23,2019-03-02 04:19:05,1,0.07,3.7,0.22,0.27,27.85,green,credit card,Upper East Side South,Hillcrest/Pomonok,Manhattan,Queens
2019-03-20 16:55:03,2019-03-20 17:13:11,1,2.29,18.75,3.33,0.17,65.8,green,cash,Jamaica,Lower East Side,Queens,Manhattan
2019-03-11 03:12:56,2019-03-11 03:24:36,1,6.19,3.51,1.73,0.22,31.8,green,cash,East Elmhurst,Upper East Side North,Queens,Manhattan
2019-03-23 21:26:13,2019-03-23 21:40:00,1,3.69,17.91,0.09,0.12,28.3,green,cash,East Chelsea,Kew Gardens,Manhattan,Queens
2019-03-07 12:29:14,2019-03-07 12:44:05,1,2.17,6.16,6.82,0.05,7.4,green,credit card,Kips Bay,Crown Heights South,Manhattan,Brooklyn
2019-03-27 22:31:09,2019-03-27 22:48:48,1,1.06,7.5,0.8,0.19,12.79,green,cash,UN/Turtle Bay South,East New York,Manhattan,Brooklyn
2019-03-28 17:12:07,2019-03-28 17:25:40,2,1.43,15.15,0.26,0.06,17.4,green,cash,Midtown East,Bloomingdale,Manhattan,Manhattan
2019-03-05 03:20:03,2019-03-05 03:34:06,6,3.15,9.0,0.28,1.33,26.7,green,credit card,East Harlem North,East Flatbush/Remsen Village,Manhattan,Brooklyn
2019-03-12 19:45:35,2019-03-12 19:59:37,1,0.29,15.61,7.47,0.33,23.1,green,credit card,Elmhurst,Little Italy/NoLiTa,Queens,Manhattan
2019-03-15 04:48:56,2019-03-15 05:01:40,6,0.03,4.2,0.26,0.26,21.27,green,credit card,Times Sq/Theatre District,Dyker Heights,Manhattan,Brooklyn
2019-03-13 12:09:19,2019-03-13 12:25:14,1,0.26,3.2,0.34,0.04,32.19,green,cash,Midtown Center,Central Harlem North,Manhattan,Manhattan
2019-03-13 00:24:14,2019-03-13 00:41:47,1,3.13,9.0,0.37,0.06,14.23,green,cash,Battery Park City,Battery Park,Manhattan,Manhattan
2019-03-12 20:40:52,2019-03-12 20:56:51,1,4.55,4.9,0.12,0.02,9.98,green,credit card,Upper East Side South,Saint Albans,Manhattan,Queens
2019-02-28 18:55:39,2019-02-28 19:10:58,1,2.5,9.6,0.61,0.05,21.45,green,credit card,East Chelsea,Queens Village,Manhattan,Queens
2019-03-05 02:13:38,2019-03-05 02:28:44,1,11.41,7.99,0.54,2.83,26.6,green,cash,Elmhurst,Parkchester,Queens,Bronx
2019-03-21 07:11:18,2019-03-21 07:25:00,1,7.7,8.9,0.17,0.23,13.6,green,credit card,SoHo,Battery Park City,Manhattan,Manhattan
2019-03-02 08:53:21,2019-03-02 09:07:35,2,3.55,3.7,0.54,0.03,19.54,green,credit card,Midtown Center,East Flushing,Manhattan,Queens
2019-03-01 12:28:44,2019-03-01 12:41:20,1,0.33,12.5,2.67,0.08,32.57,green,cash,Sutton Place/Turtle Bay North,Cambria Heights,Manhattan,Queens
2019-03-03 16:49:29,2019-03-03 17:03:28,1,0.43,9.8,0.41,0.05,10.15,green,cash,Manhattan Valley,Glendale,Manhattan,Queens
2019-03-26 20:24:46,2019-03-26 20:40:16,2,2.87,8.73,1.03,0.04,14.1,green,cash,TriBeCa/Civic Center,Jackson Heights,Manhattan,Queens
2019-03-15 19:06:36,2019-03-15 19:20:20,1,2.58,6.5,5.0,0.18,17.4,green,credit card,Clinton East,JFK Airport,Manhattan,Queens
2019-03-30 02:12:13,2019-03-30 02:28:19,2,0.04,8.0,2.68,0.05,17.89,green,cash,UN/Turtle Bay South,Ozone Park,Manhattan,Queens
2019-03-13 07:02:04,2019-03-13 07:14:26,4,5.03,6.2,0.25,0.12,13.63,green,cash,Financial District North,Saint Albans,Manhattan,Queens
2019-03-19 18:54:01,2019-03-19 19:07:17,2,3.56,11.6,6.21,0.3,13.55,green,credit card,Lenox Hill East,LaGuardia Airport,Manhattan,Queens
2019-03-29 10:14:26,2019-03-29 10:29:55,1,1.76,10.31,0.2,0.02,23.2,green,credit card,Morrisania/Melrose,Midtown Center,Bronx,Manhattan
2019-03-28 22:00:57,2019-03-28 22:17:22,1,0.33,7.59,2.7,0.13,9.2,green,cash,Midtown Center,Boerum Hill,Manhattan,Brooklyn
2019-03-24 15:46:42,2019-03-24 16:01:35,2,11.69,7.1,1.2,0.27,25.11,green,cash,JFK Airport,Van Cortlandt Village,Queens,Bronx
2019-03-07 17:19:26,2019-03-07 17:34:24,1,1.34,5.8,3.18,0.14,21.91,green,cash,Yorkville East,Pelham Parkway,Manhattan,Bronx
2019-03-10 08:01:09,2019-03-10 08:15:17,4,4.86,10.8,3.21,0.88,44.87,green,credit card,Long Island City/Queens Plaza,East Flushing,Queens,Queens
2019-03-26 09:31:15,2019-03-26 09:44:33,1,3.72,6.97,3.23,0.02,22.8,green,credit card,Times Sq/Theatre District,Hunts Point,Manhattan,Bronx
2019-03-17 18:05:00,2019-03-17 18:17:20,2,2.18,8.2,1.43,0.08,8.58,green,cash,Midtown South,Co-Op City,Manhattan,Bronx
2019-03-09 04:03:05,2019-03-09 04:19:14,4,4.1,7.69,2.64,0.32,17.6,green,credit card,Cobble Hill,Jamaica,Brooklyn,Queens
2019-03-12 03:39:30,2019-03-12 03:54:08,1,1.97,14.1,2.81,0.01,14.35,green,credit card,Garment District,Meatpacking/West Village West,Manhattan,Manhattan
2019-03-27 15:50:34,2019-03-27 16:05:11,1,1.05,8.3,2.57,0.26,13.35,green,credit card,Central Park,Gramercy,Manhattan,Manhattan
2019-03-07 07:54:33,2019-03-07 08:10:16,1,4.13,11.2,0.98,0.23,20.47,green,cash,Lincoln Square East,South Ozone Park,Manhattan,Queens
2019-03-07 05:07:39,2019-03-07 05:21:22,1,3.77,26.9,0.26,1.95,37.57,green,cash,LaGuardia Airport,Murray Hill,Queens,Manhattan
2019-03-19 22:06:55,2019-03-19 22:20:53,5,2.58,8.4,0.99,0.07,13.0,green,credit card,Greenwich Village South,Washington Heights North,Manhattan,Manhattan
2019-03-15 11:14:53,2019-03-15 11:31:45,1,0.9,12.0,0.69,0.0,16.81,green,cash,Lincoln Square East,Midtown Center,Manhattan,Manhattan
2019-02-28 03:38:44,2019-02-28 03:50:23,1,7.46,6.72,0.86,5.27,89.5,green,cash,Elmhurst,Carroll Gardens,Queens,Brooklyn
2019-03-20 13:26:52,2019-03-20 13:44:47,1,0.32,5.3,1.25,0.0,16.67,green,credit card,Murray Hill,Clinton East,Manhattan,Manhattan
2019-03-04 07:57:06,2019-03-04 08:10:19,1,0.91,6.9,0.3,0.38,38.4,green,credit card,Park Slope,DUMBO/Vinegar Hill,Brooklyn,Brooklyn
2019-03-29 17:53:29,2019-03-29 18:08:52,2,3.05,23.74,1.62,0.49,49.8,green,credit card,Brooklyn Heights,Morningside Heights,Brooklyn,Manhattan
2019-03-28 07:47:36,2019-03-28 08:00:43,1,2.18,4.6,0.79,0.15,12.61,green,cash,Manhattanville,Columbia Street,Manhattan,Brooklyn
2019-03-04 07:01:37,2019-03-04 07:16:14,1,5.61,11.7,6.02,0.11,13.89,green,cash,East Harlem North,Claremont/Bathgate,Manhattan,Bronx
2019-03-15 00:10:42,2019-03-15 00:24:13,1,6.72,10.7,0.27,0.19,16.44,green,credit card,Midtown Center,East Chelsea,Manhattan,Manhattan
2019-03-19 10:50:50,2019-03-19 11:04:51,1,0.53,10.2,5.24,0.08,24.07,green,credit card,Yorkville West,East Flatbush/Remsen Village,Manhattan,Brooklyn
2019-03-15 14:43:21,2019-03-15 14:55:09,1,1.69,12.3,0.1,0.41,17.4,green,cash,East Harlem North,Long Island City/Hunters Point,Manhattan,Queens
2019-03-16 08:41:23,2019-03-16 08:56:13,1,8.07,2.2,2.14,0.12,34.81,green,credit card,LaGuardia Airport,Bath Beach,Queens,Brooklyn
2019-03-31 16:49:18,2019-03-31 17:05:49,1,7.43,27.54,0.56,1.93,53.6,green,credit card,JFK Airport,Little Italy/NoLiTa,Queens,Manhattan
2019-03-08 10:20:52,2019-03-08 10:36:33,1,1.59,13.9,1.21,0.17,21.38,green,credit card,Sutton Place/Turtle Bay North,Briarwood/Jamaica Hills,Manhattan,Queens
2019-03-22 01:27:15,2019-03-22 01:42:59,2,9.27,13.0,0.22,0.0,16.05,green,cash,Midtown South,Battery Park City,Manhattan,Manhattan
2019-03-21 07:33:30,2019-03-21 07:48:05,6,17.44,13.89,3.2,0.32,19.9,green,cash,JFK Airport,Williamsburg (North Side),Queens,Brooklyn
2019-03-30 18:23:47,2019-03-30 18:39:26,1,0.81,12.27,2.62,0.01,12.7,green,credit card,Union Sq,Lenox Hill East,Manhattan,Manhattan
2019-03-25 00:37:44,2019-03-25 00:53:28,2,2.22,29.4,0.22,0.21,63.07,green,cash,Midtown Center,Jamaica,Manhattan,Queens
2019-03-19 02:58:28,2019-03-19 03:10:44,2,1.91,12.8,3.64,0.09,13.15,green,cash,Garment District,Carroll Gardens,Manhattan,Brooklyn
2019-03-31 13:24:40,2019-03-31 13:37:14,1,5.21,5.1,1.26,0.02,17.92,green,credit card,Union Sq,Murray Hill-Queens,Manhattan,Queens
2019-03-21 19:37:39,2019-03-21 19:51:34,2,4.24,9.74,0.6,0.63,15.3,green,credit card,World Trade Center,Brighton Beach,Manhattan,Brooklyn
2019-03-13 10:04:15,2019-03-13 10:18:07,1,0.73,8.78,2.38,0.01,9.3,green,cash,Battery Park City,Dyker Heights,Manhattan,Brooklyn
2019-03-03 17:35:41,2019-03-03 17:51:13,1,0.14,7.0,0.46,0.27,7.32,green,cash,Upper East Side South,Jackson Heights,Manhattan,Queens
2019-03-06 17:17:53,2019-03-06 17:31:51,1,0.61,4.3,3.59,0.01,20.93,green,cash,Central Park,Bloomingdale,Manhattan,Manhattan
2019-03-30 07:53:16,2019-03-30 08:08:51,0,3.49,11.47,0.49,0.0,18.4,green,credit card,Clinton East,Van Cortlandt Village,Manhattan,Bronx
2019-03-20 00:01:52,2019-03-20 00:16:24,1,0.34,8.2,0.34,0.12,10.81,green,credit card,Gramercy,Midtown South,Manhattan,Manhattan
2019-03-21 11:26:26,2019-03-21 11:40:40,1,2.27,15.52,1.04,0.82,28.1,green,cash,LaGuardia Airport,Yorkville West,Queens,Manhattan
2019-03-04 10:08:20,2019-03-04 10:23:42,1,0.03,4.3,0.13,0.07,18.63,green,credit card,Garment District,Sunset Park West,Manhattan,Brooklyn
2019-03-08 21:57:27,2019-03-08 22:11:57,1,0.4,5.2,3.39,0.31,10.41,green,credit card,Upper East Side South,Ridgewood,Manhattan,Queens
2019-03-05 03:26:25,2019-03-05 03:37:58,6,0.2,13.27,1.5,0.03,24.0,green,cash,East Harlem South,Inwood Hill Park,Manhattan,Manhattan
2019-03-04 11:07:41,2019-03-04 11:20:48,1,4.38,6.7,0.92,0.04,18.72,green,cash,Sutton Place/Turtle Bay North,Greenwich Village North,Manhattan,Manhattan
2019-03-20 22:14:16,2019-03-20 22:29:52,0,1.6,6.65,0.32,0.07,65.0,green,cash,Fort Greene,North Corona,Brooklyn,Queens
2019-03-18 16:38:17,2019-03-18 16:52:12,1,3.36,8.0,0.54,0.07,13.6,green,credit card,Lenox Hill East,Jamaica,Manhattan,Queens
2019-03-31 00:36:04,2019-03-31 00:48:30,1,2.37,8.38,0.42,0.05,11.3,green,cash,Upper East Side South,Astoria,Manhattan,Queens
2019-03-06 04:29:24,2019-03-06 04:44:26,1,4.86,9.5,0.86,0.33,14.18,green,cash,TriBeCa/Civic Center,Canarsie,Manhattan,Brooklyn
2019-03-19 18:19:49,2019-03-19 18:33:48,1,0.56,5.4,3.24,0.04,9.5,green,credit card,Garment District,Hamilton Heights,Manhattan,Manhattan
2019-03-19 01:46:16,2019-03-19 02:00:46,1,5.17,8.28,2.44,0.39,13.3,green,credit card,Bloomingdale,Queensboro Hill,Manhattan,Queens
2019-03-26 15:02:43,2019-03-26 15:17:27,1,1.56,3.7,0.19,0.01,25.49,green,credit card,Greenwich Village South,Williamsbridge/Olinville,Manhattan,Bronx
2019-03-24 01:18:31,2019-03-24 01:29:49,1,3.02,4.4,0.04,0.22,19.54,green,cash,Alphabet City,West Village,Manhattan,Manhattan
2019-03-17 03:52:28,2019-03-17 04:06:16,1,0.98,9.42,2.64,0.29,11.8,green,cash,Union Sq,Cobble Hill,Manhattan,Brooklyn
2019-03-23 23:18:51,2019-03-23 23:33:07,1,0.19,12.31,0.09,0.17,13.1,green,credit card,Financial District North,Stapleton,Manhattan,Staten Island
2019-03-12 14:32:51,2019-03-12 14:47:28,1,7.03,16.9,2.3,0.04,17.99,green,credit card,Greenwich Village South,East Harlem South,Manhattan,Manhattan
2019-03-19 17:43:58,2019-03-19 18:00:09,1,4.61,6.2,3.52,0.33,30.78,green,cash,Bloomingdale,Midwood,Manhattan,Brooklyn
2019-03-03 06:50:30,2019-03-03 07:03:48,1,3.32,4.2,1.74,0.06,20.26,green,credit card,Times Sq/Theatre District,Upper West Side North,Manhattan,Manhattan
2019-03-24 04:47:45,2019-03-24 05:02:00,1,1.08,1.93,1.2,0.06,23.58,green,credit card,Meatpacking/West Village West,Murray Hill,Manhattan,Manhattan
2019-03-19 22:25:49,2019-03-19 22:42:12,1,2.57,5.87,2.45,0.13,7.0,green,credit card,Midtown North,Kew Gardens Hills,Manhattan,Queens
2019-03-05 16:59:21,2019-03-05 17:16:11,2,1.59,7.0,0.58,0.01,16.97,green,cash,Times Sq/Theatre District,Borough Park,Manhattan,Brooklyn
2019-03-05 12:07:57,2019-03-05 12:19:33,1,9.48,14.03,1.46,1.25,33.3,green,cash,Ozone Park,East Williamsburg,Queens,Brooklyn
2019-03-13 14:07:10,2019-03-13 14:19:38,1,5.71,8.95,0.1,0.07,22.5,green,credit card,Upper East Side North,Douglaston,Manhattan,Queens
2019-03-26 20:53:22,2019-03-26 21:07:12,3,0.23,10.26,0.75,0.19,15.3,green,cash,East Harlem South,South Jamaica,Manhattan,Queens
2019-03-16 05:29:14,2019-03-16 05:44:37,2,0.06,5.6,0.99,0.12,7.53,green,cash,Lincoln Square East,Little Italy/NoLiTa,Manhattan,Manhattan
2019-03-19 19:33:53,2019-03-19 19:50:43,1,3.09,9.47,3.93,0.02,9.6,green,credit card,East Village,Battery Park City,Manhattan,Manhattan
2019-03-03 04:38:36,2019-03-03 04:52:28,1,0.18,7.92,2.0,0.01,14.8,green,credit card,Downtown Brooklyn/MetroTech,Jackson Heights,Brooklyn,Queens
2019-03-18 19:31:36,2019-03-18 19:46:02,1,0.29,11.0,1.25,0.34,33.03,green,cash,East Harlem North,West Chelsea/Hudson Yards,Manhattan,Manhattan
2019-03-14 23:10:40,2019-03-14 23:23:34,1,8.63,11.66,4.28,0.02,26.4,green,cash,Greenwich Village South,Downtown Brooklyn/MetroTech,Manhattan,Brooklyn
2019-03-24 19:33:45,2019-03-24 19:47:43,3,19.28,11.6,1.25,0.03,21.36,green,cash,Crown Heights North,Flatiron,Brooklyn,Manhattan
2019-03-19 17:13:32,2019-03-19 17:26:10,1,3.91,13.34,2.13,0.01,18.6,green,credit card,Gramercy,Sunnyside,Manhattan,Queens
2019-03-10 17:50:24,2019-03-10 18:03:59,1,2.42,10.8,0.7,0.91,16.54,green,credit card,Downtown Brooklyn/MetroTech,Red Hook,Brooklyn,Brooklyn
2019-02-28 00:54:18,2019-02-28 01:08:37,1,4.2,13.22,0.03,0.05,25.8,green,cash,Kips Bay,Downtown Brooklyn/MetroTech,Manhattan,Brooklyn
2019-03-10 16:13:40,2019-03-10 16:31:03,1,1.62,14.9,2.09,0.71,16.44,green,credit card,Times Sq/Theatre District,Bath Beach,Manhattan,Brooklyn
2019-03-01 09:43:28,2019-03-01 09:58:36,1,1.97,10.95,1.14,0.05,11.2,green,credit card,Union Sq,Cobble Hill,Manhattan,Brooklyn
2019-03-22 02:22:25,2019-03-22 02:38:51,1,0.17,22.6,0.32,2.36,66.08,green,credit card,Long Island City/Queens Plaza,Middle Village,Queens,Queens
2019-03-16 05:56:43,2019-03-16 06:08:48,2,0.84,9.8,1.65,0.11,29.36,green,cash,Clinton Hill,Bensonhurst West,Brooklyn,Brooklyn
2019-03-23 14:23:16,2019-03-23 14:37:12,1,31.16,5.91,1.79,3.27,51.9,green,cash,East Elmhurst,Long Island City/Hunters Point,Queens,Queens
2019-03-10 00:11:31,2019-03-10 00:26:15,1,0.77,5.7,3.7,0.01,19.77,green,credit card,Clinton West,East Village,Manhattan,Manhattan
2019-03-16 06:13:02,2019-03-16 06:26:23,1,4.11,5.4,0.31,0.02,10.24,green,cash,TriBeCa/Civic Center,Fort Greene,Manhattan,Brooklyn
2019-03-19 22:50:07,2019-03-19 23:02:30,1,3.32,12.76,0.05,0.17,35.5,green,cash,Downtown Brooklyn/MetroTech,Flushing Meadows-Corona Park,Brooklyn,Queens
2019-03-22 11:47:06,2019-03-22 12:00:09,1,0.15,5.1,0.52,0.09,9.07,green,credit card,Midtown East,Financial District South,Manhattan,Manhattan
2019-03-17 01:20:03,2019-03-17 01:34:16,2,0.21,6.3,0.44,0.07,9.25,green,credit card,Midtown East,Financial District North,Manhattan,Manhattan
2019-03-22 18:43:38,2019-03-22 18:56:01,1,3.4,18.3,0.91,0.02,29.87,green,credit card,Sutton Place/Turtle Bay North,Kips Bay,Manhattan,Manhattan
2019-03-21 23:12:11,2019-03-21 23:25:53,5,1.24,10.9,1.17,0.24,12.07,green,cash,Upper East Side South,West Village,Manhattan,Manhattan
2019-03-02 10:42:59,2019-03-02 10:58:56,1,1.16,6.8,0.75,0.02,23.19,green,cash,East Chelsea,Yorkville East,Manhattan,Manhattan
2019-03-24 09:51:43,2019-03-24 10:06:57,1,1.12,11.56,4.04,0.28,18.7,green,credit card,Penn Station/Madison Sq West,Glendale,Manhattan,Queens
2019-03-14 12:21:10,2019-03-14 12:38:18,1,0.96,11.2,2.04,0.11,45.28,green,credit card,Flatiron,Mount Hope,Manhattan,Bronx
2019-03-25 08:46:09,2019-03-25 08:59:46,1,2.28,6.8,2.13,0.27,8.27,green,cash,Lincoln Square East,Bay Ridge,Manhattan,Brooklyn
2019-03-19 19:33:02,2019-03-19 19:46:31,1,0.84,6.6,0.96,0.22,54.2,green,credit card,DUMBO/Vinegar Hill,South Ozone Park,Brooklyn,Queens
2019-03-30 08:14:47,2019-03-30 08:27:29,1,0.19,10.27,1.12,0.32,14.4,green,credit card,Union Sq,Crown Heights North,Manhattan,Brooklyn
2019-03-02 20:01:09,2019-03-02 20:11:11,1,4.9,5.5,0.35,0.04,10.4,green,credit card,Central Harlem North,Springfield Gardens South,Manhattan,Queens
2019-03-12 09:56:33,2019-03-12 10:10:41,2,0.04,5.4,1.09,0.26,11.29,green,cash,Midtown Center,Times Sq/Theatre District,Manhattan,Manhattan
2019-03-31 12:05:52,2019-03-31 12:19:12,5,0.54,7.0,4.4,0.09,37.42,green,cash,Little Italy/NoLiTa,Hudson Sq,Manhattan,Manhattan
2019-03-26 18:37:14,2019-03-26 18:50:10,1,8.22,11.8,5.07,0.11,25.08,green,credit card,Midtown North,South Jamaica,Manhattan,Queens
2019-03-20 14:23:40,2019-03-20 14:38:17,1,5.03,6.7,2.76,0.04,15.06,green,cash,UN/Turtle Bay South,Union Sq,Manhattan,Manhattan
2019-03-04 06:47:30,2019-03-04 07:05:50,2,1.72,5.7,0.94,0.0,19.64,green,cash,Times Sq/Theatre District,East Harlem South,Manhattan,Manhattan
2019-03-10 07:12:44,2019-03-10 07:25:58,1,35.72,27.3,6.12,0.06,86.07,green,credit card,Jamaica Estates,Hudson Sq,Queens,Manhattan
2019-03-03 15:58:05,2019-03-03 16:10:54,1,2.17,6.2,3.14,0.01,28.27,green,credit card,Lincoln Square East,Claremont/Bathgate,Manhattan,Bronx
2019-03-10 17:04:09,2019-03-10 17:16:10,1,0.98,22.16,6.46,2.08,30.3,green,cash,Briarwood/Jamaica Hills,Clinton East,Queens,Manhattan
2019-03-08 02:26:33,2019-03-08 02:40:30,1,0.62,11.57,0.33,0.37,14.0,green,cash,Penn Station/Madison Sq West,Meatpacking/West Village West,Manhattan,Manhattan
2019-03-22 03:15:56,2019-03-22 03:29:29,1,1.38,10.4,0.41,0.05,18.39,green,cash,Times Sq/Theatre District,Whitestone,Manhattan,Queens
2019-03-07 14:43:00,2019-03-07 14:57:59,2,1.23,8.28,0.02,0.11,15.4,green,credit card,Bloomingdale,East Chelsea,Manhattan,Manhattan
2019-03-26 02:41:36,2019-03-26 02:56:07,1,0.31,6.65,2.39,0.48,22.3,green,credit card,Penn Station/Madison Sq West,Mount Hope,Manhattan,Bronx
2019-03-23 14:47:37,2019-03-23 14:58:46,1,0.18,8.4,4.02,0.43,59.38,green,cash,Forest Hills,Bath Beach,Queens,Brooklyn
2019-03-06 19:10:35,2019-03-06 19:23:45,1,4.12,6.1,1.34,0.02,9.49,green,credit card,Midtown South,JFK Airport,Manhattan,Queens
2019-03-14 12:12:42,2019-03-14 12:28:37,2,0.13,6.7,0.92,0.04,18.08,green,credit card,Morningside Heights,Queensboro Hill,Manhattan,Queens
2019-03-03 03:11:23,2019-03-03 03:27:59,1,0.62,6.9,0.23,0.11,10.5,green,cash,Lenox Hill West,Randalls Island,Manhattan,Manhattan
2019-03-11 10:50:41,2019-03-11 11:04:48,1,1.41,8.0,3.73,0.05,17.11,green,cash,East Village,Saint Albans,Manhattan,Queens
2019-03-27 23:07:16,2019-03-27 23:19:47,1,3.39,13.79,1.36,3.0,69.7,green,cash,LaGuardia Airport,Crown Heights South,Queens,Brooklyn
2019-03-19 10:35:46,2019-03-19 10:51:00,1,0.96,7.78,2.79,0.1,8.9,green,credit card,East Harlem South,Starrett City,Manhattan,Brooklyn
2019-03-21 16:28:12,2019-03-21 16:42:33,1,0.5,5.0,3.31,0.04,14.58,green,cash,Midtown North,Flatiron,Manhattan,Manhattan
2019-03-30 00:36:46,2019-03-30 00:49:28,1,6.62,5.72,2.29,0.02,7.1,green,cash,Midtown Center,Bath Beach,Manhattan,Brooklyn
2019-03-17 13:17:35,2019-03-17 13:31:46,1,7.07,7.9,1.0,0.16,10.61,green,credit card,Upper East Side South,Belmont,Manhattan,Bronx
2019-03-21 16:40:57,2019-03-21 16:56:32,1,0.03,8.63,3.17,0.07,11.3,green,credit card,Lincoln Square East,Upper East Side North,Manhattan,Manhattan
2019-03-01 10:41:13,2019-03-01 10:56:03,1,0.62,5.22,0.15,0.33,15.8,green,credit card,Crown Heights North,Old Astoria,Brooklyn,Queens
2019-03-24 16:09:10,2019-03-24 16:24:28,1,1.84,9.97,1.44,0.08,14.7,green,cash,Murray Hill,Central Harlem North,Manhattan,Manhattan
2019-03-21 06:55:20,2019-03-21 07:09:41,2,0.14,7.78,0.9,0.15,15.5,green,cash,Brownsville,Midtown North,Brooklyn,Manhattan
2019-03-21 16:00:27,2019-03-21 16:16:05,1,1.04,14.7,1.49,0.13,16.0,green,credit card,West Village,East New York,Manhattan,Brooklyn
2019-03-21 18:54:00,2019-03-21 19:10:12,1,14.0,9.5,3.32,0.0,15.15,green,credit card,Battery Park City,University Heights/Morris Heights,Manhattan,Bronx
2019-03-04 15:22:22,2019-03-04 15:35:35,1,11.51,9.42,0.59,0.03,19.5,green,cash,Yorkville West,South Williamsburg,Manhattan,Brooklyn
2019-03-31 02:02:53,2019-03-31 02:16:41,1,1.05,12.9,0.74,0.03,16.1,green,credit card,Lenox Hill East,SoHo,Manhattan,Manhattan
2019-03-18 14:24:38,2019-03-18 14:40:49,1,0.09,4.68,2.76,0.58,6.4,green,credit card,Union Sq,Eastchester,Manhattan,Bronx
2019-03-07 12:09:40,2019-03-07 12:25:32,5,6.49,2.9,0.64,0.08,26.61,green,cash,Union Sq,Bedford Park,Manhattan,Bronx
2019-03-28 15:08:24,2019-03-28 15:19:12,3,1.18,6.9,0.92,0.17,24.95,green,cash,East Village,Kew Gardens Hills,Manhattan,Queens
2019-03-17 03:03:25,2019-03-17 03:17:16,1,5.61,16.53,0.92,0.31,31.6,green,cash,Midwood,Hunts Point,Brooklyn,Bronx
2019-03-08 06:42:11,2019-03-08 06:55:51,1,3.81,10.4,3.28,0.04,18.53,green,credit card,Financial District South,East Concourse/Concourse Village,Manhattan,Bronx
2019-03-30 20:45:47,2019-03-30 21:02:52,2,0.73,9.64,6.85,0.01,10.2,green,cash,Yorkville East,Two Bridges/Seward Park,Manhattan,Manhattan
2019-03-05 09:39:15,2019-03-05 09:52:34,2,2.72,10.82,1.0,0.0,28.3,green,cash,Central Harlem,Cambria Heights,Manhattan,Queens
2019-03-07 08:39:33,2019-03-07 08:53:41,1,0.94,5.8,1.33,0.11,9.66,green,credit card,Upper East Side North,Van Cortlandt Village,Manhattan,Bronx
2019-03-29 18:33:54,2019-03-29 18:49:07,2,1.86,9.0,0.54,0.11,15.62,green,credit card,Murray Hill,Sheepshead Bay,Manhattan,Brooklyn
2019-03-26 11:43:58,2019-03-26 11:57:10,1,0.12,6.9,0.21,0.01,12.18,green,cash,Upper East Side South,Chinatown,Manhattan,Manhattan
2019-03-09 04:31:26,2019-03-09 04:45:26,2,1.72,7.1,1.32,0.46,13.18,green,cash,Upper East Side North,Greenwich Village North,Manhattan,Manhattan
2019-03-10 12:09:07,2019-03-10 12:24:10,1,0.59,5.0,0.92,0.0,15.69,green,cash,World Trade Center,Old Astoria,Manhattan,Queens
2019-03-15 21:29:39,2019-03-15 21:44:03,2,0.63,9.65,3.53,0.08,10.8,green,credit card,Financial District North,Maspeth,Manhattan,Queens
2019-03-13 17:30:08,2019-03-13 17:46:19,1,1.66,6.5,0.67,0.03,13.5,green,credit card,Murray Hill,Greenpoint,Manhattan,Brooklyn
2019-03-02 15:18:05,2019-03-02 15:30:46,1,0.58,11.65,4.49,0.08,14.7,green,cash,Morningside Heights,Sunnyside,Manhattan,Queens
2019-03-02 18:54:12,2019-03-02 19:09:26,0,1.88,12.3,4.92,0.15,17.71,green,credit card,West Village,West Chelsea/Hudson Yards,Manhattan,Manhattan
2019-03-29 22:56:56,2019-03-29 23:12:28,1,5.73,11.39,1.1,0.86,37.7,green,credit card,Auburndale,Spuyten Duyvil/Kingsbridge,Queens,Bronx
2019-03-20 14:31:30,2019-03-20 14:42:09,1,0.66,19.3,0.13,0.46,24.32,green,credit card,Bushwick North,JFK Airport,Brooklyn,Queens
2019-03-31 00:21:19,2019-03-31 00:35:26,6,3.29,5.29,1.46,0.09,12.9,green,cash,Upper West Side North,Saint Albans,Manhattan,Queens
2019-03-21 00:17:48,2019-03-21 00:32:58,1,2.4,5.9,0.27,0.38,6.32,green,cash,Gramercy,Jamaica,Manhattan,Queens
2019-03-28 22:51:15,2019-03-28 23:06:54,1,0.05,7.02,0.43,0.3,29.2,green,credit card,Yorkville West,Williamsburg (South Side),Manhattan,Brooklyn
2019-03-08 21:34:26,2019-03-08 21:46:58,1,0.87,8.9,0.85,0.01,17.51,green,cash,Midtown South,Old Astoria,Manhattan,Queens
2019-03-21 23:09:02,2019-03-21 23:23:49,1,10.96,11.4,2.32,0.3,13.83,green,cash,Union Sq,Flatlands,Manhattan,Brooklyn
2019-03-12 17:46:07,2019-03-12 18:02:30,1,1.19,2.5,1.57,0.71,9.06,green,credit card,Greenwich Village North,Woodhaven,Manhattan,Queens
2019-03-26 11:01:11,2019-03-26 11:14:00,1,0.21,18.34,3.18,0.07,26.6,green,credit card,Penn Station/Madison Sq West,World Trade Center,Manhattan,Manhattan
2019-03-10 01:03:17,2019-03-10 01:17:24,1,1.26,5.0,0.31,0.12,16.9,green,credit card,Central Harlem,Long Island City/Queens Plaza,Manhattan,Queens
2019-03-16 00:12:28,2019-03-16 00:29:14,1,3.85,12.5,3.15,0.06,16.21,green,cash,Kips Bay,Madison,Manhattan,Brooklyn
2019-03-08 03:14:30,2019-03-08 03:29:32,1,3.26,14.1,1.32,0.03,16.47,green,cash,Clinton East,Flushing Meadows-Corona Park,Manhattan,Queens
2019-03-26 17:05:24,2019-03-26 17:22:38,5,10.02,11.6,0.17,0.54,21.72,green,credit card,Washington Heights South,Flatiron,Manhattan,Manhattan
2019-03-03 20:56:42,2019-03-03 21:10:02,5,1.17,5.3,3.61,0.02,23.34,green,credit card,Garment District,Kingsbridge Heights,Manhattan,Bronx
2019-03-25 11:52:35,2019-03-25 12:08:34,1,0.05,13.0,0.3,0.0,18.62,green,cash,Clinton East,Middle Village,Manhattan,Queens
2019-03-16 01:06:13,2019-03-16 01:17:02,5,2.57,23.4,0.01,2.66,68.57,green,credit card,East Concourse/Concourse Village,West Concourse,Bronx,Bronx
2019-03-31 21:38:19,2019-03-31 21:52:10,1,2.85,9.7,2.62,0.06,13.23,green,credit card,Little Italy/NoLiTa,Little Italy/NoLiTa,Manhattan,Manhattan
2019-03-13 01:49:51,2019-03-13 02:04:46,2,1.23,8.8,5.33,0.07,13.7,green,cash,Midtown Center,Morningside Heights,Manhattan,Manhattan
2019-03-06 00:47:54,2019-03-06 01:04:31,1,1.11,15.0,0.21,0.05,18.6,green,cash,Sutton Place/Turtle Bay North,Bensonhurst West,Manhattan,Brooklyn
2019-03-25 02:24:37,2019-03-25 02:39:31,1,22.63,5.0,0.07,1.27,20.15,green,cash,Mott Haven/Port Morris,Queensboro Hill,Bronx,Queens
2019-03-22 20:31:32,2019-03-22 20:45:25,1,2.43,11.0,0.6,0.02,11.39,green,credit card,Upper East Side North,Bloomingdale,Manhattan,Manhattan
2019-03-15 03:15:35,2019-03-15 03:30:55,1,9.19,17.3,0.19,1.44,21.24,green,cash,Forest Hills,Financial District South,Queens,Manhattan
2019-03-27 03:45:40,2019-03-27 04:00:55,1,7.38,11.8,0.71,0.45,14.11,green,cash,Little Italy/NoLiTa,Flatbush/Ditmas Park,Manhattan,Brooklyn
2019-03-18 00:15:39,2019-03-18 00:28:34,1,14.22,14.5,3.63,1.94,17.8,green,credit card,Astoria,Rego Park,Queens,Queens
2019-03-07 21:36:38,2019-03-07 21:51:23,1,1.09,7.34,7.73,0.72,14.9,green,credit card,Lenox Hill East,Cypress Hills,Manhattan,Brooklyn
2019-03-06 05:43:10,2019-03-06 05:58:28,1,1.56,7.9,1.14,0.03,9.16,green,cash,UN/Turtle Bay South,Penn Station/Madison Sq West,Manhattan,Manhattan
2019-03-03 17:39:06,2019-03-03 17:52:56,1,0.33,6.7,0.58,0.19,8.81,green,cash,Lenox Hill West,Bensonhurst West,Manhattan,Brooklyn
2019-03-21 23:47:47,2019-03-22 00:03:10,1,1.54,4.5,2.93,0.1,10.85,green,cash,Upper West Side North,Manhattanville,Manhattan,Manhattan
2019-02-28 15:01:24,2019-02-28 15:18:21,1,0.52,12.4,2.95,0.2,12.61,green,credit card,Midtown Center,Ozone Park,Manhattan,Queens
2019-03-24 21:52:34,2019-03-24 22:05:24,2,2.05,4.0,0.24,0.07,14.52,green,credit card,Upper East Side North,Bayside,Manhattan,Queens
2019-03-02 19:12:36,2019-03-02 19:27:30,1,3.9,8.99,2.86,0.08,25.2,green,cash,Central Harlem,Williamsburg (North Side),Manhattan,Brooklyn
2019-03-27 18:25:33,2019-03-27 18:40:20,5,1.39,9.92,0.27,0.24,12.5,green,credit card,Stuy Town/Peter Cooper Village,Clinton Hill,Manhattan,Brooklyn
2019-03-30 01:58:03,2019-03-30 02:15:20,5,0.99,9.2,1.09,0.17,13.54,green,credit card,East Village,Soundview/Castle Hill,Manhattan,Bronx
2019-03-25 10:22:14,2019-03-25 10:36:10,1,0.39,8.5,0.43,0.03,16.72,green,cash,Battery Park City,Park Slope,Manhattan,Brooklyn
2019-03-26 23:55:08,2019-03-27 00:08:11,2,1.96,8.7,0.05,0.0,25.29,green,cash,Manhattan Valley,Red Hook,Manhattan,Brooklyn
2019-03-03 03:20:08,2019-03-03 03:35:57,1,2.72,3.7,1.12,1.04,10.58,green,cash,Park Slope,Upper West Side North,Brooklyn,Manhattan
2019-03-06 11:11:50,2019-03-06 11:23:50,1,1.76,10.83,0.43,0.04,14.6,green,credit card,Morningside Heights,Midtown North,Manhattan,Manhattan
2019-03-29 22:32:28,2019-03-29 22:45:50,1,1.22,9.16,2.81,0.12,11.7,green,cash,Central Harlem,Fort Greene,Manhattan,Brooklyn
2019-03-19 22:10:11,2019-03-19 22:23:43,1,2.0,20.5,0.37,0.1,26.71,green,cash,JFK Airport,Bay Ridge,Queens,Brooklyn
2019-03-15 02:52:47,2019-03-15 03:07:43,1,0.91,10.7,0.76,0.16,17.21,green,credit card,Penn Station/Madison Sq West,Penn Station/Madison Sq West,Manhattan,Manhattan
2019-03-01 08:58:25,2019-03-01 09:13:22,2,17.55,9.7,3.64,3.64,12.68,green,credit card,JFK Airport,Inwood Hill Park,Queens,Manhattan
2019-03-11 13:06:08,2019-03-11 13:19:39,2,6.05,32.4,0.06,0.39,67.86,green,credit card,Co-Op City,Hudson Sq,Bronx,Manhattan
2019-03-13 10:18:27,2019-03-13 10:34:12,1,6.14,4.7,0.19,0.29,15.85,green,cash,Times Sq/Theatre District,Riverdale/North Riverdale/Fieldston,Manhattan,Bronx
2019-03-15 05:54:48,2019-03-15 06:07:29,1,1.97,4.2,0.02,0.07,25.34,green,cash,Lower East Side,Norwood,Manhattan,Bronx
2019-03-09 05:18:56,2019-03-09 05:34:10,1,0.39,5.7,0.78,0.45,34.77,green,credit card,Washington Heights South,Hamilton Heights,Manhattan,Manhattan
2019-03-23 10:13:50,2019-03-23 10:28:08,1,2.16,9.66,0.23,0.08,12.9,green,credit card,Lenox Hill West,Bedford,Manhattan,Brooklyn
2019-03-16 08:07:12,2019-03-16 08:22:05,1,0.54,6.6,3.67,0.14,39.72,green,cash,Battery Park City,Chinatown,Manhattan,Manhattan
2019-03-14 08:38:09,2019-03-14 08:51:44,1,1.05,9.1,3.35,0.01,30.78,green,credit card,Midtown Center,Briarwood/Jamaica Hills,Manhattan,Queens
2019-03-16 01:25:44,2019-03-16 01:39:58,1,1.9,8.7,0.63,0.1,11.79,green,credit card,Upper West Side South,Clinton West,Manhattan,Manhattan
2019-03-24 16:20:22,2019-03-24 16:33:34,2,6.66,41.1,4.13,0.34,96.36,green,credit card,Woodside,Gravesend,Queens,Brooklyn
2019-03-26 12:38:58,2019-03-26 12:54:12,1,1.75,9.1,0.21,0.2,10.07,green,cash,Midtown North,LaGuardia Airport,Manhattan,Queens
2019-03-17 05:20:42,2019-03-17 05:37:00,6,0.5,8.6,2.35,0.24,8.69,green,cash,Lenox Hill West,Kingsbridge Heights,Manhattan,Bronx
2019-03-20 16:35:55,2019-03-20 16:47:40,1,0.12,8.0,0.06,0.04,17.85,green,credit card,East Harlem South,Hillcrest/Pomonok,Manhattan,Queens
2019-03-09 03:40:17,2019-03-09 03:52:39,1,4.41,4.3,1.7,0.19,19.42,green,cash,East Harlem North,Brownsville,Manhattan,Brooklyn
2019-03-25 12:07:11,2019-03-25 12:21:01,1,4.62,7.9,0.2,0.08,17.53,green,cash,Clinton East,Crown Heights North,Manhattan,Brooklyn
2019-03-15 01:43:22,2019-03-15 01:59:36,5,10.73,1.38,0.24,0.72,8.3,green,credit card,Astoria,Stapleton,Queens,Staten Island
2019-03-20 15:55:27,2019-03-20 16:08:09,1,3.24,14.2,1.23,0.13,27.51,green,credit card,Sunset Park West,Elmhurst,Brooklyn,Queens
2019-03-13 09:42:29,2019-03-13 09:57:20,1,2.14,10.0,5.53,0.02,11.21,green,cash,Midtown North,Upper West Side South,Manhattan,Manhattan
2019-03-26 06:44:13,2019-03-26 07:00:30,2,0.31,12.6,0.65,0.12,23.89,green,cash,Upper East Side South,DUMBO/Vinegar Hill,Manhattan,Brooklyn
2019-03-30 01:31:09,2019-03-30 01:44:34,1,0.7,8.65,4.4,0.0,10.19,green,cash,Midtown South,Ocean Hill,Manhattan,Brooklyn
2019-03-13 20:38:58,2019-03-13 20:51:47,1,0.78,9.69,7.3,0.4,13.75,green,credit card,Clinton East,Madison,Manhattan,Brooklyn
2019-03-03 13:23:13,2019-03-03 13:38:43,1,0.9,4.6,1.78,0.01,18.48,green,credit card,Times Sq/Theatre District,Manhattan Beach,Manhattan,Brooklyn
2019-03-22 15:28:47,2019-03-22 15:44:48,1,5.1,17.5,11.68,1.24,18.28,green,cash,LaGuardia Airport,Lower East Side,Queens,Manhattan
2019-03-07 00:10:25,2019-03-07 00:23:54,1,0.6,8.59,1.12,0.09,9.3,green,credit card,Upper West Side South,Spuyten Duyvil/Kingsbridge,Manhattan,Bronx
2019-03-03 15:58:46,2019-03-03 16:11:04,1,2.82,12.0,3.56,0.04,14.55,green,credit card,Greenwich Village North,Washington Heights North,Manhattan,Manhattan
2019-03-23 08:32:57,2019-03-23 08:50:03,1,0.39,7.8,3.5,0.24,23.28,green,credit card,Clinton East,Bedford,Manhattan,Brooklyn
2019-03-31 02:23:25,2019-03-31 02:38:20,1,7.47,21.23,2.09,0.6,54.4,green,cash,LaGuardia Airport,East Flushing,Queens,Queens
2019-03-03 03:19:46,2019-03-03 03:31:35,1,1.05,7.81,6.62,1.73,17.1,green,cash,Queensboro Hill,Spuyten Duyvil/Kingsbridge,Queens,Bronx
2019-03-21 06:24:19,2019-03-21 06:37:39,1,1.95,8.02,3.27,0.02,9.2,green,credit card,Midtown South,Battery Park,Manhattan,Manhattan
2019-03-24 21:58:18,2019-03-24 22:12:06,1,0.04,7.2,2.11,0.02,27.71,green,cash,Manhattan Valley,Flatiron,Manhattan,Manhattan
2019-03-17 09:36:02,2019-03-17 09:49:36,1,27.84,64.2,0.16,0.37,93.82,green,cash,Queensbridge/Ravenswood,Claremont/Bathgate,Queens,Bronx
2019-03-26 19:50:07,2019-03-26 20:05:07,1,2.98,9.3,0.97,0.1,10.59,green,credit card,Lincoln Square East,Crown Heights South,Manhattan,Brooklyn
2019-03-20 09:32:57,2019-03-20 09:45:45,1,0.11,11.1,1.27,0.04,17.56,green,credit card,East Chelsea,Roosevelt Island,Manhattan,Manhattan
2019-03-20 03:43:23,2019-03-20 03:55:42,1,0.22,6.5,0.92,0.01,14.61,green,credit card,Lincoln Square East,Murray Hill-Queens,Manhattan,Queens
2019-03-04 19:02:59,2019-03-04 19:17:51,1,0.26,10.2,2.58,0.09,14.63,green,cash,Upper East Side North,Flushing,Manhattan,Queens
2019-03-08 12:53:41,2019-03-08 13:07:15,1,0.31,6.3,0.01,0.14,15.73,green,cash,Lower East Side,Battery Park City,Manhattan,Manhattan
2019-03-01 16:29:16,2019-03-01 16:47:20,1,1.18,5.0,1.02,0.18,10.02,green,credit card,Seaport,Manhattanville,Manhattan,Manhattan
2019-03-29 20:09:28,2019-03-29 20:23:48,6,0.65,4.4,0.36,0.18,27.17,green,credit card,Midtown East,Bath Beach,Manhattan,Brooklyn
2019-03-10 11:47:18,2019-03-10 12:01:44,3,2.0,7.0,2.73,0.18,13.32,green,cash,Times Sq/Theatre District,Woodlawn/Wakefield,Manhattan,Bronx
2019-03-11 12:59:30,2019-03-11 13:15:09,1,1.33,7.33,2.24,0.17,8.9,green,credit card,Greenwich Village North,West Brighton,Manhattan,Staten Island
2019-03-27 03:14:33,2019-03-27 03:28:40,5,3.37,8.4,2.55,0.07,18.91,green,credit card,Times Sq/Theatre District,Battery Park City,Manhattan,Manhattan
2019-03-25 22:37:07,2019-03-25 22:51:15,2,9.07,1.3,8.64,3.95,26.2,green,credit card,Jackson Heights,Upper East Side North,Queens,Manhattan
2019-03-25 10:53:28,2019-03-25 11:08:04,1,0.75,15.64,0.67,0.19,19.0,green,cash,Boerum Hill,DUMBO/Vinegar Hill,Brooklyn,Brooklyn
2019-03-12 12:57:55,2019-03-12 13:11:48,2,1.99,9.19,4.27,0.03,22.8,green,cash,Central Harlem,Woodhaven,Manhattan,Queens
2019-03-20 15:30:34,2019-03-20 15:43:14,1,4.4,6.7,1.3,0.13,15.01,green,credit card,Financial District North,Sheepshead Bay,Manhattan,Brooklyn
2019-03-01 18:53:21,2019-03-01 19:06:50,5,0.81,26.88,2.87,0.13,32.4,green,cash,East Harlem South,Greenwich Village South,Manhattan,Manhattan
2019-03-28 07:11:02,2019-03-28 07:26:54,1,0.58,7.6,0.4,0.12,15.11,green,cash,East Harlem South,Clinton Hill,Manhattan,Brooklyn
2019-03-16 18:50:20,2019-03-16 19:03:00,1,2.2,5.34,4.2,0.04,25.94,green,credit card,UN/Turtle Bay South,Cypress Hills,Manhattan,Brooklyn
2019-03-12 03:40:13,2019-03-12 03:54:28,1,2.36,3.6,3.04,0.17,15.01,green,credit card,Upper West Side North,Stuy Town/Peter Cooper Village,Manhattan,Manhattan
2019-03-15 20:48:47,2019-03-15 21:04:27,1,0.08,3.3,0.7,0.1,11.87,green,cash,Lincoln Square East,Bath Beach,Manhattan,Brooklyn
2019-03-22 08:44:46,2019-03-22 08:58:55,1,2.76,3.6,2.93,0.11,9.44,green,cash,Penn Station/Madison Sq West,Elmhurst,Manhattan,Queens
2019-03-10 09:35:02,2019-03-10 09:49:00,1,1.58,12.7,0.03,0.78,45.03,green,cash,Parkchester,Canarsie,Bronx,Brooklyn
2019-03-09 21:59:50,2019-03-09 22:16:07,1,0.6,16.41,4.35,0.34,26.3,green,credit card,Sutton Place/Turtle Bay North,Hillcrest/Pomonok,Manhattan,Queens
2019-03-26 19:14:30,2019-03-26 19:27:13,1,0.67,13.08,0.47,0.26,19.9,green,credit card,Stuy Town/Peter Cooper Village,Bloomingdale,Manhattan,Manhattan
2019-03-09 13:14:58,2019-03-09 13:28:46,2,6.04,8.6,0.03,0.26,24.85,green,cash,Little Italy/NoLiTa,Manhattanville,Manhattan,Manhattan
2019-03-20 05:11:08,2019-03-20 05:24:26,1,2.59,9.7,0.13,0.02,22.38,green,credit card,Midtown North,Van Nest/Morris Park,Manhattan,Bronx
2019-03-27 16:12:44,2019-03-27 16:27:20,1,0.43,5.0,0.63,0.14,8.28,green,credit card,Midtown South,Co-Op City,Manhattan,Bronx
2019-03-21 01:12:36,2019-03-21 01:25:06,1,4.53,3.83,2.3,0.34,15.81,green,cash,Morningside Heights,Bensonhurst East,Manhattan,Brooklyn
2019-03-02 20:33:26,2019-03-02 20:48:13,1,29.24,40.61,3.83,0.67,50.1,green,cash,JFK Airport,Sunnyside,Queens,Queens
2019-03-13 09:50:13,2019-03-13 10:04:06,2,18.19,13.0,4.26,1.67,56.2,green,cash,LaGuardia Airport,Riverdale/North Riverdale/Fieldston,Queens,Bronx
2019-03-03 07:29:28,2019-03-03 07:42:51,1,1.73,5.82,3.42,0.45,21.8,green,credit card,Times Sq/Theatre District,Columbia Street,Manhattan,Brooklyn
2019-03-27 04:49:53,2019-03-27 05:02:25,1,3.72,26.22,2.87,0.05,33.0,green,cash,East Harlem North,Bushwick North,Manhattan,Brooklyn
2019-03-04 10:04:03,2019-03-04 10:20:25,1,5.67,6.0,0.28,0.04,26.76,green,cash,Gramercy,Williamsbridge/Olinville,Manhattan,Bronx
2019-03-07 16:07:51,2019-03-07 16:22:24,1,1.39,10.05,0.32,0.03,17.4,green,credit card,Upper West Side North,Crown Heights South,Manhattan,Brooklyn
2019-03-20 18:50:00,2019-03-20 19:03:43,2,3.2,5.0,1.62,0.11,20.63,green,credit card,East Chelsea,Union Sq,Manhattan,Manhattan
2019-03-02 23:02:08,2019-03-02 23:16:20,1,3.71,6.03,0.83,0.41,11.0,green,credit card,Midtown East,Springfield Gardens South,Manhattan,Queens
2019-03-17 09:59:58,2019-03-17 10:14:01,2,11.55,23.3,5.03,1.55,120.87,green,cash,Kew Gardens,Van Nest/Morris Park,Queens,Bronx
2019-03-29 12:49:52,2019-03-29 13:05:50,1,5.26,3.9,1.86,0.09,12.88,green,cash,SoHo,Jamaica,Manhattan,Queens
2019-03-04 21:19:40,2019-03-04 21:34:23,1,1.02,6.3,2.07,0.24,24.09,green,credit card,Garment District,Lincoln Square West,Manhattan,Manhattan
2019-03-25 05:42:12,2019-03-25 05:57:38,1,1.39,7.48,2.68,0.02,20.0,green,credit card,Upper East Side South,Bedford Park,Manhattan,Bronx
2019-03-04 19:41:34,2019-03-04 19:57:49,4,1.69,9.1,0.7,0.02,21.38,green,cash,Lenox Hill West,Inwood Hill Park,Manhattan,Manhattan
2019-03-06 10:54:55,2019-03-06 11:07:51,1,0.14,10.22,0.48,0.31,10.8,green,credit card,TriBeCa/Civic Center,Bushwick South,Manhattan,Brooklyn
2019-03-04 10:36:08,2019-03-04 10:51:26,1,2.75,3.2,2.5,0.2,13.39,green,credit card,Yorkville East,Alphabet City,Manhattan,Manhattan
2019-03-01 03:12:40,2019-03-01 03:25:53,4,1.46,5.0,0.07,0.02,11.67,green,cash,Penn Station/Madison Sq West,Middle Village,Manhattan,Queens
2019-02-28 05:35:41,2019-02-28 05:49:52,1,1.03,11.29,1.14,0.05,15.4,green,cash,Central Harlem,Forest Hills,Manhattan,Queens
2019-03-13 13:49:29,2019-03-13 14:05:15,1,14.17,20.7,2.21,0.73,40.17,green,cash,Long Island City/Hunters Point,Queens Village,Queens,Queens
2019-03-17 10:51:09,2019-03-17 11:07:02,1,7.48,16.2,2.01,0.07,27.3,green,credit card,Clinton East,Bensonhurst East,Manhattan,Brooklyn
2019-03-15 13:50:02,2019-03-15 14:06:48,2,1.15,9.5,1.19,0.05,18.33,green,cash,Morningside Heights,East Harlem North,Manhattan,Manhattan
2019-03-29 21:23:37,2019-03-29 21:39:33,2,0.4,5.6,4.77,0.04,9.66,green,cash,Times Sq/Theatre District,Corona,Manhattan,Queens
2019-03-02 13:38:30,2019-03-02 13:51:17,1,0.27,15.7,3.73,0.08,23.56,green,credit card,East Chelsea,South Ozone Park,Manhattan,Queens
2019-03-07 10:40:38,2019-03-07 10:53:40,2,1.43,6.6,0.27,0.21,18.8,green,credit card,Gravesend,Sunset Park West,Brooklyn,Brooklyn
2019-03-29 17:48:34,2019-03-29 17:57:56,1,1.85,10.42,0.2,0.05,13.4,green,cash,Penn Station/Madison Sq West,Bensonhurst East,Manhattan,Brooklyn
2019-03-25 04:06:36,2019-03-25 04:22:08,2,5.15,8.6,0.27,0.02,12.06,green,cash,Midtown South,Brooklyn Heights,Manhattan,Brooklyn
2019-03-20 01:34:23,2019-03-20 01:46:01,1,2.68,15.4,7.5,0.32,24.59,green,cash,Upper West Side North,Sunnyside,Manhattan,Queens
2019-03-18 01:06:16,2019-03-18 01:21:13,1,0.47,5.4,0.67,0.15,26.65,green,credit card,Fort Greene,Morrisania/Melrose,Brooklyn,Bronx
2019-03-09 21:20:00,2019-03-09 21:33:23,1,4.92,2.0,0.89,0.17,17.82,green,credit card,West Village,Bloomingdale,Manhattan,Manhattan
2019-03-14 08:03:32,2019-03-14 08:17:09,1,1.26,1.7,0.93,0.95,45.74,green,cash,JFK Airport,Boerum Hill,Queens,Brooklyn
2019-03-16 23:11:03,2019-03-16 23:25:01,1,1.21,19.3,2.64,0.81,27.72,green,credit card,Financial District North,Cobble Hill,Manhattan,Brooklyn
2019-03-17 07:09:23,2019-03-17 07:19:56,1,5.5,5.9,0.11,0.03,18.21,green,credit card,Midtown North,UN/Turtle Bay South,Manhattan,Manhattan
2019-03-15 10:18:42,2019-03-15 10:32:55,1,4.7,9.1,3.34,0.18,15.28,green,credit card,Downtown Brooklyn/MetroTech,Cambria Heights,Brooklyn,Queens
2019-03-16 05:23:55,2019-03-16 05:35:28,1,3.48,11.0,0.17,0.7,11.95,green,cash,Soundview/Bruckner,Columbia Street,Bronx,Brooklyn
2019-03-08 15:40:05,2019-03-08 15:55:39,1,1.54,6.9,1.45,0.19,9.57,green,cash,Fort Greene,South Williamsburg,Brooklyn,Brooklyn
2019-03-22 01:19:49,2019-03-22 01:29:45,1,3.46,6.85,0.15,0.09,16.9,green,credit card,West Village,Greenwich Village South,Manhattan,Manhattan
2019-03-06 15:43:55,2019-03-06 15:58:10,6,8.76,7.7,0.02,0.08,19.29,green,cash,Astoria,Queensbridge/Ravenswood,Queens,Queens
2019-03-28 02:13:46,2019-03-28 02:29:31,2,2.06,18.96,10.4,0.13,19.71,green,cash,Meatpacking/West Village West,Kew Gardens Hills,Manhattan,Queens
2019-03-01 03:21:00,2019-03-01 03:36:59,1,7.24,7.1,2.41,0.04,10.77,green,credit card,Murray Hill,Ridgewood,Manhattan,Queens
2019-03-24 11:27:53,2019-03-24 11:40:53,2,1.39,6.9,0.21,0.3,17.82,green,credit card,Little Italy/NoLiTa,Stuy Town/Peter Cooper Village,Manhattan,Manhattan
2019-03-24 06:46:08,2019-03-24 07:02:41,1,3.41,4.59,0.54,0.22,15.7,green,credit card,Park Slope,Elmhurst,Brooklyn,Queens
2019-03-17 08:43:01,2019-03-17 08:57:23,1,3.07,14.89,0.22,0.25,18.2,green,cash,Penn Station/Madison Sq West,Bensonhurst West,Manhattan,Brooklyn
2019-03-05 09:08:27,2019-03-05 09:24:35,1,0.75,9.1,0.69,0.05,22.56,green,cash,Morningside Heights,Stapleton,Manhattan,Staten Island
2019-03-17 10:50:32,2019-03-17 11:03:37,1,6.9,11.9,2.35,0.13,12.95,green,credit card,Union Sq,Upper West Side North,Manhattan,Manhattan
2019-03-23 18:44:39,2019-03-23 18:59:38,5,5.33,6.5,1.33,0.07,19.78,green,credit card,Sutton Place/Turtle Bay North,Kew Gardens,Manhattan,Queens
2019-03-13 16:45:09,2019-03-13 16:58:41,1,2.88,15.9,0.96,0.07,30.32,green,cash,Flatiron,College Point,Manhattan,Queens
2019-03-21 01:52:30,2019-03-21 02:05:20,1,1.03,5.22,0.65,0.57,7.7,green,credit card,Battery Park City,Claremont/Bathgate,Manhattan,Bronx
2019-03-02 16:27:49,2019-03-02 16:41:50,1,2.34,7.5,4.31,0.13,22.7,green,credit card,Clinton East,Soundview/Castle Hill,Manhattan,Bronx
2019-03-10 05:09:03,2019-03-10 05:23:54,1,1.63,25.06,0.04,0.53,51.5,green,credit card,Parkchester,Ridgewood,Bronx,Queens
2019-03-02 13:35:00,2019-03-02 13:49:13,1,0.58,1.7,1.33,0.17,11.27,green,cash,Midtown Center,West Concourse,Manhattan,Bronx
2019-03-23 20:55:21,2019-03-23 21:10:58,0,1.52,10.66,1.51,0.07,11.8,green,cash,Clinton East,Forest Hills,Manhattan,Queens
2019-03-02 11:46:06,2019-03-02 12:01:30,2,2.85,11.92,1.34,0.82,13.0,green,credit card,Woodside,Mott Haven/Port Morris,Queens,Bronx
2019-03-12 08:15:53,2019-03-12 08:29:58,1,1.39,15.8,0.96,0.36,34.14,green,cash,Murray Hill,Whitestone,Manhattan,Queens
2019-03-31 08:04:14,2019-03-31 08:22:41,1,8.76,7.7,0.55,0.05,13.4,green,cash,Upper East Side North,Gravesend,Manhattan,Brooklyn
2019-03-26 12:42:20,2019-03-26 12:56:57,6,1.99,13.0,0.74,0.23,14.8,green,credit card,Murray Hill,Whitestone,Manhattan,Queens
2019-03-26 10:12:16,2019-03-26 10:26:56,2,3.84,5.6,0.48,0.18,6.55,green,credit card,Times Sq/Theatre District,Clinton East,Manhattan,Manhattan
2019-03-16 06:26:50,2019-03-16 06:40:58,1,1.51,17.0,4.59,0.24,25.08,green,cash,West Chelsea/Hudson Yards,Hunts Point,Manhattan,Bronx
2019-03-08 13:45:18,2019-03-08 13:59:52,3,0.53,9.44,0.34,0.03,16.5,green,cash,Park Slope,Auburndale,Brooklyn,Queens
2019-03-19 06:01:23,2019-03-19 06:15:51,1,1.37,8.71,0.56,0.16,11.0,green,cash,Upper East Side South,Brownsville,Manhattan,Brooklyn
2019-03-24 02:31:56,2019-03-24 02:47:22,1,4.09,15.2,0.94,0.04,17.86,green,credit card,Clinton West,Middle Village,Manhattan,Queens
2019-03-01 08:17:53,2019-03-01 08:33:14,1,1.57,19.66,0.32,0.06,20.1,green,credit card,Midtown East,Mount Hope,Manhattan,Bronx
2019-03-27 07:03:04,2019-03-27 07:16:34,5,1.37,11.35,5.05,0.21,20.2,green,cash,Sutton Place/Turtle Bay North,Central Harlem,Manhattan,Manhattan
2019-03-05 05:20:35,2019-03-05 05:35:15,1,3.39,8.0,5.46,0.24,17.52,green,credit card,Upper West Side North,Park Slope,Manhattan,Brooklyn
2019-03-22 14:55:20,2019-03-22 15:07:35,1,0.11,7.2,0.87,0.1,14.28,green,credit card,Central Harlem North,Central Harlem,Manhattan,Manhattan
2019-03-05 07:32:11,2019-03-05 07:48:21,4,1.26,11.42,0.92,0.14,14.4,green,cash,Lenox Hill West,Bayside,Manhattan,Queens
2019-03-13 10:33:48,2019-03-13 10:47:36,5,0.28,6.6,1.66,0.21,17.09,green,cash,Lincoln Square West,Central Harlem North,Manhattan,Manhattan
2019-03-24 22:32:24,2019-03-24 22:46:46,1,3.28,3.9,3.41,0.29,11.58,green,cash,East Harlem North,North Corona,Manhattan,Queens
2019-03-11 23:03:19,2019-03-11 23:17:36,2,5.27,5.72,0.39,0.11,7.3,green,credit card,Two Bridges/Seward Park,Garment District,Manhattan,Manhattan
2019-03-09 09:08:41,2019-03-09 09:25:10,1,4.75,14.8,0.29,0.02,14.8,green,cash,Upper West Side South,East Concourse/Concourse Village,Manhattan,Bronx
2019-03-21 16:03:25,2019-03-21 16:17:42,1,7.01,5.67,1.32,0.06,10.0,green,cash,Fort Greene,Boerum Hill,Brooklyn,Brooklyn
2019-03-17 07:22:11,2019-03-17 07:35:39,6,2.17,3.5,2.52,0.01,13.0,green,credit card,Lincoln Square West,Midtown Center,Manhattan,Manhattan
2019-03-07 04:28:06,2019-03-07 04:43:06,1,4.3,3.19,6.4,5.22,18.91,green,credit card,Astoria,Midtown East,Queens,Manhattan
2019-03-28 18:56:14,2019-03-28 19:09:32,1,0.07,9.6,0.34,0.06,14.39,green,credit card,Upper East Side South,Homecrest,Manhattan,Brooklyn
2019-03-19 01:01:43,2019-03-19 01:15:47,1,3.65,12.5,0.88,0.04,14.34,green,cash,Lincoln Square East,Williamsburg (South Side),Manhattan,Brooklyn
2019-03-07 12:14:52,2019-03-07 12:29:23,1,0.34,7.01,0.69,0.07,13.5,green,cash,UN/Turtle Bay South,Two Bridges/Seward Park,Manhattan,Manhattan
2019-03-16 05:21:26,2019-03-16 05:34:08,1,1.79,3.5,0.35,0.02,10.08,green,credit card,Lenox Hill West,Bath Beach,Manhattan,Brooklyn
2019-03-17 01:35:45,2019-03-17 01:52:58,1,2.39,11.1,1.03,0.07,13.14,green,credit card,West Village,Mount Hope,Manhattan,Bronx
2019-03-26 07:56:05,2019-03-26 08:13:04,4,3.15,7.7,2.81,0.05,13.95,green,cash,Prospect-Lefferts Gardens,Midwood,Brooklyn,Brooklyn
2019-03-01 12:48:52,2019-03-01 13:04:28,1,5.54,11.03,0.07,0.05,12.1,green,credit card,Clinton East,Prospect Heights,Manhattan,Brooklyn
2019-03-18 22:41:08,2019-03-18 22:56:05,1,6.88,4.92,2.8,0.65,13.5,green,credit card,JFK Airport,Hunts Point,Queens,Bronx
2019-03-05 11:59:28,2019-03-05 12:13:09,1,0.03,8.3,3.43,0.04,26.79,green,credit card,Murray Hill,Clinton Hill,Manhattan,Brooklyn
2019-03-02 05:28:45,2019-03-02 05:42:40,5,0.93,4.9,4.24,0.14,10.28,green,cash,Midtown Center,Manhattanville,Manhattan,Manhattan
2019-03-18 01:47:00,2019-03-18 02:01:21,1,1.19,7.41,0.26,0.07,16.4,green,cash,Union Sq,Upper West Side South,Manhattan,Manhattan
2019-03-22 01:52:07,2019-03-22 02:04:25,1,2.47,5.4,2.42,0.08,33.51,green,credit card,West Village,Flatbush/Ditmas Park,Manhattan,Brooklyn
2019-03-11 02:05:52,2019-03-11 02:19:57,1,0.07,4.7,2.81,0.1,5.08,green,cash,Midtown East,East Elmhurst,Manhattan,Queens
2019-03-02 05:04:27,2019-03-02 05:21:57,2,0.2,11.44,3.2,0.21,13.3,green,cash,Meatpacking/West Village West,South Jamaica,Manhattan,Queens
2019-03-24 03:50:09,2019-03-24 04:03:08,1,1.71,15.51,4.42,0.02,18.1,green,credit card,Lincoln Square East,Parkchester,Manhattan,Bronx
2019-03-27 14:04:59,2019-03-27 14:19:29,1,1.31,4.1,1.45,0.49,19.52,green,credit card,Lenox Hill East,Melrose South,Manhattan,Bronx
2019-03-01 15:54:06,2019-03-01 16:07:23,6,0.7,6.34,0.3,0.62,11.3,green,cash,Upper West Side South,Westchester Village/Unionport,Manhattan,Bronx
2019-03-03 05:21:42,2019-03-03 05:36:54,2,5.58,17.5,2.07,0.34,32.8,green,cash,Times Sq/Theatre District,Lincoln Square West,Manhattan,Manhattan
2019-03-06 14:02:54,2019-03-06 14:16:13,2,0.72,10.7,1.35,0.01,24.68,green,cash,Midtown East,Ozone Park,Manhattan,Queens
2019-03-17 13:29:53,2019-03-17 13:45:34,1,1.9,3.7,0.6,0.23,28.5,green,credit card,Fort Greene,Gramercy,Brooklyn,Manhattan
2019-03-08 00:46:13,2019-03-08 01:01:44,1,3.06,8.14,4.4,0.05,16.27,green,credit card,Upper East Side South,Long Island City/Hunters Point,Manhattan,Queens
2019-03-05 22:19:59,2019-03-05 22:33:28,1,1.33,8.3,1.75,0.2,14.2,green,cash,Union Sq,Financial District North,Manhattan,Manhattan
2019-03-15 13:15:46,2019-03-15 13:29:19,1,2.12,5.8,2.4,0.55,26.51,green,credit card,West Village,Brooklyn Heights,Manhattan,Brooklyn
2019-03-12 14:00:15,2019-03-12 14:14:36,1,0.39,11.6,0.17,0.11,48.16,green,credit card,Murray Hill,Elmhurst/Maspeth,Manhattan,Queens
2019-03-02 12:09:49,2019-03-02 12:23:52,1,1.29,10.0,0.88,0.06,20.17,green,credit card,Midtown Center,Bensonhurst East,Manhattan,Brooklyn
2019-03-15 22:44:59,2019-03-15 22:59:31,1,0.49,5.5,5.34,0.07,35.36,green,cash,Lower East Side,Morrisania/Melrose,Manhattan,Bronx
2019-02-28 08:05:56,2019-02-28 08:20:07,1,3.09,8.0,2.31,0.24,13.08,green,cash,Manhattan Valley,Canarsie,Manhattan,Brooklyn
2019-03-25 08:30:26,2019-03-25 08:46:23,1,0.11,13.0,0.67,0.01,25.17,green,credit card,Central Harlem,Bloomingdale,Manhattan,Manhattan
2019-03-27 22:30:52,2019-03-27 22:43:02,1,3.3,8.5,2.3,0.34,14.96,green,cash,Yorkville East,Brooklyn Heights,Manhattan,Brooklyn
2019-03-22 22:40:22,2019-03-22 22:55:47,1,0.44,11.31,0.09,0.26,13.0,green,cash,Yorkville West,Financial District North,Manhattan,Manhattan
2019-03-18 00:40:44,2019-03-18 00:56:57,1,1.44,12.0,2.33,0.01,13.65,green,credit card,Midtown East,Inwood,Manhattan,Manhattan
2019-03-09 17:31:34,2019-03-09 17:45:15,1,0.16,5.7,2.16,0.32,32.97,green,credit card,West Village,Bedford,Manhattan,Brooklyn
2019-03-10 12:23:35,2019-03-10 12:36:59,1,7.86,39.5,0.2,3.54,81.37,green,credit card,JFK Airport,Lenox Hill East,Queens,Manhattan
2019-03-26 23:09:59,2019-03-26 23:24:22,2,3.33,5.2,0.99,0.07,17.12,green,cash,Greenwich Village North,Lenox Hill West,Manhattan,Manhattan
2019-02-28 08:03:35,2019-02-28 08:19:06,1,0.99,12.07,0.86,0.29,48.3,green,cash,Midtown Center,Belmont,Manhattan,Bronx
2019-03-06 01:58:58,2019-03-06 02:15:20,3,3.65,11.2,1.3,0.07,14.66,green,credit card,Midtown South,Kingsbridge Heights,Manhattan,Bronx
2019-03-03 19:35:15,2019-03-03 19:49:18,1,2.44,8.8,0.62,0.18,14.82,green,credit card,Flatiron,East Tremont,Manhattan,Bronx
2019-03-12 21:33:05,2019-03-12 21:46:04,1,2.32,12.6,4.2,0.16,32.86,green,cash,Kips Bay,University Heights/Morris Heights,Manhattan,Bronx
2019-03-19 06:17:09,2019-03-19 06:31:10,1,1.11,7.74,0.54,0.04,9.5,green,credit card,Lincoln Square West,Parkchester,Manhattan,Bronx
2019-02-28 18:22:39,2019-02-28 18:38:36,1,2.07,13.66,3.03,0.1,16.9,green,credit card,Lenox Hill West,Two Bridges/Seward Park,Manhattan,Manhattan
2019-03-03 18:45:11,2019-03-03 18:59:01,1,1.86,8.3,0.02,0.01,14.82,green,cash,Greenwich Village South,Bensonhurst West,Manhattan,Brooklyn
2019-03-22 20:23:21,2019-03-22 20:37:42,1,0.99,6.9,1.11,0.26,18.64,green,cash,West Village,Manhattanville,Manhattan,Manhattan
2019-03-03 11:08:48,2019-03-03 11:23:50,1,1.5,3.37,0.22,0.07,7.5,green,cash,Lenox Hill East,Gravesend,Manhattan,Brooklyn
2019-03-22 18:52:59,2019-03-22 19:08:02,1,0.65,25.5,2.75,4.59,39.6,green,credit card,JFK Airport,South Ozone Park,Queens,Queens
2019-03-28 14:03:18,2019-03-28 14:18:52,1,1.59,20.9,0.7,0.14,29.56,green,cash,Union Sq,Bay Ridge,Manhattan,Brooklyn
2019-03-12 00:43:51,2019-03-12 00:55:46,1,0.26,5.8,1.69,0.19,18.05,green,cash,Greenwich Village North,Howard Beach,Manhattan,Queens
2019-03-23 23:48:50,2019-03-24 00:04:45,1,0.13,6.0,0.17,0.0,9.3,green,credit card,Union Sq,Whitestone,Manhattan,Queens
2019-03-10 16:07:35,2019-03-10 16:22:55,1,3.02,2.2,2.07,0.32,24.99,green,credit card,Financial District North,East Elmhurst,Manhattan,Queens
2019-03-31 06:13:37,2019-03-31 06:26:08,1,0.33,7.9,2.83,0.11,24.3,green,cash,East Village,Bensonhurst West,Manhattan,Brooklyn
2019-03-16 10:48:17,2019-03-16 11:03:33,0,0.32,4.9,1.52,0.06,12.46,green,cash,Penn Station/Madison Sq West,Penn Station/Madison Sq West,Manhattan,Manhattan
2019-03-13 18:49:08,2019-03-13 19:02:04,1,10.64,7.8,3.29,0.07,9.11,green,cash,Lenox Hill West,Crown Heights South,Manhattan,Brooklyn
2019-03-05 11:58:30,2019-03-05 12:12:00,1,0.46,8.3,0.82,0.01,10.96,green,credit card,Clinton East,Central Harlem,Manhattan,Manhattan
2019-03-11 07:38:39,2019-03-11 07:51:57,1,0.08,6.5,0.28,0.12,37.78,green,credit card,Midtown Center,Elmhurst,Manhattan,Queens
2019-03-06 09:17:47,2019-03-06 09:30:09,1,0.12,7.5,3.03,0.15,14.03,green,cash,Union Sq,Stapleton,Manhattan,Staten Island
2019-03-14 05:03:38,2019-03-14 05:16:42,1,1.58,8.4,0.1,0.2,9.65,green,credit card,Lenox Hill West,Union Sq,Manhattan,Manhattan
2019-03-30 08:35:57,2019-03-30 08:51:02,1,0.73,10.1,2.08,0.06,13.4,green,credit card,Central Park,Bath Beach,Manhattan,Brooklyn
2019-03-21 05:26:53,2019-03-21 05:43:25,1,0.03,13.9,0.02,0.0,19.8,green,cash,East Harlem North,Hamilton Heights,Manhattan,Manhattan
2019-03-17 12:28:19,2019-03-17 12:41:36,1,0.43,5.56,8.36,0.15,31.3,green,cash,West Village,Middle Village,Manhattan,Queens
2019-03-01 09:29:02,2019-03-01 09:43:39,1,1.9,4.0,3.36,0.64,19.48,green,cash,Greenwich Village South,Brighton Beach,Manhattan,Brooklyn
2019-03-23 12:48:47,2019-03-23 13:05:40,6,0.77,1.3,0.63,1.97,8.6,green,credit card,Springfield Gardens North,Mott Haven/Port Morris,Queens,Bronx
2019-03-31 15:05:33,2019-03-31 15:19:20,1,1.51,5.8,1.35,0.13,11.12,green,cash,Midtown Center,Upper West Side North,Manhattan,Manhattan
2019-03-28 22:22:58,2019-03-28 22:35:03,1,2.14,9.6,1.07,0.87,50.87,green,cash,Crown Heights North,JFK Airport,Brooklyn,Queens
2019-03-29 01:52:18,2019-03-29 02:07:44,1,3.62,3.0,0.6,0.36,9.63,green,credit card,Union Sq,Yorkville East,Manhattan,Manhattan
2019-03-30 18:45:46,2019-03-30 19:00:45,2,2.01,28.01,0.04,0.71,38.8,green,credit card,LaGuardia Airport,Downtown Brooklyn/MetroTech,Queens,Brooklyn
2019-03-09 03:09:05,2019-03-09 03:21:09,1,2.94,7.2,1.83,0.13,12.12,green,credit card,Lincoln Square East,Old Astoria,Manhattan,Queens
2019-03-24 07:53:44,2019-03-24 08:07:31,0,1.9,6.2,0.01,0.04,11.67,green,cash,Murray Hill,Bensonhurst West,Manhattan,Brooklyn
2019-03-02 21:57:58,2019-03-02 22:11:43,1,2.65,7.8,0.73,0.17,18.0,green,cash,Midtown East,West Concourse,Manhattan,Bronx
2019-02-28 19:50:11,2019-02-28 20:03:55,1,3.52,13.01,0.88,0.04,15.9,green,credit card,Clinton West,Auburndale,Manhattan,Queens
2019-03-15 08:58:30,2019-03-15 09:12:30,2,0.42,17.51,0.31,0.25,40.5,green,credit card,Gravesend,Ridgewood,Brooklyn,Queens
2019-03-12 20:29:18,2019-03-12 20:42:59,2,7.61,16.28,0.03,0.59,25.2,green,cash,West Concourse,Stuy Town/Peter Cooper Village,Bronx,Manhattan
2019-03-19 19:00:06,2019-03-19 19:17:17,1,0.85,8.6,1.03,0.11,8.92,green,credit card,West Chelsea/Hudson Yards,Madison,Manhattan,Brooklyn
2019-03-08 20:19:36,2019-03-08 20:33:03,1,2.88,2.9,0.27,0.03,21.34,green,credit card,Greenwich Village South,Clinton East,Manhattan,Manhattan
2019-03-14 03:19:14,2019-03-14 03:34:32,1,2.97,6.5,1.53,0.07,19.7,green,cash,Penn Station/Madison Sq West,Long Island City/Queens Plaza,Manhattan,Queens
2019-03-09 17:59:25,2019-03-09 18:15:36,0,2.69,5.1,1.12,0.16,34.82,green,cash,Kips Bay,Gowanus,Manhattan,Brooklyn
2019-03-04 05:31:41,2019-03-04 05:46:10,2,1.53,52.1,3.31,1.64,54.47,green,cash,Long Island City/Hunters Point,Saint Albans,Queens,Queens
2019-03-04 20:00:46,2019-03-04 20:14:50,1,1.63,9.89,0.82,0.02,10.3,green,credit card,East Harlem North,Mott Haven/Port Morris,Manhattan,Bronx
2019-03-22 09:50:33,2019-03-22 10:02:58,1,1.18,3.0,2.01,0.01,13.26,green,cash,Midtown North,Richmond Hill,Manhattan,Queens
2019-03-24 14:45:27,2019-03-24 14:59:29,1,0.56,6.7,0.85,0.06,25.54,green,cash,Upper East Side South,Claremont/Bathgate,Manhattan,Bronx
2019-03-19 00:47:45,2019-03-19 01:01:26,1,1.99,7.3,0.91,0.2,22.12,green,credit card,Upper East Side South,Soundview/Castle Hill,Manhattan,Bronx
2019-03-02 12:44:19,2019-03-02 13:01:13,1,0.38,9.1,0.77,0.24,9.71,green,credit card,Midtown East,Woodside,Manhattan,Queens
2019-03-06 12:15:07,2019-03-06 12:29:01,1,1.36,24.58,1.31,0.8,25.7,green,cash,Fort Greene,Dyker Heights,Brooklyn,Brooklyn
2019-03-16 03:34:14,2019-03-16 03:48:18,1,1.49,14.0,2.57,0.15,21.38,green,cash,Penn Station/Madison Sq West,Lenox Hill West,Manhattan,Manhattan
2019-03-15 01:13:59,2019-03-15 01:29:06,2,0.64,8.2,0.92,0.03,27.16,green,cash,Times Sq/Theatre District,Canarsie,Manhattan,Brooklyn
2019-03-31 14:58:52,2019-03-31 15:13:20,2,0.49,11.33,3.17,0.39,15.6,green,credit card,East Village,Morrisania/Melrose,Manhattan,Bronx
2019-03-21 19:46:46,2019-03-21 20:00:17,6,0.03,7.8,2.55,0.35,15.68,green,credit card,Midtown South,Queensbridge/Ravenswood,Manhattan,Queens
2019-03-05 09:03:41,2019-03-05 09:16:17,1,7.41,17.4,0.89,0.12,30.4,green,cash,Midtown Center,Forest Hills,Manhattan,Queens
2019-03-08 18:43:40,2019-03-08 18:57:00,6,0.19,7.2,2.63,0.08,8.95,green,credit card,Clinton East,Clinton Hill,Manhattan,Brooklyn
2019-03-30 08:56:41,2019-03-30 09:09:58,6,0.66,6.14,1.13,0.38,10.9,green,credit card,Lincoln Square East,Seaport,Manhattan,Manhattan
2019-03-29 01:52:07,2019-03-29 02:06:24,1,2.55,5.1,0.15,0.95,21.31,green,credit card,Highbridge,East Flushing,Bronx,Queens
2019-03-13 11:47:25,2019-03-13 12:02:38,1,9.07,14.96,2.24,0.13,32.3,green,cash,Upper East Side South,Steinway,Manhattan,Queens
2019-03-20 02:52:28,2019-03-20 03:05:25,5,6.27,8.85,0.51,0.14,13.8,green,cash,Hudson Sq,Carroll Gardens,Manhattan,Brooklyn
2019-03-02 08:52:43,2019-03-02 09:04:55,1,2.16,5.8,0.04,0.03,14.32,green,credit card,Bloomingdale,Woodhaven,Manhattan,Queens
2019-03-13 07:37:58,2019-03-13 07:52:27,6,2.07,16.9,2.62,0.0,22.24,green,cash,Midtown South,Boerum Hill,Manhattan,Brooklyn
2019-02-28 06:01:49,2019-02-28 06:16:43,1,0.76,5.89,2.7,0.26,7.5,green,cash,Williamsburg (North Side),Bushwick North,Brooklyn,Brooklyn
2019-03-18 05:11:17,2019-03-18 05:28:18,1,1.95,11.9,0.6,0.01,16.97,green,credit card,Lincoln Square East,South Williamsburg,Manhattan,Brooklyn
2019-03-23 03:27:33,2019-03-23 03:42:34,3,0.62,11.27,1.69,0.33,12.4,green,credit card,UN/Turtle Bay South,Westchester Village/Unionport,Manhattan,Bronx
2019-03-13 01:23:47,2019-03-13 01:39:58,1,0.41,6.4,1.94,0.16,10.26,green,credit card,Times Sq/Theatre District,Saint Albans,Manhattan,Queens
2019-03-10 23:06:20,2019-03-10 23:18:31,1,4.32,6.24,0.21,0.03,13.1,green,cash,East Village,Columbia Street,Manhattan,Brooklyn
2019-03-26 03:55:21,2019-03-26 04:07:20,1,3.63,12.7,5.81,0.19,14.91,green,cash,Yorkville East,Soundview/Castle Hill,Manhattan,Bronx
2019-03-19 01:04:45,2019-03-19 01:17:39,1,1.6,8.1,2.93,0.85,12.9,green,credit card,JFK Airport,Midtown South,Queens,Manhattan
2019-03-31 05:51:51,2019-03-31 06:07:22,1,0.43,2.2,1.69,0.13,6.11,green,credit card,Union Sq,Washington Heights North,Manhattan,Manhattan
2019-03-18 21:07:58,2019-03-18 21:24:54,1,1.49,8.3,2.04,0.03,9.73,green,cash,Flatiron,East Williamsburg,Manhattan,Brooklyn
2019-03-14 08:46:41,2019-03-14 09:00:26,4,4.06,13.16,1.51,0.01,16.0,green,credit card,Little Italy/NoLiTa,Maspeth,Manhattan,Queens
2019-03-08 17:10:22,2019-03-08 17:24:49,1,2.28,7.4,1.03,0.2,11.72,green,credit card,Midtown East,East Harlem South,Manhattan,Manhattan
2019-03-31 20:40:34,2019-03-31 20:55:36,1,0.03,13.36,0.43,0.56,21.2,green,cash,Hudson Sq,Financial District North,Manhattan,Manhattan
2019-03-17 07:56:47,2019-03-17 08:11:11,5,0.24,12.02,1.04,0.61,14.4,green,cash,SoHo,JFK Airport,Manhattan,Queens
2019-03-02 08:49:54,2019-03-02 09:03:44,1,2.37,5.2,1.35,0.54,13.42,green,cash,Bloomingdale,Van Nest/Morris Park,Manhattan,Bronx
2019-03-16 19:28:58,2019-03-16 19:41:23,1,0.36,5.3,0.02,0.15,12.64,green,credit card,Midtown North,Sheepshead Bay,Manhattan,Brooklyn
2019-03-06 19:38:58,2019-03-06 19:50:28,2,0.52,8.15,0.59,0.23,86.7,green,cash,East Tremont,Williamsburg (North Side),Bronx,Brooklyn
2019-03-25 03:29:48,2019-03-25 03:43:22,2,1.98,9.73,1.29,0.13,11.2,green,cash,Greenwich Village North,Hamilton Heights,Manhattan,Manhattan
2019-03-08 18:07:33,2019-03-08 18:21:49,3,1.36,7.4,3.65,0.12,21.0,green,credit card,Garment District,Columbia Street,Manhattan,Brooklyn
2019-02-28 20:00:29,2019-02-28 20:14:50,1,5.91,5.5,0.97,0.07,34.03,green,credit card,Flatiron,Ridgewood,Manhattan,Queens
2019-03-15 09:44:26,2019-03-15 09:59:37,1,9.51,9.9,0.09,0.29,17.42,green,cash,Upper West Side North,Soundview/Castle Hill,Manhattan,Bronx
2019-03-22 06:38:19,2019-03-22 06:54:30,1,0.03,9.18,0.5,0.12,12.0,green,cash,Upper West Side South,Saint Albans,Manhattan,Queens
2019-03-26 03:29:38,2019-03-26 03:46:02,1,1.28,13.9,1.51,0.13,25.37,green,cash,Times Sq/Theatre District,Garment District,Manhattan,Manhattan
2019-03-03 00:58:16,2019-03-03 01:12:36,1,0.76,8.0,0.35,0.04,16.7,green,credit card,Flatiron,East Tremont,Manhattan,Bronx
2019-03-10 22:49:08,2019-03-10 23:05:09,1,1.34,8.4,0.09,0.04,16.51,green,credit card,UN/Turtle Bay South,Yorkville West,Manhattan,Manhattan
2019-03-05 09:16:15,2019-03-05 09:30:03,1,1.81,7.6,0.18,0.02,12.75,green,cash,Midtown East,Steinway,Manhattan,Queens
2019-03-08 00:51:22,2019-03-08 01:07:03,1,3.87,18.35,6.83,1.66,82.0,green,credit card,Woodside,Jamaica,Queens,Queens
2019-03-08 14:10:58,2019-03-08 14:25:42,1,14.36,23.53,0.16,0.3,50.4,green,credit card,Downtown Brooklyn/MetroTech,Penn Station/Madison Sq West,Brooklyn,Manhattan
2019-03-19 17:34:23,2019-03-19 17:48:48,1,0.96,7.2,1.43,0.01,19.16,green,cash,SoHo,Flushing,Manhattan,Queens
2019-03-17 20:23:52,2019-03-17 20:37:21,1,0.39,16.2,0.17,0.12,25.69,green,cash,Co-Op City,Soundview/Bruckner,Bronx,Bronx
2019-03-05 16:00:45,2019-03-05 16:14:20,2,1.6,7.4,1.72,0.07,15.02,green,cash,East Village,Carroll Gardens,Manhattan,Brooklyn
2019-03-19 20:15:28,2019-03-19 20:30:56,0,0.78,8.4,2.49,0.04,15.2,green,credit card,Clinton East,Roosevelt Island,Manhattan,Manhattan
2019-03-15 03:25:12,2019-03-15 03:39:16,1,8.69,5.2,0.56,1.35,31.76,green,cash,LaGuardia Airport,Downtown Brooklyn/MetroTech,Queens,Brooklyn
2019-03-15 04:45:19,2019-03-15 04:59:38,1,0.27,6.5,3.69,0.12,12.33,green,cash,Lower East Side,Bushwick South,Manhattan,Brooklyn
2019-03-01 00:08:37,2019-03-01 00:23:53,5,0.46,4.87,4.6,0.24,14.26,green,credit card,Midtown East,Crown Heights South,Manhattan,Brooklyn
2019-03-17 10:38:24,2019-03-17 10:51:32,5,19.13,13.78,0.03,0.32,17.5,green,credit card,Belmont,LaGuardia Airport,Bronx,Queens
2019-03-13 22:43:31,2019-03-13 22:58:07,1,0.91,4.2,1.68,0.13,25.03,green,credit card,Gramercy,Bushwick South,Manhattan,Brooklyn
2019-03-26 11:22:56,2019-03-26 11:36:22,1,1.61,11.34,0.43,0.1,33.0,green,cash,Upper West Side South,Two Bridges/Seward Park,Manhattan,Manhattan
2019-03-22 05:33:14,2019-03-22 05:49:27,1,1.69,4.32,0.26,0.29,10.4,green,cash,Hamilton Heights,Chinatown,Manhattan,Manhattan
2019-03-04 05:35:22,2019-03-04 05:51:18,1,1.97,10.4,0.92,0.02,22.42,green,credit card,Hudson Sq,LaGuardia Airport,Manhattan,Queens
2019-03-20 07:38:40,2019-03-20 07:53:31,6,5.11,6.6,0.15,0.01,9.09,green,credit card,Clinton East,Marine Park/Mill Basin,Manhattan,Brooklyn
2019-03-10 18:27:55,2019-03-10 18:40:47,1,0.73,7.7,1.82,0.1,14.2,green,cash,Windsor Terrace,College Point,Brooklyn,Queens
2019-03-12 10:45:58,2019-03-12 11:00:34,1,16.7,14.66,1.19,0.43,42.9,green,credit card,Woodside,Gramercy,Queens,Manhattan
2019-03-02 01:37:59,2019-03-02 01:49:47,0,1.92,2.25,10.87,0.01,108.0,green,credit card,Woodside,Corona,Queens,Queens
2019-03-28 15:00:29,2019-03-28 15:14:07,1,0.87,1.36,0.31,0.93,48.0,green,credit card,Astoria,East Flatbush/Farragut,Queens,Brooklyn
2019-03-25 10:10:38,2019-03-25 10:24:25,1,4.39,11.16,0.1,1.47,37.3,green,cash,Parkchester,Middle Village,Bronx,Queens
2019-03-30 15:16:11,2019-03-30 15:33:28,2,1.69,54.0,1.23,1.07,84.11,green,cash,LaGuardia Airport,Bayside,Queens,Queens
2019-02-28 20:32:12,2019-02-28 20:45:13,2,0.63,9.96,5.2,0.08,21.11,green,credit card,Midtown East,Bensonhurst East,Manhattan,Brooklyn
2019-03-17 12:38:16,2019-03-17 12:53:02,2,5.63,14.1,1.59,0.07,16.71,green,cash,Clinton East,Midtown South,Manhattan,Manhattan
2019-03-08 16:55:38,2019-03-08 17:08:56,1,0.18,20.2,0.19,0.77,40.41,green,cash,Soundview/Bruckner,Rosedale,Bronx,Queens
2019-03-19 22:04:32,2019-03-19 22:19:00,1,7.68,9.3,4.33,1.02,20.47,green,credit card,Rosedale,Bloomingdale,Queens,Manhattan
2019-03-04 01:29:02,2019-03-04 01:40:42,1,3.67,19.46,0.39,0.14,25.0,green,credit card,Morningside Heights,Sheepshead Bay,Manhattan,Brooklyn
2019-03-04 13:30:56,2019-03-04 13:45:37,1,0.22,16.9,1.08,2.66,17.31,green,cash,JFK Airport,Lower East Side,Queens,Manhattan
2019-03-01 05:07:43,2019-03-01 05:23:06,1,0.18,12.2,1.69,0.16,24.88,green,cash,Upper East Side North,Manhattan Beach,Manhattan,Brooklyn
2019-03-28 12:38:33,2019-03-28 12:53:49,1,0.01,7.6,0.96,0.05,23.61,green,cash,Midtown South,Prospect-Lefferts Gardens,Manhattan,Brooklyn
2019-03-06 00:56:06,2019-03-06 01:12:38,1,5.82,11.94,0.69,0.06,22.6,green,credit card,DUMBO/Vinegar Hill,Bath Beach,Brooklyn,Brooklyn
2019-03-03 02:45:49,2019-03-03 02:59:40,1,2.58,11.4,1.27,0.1,14.92,green,credit card,Brooklyn Heights,Carroll Gardens,Brooklyn,Brooklyn
2019-03-13 07:40:48,2019-03-13 07:55:43,1,0.12,4.1,1.36,0.14,29.28,green,cash,Upper East Side North,Bath Beach,Manhattan,Brooklyn
2019-03-24 09:29:07,2019-03-24 09:43:58,1,2.59,6.8,1.3,0.78,9.91,green,credit card,Penn Station/Madison Sq West,Forest Hills,Manhattan,Queens
2019-03-06 12:48:32,2019-03-06 12:59:03,1,0.74,9.8,2.04,0.01,12.83,green,credit card,Battery Park City,Chinatown,Manhattan,Manhattan
2019-03-10 17:36:39,2019-03-10 17:51:18,1,0.17,8.13,5.49,0.11,8.4,green,credit card,Lincoln Square West,Springfield Gardens South,Manhattan,Queens
2019-03-10 13:18:48,2019-03-10 13:35:15,1,17.53,16.1,6.82,6.35,26.22,green,cash,LaGuardia Airport,East Flatbush/Farragut,Queens,Brooklyn
2019-03-31 23:46:11,2019-04-01 00:01:13,2,1.64,9.2,0.71,0.26,18.94,green,cash,Morningside Heights,Mount Hope,Manhattan,Bronx
2019-03-29 15:31:09,2019-03-29 15:46:23,1,2.24,6.6,4.55,0.28,18.66,green,credit card,Lenox Hill West,East New York,Manhattan,Brooklyn
2019-03-23 14:41:57,2019-03-23 14:57:35,1,1.17,18.12,3.48,0.19,18.3,green,cash,Lincoln Square West,Highbridge,Manhattan,Bronx
2019-03-12 15:35:28,2019-03-12 15:49:32,1,4.49,9.2,0.05,0.16,18.17,green,cash,Lower East Side,Gowanus,Manhattan,Brooklyn
2019-03-09 20:56:05,2019-03-09 21:10:08,6,0.95,11.07,2.1,0.01,12.2,green,credit card,Clinton East,Ocean Hill,Manhattan,Brooklyn
2019-03-20 21:51:28,2019-03-20 22:06:22,1,3.07,10.4,4.7,0.54,15.99,green,credit card,Gramercy,Eastchester,Manhattan,Bronx
2019-03-05 17:43:56,2019-03-05 18:02:23,1,2.88,10.5,1.85,0.27,11.09,green,credit card,Midtown North,Mount Hope,Manhattan,Bronx
2019-03-07 11:25:53,2019-03-07 11:39:32,5,0.95,10.3,0.14,0.08,16.27,green,cash,Flatiron,Queens Village,Manhattan,Queens
2019-03-20 00:15:24,2019-03-20 00:30:48,1,8.56,10.7,9.65,0.05,19.03,green,cash,Midtown Center,Prospect-Lefferts Gardens,Manhattan,Brooklyn
2019-03-17 20:43:06,2019-03-17 20:57:52,1,1.86,15.45,1.72,0.01,17.3,green,credit card,Midtown North,Manhattanville,Manhattan,Manhattan
2019-03-24 10:25:34,2019-03-24 10:38:59,1,9.05,11.8,0.14,0.59,17.68,green,credit card,Lower East Side,Ocean Hill,Manhattan,Brooklyn
2019-03-20 11:55:01,2019-03-20 12:06:02,1,0.26,11.0,3.76,0.15,17.06,green,cash,Greenwich Village North,Bushwick North,Manhattan,Brooklyn
2019-03-10 02:58:18,2019-03-10 03:15:06,1,19.29,2.9,1.84,1.19,16.76,green,credit card,LaGuardia Airport,Murray Hill-Queens,Queens,Queens
2019-03-15 20:48:02,2019-03-15 21:04:00,2,1.1,14.8,5.12,0.06,79.47,green,credit card,Midtown Center,World Trade Center,Manhattan,Manhattan
2019-03-15 18:59:48,2019-03-15 19:17:29,1,2.64,10.6,1.82,0.06,24.68,green,cash,TriBeCa/Civic Center,Boerum Hill,Manhattan,Brooklyn
2019-03-20 00:36:17,2019-03-20 00:49:35,1,1.12,16.8,1.02,0.02,17.94,green,cash,TriBeCa/Civic Center,Kew Gardens,Manhattan,Queens
2019-03-30 12:33:07,2019-03-30 12:48:02,1,0.29,8.5,0.25,0.08,28.13,green,cash,Lenox Hill West,Union Sq,Manhattan,Manhattan
2019-03-14 02:49:42,2019-03-14 03:04:56,1,2.04,14.0,2.51,0.57,15.2,green,credit card,Yorkville East,East Williamsburg,Manhattan,Brooklyn
2019-03-31 14:53:50,2019-03-31 15:06:47,1,1.05,6.4,0.87,0.01,24.15,green,cash,Midtown East,Van Nest/Morris Park,Manhattan,Bronx
2019-03-31 21:36:52,2019-03-31 21:51:47,1,8.79,14.71,4.13,5.87,51.2,green,cash,JFK Airport,Windsor Terrace,Queens,Brooklyn
2019-03-07 20:46:02,2019-03-07 20:59:20,2,4.78,15.19,8.49,0.91,21.0,green,credit card,Elmhurst/Maspeth,Ocean Hill,Queens,Brooklyn
2019-03-11 14:14:00,2019-03-11 14:28:12,1,0.75,6.04,1.92,0.17,12.9,green,credit card,Midtown South,Jamaica,Manhattan,Queens
2019-03-22 04:26:12,2019-03-22 04:40:26,1,0.62,7.33,3.14,0.36,8.7,green,cash,Yorkville West,Cobble Hill,Manhattan,Brooklyn
2019-03-22 06:04:23,2019-03-22 06:16:50,1,1.17,14.64,1.45,0.53,16.2,green,cash,West Chelsea/Hudson Yards,Baisley Park,Manhattan,Queens
2019-03-10 06:58:25,2019-03-10 07:13:21,1,19.13,35.4,0.17,4.13,57.78,green,cash,LaGuardia Airport,Brownsville,Queens,Brooklyn
2019-03-10 20:52:57,2019-03-10 21:10:12,1,0.15,11.1,0.13,0.35,21.6,green,credit card,Midtown South,Kingsbridge Heights,Manhattan,Bronx
2019-03-19 08:50:55,2019-03-19 09:04:27,1,1.78,11.2,0.03,0.12,24.71,green,credit card,Prospect Heights,Inwood Hill Park,Brooklyn,Manhattan
2019-03-01 07:36:24,2019-03-01 07:51:41,1,0.59,13.67,1.58,0.08,29.2,green,cash,Clinton West,Woodhaven,Manhattan,Queens
2019-03-03 15:54:02,2019-03-03 16:07:22,1,2.33,11.9,0.43,0.04,30.26,green,credit card,Penn Station/Madison Sq West,Kingsbridge Heights,Manhattan,Bronx
2019-03-07 08:41:22,2019-03-07 08:55:32,1,4.75,7.0,0.79,0.02,25.23,green,credit card,Yorkville West,West Chelsea/Hudson Yards,Manhattan,Manhattan
2019-03-29 22:57:23,2019-03-29 23:07:56,2,3.07,6.72,5.21,1.21,41.7,green,cash,LaGuardia Airport,Long Island City/Queens Plaza,Queens,Queens
2019-03-02 06:56:31,2019-03-02 07:11:07,1,1.3,5.6,3.29,0.34,16.57,green,cash,Stuy Town/Peter Cooper Village,University Heights/Morris Heights,Manhattan,Bronx
2019-03-03 23:21:09,2019-03-03 23:34:24,1,12.52,6.7,0.81,0.16,16.3,green,cash,Brooklyn Heights,University Heights/Morris Heights,Brooklyn,Bronx
2019-03-22 09:18:14,2019-03-22 09:36:13,1,1.37,10.9,0.29,0.09,22.14,green,credit card,Two Bridges/Seward Park,Mott Haven/Port Morris,Manhattan,Bronx
2019-03-16 09:34:58,2019-03-16 09:45:38,1,0.33,7.8,1.59,0.13,9.63,green,cash,Midtown South,Eastchester,Manhattan,Bronx
2019-03-28 03:13:07,2019-03-28 03:26:57,2,0.87,6.7,3.31,0.06,7.5,green,cash,Upper West Side South,Kew Gardens Hills,Manhattan,Queens
2019-03-07 23:21:48,2019-03-07 23:34:57,4,5.78,5.75,1.45,0.17,14.7,green,credit card,West Chelsea/Hudson Yards,Bushwick South,Manhattan,Brooklyn
2019-03-25 20:23:33,2019-03-25 20:35:40,1,3.11,7.6,1.56,0.09,20.89,green,credit card,Flatiron,Manhattan Beach,Manhattan,Brooklyn
2019-03-24 13:57:21,2019-03-24 14:15:08,1,0.23,13.9,0.5,0.07,28.7,green,credit card,Financial District North,Morningside Heights,Manhattan,Manhattan
2019-03-27 09:05:23,2019-03-27 09:21:15,1,0.31,11.3,2.55,2.51,40.7,green,cash,Long Island City/Queens Plaza,Whitestone,Queens,Queens
2019-03-08 15:02:57,2019-03-08 15:17:19,1,0.16,7.5,2.06,0.26,16.8,green,cash,Midtown East,East Harlem South,Manhattan,Manhattan
2019-03-04 13:02:22,2019-03-04 13:16:55,5,1.48,6.8,3.06,0.04,16.93,green,credit card,Upper East Side North,East Harlem North,Manhattan,Manhattan
2019-03-18 19:24:56,2019-03-18 19:38:36,6,2.86,8.8,2.03,0.05,9.49,green,credit card,Upper West Side North,Saint Albans,Manhattan,Queens
2019-03-30 15:15:28,2019-03-30 15:28:01,1,0.36,16.8,1.44,0.09,21.17,green,cash,Murray Hill,Starrett City,Manhattan,Brooklyn
2019-03-20 23:56:51,2019-03-21 00:11:51,5,26.42,18.49,3.42,3.72,20.2,green,credit card,LaGuardia Airport,Flatlands,Queens,Brooklyn
2019-03-27 00:33:33,2019-03-27 00:48:22,1,36.7,14.1,5.39,0.45,43.83,green,credit card,Jamaica Estates,Morningside Heights,Queens,Manhattan
2019-03-07 21:00:56,2019-03-07 21:14:07,3,0.15,6.1,2.02,0.16,17.4,green,cash,Midtown North,Starrett City,Manhattan,Brooklyn
2019-03-19 07:27:34,2019-03-19 07:40:16,1,0.01,10.5,0.62,0.13,15.32,green,cash,Sutton Place/Turtle Bay North,East Tremont,Manhattan,Bronx
2019-03-28 08:55:26,2019-03-28 09:10:28,1,2.49,4.8,0.35,0.17,17.38,green,cash,Kips Bay,Rosedale,Manhattan,Queens
2019-03-24 00:18:12,2019-03-24 00:32:35,2,2.26,24.8,5.71,2.2,27.75,green,credit card,LaGuardia Airport,Prospect-Lefferts Gardens,Queens,Brooklyn
2019-03-11 00:57:10,2019-03-11 01:09:54,1,3.76,16.3,0.65,0.65,19.57,green,cash,Manhattan Valley,Stuy Town/Peter Cooper Village,Manhattan,Manhattan
2019-03-16 04:02:54,2019-03-16 04:18:15,1,8.65,4.84,6.38,4.42,21.0,green,cash,Woodside,Washington Heights South,Queens,Manhattan
2019-03-20 15:17:11,2019-03-20 15:31:17,5,2.25,9.3,0.95,0.21,21.41,green,credit card,Hamilton Heights,Financial District South,Manhattan,Manhattan
2019-03-16 19:09:34,2019-03-16 19:23:46,1,0.38,11.02,0.18,0.06,15.7,green,credit card,Sutton Place/Turtle Bay North,Highbridge,Manhattan,Bronx
2019-02-28 19:16:32,2019-02-28 19:31:25,2,0.95,11.2,0.41,0.17,23.41,green,cash,Kips Bay,Long Island City/Queens Plaza,Manhattan,Queens
2019-03-06 20:57:07,2019-03-06 21:15:02,3,0.69,7.4,7.25,0.08,20.32,green,cash,Greenwich Village North,Forest Hills,Manhattan,Queens
2019-03-08 20:20:22,2019-03-08 20:34:04,5,1.25,11.4,0.53,0.09,13.66,green,cash,Penn Station/Madison Sq West,Upper West Side North,Manhattan,Manhattan
2019-03-26 05:21:36,2019-03-26 05:35:55,1,0.33,7.7,1.95,0.1,9.7,green,credit card,Greenwich Village North,Prospect-Lefferts Gardens,Manhattan,Brooklyn
2019-03-17 07:15:06,2019-03-17 07:30:42,5,4.72,12.85,0.26,0.06,22.2,green,credit card,Times Sq/Theatre District,East Flatbush/Farragut,Manhattan,Brooklyn
2019-03-30 07:56:18,2019-03-30 08:11:59,2,1.98,11.9,0.06,0.12,26.86,green,cash,West Village,Riverdale/North Riverdale/Fieldston,Manhattan,Bronx
2019-03-06 22:41:23,2019-03-06 22:55:49,1,1.13,9.6,0.66,0.05,11.36,green,credit card,Sutton Place/Turtle Bay North,Crown Heights South,Manhattan,Brooklyn
2019-03-14 23:56:05,2019-03-15 00:09:47,1,10.54,7.4,0.08,0.55,7.43,green,credit card,Midwood,Midwood,Brooklyn,Brooklyn
2019-03-16 04:51:47,2019-03-16 05:06:39,5,0.67,8.2,0.37,0.24,9.33,green,credit card,Midtown Center,Bensonhurst East,Manhattan,Brooklyn
2019-03-14 21:19:46,2019-03-14 21:35:25,4,1.15,8.4,1.4,0.17,20.76,green,cash,Greenwich Village North,Marine Park/Mill Basin,Manhattan,Brooklyn
2019-03-14 17:49:20,2019-03-14 18:05:39,1,1.22,8.5,3.02,0.04,12.51,green,cash,West Village,Richmond Hill,Manhattan,Queens
2019-03-29 07:09:34,2019-03-29 07:24:25,1,1.42,6.23,5.3,0.1,26.51,green,credit card,Clinton East,Van Nest/Morris Park,Manhattan,Bronx
2019-03-28 04:51:51,2019-03-28 05:06:51,1,0.68,9.1,0.77,0.27,12.68,green,cash,Lincoln Square East,Clinton West,Manhattan,Manhattan
2019-03-19 06:17:04,2019-03-19 06:31:30,1,1.74,9.81,8.0,0.04,12.97,green,cash,Manhattan Valley,Manhattanville,Manhattan,Manhattan
2019-03-10 02:40:22,2019-03-10 02:53:27,5,0.18,6.13,0.33,0.08,7.1,green,credit card,Lincoln Square West,East Flatbush/Farragut,Manhattan,Brooklyn
2019-03-24 11:42:06,2019-03-24 11:56:42,2,8.68,17.52,1.6,0.74,34.6,green,credit card,Brooklyn Heights,Stuyvesant Heights,Brooklyn,Brooklyn
2019-03-12 06:36:24,2019-03-12 06:48:33,1,24.53,14.1,0.03,0.07,15.92,green,credit card,Norwood,Downtown Brooklyn/MetroTech,Bronx,Brooklyn
2019-03-23 07:08:30,2019-03-23 07:23:17,1,0.05,6.8,4.33,0.54,28.46,green,cash,Lenox Hill East,Lower East Side,Manhattan,Manhattan
2019-03-18 10:48:47,2019-03-18 11:02:26,1,5.56,8.2,0.39,0.03,11.29,green,cash,Lower East Side,Bronxdale,Manhattan,Bronx
2019-03-04 15:45:49,2019-03-04 16:01:42,1,0.7,8.52,3.29,0.12,9.8,green,credit card,East Village,Prospect Park,Manhattan,Brooklyn
2019-03-17 18:55:34,2019-03-17 19:09:54,1,2.24,3.31,3.3,0.02,18.06,green,credit card,East Village,Ozone Park,Manhattan,Queens
2019-03-06 15:50:43,2019-03-06 16:08:06,1,0.87,41.44,8.34,1.69,46.7,green,cash,Astoria,Inwood Hill Park,Queens,Manhattan
2019-03-10 03:15:45,2019-03-10 03:30:00,3,0.03,8.8,0.92,0.14,10.43,green,credit card,TriBeCa/Civic Center,Queensboro Hill,Manhattan,Queens
2019-03-26 04:39:33,2019-03-26 04:52:43,1,0.36,15.81,3.58,0.16,22.1,green,credit card,Greenwich Village South,Ozone Park,Manhattan,Queens
2019-03-31 02:05:55,2019-03-31 02:19:00,2,7.17,16.7,0.74,2.29,59.85,green,credit card,JFK Airport,Bath Beach,Queens,Brooklyn
2019-03-20 19:04:52,2019-03-20 19:19:33,1,3.8,18.39,6.99,2.03,29.4,green,cash,LaGuardia Airport,Kingsbridge Heights,Queens,Bronx
2019-03-31 19:43:22,2019-03-31 19:57:18,1,6.84,6.3,2.3,0.02,12.54,green,cash,Upper East Side South,Bensonhurst West,Manhattan,Brooklyn
2019-03-17 01:52:49,2019-03-17 02:03:20,1,0.93,10.0,0.05,0.13,18.48,green,credit card,Morningside Heights,Bayside,Manhattan,Queens
2019-03-27 08:11:51,2019-03-27 08:25:01,1,0.5,7.2,2.72,0.21,8.54,green,cash,Lenox Hill East,Meatpacking/West Village West,Manhattan,Manhattan
2019-03-05 21:41:28,2019-03-05 21:56:44,5,2.8,4.5,0.27,0.2,33.86,green,cash,Financial District South,TriBeCa/Civic Center,Manhattan,Manhattan
2019-03-17 21:09:00,2019-03-17 21:22:56,1,2.79,26.6,0.09,0.05,48.28,green,credit card,Manhattan Valley,Williamsburg (South Side),Manhattan,Brooklyn
2019-03-04 07:33:40,2019-03-04 07:48:04,1,0.03,6.77,0.58,0.18,20.0,green,credit card,Midtown South,Melrose South,Manhattan,Bronx
2019-03-01 07:01:44,2019-03-01 07:15:46,1,1.08,22.5,1.26,0.05,25.22,green,cash,Union Sq,West Brighton,Manhattan,Staten Island
2019-03-08 10:00:50,2019-03-08 10:16:21,1,0.8,15.29,4.21,0.11,18.3,green,cash,Union Sq,West Chelsea/Hudson Yards,Manhattan,Manhattan
2019-02-28 15:41:18,2019-02-28 15:54:48,1,1.8,23.6,8.13,0.07,36.77,green,cash,Sheepshead Bay,Boerum Hill,Brooklyn,Brooklyn
2019-03-22 20:39:46,2019-03-22 20:53:13,2,1.29,6.7,4.73,0.39,17.14,green,credit card,Lincoln Square East,Allerton/Pelham Gardens,Manhattan,Bronx
2019-03-17 06:42:42,2019-03-17 06:58:52,1,4.01,6.3,0.13,0.41,6.67,green,credit card,Yorkville West,Hunts Point,Manhattan,Bronx
2019-03-22 02:32:56,2019-03-22 02:48:32,1,5.38,7.2,3.17,0.11,13.97,green,cash,Upper West Side South,Springfield Gardens South,Manhattan,Queens
2019-03-07 01:56:14,2019-03-07 02:11:04,1,2.15,10.2,1.37,0.01,22.71,green,credit card,Midtown North,Stapleton,Manhattan,Staten Island
2019-03-30 17:59:49,2019-03-30 18:12:30,1,0.85,13.61,0.22,0.95,17.7,green,credit card,Upper West Side North,East Harlem North,Manhattan,Manhattan
2019-03-18 05:34:56,2019-03-18 05:48:47,1,1.01,9.0,1.7,0.27,17.27,green,cash,Financial District North,West Village,Manhattan,Manhattan
2019-02-28 02:50:28,2019-02-28 03:03:46,1,6.39,4.4,0.89,0.22,30.64,green,cash,Brooklyn Heights,Westchester Village/Unionport,Brooklyn,Bronx
2019-03-28 01:39:45,2019-03-28 01:56:17,1,0.07,16.68,9.14,5.09,20.0,green,cash,Woodside,Downtown Brooklyn/MetroTech,Queens,Brooklyn
2019-03-31 21:53:30,2019-03-31 22:08:00,1,0.07,6.4,2.86,0.09,10.83,green,credit card,Union Sq,South Williamsburg,Manhattan,Brooklyn
2019-03-21 07:43:21,2019-03-21 07:58:40,1,1.52,20.8,2.53,0.04,30.49,green,cash,Bushwick South,Gowanus,Brooklyn,Brooklyn
2019-03-07 05:06:16,2019-03-07 05:20:55,1,2.62,5.5,4.24,0.15,11.99,green,cash,East Village,Alphabet City,Manhattan,Manhattan
2019-03-30 21:45:54,2019-03-30 21:59:26,1,1.97,5.48,0.63,0.12,10.3,green,credit card,Union Sq,Elmhurst,Manhattan,Queens
2019-03-03 19:10:17,2019-03-03 19:21:33,1,0.82,5.0,0.76,0.1,13.29,green,credit card,Penn Station/Madison Sq West,Bloomingdale,Manhattan,Manhattan
2019-03-23 11:12:37,2019-03-23 11:26:36,1,0.01,14.6,0.04,0.2,19.8,green,credit card,Times Sq/Theatre District,Richmond Hill,Manhattan,Queens
2019-03-28 04:03:53,2019-03-28 04:18:28,1,2.19,9.35,2.9,0.09,14.55,green,cash,Lenox Hill West,Murray Hill-Queens,Manhattan,Queens
2019-03-14 01:39:02,2019-03-14 01:55:36,1,1.44,8.4,0.5,0.02,21.06,green,cash,Yorkville West,South Williamsburg,Manhattan,Brooklyn
2019-03-04 11:19:42,2019-03-04 11:33:02,1,3.73,5.9,1.12,0.05,53.79,green,credit card,Manhattan Valley,Brooklyn Navy Yard,Manhattan,Brooklyn
2019-03-04 12:07:04,2019-03-04 12:23:35,0,0.4,9.0,1.62,0.09,34.3,green,credit card,Midtown Center,Crown Heights South,Manhattan,Brooklyn
2019-03-10 00:35:01,2019-03-10 00:48:44,1,0.75,7.31,1.29,0.16,31.7,green,cash,UN/Turtle Bay South,Starrett City,Manhattan,Brooklyn
2019-03-21 16:39:02,2019-03-21 16:50:50,2,1.58,5.8,0.32,0.02,28.32,green,credit card,Penn Station/Madison Sq West,Midtown North,Manhattan,Manhattan
2019-03-29 10:34:59,2019-03-29 10:49:41,1,2.92,19.06,2.97,0.1,30.3,green,credit card,Upper East Side North,Bushwick North,Manhattan,Brooklyn
2019-03-08 17:49:35,2019-03-08 18:02:11,2,7.2,11.52,0.8,0.13,12.7,green,credit card,Midtown South,Spuyten Duyvil/Kingsbridge,Manhattan,Bronx
2019-03-16 00:59:20,2019-03-16 01:14:32,1,0.01,17.8,0.45,0.06,27.69,green,cash,East Harlem North,Spuyten Duyvil/Kingsbridge,Manhattan,Bronx
2019-03-14 09:46:02,2019-03-14 10:01:09,1,0.54,8.6,0.74,0.1,16.96,green,cash,Gramercy,East Flushing,Manhattan,Queens
2019-03-07 09:14:22,2019-03-07 09:29:40,1,1.1,9.24,0.71,0.52,12.8,green,credit card,Times Sq/Theatre District,Greenwich Village North,Manhattan,Manhattan
2019-03-31 06:59:18,2019-03-31 07:13:47,2,0.31,4.4,0.93,0.18,6.98,green,cash,Lenox Hill West,Long Island City/Queens Plaza,Manhattan,Queens
2019-03-26 19:53:01,2019-03-26 20:05:39,1,2.06,5.8,1.08,0.28,8.09,green,cash,Battery Park City,Kingsbridge Heights,Manhattan,Bronx
2019-03-30 11:02:49,2019-03-30 11:17:41,1,2.32,11.4,0.75,0.08,20.9,green,credit card,Midtown Center,Yorkville East,Manhattan,Manhattan
2019-03-10 22:21:57,2019-03-10 22:34:32,1,0.02,3.4,0.79,0.18,10.31,green,credit card,Central Park,Morrisania/Melrose,Manhattan,Bronx
2019-03-31 03:40:48,2019-03-31 03:57:14,1,1.36,12.0,0.75,0.05,18.72,green,cash,Manhattan Valley,East Village,Manhattan,Manhattan
2019-03-01 10:28:23,2019-03-01 10:42:56,2,1.64,9.19,1.3,0.21,9.4,green,cash,West Chelsea/Hudson Yards,Stuy Town/Peter Cooper Village,Manhattan,Manhattan
2019-03-17 19:36:38,2019-03-17 19:50:49,2,0.57,12.7,0.88,0.01,17.42,green,cash,Midtown East,Prospect-Lefferts Gardens,Manhattan,Brooklyn
2019-03-25 21:40:34,2019-03-25 21:53:46,1,2.88,11.1,3.85,0.23,20.93,green,credit card,Murray Hill,South Ozone Park,Manhattan,Queens
2019-03-07 11:07:52,2019-03-07 11:25:08,1,5.44,5.5,0.82,0.1,8.14,green,credit card,Park Slope,Clinton East,Brooklyn,Manhattan
2019-02-28 13:29:05,2019-02-28 13:43:17,1,2.98,11.32,0.26,0.02,11.5,green,cash,Upper East Side North,North Corona,Manhattan,Queens
2019-03-15 10:55:00,2019-03-15 11:08:55,2,1.46,8.32,0.11,0.49,12.8,green,credit card,Upper East Side South,Bay Ridge,Manhattan,Brooklyn
2019-03-04 20:06:58,2019-03-04 20:21:03,1,7.37,12.4,1.13,0.2,15.47,green,credit card,Penn Station/Madison Sq West,Riverdale/North Riverdale/Fieldston,Manhattan,Bronx
2019-03-28 09:14:22,2019-03-28 09:26:40,1,0.68,6.52,0.25,0.24,17.5,green,credit card,Co-Op City,Woodhaven,Bronx,Queens
2019-03-23 02:41:39,2019-03-23 02:55:23,2,2.13,5.5,0.41,0.15,11.07,green,cash,SoHo,Forest Hills,Manhattan,Queens
2019-03-09 16:58:37,2019-03-09 17:15:11,1,1.22,12.6,0.62,0.12,16.75,green,cash,East Village,Dyker Heights,Manhattan,Brooklyn
2019-03-17 00:00:03,2019-03-17 00:14:48,2,14.51,16.79,5.23,1.05,50.4,green,credit card,Rego Park,UN/Turtle Bay South,Queens,Manhattan
2019-03-24 02:55:36,2019-03-24 03:09:12,5,0.51,13.0,1.99,0.21,22.95,green,cash,Manhattan Valley,Glendale,Manhattan,Queens
2019-03-28 10:24:28,2019-03-28 10:39:47,1,3.76,12.3,4.15,5.84,25.08,green,cash,Elmhurst/Maspeth,Times Sq/Theatre District,Queens,Manhattan
2019-02-28 12:13:55,2019-02-28 12:29:39,1,0.77,5.1,2.24,0.23,8.93,green,credit card,East Chelsea,Upper West Side North,Manhattan,Manhattan
2019-03-12 21:15:48,2019-03-12 21:29:51,2,0.24,6.6,1.03,0.01,17.01,green,credit card,Midtown North,Marine Park/Mill Basin,Manhattan,Brooklyn
2019-03-05 01:04:37,2019-03-05 01:19:47,0,0.74,5.7,4.25,0.5,22.3,green,credit card,Flushing Meadows-Corona Park,Prospect Park,Queens,Brooklyn
2019-03-16 14:49:08,2019-03-16 15:02:32,1,2.42,4.6,1.11,0.15,4.8,green,cash,Union Sq,Flatbush/Ditmas Park,Manhattan,Brooklyn
2019-03-03 01:05:35,2019-03-03 01:20:31,1,0.83,7.0,1.36,0.05,20.5,green,cash,Sutton Place/Turtle Bay North,Columbia Street,Manhattan,Brooklyn
2019-03-22 12:53:21,2019-03-22 13:09:55,2,0.45,5.6,2.25,0.08,8.34,green,credit card,Union Sq,Kips Bay,Manhattan,Manhattan
2019-03-28 23:12:40,2019-03-28 23:26:43,1,0.72,4.2,3.81,0.03,12.77,green,credit card,West Village,East Village,Manhattan,Manhattan
2019-03-01 22:47:14,2019-03-01 23:01:40,1,14.25,9.05,0.21,0.06,26.6,green,cash,Downtown Brooklyn/MetroTech,Sheepshead Bay,Brooklyn,Brooklyn
2019-03-23 20:43:32,2019-03-23 20:58:47,1,0.23,18.45,1.61,0.11,28.1,green,credit card,Upper East Side South,East Flatbush/Farragut,Manhattan,Brooklyn
2019-03-11 03:17:34,2019-03-11 03:31:41,1,31.41,3.27,1.46,0.74,9.1,green,credit card,Astoria,Hudson Sq,Queens,Manhattan
2019-03-05 05:01:35,2019-03-05 05:16:04,1,0.47,6.0,2.07,0.02,7.35,green,cash,Times Sq/Theatre District,Greenwich Village South,Manhattan,Manhattan
2019-03-15 03:59:29,2019-03-15 04:13:52,1,0.46,7.52,1.32,0.0,17.4,green,cash,Clinton West,Brooklyn Navy Yard,Manhattan,Brooklyn
2019-03-30 14:39:04,2019-03-30 14:51:00,1,4.03,21.56,0.69,0.65,47.7,green,cash,Midtown Center,Prospect Park,Manhattan,Brooklyn
2019-03-16 01:16:55,2019-03-16 01:31:03,1,4.24,16.1,9.17,0.02,17.34,green,credit card,West Chelsea/Hudson Yards,Little Italy/NoLiTa,Manhattan,Manhattan
2019-03-22 19:36:07,2019-03-22 19:51:09,1,14.32,21.3,0.22,0.65,37.22,green,cash,JFK Airport,Alphabet City,Queens,Manhattan
2019-03-21 23:52:23,2019-03-22 00:10:17,5,1.46,5.65,3.6,0.17,16.53,green,cash,Murray Hill,Battery Park City,Manhattan,Manhattan
2019-03-31 00:06:30,2019-03-31 00:20:27,2,6.53,3.0,1.66,0.16,24.76,green,credit card,West Village,Kingsbridge Heights,Manhattan,Bronx
2019-03-06 12:42:06,2019-03-06 12:57:14,1,7.97,8.2,0.36,0.3,18.62,green,credit card,Battery Park City,Springfield Gardens South,Manhattan,Queens
2019-03-23 04:06:38,2019-03-23 04:21:57,1,0.03,19.06,0.35,0.03,20.7,green,cash,UN/Turtle Bay South,Gramercy,Manhattan,Manhattan
2019-03-31 05:23:33,2019-03-31 05:37:34,1,13.63,5.2,1.75,3.17,35.53,green,cash,Astoria,Corona,Queens,Queens
2019-03-23 07:44:01,2019-03-23 07:57:20,5,4.83,10.6,0.22,0.59,44.3,green,cash,JFK Airport,Flushing Meadows-Corona Park,Queens,Queens
2019-03-07 19:49:22,2019-03-07 20:03:05,2,1.95,11.1,1.97,0.05,23.01,green,credit card,Upper West Side South,West Concourse,Manhattan,Bronx
2019-03-29 05:21:21,2019-03-29 05:33:23,1,2.18,7.7,0.46,0.13,21.86,green,credit card,TriBeCa/Civic Center,Brooklyn Heights,Manhattan,Brooklyn
2019-03-08 14:06:21,2019-03-08 14:21:49,1,1.22,8.3,1.09,0.19,25.94,green,cash,Murray Hill,Brighton Beach,Manhattan,Brooklyn
2019-03-03 18:54:57,2019-03-03 19:07:13,1,0.1,7.6,2.76,1.04,17.82,green,credit card,Fort Greene,Clinton East,Brooklyn,Manhattan
2019-03-16 07:08:20,2019-03-16 07:21:46,6,3.83,11.3,2.09,0.5,15.58,green,credit card,Yorkville West,Flushing Meadows-Corona Park,Manhattan,Queens
2019-03-22 13:14:53,2019-03-22 13:28:15,1,0.79,10.1,4.21,0.16,14.51,green,cash,UN/Turtle Bay South,Van Cortlandt Village,Manhattan,Bronx
2019-03-18 00:16:23,2019-03-18 00:29:37,2,1.43,6.0,2.05,0.07,18.74,green,cash,Upper West Side North,Financial District North,Manhattan,Manhattan
2019-03-06 00:26:27,2019-03-06 00:42:35,6,11.26,16.99,2.65,0.46,22.4,green,cash,Forest Hills,Queens Village,Queens,Queens
2019-03-26 19:30:05,2019-03-26 19:43:27,1,6.09,12.0,0.94,0.3,14.77,green,credit card,Washington Heights South,Hunts Point,Manhattan,Bronx
2019-03-12 18:53:16,2019-03-12 19:05:28,2,0.84,7.3,0.95,0.1,15.31,green,cash,Times Sq/Theatre District,Ocean Hill,Manhattan,Brooklyn
2019-03-08 06:24:06,2019-03-08 06:38:44,1,5.31,5.8,0.8,0.24,10.56,green,cash,Yorkville West,Flatiron,Manhattan,Manhattan
2019-03-22 07:59:12,2019-03-22 08:14:33,3,0.31,6.73,2.72,0.22,15.9,green,credit card,Yorkville East,Hamilton Heights,Manhattan,Manhattan
2019-03-14 07:46:12,2019-03-14 07:58:08,1,1.38,11.1,4.35,0.44,18.9,green,credit card,Manhattan Valley,Sheepshead Bay,Manhattan,Brooklyn
2019-03-04 00:37:21,2019-03-04 00:52:05,1,1.58,5.1,0.8,0.16,9.28,green,credit card,East Village,Downtown Brooklyn/MetroTech,Manhattan,Brooklyn
2019-03-21 15:10:14,2019-03-21 15:22:05,1,26.95,1.3,0.24,0.43,45.67,green,cash,JFK Airport,Lenox Hill East,Queens,Manhattan
2019-03-17 00:59:58,2019-03-17 01:14:41,1,7.25,5.6,0.3,0.22,6.54,green,cash,Clinton Hill,Prospect Heights,Brooklyn,Brooklyn
2019-03-02 20:23:46,2019-03-02 20:37:37,1,0.83,24.9,0.29,0.02,45.27,green,credit card,East Harlem North,Upper East Side South,Manhattan,Manhattan
2019-03-17 16:59:06,2019-03-17 17:13:17,5,0.79,12.29,0.8,0.02,16.2,green,credit card,Morningside Heights,Brooklyn Heights,Manhattan,Brooklyn
2019-02-28 15:59:58,2019-02-28 16:12:45,1,2.36,7.04,0.81,0.3,28.6,green,cash,Carroll Gardens,Red Hook,Brooklyn,Brooklyn
2019-03-06 19:48:08,2019-03-06 20:01:49,1,1.24,8.9,0.6,0.11,27.65,green,credit card,Union Sq,Marine Park/Mill Basin,Manhattan,Brooklyn
2019-03-20 06:20:39,2019-03-20 06:33:29,2,4.0,7.84,1.43,0.34,13.7,green,credit card,Upper East Side North,Morningside Heights,Manhattan,Manhattan
2019-03-07 22:05:59,2019-03-07 22:22:08,6,0.06,8.3,1.38,0.16,8.71,green,cash,Hamilton Heights,Middle Village,Manhattan,Queens
2019-03-16 07:19:24,2019-03-16 07:33:14,1,2.74,8.1,2.41,0.0,11.2,green,cash,Lenox Hill East,Upper West Side North,Manhattan,Manhattan
2019-03-03 23:24:53,2019-03-03 23:39:12,5,3.24,15.33,2.44,0.07,28.6,green,cash,Battery Park City,Gowanus,Manhattan,Brooklyn
2019-03-16 06:54:55,2019-03-16 07:08:42,1,4.58,5.1,0.12,0.04,13.36,green,credit card,Gramercy,Park Slope,Manhattan,Brooklyn
2019-03-21 03:50:14,2019-03-21 04:04:00,1,1.27,5.5,5.2,0.12,12.59,green,cash,UN/Turtle Bay South,Penn Station/Madison Sq West,Manhattan,Manhattan
2019-03-10 20:15:44,2019-03-10 20:28:24,1,0.1,13.5,0.2,0.05,21.22,green,cash,Clinton East,Queens Village,Manhattan,Queens
2019-03-29 09:46:18,2019-03-29 10:00:28,2,4.3,4.1,0.22,0.05,19.59,green,credit card,Murray Hill,Two Bridges/Seward Park,Manhattan,Manhattan
2019-03-21 05:50:16,2019-03-21 06:05:24,1,1.3,13.0,0.74,0.09,15.19,green,credit card,Murray Hill,Bedford Park,Manhattan,Bronx
2019-03-14 03:39:11,2019-03-14 03:51:26,1,1.65,8.2,2.08,0.11,21.78,green,cash,Greenwich Village South,Marble Hill,Manhattan,Manhattan
2019-03-13 18:31:57,2019-03-13 18:46:59,1,5.25,12.4,0.39,6.06,21.71,green,cash,Long Island City/Hunters Point,Bushwick North,Queens,Brooklyn
2019-03-18 19:33:47,2019-03-18 19:46:27,2,2.98,31.06,0.6,0.06,36.2,green,cash,Chinatown,Sheepshead Bay,Manhattan,Brooklyn
2019-03-05 12:45:46,2019-03-05 12:59:26,1,1.31,7.9,0.67,0.01,42.6,green,credit card,Clinton East,Glendale,Manhattan,Queens
2019-03-08 02:27:58,2019-03-08 02:39:55,1,2.3,8.1,7.3,0.01,8.47,green,credit card,Upper East Side South,Crown Heights North,Manhattan,Brooklyn
2019-03-09 14:28:39,2019-03-09 14:44:51,5,0.82,9.0,0.01,0.14,18.34,green,cash,West Chelsea/Hudson Yards,East Tremont,Manhattan,Bronx
2019-03-12 12:12:35,2019-03-12 12:29:23,1,1.27,19.01,6.46,0.27,25.4,green,credit card,Penn Station/Madison Sq West,Glendale,Manhattan,Queens
2019-03-29 17:37:18,2019-03-29 17:49:50,1,4.53,8.8,0.04,0.23,37.49,green,credit card,Murray Hill,Woodlawn/Wakefield,Manhattan,Bronx
2019-03-24 08:11:18,2019-03-24 08:26:03,1,2.26,10.9,1.22,0.07,28.78,green,credit card,Central Harlem,Melrose South,Manhattan,Bronx
2019-03-09 22:55:26,2019-03-09 23:10:02,2,1.15,11.1,0.93,0.28,16.12,green,cash,Yorkville West,Flatlands,Manhattan,Brooklyn
2019-03-13 06:19:19,2019-03-13 06:33:58,1,1.66,4.0,0.95,0.01,17.75,green,cash,Greenwich Village North,Washington Heights North,Manhattan,Manhattan
2019-03-19 22:58:26,2019-03-19 23:11:42,2,2.75,7.71,1.85,2.8,27.5,green,credit card,Queensboro Hill,Greenwich Village North,Queens,Manhattan
2019-03-08 09:56:25,2019-03-08 10:13:17,2,5.4,10.13,1.05,0.05,15.1,green,cash,Gramercy,Rosedale,Manhattan,Queens
2019-03-14 17:04:48,2019-03-14 17:16:02,1,2.46,5.1,1.58,0.05,43.23,green,cash,Midtown East,Norwood,Manhattan,Bronx
2019-03-25 20:32:58,2019-03-25 20:47:32,1,4.17,11.85,0.83,0.26,21.8,green,credit card,Lincoln Square West,Stuyvesant Heights,Manhattan,Brooklyn
2019-03-16 18:14:34,2019-03-16 18:28:38,1,1.62,14.9,1.19,0.08,18.97,green,credit card,Kips Bay,East Harlem South,Manhattan,Manhattan
2019-03-16 20:07:08,2019-03-16 20:23:30,1,1.59,7.8,4.4,0.04,12.81,green,credit card,Lower East Side,Springfield Gardens South,Manhattan,Queens
2019-03-02 01:00:37,2019-03-02 01:15:12,4,11.04,4.37,4.12,1.45,15.9,green,cash,JFK Airport,Steinway,Queens,Queens
2019-03-16 23:57:58,2019-03-17 00:10:43,2,1.8,8.9,1.39,0.08,10.68,green,cash,Clinton West,Maspeth,Manhattan,Queens
2019-02-28 10:16:56,2019-02-28 10:29:44,1,0.2,17.07,1.09,0.16,41.4,green,credit card,Upper East Side North,Forest Hills,Manhattan,Queens
2019-03-07 17:30:18,2019-03-07 17:45:27,5,2.86,10.1,0.21,0.18,12.68,green,credit card,Lower East Side,Battery Park City,Manhattan,Manhattan
2019-03-22 16:44:39,2019-03-22 16:57:37,1,0.91,5.6,1.9,0.03,10.01,green,cash,Midtown East,East Flushing,Manhattan,Queens
2019-03-01 22:27:10,2019-03-01 22:38:50,1,1.45,2.6,0.29,0.09,17.19,green,credit card,TriBeCa/Civic Center,Williamsburg (North Side),Manhattan,Brooklyn
2019-03-08 00:07:58,2019-03-08 00:24:55,1,1.2,9.2,0.11,0.81,37.1,green,credit card,Stuyvesant Heights,Mount Hope,Brooklyn,Bronx
2019-03-10 13:58:20,2019-03-10 14:13:22,1,3.56,10.17,1.56,0.01,16.0,green,cash,Penn Station/Madison Sq West,Bedford,Manhattan,Brooklyn
2019-03-31 23:29:17,2019-03-31 23:43:18,1,0.08,17.4,0.91,0.22,18.03,green,cash,East Village,Whitestone,Manhattan,Queens
2019-03-16 17:21:09,2019-03-16 17:35:03,1,2.12,6.9,0.2,0.06,15.61,green,cash,Times Sq/Theatre District,East Tremont,Manhattan,Bronx
2019-03-15 22:40:15,2019-03-15 22:52:56,1,1.69,6.4,0.64,0.21,6.94,green,credit card,Brooklyn Heights,Ocean Hill,Brooklyn,Brooklyn
2019-03-12 15:48:47,2019-03-12 16:04:42,1,9.74,8.2,1.14,0.76,11.65,green,cash,Clinton East,Queensbridge/Ravenswood,Manhattan,Queens
2019-03-07 04:32:52,2019-03-07 04:49:00,3,0.96,10.0,2.07,0.24,15.98,green,cash,Stuyvesant Heights,Upper West Side North,Brooklyn,Manhattan
2019-03-06 19:24:09,2019-03-06 19:37:28,5,3.4,6.5,0.67,0.13,22.7,green,credit card,Midtown East,Howard Beach,Manhattan,Queens
2019-03-10 06:49:16,2019-03-10 07:02:40,1,1.52,4.7,1.25,0.0,14.57,green,credit card,West Village,Springfield Gardens South,Manhattan,Queens
2019-03-14 10:11:04,2019-03-14 10:25:20,1,9.43,4.9,3.6,1.46,9.76,green,cash,Jackson Heights,Midtown Center,Queens,Manhattan
2019-03-08 03:32:38,2019-03-08 03:46:20,1,3.87,8.6,0.59,0.03,16.68,green,cash,Stuyvesant Heights,TriBeCa/Civic Center,Brooklyn,Manhattan
2019-03-19 21:01:58,2019-03-19 21:18:32,2,1.59,9.3,5.7,0.1,28.23,green,cash,West Chelsea/Hudson Yards,Steinway,Manhattan,Queens
2019-03-01 04:42:20,2019-03-01 04:57:06,1,2.01,6.48,1.26,0.12,12.1,green,credit card,Yorkville West,Brooklyn Heights,Manhattan,Brooklyn
2019-03-29 12:57:17,2019-03-29 13:10:37,1,3.82,5.16,1.37,0.29,14.9,green,credit card,Lincoln Square West,SoHo,Manhattan,Manhattan
2019-03-03 09:08:33,2019-03-03 09:21:41,1,1.09,5.7,0.89,0.0,21.24,green,cash,Central Park,Crown Heights North,Manhattan,Brooklyn
2019-03-15 12:51:06,2019-03-15 13:04:17,1,1.79,11.3,1.44,0.17,12.78,green,credit card,Upper East Side North,Prospect Heights,Manhattan,Brooklyn
2019-03-25 07:27:17,2019-03-25 07:43:26,1,3.21,6.64,1.93,0.2,11.6,green,credit card,Midtown South,East Harlem North,Manhattan,Manhattan
2019-03-18 18:08:22,2019-03-18 18:21:17,3,0.56,11.7,6.83,0.53,18.2,green,cash,Hamilton Heights,Lower East Side,Manhattan,Manhattan
2019-03-04 19:11:51,2019-03-04 19:29:19,2,1.92,5.9,2.67,0.01,27.65,green,cash,Lincoln Square East,Crown Heights South,Manhattan,Brooklyn
2019-03-28 08:17:31,2019-03-28 08:27:43,1,0.47,4.6,3.34,0.02,36.83,green,cash,Midtown East,Morningside Heights,Manhattan,Manhattan
2019-03-23 21:24:13,2019-03-23 21:39:39,1,0.28,10.31,4.3,0.03,24.8,green,credit card,Lower East Side,Midtown Center,Manhattan,Manhattan
2019-02-28 13:17:07,2019-02-28 13:29:37,1,0.55,3.5,1.34,0.15,11.63,green,cash,East Harlem South,Manhattanville,Manhattan,Manhattan
2019-03-09 21:08:48,2019-03-09 21:20:22,5,5.51,7.9,3.71,2.3,28.33,green,cash,LaGuardia Airport,Springfield Gardens South,Queens,Queens
2019-03-06 20:03:54,2019-03-06 20:19:27,1,2.43,15.47,5.25,0.13,16.0,green,credit card,Lincoln Square East,Douglaston,Manhattan,Queens
2019-03-08 06:51:13,2019-03-08 07:05:23,1,14.82,26.1,1.92,0.49,57.05,green,credit card,LaGuardia Airport,Fort Greene,Queens,Brooklyn
2019-03-14 02:43:15,2019-03-14 02:56:30,1,4.29,15.6,1.58,0.31,19.31,green,credit card,Windsor Terrace,Allerton/Pelham Gardens,Brooklyn,Bronx
2019-03-22 08:06:16,2019-03-22 08:20:17,2,0.07,11.9,0.66,0.23,46.69,green,cash,Sheepshead Bay,Soundview/Bruckner,Brooklyn,Bronx
2019-03-20 08:18:53,2019-03-20 08:32:28,1,0.09,17.82,0.67,0.47,33.9,green,cash,Union Sq,JFK Airport,Manhattan,Queens
2019-03-26 01:36:05,2019-03-26 01:52:35,1,1.36,11.0,1.92,0.39,14.36,green,credit card,Kips Bay,East New York,Manhattan,Brooklyn
2019-03-02 05:34:09,2019-03-02 05:49:09,6,16.61,5.1,0.64,0.2,100.4,green,credit card,Rosedale,Murray Hill,Queens,Manhattan
2019-03-17 13:50:19,2019-03-17 14:05:52,1,5.06,5.5,0.88,0.07,7.02,green,cash,Central Park,Stuyvesant Heights,Manhattan,Brooklyn
2019-03-18 23:59:46,2019-03-19 00:14:07,2,0.36,8.57,4.4,0.19,9.52,green,credit card,Upper West Side North,Inwood,Manhattan,Manhattan
2019-03-27 13:42:16,2019-03-27 13:56:51,2,4.4,7.0,2.33,0.07,11.74,green,credit card,UN/Turtle Bay South,Midwood,Manhattan,Brooklyn
2019-03-07 16:28:33,2019-03-07 16:45:24,1,2.43,5.2,0.77,0.07,9.37,green,credit card,Fort Greene,Melrose South,Brooklyn,Bronx
2019-03-11 13:19:28,2019-03-11 13:34:56,1,0.11,13.7,0.54,0.14,17.12,green,cash,Morningside Heights,Windsor Terrace,Manhattan,Brooklyn
2019-03-06 21:35:11,2019-03-06 21:50:07,1,0.98,15.1,2.09,0.22,22.0,green,cash,Kips Bay,Middle Village,Manhattan,Queens
2019-03-04 20:57:10,2019-03-04 21:11:50,1,5.69,10.69,0.01,0.22,13.4,green,credit card,East Chelsea,Williamsburg (North Side),Manhattan,Brooklyn
2019-03-01 04:05:35,2019-03-01 04:19:35,1,2.36,8.2,4.16,0.08,20.55,green,cash,Union Sq,East Flatbush/Farragut,Manhattan,Brooklyn
2019-03-27 04:43:43,2019-03-27 04:57:58,1,9.21,9.6,1.79,0.07,11.59,green,cash,Yorkville West,Kew Gardens,Manhattan,Queens
2019-03-10 18:50:33,2019-03-10 19:03:38,1,0.05,8.9,0.78,0.01,20.66,green,credit card,Flatiron,East Flatbush/Farragut,Manhattan,Brooklyn
2019-03-15 21:51:19,2019-03-15 22:05:29,5,3.36,17.9,7.31,0.14,24.2,green,credit card,Upper West Side South,West Village,Manhattan,Manhattan
2019-03-11 11:56:02,2019-03-11 12:08:43,1,14.2,5.3,2.34,0.01,21.81,green,cash,Little Italy/NoLiTa,Inwood,Manhattan,Manhattan
2019-03-29 19:21:12,2019-03-29 19:36:48,1,1.2,6.61,2.19,0.1,9.5,green,cash,JFK Airport,East Harlem North,Queens,Manhattan
2019-03-02 18:42:12,2019-03-02 18:55:32,1,2.91,9.7,0.13,0.0,11.04,green,cash,Yorkville West,Clinton Hill,Manhattan,Brooklyn
2019-03-19 00:07:00,2019-03-19 00:21:59,1,7.61,11.2,1.82,0.12,12.36,green,credit card,Manhattan Valley,Crown Heights South,Manhattan,Brooklyn
2019-03-30 10:55:14,2019-03-30 11:12:58,1,0.39,12.31,5.94,0.12,16.2,green,credit card,Upper East Side South,Financial District North,Manhattan,Manhattan
2019-03-09 21:21:52,2019-03-09 21:34:15,1,0.9,10.02,1.06,0.28,15.0,green,cash,Gramercy,Stapleton,Manhattan,Staten Island
2019-03-09 15:03:38,2019-03-09 15:16:43,1,1.67,16.9,11.04,2.07,19.24,green,credit card,JFK Airport,Midtown East,Queens,Manhattan
2019-03-11 12:33:17,2019-03-11 12:48:29,1,0.09,5.52,0.57,0.14,22.2,green,credit card,West Village,Sunset Park West,Manhattan,Brooklyn
2019-03-27 16:42:57,2019-03-27 16:56:22,1,2.3,3.6,0.05,0.82,9.63,green,credit card,Mount Hope,JFK Airport,Bronx,Queens
2019-03-24 14:58:17,2019-03-24 15:12:39,1,0.64,5.7,4.05,0.2,12.56,green,cash,Gramercy,Lincoln Square East,Manhattan,Manhattan
2019-03-17 00:47:05,2019-03-17 01:04:22,3,3.1,5.2,1.06,0.14,11.08,green,cash,World Trade Center,Bedford,Manhattan,Brooklyn
2019-03-14 18:29:56,2019-03-14 18:44:27,1,1.57,4.4,0.13,0.04,17.42,green,credit card,Upper East Side North,World Trade Center,Manhattan,Manhattan
2019-03-24 05:04:01,2019-03-24 05:19:14,1,6.7,15.15,1.42,0.0,18.6,green,cash,Union Sq,JFK Airport,Manhattan,Queens
2019-03-29 19:56:04,2019-03-29 20:12:51,1,4.94,13.83,1.73,2.73,31.0,green,cash,LaGuardia Airport,Sunset Park West,Queens,Brooklyn
2019-03-08 18:53:17,2019-03-08 19:03:05,1,5.7,4.95,2.8,1.04,28.2,green,credit card,LaGuardia Airport,Springfield Gardens South,Queens,Queens
2019-03-15 04:58:07,2019-03-15 05:12:18,1,0.37,8.1,0.55,0.11,23.74,green,credit card,Upper East Side North,Long Island City/Queens Plaza,Manhattan,Queens
2019-03-01 05:45:38,2019-03-01 05:56:10,1,1.12,5.9,1.5,0.25,12.23,green,credit card,Lincoln Square East,East Harlem South,Manhattan,Manhattan
2019-03-02 20:35:14,2019-03-02 20:48:44,1,0.9,7.3,0.7,0.06,16.45,green,cash,Gramercy,Queens Village,Manhattan,Queens
2019-02-28 14:14:55,2019-02-28 14:29:57,1,0.94,9.0,0.59,0.16,9.17,green,cash,East Village,Stuyvesant Heights,Manhattan,Brooklyn
2019-03-07 12:29:06,2019-03-07 12:44:26,1,4.36,7.7,2.14,0.01,17.18,green,credit card,Penn Station/Madison Sq West,Middle Village,Manhattan,Queens
2019-03-31 21:05:17,2019-03-31 21:21:27,1,1.12,3.6,0.72,0.14,18.35,green,credit card,Battery Park City,Hudson Sq,Manhattan,Manhattan
2019-03-08 05:47:39,2019-03-08 06:02:54,3,0.79,12.7,1.65,0.14,13.44,green,cash,Upper West Side South,Ocean Hill,Manhattan,Brooklyn
2019-03-01 02:44:21,2019-03-01 02:58:15,2,1.67,6.6,0.72,0.67,13.7,green,credit card,Midtown East,World Trade Center,Manhattan,Manhattan
2019-03-12 19:26:33,2019-03-12 19:40:50,1,2.85,5.5,0.1,1.65,49.6,green,credit card,JFK Airport,Rego Park,Queens,Queens
2019-03-30 15:05:57,2019-03-30 15:19:33,1,1.95,9.0,2.22,1.31,27.2,green,credit card,Madison,North Corona,Brooklyn,Queens
2019-03-12 05:54:54,2019-03-12 06:10:19,1,3.41,12.81,0.54,0.02,24.5,green,cash,TriBeCa/Civic Center,Norwood,Manhattan,Bronx
2019-03-23 15:03:37,2019-03-23 15:18:44,6,2.82,23.65,0.71,0.2,29.5,green,cash,Midtown South,Clinton Hill,Manhattan,Brooklyn
2019-02-28 06:41:07,2019-02-28 06:57:01,1,0.65,10.7,0.11,0.01,11.35,green,credit card,Central Harlem,Springfield Gardens South,Manhattan,Queens
2019-03-15 18:29:13,2019-03-15 18:44:06,1,1.7,18.6,4.03,0.26,18.93,green,cash,Times Sq/Theatre District,Stapleton,Manhattan,Staten Island
2019-03-31 22:54:49,2019-03-31 23:08:35,1,6.07,16.4,3.98,0.21,17.53,green,cash,DUMBO/Vinegar Hill,Dyker Heights,Brooklyn,Brooklyn
2019-03-25 17:34:51,2019-03-25 17:46:57,1,1.57,8.4,0.5,0.12,18.4,green,credit card,Times Sq/Theatre District,Bay Ridge,Manhattan,Brooklyn
2019-03-30 22:52:10,2019-03-30 23:05:44,1,0.39,9.3,0.33,0.01,10.34,green,credit card,Central Park,Riverdale/North Riverdale/Fieldston,Manhattan,Bronx
2019-03-08 13:48:37,2019-03-08 14:01:23,1,2.48,6.1,3.95,0.12,20.33,green,cash,Yorkville West,Pelham Parkway,Manhattan,Bronx
2019-03-05 12:45:52,2019-03-05 13:02:40,1,0.02,4.8,1.41,0.56,13.05,green,cash,Midtown South,Homecrest,Manhattan,Brooklyn
2019-03-15 12:05:37,2019-03-15 12:20:47,2,0.81,7.0,1.38,0.12,12.46,green,cash,Lower East Side,Claremont/Bathgate,Manhattan,Bronx
2019-03-13 14:18:20,2019-03-13 14:34:37,1,2.33,18.7,0.12,0.36,39.84,green,credit card,Lincoln Square West,Cobble Hill,Manhattan,Brooklyn
2019-03-06 22:27:28,2019-03-06 22:42:41,1,5.31,16.76,0.93,0.09,25.6,green,credit card,Lincoln Square East,West Brighton,Manhattan,Staten Island
2019-03-02 18:49:18,2019-03-02 19:05:10,1,4.23,7.5,0.74,0.23,15.27,green,cash,Yorkville East,Chinatown,Manhattan,Manhattan
2019-03-01 10:38:28,2019-03-01 10:52:54,1,7.86,15.7,5.35,0.32,40.0,green,credit card,Lincoln Square West,Financial District North,Manhattan,Manhattan
2019-03-30 07:04:43,2019-03-30 07:18:10,1,3.21,16.08,0.3,0.86,17.3,green,credit card,Bushwick North,Steinway,Brooklyn,Queens
2019-03-02 19:39:51,2019-03-02 19:53:01,1,0.36,9.35,1.04,0.03,11.9,green,cash,Yorkville West,Morrisania/Melrose,Manhattan,Bronx
2019-03-01 18:58:54,2019-03-01 19:14:39,5,3.54,9.7,1.87,0.06,22.92,green,cash,Midtown Center,Morningside Heights,Manhattan,Manhattan
2019-03-06 08:40:06,2019-03-06 08:54:32,2,11.64,12.51,1.17,0.17,13.1,green,cash,Fort Greene,Bedford Park,Brooklyn,Bronx
2019-03-19 11:59:10,2019-03-19 12:14:05,1,5.95,8.2,2.14,0.04,19.26,green,credit card,West Village,East Harlem North,Manhattan,Manhattan
2019-03-01 23:07:02,2019-03-01 23:24:06,1,0.39,9.9,1.15,0.07,20.56,green,cash,Lincoln Square West,Old Astoria,Manhattan,Queens
2019-02-28 20:30:05,2019-02-28 20:42:39,1,0.82,14.7,0.02,3.3,31.08,green,cash,LaGuardia Airport,Kew Gardens Hills,Queens,Queens
2019-03-13 05:56:20,2019-03-13 06:12:53,1,2.95,10.79,3.45,0.06,16.7,green,credit card,Midtown Center,Westchester Village/Unionport,Manhattan,Bronx
2019-03-01 23:55:43,2019-03-02 00:10:31,1,3.55,13.7,0.02,0.16,27.26,green,credit card,Chinatown,Brighton Beach,Manhattan,Brooklyn
2019-03-09 06:37:32,2019-03-09 06:50:34,2,2.11,6.14,1.89,0.11,8.4,green,credit card,Upper West Side South,Bayside,Manhattan,Queens
2019-03-12 05:57:24,2019-03-12 06:11:12,1,0.94,4.33,1.03,0.04,5.7,green,cash,Upper East Side North,Crown Heights North,Manhattan,Brooklyn
2019-03-28 21:35:40,2019-03-28 21:50:29,0,0.37,11.56,2.87,0.42,12.8,green,cash,Gramercy,Boerum Hill,Manhattan,Brooklyn
2019-03-30 06:49:27,2019-03-30 07:04:48,3,0.01,5.0,1.55,0.04,8.3,green,credit card,Lincoln Square West,Spuyten Duyvil/Kingsbridge,Manhattan,Bronx
2019-03-01 15:12:02,2019-03-01 15:25:28,1,0.07,20.82,0.83,0.05,25.0,green,credit card,Upper East Side South,Windsor Terrace,Manhattan,Brooklyn
2019-03-19 15:06:50,2019-03-19 15:20:10,1,7.43,10.0,3.71,0.42,28.33,green,cash,Lenox Hill West,Maspeth,Manhattan,Queens
2019-03-01 06:54:51,2019-03-01 07:09:06,1,1.36,18.1,0.18,0.06,19.81,green,credit card,Midtown Center,Midtown South,Manhattan,Manhattan
2019-03-02 11:46:46,2019-03-02 12:02:25,1,4.77,4.31,13.03,1.08,39.9,green,credit card,Kew Gardens,West Village,Queens,Manhattan
2019-03-27 12:43:11,2019-03-27 12:56:51,1,1.08,11.24,0.52,0.06,13.5,green,cash,Fort Greene,Yorkville East,Brooklyn,Manhattan
2019-03-12 16:34:41,2019-03-12 16:47:50,6,2.33,10.9,1.03,0.05,20.89,green,cash,Midtown North,Bronxdale,Manhattan,Bronx
2019-03-15 05:37:14,2019-03-15 05:51:45,1,3.35,6.87,0.32,0.01,30.1,green,cash,Flatiron,South Ozone Park,Manhattan,Queens
2019-03-21 02:37:17,2019-03-21 02:51:24,4,0.91,16.05,0.06,0.06,22.0,green,credit card,Downtown Brooklyn/MetroTech,Bensonhurst East,Brooklyn,Brooklyn
2019-03-24 03:23:37,2019-03-24 03:37:31,1,4.44,10.75,4.7,0.5,10.8,green,cash,Hudson Sq,Old Astoria,Manhattan,Queens
2019-03-28 06:43:07,2019-03-28 06:55:02,1,4.07,16.01,0.25,0.08,20.9,green,cash,Clinton East,Steinway,Manhattan,Queens
2019-03-17 16:27:34,2019-03-17 16:39:11,5,0.16,6.73,5.0,0.8,29.43,green,credit card,Fort Greene,Clinton East,Brooklyn,Manhattan
2019-03-25 04:31:32,2019-03-25 04:45:12,5,4.57,6.6,0.85,0.05,14.1,green,credit card,World Trade Center,Woodhaven,Manhattan,Queens
2019-03-30 15:24:15,2019-03-30 15:38:38,6,1.02,6.7,0.94,0.19,20.7,green,cash,Lower East Side,Carroll Gardens,Manhattan,Brooklyn
2019-03-16 05:25:31,2019-03-16 05:39:06,1,1.47,11.7,2.04,0.02,39.41,green,cash,Midtown South,Sunset Park West,Manhattan,Brooklyn
2019-03-01 08:52:06,2019-03-01 09:06:47,1,1.0,7.5,0.55,0.59,14.48,green,cash,Yorkville West,East Williamsburg,Manhattan,Brooklyn
2019-03-30 18:15:09,2019-03-30 18:28:30,1,2.33,19.77,8.84,0.01,39.5,green,credit card,Midtown East,Ozone Park,Manhattan,Queens
2019-03-22 17:46:28,2019-03-22 18:01:21,1,1.23,8.3,1.48,0.49,26.96,green,credit card,Penn Station/Madison Sq West,Bayside,Manhattan,Queens
2019-03-01 01:43:00,2019-03-01 01:56:51,1,2.31,7.1,2.16,0.17,13.76,green,cash,Central Harlem,Highbridge,Manhattan,Bronx
2019-03-24 11:04:48,2019-03-24 11:18:29,1,1.31,9.3,2.27,0.16,12.38,green,credit card,Meatpacking/West Village West,Canarsie,Manhattan,Brooklyn
2019-03-10 01:28:09,2019-03-10 01:43:55,1,1.6,16.7,1.22,0.15,33.5,green,credit card,Hamilton Heights,Windsor Terrace,Manhattan,Brooklyn
2019-03-22 09:28:33,2019-03-22 09:42:37,1,1.65,9.7,6.38,0.11,20.63,green,credit card,West Chelsea/Hudson Yards,Midwood,Manhattan,Brooklyn
2019-03-01 04:18:18,2019-03-01 04:30:12,2,0.12,9.1,2.41,0.2,11.44,green,cash,Flatiron,Borough Park,Manhattan,Brooklyn
2019-03-17 09:20:52,2019-03-17 09:34:54,2,3.01,6.43,5.66,2.14,53.2,green,cash,LaGuardia Airport,Gravesend,Queens,Brooklyn
2019-03-01 19:10:41,2019-03-01 19:25:05,1,0.02,15.36,0.48,0.13,16.3,green,credit card,East Harlem South,Upper West Side North,Manhattan,Manhattan
2019-03-12 16:38:38,2019-03-12 16:55:13,1,3.46,43.1,2.58,1.17,49.99,green,cash,JFK Airport,Rosedale,Queens,Queens
2019-03-06 07:32:41,2019-03-06 07:48:00,1,1.07,6.6,1.25,0.2,9.48,green,cash,East Village,Queens Village,Manhattan,Queens
2019-03-02 19:03:25,2019-03-02 19:17:53,6,1.69,13.3,5.28,0.06,24.76,green,credit card,Penn Station/Madison Sq West,Lenox Hill West,Manhattan,Manhattan
2019-03-13 18:13:51,2019-03-13 18:25:40,1,0.28,5.8,0.47,0.25,8.5,green,credit card,Central Park,Downtown Brooklyn/MetroTech,Manhattan,Brooklyn
2019-03-09 13:41:10,2019-03-09 13:57:13,1,0.08,3.1,0.02,0.02,19.43,green,credit card,Upper East Side North,Randalls Island,Manhattan,Manhattan
2019-03-20 13:00:30,2019-03-20 13:14:40,1,2.44,4.8,0.09,0.06,15.0,green,cash,Cobble Hill,Maspeth,Brooklyn,Queens
2019-03-23 07:00:23,2019-03-23 07:12:13,3,0.06,2.4,0.79,0.18,6.15,green,cash,Fort Greene,West Village,Brooklyn,Manhattan
2019-03-14 06:10:20,2019-03-14 06:23:53,1,10.15,6.4,4.18,0.03,23.35,green,credit card,Flatiron,Canarsie,Manhattan,Brooklyn
2019-03-20 11:40:30,2019-03-20 11:52:06,1,1.52,3.65,0.03,6.56,21.2,green,credit card,East Elmhurst,Briarwood/Jamaica Hills,Queens,Queens
2019-03-18 19:34:41,2019-03-18 19:49:01,1,4.41,6.2,0.11,0.2,8.55,green,cash,Midtown North,Prospect-Lefferts Gardens,Manhattan,Brooklyn
2019-03-23 03:50:28,2019-03-23 04:05:09,1,4.82,3.87,1.9,0.13,14.24,green,credit card,Clinton East,Red Hook,Manhattan,Brooklyn
2019-03-10 21:40:23,2019-03-10 21:52:38,1,3.06,7.64,1.94,0.04,7.8,green,credit card,West Village,Midtown Center,Manhattan,Manhattan
2019-03-09 13:18:15,2019-03-09 13:31:50,1,0.57,5.5,4.2,0.06,19.27,green,credit card,Times Sq/Theatre District,Flatiron,Manhattan,Manhattan
2019-03-03 04:06:33,2019-03-03 04:21:02,4,7.97,10.19,0.29,0.01,23.0,green,cash,East Village,East New York,Manhattan,Brooklyn
2019-03-22 10:34:31,2019-03-22 10:47:43,1,4.35,19.0,0.84,0.67,66.46,green,cash,Flushing,West Concourse,Queens,Bronx
2019-03-03 09:19:00,2019-03-03 09:32:55,1,2.85,6.9,1.63,0.82,14.0,green,credit card,Carroll Gardens,Flushing,Brooklyn,Queens
2019-03-14 02:46:16,2019-03-14 02:59:12,1,4.67,6.5,0.62,0.04,23.59,green,cash,World Trade Center,Parkchester,Manhattan,Bronx
2019-03-19 00:08:48,2019-03-19 00:23:34,2,0.19,6.4,0.04,0.17,9.3,green,cash,Lenox Hill West,West Village,Manhattan,Manhattan
2019-02-28 21:43:50,2019-02-28 21:59:07,1,1.2,7.0,0.76,0.07,14.3,green,credit card,West Village,Battery Park,Manhattan,Manhattan
2019-03-21 21:31:36,2019-03-21 21:46:06,2,3.99,3.9,2.88,0.14,16.98,green,credit card,Flatiron,Baisley Park,Manhattan,Queens
2019-03-22 12:16:47,2019-03-22 12:30:31,1,1.16,8.2,4.39,0.13,17.79,green,cash,Penn Station/Madison Sq West,Queensbridge/Ravenswood,Manhattan,Queens
2019-03-14 21:19:38,2019-03-14 21:32:23,1,2.4,4.3,0.81,0.63,25.91,green,cash,Midtown South,Whitestone,Manhattan,Queens
2019-03-03 00:21:24,2019-03-03 00:36:04,5,1.42,7.0,0.6,0.12,16.75,green,cash,Financial District South,Washington Heights South,Manhattan,Manhattan
2019-03-12 22:05:07,2019-03-12 22:18:46,5,1.06,12.7,1.32,0.04,13.82,green,credit card,Lincoln Square East,Glendale,Manhattan,Queens
2019-03-06 04:00:39,2019-03-06 04:16:53,5,0.18,4.5,0.52,0.01,13.57,green,credit card,Morningside Heights,Glendale,Manhattan,Queens
2019-03-06 21:59:46,2019-03-06 22:14:47,1,7.28,7.9,0.43,0.21,21.16,green,cash,Upper West Side South,Queensboro Hill,Manhattan,Queens
2019-03-05 02:34:59,2019-03-05 02:50:27,1,4.31,5.6,0.88,0.01,20.94,green,credit card,Clinton East,Stapleton,Manhattan,Staten Island
2019-03-31 11:25:08,2019-03-31 11:39:24,1,0.81,7.1,0.55,0.13,16.55,green,credit card,Morningside Heights,Jamaica,Manhattan,Queens
2019-03-09 13:52:16,2019-03-09 14:07:46,5,0.68,8.3,0.46,0.03,12.05,green,cash,Penn Station/Madison Sq West,Bronxdale,Manhattan,Bronx
2019-03-01 07:12:53,2019-03-01 07:27:41,1,2.05,32.23,8.13,1.61,58.6,green,cash,Jamaica,Boerum Hill,Queens,Brooklyn
2019-03-20 20:32:14,2019-03-20 20:45:23,0,0.01,3.2,1.68,0.02,14.34,green,cash,Lenox Hill West,Manhattan Valley,Manhattan,Manhattan
2019-03-13 00:18:57,2019-03-13 00:33:34,1,10.26,6.9,6.42,0.07,18.67,green,credit card,Yorkville West,Forest Hills,Manhattan,Queens
2019-03-03 03:47:36,2019-03-03 04:02:20,1,5.23,16.52,0.03,0.19,17.4,green,cash,Little Italy/NoLiTa,North Corona,Manhattan,Queens
2019-03-14 15:18:23,2019-03-14 15:33:52,5,3.16,10.5,10.24,0.21,35.51,green,cash,Murray Hill,Maspeth,Manhattan,Queens
2019-03-22 01:06:46,2019-03-22 01:21:41,2,2.91,19.83,3.35,0.55,33.5,green,credit card,Downtown Brooklyn/MetroTech,Flatbush/Ditmas Park,Brooklyn,Brooklyn
2019-03-30 04:49:17,2019-03-30 04:59:53,1,0.21,4.52,3.56,0.13,7.0,green,credit card,East Chelsea,Midtown South,Manhattan,Manhattan
2019-03-02 17:49:15,2019-03-02 18:02:33,3,2.67,9.46,0.32,0.28,10.9,green,credit card,Midtown Center,West Brighton,Manhattan,Staten Island
2019-03-07 09:59:57,2019-03-07 10:15:09,5,2.78,8.2,3.32,0.0,11.04,green,cash,Times Sq/Theatre District,Baisley Park,Manhattan,Queens
2019-03-05 01:21:30,2019-03-05 01:35:12,1,0.02,6.31,3.5,0.16,24.75,green,cash,UN/Turtle Bay South,Two Bridges/Seward Park,Manhattan,Manhattan
2019-02-28 23:49:59,2019-03-01 00:05:08,1,1.72,9.8,2.37,0.37,25.63,green,credit card,Midtown South,Crotona Park East,Manhattan,Bronx
2019-03-01 01:29:33,2019-03-01 01:44:08,3,1.67,8.4,0.72,0.2,38.14,green,credit card,Central Park,Stuy Town/Peter Cooper Village,Manhattan,Manhattan
2019-03-23 01:29:01,2019-03-23 01:45:22,2,1.06,10.1,6.24,0.46,25.04,green,cash,Union Sq,Sunset Park West,Manhattan,Brooklyn
2019-03-19 19:37:26,2019-03-19 19:52:03,1,4.59,15.4,8.32,0.13,15.6,green,credit card,East Chelsea,Sunnyside,Manhattan,Queens
2019-03-04 00:24:24,2019-03-04 00:39:39,2,1.97,14.88,2.37,0.03,21.3,green,credit card,Lincoln Square East,Seaport,Manhattan,Manhattan
2019-03-07 01:26:41,2019-03-07 01:41:29,1,0.06,5.3,0.71,0.95,9.07,green,credit card,West Concourse,Brooklyn Heights,Bronx,Brooklyn
2019-03-08 09:39:40,2019-03-08 09:54:34,1,4.72,21.33,0.73,0.4,23.2,green,cash,Fort Greene,Brighton Beach,Brooklyn,Brooklyn
2019-03-05 09:41:20,2019-03-05 09:54:31,2,4.47,7.31,0.67,0.15,13.1,green,cash,East Chelsea,East Flushing,Manhattan,Queens
2019-03-16 03:36:09,2019-03-16 03:49:21,1,0.45,10.68,0.08,0.02,50.1,green,credit card,Upper East Side South,Briarwood/Jamaica Hills,Manhattan,Queens
2019-03-29 04:37:15,2019-03-29 04:51:20,1,1.15,14.65,3.61,0.1,18.0,green,cash,Union Sq,Claremont/Bathgate,Manhattan,Bronx
2019-03-26 04:03:06,2019-03-26 04:15:05,1,0.3,17.4,5.26,0.02,19.29,green,cash,Greenwich Village South,Queensbridge/Ravenswood,Manhattan,Queens
2019-03-28 21:03:02,2019-03-28 21:17:35,2,0.16,7.4,4.96,0.04,23.38,green,credit card,Yorkville East,Woodside,Manhattan,Queens
2019-03-15 22:24:55,2019-03-15 22:40:09,1,15.43,10.4,0.1,1.52,33.61,green,credit card,Claremont/Bathgate,Manhattan Valley,Bronx,Manhattan
2019-03-09 04:41:54,2019-03-09 04:54:26,1,10.31,13.0,2.06,0.66,29.99,green,cash,Sunnyside,Jamaica Estates,Queens,Queens
2019-03-05 16:55:07,2019-03-05 17:10:34,1,0.23,7.1,0.07,0.19,14.54,green,cash,Financial District North,Two Bridges/Seward Park,Manhattan,Manhattan
2019-03-22 16:20:08,2019-03-22 16:32:49,1,1.66,19.3,0.31,0.21,95.11,green,cash,East Flatbush/Farragut,Sunnyside,Brooklyn,Queens
2019-03-21 02:28:59,2019-03-21 02:45:53,5,0.59,5.05,0.13,0.63,40.7,green,credit card,University Heights/Morris Heights,Cypress Hills,Bronx,Brooklyn
2019-03-23 15:31:32,2019-03-23 15:44:47,1,1.56,9.1,4.05,0.41,27.63,green,credit card,Flatiron,Sunset Park West,Manhattan,Brooklyn
2019-03-29 17:21:09,2019-03-29 17:36:02,6,13.57,26.01,0.12,0.63,28.4,green,cash,Rego Park,Bensonhurst West,Queens,Brooklyn
2019-03-07 11:49:08,2019-03-07 12:02:02,3,2.18,8.8,4.86,0.03,11.45,green,credit card,Chinatown,Howard Beach,Manhattan,Queens
2019-03-14 02:03:26,2019-03-14 02:16:46,2,23.13,7.28,0.99,7.13,16.9,green,credit card,Forest Hills,Central Harlem North,Queens,Manhattan
2019-03-29 15:35:56,2019-03-29 15:51:26,5,0.46,20.0,0.69,0.33,22.7,green,credit card,Lenox Hill East,Chinatown,Manhattan,Manhattan
2019-03-08 19:58:40,2019-03-08 20:14:02,1,3.47,16.6,6.32,0.03,29.06,green,cash,Union Sq,Spuyten Duyvil/Kingsbridge,Manhattan,Bronx
2019-03-08 07:07:44,2019-03-08 07:22:10,1,0.71,11.72,5.59,1.74,14.3,green,cash,Forest Hills,East Williamsburg,Queens,Brooklyn
2019-03-27 17:31:12,2019-03-27 17:45:54,3,1.2,8.7,0.17,0.1,9.97,green,credit card,Central Park,Midtown Center,Manhattan,Manhattan
2019-03-12 07:17:20,2019-03-12 07:30:22,5,2.25,7.46,3.52,0.01,10.9,green,cash,Central Harlem North,Bay Ridge,Manhattan,Brooklyn
2019-03-24 12:59:52,2019-03-24 13:11:57,1,0.65,5.76,5.2,0.2,14.71,green,cash,Battery Park City,Queensboro Hill,Manhattan,Queens
2019-03-11 08:12:19,2019-03-11 08:25:55,1,0.97,12.7,2.71,0.0,16.15,green,credit card,Lincoln Square West,Bedford Park,Manhattan,Bronx
2019-03-20 19:23:46,2019-03-20 19:39:21,1,2.81,14.24,6.16,1.55,23.8,green,credit card,Astoria,Hamilton Heights,Queens,Manhattan
2019-03-29 12:13:09,2019-03-29 12:26:33,2,11.22,7.91,0.2,0.31,14.8,green,credit card,Soundview/Bruckner,Murray Hill-Queens,Bronx,Queens
2019-03-03 21:33:44,2019-03-03 21:49:06,1,4.7,8.1,2.2,0.04,14.91,green,cash,East Chelsea,Midwood,Manhattan,Brooklyn
2019-03-13 07:08:29,2019-03-13 07:22:46,2,0.67,8.9,0.73,0.03,12.07,green,cash,Morningside Heights,West Concourse,Manhattan,Bronx
2019-03-03 03:25:55,2019-03-03 03:38:11,5,1.15,13.09,0.34,0.02,20.1,green,credit card,Central Harlem North,Gowanus,Manhattan,Brooklyn
2019-03-22 08:28:05,2019-03-22 08:42:52,1,2.6,15.8,1.74,0.07,20.24,green,credit card,Washington Heights South,East Flatbush/Remsen Village,Manhattan,Brooklyn
2019-03-24 02:05:12,2019-03-24 02:19:26,1,1.21,5.5,0.87,0.09,9.24,green,cash,Lincoln Square West,DUMBO/Vinegar Hill,Manhattan,Brooklyn
2019-03-04 01:44:24,2019-03-04 02:00:40,2,0.19,6.4,0.4,0.2,25.59,green,credit card,Lincoln Square East,Saint Albans,Manhattan,Queens
2019-03-24 01:05:06,2019-03-24 01:19:29,1,3.99,8.39,1.67,0.34,8.6,green,credit card,Murray Hill,Union Sq,Manhattan,Manhattan
2019-03-29 19:12:18,2019-03-29 19:26:34,1,13.81,12.28,4.3,2.26,42.03,green,credit card,Glendale,Williamsburg (North Side),Queens,Brooklyn
2019-03-29 03:49:35,2019-03-29 04:03:10,1,0.11,6.8,2.48,0.05,12.11,green,cash,Union Sq,Central Harlem,Manhattan,Manhattan
2019-03-02 10:12:55,2019-03-02 10:27:19,1,3.97,7.1,0.46,0.01,32.57,green,cash,TriBeCa/Civic Center,Old Astoria,Manhattan,Queens
2019-02-28 17:42:31,2019-02-28 17:55:50,6,0.8,6.8,0.24,0.12,13.42,green,credit card,Midtown East,JFK Airport,Manhattan,Queens
2019-02-28 14:50:42,2019-02-28 15:02:58,2,5.32,5.0,4.13,0.05,18.1,green,cash,Lenox Hill West,Corona,Manhattan,Queens
2019-03-17 22:55:56,2019-03-17 23:11:44,1,0.42,7.0,3.96,0.23,13.42,green,cash,Murray Hill,Greenwich Village South,Manhattan,Manhattan
2019-02-28 20:36:49,2019-02-28 20:51:37,1,1.21,13.2,0.64,0.3,28.2,green,credit card,East Chelsea,Bedford,Manhattan,Brooklyn
2019-03-18 03:56:59,2019-03-18 04:13:23,1,13.58,10.17,1.2,0.07,12.3,green,credit card,Williamsburg (South Side),Homecrest,Brooklyn,Brooklyn
2019-03-26 04:51:21,2019-03-26 05:05:39,1,3.39,10.95,4.99,0.47,67.5,green,cash,South Jamaica,Flushing Meadows-Corona Park,Queens,Queens
2019-02-28 05:55:19,2019-02-28 06:10:12,1,0.93,4.3,0.56,0.07,7.1,green,cash,Central Park,West Concourse,Manhattan,Bronx
2019-03-14 01:33:05,2019-03-14 01:49:25,1,3.41,13.9,6.84,0.31,55.97,green,cash,Flushing,West Brighton,Queens,Staten Island
2019-03-30 05:36:41,2019-03-30 05:48:55,1,6.12,10.33,3.87,0.05,11.2,green,credit card,Upper West Side South,Co-Op City,Manhattan,Bronx
2019-03-31 16:12:07,2019-03-31 16:27:07,1,2.79,4.9,1.54,0.07,21.59,green,credit card,Battery Park City,Starrett City,Manhattan,Brooklyn
2019-03-13 19:01:58,2019-03-13 19:15:48,1,0.77,9.8,5.44,0.09,16.6,green,cash,Midtown North,Jamaica Estates,Manhattan,Queens
2019-03-04 03:18:31,2019-03-04 03:33:41,1,1.72,6.2,0.46,0.02,22.64,green,credit card,Midtown South,Queensboro Hill,Manhattan,Queens
2019-03-30 14:52:28,2019-03-30 15:06:41,1,6.87,10.68,1.85,0.11,14.6,green,credit card,Times Sq/Theatre District,Stuy Town/Peter Cooper Village,Manhattan,Manhattan
2019-03-06 21:12:34,2019-03-06 21:26:19,2,1.9,7.06,3.87,0.01,53.3,green,cash,Long Island City/Hunters Point,Jamaica Estates,Queens,Queens
2019-03-17 21:23:09,2019-03-17 21:37:34,1,12.13,16.6,0.27,0.11,66.23,green,cash,Forest Hills,Jackson Heights,Queens,Queens
2019-03-24 10:50:03,2019-03-24 11:05:28,1,2.17,27.07,0.26,0.06,42.9,green,cash,Clinton East,Clinton West,Manhattan,Manhattan
2019-03-27 04:14:32,2019-03-27 04:29:03,3,8.0,10.9,0.04,0.29,14.33,green,credit card,Garment District,Sheepshead Bay,Manhattan,Brooklyn
2019-03-16 23:34:37,2019-03-16 23:49:29,3,1.19,8.95,1.4,0.04,10.8,green,cash,Cobble Hill,Marble Hill,Brooklyn,Manhattan
2019-03-27 16:10:08,2019-03-27 16:25:28,2,0.88,4.9,1.31,0.01,20.51,green,cash,Penn Station/Madison Sq West,Meatpacking/West Village West,Manhattan,Manhattan
2019-03-24 04:44:41,2019-03-24 04:58:31,1,5.14,26.7,0.47,3.58,35.07,green,credit card,Woodside,Randalls Island,Queens,Manhattan
2019-03-29 20:37:39,2019-03-29 20:48:43,2,4.48,9.49,0.39,0.1,18.3,green,credit card,SoHo,Williamsbridge/Olinville,Manhattan,Bronx
2019-02-28 10:47:11,2019-02-28 11:05:04,1,0.43,8.2,2.09,0.05,11.03,green,credit card,Upper East Side North,Westchester Village/Unionport,Manhattan,Bronx
2019-03-06 14:36:57,2019-03-06 14:49:51,1,1.07,16.0,4.63,0.23,29.18,green,cash,Morningside Heights,Washington Heights South,Manhattan,Manhattan
2019-03-20 01:22:36,2019-03-20 01:37:02,1,2.97,9.07,1.79,0.02,25.3,green,cash,Kips Bay,Upper West Side South,Manhattan,Manhattan
2019-03-21 08:49:40,2019-03-21 09:06:31,0,0.52,10.0,0.47,0.26,38.36,green,credit card,Brooklyn Heights,Claremont/Bathgate,Brooklyn,Bronx
2019-03-05 04:31:49,2019-03-05 04:47:22,1,2.12,12.8,0.71,0.09,16.16,green,credit card,Clinton East,Hamilton Heights,Manhattan,Manhattan
2019-03-04 12:30:44,2019-03-04 12:46:25,5,1.84,10.6,2.02,0.23,14.03,green,cash,Midtown East,Whitestone,Manhattan,Queens
2019-03-15 03:15:31,2019-03-15 03:29:25,2,1.06,6.3,1.17,0.15,12.57,green,credit card,West Chelsea/Hudson Yards,Manhattanville,Manhattan,Manhattan
2019-03-23 17:51:07,2019-03-23 18:06:45,0,1.93,5.5,2.16,0.09,20.0,green,credit card,Union Sq,Midtown Center,Manhattan,Manhattan
2019-03-08 13:38:27,2019-03-08 13:51:23,1,2.82,23.87,4.81,0.23,36.5,green,cash,Garment District,Morrisania/Melrose,Manhattan,Bronx
2019-03-02 22:56:10,2019-03-02 23:09:22,1,1.14,7.38,0.79,0.37,15.2,green,cash,Greenwich Village North,Gramercy,Manhattan,Manhattan
2019-03-06 14:24:51,2019-03-06 14:39:57,4,5.94,7.2,0.17,0.03,18.95,green,cash,Sutton Place/Turtle Bay North,Lenox Hill West,Manhattan,Manhattan
2019-03-26 01:47:35,2019-03-26 01:59:54,5,1.32,12.78,4.82,0.11,39.7,green,credit card,JFK Airport,Steinway,Queens,Queens
2019-03-10 10:26:31,2019-03-10 10:41:00,1,24.92,8.8,0.47,0.0,25.46,green,cash,Boerum Hill,Bensonhurst West,Brooklyn,Brooklyn
2019-03-02 15:29:20,2019-03-02 15:44:48,2,3.05,17.0,0.34,0.15,31.14,green,cash,Upper West Side South,Midtown South,Manhattan,Manhattan
2019-02-28 21:08:50,2019-02-28 21:19:44,1,2.68,3.52,2.1,0.01,5.35,green,credit card,Yorkville West,Corona,Manhattan,Queens
2019-03-06 05:28:39,2019-03-06 05:41:52,2,1.0,11.0,0.86,0.04,18.75,green,credit card,Upper West Side South,Central Harlem,Manhattan,Manhattan
2019-03-31 08:51:56,2019-03-31 09:05:31,2,7.49,7.9,4.1,0.07,28.52,green,cash,Park Slope,Morrisania/Melrose,Brooklyn,Bronx
2019-03-06 15:07:20,2019-03-06 15:20:13,2,3.81,7.01,2.09,0.08,14.0,green,cash,East Chelsea,Fort Greene,Manhattan,Brooklyn
2019-03-23 13:35:40,2019-03-23 13:47:34,1,1.32,5.3,0.24,0.02,18.3,green,cash,Manhattanville,Jamaica,Manhattan,Queens
2019-03-23 00:02:25,2019-03-23 00:15:17,1,3.1,3.3,0.41,0.76,7.8,green,credit card,East Village,Parkchester,Manhattan,Bronx
2019-03-28 17:42:31,2019-03-28 17:58:06,1,6.94,4.2,3.47,0.15,17.23,green,credit card,Financial District South,Lenox Hill West,Manhattan,Manhattan
2019-03-17 12:34:52,2019-03-17 12:49:21,1,1.29,9.3,9.7,0.04,9.93,green,cash,Midtown Center,Upper East Side South,Manhattan,Manhattan
2019-03-26 22:13:10,2019-03-26 22:27:02,2,7.02,35.6,1.35,0.18,64.25,green,credit card,JFK Airport,Two Bridges/Seward Park,Queens,Manhattan
2019-03-22 16:11:13,2019-03-22 16:25:03,1,7.71,17.62,0.95,0.72,20.0,green,credit card,LaGuardia Airport,Stapleton,Queens,Staten Island
2019-03-14 03:26:05,2019-03-14 03:41:26,1,1.78,1.8,1.3,0.74,12.94,green,credit card,Hudson Sq,Spuyten Duyvil/Kingsbridge,Manhattan,Bronx
2019-02-28 22:03:26,2019-02-28 22:15:19,1,1.64,4.8,0.37,0.03,21.27,green,cash,Clinton East,Midtown South,Manhattan,Manhattan
2019-03-15 10:55:26,2019-03-15 11:09:18,2,0.74,10.5,0.37,0.04,15.08,green,cash,UN/Turtle Bay South,West Chelsea/Hudson Yards,Manhattan,Manhattan
2019-02-28 06:26:17,2019-02-28 06:40:15,1,1.0,7.0,0.9,0.02,12.94,green,credit card,Garment District,South Ozone Park,Manhattan,Queens
2019-03-30 09:53:48,2019-03-30 10:06:13,1,3.37,15.8,0.55,0.03,18.68,green,cash,Park Slope,Hillcrest/Pomonok,Brooklyn,Queens
2019-03-23 03:58:41,2019-03-23 04:11:56,1,4.17,7.62,2.29,0.18,9.0,green,cash,Stuyvesant Heights,Starrett City,Brooklyn,Brooklyn
2019-03-09 02:38:30,2019-03-09 02:52:47,1,0.27,8.26,11.23,0.18,19.1,green,credit card,Murray Hill,College Point,Manhattan,Queens
2019-03-09 22:46:15,2019-03-09 23:00:44,1,3.21,8.9,0.79,0.33,30.17,green,credit card,Union Sq,Downtown Brooklyn/MetroTech,Manhattan,Brooklyn
2019-03-30 01:17:53,2019-03-30 01:32:29,2,0.92,10.3,2.22,0.54,11.32,green,credit card,Bushwick South,Greenwich Village North,Brooklyn,Manhattan
2019-03-20 04:21:29,2019-03-20 04:36:16,1,7.48,20.5,0.11,1.76,43.35,green,cash,University Heights/Morris Heights,Yorkville West,Bronx,Manhattan
2019-03-25 15:28:14,2019-03-25 15:44:06,1,0.08,8.6,1.16,0.16,13.53,green,cash,Murray Hill,Kips Bay,Manhattan,Manhattan
2019-03-29 03:50:04,2019-03-29 04:06:40,2,2.74,12.45,1.0,0.49,28.5,green,credit card,Kips Bay,Ocean Hill,Manhattan,Brooklyn
2019-03-20 16:41:25,2019-03-20 16:52:42,1,0.7,14.5,0.42,0.29,26.5,green,credit card,Financial District South,Lincoln Square West,Manhattan,Manhattan
2019-03-11 17:29:17,2019-03-11 17:42:28,1,8.28,4.62,0.71,1.03,12.3,green,cash,Jamaica,Alphabet City,Queens,Manhattan
2019-03-02 11:58:32,2019-03-02 12:13:32,1,1.62,15.71,0.25,0.03,18.3,green,credit card,Little Italy/NoLiTa,Central Harlem North,Manhattan,Manhattan
2019-03-25 01:02:24,2019-03-25 01:16:56,4,1.0,8.18,0.05,1.38,14.0,green,credit card,East Williamsburg,Melrose South,Brooklyn,Bronx
2019-03-08 15:49:47,2019-03-08 16:03:13,1,1.19,5.1,0.12,0.04,32.48,green,cash,Midtown South,Lower East Side,Manhattan,Manhattan
2019-03-05 08:28:08,2019-03-05 08:41:47,2,1.64,5.0,0.74,0.05,19.8,green,cash,Meatpacking/West Village West,Saint Albans,Manhattan,Queens
2019-03-20 16:34:50,2019-03-20 16:50:13,4,1.78,15.9,0.13,0.02,21.42,green,cash,Murray Hill,Midwood,Manhattan,Brooklyn
2019-03-23 04:34:36,2019-03-23 04:48:10,1,4.64,6.7,2.83,0.14,20.92,green,credit card,Midtown North,Crown Heights South,Manhattan,Brooklyn
2019-03-28 21:00:59,2019-03-28 21:14:21,1,0.92,14.87,2.27,0.33,19.7,green,cash,Lincoln Square East,East Concourse/Concourse Village,Manhattan,Bronx
2019-03-10 06:20:25,2019-03-10 06:36:19,1,3.98,6.61,4.87,0.0,10.7,green,cash,Gramercy,Yorkville East,Manhattan,Manhattan
2019-03-03 03:04:12,2019-03-03 03:18:44,1,0.46,7.4,3.93,0.26,11.46,green,credit card,Lincoln Square East,Rego Park,Manhattan,Queens
2019-03-21 02:16:08,2019-03-21 02:30:20,1,2.35,5.2,0.63,0.01,38.07,green,credit card,Greenwich Village South,Washington Heights North,Manhattan,Manhattan
2019-03-09 18:48:00,2019-03-09 19:04:42,1,7.71,2.06,1.55,0.41,34.7,green,cash,JFK Airport,Inwood,Queens,Manhattan
2019-03-08 13:15:30,2019-03-08 13:27:41,1,0.14,13.04,1.0,0.05,14.9,green,cash,Chinatown,Whitestone,Manhattan,Queens
2019-03-14 18:43:21,2019-03-14 18:54:58,1,5.85,3.3,0.56,0.17,9.54,green,cash,Times Sq/Theatre District,Spuyten Duyvil/Kingsbridge,Manhattan,Bronx
2019-03-24 07:03:32,2019-03-24 07:17:46,1,5.31,4.32,0.18,1.16,33.9,green,credit card,Parkchester,Rego Park,Bronx,Queens
2019-03-23 05:46:40,2019-03-23 06:00:03,1,0.9,13.96,5.1,0.45,15.6,green,credit card,Penn Station/Madison Sq West,Manhattan Valley,Manhattan,Manhattan
2019-03-12 15:55:36,2019-03-12 16:11:47,1,4.88,12.5,4.06,0.18,13.26,green,cash,Central Park,Randalls Island,Manhattan,Manhattan
2019-03-05 00:08:08,2019-03-05 00:23:46,2,3.88,9.4,0.64,0.21,11.18,green,credit card,East Harlem South,Washington Heights North,Manhattan,Manhattan
2019-03-20 07:10:20,2019-03-20 07:21:36,1,7.04,8.53,0.2,0.04,14.8,green,credit card,Upper West Side North,West Village,Manhattan,Manhattan
2019-03-25 23:55:56,2019-03-26 00:10:54,1,0.57,8.28,0.02,0.0,20.7,green,cash,Gramercy,East Tremont,Manhattan,Bronx
2019-03-02 00:40:30,2019-03-02 00:54:54,1,5.74,5.32,5.8,0.01,6.05,green,cash,Murray Hill,Upper East Side South,Manhattan,Manhattan
2019-03-15 13:57:26,2019-03-15 14:13:36,0,10.37,10.4,3.08,0.16,34.01,green,cash,Meatpacking/West Village West,Prospect-Lefferts Gardens,Manhattan,Brooklyn
2019-03-03 18:22:48,2019-03-03 18:38:46,1,1.31,10.0,1.74,0.03,11.6,green,credit card,Midtown Center,Dyker Heights,Manhattan,Brooklyn
2019-03-21 20:53:01,2019-03-21 21:08:02,1,0.75,5.6,2.36,0.02,8.83,green,cash,Greenwich Village South,Manhattan Valley,Manhattan,Manhattan
2019-03-26 02:05:07,2019-03-26 02:20:07,1,0.14,12.8,0.49,0.03,26.02,green,cash,Brooklyn Heights,Central Park,Brooklyn,Manhattan
2019-03-14 02:11:59,2019-03-14 02:25:42,2,0.65,11.6,2.0,0.18,26.75,green,credit card,East Village,Old Astoria,Manhattan,Queens
2019-03-31 01:39:40,2019-03-31 01:53:37,1,0.44,9.2,2.59,0.05,11.22,green,credit card,Upper East Side South,Long Island City/Queens Plaza,Manhattan,Queens
2019-03-17 15:47:26,2019-03-17 16:00:52,2,0.33,9.98,0.77,0.06,11.9,green,credit card,Clinton East,Kingsbridge Heights,Manhattan,Bronx
2019-03-13 03:39:47,2019-03-13 03:55:26,1,2.54,9.1,0.66,0.22,17.07,green,cash,Murray Hill,East Tremont,Manhattan,Bronx
2019-03-27 12:32:16,2019-03-27 12:47:21,0,4.72,10.8,1.89,0.36,11.68,green,cash,East New York,Brooklyn Navy Yard,Brooklyn,Brooklyn
2019-03-24 17:07:16,2019-03-24 17:19:18,2,1.66,5.12,4.2,0.56,14.29,green,credit card,Upper East Side South,Flushing Meadows-Corona Park,Manhattan,Queens
2019-03-20 20:18:27,2019-03-20 20:33:05,1,5.07,7.4,3.4,0.56,12.7,green,credit card,Midtown Center,Penn Station/Madison Sq West,Manhattan,Manhattan
2019-03-31 05:25:09,2019-03-31 05:41:55,4,0.81,10.4,8.07,0.14,15.52,green,cash,Midtown North,Westchester Village/Unionport,Manhattan,Bronx
2019-03-22 14:44:31,2019-03-22 14:58:36,6,2.59,10.9,0.21,0.0,17.69,green,credit card,Clinton East,Bedford,Manhattan,Brooklyn
2019-03-06 14:03:25,2019-03-06 14:19:20,1,1.17,8.3,6.3,0.05,9.33,green,credit card,Upper East Side North,Soundview/Bruckner,Manhattan,Bronx
2019-03-12 10:23:50,2019-03-12 10:33:59,4,3.59,8.1,0.09,1.48,15.15,green,credit card,Norwood,Lower East Side,Bronx,Manhattan
2019-03-16 03:08:28,2019-03-16 03:22:32,6,3.46,3.9,2.8,0.06,9.79,green,cash,Upper East Side South,Sheepshead Bay,Manhattan,Brooklyn
2019-03-13 15:59:51,2019-03-13 16:14:22,1,3.4,6.91,0.94,0.07,19.5,green,cash,Upper East Side North,Boerum Hill,Manhattan,Brooklyn
2019-03-02 14:43:56,2019-03-02 14:57:26,1,0.38,5.5,0.18,0.26,23.93,green,credit card,TriBeCa/Civic Center,Flatlands,Manhattan,Brooklyn
2019-03-25 08:37:34,2019-03-25 08:52:50,1,4.75,12.47,1.89,0.02,19.6,green,cash,West Chelsea/Hudson Yards,Bushwick North,Manhattan,Brooklyn
2019-03-16 15:34:20,2019-03-16 15:47:26,1,5.26,4.8,0.82,0.56,7.77,green,cash,Bushwick South,Fresh Meadows,Brooklyn,Queens
2019-03-10 22:36:59,2019-03-10 22:51:11,1,1.87,10.0,1.91,0.15,19.19,green,credit card,Midtown East,North Corona,Manhattan,Queens
2019-03-27 12:13:45,2019-03-27 12:27:39,1,6.33,10.94,0.47,0.58,15.1,green,credit card,Lenox Hill East,University Heights/Morris Heights,Manhattan,Bronx
2019-03-02 14:57:22,2019-03-02 15:11:25,1,1.49,10.1,0.05,0.19,28.86,green,cash,Murray Hill,Briarwood/Jamaica Hills,Manhattan,Queens
2019-03-05 02:08:55,2019-03-05 02:22:32,1,1.43,6.8,0.61,0.08,18.38,green,cash,Greenwich Village North,Clinton West,Manhattan,Manhattan
2019-02-28 07:52:48,2019-02-28 08:10:50,1,2.52,26.06,3.66,0.16,34.6,green,cash,LaGuardia Airport,Queensbridge/Ravenswood,Queens,Queens
2019-03-11 10:03:54,2019-03-11 10:18:47,1,1.4,10.9,1.46,0.01,19.01,green,credit card,Upper East Side South,Rego Park,Manhattan,Queens
2019-03-17 08:22:07,2019-03-17 08:36:59,1,0.37,14.0,1.67,0.3,23.35,green,credit card,Times Sq/Theatre District,Brooklyn Heights,Manhattan,Brooklyn
2019-03-08 09:04:59,2019-03-08 09:20:45,1,3.71,5.6,0.3,0.01,20.11,green,cash,Greenwich Village North,World Trade Center,Manhattan,Manhattan
2019-03-27 22:28:19,2019-03-27 22:41:08,1,0.41,7.5,0.06,0.32,30.17,green,credit card,Central Harlem,Rosedale,Manhattan,Queens
2019-03-22 14:48:44,2019-03-22 15:04:24,2,0.04,11.6,0.24,0.04,20.78,green,credit card,Lenox Hill West,Greenwich Village South,Manhattan,Manhattan
2019-03-12 07:51:05,2019-03-12 08:05:46,1,1.04,7.94,0.59,0.15,15.3,green,credit card,Clinton East,Central Harlem,Manhattan,Manhattan
2019-03-30 15:42:15,2019-03-30 15:58:29,2,8.31,9.9,1.62,0.0,14.51,green,cash,Yorkville West,Whitestone,Manhattan,Queens
2019-03-02 15:53:21,2019-03-02 16:08:34,2,0.56,15.1,0.51,0.13,35.28,green,cash,Union Sq,Madison,Manhattan,Brooklyn
2019-03-30 07:11:50,2019-03-30 07:23:51,1,7.97,6.4,0.21,0.03,12.34,green,credit card,Hudson Sq,Kips Bay,Manhattan,Manhattan
2019-03-14 11:06:17,2019-03-14 11:20:52,1,29.05,15.5,1.43,1.03,123.68,green,cash,Steinway,West Chelsea/Hudson Yards,Queens,Manhattan
2019-03-20 14:51:02,2019-03-20 15:03:46,1,1.2,11.9,0.23,0.0,13.23,green,cash,Garment District,Stapleton,Manhattan,Staten Island
2019-03-28 06:57:22,2019-03-28 07:10:03,1,5.01,11.77,2.33,0.04,22.6,green,credit card,Lenox Hill West,Corona,Manhattan,Queens
2019-03-17 15:52:14,2019-03-17 16:07:24,1,1.33,7.0,1.26,0.26,11.58,green,credit card,Central Harlem,Washington Heights South,Manhattan,Manhattan
2019-02-28 07:55:13,2019-02-28 08:11:11,2,5.51,6.86,3.9,0.03,8.5,green,credit card,Financial District North,Williamsbridge/Olinville,Manhattan,Bronx
2019-03-31 18:06:16,2019-03-31 18:20:38,5,3.39,10.0,3.84,0.08,12.3,green,cash,Lincoln Square East,Richmond Hill,Manhattan,Queens
2019-03-03 14:30:25,2019-03-03 14:42:38,2,1.4,9.0,1.58,0.11,30.03,green,cash,Upper East Side South,Flushing,Manhattan,Queens
2019-03-23 14:34:04,2019-03-23 14:48:23,1,1.37,5.3,1.88,0.14,13.98,green,credit card,Little Italy/NoLiTa,Eastchester,Manhattan,Bronx
2019-03-06 00:12:58,2019-03-06 00:28:05,1,0.57,17.9,0.93,0.28,29.55,green,credit card,Clinton East,Brooklyn Navy Yard,Manhattan,Brooklyn
2019-03-21 13:32:35,2019-03-21 13:43:57,6,4.55,12.8,0.61,0.13,13.0,green,cash,Upper East Side South,Maspeth,Manhattan,Queens
2019-03-25 15:35:06,2019-03-25 15:47:52,1,0.1,6.6,5.72,0.23,31.43,green,credit card,Gramercy,LaGuardia Airport,Manhattan,Queens
2019-03-11 11:24:51,2019-03-11 11:40:44,1,1.5,8.5,0.49,0.01,18.46,green,credit card,East Village,Flatiron,Manhattan,Manhattan
2019-03-05 22:27:32,2019-03-05 22:44:16,1,0.51,10.7,0.66,0.43,12.84,green,cash,Penn Station/Madison Sq West,Garment District,Manhattan,Manhattan
2019-03-13 14:25:27,2019-03-13 14:39:27,1,0.53,38.2,0.34,1.65,59.15,green,cash,JFK Airport,Union Sq,Queens,Manhattan
2019-03-29 15:59:55,2019-03-29 16:13:56,1,1.23,13.6,0.86,0.04,15.5,green,cash,Central Harlem,Lenox Hill West,Manhattan,Manhattan
2019-03-20 21:59:24,2019-03-20 22:13:27,1,1.83,9.22,5.63,0.21,11.9,green,credit card,Upper East Side North,Brooklyn Heights,Manhattan,Brooklyn
2019-03-15 07:10:35,2019-03-15 07:25:16,0,5.73,23.74,2.78,1.27,27.1,green,cash,LaGuardia Airport,Old Astoria,Queens,Queens
2019-03-27 18:47:58,2019-03-27 19:02:39,1,0.9,9.4,5.33,0.13,19.05,green,cash,East Village,Steinway,Manhattan,Queens
2019-03-14 11:31:41,2019-03-14 11:46:49,5,4.43,9.7,1.01,0.46,24.0,green,credit card,Lincoln Square East,Flushing Meadows-Corona Park,Manhattan,Queens
2019-03-28 19:39:36,2019-03-28 19:55:19,1,2.38,8.6,0.27,0.15,20.03,green,credit card,Stuy Town/Peter Cooper Village,Upper West Side South,Manhattan,Manhattan
2019-03-30 02:48:40,2019-03-30 03:02:43,1,4.5,3.6,0.03,0.32,21.49,green,cash,Mount Hope,Old Astoria,Bronx,Queens
2019-03-01 08:52:47,2019-03-01 09:05:21,1,0.24,5.1,4.5,0.33,13.06,green,cash,Central Harlem,Williamsburg (North Side),Manhattan,Brooklyn
2019-03-05 12:25:37,2019-03-05 12:39:06,2,4.49,17.07,0.31,0.03,37.0,green,cash,West Chelsea/Hudson Yards,Queensbridge/Ravenswood,Manhattan,Queens
2019-03-09 18:56:27,2019-03-09 19:13:58,1,2.24,25.1,0.62,0.77,32.25,green,credit card,Boerum Hill,Crown Heights North,Brooklyn,Brooklyn
2019-03-27 06:12:48,2019-03-27 06:27:47,1,1.73,4.89,1.55,0.26,27.5,green,credit card,Rego Park,Union Sq,Queens,Manhattan
2019-02-28 05:52:35,2019-02-28 06:07:20,1,0.87,5.3,0.93,0.0,16.87,green,cash,Midtown South,East Williamsburg,Manhattan,Brooklyn
2019-03-04 15:20:19,2019-03-04 15:34:21,2,8.14,6.1,0.13,0.0,8.69,green,credit card,Union Sq,Parkchester,Manhattan,Bronx
2019-03-08 17:07:33,2019-03-08 17:21:31,3,0.04,12.4,1.59,0.11,19.92,green,credit card,West Village,Flatiron,Manhattan,Manhattan
2019-03-13 19:19:55,2019-03-13 19:30:40,1,7.81,4.1,0.41,0.04,16.94,green,cash,Times Sq/Theatre District,Allerton/Pelham Gardens,Manhattan,Bronx
2019-03-02 01:05:26,2019-03-02 01:18:24,1,1.25,6.4,3.89,0.03,18.1,green,cash,Lower East Side,University Heights/Morris Heights,Manhattan,Bronx
2019-03-28 22:15:03,2019-03-28 22:28:05,2,1.65,5.9,1.21,0.43,12.69,green,cash,Manhattan Valley,Middle Village,Manhattan,Queens
2019-03-30 23:07:12,2019-03-30 23:20:51,1,1.03,4.5,2.45,0.25,9.43,green,credit card,Central Harlem,Clinton East,Manhattan,Manhattan
2019-03-04 06:05:43,2019-03-04 06:21:21,1,1.04,6.1,1.8,0.02,11.02,green,cash,Upper East Side South,Brighton Beach,Manhattan,Brooklyn
2019-03-28 18:19:07,2019-03-28 18:34:24,1,1.76,13.9,2.32,0.39,16.13,green,cash,Sutton Place/Turtle Bay North,Williamsburg (South Side),Manhattan,Brooklyn
2019-03-19 15:36:50,2019-03-19 15:53:38,5,2.21,7.6,5.1,0.14,14.67,green,credit card,Sutton Place/Turtle Bay North,UN/Turtle Bay South,Manhattan,Manhattan
2019-03-11 09:06:26,2019-03-11 09:21:53,2,9.76,21.4,5.53,0.52,71.19,green,credit card,Steinway,Sunnyside,Queens,Queens
2019-03-06 00:53:13,2019-03-06 01:08:56,1,1.69,10.6,4.94,0.07,20.96,green,credit card,Central Harlem,Washington Heights South,Manhattan,Manhattan
2019-03-17 18:04:46,2019-03-17 18:18:36,2,0.56,15.8,7.15,0.18,17.95,green,cash,Penn Station/Madison Sq West,Park Slope,Manhattan,Brooklyn
2019-03-27 23:12:53,2019-03-27 23:25:21,1,1.02,11.1,1.96,0.35,14.6,green,cash,TriBeCa/Civic Center,Madison,Manhattan,Brooklyn
2019-03-05 14:01:01,2019-03-05 14:16:14,1,5.45,2.9,0.63,0.04,14.97,green,credit card,Central Park,Stuy Town/Peter Cooper Village,Manhattan,Manhattan
2019-03-19 18:54:01,2019-03-19 19:08:20,3,1.31,20.68,1.87,0.66,21.8,green,credit card,Lincoln Square East,Bushwick South,Manhattan,Brooklyn
2019-03-16 03:37:50,2019-03-16 03:50:51,1,1.86,7.1,0.88,0.06,12.13,green,cash,Penn Station/Madison Sq West,Mount Hope,Manhattan,Bronx
2019-03-13 13:10:50,2019-03-13 13:25:13,1,0.22,9.27,0.24,0.01,17.1,green,credit card,Lenox Hill East,Jamaica,Manhattan,Queens
2019-03-29 01:47:22,2019-03-29 02:00:37,2,5.13,11.51,0.14,0.08,13.1,green,credit card,Midtown Center,Manhattan Valley,Manhattan,Manhattan
2019-02-28 05:07:40,2019-02-28 05:20:41,1,2.72,8.8,0.81,0.15,9.76,green,cash,Times Sq/Theatre District,Van Cortlandt Village,Manhattan,Bronx
2019-02-28 00:06:22,2019-02-28 00:19:56,1,7.68,30.29,1.78,0.65,55.6,green,cash,Saint Albans,Washington Heights North,Queens,Manhattan
2019-03-10 12:49:40,2019-03-10 13:02:55,1,16.44,9.36,0.02,0.13,12.4,green,cash,DUMBO/Vinegar Hill,Ridgewood,Brooklyn,Queens
2019-03-22 16:45:25,2019-03-22 17:01:33,1,2.3,23.5,0.56,0.37,31.17,green,credit card,Steinway,LaGuardia Airport,Queens,Queens
2019-03-20 06:10:27,2019-03-20 06:23:40,1,0.14,6.23,1.34,0.19,8.8,green,cash,Sutton Place/Turtle Bay North,Jamaica,Manhattan,Queens
2019-03-11 13:53:41,2019-03-11 14:08:28,1,5.11,8.5,0.5,0.03,12.75,green,cash,Greenwich Village North,Flushing,Manhattan,Queens
2019-03-03 02:42:38,2019-03-03 02:55:19,1,1.38,7.25,2.04,0.13,14.2,green,credit card,Murray Hill,Belmont,Manhattan,Bronx
2019-03-16 15:59:19,2019-03-16 16:15:11,1,0.91,9.1,0.54,0.31,9.84,green,credit card,East Village,Brooklyn Navy Yard,Manhattan,Brooklyn
2019-03-05 11:28:20,2019-03-05 11:42:27,1,0.59,3.8,1.58,0.25,11.11,green,cash,Lenox Hill West,West Concourse,Manhattan,Bronx
2019-03-23 13:34:21,2019-03-23 13:48:12,1,2.11,11.2,2.17,0.27,18.87,green,cash,Greenwich Village North,Mount Hope,Manhattan,Bronx
2019-03-27 06:14:45,2019-03-27 06:29:58,1,2.71,7.2,0.02,0.22,20.43,green,cash,Central Park,Baisley Park,Manhattan,Queens
2019-03-27 20:02:32,2019-03-27 20:17:04,1,4.47,10.83,4.44,6.15,22.5,green,credit card,LaGuardia Airport,Cypress Hills,Queens,Brooklyn
2019-03-22 06:25:05,2019-03-22 06:38:59,1,3.5,42.3,5.48,3.59,64.3,green,credit card,LaGuardia Airport,East New York,Queens,Brooklyn
2019-03-12 09:37:06,2019-03-12 09:53:21,1,4.15,10.4,7.39,0.09,12.92,green,cash,TriBeCa/Civic Center,Murray Hill-Queens,Manhattan,Queens
2019-03-31 17:22:10,2019-03-31 17:34:50,1,1.89,6.71,0.12,0.07,17.4,green,credit card,Alphabet City,Manhattan Valley,Manhattan,Manhattan
2019-03-04 13:00:38,2019-03-04 13:14:34,2,0.94,7.4,0.07,0.01,11.78,green,credit card,East Village,Midtown South,Manhattan,Manhattan
2019-03-10 10:01:04,2019-03-10 10:13:52,1,3.38,3.6,2.6,0.16,20.81,green,credit card,Morningside Heights,Penn Station/Madison Sq West,Manhattan,Manhattan
2019-03-29 23:14:48,2019-03-29 23:27:41,1,0.74,7.5,1.61,0.23,14.69,green,cash,Flatbush/Ditmas Park,Canarsie,Brooklyn,Brooklyn
2019-03-24 02:29:46,2019-03-24 02:42:50,1,0.12,13.7,0.86,0.25,19.53,green,cash,Midtown Center,Prospect-Lefferts Gardens,Manhattan,Brooklyn
2019-03-13 15:59:57,2019-03-13 16:14:44,1,0.32,6.4,2.56,0.18,12.96,green,credit card,West Chelsea/Hudson Yards,Madison,Manhattan,Brooklyn
2019-03-03 17:40:07,2019-03-03 17:54:29,1,2.37,11.64,5.36,0.3,49.2,green,cash,Manhattan Valley,Red Hook,Manhattan,Brooklyn
2019-03-28 23:47:31,2019-03-29 00:02:17,1,1.55,5.8,3.77,0.06,19.49,green,cash,Greenwich Village South,Bronxdale,Manhattan,Bronx
2019-03-14 08:23:13,2019-03-14 08:37:21,1,5.97,9.2,1.32,0.02,10.18,green,credit card,Upper East Side North,Sunnyside,Manhattan,Queens
2019-03-22 11:56:53,2019-03-22 12:09:25,3,1.02,3.3,0.19,0.12,11.76,green,credit card,Morningside Heights,Windsor Terrace,Manhattan,Brooklyn
2019-03-06 14:41:54,2019-03-06 14:58:15,4,1.78,6.4,0.15,0.08,22.79,green,credit card,Lower East Side,Riverdale/North Riverdale/Fieldston,Manhattan,Bronx
2019-03-02 21:23:27,2019-03-02 21:38:26,1,0.13,7.4,2.76,0.16,34.47,green,cash,Morningside Heights,Upper West Side South,Manhattan,Manhattan
2019-03-08 12:59:44,2019-03-08 13:12:32,1,0.76,16.29,0.6,1.65,29.1,green,cash,Jackson Heights,Co-Op City,Queens,Bronx
2019-03-07 23:09:47,2019-03-07 23:22:01,5,4.35,10.41,2.31,0.08,12.9,green,credit card,Bushwick South,Fort Greene,Brooklyn,Brooklyn
2019-03-18 21:08:29,2019-03-18 21:22:54,1,4.48,3.56,0.04,1.5,18.7,green,credit card,Soundview/Bruckner,Prospect Heights,Bronx,Brooklyn
2019-03-13 23:08:15,2019-03-13 23:21:22,1,4.11,11.1,0.44,0.22,13.79,green,cash,World Trade Center,Steinway,Manhattan,Queens
2019-03-01 13:59:21,2019-03-01 14:14:29,1,0.37,4.9,2.47,0.09,11.82,green,credit card,Lower East Side,Greenpoint,Manhattan,Brooklyn
2019-03-05 19:08:22,2019-03-05 19:23:06,1,1.71,7.6,1.24,0.16,10.76,green,credit card,East Village,Jamaica,Manhattan,Queens
2019-03-18 14:42:54,2019-03-18 14:55:57,1,4.03,8.6,0.33,0.23,11.4,green,credit card,Midtown Center,Union Sq,Manhattan,Manhattan
2019-03-23 21:49:14,2019-03-23 22:02:13,5,0.99,23.1,2.23,2.74,52.9,green,cash,Astoria,Sutton Place/Turtle Bay North,Queens,Manhattan
2019-03-26 22:01:53,2019-03-26 22:17:08,1,0.79,17.35,0.52,0.06,19.8,green,cash,Crown Heights South,Upper West Side South,Brooklyn,Manhattan
2019-03-30 07:47:34,2019-03-30 08:02:04,1,3.07,7.32,6.81,1.76,40.7,green,credit card,Queensbridge/Ravenswood,Central Park,Queens,Manhattan
2019-03-19 12:15:01,2019-03-19 12:28:42,1,3.13,7.9,4.81,0.07,9.79,green,cash,Washington Heights South,DUMBO/Vinegar Hill,Manhattan,Brooklyn
2019-03-18 23:24:50,2019-03-18 23:38:32,1,0.05,4.8,2.29,0.64,10.3,green,cash,Upper East Side South,Cambria Heights,Manhattan,Queens
2019-03-30 06:43:28,2019-03-30 06:54:46,2,30.6,37.2,2.48,0.61,54.27,green,credit card,Astoria,Alphabet City,Queens,Manhattan
2019-03-12 13:28:42,2019-03-12 13:41:35,2,0.08,11.59,0.45,0.15,14.0,green,credit card,Murray Hill,Belmont,Manhattan,Bronx
2019-03-28 07:07:33,2019-03-28 07:23:48,1,4.2,15.28,0.27,0.49,18.3,green,cash,West Village,Penn Station/Madison Sq West,Manhattan,Manhattan
2019-03-26 00:05:12,2019-03-26 00:19:04,1,2.37,15.16,1.09,0.32,17.1,green,cash,Flatiron,Douglaston,Manhattan,Queens
2019-03-21 04:10:07,2019-03-21 04:24:27,1,2.1,10.7,0.81,0.3,21.21,green,cash,Lincoln Square West,Gravesend,Manhattan,Brooklyn
2019-03-19 07:12:39,2019-03-19 07:28:14,0,0.35,17.72,0.19,0.27,18.8,green,credit card,Greenwich Village North,Madison,Manhattan,Brooklyn
2019-03-30 05:23:07,2019-03-30 05:39:42,2,0.54,23.6,3.35,0.1,29.81,green,credit card,Clinton East,Fresh Meadows,Manhattan,Queens
2019-03-01 02:21:59,2019-03-01 02:36:55,2,0.31,2.65,1.74,0.27,33.3,green,cash,Jackson Heights,Spuyten Duyvil/Kingsbridge,Queens,Bronx
2019-03-16 05:56:55,2019-03-16 06:12:53,1,6.25,12.3,2.8,0.12,12.3,green,credit card,Lenox Hill East,Claremont/Bathgate,Manhattan,Bronx
2019-03-14 14:27:04,2019-03-14 14:40:01,1,0.18,7.24,0.95,0.1,8.1,green,credit card,Lower East Side,Parkchester,Manhattan,Bronx
2019-03-08 08:24:12,2019-03-08 08:36:26,1,2.37,6.68,6.0,0.12,12.79,green,cash,Penn Station/Madison Sq West,Inwood,Manhattan,Manhattan
2019-03-02 00:25:27,2019-03-02 00:40:26,0,0.65,5.5,1.45,0.11,40.21,green,cash,Times Sq/Theatre District,Spuyten Duyvil/Kingsbridge,Manhattan,Bronx
2019-03-01 08:08:06,2019-03-01 08:23:52,5,0.78,5.2,3.48,0.04,17.1,green,cash,Lenox Hill West,Downtown Brooklyn/MetroTech,Manhattan,Brooklyn
2019-03-14 09:13:23,2019-03-14 09:28:25,5,8.37,39.84,1.98,1.51,48.1,green,credit card,LaGuardia Airport,SoHo,Queens,Manhattan
2019-03-07 09:29:00,2019-03-07 09:46:26,0,1.52,10.0,1.03,0.59,26.5,green,cash,Garment District,Mott Haven/Port Morris,Manhattan,Bronx
2019-03-12 22:12:36,2019-03-12 22:25:35,4,0.97,18.82,2.27,0.22,20.8,green,cash,Upper West Side North,University Heights/Morris Heights,Manhattan,Bronx
2019-03-08 05:09:49,2019-03-08 05:24:49,1,2.51,15.85,0.75,0.18,24.5,green,credit card,Hudson Sq,Lenox Hill East,Manhattan,Manhattan
2019-03-30 22:55:25,2019-03-30 23:10:49,1,9.93,7.23,1.17,0.34,19.5,green,credit card,Yorkville West,Central Harlem,Manhattan,Manhattan
2019-03-26 17:00:54,2019-03-26 17:15:09,1,1.83,7.22,3.39,0.08,8.7,green,credit card,Central Park,East Flatbush/Farragut,Manhattan,Brooklyn
2019-03-23 04:05:58,2019-03-23 04:16:31,1,2.06,11.8,0.26,0.08,13.64,green,cash,Murray Hill,Kingsbridge Heights,Manhattan,Bronx
2019-03-19 02:39:09,2019-03-19 02:52:47,2,7.97,8.5,0.51,1.94,43.71,green,cash,Woodside,Ridgewood,Queens,Queens
2019-03-02 15:51:19,2019-03-02 16:07:51,1,0.66,26.67,2.35,0.04,28.0,green,credit card,Penn Station/Madison Sq West,Penn Station/Madison Sq West,Manhattan,Manhattan
2019-03-20 10:36:51,2019-03-20 10:51:33,1,13.62,3.45,0.45,1.49,14.8,green,credit card,Sunnyside,Claremont/Bathgate,Queens,Bronx
2019-03-04 00:39:07,2019-03-04 00:53:49,1,0.3,11.6,3.54,0.44,23.59,green,cash,Central Park,Starrett City,Manhattan,Brooklyn
2019-03-27 02:54:31,2019-03-27 03:11:34,1,1.03,10.5,0.23,0.11,16.87,green,credit card,Clinton East,Brighton Beach,Manhattan,Brooklyn
2019-03-07 16:04:42,2019-03-07 16:18:53,1,3.59,9.0,0.94,0.13,10.26,green,credit card,East Chelsea,Midtown South,Manhattan,Manhattan
2019-03-31 11:06:06,2019-03-31 11:21:37,3,0.22,5.6,0.9,0.34,14.92,green,credit card,East Village,East Elmhurst,Manhattan,Queens
2019-03-14 08:25:48,2019-03-14 08:40:55,1,3.66,5.5,3.07,0.07,19.36,green,cash,Lincoln Square West,Long Island City/Queens Plaza,Manhattan,Queens
2019-03-08 03:49:29,2019-03-08 04:06:18,1,2.44,11.9,0.07,0.11,25.67,green,cash,Clinton East,Fresh Meadows,Manhattan,Queens
2019-03-18 05:25:21,2019-03-18 05:38:56,1,0.53,8.86,1.14,0.08,12.8,green,credit card,Central Park,Riverdale/North Riverdale/Fieldston,Manhattan,Bronx
2019-03-20 04:29:47,2019-03-20 04:42:28,1,3.08,8.93,0.59,0.12,15.4,green,cash,Clinton Hill,South Ozone Park,Brooklyn,Queens
2019-03-22 11:10:18,2019-03-22 11:24:51,1,4.06,9.85,2.07,0.16,18.9,green,cash,Canarsie,Williamsburg (South Side),Brooklyn,Brooklyn
2019-03-29 22:08:23,2019-03-29 22:21:40,1,2.52,7.5,1.26,0.25,11.86,green,credit card,Battery Park City,Bayside,Manhattan,Queens
2019-03-19 09:29:28,2019-03-19 09:41:36,1,1.8,6.74,0.43,0.08,21.3,green,credit card,Upper West Side North,East New York,Manhattan,Brooklyn
2019-03-20 07:41:21,2019-03-20 07:56:54,1,3.47,8.8,4.61,0.08,11.24,green,cash,Bloomingdale,Williamsburg (North Side),Manhattan,Brooklyn
2019-03-01 05:23:17,2019-03-01 05:35:20,6,3.64,12.6,11.0,0.15,18.84,green,cash,East Chelsea,East Elmhurst,Manhattan,Queens
2019-03-29 21:12:02,2019-03-29 21:26:38,1,7.24,31.1,0.61,0.36,97.97,green,cash,South Jamaica,Greenwich Village South,Queens,Manhattan
2019-03-20 20:45:46,2019-03-20 21:01:31,1,1.14,7.99,0.71,0.0,8.8,green,credit card,East Village,Melrose South,Manhattan,Bronx
2019-03-07 22:01:45,2019-03-07 22:14:34,1,1.28,22.3,2.95,0.41,31.23,green,credit card,Garment District,Cambria Heights,Manhattan,Queens
2019-03-24 04:32:07,2019-03-24 04:47:09,3,9.0,1.58,2.36,0.95,15.0,green,cash,JFK Airport,Riverdale/North Riverdale/Fieldston,Queens,Bronx
2019-03-21 03:32:20,2019-03-21 03:45:45,1,0.26,11.1,0.77,0.05,16.36,green,credit card,Lower East Side,Union Sq,Manhattan,Manhattan
2019-03-01 21:30:24,2019-03-01 21:42:19,1,2.23,6.0,1.46,0.1,24.68,green,credit card,East Village,Fresh Meadows,Manhattan,Queens
2019-03-09 07:23:19,2019-03-09 07:36:29,1,0.51,38.8,6.52,5.37,56.92,green,credit card,LaGuardia Airport,Woodlawn/Wakefield,Queens,Bronx
2019-03-17 08:19:03,2019-03-17 08:31:51,5,0.75,4.4,0.33,0.0,28.37,green,cash,Little Italy/NoLiTa,Prospect-Lefferts Gardens,Manhattan,Brooklyn
2019-03-25 07:25:33,2019-03-25 07:37:17,2,0.82,15.7,0.96,0.01,18.03,green,cash,Union Sq,Van Nest/Morris Park,Manhattan,Bronx
2019-03-17 02:49:44,2019-03-17 03:06:02,1,0.22,8.8,0.1,0.06,26.83,green,credit card,Gramercy,Prospect Park,Manhattan,Brooklyn
2019-03-16 16:50:29,2019-03-16 17:05:59,1,0.1,9.6,0.63,0.15,11.7,green,cash,Lenox Hill West,Upper West Side South,Manhattan,Manhattan
2019-03-25 13:55:52,2019-03-25 14:10:00,1,11.2,4.5,4.45,0.52,8.5,green,cash,Astoria,Lower East Side,Queens,Manhattan
2019-03-17 11:32:09,2019-03-17 11:46:38,1,1.25,8.77,0.78,0.06,10.8,green,credit card,Flatiron,Park Slope,Manhattan,Brooklyn
2019-03-26 08:53:58,2019-03-26 09:03:43,1,0.29,8.0,1.13,0.27,18.99,green,credit card,Coney Island,Midwood,Brooklyn,Brooklyn
2019-03-08 09:24:49,2019-03-08 09:39:29,1,4.1,7.0,0.1,0.05,7.77,green,credit card,Park Slope,Borough Park,Brooklyn,Brooklyn
2019-03-14 00:25:29,2019-03-14 00:40:02,2,0.03,12.62,6.45,0.09,12.7,green,cash,Union Sq,Homecrest,Manhattan,Brooklyn
2019-03-03 15:23:07,2019-03-03 15:37:32,1,5.28,15.77,1.84,0.03,22.3,green,cash,Penn Station/Madison Sq West,Stuyvesant Heights,Manhattan,Brooklyn
2019-03-13 07:08:55,2019-03-13 07:23:27,1,0.36,8.9,4.84,0.36,14.16,green,credit card,Lincoln Square East,Stapleton,Manhattan,Staten Island
2019-03-10 21:36:05,2019-03-10 21:50:43,1,7.63,14.06,2.29,0.68,19.9,green,credit card,Elmhurst,Bath Beach,Queens,Brooklyn
2019-03-08 02:15:51,2019-03-08 02:30:28,1,4.02,2.7,1.47,0.36,12.13,green,cash,Midtown South,Downtown Brooklyn/MetroTech,Manhattan,Brooklyn
2019-03-10 23:53:17,2019-03-11 00:08:16,1,4.67,8.1,6.44,0.11,10.38,green,credit card,East Harlem South,Flatbush/Ditmas Park,Manhattan,Brooklyn
2019-03-07 12:59:27,2019-03-07 13:13:21,5,9.39,10.2,3.54,1.56,33.17,green,credit card,JFK Airport,East Elmhurst,Queens,Queens
2019-03-01 15:49:34,2019-03-01 16:03:23,1,6.98,13.66,2.89,0.97,35.8,green,credit card,LaGuardia Airport,World Trade Center,Queens,Manhattan
2019-03-07 03:50:46,2019-03-07 04:04:22,1,8.63,4.39,0.25,0.13,16.5,green,cash,Fort Greene,Times Sq/Theatre District,Brooklyn,Manhattan
2019-03-02 10:47:34,2019-03-02 11:03:00,3,6.5,5.5,0.26,0.79,14.54,green,cash,Bushwick South,Rosedale,Brooklyn,Queens
2019-03-04 20:39:04,2019-03-04 20:53:00,1,3.02,10.0,2.01,0.05,21.15,green,credit card,East Chelsea,Brooklyn Heights,Manhattan,Brooklyn
2019-03-10 07:12:33,2019-03-10 07:28:57,1,3.53,8.3,0.11,0.05,27.46,green,cash,Garment District,Garment District,Manhattan,Manhattan
2019-03-14 03:28:18,2019-03-14 03:42:52,1,1.25,24.89,1.54,0.03,27.8,green,cash,Gramercy,Central Park,Manhattan,Manhattan
2019-03-22 04:28:18,2019-03-22 04:42:29,1,4.49,59.29,0.29,0.87,90.1,green,credit card,LaGuardia Airport,East Williamsburg,Queens,Brooklyn
2019-03-11 05:11:10,2019-03-11 05:25:27,5,0.84,9.56,0.1,0.12,12.1,green,credit card,Lincoln Square East,Flatlands,Manhattan,Brooklyn
2019-03-29 13:51:00,2019-03-29 14:08:12,2,3.35,6.4,3.07,0.0,11.1,green,cash,Murray Hill,Jamaica,Manhattan,Queens
2019-03-23 06:57:03,2019-03-23 07:08:46,1,0.77,5.0,2.13,0.05,16.04,green,cash,Penn Station/Madison Sq West,Bronxdale,Manhattan,Bronx
2019-03-14 10:01:27,2019-03-14 10:14:58,3,0.78,16.4,0.86,0.12,17.88,green,cash,West Chelsea/Hudson Yards,Madison,Manhattan,Brooklyn
2019-03-07 12:35:54,2019-03-07 12:51:24,3,6.98,4.85,4.7,0.27,8.63,green,credit card,East Chelsea,Dyker Heights,Manhattan,Brooklyn
2019-03-26 17:16:30,2019-03-26 17:29:43,1,0.57,12.63,5.5,0.27,16.1,green,credit card,Midtown Center,Borough Park,Manhattan,Brooklyn
2019-03-11 06:53:56,2019-03-11 07:07:11,1,0.96,9.31,0.42,0.43,11.3,green,cash,Murray Hill,University Heights/Morris Heights,Manhattan,Bronx
2019-03-25 13:07:10,2019-03-25 13:23:54,1,9.2,14.62,3.67,0.17,21.4,green,credit card,JFK Airport,Jackson Heights,Queens,Queens
2019-03-18 07:47:38,2019-03-18 08:01:30,1,0.2,4.85,1.2,0.06,12.6,green,credit card,Upper West Side North,Williamsburg (South Side),Manhattan,Brooklyn
2019-03-29 11:50:38,2019-03-29 12:05:00,6,1.72,7.5,0.51,0.2,12.66,green,cash,Midtown North,Central Harlem,Manhattan,Manhattan
2019-03-21 12:08:06,2019-03-21 12:23:17,3,6.24,5.71,2.43,0.16,8.2,green,cash,Lower East Side,Financial District South,Manhattan,Manhattan
2019-03-07 14:31:44,2019-03-07 14:46:08,0,0.05,8.8,3.16,0.06,11.74,green,cash,Lincoln Square East,Belmont,Manhattan,Bronx
2019-03-28 21:35:21,2019-03-28 21:51:12,2,0.12,4.0,2.21,0.0,18.77,green,credit card,Midtown South,Washington Heights South,Manhattan,Manhattan
2019-03-30 13:34:36,2019-03-30 13:49:09,1,5.22,15.58,0.61,0.05,41.1,green,cash,Times Sq/Theatre District,Elmhurst,Manhattan,Queens
2019-03-22 08:18:27,2019-03-22 08:31:41,1,0.42,12.0,0.91,0.25,16.08,green,cash,TriBeCa/Civic Center,Kew Gardens,Manhattan,Queens
2019-03-19 03:58:18,2019-03-19 04:12:28,1,1.79,8.6,1.5,0.03,20.28,green,credit card,East Village,East Village,Manhattan,Manhattan
2019-03-25 11:17:46,2019-03-25 11:32:11,1,3.02,6.8,2.5,0.09,16.1,green,credit card,Upper West Side North,Starrett City,Manhattan,Brooklyn
2019-03-06 08:00:11,2019-03-06 08:12:44,1,0.09,12.33,1.27,0.16,13.1,green,credit card,Lenox Hill East,Garment District,Manhattan,Manhattan
2019-03-25 15:38:48,2019-03-25 15:53:21,1,1.21,5.8,0.37,0.19,20.46,green,cash,East Harlem South,Astoria,Manhattan,Queens
2019-03-13 06:31:23,2019-03-13 06:45:59,2,0.52,8.9,1.05,0.03,13.54,green,cash,Lenox Hill East,Jackson Heights,Manhattan,Queens
2019-03-18 12:14:25,2019-03-18 12:30:50,1,4.51,7.0,2.93,0.02,28.22,green,credit card,Clinton East,East Harlem North,Manhattan,Manhattan
2019-03-12 12:43:45,2019-03-12 13:00:25,1,2.48,8.8,1.65,0.01,34.96,green,credit card,East Chelsea,Queens Village,Manhattan,Queens
2019-03-04 23:37:55,2019-03-04 23:52:00,1,0.93,8.6,1.95,0.02,10.31,green,cash,Gramercy,Canarsie,Manhattan,Brooklyn
2019-03-20 15:47:13,2019-03-20 16:01:47,2,0.28,6.68,0.69,0.04,10.2,green,credit card,Battery Park City,Yorkville West,Manhattan,Manhattan
2019-03-18 05:00:27,2019-03-18 05:14:08,1,2.65,4.8,0.34,0.04,8.74,green,credit card,Upper West Side North,Mott Haven/Port Morris,Manhattan,Bronx
2019-03-22 00:19:12,2019-03-22 00:30:56,1,0.46,14.04,1.52,0.2,14.8,green,cash,Upper East Side South,Roosevelt Island,Manhattan,Manhattan
2019-03-20 08:32:17,2019-03-20 08:46:26,2,4.25,7.57,9.8,0.06,10.62,green,cash,Upper East Side North,World Trade Center,Manhattan,Manhattan
2019-03-16 12:27:40,2019-03-16 12:42:13,1,3.53,13.2,0.7,0.06,13.23,green,cash,Boerum Hill,North Corona,Brooklyn,Queens
2019-03-08 09:44:55,2019-03-08 09:59:13,1,0.34,3.71,3.2,0.04,15.97,green,credit card,Manhattanville,Central Harlem,Manhattan,Manhattan
2019-03-01 01:09:04,2019-03-01 01:25:20,1,2.09,5.8,1.66,0.14,10.53,green,cash,Upper East Side North,Gravesend,Manhattan,Brooklyn
2019-02-28 22:21:28,2019-02-28 22:34:34,1,2.49,10.1,5.97,2.16,65.32,green,cash,East Flushing,Upper West Side South,Queens,Manhattan
2019-03-13 09:14:33,2019-03-13 09:27:25,1,5.86,6.1,3.37,0.09,15.19,green,credit card,Williamsburg (North Side),Lenox Hill West,Brooklyn,Manhattan
2019-03-04 22:17:24,2019-03-04 22:35:11,2,1.9,5.8,1.11,0.06,8.65,green,credit card,Lenox Hill East,Windsor Terrace,Manhattan,Brooklyn
2019-03-17 12:08:51,2019-03-17 12:22:12,3,13.35,3.6,2.22,1.33,43.82,green,cash,Jamaica,West Concourse,Queens,Bronx
2019-03-27 08:53:39,2019-03-27 09:09:49,1,1.91,6.94,0.0,0.15,9.9,green,cash,Union Sq,Midwood,Manhattan,Brooklyn
2019-03-22 09:39:45,2019-03-22 09:55:19,1,3.8,9.23,0.72,0.11,17.9,green,cash,Borough Park,East Harlem North,Brooklyn,Manhattan
2019-02-28 00:55:22,2019-02-28 01:09:32,2,0.77,14.0,1.92,0.12,24.2,green,credit card,Fort Greene,Stuyvesant Heights,Brooklyn,Brooklyn
2019-03-05 06:25:22,2019-03-05 06:38:26,1,0.13,8.2,3.2,0.1,10.03,green,credit card,Midtown North,Little Italy/NoLiTa,Manhattan,Manhattan
2019-03-06 18:06:21,2019-03-06 18:20:29,2,7.49,10.55,2.91,0.05,10.9,green,cash,Upper East Side South,Flushing Meadows-Corona Park,Manhattan,Queens
2019-03-11 05:04:42,2019-03-11 05:19:40,1,0.34,15.1,2.54,0.04,17.2,green,credit card,East Village,Columbia Street,Manhattan,Brooklyn
2019-03-30 14:55:46,2019-03-30 15:07:30,1,8.95,6.5,0.51,0.31,32.92,green,credit card,Yorkville East,East Harlem North,Manhattan,Manhattan
2019-02-28 13:55:28,2019-02-28 14:09:16,1,2.43,17.3,0.37,0.44,17.39,green,credit card,Penn Station/Madison Sq West,Oakland Gardens,Manhattan,Queens
2019-03-01 09:52:42,2019-03-01 10:07:08,0,0.14,11.26,2.87,0.05,14.3,green,cash,East Harlem South,Hillcrest/Pomonok,Manhattan,Queens
2019-03-30 14:15:30,2019-03-30 14:31:55,4,0.9,19.6,0.33,0.2,70.05,green,cash,West Village,Jamaica Estates,Manhattan,Queens
2019-03-09 08:17:26,2019-03-09 08:30:07,1,1.74,16.7,1.06,0.03,29.76,green,credit card,Upper East Side North,Melrose South,Manhattan,Bronx
2019-03-19 21:35:48,2019-03-19 21:50:50,1,1.15,2.5,0.62,0.02,8.43,green,cash,Lincoln Square East,Midtown South,Manhattan,Manhattan
2019-03-28 10:00:47,2019-03-28 10:17:10,3,1.01,3.9,2.19,0.03,5.84,green,cash,Upper West Side South,Ocean Hill,Manhattan,Brooklyn
2019-03-25 20:40:45,2019-03-25 20:54:16,1,4.47,10.8,0.8,0.02,15.23,green,credit card,Financial District North,Midtown East,Manhattan,Manhattan
2019-03-04 15:05:18,2019-03-04 15:19:12,1,1.78,4.96,0.07,0.06,8.2,green,credit card,SoHo,Stuyvesant Heights,Manhattan,Brooklyn
2019-03-01 00:07:55,2019-03-01 00:26:35,1,9.13,9.99,0.88,0.05,17.1,green,credit card,TriBeCa/Civic Center,Upper West Side South,Manhattan,Manhattan
2019-03-25 18:53:06,2019-03-25 19:06:55,1,1.58,8.2,5.51,0.05,20.6,green,cash,Central Harlem,Central Harlem,Manhattan,Manhattan
2019-03-15 09:28:31,2019-03-15 09:42:04,1,0.43,8.3,0.29,0.22,17.65,green,cash,Little Italy/NoLiTa,Lincoln Square East,Manhattan,Manhattan
2019-03-03 12:54:11,2019-03-03 13:07:21,1,5.7,5.2,0.12,0.13,10.88,green,credit card,Madison,Cambria Heights,Brooklyn,Queens
2019-03-30 23:59:08,2019-03-31 00:13:52,1,4.25,8.68,6.1,0.71,10.89,green,credit card,Union Sq,Brighton Beach,Manhattan,Brooklyn
2019-03-13 16:52:46,2019-03-13 17:04:30,1,8.43,8.8,0.04,0.06,17.31,green,cash,Upper West Side South,Midtown Center,Manhattan,Manhattan
2019-03-21 19:47:17,2019-03-21 20:01:23,1,31.98,2.41,9.06,1.94,67.6,green,credit card,LaGuardia Airport,Bedford Park,Queens,Bronx
2019-03-27 17:15:37,2019-03-27 17:29:53,3,4.7,5.4,0.05,0.04,12.85,green,credit card,Midtown South,Lincoln Square West,Manhattan,Manhattan
2019-03-17 02:47:49,2019-03-17 03:02:24,1,1.93,8.37,1.39,0.07,23.5,green,cash,East Harlem South,South Williamsburg,Manhattan,Brooklyn
2019-03-06 20:36:35,2019-03-06 20:51:38,6,0.09,9.4,0.4,0.18,12.47,green,cash,Greenwich Village North,Upper East Side North,Manhattan,Manhattan
2019-03-14 04:30:08,2019-03-14 04:41:34,1,1.33,6.9,0.51,0.03,10.45,green,cash,Upper West Side North,Williamsburg (North Side),Manhattan,Brooklyn
2019-03-05 17:24:39,2019-03-05 17:39:17,1,0.85,4.6,0.49,0.64,12.9,green,credit card,Brooklyn Heights,Murray Hill,Brooklyn,Manhattan
2019-02-28 09:20:51,2019-02-28 09:36:12,1,1.56,7.9,2.69,0.08,8.42,green,cash,Union Sq,Manhattan Beach,Manhattan,Brooklyn
2019-03-10 17:34:05,2019-03-10 17:46:15,5,3.57,11.7,0.8,0.09,16.56,green,cash,East Harlem South,Oakland Gardens,Manhattan,Queens
2019-03-15 00:01:41,2019-03-15 00:14:34,1,1.2,2.3,0.15,0.07,19.04,green,credit card,Midtown Center,Pelham Parkway,Manhattan,Bronx
2019-03-11 04:13:03,2019-03-11 04:29:03,1,7.47,14.6,2.19,1.24,16.86,green,credit card,JFK Airport,Clinton East,Queens,Manhattan
2019-03-30 16:51:49,2019-03-30 17:06:06,1,3.56,7.6,1.48,0.12,10.97,green,cash,Chinatown,Chinatown,Manhattan,Manhattan
2019-03-18 00:06:59,2019-03-18 00:22:35,1,0.9,7.5,1.84,0.0,15.29,green,cash,Upper East Side South,West Concourse,Manhattan,Bronx
2019-03-16 21:38:59,2019-03-16 21:53:29,1,1.38,17.5,0.29,0.03,26.42,green,cash,West Village,Bensonhurst East,Manhattan,Brooklyn
2019-03-08 12:27:12,2019-03-08 12:43:25,2,1.61,11.7,0.91,0.1,13.78,green,credit card,Central Park,Clinton West,Manhattan,Manhattan
2019-03-11 12:31:38,2019-03-11 12:45:41,2,1.31,9.5,0.11,0.0,14.28,green,credit card,Midtown North,Garment District,Manhattan,Manhattan
2019-03-19 12:51:42,2019-03-19 13:07:42,2,3.25,8.0,0.79,0.04,10.0,green,cash,Homecrest,Mount Hope,Brooklyn,Bronx
2019-03-23 20:48:32,2019-03-23 21:00:55,1,3.66,7.4,3.16,0.11,7.95,green,credit card,SoHo,Kew Gardens,Manhattan,Queens
2019-03-14 02:09:28,2019-03-14 02:25:05,1,2.89,6.5,1.32,0.06,23.12,green,credit card,Upper East Side South,Woodlawn/Wakefield,Manhattan,Bronx
2019-03-29 23:44:04,2019-03-29 23:57:42,1,1.16,8.0,1.43,0.31,14.73,green,cash,East Village,Fresh Meadows,Manhattan,Queens
2019-03-11 08:24:27,2019-03-11 08:38:15,1,2.14,10.7,0.09,0.17,48.94,green,cash,Melrose South,Lincoln Square East,Bronx,Manhattan
2019-03-27 22:45:17,2019-03-27 23:00:25,1,14.43,5.69,1.2,0.16,6.4,green,cash,East Harlem North,Crown Heights North,Manhattan,Brooklyn
2019-03-19 16:31:45,2019-03-19 16:45:21,1,0.87,7.8,0.03,0.16,25.56,green,credit card,West Village,East Concourse/Concourse Village,Manhattan,Bronx
2019-03-23 17:15:22,2019-03-23 17:27:46,6,5.83,37.9,1.13,1.93,45.38,green,cash,Maspeth,Douglaston,Queens,Queens
2019-02-28 17:57:15,2019-02-28 18:13:33,1,10.27,3.2,2.13,0.14,11.5,green,cash,Upper East Side South,Long Island City/Hunters Point,Manhattan,Queens
2019-03-09 12:05:49,2019-03-09 12:20:59,2,0.77,10.72,4.08,0.0,16.9,green,credit card,UN/Turtle Bay South,Windsor Terrace,Manhattan,Brooklyn
2019-03-30 06:35:40,2019-03-30 06:46:56,1,0.52,9.6,0.73,0.06,10.55,green,credit card,Financial District North,Financial District South,Manhattan,Manhattan
2019-03-31 09:30:10,2019-03-31 09:44:33,1,5.71,7.9,2.27,0.12,10.86,green,credit card,Lower East Side,Astoria,Manhattan,Queens
2019-03-08 01:25:22,2019-03-08 01:37:55,1,1.62,5.4,1.38,0.01,14.51,green,cash,Upper East Side North,Gravesend,Manhattan,Brooklyn
2019-03-07 00:54:37,2019-03-07 01:04:44,1,7.29,12.9,2.88,0.03,16.24,green,cash,East Village,Richmond Hill,Manhattan,Queens
2019-03-28 14:51:12,2019-03-28 15:05:42,1,0.27,11.4,4.24,0.15,14.26,green,credit card,East Harlem South,Downtown Brooklyn/MetroTech,Manhattan,Brooklyn
2019-03-24 03:07:22,2019-03-24 03:19:31,1,2.07,3.6,0.66,0.12,13.95,green,credit card,Midtown East,Rego Park,Manhattan,Queens
2019-03-31 15:13:05,2019-03-31 15:25:53,1,1.16,43.7,0.49,3.5,88.83,green,cash,South Ozone Park,Long Island City/Queens Plaza,Queens,Queens
2019-03-27 13:47:04,2019-03-27 13:59:15,1,10.69,11.2,2.96,0.42,31.15,green,credit card,LaGuardia Airport,Prospect-Lefferts Gardens,Queens,Brooklyn
2019-03-24 06:02:20,2019-03-24 06:16:49,1,0.72,8.2,1.32,0.21,29.72,green,credit card,Upper West Side North,Murray Hill,Manhattan,Manhattan
2019-03-03 11:59:18,2019-03-03 12:12:22,3,1.95,8.3,0.49,0.17,13.1,green,credit card,Clinton East,Crotona Park East,Manhattan,Bronx
2019-03-27 08:13:09,2019-03-27 08:27:34,2,7.41,12.29,2.39,0.04,16.8,green,cash,Clinton East,Central Harlem,Manhattan,Manhattan
2019-03-30 00:25:12,2019-03-30 00:38:48,1,1.53,12.4,0.77,0.03,13.74,green,cash,Washington Heights South,Seaport,Manhattan,Manhattan
2019-03-01 21:36:32,2019-03-01 21:48:23,1,7.25,11.8,0.01,0.29,28.44,green,credit card,Downtown Brooklyn/MetroTech,Morningside Heights,Brooklyn,Manhattan
2019-03-12 14:46:41,2019-03-12 15:00:15,2,2.61,18.3,2.58,1.52,39.67,green,cash,LaGuardia Airport,Midwood,Queens,Brooklyn
2019-03-18 10:08:16,2019-03-18 10:21:57,1,2.55,6.9,0.16,0.11,10.87,green,cash,Clinton West,Bedford Park,Manhattan,Bronx
2019-03-19 02:44:05,2019-03-19 02:59:04,1,1.11,8.0,3.11,0.05,10.73,green,credit card,East Village,Clinton West,Manhattan,Manhattan
2019-03-23 19:18:57,2019-03-23 19:33:25,1,1.21,12.3,1.57,0.06,39.11,green,credit card,Kips Bay,Parkchester,Manhattan,Bronx
2019-03-26 02:15:20,2019-03-26 02:29:19,1,13.94,19.2,9.5,2.92,30.26,green,cash,Cambria Heights,Columbia Street,Queens,Brooklyn
2019-03-12 17:42:11,2019-03-12 17:56:33,2,1.08,11.5,0.6,0.72,24.19,green,cash,Upper East Side South,Rego Park,Manhattan,Queens
2019-03-13 23:48:55,2019-03-14 00:00:26,1,4.1,4.2,0.63,0.32,14.01,green,cash,Yorkville West,Washington Heights South,Manhattan,Manhattan
2019-03-12 20:11:47,2019-03-12 20:26:32,1,16.98,9.49,1.57,0.1,48.1,green,credit card,Flushing,Queens Village,Queens,Queens
2019-03-31 10:31:33,2019-03-31 10:45:49,4,12.35,23.9,1.04,0.37,31.6,green,credit card,Jamaica,Cypress Hills,Queens,Brooklyn
2019-03-22 05:46:24,2019-03-22 06:02:11,1,2.45,4.9,0.81,0.03,7.91,green,cash,UN/Turtle Bay South,Red Hook,Manhattan,Brooklyn
2019-03-11 23:11:58,2019-03-11 23:24:50,1,2.67,8.37,1.2,0.14,14.0,green,credit card,UN/Turtle Bay South,Prospect Park,Manhattan,Brooklyn
2019-03-09 10:50:42,2019-03-09 11:06:54,1,0.52,16.4,0.27,0.05,22.17,green,credit card,Kips Bay,Starrett City,Manhattan,Brooklyn
2019-03-02 05:40:34,2019-03-02 05:55:45,1,0.95,5.24,4.7,0.1,13.32,green,credit card,East Chelsea,Roosevelt Island,Manhattan,Manhattan
2019-03-21 04:56:33,2019-03-21 05:10:00,2,0.46,12.1,3.26,0.33,17.37,green,cash,LaGuardia Airport,Co-Op City,Queens,Bronx
2019-03-24 11:28:13,2019-03-24 11:44:01,1,8.17,3.28,1.02,1.35,23.4,green,cash,Astoria,Downtown Brooklyn/MetroTech,Queens,Brooklyn
2019-03-04 03:31:35,2019-03-04 03:47:38,1,1.2,9.8,2.2,0.01,19.4,green,credit card,Hudson Sq,Middle Village,Manhattan,Queens
2019-03-17 17:02:26,2019-03-17 17:15:50,1,3.86,11.23,0.12,0.3,14.1,green,cash,Greenwich Village South,Union Sq,Manhattan,Manhattan
2019-03-21 20:57:50,2019-03-21 21:10:01,5,2.29,10.5,5.79,4.01,17.56,green,cash,Elmhurst,Bushwick South,Queens,Brooklyn
2019-02-28 23:37:04,2019-02-28 23:51:21,1,2.77,7.44,2.32,0.17,8.9,green,credit card,Lenox Hill East,Soundview/Bruckner,Manhattan,Bronx
2019-03-20 10:12:31,2019-03-20 10:27:01,3,0.07,8.9,0.58,0.0,9.37,green,credit card,Washington Heights South,JFK Airport,Manhattan,Queens
2019-03-04 00:56:39,2019-03-04 01:08:28,1,1.37,8.5,0.15,0.04,27.34,green,credit card,Lincoln Square East,Red Hook,Manhattan,Brooklyn
2019-03-28 01:26:53,2019-03-28 01:42:50,1,2.14,10.8,0.07,0.16,11.78,green,cash,Central Harlem,Bedford Park,Manhattan,Bronx
2019-03-16 22:50:14,2019-03-16 23:05:26,1,1.34,12.5,0.1,0.17,13.22,green,cash,Central Harlem,Clinton Hill,Manhattan,Brooklyn
2019-03-20 18:51:18,2019-03-20 19:06:38,1,4.22,12.82,0.16,0.04,34.8,green,credit card,UN/Turtle Bay South,Upper East Side South,Manhattan,Manhattan
2019-03-28 09:31:03,2019-03-28 09:44:19,1,0.9,7.6,3.75,0.02,10.88,green,credit card,Upper West Side South,Elmhurst/Maspeth,Manhattan,Queens
2019-03-08 09:02:35,2019-03-08 09:17:49,1,0.03,1.6,0.27,0.02,21.09,green,cash,East Chelsea,Hudson Sq,Manhattan,Manhattan
2019-03-29 05:58:37,2019-03-29 06:13:45,1,2.28,13.13,7.51,0.01,15.0,green,credit card,Gramercy,DUMBO/Vinegar Hill,Manhattan,Brooklyn
2019-03-03 19:18:49,2019-03-03 19:32:19,1,3.24,4.71,0.42,0.05,6.0,green,credit card,Little Italy/NoLiTa,Greenwich Village South,Manhattan,Manhattan
2019-03-07 02:48:12,2019-03-07 03:03:35,1,2.92,15.0,1.47,0.36,23.81,green,credit card,Lower East Side,Hudson Sq,Manhattan,Manhattan
2019-03-14 18:16:52,2019-03-14 18:31:20,1,1.14,9.83,3.7,0.07,12.8,green,cash,Gramercy,Madison,Manhattan,Brooklyn
2019-03-20 08:59:34,2019-03-20 09:13:34,1,1.48,5.6,2.57,0.21,21.64,green,cash,East Village,Ozone Park,Manhattan,Queens
2019-03-14 17:17:20,2019-03-14 17:32:50,1,7.52,11.35,8.25,0.17,18.7,green,credit card,Murray Hill,Van Nest/Morris Park,Manhattan,Bronx
2019-03-17 00:44:25,2019-03-17 01:01:08,1,2.48,4.7,0.51,0.0,13.23,green,cash,World Trade Center,Jackson Heights,Manhattan,Queens
2019-03-21 12:54:41,2019-03-21 13:10:24,1,2.23,7.22,2.44,0.35,11.2,green,cash,Penn Station/Madison Sq West,Columbia Street,Manhattan,Brooklyn
2019-03-28 21:36:37,2019-03-28 21:50:20,1,7.06,15.02,0.03,1.85,33.4,green,credit card,Highbridge,Upper East Side South,Bronx,Manhattan
2019-03-21 13:48:35,2019-03-21 14:02:28,1,1.37,14.8,1.74,0.19,17.18,green,credit card,Meatpacking/West Village West,Union Sq,Manhattan,Manhattan
2019-03-26 09:58:59,2019-03-26 10:12:40,2,2.73,8.9,0.5,0.4,14.31,green,cash,Kips Bay,Douglaston,Manhattan,Queens
2019-03-18 03:32:00,2019-03-18 03:45:00,1,1.81,4.9,0.16,0.12,18.34,green,cash,Morningside Heights,Borough Park,Manhattan,Brooklyn
2019-03-25 16:30:40,2019-03-25 16:46:05,1,1.64,9.1,0.29,0.03,30.67,green,cash,East Harlem North,Clinton East,Manhattan,Manhattan
2019-03-15 14:18:50,2019-03-15 14:35:18,2,0.58,10.88,1.51,0.06,17.3,green,credit card,Bloomingdale,Woodside,Manhattan,Queens
2019-03-10 11:11:07,2019-03-10 11:26:41,1,4.71,5.15,6.67,2.7,37.8,green,credit card,LaGuardia Airport,Queens Village,Queens,Queens
2019-03-19 12:45:56,2019-03-19 13:02:10,1,19.78,18.2,0.2,1.21,22.17,green,cash,Riverdale/North Riverdale/Fieldston,Borough Park,Bronx,Brooklyn
2019-03-13 22:07:31,2019-03-13 22:23:40,1,17.08,12.6,3.06,0.53,30.38,green,credit card,Little Italy/NoLiTa,Sunset Park West,Manhattan,Brooklyn
2019-03-04 04:26:08,2019-03-04 04:41:58,2,1.02,8.82,0.75,0.04,9.0,green,credit card,Times Sq/Theatre District,Gramercy,Manhattan,Manhattan
2019-03-19 08:42:15,2019-03-19 08:57:20,2,0.1,4.3,0.11,0.11,51.47,green,cash,Lenox Hill East,Meatpacking/West Village West,Manhattan,Manhattan
2019-03-17 08:46:58,2019-03-17 09:00:25,6,0.78,5.8,1.28,0.1,12.03,green,cash,Midtown Center,Kips Bay,Manhattan,Manhattan
2019-03-09 01:04:27,2019-03-09 01:18:12,1,3.8,9.6,1.71,0.11,23.63,green,cash,Midtown South,Fresh Meadows,Manhattan,Queens
2019-03-24 08:14:27,2019-03-24 08:29:29,1,1.11,15.05,0.11,0.17,16.0,green,credit card,Yorkville West,Gramercy,Manhattan,Manhattan
2019-03-27 04:19:08,2019-03-27 04:34:30,1,1.24,9.33,1.2,0.01,22.7,green,cash,Central Harlem North,Glendale,Manhattan,Queens
2019-03-24 09:59:01,2019-03-24 10:13:52,1,10.18,14.4,2.28,0.03,31.45,green,cash,East Flatbush/Remsen Village,Midtown South,Brooklyn,Manhattan
2019-03-19 14:22:33,2019-03-19 14:35:37,4,1.5,5.6,3.27,0.08,19.89,green,credit card,East Chelsea,Queensbridge/Ravenswood,Manhattan,Queens
2019-03-09 09:29:00,2019-03-09 09:42:49,1,1.7,21.0,2.42,1.2,62.86,green,credit card,Astoria,Prospect Heights,Queens,Brooklyn
2019-03-05 02:46:19,2019-03-05 02:59:08,1,4.76,3.1,1.68,0.08,28.15,green,credit card,Flatiron,Howard Beach,Manhattan,Queens
2019-03-23 01:49:50,2019-03-23 02:07:32,1,0.46,8.8,2.96,0.38,11.54,green,cash,Lenox Hill East,Gramercy,Manhattan,Manhattan
2019-03-21 09:19:59,2019-03-21 09:34:14,1,0.97,5.8,0.31,0.16,18.2,green,cash,TriBeCa/Civic Center,DUMBO/Vinegar Hill,Manhattan,Brooklyn
2019-03-07 16:15:15,2019-03-07 16:28:06,1,6.98,7.79,0.08,0.03,10.6,green,credit card,Fort Greene,Starrett City,Brooklyn,Brooklyn
2019-03-31 14:13:43,2019-03-31 14:25:48,2,0.46,11.61,0.75,0.02,27.0,green,credit card,Central Harlem,Long Island City/Hunters Point,Manhattan,Queens
2019-03-20 14:27:54,2019-03-20 14:41:37,1,0.35,8.41,1.88,0.5,29.7,green,cash,Clinton West,West Concourse,Manhattan,Bronx
2019-03-06 18:59:48,2019-03-06 19:12:12,1,1.41,4.28,3.7,0.02,19.41,green,credit card,Times Sq/Theatre District,Chinatown,Manhattan,Manhattan
2019-03-14 01:49:11,2019-03-14 02:04:04,1,0.19,15.9,3.33,0.01,38.46,green,credit card,Upper East Side South,Lenox Hill East,Manhattan,Manhattan
2019-03-08 13:50:33,2019-03-08 14:05:02,1,5.83,3.4,1.03,0.23,5.71,green,cash,Upper East Side North,Roosevelt Island,Manhattan,Manhattan
2019-03-23 05:12:27,2019-03-23 05:27:50,2,9.44,4.89,4.0,1.01,68.72,green,cash,Astoria,Morrisania/Melrose,Queens,Bronx
2019-03-31 17:18:28,2019-03-31 17:34:24,1,1.19,9.88,1.5,0.09,14.2,green,cash,Lenox Hill West,East Williamsburg,Manhattan,Brooklyn
2019-03-06 09:06:37,2019-03-06 09:19:20,1,1.15,11.8,0.97,0.63,11.94,green,credit card,Upper East Side North,Two Bridges/Seward Park,Manhattan,Manhattan
2019-03-10 20:31:46,2019-03-10 20:46:55,1,4.21,9.5,0.17,0.14,21.29,green,cash,East Harlem North,South Ozone Park,Manhattan,Queens
2019-03-01 07:29:41,2019-03-01 07:43:38,1,0.66,5.9,2.16,0.15,10.19,green,cash,Yorkville West,UN/Turtle Bay South,Manhattan,Manhattan
2019-03-01 00:23:32,2019-03-01 00:38:12,1,0.87,7.0,2.46,0.0,8.72,green,credit card,Lincoln Square West,East Tremont,Manhattan,Bronx
2019-03-13 19:08:35,2019-03-13 19:24:16,2,0.48,13.47,2.95,0.07,14.2,green,credit card,Washington Heights South,Stuyvesant Heights,Manhattan,Brooklyn
2019-03-01 02:49:59,2019-03-01 03:03:54,2,0.41,8.1,0.17,0.13,11.7,green,cash,Gramercy,Rosedale,Manhattan,Queens
2019-03-24 19:03:18,2019-03-24 19:16:21,2,0.24,14.5,0.33,0.11,29.92,green,cash,SoHo,Midtown Center,Manhattan,Manhattan
2019-03-19 04:24:52,2019-03-19 04:38:31,1,1.9,8.8,2.15,0.04,18.95,green,cash,Manhattan Valley,Washington Heights South,Manhattan,Manhattan
2019-03-14 21:15:01,2019-03-14 21:28:35,1,1.72,13.6,0.06,0.45,15.51,green,credit card,Williamsburg (South Side),Baisley Park,Brooklyn,Queens
2019-03-29 05:14:04,2019-03-29 05:27:26,1,1.04,11.4,1.99,0.01,18.54,green,credit card,Midtown East,Two Bridges/Seward Park,Manhattan,Manhattan
2019-03-04 07:13:19,2019-03-04 07:27:53,1,2.15,11.47,0.43,0.12,11.9,green,cash,East Village,West Village,Manhattan,Manhattan
2019-03-07 20:58:32,2019-03-07 21:12:37,1,0.72,12.0,0.16,0.09,12.2,green,credit card,SoHo,East Flatbush/Remsen Village,Manhattan,Brooklyn
2019-03-01 09:00:53,2019-03-01 09:13:55,1,1.35,5.3,4.1,0.24,13.04,green,credit card,Times Sq/Theatre District,Seaport,Manhattan,Manhattan
2019-03-27 15:39:05,2019-03-27 15:55:05,1,0.37,4.78,4.1,0.03,13.9,green,credit card,Penn Station/Madison Sq West,Sunset Park West,Manhattan,Brooklyn
2019-03-16 09:14:14,2019-03-16 09:30:55,1,8.81,5.86,2.4,0.14,14.89,green,cash,West Village,Fort Greene,Manhattan,Brooklyn
2019-03-15 06:27:20,2019-03-15 06:42:24,1,0.52,12.5,1.42,0.04,13.57,green,cash,SoHo,Rosedale,Manhattan,Queens
2019-03-31 18:47:40,2019-03-31 19:02:44,4,0.46,7.2,0.18,0.16,15.12,green,credit card,Clinton East,Woodlawn/Wakefield,Manhattan,Bronx
2019-03-05 09:58:08,2019-03-05 10:13:21,1,1.65,3.98,1.39,0.54,13.5,green,cash,Sunnyside,Maspeth,Queens,Queens
2019-03-17 20:04:27,2019-03-17 20:16:00,5,11.62,10.5,2.83,0.11,13.55,green,cash,Gramercy,Hudson Sq,Manhattan,Manhattan
2019-03-22 07:43:31,2019-03-22 07:59:13,2,3.68,19.81,1.46,0.13,21.2,green,credit card,Lenox Hill West,Greenwich Village South,Manhattan,Manhattan
2019-03-27 01:47:53,2019-03-27 02:01:37,1,2.52,6.24,2.82,0.09,7.4,green,credit card,Lower East Side,Garment District,Manhattan,Manhattan
2019-03-07 01:34:00,2019-03-07 01:47:03,1,0.5,11.6,1.76,0.03,11.8,green,credit card,Meatpacking/West Village West,Woodside,Manhattan,Queens
2019-03-31 10:20:56,2019-03-31 10:36:53,1,0.92,13.65,0.99,0.0,15.2,green,cash,Clinton West,Gravesend,Manhattan,Brooklyn
2019-03-04 00:27:35,2019-03-04 00:45:13,1,5.47,7.4,5.42,0.71,14.7,green,cash,LaGuardia Airport,Jamaica,Queens,Queens
2019-03-01 01:36:12,2019-03-01 01:49:36,1,1.13,18.2,2.81,0.68,107.59,green,credit card,Murray Hill-Queens,East Harlem South,Queens,Manhattan
2019-03-19 05:40:32,2019-03-19 05:54:03,1,0.88,10.57,1.57,0.11,12.7,green,credit card,Midtown East,Financial District South,Manhattan,Manhattan
2019-03-15 09:02:26,2019-03-15 09:17:59,1,3.09,4.3,0.43,4.01,30.46,green,cash,Old Astoria,Roosevelt Island,Queens,Manhattan
2019-03-21 23:51:01,2019-03-22 00:04:00,1,0.55,3.4,2.0,0.2,16.52,green,credit card,Meatpacking/West Village West,Flatbush/Ditmas Park,Manhattan,Brooklyn
2019-03-08 03:58:11,2019-03-08 04:13:28,2,2.82,14.3,2.29,0.06,16.26,green,credit card,Lenox Hill West,East New York,Manhattan,Brooklyn
2019-03-18 22:36:57,2019-03-18 22:53:45,1,1.51,15.2,0.41,0.0,18.2,green,credit card,West Village,Cambria Heights,Manhattan,Queens
2019-03-17 13:22:11,2019-03-17 13:38:18,1,6.1,9.8,0.24,0.01,15.14,green,cash,Central Harlem,Flatlands,Manhattan,Brooklyn
2019-03-22 04:43:19,2019-03-22 04:56:52,1,0.69,15.8,5.7,0.17,21.4,green,cash,East Harlem South,Lower East Side,Manhattan,Manhattan
2019-03-02 05:25:43,2019-03-02 05:41:03,1,3.69,13.7,0.82,0.5,15.25,green,credit card,Upper West Side South,Roosevelt Island,Manhattan,Manhattan
2019-03-19 19:02:14,2019-03-19 19:17:41,3,2.58,8.8,0.79,0.19,18.35,green,cash,Greenwich Village South,West Village,Manhattan,Manhattan
2019-03-11 06:29:54,2019-03-11 06:44:30,2,1.87,10.0,2.98,0.06,26.94,green,cash,Midtown East,Cypress Hills,Manhattan,Brooklyn
2019-03-15 19:18:44,2019-03-15 19:35:22,1,1.2,11.7,1.49,0.01,15.37,green,credit card,Midtown East,East Chelsea,Manhattan,Manhattan
2019-03-24 18:50:55,2019-03-24 19:05:45,2,0.16,9.14,0.56,0.06,14.2,green,credit card,Kips Bay,Carroll Gardens,Manhattan,Brooklyn
2019-03-31 15:24:39,2019-03-31 15:40:35,1,0.43,11.6,0.08,0.15,27.64,green,cash,Flatiron,Midtown Center,Manhattan,Manhattan
2019-03-06 18:26:30,2019-03-06 18:42:52,5,2.85,8.8,1.16,0.37,10.16,green,cash,Canarsie,Richmond Hill,Brooklyn,Queens
2019-03-03 06:22:13,2019-03-03 06:37:56,1,6.85,22.6,14.57,0.68,49.83,green,cash,LaGuardia Airport,Cypress Hills,Queens,Brooklyn
2019-03-18 14:55:22,2019-03-18 15:08:07,1,1.31,3.5,1.0,1.08,26.87,green,credit card,Jamaica Estates,JFK Airport,Queens,Queens
2019-03-18 02:06:47,2019-03-18 02:20:17,2,0.89,5.0,1.39,0.13,12.07,green,credit card,Morningside Heights,Lenox Hill East,Manhattan,Manhattan
2019-03-06 12:06:34,2019-03-06 12:21:54,2,2.54,6.0,0.66,0.07,10.77,green,cash,Clinton East,East Harlem North,Manhattan,Manhattan
2019-03-16 09:25:16,2019-03-16 09:40:59,1,3.96,6.5,2.99,0.19,18.4,green,credit card,TriBeCa/Civic Center,Morrisania/Melrose,Manhattan,Bronx
2019-03-14 04:10:42,2019-03-14 04:26:44,1,1.66,6.72,1.12,0.1,7.2,green,credit card,Penn Station/Madison Sq West,Hudson Sq,Manhattan,Manhattan
2019-03-11 19:32:39,2019-03-11 19:47:19,1,5.01,12.41,0.46,0.54,15.2,green,cash,Midtown Center,Corona,Manhattan,Queens
2019-02-28 11:13:08,2019-02-28 11:27:16,1,2.39,9.59,0.45,0.04,25.6,green,cash,Hamilton Heights,Inwood Hill Park,Manhattan,Manhattan
2019-03-18 07:51:13,2019-03-18 08:04:49,0,0.8,10.6,2.36,0.04,14.31,green,cash,Union Sq,Riverdale/North Riverdale/Fieldston,Manhattan,Bronx
2019-03-21 16:10:04,2019-03-21 16:24:55,1,5.83,21.42,0.88,3.28,26.7,green,credit card,East Elmhurst,Morrisania/Melrose,Queens,Bronx
2019-03-21 03:10:04,2019-03-21 03:24:58,1,4.52,12.74,0.82,0.18,21.2,green,cash,Upper West Side North,Woodlawn/Wakefield,Manhattan,Bronx
2019-03-16 18:33:33,2019-03-16 18:49:15,1,0.03,3.0,0.79,0.82,19.43,green,cash,Union Sq,Prospect-Lefferts Gardens,Manhattan,Brooklyn
2019-03-11 18:35:04,2019-03-11 18:52:25,5,0.61,11.07,1.31,0.02,11.2,green,credit card,Midtown North,Ocean Hill,Manhattan,Brooklyn
2019-03-31 12:24:28,2019-03-31 12:38:42,1,2.42,19.9,0.76,0.01,33.55,green,credit card,Midtown South,Belmont,Manhattan,Bronx
2019-03-04 18:17:55,2019-03-04 18:33:34,1,3.66,5.7,0.18,0.02,11.01,green,credit card,Upper West Side North,Astoria,Manhattan,Queens
2019-03-14 19:36:58,2019-03-14 19:51:34,1,3.44,10.9,0.16,0.62,17.0,green,cash,Bay Ridge,Sheepshead Bay,Brooklyn,Brooklyn
2019-03-20 05:37:46,2019-03-20 05:49:25,1,0.54,4.4,0.22,0.11,15.84,green,cash,Kips Bay,Williamsburg (North Side),Manhattan,Brooklyn
2019-03-27 08:09:18,2019-03-27 08:26:02,1,1.23,12.3,2.37,0.04,14.89,green,credit card,Lincoln Square West,Riverdale/North Riverdale/Fieldston,Manhattan,Bronx
2019-03-29 19:19:25,2019-03-29 19:35:37,1,6.36,26.7,5.66,0.17,29.18,green,credit card,JFK Airport,Glendale,Queens,Queens
2019-03-04 17:22:37,2019-03-04 17:37:48,1,1.99,11.6,0.8,0.01,11.96,green,cash,Midtown Center,Long Island City/Queens Plaza,Manhattan,Queens
2019-03-24 06:30:31,2019-03-24 06:43:54,1,3.18,9.14,7.0,0.02,13.6,green,credit card,Union Sq,East Tremont,Manhattan,Bronx
2019-03-21 12:11:57,2019-03-21 12:25:45,1,0.24,5.73,3.9,0.05,8.09,green,credit card,Times Sq/Theatre District,DUMBO/Vinegar Hill,Manhattan,Brooklyn
2019-03-21 08:45:57,2019-03-21 08:59:20,1,1.26,6.1,0.48,0.06,17.44,green,credit card,Times Sq/Theatre District,Soundview/Bruckner,Manhattan,Bronx
2019-03-16 06:58:39,2019-03-16 07:12:35,1,1.47,13.6,0.5,0.34,21.01,green,cash,Williamsburg (South Side),Stuyvesant Heights,Brooklyn,Brooklyn
2019-03-20 01:36:50,2019-03-20 01:50:52,1,0.14,7.8,0.74,0.12,17.22,green,cash,Clinton East,Howard Beach,Manhattan,Queens
2019-03-26 17:51:20,2019-03-26 18:07:51,5,0.92,8.2,1.19,0.0,13.65,green,credit card,Midtown North,Fort Greene,Manhattan,Brooklyn
2019-02-28 23:55:15,2019-03-01 00:07:00,3,1.61,4.8,1.31,0.23,29.95,green,cash,Sutton Place/Turtle Bay North,Brooklyn Navy Yard,Manhattan,Brooklyn
2019-03-14 07:37:34,2019-03-14 07:50:53,2,8.84,9.0,0.29,0.03,30.38,green,cash,Midtown Center,Gramercy,Manhattan,Manhattan
2019-03-09 19:34:15,2019-03-09 19:50:13,3,0.76,3.4,0.52,0.16,20.25,green,credit card,Gramercy,North Corona,Manhattan,Queens
2019-03-25 06:22:16,2019-03-25 06:36:29,1,9.01,52.35,2.99,0.11,53.0,green,credit card,LaGuardia Airport,Westchester Village/Unionport,Queens,Bronx
2019-03-17 23:28:02,2019-03-17 23:41:00,2,0.33,4.25,3.96,0.03,7.7,green,cash,Lincoln Square East,Mott Haven/Port Morris,Manhattan,Bronx
2019-03-17 11:30:32,2019-03-17 11:44:29,1,2.79,11.9,5.03,0.01,14.42,green,cash,Seaport,Canarsie,Manhattan,Brooklyn
2019-03-02 16:32:55,2019-03-02 16:46:09,1,3.15,14.9,1.01,0.02,17.91,green,cash,Lenox Hill East,Fort Greene,Manhattan,Brooklyn
2019-02-28 15:17:27,2019-02-28 15:32:08,5,0.98,8.9,0.22,0.19,20.6,green,credit card,SoHo,Canarsie,Manhattan,Brooklyn
2019-03-18 22:12:37,2019-03-18 22:26:16,1,0.27,9.4,1.83,0.09,11.83,green,credit card,Gramercy,Borough Park,Manhattan,Brooklyn
2019-03-15 22:07:44,2019-03-15 22:20:59,1,0.41,25.8,1.83,0.68,29.24,green,cash,Williamsburg (South Side),Midtown South,Brooklyn,Manhattan
2019-03-03 20:53:36,2019-03-03 21:07:46,1,0.17,2.5,0.01,0.23,17.27,green,credit card,Central Park,Co-Op City,Manhattan,Bronx
2019-03-05 12:44:09,2019-03-05 12:57:31,1,5.39,4.7,2.83,0.73,19.51,green,credit card,West Village,Homecrest,Manhattan,Brooklyn
2019-03-25 17:15:47,2019-03-25 17:29:42,1,2.0,7.61,0.7,2.1,12.4,green,credit card,Parkchester,Prospect Park,Bronx,Brooklyn
2019-03-12 04:28:19,2019-03-12 04:39:54,1,1.65,4.9,1.08,0.04,8.92,green,cash,Penn Station/Madison Sq West,Bushwick North,Manhattan,Brooklyn
2019-03-05 09:31:54,2019-03-05 09:47:22,1,1.9,13.66,2.2,0.01,17.3,green,cash,Manhattanville,Soundview/Castle Hill,Manhattan,Bronx
2019-03-03 04:28:36,2019-03-03 04:45:27,2,4.13,33.32,2.53,2.6,34.4,green,credit card,Jackson Heights,Lincoln Square West,Queens,Manhattan
2019-03-19 19:11:55,2019-03-19 19:23:26,1,11.59,22.5,0.86,1.06,29.22,green,cash,Astoria,Ridgewood,Queens,Queens
2019-03-01 20:25:24,2019-03-01 20:40:25,1,4.53,10.5,0.32,0.03,21.99,green,cash,Lenox Hill East,Woodside,Manhattan,Queens
2019-03-31 06:01:17,2019-03-31 06:16:09,1,1.1,8.59,0.21,0.02,31.8,green,credit card,West Village,Fresh Meadows,Manhattan,Queens
2019-03-02 10:36:46,2019-03-02 10:48:42,1,9.11,7.4,0.63,0.08,13.05,green,credit card,Lincoln Square East,Lenox Hill West,Manhattan,Manhattan
2019-03-29 06:09:00,2019-03-29 06:23:10,1,8.71,11.6,0.8,0.01,16.86,green,credit card,Crown Heights North,West Village,Brooklyn,Manhattan
2019-03-16 16:54:26,2019-03-16 17:08:49,1,0.12,7.1,1.46,0.0,10.65,green,cash,Flatiron,Van Cortlandt Village,Manhattan,Bronx
2019-03-17 15:44:58,2019-03-17 16:01:28,1,0.56,6.2,0.94,0.47,20.17,green,cash,Starrett City,East Elmhurst,Brooklyn,Queens
2019-03-11 18:07:54,2019-03-11 18:21:47,2,10.86,11.27,3.23,0.21,29.5,green,credit card,Gramercy,Pelham Parkway,Manhattan,Bronx
2019-02-28 11:44:59,2019-02-28 12:01:24,1,0.31,9.97,1.7,0.01,22.8,green,credit card,Central Park,Prospect-Lefferts Gardens,Manhattan,Brooklyn
2019-03-20 01:29:06,2019-03-20 01:42:57,1,0.65,17.7,3.02,0.01,21.32,green,cash,Upper East Side South,Astoria,Manhattan,Queens
2019-03-12 08:22:47,2019-03-12 08:37:28,1,0.05,9.96,1.82,0.16,10.9,green,credit card,Greenwich Village North,Borough Park,Manhattan,Brooklyn
2019-03-04 20:31:23,2019-03-04 20:44:47,6,0.18,7.2,5.77,0.15,21.6,green,credit card,Murray Hill,University Heights/Morris Heights,Manhattan,Bronx
2019-03-25 00:11:28,2019-03-25 00:23:54,1,2.6,11.7,2.14,0.07,23.09,green,credit card,East Village,West Chelsea/Hudson Yards,Manhattan,Manhattan
2019-03-20 17:26:15,2019-03-20 17:42:41,1,6.69,24.15,0.73,1.2,34.1,green,cash,East Flatbush/Farragut,Claremont/Bathgate,Brooklyn,Bronx
2019-03-29 01:55:53,2019-03-29 02:10:27,1,0.8,8.96,8.03,0.04,11.9,green,cash,Upper East Side South,Kew Gardens Hills,Manhattan,Queens
2019-03-15 07:46:44,2019-03-15 08:00:45,1,0.31,18.5,2.69,0.03,22.81,green,credit card,Murray Hill,Melrose South,Manhattan,Bronx
2019-03-16 08:22:08,2019-03-16 08:34:13,1,2.53,16.1,0.46,0.12,24.0,green,cash,Yorkville West,JFK Airport,Manhattan,Queens
2019-03-27 12:18:09,2019-03-27 12:33:43,2,2.36,4.82,1.13,0.35,27.7,green,cash,UN/Turtle Bay South,Sunnyside,Manhattan,Queens
2019-03-26 04:56:10,2019-03-26 05:08:37,5,2.08,7.89,7.4,0.47,19.77,green,credit card,Upper East Side South,Kew Gardens Hills,Manhattan,Queens
2019-03-01 20:38:26,2019-03-01 20:51:27,1,1.55,13.0,0.18,0.08,16.64,green,credit card,Times Sq/Theatre District,Stuyvesant Heights,Manhattan,Brooklyn
2019-03-30 15:24:41,2019-03-30 15:38:33,1,0.14,5.0,1.63,0.02,14.13,green,cash,Midtown Center,Morningside Heights,Manhattan,Manhattan
2019-03-20 18:33:01,2019-03-20 18:47:53,1,2.34,10.41,6.76,0.32,21.0,green,cash,Sutton Place/Turtle Bay North,Carroll Gardens,Manhattan,Brooklyn
2019-03-13 10:55:47,2019-03-13 11:11:42,1,2.27,4.6,0.79,0.07,16.05,green,cash,West Village,Norwood,Manhattan,Bronx
2019-03-24 19:53:59,2019-03-24 20:05:56,1,0.39,20.54,2.63,2.74,35.7,green,credit card,Richmond Hill,Marine Park/Mill Basin,Queens,Brooklyn
2019-02-28 18:52:06,2019-02-28 19:06:31,1,0.88,14.65,6.48,0.52,30.0,green,credit card,LaGuardia Airport,Sunnyside,Queens,Queens
2019-03-05 07:41:15,2019-03-05 07:56:15,0,0.07,8.85,1.09,0.55,9.8,green,cash,Upper East Side North,Baisley Park,Manhattan,Queens
2019-03-13 06:48:30,2019-03-13 07:03:05,0,2.17,5.2,0.58,0.23,19.98,green,credit card,Greenwich Village North,Rego Park,Manhattan,Queens
2019-03-10 16:28:46,2019-03-10 16:42:07,2,0.58,13.7,1.27,0.08,14.2,green,credit card,TriBeCa/Civic Center,East Concourse/Concourse Village,Manhattan,Bronx
2019-03-07 10:52:35,2019-03-07 11:04:53,1,0.1,7.41,1.55,0.17,11.9,green,cash,Lower East Side,Corona,Manhattan,Queens
2019-03-27 16:02:50,2019-03-27 16:15:37,2,1.83,8.5,0.37,0.06,13.29,green,cash,Midtown East,Starrett City,Manhattan,Brooklyn
2019-03-21 13:34:10,2019-03-21 13:48:27,2,4.53,8.6,0.03,0.59,16.17,green,cash,Prospect Heights,Randalls Island,Brooklyn,Manhattan
2019-03-10 16:57:37,2019-03-10 17:11:04,6,1.66,5.1,0.68,0.01,7.84,green,credit card,East Harlem South,Park Slope,Manhattan,Brooklyn
2019-03-19 01:10:14,2019-03-19 01:24:27,1,1.26,5.3,0.22,0.19,13.04,green,cash,Greenwich Village South,Bedford Park,Manhattan,Bronx
2019-03-27 09:54:37,2019-03-27 10:09:25,5,0.84,8.2,0.39,0.02,25.07,green,cash,Lincoln Square East,Marine Park/Mill Basin,Manhattan,Brooklyn
2019-02-28 21:55:00,2019-02-28 22:10:53,1,0.03,4.4,0.17,0.04,16.99,green,credit card,TriBeCa/Civic Center,Penn Station/Madison Sq West,Manhattan,Manhattan
2019-03-13 19:18:21,2019-03-13 19:31:46,2,1.72,7.5,0.31,0.02,7.97,green,credit card,Flatiron,East Williamsburg,Manhattan,Brooklyn
2019-02-28 14:29:24,2019-02-28 14:44:46,1,4.93,13.5,0.04,0.76,26.84,green,credit card,Kingsbridge Heights,Flatiron,Bronx,Manhattan
2019-03-31 20:14:34,2019-03-31 20:27:36,2,2.14,5.8,0.27,0.41,9.98,green,cash,Upper East Side South,Chinatown,Manhattan,Manhattan
2019-03-04 01:41:11,2019-03-04 01:56:21,1,0.18,9.4,3.57,0.07,15.61,green,cash,Flatiron,West Brighton,Manhattan,Staten Island
2019-03-17 14:57:18,2019-03-17 15:10:48,1,4.47,7.35,3.8,0.15,11.88,green,credit card,East Village,Lincoln Square East,Manhattan,Manhattan
2019-03-07 05:13:31,2019-03-07 05:30:10,1,3.29,7.95,3.09,1.57,56.9,green,credit card,LaGuardia Airport,Eastchester,Queens,Bronx
2019-03-23 14:14:22,2019-03-23 14:28:43,1,1.84,5.9,0.49,0.14,19.38,green,cash,East Village,Co-Op City,Manhattan,Bronx
2019-03-27 15:21:14,2019-03-27 15:36:07,1,19.34,9.68,14.36,0.14,29.6,green,credit card,LaGuardia Airport,Lincoln Square West,Queens,Manhattan
2019-03-15 19:40:11,2019-03-15 19:55:33,1,3.96,6.0,0.61,1.08,14.99,green,credit card,Brighton Beach,Morningside Heights,Brooklyn,Manhattan
2019-03-21 05:05:39,2019-03-21 05:23:12,2,0.34,14.1,1.1,0.51,22.84,green,cash,Lincoln Square East,Homecrest,Manhattan,Brooklyn
2019-03-14 18:35:09,2019-03-14 18:49:12,1,0.52,6.8,0.46,0.06,26.21,green,cash,TriBeCa/Civic Center,West Village,Manhattan,Manhattan
2019-03-24 00:30:46,2019-03-24 00:45:56,4,3.6,10.17,1.68,0.16,13.0,green,cash,Yorkville West,Crown Heights North,Manhattan,Brooklyn
2019-03-24 02:54:40,2019-03-24 03:11:34,1,2.27,3.3,0.81,0.22,16.77,green,credit card,Penn Station/Madison Sq West,Flatbush/Ditmas Park,Manhattan,Brooklyn
2019-03-28 11:38:22,2019-03-28 11:51:33,6,0.47,5.7,0.59,0.49,13.51,green,cash,Garment District,Clinton Hill,Manhattan,Brooklyn
2019-03-11 07:36:36,2019-03-11 07:50:00,1,0.67,12.1,1.81,0.07,21.16,green,cash,Lincoln Square West,Queensbridge/Ravenswood,Manhattan,Queens
2019-03-11 17:11:59,2019-03-11 17:25:12,1,3.13,10.0,1.46,0.14,12.05,green,credit card,Times Sq/Theatre District,Financial District North,Manhattan,Manhattan
2019-03-10 01:11:50,2019-03-10 01:26:06,1,4.95,13.2,5.42,0.22,19.63,green,credit card,Lincoln Square East,Madison,Manhattan,Brooklyn
2019-03-02 09:03:15,2019-03-02 09:17:24,2,0.56,14.4,2.02,0.58,19.6,green,cash,Battery Park City,Old Astoria,Manhattan,Queens
2019-03-25 23:06:57,2019-03-25 23:20:00,1,1.01,9.5,3.5,0.0,21.97,green,cash,Clinton West,College Point,Manhattan,Queens
2019-03-24 08:34:26,2019-03-24 08:51:02,1,0.1,7.3,0.54,0.03,20.18,green,cash,TriBeCa/Civic Center,Norwood,Manhattan,Bronx
2019-03-05 09:17:26,2019-03-05 09:30:38,1,0.58,14.45,0.12,0.41,19.5,green,credit card,Murray Hill,Madison,Manhattan,Brooklyn
2019-03-01 04:55:01,2019-03-01 05:09:19,1,10.42,22.31,3.67,0.59,101.5,green,credit card,Queensboro Hill,Lenox Hill West,Queens,Manhattan
2019-03-21 16:36:58,2019-03-21 16:48:12,2,2.91,8.5,0.31,0.0,16.63,green,cash,Lincoln Square East,Two Bridges/Seward Park,Manhattan,Manhattan
2019-03-27 00:51:18,2019-03-27 01:05:28,1,6.05,5.06,3.3,2.84,8.37,green,credit card,JFK Airport,Queensbridge/Ravenswood,Queens,Queens
2019-03-05 03:46:02,2019-03-05 04:01:29,1,1.73,10.2,0.68,0.07,11.86,green,credit card,Penn Station/Madison Sq West,Pelham Parkway,Manhattan,Bronx
2019-03-20 05:24:39,2019-03-20 05:38:17,1,0.39,7.7,0.08,0.04,11.33,green,credit card,Garment District,Flushing,Manhattan,Queens
2019-03-26 11:46:57,2019-03-26 11:59:51,5,1.93,8.3,1.24,0.02,13.44,green,cash,Gramercy,Greenpoint,Manhattan,Brooklyn
2019-03-25 09:48:27,2019-03-25 10:03:00,1,2.32,5.5,0.3,0.09,15.39,green,cash,Midtown South,Stapleton,Manhattan,Staten Island
2019-03-16 04:52:38,2019-03-16 05:07:05,1,1.71,7.1,0.34,0.13,15.76,green,credit card,Fort Greene,Battery Park,Brooklyn,Manhattan
2019-03-01 23:44:14,2019-03-01 23:59:08,1,0.6,9.1,0.11,0.49,15.93,green,cash,Upper West Side North,Sutton Place/Turtle Bay North,Manhattan,Manhattan
2019-03-27 15:03:09,2019-03-27 15:19:34,1,0.22,6.4,2.92,0.02,9.94,green,cash,Midtown South,Bedford,Manhattan,Brooklyn
2019-03-05 22:17:55,2019-03-05 22:32:29,1,5.19,13.8,4.18,0.27,22.58,green,credit card,TriBeCa/Civic Center,Morningside Heights,Manhattan,Manhattan
2019-03-14 20:17:00,2019-03-14 20:32:53,1,2.94,6.8,0.66,0.07,12.53,green,credit card,Gramercy,Kips Bay,Manhattan,Manhattan
2019-03-21 01:36:51,2019-03-21 01:49:07,1,0.42,7.93,0.92,0.01,11.9,green,credit card,Central Park,Claremont/Bathgate,Manhattan,Bronx
2019-03-31 06:31:33,2019-03-31 06:46:42,1,0.76,9.4,4.23,0.26,11.59,green,cash,Clinton East,Clinton East,Manhattan,Manhattan
2019-03-11 03:31:02,2019-03-11 03:46:42,1,0.8,5.7,1.33,0.05,13.26,green,cash,Yorkville West,Alphabet City,Manhattan,Manhattan
2019-03-17 11:10:20,2019-03-17 11:26:06,1,0.63,11.9,2.09,0.42,24.87,green,credit card,Midtown South,Battery Park City,Manhattan,Manhattan
2019-03-22 21:24:51,2019-03-22 21:39:35,1,0.28,6.5,0.21,0.1,10.63,green,credit card,Two Bridges/Seward Park,Auburndale,Manhattan,Queens
2019-03-15 08:13:12,2019-03-15 08:28:35,1,0.67,11.5,2.14,0.06,21.77,green,cash,Midtown Center,Parkchester,Manhattan,Bronx
2019-03-14 10:47:37,2019-03-14 11:03:43,1,0.85,14.51,1.65,0.15,18.6,green,credit card,Midtown East,Prospect Park,Manhattan,Brooklyn
2019-03-29 00:22:42,2019-03-29 00:38:40,1,0.53,14.3,5.07,0.12,33.05,green,credit card,Upper West Side South,East Tremont,Manhattan,Bronx
2019-03-12 15:18:53,2019-03-12 15:34:39,1,1.44,8.74,3.3,0.26,11.8,green,cash,Financial District North,World Trade Center,Manhattan,Manhattan
2019-03-23 22:36:07,2019-03-23 22:50:54,1,16.7,21.26,5.81,3.44,24.8,green,cash,LaGuardia Airport,UN/Turtle Bay South,Queens,Manhattan
2019-03-21 13:22:09,2019-03-21 13:38:05,4,0.94,6.81,4.3,0.08,9.18,green,cash,Penn Station/Madison Sq West,South Jamaica,Manhattan,Queens
2019-03-17 02:44:29,2019-03-17 02:59:23,1,2.61,11.3,0.27,0.18,20.87,green,credit card,Union Sq,West Village,Manhattan,Manhattan
2019-03-01 06:23:03,2019-03-01 06:40:39,2,0.4,7.1,0.3,0.12,26.17,green,cash,Upper West Side South,East Elmhurst,Manhattan,Queens
2019-03-07 01:53:08,2019-03-07 02:06:25,1,2.28,17.6,3.79,0.19,23.43,green,cash,Hudson Sq,Central Harlem,Manhattan,Manhattan
2019-03-11 11:11:37,2019-03-11 11:26:37,1,0.96,7.39,2.4,0.17,15.9,green,credit card,Madison,Borough Park,Brooklyn,Brooklyn
2019-03-04 10:29:01,2019-03-04 10:42:26,1,5.73,7.9,1.3,0.53,13.55,green,credit card,Upper East Side South,Morningside Heights,Manhattan,Manhattan
2019-03-10 08:16:00,2019-03-10 08:31:18,3,8.18,7.55,4.1,0.08,27.09,green,cash,Windsor Terrace,Brooklyn Heights,Brooklyn,Brooklyn
2019-03-06 23:24:58,2019-03-06 23:40:31,1,1.24,7.4,0.76,0.78,16.73,green,cash,Upper West Side South,Claremont/Bathgate,Manhattan,Bronx
2019-03-07 12:26:41,2019-03-07 12:40:05,2,0.11,7.9,1.81,0.03,11.28,green,cash,Lincoln Square East,Bensonhurst West,Manhattan,Brooklyn
2019-03-28 07:26:15,2019-03-28 07:39:17,1,4.43,11.8,1.24,2.29,39.67,green,credit card,LaGuardia Airport,Queensboro Hill,Queens,Queens
2019-03-26 00:40:01,2019-03-26 00:53:30,1,7.62,8.83,3.45,0.02,10.0,green,credit card,West Village,Financial District South,Manhattan,Manhattan
2019-03-04 16:35:21,2019-03-04 16:51:13,1,7.02,7.4,0.76,0.72,20.71,green,cash,Cobble Hill,Yorkville West,Brooklyn,Manhattan
2019-03-01 04:17:52,2019-03-01 04:33:29,6,1.64,12.5,3.27,0.06,32.09,green,credit card,Lower East Side,Belmont,Manhattan,Bronx
2019-03-18 20:33:45,2019-03-18 20:47:42,5,1.94,9.2,3.57,0.07,10.64,green,credit card,Upper West Side South,Elmhurst,Manhattan,Queens
2019-03-02 12:04:43,2019-03-02 12:18:42,1,3.03,14.2,4.07,1.34,49.6,green,cash,Astoria,Prospect Heights,Queens,Brooklyn
2019-03-18 19:17:53,2019-03-18 19:35:50,2,1.2,15.2,3.09,0.08,25.72,green,cash,West Village,Lenox Hill East,Manhattan,Manhattan
2019-03-26 05:09:39,2019-03-26 05:22:14,1,3.45,7.05,10.03,0.01,11.0,green,cash,Flatiron,Queens Village,Manhattan,Queens
2019-03-13 03:43:02,2019-03-13 03:58:49,1,2.93,15.16,4.09,0.03,17.6,green,credit card,Meatpacking/West Village West,Maspeth,Manhattan,Queens
2019-03-22 01:49:23,2019-03-22 02:02:02,1,0.98,4.4,0.47,0.14,23.41,green,cash,East Flatbush/Remsen Village,Brooklyn Navy Yard,Brooklyn,Brooklyn
2019-03-07 08:00:53,2019-03-07 08:14:01,1,2.52,13.17,0.09,0.02,24.0,green,cash,Union Sq,JFK Airport,Manhattan,Queens
2019-03-08 07:48:38,2019-03-08 08:01:37,1,0.45,9.47,0.57,0.2,21.3,green,credit card,Gramercy,Kew Gardens Hills,Manhattan,Queens
2019-03-23 04:21:54,2019-03-23 04:36:55,1,1.91,7.1,0.54,0.08,11.86,green,credit card,Lincoln Square West,East Elmhurst,Manhattan,Queens
2019-03-26 18:02:06,2019-03-26 18:15:24,1,0.3,11.4,0.43,0.01,23.47,green,credit card,Sutton Place/Turtle Bay North,Bensonhurst West,Manhattan,Brooklyn
2019-03-09 07:21:51,2019-03-09 07:37:06,2,3.51,12.7,0.41,0.01,20.19,green,cash,Penn Station/Madison Sq West,Long Island City/Hunters Point,Manhattan,Queens
2019-03-01 13:48:11,2019-03-01 14:01:13,1,0.51,11.8,2.0,0.07,13.95,green,cash,Stuyvesant Heights,Brownsville,Brooklyn,Brooklyn
2019-03-29 22:08:42,2019-03-29 22:20:47,1,4.23,10.0,1.13,0.16,18.25,green,credit card,West Chelsea/Hudson Yards,Mott Haven/Port Morris,Manhattan,Bronx
2019-03-18 22:58:01,2019-03-18 23:12:32,1,0.34,16.79,1.77,0.33,19.5,green,credit card,Lincoln Square East,Sutton Place/Turtle Bay North,Manhattan,Manhattan
2019-03-14 20:40:37,2019-03-14 20:55:53,2,2.24,9.4,2.49,0.14,28.2,green,cash,UN/Turtle Bay South,East Elmhurst,Manhattan,Queens
2019-03-09 02:59:18,2019-03-09 03:09:49,2,2.49,8.1,3.49,0.11,20.9,green,credit card,Upper West Side North,Kingsbridge Heights,Manhattan,Bronx
2019-03-10 11:57:57,2019-03-10 12:12:54,1,3.36,9.2,0.0,0.2,21.45,green,credit card,Lincoln Square East,Melrose South,Manhattan,Bronx
2019-03-09 08:09:58,2019-03-09 08:25:53,3,0.3,8.42,1.48,0.2,21.5,green,credit card,Union Sq,Meatpacking/West Village West,Manhattan,Manhattan
2019-03-20 22:44:45,2019-03-20 22:58:47,1,2.68,10.5,0.42,0.34,23.61,green,cash,Boerum Hill,Fort Greene,Brooklyn,Brooklyn
2019-03-07 13:12:28,2019-03-07 13:27:04,3,1.05,2.6,0.42,0.36,12.16,green,cash,Central Harlem North,Bedford,Manhattan,Brooklyn
2019-03-24 05:50:44,2019-03-24 06:02:56,1,1.62,3.3,1.36,0.03,5.63,green,credit card,Midtown Center,South Jamaica,Manhattan,Queens
2019-03-09 17:08:02,2019-03-09 17:21:52,1,0.7,7.99,0.7,0.31,8.4,green,cash,East Harlem South,Parkchester,Manhattan,Bronx
2019-03-26 12:48:29,2019-03-26 13:04:51,2,7.15,1.3,4.57,3.25,46.8,green,cash,JFK Airport,Cypress Hills,Queens,Brooklyn
2019-03-13 13:41:06,2019-03-13 13:52:55,2,4.08,5.6,1.84,0.12,18.27,green,credit card,Clinton West,Roosevelt Island,Manhattan,Manhattan
2019-03-11 16:53:30,2019-03-11 17:07:56,1,9.44,3.8,0.11,0.02,10.3,green,credit card,West Village,Woodlawn/Wakefield,Manhattan,Bronx
2019-03-04 08:55:24,2019-03-04 09:10:18,1,5.48,10.4,1.41,0.17,17.07,green,cash,Yorkville East,Fort Greene,Manhattan,Brooklyn
2019-03-27 08:12:24,2019-03-27 08:26:52,1,1.69,6.0,1.6,0.16,15.28,green,cash,Penn Station/Madison Sq West,Prospect-Lefferts Gardens,Manhattan,Brooklyn
2019-03-30 00:26:03,2019-03-30 00:39:42,1,2.53,5.6,2.73,0.12,16.48,green,cash,Little Italy/NoLiTa,Meatpacking/West Village West,Manhattan,Manhattan
2019-03-24 19:22:31,2019-03-24 19:36:32,1,0.33,13.3,3.88,0.02,17.21,green,credit card,Greenwich Village North,Marine Park/Mill Basin,Manhattan,Brooklyn
2019-03-30 08:56:52,2019-03-30 09:10:16,1,2.06,7.2,3.52,0.16,18.37,green,credit card,Manhattanville,Woodlawn/Wakefield,Manhattan,Bronx
2019-03-20 07:01:41,2019-03-20 07:15:07,1,10.17,4.9,0.59,0.01,15.72,green,cash,Lincoln Square West,Pelham Parkway,Manhattan,Bronx
2019-03-16 20:15:19,2019-03-16 20:30:28,1,0.87,3.8,2.7,0.09,9.6,green,credit card,Midtown Center,Jackson Heights,Manhattan,Queens
2019-03-19 03:38:24,2019-03-19 03:53:42,1,0.11,4.6,3.92,0.13,20.44,green,credit card,Lincoln Square East,Gowanus,Manhattan,Brooklyn
2019-03-05 16:05:32,2019-03-05 16:20:07,1,2.36,5.4,1.65,0.01,12.48,green,credit card,West Village,Hudson Sq,Manhattan,Manhattan
2019-03-19 13:34:46,2019-03-19 13:47:59,3,1.96,11.7,0.27,0.36,15.66,green,cash,Boerum Hill,Glendale,Brooklyn,Queens
2019-03-24 06:29:38,2019-03-24 06:43:13,1,6.68,20.18,0.82,0.08,31.4,green,cash,Greenwich Village South,Bushwick South,Manhattan,Brooklyn
2019-03-23 06:03:35,2019-03-23 06:18:34,2,11.75,8.26,2.47,0.14,9.8,green,credit card,Midtown East,Flatlands,Manhattan,Brooklyn
2019-03-12 21:10:45,2019-03-12 21:25:43,5,3.16,3.6,1.2,0.3,14.04,green,cash,Upper East Side South,Kips Bay,Manhattan,Manhattan
2019-02-28 05:45:26,2019-02-28 06:01:02,1,2.19,7.3,0.53,0.52,37.18,green,cash,Garment District,Washington Heights North,Manhattan,Manhattan
2019-03-09 06:09:48,2019-03-09 06:24:45,1,8.67,8.0,2.5,0.45,18.12,green,credit card,Flatiron,Spuyten Duyvil/Kingsbridge,Manhattan,Bronx
2019-03-02 16:43:44,2019-03-02 16:55:17,1,8.19,9.4,5.79,0.16,13.05,green,credit card,Murray Hill,Carroll Gardens,Manhattan,Brooklyn
2019-03-24 00:54:52,2019-03-24 01:10:16,1,0.22,12.0,1.71,0.11,17.95,green,credit card,Upper West Side South,Lower East Side,Manhattan,Manhattan
2019-03-18 03:09:10,2019-03-18 03:25:03,1,0.8,12.7,0.3,0.05,28.25,green,cash,East Harlem North,West Brighton,Manhattan,Staten Island
2019-03-31 00:37:02,2019-03-31 00:49:42,1,12.51,6.51,0.24,2.1,10.9,green,cash,Mount Hope,East Flatbush/Farragut,Bronx,Brooklyn
2019-03-05 09:52:06,2019-03-05 10:06:47,1,0.17,8.2,2.07,0.09,26.9,green,credit card,Hudson Sq,Astoria,Manhattan,Queens
2019-03-02 13:13:07,2019-03-02 13:26:03,1,2.3,5.9,0.43,0.09,24.35,green,credit card,Penn Station/Madison Sq West,Columbia Street,Manhattan,Brooklyn
2019-03-05 11:50:30,2019-03-05 12:04:13,1,0.99,6.1,1.48,0.0,12.63,green,cash,Greenwich Village North,West Concourse,Manhattan,Bronx
2019-03-15 18:37:08,2019-03-15 18:50:03,1,5.5,13.1,2.3,0.57,15.72,green,credit card,JFK Airport,Douglaston,Queens,Queens
2019-03-18 23:05:23,2019-03-18 23:18:01,1,3.53,32.9,2.62,6.38,45.5,green,credit card,JFK Airport,Sheepshead Bay,Queens,Brooklyn
2019-02-28 22:19:31,2019-02-28 22:31:31,1,2.23,17.4,1.5,0.24,17.77,green,cash,Garment District,Greenwich Village South,Manhattan,Manhattan
2019-03-05 18:33:23,2019-03-05 18:46:37,3,0.91,11.89,0.61,0.33,13.5,green,cash,Gramercy,Battery Park,Manhattan,Manhattan
2019-03-07 16:45:50,2019-03-07 17:01:58,1,3.34,13.0,3.65,0.12,21.27,green,cash,Gramercy,Kew Gardens,Manhattan,Queens
2019-03-04 17:31:50,2019-03-04 17:45:48,1,2.85,9.5,2.19,0.08,23.1,green,credit card,Garment District,Central Park,Manhattan,Manhattan
2019-03-04 14:31:53,2019-03-04 14:48:37,1,1.1,9.0,3.16,0.14,39.04,green,cash,Yorkville West,Upper West Side South,Manhattan,Manhattan
2019-03-26 14:12:10,2019-03-26 14:26:02,1,1.26,9.2,0.01,0.08,11.86,green,cash,Greenpoint,Homecrest,Brooklyn,Brooklyn
2019-03-30 12:28:29,2019-03-30 12:42:40,1,0.04,9.9,1.5,0.36,12.39,green,credit card,Midtown North,Bensonhurst East,Manhattan,Brooklyn
2019-03-08 21:06:09,2019-03-08 21:20:44,2,7.62,10.14,3.06,0.0,11.2,green,credit card,Central Harlem North,Pelham Parkway,Manhattan,Bronx
2019-03-03 14:43:49,2019-03-03 14:57:36,1,0.31,10.49,2.23,0.05,14.1,green,cash,Central Harlem,Union Sq,Manhattan,Manhattan
2019-03-31 06:23:14,2019-03-31 06:38:43,1,9.9,8.4,0.97,0.51,15.3,green,cash,Greenwich Village South,East Chelsea,Manhattan,Manhattan
2019-03-07 13:18:18,2019-03-07 13:32:36,1,2.12,5.2,0.09,0.91,34.47,green,cash,Crotona Park East,Howard Beach,Bronx,Queens
2019-03-30 19:16:59,2019-03-30 19:32:11,3,2.22,15.2,0.09,0.03,41.6,green,credit card,West Concourse,Brooklyn Navy Yard,Bronx,Brooklyn
2019-03-06 10:52:28,2019-03-06 11:06:17,1,0.34,4.82,3.9,0.35,10.89,green,credit card,Morningside Heights,JFK Airport,Manhattan,Queens
2019-03-08 11:57:05,2019-03-08 12:12:42,5,5.43,20.1,2.99,0.31,34.08,green,cash,Bushwick South,Bayside,Brooklyn,Queens
2019-03-04 20:18:46,2019-03-04 20:33:40,1,0.34,4.2,0.41,0.15,9.2,green,credit card,Clinton East,Van Nest/Morris Park,Manhattan,Bronx
2019-03-01 15:41:48,2019-03-01 15:54:42,1,0.17,17.6,1.91,0.11,18.47,green,credit card,Clinton West,Midwood,Manhattan,Brooklyn
2019-03-17 22:13:37,2019-03-17 22:28:17,3,3.58,4.7,3.24,0.28,12.27,green,cash,Lenox Hill East,Sheepshead Bay,Manhattan,Brooklyn
2019-03-23 09:28:23,2019-03-23 09:43:43,2,0.21,3.84,2.8,0.11,10.44,green,cash,Washington Heights South,Brooklyn Heights,Manhattan,Brooklyn
2019-03-08 23:06:45,2019-03-08 23:18:43,6,1.41,12.2,0.29,0.19,18.87,green,cash,Lincoln Square East,Gramercy,Manhattan,Manhattan
2019-03-14 03:50:42,2019-03-14 04:06:43,1,1.03,15.64,0.23,0.06,16.0,green,credit card,Upper East Side North,Stuy Town/Peter Cooper Village,Manhattan,Manhattan
2019-03-28 05:38:54,2019-03-28 05:56:03,1,1.76,16.23,3.68,1.87,21.5,green,cash,LaGuardia Airport,Brooklyn Heights,Queens,Brooklyn
2019-03-27 17:32:31,2019-03-27 17:47:58,1,5.39,8.2,0.66,0.07,33.39,green,cash,Prospect-Lefferts Gardens,Upper West Side North,Brooklyn,Manhattan
2019-03-23 17:44:50,2019-03-23 17:59:36,1,6.48,9.6,0.14,0.01,13.11,green,credit card,Upper West Side South,Auburndale,Manhattan,Queens
2019-03-22 09:33:00,2019-03-22 09:48:13,2,0.47,10.5,0.87,0.63,30.16,green,credit card,Clinton Hill,Kips Bay,Brooklyn,Manhattan
2019-03-26 23:16:20,2019-03-26 23:30:02,1,1.33,12.57,1.44,0.27,18.0,green,credit card,West Chelsea/Hudson Yards,Midwood,Manhattan,Brooklyn
2019-03-31 12:47:00,2019-03-31 13:04:05,1,0.63,17.1,2.47,0.18,17.11,green,cash,Yorkville West,East Harlem South,Manhattan,Manhattan
2019-03-09 13:31:53,2019-03-09 13:48:03,1,0.84,13.65,5.66,0.15,24.3,green,cash,Midtown North,Marine Park/Mill Basin,Manhattan,Brooklyn
2019-03-07 08:31:57,2019-03-07 08:45:42,2,7.11,5.01,3.9,0.01,8.41,green,credit card,Lenox Hill East,Maspeth,Manhattan,Queens
2019-03-30 21:30:02,2019-03-30 21:42:16,1,6.74,8.24,7.4,0.09,8.69,green,credit card,Upper West Side North,Greenwich Village South,Manhattan,Manhattan
2019-03-20 22:26:55,2019-03-20 22:40:13,1,0.44,11.9,2.86,0.03,25.15,green,cash,Battery Park City,Steinway,Manhattan,Queens
2019-03-12 10:53:46,2019-03-12 11:07:33,1,3.5,14.2,2.09,0.26,19.87,green,credit card,Little Italy/NoLiTa,Dyker Heights,Manhattan,Brooklyn
2019-03-08 17:21:43,2019-03-08 17:36:32,1,0.23,5.8,0.31,0.06,18.1,green,credit card,Central Harlem North,Roosevelt Island,Manhattan,Manhattan
2019-03-22 15:19:22,2019-03-22 15:33:04,1,0.75,14.8,0.84,0.26,63.65,green,cash,Long Island City/Hunters Point,Ridgewood,Queens,Queens
2019-03-27 23:26:28,2019-03-27 23:43:49,1,1.43,12.24,2.35,0.22,14.6,green,cash,Lenox Hill West,Homecrest,Manhattan,Brooklyn
2019-03-26 14:17:48,2019-03-26 14:32:38,1,3.89,12.2,2.64,0.02,16.31,green,cash,Hudson Sq,Forest Hills,Manhattan,Queens
2019-03-26 01:55:39,2019-03-26 02:09:45,1,3.05,9.6,0.86,0.47,12.02,green,credit card,East Village,Hillcrest/Pomonok,Manhattan,Queens
2019-03-02 17:22:13,2019-03-02 17:37:13,2,0.36,16.1,0.52,0.1,22.91,green,cash,Murray Hill,East Harlem South,Manhattan,Manhattan
2019-03-14 07:05:52,2019-03-14 07:20:18,1,6.14,15.6,2.0,0.51,40.78,green,cash,Jackson Heights,Howard Beach,Queens,Queens
2019-03-29 11:12:14,2019-03-29 11:28:41,1,3.63,10.47,5.38,0.06,17.6,green,credit card,Upper West Side North,Central Harlem,Manhattan,Manhattan
2019-03-18 15:18:39,2019-03-18 15:35:05,1,9.94,12.24,5.33,0.23,13.0,green,credit card,North Corona,Upper West Side South,Queens,Manhattan
2019-03-15 04:28:00,2019-03-15 04:42:05,1,3.95,9.57,2.11,0.25,11.2,green,cash,Penn Station/Madison Sq West,Claremont/Bathgate,Manhattan,Bronx
2019-03-06 09:18:55,2019-03-06 09:31:46,5,14.8,17.27,0.42,0.16,21.4,green,cash,Brownsville,Riverdale/North Riverdale/Fieldston,Brooklyn,Bronx
2019-03-11 04:08:20,2019-03-11 04:21:33,1,0.56,16.2,0.66,0.18,19.96,green,cash,Lincoln Square East,Upper East Side South,Manhattan,Manhattan
2019-03-03 06:56:20,2019-03-03 07:11:48,1,2.31,6.5,1.38,0.11,35.89,green,credit card,Yorkville West,East Chelsea,Manhattan,Manhattan
2019-03-25 03:15:36,2019-03-25 03:29:25,1,2.65,11.8,2.37,0.08,32.76,green,credit card,East Flatbush/Remsen Village,Stapleton,Brooklyn,Staten Island
2019-03-19 14:31:21,2019-03-19 14:45:49,2,2.96,6.94,0.23,0.84,20.5,green,cash,Starrett City,Bloomingdale,Brooklyn,Manhattan
2019-03-18 14:55:29,2019-03-18 15:09:24,2,2.54,7.8,0.29,0.07,23.6,green,credit card,Midtown Center,Penn Station/Madison Sq West,Manhattan,Manhattan
2019-03-01 21:59:43,2019-03-01 22:13:36,1,0.05,8.94,0.53,0.2,9.5,green,credit card,Greenwich Village North,Little Italy/NoLiTa,Manhattan,Manhattan
2019-03-09 09:20:46,2019-03-09 09:35:35,1,5.2,6.4,0.13,0.04,12.92,green,credit card,Midtown Center,Canarsie,Manhattan,Brooklyn
2019-03-26 10:23:48,2019-03-26 10:37:44,4,9.32,18.94,2.07,3.22,24.2,green,cash,Astoria,Van Nest/Morris Park,Queens,Bronx
2019-03-24 23:08:12,2019-03-24 23:23:25,1,9.82,13.33,0.16,0.91,26.7,green,cash,University Heights/Morris Heights,Middle Village,Bronx,Queens
2019-03-31 04:41:01,2019-03-31 04:55:52,2,24.45,17.0,0.76,0.76,30.4,green,credit card,JFK Airport,Clinton East,Queens,Manhattan
2019-03-28 01:15:55,2019-03-28 01:27:42,1,1.32,5.2,1.86,0.02,15.66,green,cash,Lenox Hill West,Brooklyn Heights,Manhattan,Brooklyn
2019-03-25 04:05:06,2019-03-25 04:20:14,1,2.18,7.09,0.18,0.11,7.9,green,cash,Lincoln Square East,Fresh Meadows,Manhattan,Queens
2019-03-17 11:53:35,2019-03-17 12:09:48,1,6.09,7.2,1.77,0.02,10.13,green,credit card,Morningside Heights,Richmond Hill,Manhattan,Queens
2019-03-21 23:04:05,2019-03-21 23:17:41,1,6.43,22.56,1.98,0.13,31.4,green,credit card,Fort Greene,Highbridge,Brooklyn,Bronx
2019-03-12 10:55:43,2019-03-12 11:10:22,2,3.29,16.3,4.63,0.18,27.28,green,credit card,Upper East Side South,Bedford Park,Manhattan,Bronx
2019-03-13 10:03:00,2019-03-13 10:16:55,1,0.27,10.4,0.93,0.34,29.06,green,cash,Upper East Side North,LaGuardia Airport,Manhattan,Queens
2019-03-27 11:08:44,2019-03-27 11:22:52,1,13.6,11.1,8.42,2.89,43.78,green,cash,LaGuardia Airport,Washington Heights South,Queens,Manhattan
2019-03-21 10:51:42,2019-03-21 11:03:43,1,0.89,8.3,0.22,0.28,18.57,green,credit card,Lincoln Square West,Flushing Meadows-Corona Park,Manhattan,Queens
2019-03-22 08:14:18,2019-03-22 08:29:30,5,2.91,11.56,0.06,0.03,15.1,green,credit card,Upper East Side South,East Flatbush/Farragut,Manhattan,Brooklyn
2019-03-13 05:20:05,2019-03-13 05:32:43,3,1.12,2.0,1.24,0.1,29.15,green,cash,Lenox Hill East,North Corona,Manhattan,Queens
2019-03-06 07:37:29,2019-03-06 07:55:15,2,5.71,9.6,0.57,0.0,20.41,green,credit card,Battery Park City,Brooklyn Navy Yard,Manhattan,Brooklyn
2019-03-09 02:50:34,2019-03-09 03:02:39,1,1.02,6.6,0.21,0.13,11.94,green,credit card,Upper West Side North,Garment District,Manhattan,Manhattan
2019-03-17 15:12:43,2019-03-17 15:28:18,1,0.75,5.1,0.17,0.28,13.52,green,credit card,World Trade Center,Maspeth,Manhattan,Queens
2019-03-22 16:31:36,2019-03-22 16:49:20,1,3.19,5.9,0.09,0.24,6.57,green,cash,Upper West Side North,Manhattan Valley,Manhattan,Manhattan
2019-03-22 14:36:33,2019-03-22 14:50:02,3,0.63,6.39,3.82,0.08,6.5,green,cash,Lower East Side,Upper East Side South,Manhattan,Manhattan
2019-03-01 11:37:58,2019-03-01 11:51:03,1,6.92,17.6,5.79,1.34,26.22,green,credit card,JFK Airport,Lenox Hill West,Queens,Manhattan
2019-03-18 16:44:03,2019-03-18 16:59:12,1,5.88,2.8,1.07,0.02,32.1,green,cash,Hudson Sq,College Point,Manhattan,Queens
2019-03-05 01:51:26,2019-03-05 02:08:12,1,0.23,6.94,4.3,0.15,16.0,green,cash,Lincoln Square West,Greenwich Village North,Manhattan,Manhattan
2019-03-11 06:22:26,2019-03-11 06:35:40,3,9.16,4.0,0.96,0.05,16.39,green,credit card,Lenox Hill West,Williamsburg (South Side),Manhattan,Brooklyn
2019-03-25 20:25:35,2019-03-25 20:36:51,1,1.34,9.4,1.32,0.17,14.49,green,credit card,Williamsburg (South Side),Bushwick North,Brooklyn,Brooklyn
2019-03-02 15:48:08,2019-03-02 16:00:56,1,3.01,13.3,0.78,0.41,19.91,green,cash,East Chelsea,Soundview/Castle Hill,Manhattan,Bronx
2019-03-01 11:27:07,2019-03-01 11:43:27,1,4.61,17.33,0.68,0.21,22.9,green,cash,Upper West Side South,Manhattan Beach,Manhattan,Brooklyn
2019-03-26 04:34:40,2019-03-26 04:49:22,1,2.3,17.5,1.0,0.14,25.2,green,cash,East Harlem South,Gravesend,Manhattan,Brooklyn
2019-03-08 15:59:15,2019-03-08 16:12:05,1,3.29,4.3,2.14,0.22,20.22,green,credit card,Central Harlem,Flushing,Manhattan,Queens
2019-03-16 16:39:02,2019-03-16 16:53:21,6,2.57,14.0,3.76,0.03,17.27,green,credit card,Manhattan Valley,Clinton West,Manhattan,Manhattan
2019-03-26 15:11:53,2019-03-26 15:28:32,2,0.41,6.7,5.46,0.01,21.8,green,cash,Upper East Side North,Hillcrest/Pomonok,Manhattan,Queens
2019-03-14 07:31:22,2019-03-14 07:46:33,1,1.57,16.69,1.94,0.0,23.3,green,credit card,Greenwich Village North,Soundview/Bruckner,Manhattan,Bronx
2019-03-09 03:58:13,2019-03-09 04:15:12,2,0.76,3.8,2.67,0.02,20.59,green,credit card,Lincoln Square East,Midwood,Manhattan,Brooklyn
2019-03-17 17:45:16,2019-03-17 17:58:45,1,0.29,13.1,2.59,3.65,44.22,green,cash,Jackson Heights,Hamilton Heights,Queens,Manhattan
2019-03-04 06:34:04,2019-03-04 06:46:08,1,0.07,10.4,0.02,0.05,14.76,green,cash,Upper East Side South,Inwood,Manhattan,Manhattan
2019-03-24 23:31:58,2019-03-24 23:45:07,1,20.26,10.45,2.4,1.75,35.34,green,cash,JFK Airport,Mott Haven/Port Morris,Queens,Bronx
2019-03-04 01:32:16,2019-03-04 01:48:54,1,2.99,10.8,1.02,0.06,18.93,green,credit card,Murray Hill,College Point,Manhattan,Queens
2019-03-22 08:36:42,2019-03-22 08:52:05,2,1.19,14.17,1.98,0.05,14.3,green,cash,Lincoln Square East,Clinton West,Manhattan,Manhattan
2019-03-28 07:19:53,2019-03-28 07:34:35,2,2.33,8.46,0.6,0.18,8.5,green,cash,West Village,Garment District,Manhattan,Manhattan
2019-03-30 17:16:04,2019-03-30 17:30:30,1,2.66,16.69,0.54,0.07,22.1,green,credit card,Sheepshead Bay,Highbridge,Brooklyn,Bronx
2019-03-03 09:34:23,2019-03-03 09:46:55,1,1.39,8.3,6.32,0.29,8.85,green,credit card,Midtown Center,Rego Park,Manhattan,Queens
2019-03-06 13:39:27,2019-03-06 13:53:58,2,3.06,9.5,0.45,0.67,16.43,green,credit card,Flatiron,Fort Greene,Manhattan,Brooklyn
2019-03-23 13:24:26,2019-03-23 13:38:35,1,1.69,6.2,0.81,0.01,21.07,green,cash,Union Sq,Two Bridges/Seward Park,Manhattan,Manhattan
2019-03-29 12:10:05,2019-03-29 12:24:58,2,6.23,21.07,0.94,0.08,22.2,green,cash,East New York,Norwood,Brooklyn,Bronx
2019-03-16 02:22:13,2019-03-16 02:36:30,1,6.39,8.1,0.02,0.01,24.98,green,credit card,Meatpacking/West Village West,Penn Station/Madison Sq West,Manhattan,Manhattan
2019-03-01 02:31:37,2019-03-01 02:46:07,1,0.72,18.0,2.4,0.16,35.02,green,credit card,Upper West Side South,Ozone Park,Manhattan,Queens
2019-03-27 05:29:08,2019-03-27 05:45:44,1,6.37,5.65,1.52,2.11,20.3,green,cash,Queensbridge/Ravenswood,Prospect Heights,Queens,Brooklyn
2019-03-10 02:10:38,2019-03-10 02:23:34,1,3.11,10.65,0.49,1.01,26.5,green,credit card,Fort Greene,Mott Haven/Port Morris,Brooklyn,Bronx
2019-03-07 05:07:14,2019-03-07 05:21:08,4,3.5,3.5,2.76,0.08,14.66,green,credit card,Union Sq,Williamsburg (North Side),Manhattan,Brooklyn
2019-03-15 15:23:03,2019-03-15 15:37:26,6,3.96,7.0,0.8,0.03,23.27,green,credit card,Upper West Side South,Bloomingdale,Manhattan,Manhattan
2019-03-23 01:25:12,2019-03-23 01:39:49,2,0.29,12.0,1.13,0.12,29.37,green,cash,Times Sq/Theatre District,Red Hook,Manhattan,Brooklyn
2019-03-08 16:14:51,2019-03-08 16:32:08,1,0.69,9.0,0.23,0.32,13.0,green,cash,Union Sq,Chinatown,Manhattan,Manhattan
2019-03-14 19:56:50,2019-03-14 20:12:01,2,0.04,2.5,0.19,0.09,8.81,green,credit card,Union Sq,Kingsbridge Heights,Manhattan,Bronx
2019-03-17 14:41:01,2019-03-17 14:57:41,2,3.94,15.9,1.4,0.12,24.26,green,cash,West Village,Ozone Park,Manhattan,Queens
2019-03-25 22:09:49,2019-03-25 22:23:08,3,19.99,11.4,0.59,0.99,27.36,green,cash,Elmhurst,Rosedale,Queens,Queens
2019-03-31 03:06:29,2019-03-31 03:21:40,1,2.05,7.6,1.22,0.05,17.47,green,credit card,Midtown Center,Clinton West,Manhattan,Manhattan
2019-03-18 03:25:39,2019-03-18 03:40:50,1,1.6,9.7,2.58,0.04,12.29,green,credit card,Yorkville West,Long Island City/Queens Plaza,Manhattan,Queens
2019-03-17 03:35:09,2019-03-17 03:50:35,1,3.74,8.26,7.11,0.18,12.0,green,cash,Central Park,Upper West Side South,Manhattan,Manhattan
2019-03-03 06:49:19,2019-03-03 07:04:04,2,2.84,9.6,1.2,0.1,10.28,green,cash,UN/Turtle Bay South,Red Hook,Manhattan,Brooklyn
2019-03-31 22:31:19,2019-03-31 22:46:51,1,3.04,14.7,0.2,0.18,54.47,green,cash,Crown Heights North,Cypress Hills,Brooklyn,Brooklyn
2019-03-19 19:03:21,2019-03-19 19:16:50,1,1.77,9.8,0.0,0.16,11.53,green,credit card,Prospect Heights,Jamaica Estates,Brooklyn,Queens
2019-03-15 20:19:39,2019-03-15 20:34:06,1,4.53,13.4,1.76,0.15,17.38,green,credit card,Clinton West,Battery Park,Manhattan,Manhattan
2019-03-12 09:36:43,2019-03-12 09:52:46,1,12.61,9.46,7.6,0.17,14.25,green,cash,Gramercy,Battery Park,Manhattan,Manhattan
2019-03-14 22:09:12,2019-03-14 22:21:10,1,4.57,6.34,2.37,0.05,12.6,green,credit card,Union Sq,Upper East Side South,Manhattan,Manhattan
2019-03-10 22:57:26,2019-03-10 23:09:33,1,2.02,9.1,0.23,1.38,33.23,green,credit card,East Concourse/Concourse Village,East Williamsburg,Bronx,Brooklyn
2019-03-15 02:59:08,2019-03-15 03:13:22,1,4.18,6.5,4.88,0.14,12.4,green,credit card,Clinton East,Corona,Manhattan,Queens
2019-03-06 20:24:59,2019-03-06 20:35:45,1,4.89,14.8,2.19,0.14,20.1,green,cash,Garment District,East Village,Manhattan,Manhattan
2019-03-31 01:51:49,2019-03-31 02:06:16,1,3.97,9.14,4.31,3.95,58.4,green,cash,LaGuardia Airport,Williamsbridge/Olinville,Queens,Bronx
2019-03-28 02:07:29,2019-03-28 02:21:06,5,1.8,12.64,1.7,0.36,13.0,green,credit card,Flatiron,Clinton East,Manhattan,Manhattan
2019-03-25 03:15:27,2019-03-25 03:30:19,5,0.33,21.5,1.84,5.43,37.95,green,cash,Douglaston,Melrose South,Queens,Bronx
2019-03-26 06:47:32,2019-03-26 07:01:17,1,0.45,13.1,1.92,0.04,18.28,green,cash,Yorkville West,Starrett City,Manhattan,Brooklyn
2019-03-11 22:35:59,2019-03-11 22:49:53,2,3.03,6.55,5.9,0.04,12.12,green,credit card,Upper East Side North,Queensboro Hill,Manhattan,Queens
2019-03-21 12:13:22,2019-03-21 12:28:03,1,1.85,9.5,0.16,0.24,14.3,green,credit card,Gramercy,Melrose South,Manhattan,Bronx
2019-03-17 10:26:12,2019-03-17 10:44:02,1,14.11,8.27,2.32,0.83,45.8,green,credit card,Cobble Hill,Long Island City/Queens Plaza,Brooklyn,Queens
2019-03-21 19:18:19,2019-03-21 19:33:16,1,2.2,11.56,0.67,0.04,15.1,green,cash,West Village,Sunset Park West,Manhattan,Brooklyn
2019-03-08 16:13:02,2019-03-08 16:28:57,1,2.07,8.7,3.11,0.02,17.96,green,cash,Hudson Sq,Woodhaven,Manhattan,Queens
2019-03-18 09:01:35,2019-03-18 09:18:01,2,3.43,4.74,0.01,0.08,14.1,green,credit card,Prospect Heights,Hamilton Heights,Brooklyn,Manhattan
2019-03-09 23:58:16,2019-03-10 00:11:58,1,2.63,4.3,3.28,0.13,10.52,green,credit card,Times Sq/Theatre District,Central Harlem,Manhattan,Manhattan
2019-03-14 19:15:23,2019-03-14 19:30:06,1,10.91,8.9,0.84,0.11,20.11,green,cash,Greenwich Village North,University Heights/Morris Heights,Manhattan,Bronx
2019-03-14 07:04:53,2019-03-14 07:18:51,1,0.94,7.94,2.02,0.19,11.5,green,credit card,Flatiron,Jamaica Estates,Manhattan,Queens
2019-03-04 08:00:25,2019-03-04 08:14:08,6,0.19,15.4,6.5,0.52,24.2,green,credit card,Battery Park,Lincoln Square West,Manhattan,Manhattan
2019-03-07 22:04:46,2019-03-07 22:19:23,1,1.51,14.8,0.22,0.24,18.52,green,cash,Hudson Sq,Old Astoria,Manhattan,Queens
2019-03-23 23:20:49,2019-03-23 23:36:23,3,10.49,38.66,6.78,0.26,78.1,green,cash,LaGuardia Airport,Bay Ridge,Queens,Brooklyn
2019-03-19 02:05:16,2019-03-19 02:16:07,1,2.53,5.6,2.46,0.1,22.47,green,cash,Clinton West,West Concourse,Manhattan,Bronx
2019-03-05 11:05:15,2019-03-05 11:19:47,1,3.03,8.6,0.74,0.14,22.29,green,credit card,Lenox Hill West,Murray Hill-Queens,Manhattan,Queens
2019-03-18 04:34:55,2019-03-18 04:48:03,1,1.02,6.77,3.09,0.0,7.4,green,cash,Garment District,North Corona,Manhattan,Queens
2019-03-22 15:06:16,2019-03-22 15:20:17,2,3.61,2.43,6.3,0.65,12.01,green,cash,JFK Airport,East Concourse/Concourse Village,Queens,Bronx
2019-03-13 09:41:20,2019-03-13 09:54:24,5,3.07,1.7,1.3,0.09,11.66,green,credit card,Yorkville East,East Williamsburg,Manhattan,Brooklyn
2019-03-28 03:07:27,2019-03-28 03:21:40,1,0.52,11.1,2.83,0.13,21.3,green,credit card,Central Park,Hudson Sq,Manhattan,Manhattan
2019-03-08 23:44:16,2019-03-08 23:59:17,1,4.29,7.24,3.08,0.01,12.7,green,cash,Penn Station/Madison Sq West,Crown Heights South,Manhattan,Brooklyn
2019-03-02 22:03:46,2019-03-02 22:16:25,6,4.33,5.4,1.17,0.01,12.64,green,cash,Times Sq/Theatre District,Lenox Hill West,Manhattan,Manhattan
2019-03-29 01:30:03,2019-03-29 01:45:34,1,8.46,38.36,1.95,0.43,48.9,green,cash,JFK Airport,Red Hook,Queens,Brooklyn
2019-03-16 05:34:50,2019-03-16 05:50:10,1,0.43,11.0,1.08,0.23,32.57,green,credit card,Midtown East,Canarsie,Manhattan,Brooklyn
2019-03-27 11:10:45,2019-03-27 11:23:58,1,5.38,10.9,4.09,0.38,18.89,green,credit card,Woodside,East Flatbush/Farragut,Queens,Brooklyn
2019-03-26 02:13:26,2019-03-26 02:29:36,1,1.67,10.1,4.7,0.56,16.63,green,cash,East Harlem South,Parkchester,Manhattan,Bronx
2019-03-21 19:20:41,2019-03-21 19:32:31,1,1.38,12.83,0.25,0.06,23.4,green,credit card,Washington Heights South,Upper East Side North,Manhattan,Manhattan
2019-03-20 05:23:20,2019-03-20 05:39:14,1,0.8,7.1,1.1,0.06,18.96,green,credit card,West Chelsea/Hudson Yards,East Tremont,Manhattan,Bronx
2019-03-05 04:07:37,2019-03-05 04:20:21,1,0.34,19.67,0.42,0.09,23.5,green,cash,Bloomingdale,Flatlands,Manhattan,Brooklyn
2019-03-03 03:25:43,2019-03-03 03:39:50,1,2.07,10.9,0.94,0.06,16.74,green,cash,East Village,West Village,Manhattan,Manhattan
2019-03-18 11:06:49,2019-03-18 11:22:17,2,1.61,3.1,1.47,0.03,19.43,green,cash,UN/Turtle Bay South,Midtown Center,Manhattan,Manhattan
2019-03-19 10:56:23,2019-03-19 11:09:52,1,0.63,9.9,0.94,0.07,24.09,green,credit card,Central Park,Old Astoria,Manhattan,Queens
2019-03-31 13:39:07,2019-03-31 13:52:59,1,1.78,7.0,0.37,0.13,16.53,green,cash,Seaport,Red Hook,Manhattan,Brooklyn
2019-03-12 20:19:10,2019-03-12 20:33:54,1,0.75,10.48,0.73,0.03,11.7,green,cash,Flatiron,Cypress Hills,Manhattan,Brooklyn
2019-03-27 02:25:58,2019-03-27 02:41:57,1,0.39,9.3,2.48,0.05,11.55,green,credit card,Central Park,Maspeth,Manhattan,Queens
2019-03-10 07:41:48,2019-03-10 07:55:20,1,0.42,15.3,0.9,0.05,43.15,green,credit card,Downtown Brooklyn/MetroTech,Pelham Parkway,Brooklyn,Bronx
2019-03-12 19:31:36,2019-03-12 19:45:18,1,2.49,6.3,2.02,0.2,16.57,green,credit card,Lincoln Square West,East Tremont,Manhattan,Bronx
2019-03-19 12:52:46,2019-03-19 13:06:52,1,12.51,20.0,3.36,1.01,102.25,green,cash,LaGuardia Airport,East Flatbush/Remsen Village,Queens,Brooklyn
2019-02-28 01:55:36,2019-02-28 02:10:24,1,2.44,9.4,4.07,0.06,23.43,green,cash,Greenwich Village North,Hamilton Heights,Manhattan,Manhattan
2019-03-01 02:02:23,2019-03-01 02:15:33,2,3.95,6.18,0.23,0.03,12.3,green,credit card,Lincoln Square East,Dyker Heights,Manhattan,Brooklyn
2019-03-03 06:46:43,2019-03-03 07:02:46,1,6.77,8.8,0.23,0.03,14.32,green,credit card,Hudson Sq,Hamilton Heights,Manhattan,Manhattan
2019-03-05 10:33:02,2019-03-05 10:47:52,2,1.63,16.71,5.19,2.13,63.3,green,cash,LaGuardia Airport,Greenpoint,Queens,Brooklyn
2019-03-22 12:19:27,2019-03-22 12:33:49,1,5.28,8.2,0.56,0.32,21.87,green,credit card,West Village,Fresh Meadows,Manhattan,Queens
2019-03-18 03:43:26,2019-03-18 03:56:21,1,2.19,16.47,1.01,0.01,17.4,green,cash,Midtown East,Claremont/Bathgate,Manhattan,Bronx
