sentence1,sentence2,label,idx
Two beige dogs play in the grass.,One general key to not feeling dejected is to avoid comparing yourself to others.,0.320569188926081,917
a woman watches a rap group live,"Eurozone debt crisis is over, says France's President",4.048873784704674,1456
Cardinals enter Vatican for historic vote,"wikipedia, as much as it is a supposedly self correcting medium, is not necessarily a definitive account of anything.",4.182603830072358,1232
A woman is mixing eggs in the bowl.,"The Telegraph can reveal that Sir John Stevens, the Metropolitan Police Commissioner, placed his force on its highest alert last week.",1.211448758551105,514
Two cats are close together inside and black and white furry enclosure.,A man sitting up taking a nap on a park bench with an open umbrella protecting him from the sun.,4.659481272389401,718
Both papers are being published today in the New England Journal of Medicine.,A woman is kneading tortilla dough.,0.857050079045298,1260
"An incremental step reported by researchers at the University of California, San Francisco, is the latest in a decade-long effort.","Eurozone debt crisis is over, says France's President",2.464443533409614,750
"Many people are on the beach, near a building with flags flying.",Executive recruiters say that finding a seasoned chief merchandising officer perhaps will be the trickiest of all hires.,1.738412039044954,1217
"It's true that, under one understanding of ""accessibility"" and ""determining"", your accessibility relation is determined by your axioms.",A woman driving a car is talking to the man seated beside her.,0.439876576581859,620
The dogs are chasing a cat.,US military aircraft shot at during evacuation mission in South Sudan,4.130252781212074,947
"Let me share my opinion as Ukrainian citizen, from Kharkiv, eastern Ukraine.","Later Tuesday, Graham was expected to be re-elected for a second one-year term.",2.877405972435173,1463
Here is a lexical decision task I wrote years ago using PHP and Javascript (github link).,"A federal appeals court ruled Tuesday that the U.S. government can withhold the names of people detained as part of the September 11 investigation, reversing a lower court decision.",4.559310650827233,109
Someone is mixing a liquid.,A man is using a large pole to remove letters from a sign.,2.645895621097131,261
"As others have mentioned, the iRobot Roomba is an excellent example of a household robot which does meaningful work.","Whenever I start reading the same lines over and over again, I start skimming.",2.72007110647843,583
Texas residents seek healing at church after deadly blast,A blue moped parked on the sidewalk.,4.7522405957221,530
GPS (wikipedia) is based on orbiting satellites and so is accurate worldwide.,A young girl wearing a bike helmet with a bicycle in the background.,3.8937762302823,1170
"In English, certainly the most common use of do is Do-Support.",My GTD system is effectively 100 percent electronic--as described in detail here.,2.899398187730841,1006
"Investigators uncovered a 4-inch bone fragment from beneath the concrete slab Thursday, but it turned out to be an animal bone, authorities said.",At least 78 killed in Pakistan church bombing,0.6659399351284,702
"It does sound like your cat is upset about something, and trying to communicate it to you.",Obama to meet Ukrainian prime minister at White House,4.554390938613714,1147
"The American Anglican Council, which represents Episcopalian conservatives, said it will seek authorization to create a separate group.",Research does indicate that sleeping after studying is a pretty good rule-of-thumb.,0.071434939976305,1308
"This integrates with Rational PurifyPlus and allows developers to work in supported versions of Java, Visual C# and Visual Basic .NET.",A tiger attacks a man.,2.736088781134312,876
"The world's largest software company said it recognized the difficulty the multiple patches posed for companies, and set out to make it easier for them to apply the updates.","BusinessWeek Online has learned that the settlement could come as early as Monday, May 19.",2.877104188462324,1184
Nearly all countries grew quickly in the 1950s and 1960s for pretty much the same reasons.,Motorcyclist performing a wheelie next to a car.,1.76606890709444,860
A man shoots a man.,A woman is working as a nurse.,4.38821490765326,1427
A man is singing into a microphone.,It is the same idea as what Aristotle called the unmoved mover.,1.535147219758362,9
A man is playing an electronic keyboard.,I have been reading on this topic since I have asked this question.,1.940380236872474,651
"These are interesting studies, but the bottom line is: yes, environment affects cognitive abilities.",Venezuelan leader returning to Cuba for treatment,3.453779708918981,1267
The woman is holding the hands of the man.,TThe girl is standing in front of the open door of the bus.,4.525623458424427,1349
A black dog running through the snow.,"According to the State Department list, about 25 nations have signed bilateral agreements in the past four months, about half in the past three weeks.",2.79022385056547,322
A man sitting on the floor plays a guitar.,A dog laying in the snow.,0.554006334277366,274
"I have a few Nikon lenses, and a Sigma 10-20mm for super-wide shots.","This is still a representational form of gov't, but with a unique twist.",0.653211646904172,1107
Egypt arrests Muslim Brotherhood leader Badie,"Shares of LendingTree rose $6.21, or 42 percent, to $20.90 after hitting $21.36 earlier.",2.368456885850662,1378
A small white dog running across a lawn.,"Probably subjective, but ... Good clad stainless steel will give you much better cooking performance per dollar than copper.",0.784323155920033,31
The best way to clear your head after a study session is by taking on a vigorous physical exercise (min.,The girl is playing the guitar.,0.819291341594552,326
A close-up of a cat on a cream sofa.,A man plays a guitar.,4.375761111238774,111
"Here is the 2006 cover release, choice B in your question is the 2006 version.",Old style bicycle parked on floor.,3.283159033437211,1127
"Our daughter has always loved her bath, but coming out... not so much.",Police believe Wilson then shot Jennie Mae Robinson once in the head before turning the gun on herself.,3.320351980512952,1366
Children are playing on a trampoline in the snow.,"The service will launch later this summer with 800 locations, and Sprint plans 2,100 locations by the end of the year.",0.868676232388853,1077
"From Broadway comedies like ""The Seven Year Itch"" (1952), ""Will Success Spoil Rock Hunter?""",Sheep are grazing in the field in front of a line of trees.,0.745801225524442,939
The man cut up an onion.,The women are in a play,3.603949729687997,1351
UK spends £3m on foreign prisons,"By the wording of the question, I'm pretty sure you're using one of those pyramidal graters or a ""sheet"" grater.",3.886484170542154,1240
"Reading your post, made me think of my younger years !!",38 feared dead in Russian psychiatric hospital fire,3.979288662431808,596
Protests for kidnapped girls banned in Nigerian capital,Israel launches air strikes near Damascus,0.992806339009648,671
"U.S. forces struck dozens of targets on Monday, killing six guerrillas and arresting 21 others, the military said.",My GTD system is effectively 100 percent electronic--as described in detail here.,3.033704897579481,119
A pair of young boys in t-shirts are hiding in the woods with one looking aghast.,Heavy rains leave 18 dead in Philippines,0.714414735969413,1247
A woman is hitting a man.,"Volkswagen's ""gesture of goodwill"" to diesel owners",2.670051783599551,160
A skateboarder jumps off the stairs.,"Still, Pinellas rabies cases fell sharply to 17 in 1996 and 3 in 1997, Agnew said.",3.378527643258818,1390
A woman walking down the side of a highway.,Small office space with bright green walls.,3.612349886563821,17
The biker is doing dangerous stunts.,A white cat laying on a sheet.,0.145459680543176,1252
Representatives for Puretunes could not immediately be reached for comment Wednesday.,Football: Messi hits 300th Barcelona goal in comeback win,2.774450787566056,1360
A blue scooter parked on a sidewalk.,"A key portion of the accord was the implementation of a special council to monitor health spending, set goals for the system and measure progress in reforming health care.",4.813645659912552,377
A man is riding on a boat.,"Best Minister, Scrimshaw, and Ten Most Wanted all had workouts on Monday morning.",3.817189939133728,701
A skier is jumping in the air over a snowfield near a mountain range.,China's yuan weakens against USD for third day,1.027423648726193,167
Turkish police mass near Istanbul park protest area,"guillemets, as suggested by Lauren Ipsum, is a good option.",2.69087576131392,1365
The best way to clear your head after a study session is by taking on a vigorous physical exercise (min.,"They cover more than 300,000 UAW workers and 500,000 retirees and spouses.",2.817604846074899,665
A chef is preparing some food.,A man in a tux on a white horse.,3.941256118218364,939
A woman is taking a picture.,Both of these styles of bowling are performed by bowlers who are medium pace or fast bowlers.,1.816777213932087,1048
The best way I have found is to soak the ears in husk for several hours before grilling.,US decries Pakistan doctor's fate,2.260015144007436,1282
Many guards are standing in front of the starting line of a race.,"In my experience, babies tend to wake up by themselves when they get hungry.",3.842184171224773,667
Spanish jobless rate soars past 25 per cent,The women are in a play,2.586128268861488,366
"Zipf’s law, as I understand it, is not really about languages, but about statistics and probability.",A man is dancing in the rain.,4.174951508538318,1034
A group of people having a meal outside.,The woman is cutting potatoes.,1.527437477641961,802
Israel expands subsidies to settlements,Websites fight nasty comments by taking away anonymity,3.901551965442809,1465
Someone is pouring chicken broth into a pot.,Music industry mourns Whitney Houston,2.671960533117739,341
Protests after George Zimmerman acquitted in Trayvon Martin case,From personal experience I found that a pace setter to be incredibly helpful.,0.518759236058844,1033
A woman pours oil into a skillet from a plastic bottle while she is talking.,A boy is vacuuming.,3.744644789327928,164
"Iran, IAEA Officials Meet Ahead of March Nuclear Deadline",Two vehicles are going towards the camera.,1.490319810061832,453
A black train moves down the tracks.,I am too a hobby swimmer but as part of my triathlon training.,2.755084658299914,66
The answer to your question is: It depends on how the writer works.,A man is turning over tables in anger.,4.897377964826815,660
Michelle Obama To Star In Parks And Recreation,"In traditional grammar, the word doing is a participle in all your examples.",0.11686994818519,1150
"The commission dropped charges that Patton improperly appointed Conner to the Kentucky Lottery Board and that he improperly appointed Conner's then-husband, Seth, to the Agriculture Development Board.","Yes, it is accepted practice to wash new Semi-Static rope (or Single Rope Technique/SRT Rope as it is known by cavers).",2.968016153072828,26
"Currently I've got a fairly close to purely digital GTD setup, although this could do with some refinements and tweaks.",The least that can be said is that we must be born with the ability and 'knowledge' to learn.,2.594823405963837,674
"The farther away, the faster the galaxies move away from us.",A man is playing flute.,2.716728964641585,562
U.S. fast-food workers plan nationwide strikes over minimum wage,Two grey dogs are carrying a stick in the water.,1.241700589763118,1368
Manchester United Ticket Sales And Profit Down,Obama waiting for midterm to name attorney general,2.981664032246895,152
10 Things to Know for Wednesday,A woman wearing a white shirt stands on the street.,2.08453771306898,45
"One killed, 40 injured in Mexico candy factory blast","Allergies to animals, particularly furry ones, can be across the board rather than species specific.",1.130334593809939,716
It's pretty difficult to imagine a person with Social Anxiety Disorder being an extrovert.,One idea that's been going around at least since the 80s is that you can distinguish between Holds and Moves.,4.653929556258131,1494
Boy lying on couch with small white dog.,The dogs play in the snow.,0.424653597782854,806
A group of people having a meal outside.,"Thursday morning, PeopleSoft's board rejected the Oracle takeover offer.",0.029315699817112,154
The best approach is play with your cat each night in the evening before bedtime.,"Gulping for air, I started crying and yelling at him, 'What do you mean?",2.725904111580129,938
A man is feeding a mouse to a snake.,I brought an Ace product that kla crab grass and you can use it below 90 degrees.,2.473077965604772,1033
As part of a restructuring Peregrine sold its Remedy help desk software unit last year to BMC Software Inc.,"I'm English, and would probably use 'toilet' most of the time, and always in the context of a private home.",0.123621225348359,939
A close-up of a brown horse.,A slow loris hanging on a cord.,3.471377186737663,442
"For what it's worth, dirt on the lens might not be as detrimental as you would think.",A small boy laying on a sofa with a dog.,1.532388823443903,109
I would recommend asking questions in a way that doesn't require a yes or no answer.,The federal standard for ozone is 0.12 parts per million.,3.881538787184806,122
Syrian troops kill 35 in Damascus suburb,Adding soap to water allows the water to dissolve oils.,3.326983783501697,1303
The man is trying to feed the snake with a mouse.,"Military plane crashes in southeastern Turkey, 1 dead",1.027260452626039,220
They are being held on immigration violations as the incident is investigated.,"There is a very good reason not to refer to the Queen's spouse as ""King"" - because they aren't the King.",3.965398762625132,665
A black and white photo of an old train station.,"""I'm absolutely confident we're going to have a bill,"" Frist, R-Tenn., said Thursday.",0.340731426920307,9
Two girls are playing Doctor inside their house.,Two women are sitting in a cafe.,3.710924487621557,376
I think you need to apply a little statistical thinking to this.,A man and woman sitting on a motorcycle.,0.793384017488326,995
Israeli PM makes case on Iran to US voters,A dog laying in the snow.,1.480190452821412,143
Two people sitting on a large motorcycle.,"Playwright George Axelrod, who anticipated the sexual revolution with The Seven Year Itch and Will Success Spoil Rock Hunter?",3.570547053095832,1099
In some cases the implication could even be that Tom does not love her.,I think a learning attitude is the founding skill of a self-taught person.,0.271358112659011,1462
I disagree that the moniker “most extensive” should be applied to Dorothy Jones Heydt’s language.,Egypt braces for more violence as Muslim Brotherhood calls 'march of anger',1.53226818845651,508
Boat sails in rough water.,Green Lantern to be relaunched as gay superhero,0.849821602862466,11
The dogs are chasing a cat.,A girl is riding a bicycle.,4.095102625938011,1066
"Yes, absolutely - the receiving player must allow the ball to bounce before returning the serve - or any shot, actually.",Definitely plan a month ahead - it's totally OK for your plans to change - just amend them as they do.,0.535526141157637,204
Three dogs playing in the snow while one dog wears a jacket.,Salmon is a great choice and it's readily available pretty much everywhere.,4.246942017394249,1225
A blue scooter parked on a sidewalk.,A close-up of a black train engine.,4.528904776907403,750
At least 12 dead in Washington ...,Supposedly Danios need to school which mean you need at least 5-8 Danios in your tank.,4.991668070890791,1181
I started watching the Stargate series by watching Atlantis first!,Trombonist playing the her instrument in a band for a parade.,1.589916023776327,907
Egypt's Coptic Pope Shenuda III dies,The man and woman are walking.,1.93731536783942,695
Four children looking at barn animals.,"In his letter, McBride charges the Free Software Foundation and Red Hat with trying to undermine U.S. copyright laws.",1.111708676137156,956
People who are good at the philosophy of mathematics are mathematicians and not philosophers.,Turkey's PM Warns Against Protests,3.56308152235906,888
"""I know of no pressure,"" said Mr. Feith, the under secretary of defense for policy.","""The petitioners are entitled to respect for their private lives.""",3.968087678466352,1139
"While Queen may refer to both Queen regent (sovereign) or Queen consort, the King has always been the sovereign.",But the United States' ultimate goal was not just to topple Mr. Hussein but to stabilize the country and install a friendly government.,4.085239929674266,1304
Obama signs law aimed at barring Iran UN envoy,"As covered in the other answers, your only option is to see a vet in order to have surgery done.",2.407475598016399,863
A man is cutting a potato.,"That is, if the Recording Industry Association of America has anything to say about it.",1.252938601548686,904
Living room or den with large screen television.,A man is jumping over a stream to meet his companion on the other side.,2.072679241842443,776
A man in a grey suit kneels in front of a woman in a white dress.,Germans represent more than a quarter of all foreign visitors to Italy and 40 percent of hotel bookings.,1.823995066575712,801
Another migrant ship capsizes off Italy,Why did Aristotle place the earth at the centre of an infinite universe?,0.889613187233571,1121
If a statement is not provable an inconsistency or self-contradiction may or will develop that invalidates the system.,A man is standing in the rain.,2.798148008183131,788
A black and white photo of an old train station.,"US Airways Flight 5481, which crashed Jan. 8, was judged to be within 100 pounds of its maximum takeoff weight.",3.710240045947659,1243
"Yes, but it does not stay in the same constellation.",A young man is playing the guitar.,2.221000230912823,887
"I think that for an understanding Wittgenstein's ""solution"", you must take in account the original (historical) context.","Usually it's a refuelling stop, and you just sit on the plane.",1.710891482255191,397
"Clinton: US, Europe must do more against tyrants",A boy with an oar walks out of the surf and onto a beach.,2.065493861289372,582
6.4-magnitude quake strikes off Indonesia,A convicted killer and two other inmates cut through two fences topped with razor wire and escaped from a state prison on a busy street.,4.636264089434498,50
"Quotes from leaders, family at Mandela memorial",A woman cuts off a small piece of lemon rind.,1.942860968556324,1118
You will be hard pressed to find scientific studies that answer these questions with any certainty.,A slow loris hanging on a cord.,3.971071219358926,1089
A man plays a keyboard.,"To train yourself to use keyboard shortcuts, unplug your mouse for a few days.",3.724716929032531,1056
Egyptians vote to pick president for first time,A man on a boat getting ready to pull in his net to see what he caught.,1.45763094104291,1327
The gate is blue.,"I'm English, and would probably use 'toilet' most of the time, and always in the context of a private home.",0.025579282010176,613
"This post refers to research in the STEM fields, and may not be applicable to other research topics.","Moore, the suspended chief justice of the Alabama Supreme Court, stands trial before the Alabama Court of the Judiciary.",1.08342074621217,819
"The recipe I work from has you put the meat in the freezer, then pan sear it.",Neuromuscular Activation and Dynamic Stretching Here is an excellent video on a dynamic stretching routine for running.,0.893954124367946,1385
"To paraphrase a common saying, ""One man's weed is another man's lawn"".",A man is cutting up carrots.,1.324826825082673,870
"There are trains via Knin, which means a large detour inland (there just isn't a coastal line).",Constellations are human constructs to make sense of the night sky.,1.788928581913831,1137
the tan dog is playing with the red dog out in the snow,Nigeria church blast kills at least 12,3.354647239309892,1161
Two fishermen try to untangle their large fishing net on the side of the road on a cloudy day.,Moderate earthquake hits southern Pakistan,1.15518574090954,1360
Some smiling children are standing in front of an ocean sunset.,"The Note's Must-Reads for Tuesday, October 8, 2013",3.398940841386442,240
A woman is chopping an onion.,A crowd of people at an outdoor event,4.932661291099024,528
"The technology-laced Nasdaq Composite Index .IXIC inched down 1 point, or 0.11 percent, to 1,650.",Large cruise ship floating on the water.,3.882554800541138,955
A man with glasses and two plastic bottles in the foreground.,A social gathering of people in a restaurant.,2.280108155555942,909
two dogs running in the snow,"Netgear prices the WGT634U Super Wireless Media Router, which will be available in the first quarter of 2004, at under $200.",0.100148074445392,376
Almagor blasts Netanyahu over prisoner release,"If you don't mind hosting your files online, SlideShare is a good solution.",0.170296511710045,1329
The sky has very little to no clouds.,A blue moped parked on the sidewalk.,4.300755907671849,964
Two men on boat floating on the water.,"In general, warming up your muscles only requires performing the movement with lower weights.",4.655590348020654,205
The veteran Malyasian diplomat met Suu Kyi Wednesday at the lakeside home in Yangon where she is under house arrest.,A man is playing an instrument.,0.754849827870751,446
"The dollar was at 116.92 yen against the yen , flat on the session, and at 1.2891 against the Swiss franc , also flat.","At first, I thought this is a bit of a tricky question.",2.068052571181867,608
"The technology-laced Nasdaq Composite Index was up 7.60 points, or 0.46 percent, at 1,653.62.",A woman lifts weights.,4.99791132387053,1132
"Properly executed weight training will increase, not decrease, your flexibility and mobility.",Here are some things that worked with my son who started toilet training around 2.5 years.,3.384509247904379,1460
A group of seven people are rafting in the rapids in a green boat.,The man helps the boy ride a bike.,4.054186432231215,1147
"""What they have done is a thinly veiled attempt to do an end run around the Constitution,"" she said.",A man is playing a guitar.,4.530640257889965,363
A man dives into a pool.,Israeli army kills 3 Palestinian militants in West Bank clashes,3.839675327000045,466
The white ducks are standing on the ground.,Four women and two men sit at a long table in a restaurant.,2.543284130406677,1248
32 die in Bangladesh protest,A woman is dancing.,1.52370563096938,174
"Police then called a bomb squad, but the device exploded, killing Wells, before bomb technicians arrived.",A woman is cleaning a shrimp.,1.074252997853769,34
"Crohn's disease causes inflammation of the intestine and symptoms include diarrhea, pain, weight loss and tiredness.",A man is standing on one feet on a bridge.,0.724245664808424,1155
The cook is kneading the flour.,8 dead after heavy rains on island of St Vincent,2.848856891209248,439
Two girls are playing Doctor inside their house.,A woman is putting flour onto some meat.,1.471353947320523,67
A black and brown dog is chewing on a large stick.,Sheep are grazing in the field in front of a line of trees.,3.588088904827899,1183
"The user needs to evaluate for his/herself the cost/benefit of an ""obvious"" efficiency tool, such as macros.",Several men running down a grass field wearing numbers on the front of their shirts.,1.796031301419778,552
"The recipe I work from has you put the meat in the freezer, then pan sear it.",Use coco peat - It's an organic soil derived from coconut husks for garden vegetables and plants which is Eco-friendly.,1.39616516947167,173
"Iran, IAEA Officials Meet Ahead of March Nuclear Deadline",Puretunes representatives could not be located Thursday to comment on the suit.,3.989429019757998,175
"""What I am really looking for is an estimation of the Muslim population..."" @ThanosK and @T.E.D., an overall, general population estimation f.e.",A man is playing an instrument.,4.600217503009305,1292
The difficulty arises not from the various linguistic properties of the language pair as many here suggest.,A man is on a roof dancing.,3.757422616326968,1249
"In his new position, Dynes will earn $395,000, a significant increase over Atkinson's salary of $361,400.",At least 150 dead as strong quake hits southwest Balochistan,0.829539830079384,880
Obama is right: Africa deserves better leadership,A black and white dog is jumping over a hurdle.,0.738582849282173,254
There is NO good reason for the failure to implement video plays in professional soccer.,My opinion is to wait until the child itself expresses a desire for this.,0.15808189052423,163
A person is combing a cat hair.,a group of people white water rafting in a blue raft.,4.368584481158909,1402
I can only think of context using insofar as or insofar that.,The dogs are chasing a black cat.,4.097649375627092,518
A man with glasses and two plastic bottles in the foreground.,"You can mix those, but in my experience, it will be very difficult at first.",4.538663432316206,1397
A guy is playing hackysack,"As mentioned in previous answers, rats and gerbils can be offered instead of mice or in a rotation with mice.",3.39863907701171,1182
A dog with a stick follows another dog through the water.,A boy is playing a game on a laptop.,4.859910525918252,476
A man is jumping into water.,Dozens reported killed in Venezuela prison riot,0.900833273734395,958
"Another million barrels, bought by Spanish refiner Cepsa SA, was to be loaded onto a Spanish tanker, the Sandra Tapias.","Bill De Blasio sworn in as New York mayor, succeeding Michael Bloomberg",0.465689765338952,1115
Chances are picking the seeds once it's gone to seed isn't going to actually encourage new growth.,Jordan Opens First Refugee Camp for Syrians,3.922719821327063,537
"The assertion is false, at least as you've restated it here.",North Korea nuclear test,2.90536442447604,571
"Russia, China veto UN resolution on Syria endorsing",The woman is poking holes in the potato.,1.291646566809374,1182
A man with a grey beard rides his bike on the beach of the ocean.,A motorcycle is parked by a mural of a city in the evening.,1.743387796160029,412
"Copper can be useful for certain tasks due to the its metallic properties (heats quickly, distributes heat evenly, etc.",The capital severely punishes people who head out to the restricted areas (e.g.,3.906812774970323,458
A woman is dancing.,"Age is not a PhD admission facor in the continental Europe, too.",4.740560160198044,1477
Juror: Sandusky appeared to accept his fate,You only need two-dimensional trigonometry if you know the distances to the two stars and their angular separation.,1.740965532743778,1438
"At midnight on Wednesday, 68 percent of voters said ""no"" to the tax, with 97 percent of the votes counted.",The man is pouring broth into the pot.,4.600615931118764,124
The brown dog is resting his head on a white pillow.,A helicopter flies over water.,0.490244080565095,84
"If you don't want to pay for Adobe Acrobat Pro, as @schultem mentions, LaTeX can do this with embedded hyperlinks.",The kids are playing a game with each other.,4.463279502610092,959
A woman is carrying a boy.,A tan dog is lying on a couch and has its head on a white pillow.,0.913454551350457,244
"Mr Pollard said: ""This is a terrible personal tragedy and a shocking blow for James's family.",The lady sliced up the meat.,1.26205447144104,602
"Nine seconds later, it broke the sound barrier and continued its steep powered ascent.",A man slices an onion.,4.385724220063395,30
"Yes, you can add coffee grounds with their filters to your compost pile.","Freight train derailment, explosion prompts evacuation",0.950258231484337,934
There is a young girl.,"A key portion of the accord was the implementation of a special council to monitor health spending, set goals for the system and measure progress in reforming health care.",1.451816972888405,71
"A young woman with outstretched arms stands in front of a ""Going Places"" bus.",A woman is slicing a tomato.,3.039294066232534,1050
A woman pours oil into a skillet from a plastic bottle while she is talking.,"The technology-laced Nasdaq Composite Index .IXIC was down 1.55 points, or 0.09 percent, at 1,744.91.",4.49140004057705,639
"I think that for an understanding Wittgenstein's ""solution"", you must take in account the original (historical) context.","The lawyer for Hollins Jr., Thomas Royce, has said his client had no link to the company that owned and operated E2.",2.073287704857616,711
A black and white photo of an old train station.,"In addition to @Pearsonartphoto's answer, you can use flash (either the built-in or better yet, an extarnal) to freeze the motion.",0.075997804935019,1316
A man is playing the drums.,It will appear in the next few weeks on the Web site of the Proceedings of the National Academy of Sciences.,3.425237066434809,1316
"No, you don't need to have taken classes or earned a degree in your area.",Annan urges end to Syrian violence,4.989279016524305,44
The cougar is chasing the bear.,A man is kayaking in rough waters.,3.058070987286993,1352
"Apart from admission (which normally should not be related to age), there is something that's related to your question.",The bomb exploded while authorities waited for a bomb squad to arrive.,2.439108287043967,486
"The dollar was at 116.92 yen against the yen , flat on the session, and at 1.2891 against the Swiss franc , also flat.",A small girl sits on a stone ledge near a white flowering plant.,1.312261407626999,476
Six killed in drone strike in N Waziristan,There are three main factors that drive the low shadow economy in the US.,4.826578567806408,630
A boy is playing a piano.,China's industrial output growth slows to 9.2 pct in July,1.580622256102184,107
"Nationally, the federal Centers for Disease Control and Prevention recorded 4,156 cases of West Nile, including 284 deaths.",A man is spitting.,3.936040291654343,941
"At his request, he will be reassigned within the district.","Britain's Prince Philip hospitalised, to miss jubilee",3.034002584568852,680
Fire in Russian psychiatric hospital kills 38,Heatley underwent surgery Saturday for a broken jaw and an MRI found two torn ligaments in his right knee.,2.761984672365582,567
Obama is right: Africa deserves better leadership,"Gold's bounce pulled other precious metals higher, sending silver to $4.83/85 an ounce from $4.80/82 last quoted in New York.",4.379951342328633,361
A small yellow boat sitting on a tropical beach.,My GTD system is effectively 100 percent electronic--as described in detail here.,2.231242282094127,693
A family is playing on the beach with their dog.,A man is doing a card trick.,0.924180019912921,463
US Supreme Court limits president's recess appointments power,A woman is slicing carrot.,2.787281642978108,221
A coal train traveling down the tracks.,A woman is getting her dog to jump in the air.,4.358879216084226,311
A dog walks along a beach with breaking waves.,A woman is sitting in an office.,2.586199682352687,1025
"Although cheese is very healthy and also good during pregnancy, some types might contain Listeria, which can cause serious problems.",A man and a woman resting after exercise.,3.423002653648552,783
a group of navy seals are singing,Dozens reported killed in Venezuela prison riot,2.766860427058943,251
Two horses standing in a field with trees in the background.,A man plays the guitar.,3.980827470872831,1015
A crowd of men wearing paper numbers on their shirts run in a race.,"""I had mainly been"" is fine, in the context you're using it.",1.474324816966852,844
"Leaving aside heath care angle, you are working from a flawed premise that waging war doesn't save lives.",A chef prepared a meal.,2.820046902797375,1228
I don't think there are likely to be any standards that address this issue specifically.,"A Spanish tanker, Sandra Tapias, was to be loaded with another million barrels, bought by Spanish refiner Cepsa SA, in the afternoon.",0.41442089008476,233
The woman is waiting for her date.,I'm actually about to do the same thing when transferring at London Heathrow.,1.222850333659714,347
A bull standing in the field.,"Hebei has reported 191 cases and eight deaths, though the WHO experts did not say how many were in rural areas.",2.33085536175424,1248
"Colin Powell, the Secretary of State, said contacts with Iran would not stop.","To train yourself to use keyboard shortcuts, unplug your mouse for a few days.",0.175107510874574,38
The man and woman are resting on a couch.,They say second-quarter earnings reports will be key in giving investors that guidance.,2.037706732548434,1311
"""It seems to me ... we're just dealing with bragging rights here, who wins and who loses,"" said Gammerman, who heard the case without a jury.","The U.S. women, who are defending champions, will play on Sept. 25 in Philadelphia and conclude group competition on Sept. 28 in Columbus, Ohio.",3.423270275242185,1423
Men competing in a contest.,Full text: China-EU 2020 Strategic Agenda for Cooperation,2.346938702434797,1425
"A former candidate for governor of New York, he styled himself an advocate of better corporate governance.","Hebei has reported 191 cases and eight deaths, though the WHO experts did not say how many were in rural areas.",2.464893565817013,1042
"""It just seems like all the issues that we support, he doesn't,"" said Gabriela Lemus of LULAC.",Five greyhounds are racing on a sand track.,1.578463101438191,883
A boy is riding a horse.,"sufficient is an upper bound, necessary is a lower bound.",3.904529982768065,332
Germans account for more than 40 percent of foreign visitors coming to Italy.,"According to the Census Bureau, the Hispanic population increased by 9.8 percent from the April 2000 census figures.",1.0070495898252,709
"4 killed, 6 injured in attacks in Iraq",This is about my experience in computer engineering I found that reading for breadth was the more important approach.,3.574065370452853,344
The panel ordered the Commerce Department to issue revised figures for the duties within 60 days.,We tried putting a male betta in a community tank once.,2.630860557154603,1088
A man is carrying a canoe with a dog.,Two ladies in skimpy clothes pose next to an old fashioned car.,1.442553213604179,528
Children are playing on a trampoline in the snow.,Malawi confirms President Mutharika's death,0.087565830904743,1214
A seated young woman in a hat is reading at a coffee shop.,"I understand that the first 3 days are the most important, so much so it is vital you do it then.",4.073029645149111,1491
Assad meets with Red Cross officials in Syria,A person is brushing a cat.,4.916613351690696,1166
A young man is playing the piano.,Germans represent more than a quarter of all foreign visitors to Italy and 40 percent of hotel bookings.,0.510573580121406,767
A baby eats his food.,EU Ministers of Employment and Social policy to discuss employment boosting strategies,1.166200240838898,1069
A common one is haddock and is in season pretty much year round.,A man is working on his laptop.,2.535518272355166,509
I voted for the dyson sphere as being the biggest realistic.,I guess those are greek tickets (εισιτηριον) for excavation sites or museums.,4.333257400661443,308
"We are moving ""... relative to the comoving cosmic rest frame ... at some 371 km/s towards the constellation Leo"".",A man is singing.,0.360509082009127,518
Spectators taking pictures of a rally car.,Two dogs play in the snow.,2.819047043313652,718
'Around 100 dead or injured' after China earthquake,Four women in bikinis are playing volleyball on the beach.,4.249976212071774,686
A woman is mixing eggs.,"Your pile will compost without turning it, but it goes faster if you turn it.",2.376629049870541,921
A group of people standing in the street,"As was mentioned, the problem with cheese is the potential for Listeria.",3.822359439769216,447
The budget analysis comes as negotiations between the City Council and the Bloomberg administration heat up.,Bangladesh Islamist leader executed,4.530249437919735,1276
The academic year does start around September in the USA and I think most European countries.,"The Standard and Poor's 500-stock index, a broad collection of equities representing leading companies, finished its best quarter yesterday since the last three months of 1998.",2.448803686551466,53
A white dog is playing with a ball on the beach.,Mahmud controlled access to Saddam and was frequently at his side.,2.225736966599703,1003
"Absolute majority always defined by the institution, or the context.",People are sitting on benches.,2.442450838203709,252
A man and woman blow bubbles.,PG&E's shares gained 24 cents to $15.44 during Tuesday's trading on the New York Stock Exchange.,3.804507256309828,1132
Good cheddar has little chunks of calcium lactate on/in it - could it be that?,Two blasts rock Syrian capital,3.840400939469589,590
A woman is reading.,A young boy is running toward and from the ocean waves.,1.211837532688172,676
A man is putting a knife in a vice.,A white Swiss airplane approaches the runway.,1.974526778351665,570
Volkswagen skids into red in wake of pollution scandal,"While waiting for a bomb squad to arrive, the bomb exploded, killing Wells.",1.631507217316638,746
"Common side effects include nasal congestion, runny nose, sore throat and cough, the FDA said.",Adding soap to water allows the water to dissolve oils.,0.95568402711436,768
"Yes, your sentence will be clearer if you write the actual word instead of the slash.",Pakistan's Musharraf Charged In Bhutto Death,1.236611021445973,185
A person is picking a komodo dragon and putting it in a box.,"As mentioned by other responders, it turns out that using a standing desk isn't necessarily a perfect solution.",2.098385364447554,1109
Good cheddar has little chunks of calcium lactate on/in it - could it be that?,Finance minister promises no new taxes,4.551153030023766,484
A woman is putting her baby in a waste bin.,From an article entitled Can You Call a 9-Year-Old a Psychopath?,3.78805637622751,250
Kids playing ball in the park.,"""However, we are not certain about the outcome of the discussion at this moment.""",1.380447675810533,766
"These men ""are entitled to respect for their private lives,"" Kennedy said.",One human-being reliance on other(s) awareness is defined by the level of trust between the humans.,1.589254718865884,65
Romney rocked by secret video,There is no clear successor for Mr. O'Neill at Hyundai.,3.716693286603943,596
The room used for defecation is almost always referred to by euphemism.,"The people who are sending these messages are infringing on my rights and everyone else's rights to use your computer,"" McKechnie said.",0.659383785491802,1062
A man jumping his dirt bike.,Black and white cat sitting on wood chair looking up.,1.032471767354687,905
South Korean economic growth falls to 3-year low,"Mel Gibson is negotiating with Newmarket Films to distribute his embattled Biblical epic ""The Passion of Christ"" in the United States.",1.724262810143321,1144
The flag was moving in the air.,"Major fires had burned 264,000 acres by early last night.",4.947589173675354,15
"The upcoming second-quarter earnings season will be particularly important in offering investors guidance, they say.","Hickenlooper clobbered city Auditor Don Mares, 46, in the Tuesday runoff.",1.114044421057741,593
You should have a consultation route with the school head which can lead to direct consultation with a health professional.,Sequence a only in writing (sometimes you have to go back and revise) option the not writer has is.,3.841381651382088,905
"Margaret Thatcher, former U.K. PM, dead at 87",A player catching a ball.,3.14265888094221,1018
Google search for Travel WODs has whole lots of results which you can use.,"I've only made a couple of bbq sauces, but they've always come out really well.",4.154385998643439,503
A woman is cutting broccoli.,"The 30-year bond US30YT=RR lost 16/32, taking its yield to 4.20 percent from 4.18 percent.",3.514572832027342,1121
A wonderful woman I know has the Habenera bag by REI (link).,Also at increased risk are those with suppressed immune systems due to illness or medicines.,1.600506925029712,1087
"Most people want not only to be WELL off, but to become BETTER off as time goes by.",Bettas are highly territorial and no matter what sexes you keep together they will fight.,3.637225409179247,149
People are near water,A motorcycle is parked by a mural of a city in the evening.,2.330572082348251,1385
"Chinese, Russian FMs exchange opinions on Ukraine crisis",A man and woman sitting on a motorcycle.,1.586806044212132,917
"The dollar was at 116.92 yen against the yen , flat on the session, and at 1.2891 against the Swiss franc , also flat.",A man is cleaning a cd.,4.868789582055251,864
"I see some references to status as uncountable as well, but that doesn't make much sense to me.",A busy beach has people scattered on it watching the sky.,2.555329990324753,1222
A woman is putting her baby in a waste bin.,"The offer is also subject to Goldman signing an agreement with Drax's senior banks, senior bond holders and hedging banks by Sept. 30, it said.",0.323856705761988,333
"Trans fats are created when hydrogen is added to vegetable oil, solidifying it and increasing the shelf life of certain food products.",A man is kicking a ball.,2.267693404692223,288
Israeli forces detain Palestinian MP in Hebron,"""Phoneme"" is a theoretical construct which probably can't go away.",4.22717107781959,1278
"Simple answer is yes, flower shoots on lettuce is a sure sign of bolting.",EU Ministers of Employment and Social policy to discuss employment boosting strategies,1.019709058739525,811
A puppy is trying to come out from the sink.,A man is laying on the floor holding a baby up above him.,0.67889626104895,30
"There are trains via Knin, which means a large detour inland (there just isn't a coastal line).",I have been in a simular situation with my daughter and a female friend when they were 5 and 4.,2.032871773459664,735
I would say the best thing for me is to have a proper and consistent sleep schedule.,The silver train is parked in a station.,4.544298708316715,566
A boy is playing a piano.,"The most extensive Vulcan language was made by fans in the 60's, especially by linguist Dorothy Jones Heydt.",3.974764489579816,1317
A woman runs on the beach.,Two dogs are playing in the grass.,0.783918587958771,1148
Aristotle didn't put the world at the center of the universe per se.,Sequence a only in writing (sometimes you have to go back and revise) option the not writer has is.,2.511525999552482,1320
A dog jogs through the grass.,Gunmen kill four in Kenya church attack,4.01938224432163,177
A man puts some cheese on a pizza.,The International Union of Painters and Allied Trades endorsed Mr Dean several weeks ago.,1.638705521751829,1369
He is taking the diaper off because he is uncomfortable.,As others have said if you want to get to Split the best public transport offering is by bus.,1.010174143703747,1085
"They don't taste identical at all, and even more important, they don't smell the same.",US and Russia agree Syria arms deal in Geneva,2.386314843933423,575
The rollerblades are moving.,State: No funds for yeshiva that incites violence,3.675785968228756,1267
A woman and a man are amused by headphones.,A woman plays an electric guitar.,0.071933764220999,1485
Aristotle didn't put the world at the center of the universe per se.,Insurance is key to fostering economic growth,2.710678033645109,1483
A woman pours oil into a skillet from a plastic bottle while she is talking.,"In Texas, public watchdog groups opposed Mr. Bush's efforts to house his papers at his father's presidential library, where they would have remained secret for a half-century.",4.106509325763533,1299
He is taking the diaper off because he is uncomfortable.,The issue is that it never becomes useful in its true meaning.,1.880214840855756,1267
I'd suggest you look to the constructions of the native language(s) of your students.,Two women are posing for the camera and giving the thumbs up sign.,3.620904132141345,817
A woman is adding some mushrooms and liquid to a pot.,"Air squats, forward and side lunges, sprawl, wall chair, and lots and lots of jump rope.",4.397290351508198,713
The Question is (from Hinduism); do you exist because of pregnancy?,A person is placing a baby komodo dragon into a container.,3.692555177727116,606
A monkey is karate kicking a person.,Germans represent more than a quarter of all foreign visitors to Italy and 40 percent of hotel bookings.,1.823612797439075,487
An animal is chewing on something.,A band is playing on stage.,2.774147448879653,357
Shares of Coke closed New York Stock Exchange trading Thursday at $44.01.,A man on a boat getting ready to pull in his net to see what he caught.,3.56761426683129,572
"An incremental step reported by researchers at the University of California, San Francisco, is the latest in a decade-long effort.",8 dead after heavy rains on island of St Vincent,0.727014533571834,1201
An older Asian couple poses with a newborn baby at the dinner table.,"Japan, US hold talks linked to regional trade pact",1.153838541141754,952
I'd suggest you look to the constructions of the native language(s) of your students.,An audience watches a girl dance.,1.467780495062441,158
"The first health-care worker in the country to die of SARS was a Filipina-Canadian who contracted the disease at North York General Hospital, the site of the second outbreak.",I always thought that Harry seemed to learn from the Half-Blood Prince better than he did from other sources.,3.006358671150063,634
To stick with the traditional pomodoro technique this is considered an interruption.,"""I know of nobody who pressured anybody,"" Douglas Feith, undersecretary of defense for policy, said at a Pentagon briefing.",0.807052231550094,598
U.S. District Judge Edmund Sargus ruled that the Akron-based company should have determined that changes at one of its plants would increase overall pollution emissions.,Israel braces for Arab protests,2.384763238091084,1336
German Shephard jumping through black hoop while people watch,"Basically, what you do is you compare each age group IQ to the standardization sample.",2.62787001074525,1078
The boy in the orange shirt is throwing the ball.,A person is placing a baby komodo dragon into a container.,1.007404687243121,406
"""I know of no pressure,"" said Mr. Feith, the under secretary of defense for policy.",A biker is doing stunts.,4.366104156605927,1241
A woman is adding oil on fishes.,A man sits in a public place eating an apple.,0.133494429503398,270
Singapore stocks end up 0.11 pct,"""It got up on his personal radar screen in the past week, and I had to get my pitch.",3.532152223298305,1101
Syria in ceasefire observers call,A parrot is talking into a microphone.,3.779529308432164,1429
I don't think we have a solid theory of mammal speciation.,A man with a cap and jacket walking between two large bottles.,4.664478424036829,312
A man is serving cake.,EU plans major new sanctions against Iran,4.327225311520835,262
South Africa train crash kills at least 19,"The report shows that drugs sold in Canadian pharmacies are manufactured in facilities approved by Health Canada, which serves a similar role as the FDA for the Canadian government.",1.300943245525441,91
A blonde woman looks for medical supplies for work in a suitcase.,"In situations like these, I tend to lengthen out the phrase.",0.50329292743505,173
I'm facing a similar situation; being Danish and living in (German-speaking) Austria.,A red double decker bus driving down a street.,0.685646890864625,496
I don't think that positivism is a position of mostly leftist philosophers.,A woman stirs eggs in a bowl.,1.328717821651785,215
A man calling for a taxi at the airport on a sunny day.,"Just for reference, I ended up writing simple web-based lexical decision task software myself.",3.395436272370916,29
Nelson Mandela taken to hospital,Three men are on stage playing guitars.,1.119848917110542,1338
"This does not fully answer your question, but it is certainly one consideration.",A man is giving a woman a massage.,4.573917353865548,661
"The broader Standard & Poor's 500 Index <.SPX> eased 7.57 points, or 0.76 percent, at 990.94.",A small bird standing on a log at the waters edge.,4.143148014621398,702
Greece votes in crucial election,A woman with a smiling baby sitting on the table.,1.105403864530465,849
Indian police round up all five suspects in Mumbai rape case,Websites fight nasty comments by taking away anonymity,1.905759467513656,290
A person pours cooking oil into a pot.,Syria FM: We will stop producing chemical weapons,3.538625765523485,1137
The part of economics that is most like physics is called microeconomics.,US Congress may throw wrench into Iran nuclear deal,3.76529491450426,305
"Rotate through square, lunges and calf raises doing each until you feel a little burn.",Egypt Youth Leader Detained for Four Days,1.062985353373205,1493
"This does not fully answer your question, but it is certainly one consideration.","In countries like India, when you have 2/3 of the seats of all parliament, you have absolute majority.",2.549685273027151,673
Chinese shares close higher on Tuesday,"Arsenal 0-0 Chelsea: Match report, pictures & video highlights",3.356906380158703,422
"EU Ministers of Employment and Social policy will discuss how to boost employment, integrate social and economic policies",The United States is one of the five largest countries in the world by area.,3.091075023456966,1156
Greece votes in crucial election,DOMA as a congressional statute could not violate the Full Faith and Credit Clause of the Constitution.,4.623922169757479,1380
"""Frank Quattrone is innocent,"" Keker said in a statement.",A man on a boat getting ready to pull in his net to see what he caught.,4.880575887238607,897
A woman is laying down on the floor and holding a baby up above her.,Obama urges no new sanctions on Iran,1.978445142385478,514
"I wrap steaks individually in freezer paper, then put them into ziploc freezer bags.",A woman is playing a guitar.,2.483792265247242,345
"Obama, Hollande Hail Transformed US-French Relationship","Lee Janzen, tied atop the leaderboard with five holes left, finished with a 68 to tie for sixth with Bob Crane (67) at 269.",0.410978931737319,365
Group of little girls and a dog standing on the road.,"""The average track error for the five-day (forecast) is 323 nautical miles.",1.300154455092379,1043
"The mock explosion, the first event in the drill, occurred in a car in industrial south Seattle.",The lady sliced up the meat.,0.631693624887165,746
China detains city workers after fruit seller dies,Ukrainian officials barred from Canada as protests continue,1.994098431713591,796
"Another million barrels, bought by Spanish refiner Cepsa SA, was to be loaded onto a Spanish tanker, the Sandra Tapias.",Margaret Thatcher dies at 87,4.116874668486123,485
Supermarket chains facing a possible grocery clerk strike this week accused union leaders Monday of breaking off contract talks prematurely over the weekend.,"A woman, a little boy, and a tiny baby are standing in front of a cow statue.",0.46757638609903,127
A slow lori walks around.,"""I know this sounds counterintuitive, but it's true: City-grown pollution -- and ozone in particular -- is tougher on country trees,"" U.S. ecologist Jillian Gregg said.",1.015378658499472,1182
Google invests $200 million in Texas wind farm,"Designer, Socialite Lilly Pulitzer Dies at 81",4.332614330066016,277
"Since this is a relatively new problem for behavioral researchers, I don't know that there is a common consensus.",Finance minister promises no new taxes,4.910542780514665,1439
A kitchen with wood cabinets and dining table.,The team in blue is playing a game against the team in white,0.274891309751995,963
"""They were tossed around like feathers,"" Gordon said.","The seizure occurred at 4am on March 18, just hours before the first American air assault.",1.510992349895782,812
Those expressions could have slightly different meanings especially when talking about finance.,Zambrano pitched seven innings and allowed two runs on five hits and four walks.,4.203475683924922,1139
A man is staring at a leaf.,Am I allowed to beat the drum for Scrivener again?,2.712242808834964,273
A man jumping rope,"Sinhala, one of the languages spoken in Sri Lanka has a four way deixis system.",4.168211968848256,307
2 Pussy Riot Members Reunited in Krasnoyarsk,Another meaning behind this quote aside from probabilities of winning a theoretical battle is the importance of knowing/understanding others.,1.739128907924977,600
A black and white photo of a bottle sitting atop a rock carving in front of a line of bushes.,"""This proposal is modest compared with the space programme, and may seem unrealistic only because little effort has been devoted to it.",0.4145185118735,484
Lance Armstrong drops fight against doping charges,Philippines government says peace talks with communists have failed,1.833251490886986,812
The small dog protects its owner.,The girl in the ski jacket is walking near the buildings.,2.563845659854529,846
Food poisoning kills at least 20 children in India,"Tito Barbini, a regional minister for agriculture in Tuscany, Italy, criticized the absence Tuesday in Sacramento.",0.977350999545702,723
Large silver locomotive engine in a shed.,Both of these styles of bowling are performed by bowlers who are medium pace or fast bowlers.,2.668924504702855,1310
New Japan govt hints at joining Pacific trade pact: Report,A dog digs a hole in a yard.,1.671577815712443,303
A man is running.,Most of Philip K Dick's works aren't hard Sci-Fi in the least.,1.897659779757331,883
A man doing a wheelie on a mountain bike.,The boats are on the water located in front of the mountain.,2.832370880124921,1280
"""I'm not going to be sponsoring it because it is not our proposal but I'm not going to be negative about it"".",Obama backs same-sex marriage,3.490819326156769,557
I just hold the cheese closer to the edge away from the grater.,I am sure this is more phylosophical and ethical question than it seems.,4.305285929838472,931
"Actor Noah Wyle, who has played Dr. John Carter since the shows inception in 1994, extended his contract with the show through the 2004-2005 season.",From an article entitled Can You Call a 9-Year-Old a Psychopath?,4.088235271814815,73
A boy does a skateboard trick on the stairs downtown.,A yellow and orange bird hold on to the side of a cage.,0.631588118757644,661
FRIENDS of Robert De Niro yesterday rallied around him after he was diagnosed with prostate cancer.,"He has a very good reputation,"" RT Jones analyst Juli Niemann said of Grant.",4.769176449641802,965
Civilians Bear Brunt of Afghan Attacks,A girl and a lady both looking through a microscope.,1.463497319690514,377
People are near water,A woman is playing a guitar.,2.908124788691553,797
I have never read anything that said teethers were bad--where did you read that?,I am not convinced that positivism is routinely asociated to a leftist ideology.,2.823368857526126,1036
Because there are more effective ways for Her Majesty to change or veto laws.,Tunisia president says confident can overcome political crisis,0.062732439882611,1446
You should take this animal to a vet right away.,US drone strike kills 8 in NW Pakistan,1.101006205859193,65
"The male eagle was found by a zookeeper early Thursday, suffering from severe puncture wounds in his abdomen.","As covered in the other answers, your only option is to see a vet in order to have surgery done.",1.403079805126671,1188
"Apart from admission (which normally should not be related to age), there is something that's related to your question.",Scottish police say at least one dead after helicopter crashes into pub,2.090971800104199,1469
Men are fighting after a basketball game.,"A skateboarder in the air at a big, outdoor ramp.",2.725033782952053,647
"The broader Standard & Poor's 500 Index <.SPX> eased 7.57 points, or 0.76 percent, at 990.94.",A dog jumps through a hoop.,4.193832714312748,147
"Common side effects include nasal congestion, runny nose, sore throat and cough, the FDA said.",Two teenagers arrested after string of sex attacks on Manchester University campus,1.37452305287832,1414
Let us assume the data for a globular cluster to be equivalent to that of M13.,There is a boy and a girl.,2.904756618974178,131
A smiling woman holding a small baby.,A man and woman are riding bicycles across a junction in the city.,4.273006378691621,842
Barack Obama's personal evolution on same-sex marriage,Fierce clashes in east Syria as US pushes peace talks,4.278859645661032,507
To no extent at all is the wars in the middle east caused by trade making the area heterogeneous.,A group of men playing soccer in a stadium full of people.,2.371250185043257,862
"The technology-laced Nasdaq Composite Index <.IXIC> jumped 26 points, or 1.78 percent, to 1,516.",A black dog with a red collar wading through the water.,4.467079554251333,1388
There are no post-emergents that specifically kill crabgrass without killing lawn grass.,A golden retriever is jumping off a wooden porch,4.225398169411129,731
Iran threatens to trigger oil price war,"Some cards are too slow to accept an HD stream, so you need one that is fast enough.",1.031281561358209,893
"Spike trigger is a specific type or you could say a sub-set of reverse correlations, covariance and probabilities.",Iran threatens to trigger oil price war,3.895587523273272,195
The black and brown dog is playing in the yard.,Four women in bikinis are playing volleyball on the beach.,3.361544101668504,891
"Newspeak, a ""deliberately impoverished"" language designed to prevent people from communicating and thinking about subversive ideas.","Investigators uncovered a 4-inch bone fragment Thursday night, but authorities said it was from an animal.",4.708589529308257,947
Clean the urinated zone with vinegar (I used to do that when my feline daughter was a baby kitten).,Greece looks set for repeat election,0.618755276627895,942
"By Sunday night, the fires had blackened 277,000 acres, hundreds of miles apart.","GPS systems can, and do, work everywhere you can get satellites.",0.654048287749228,1002
To stick with the traditional pomodoro technique this is considered an interruption.,"Designer, Socialite Lilly Pulitzer Dies at 81",4.426109088306821,247
A family is playing on the beach with their dog.,I have been in a simular situation with my daughter and a female friend when they were 5 and 4.,1.112396126827671,101
"Mr Pollard said: ""This is a terrible personal tragedy and a shocking blow for James's family.",North Korea urges foreigners to leave South Korea,4.491318081186886,943
All the same methods of analysis that are used with spoken languages apply successfully to signed languages.,"Shares of LendingTree rose $6.21, or 42 percent, to $20.90 after hitting $21.36 earlier.",0.211749961307512,989
"According to canon, Leia was an expert in combat, especially shooting (this is from EU books).","Russia, China veto U.N. draft backing Arab plan for Syria (Reuters)",2.451643631643811,60
"Actually, it's much more easier to count the one NOT on the same continent.","The blue-chip Dow Jones industrial average .DJI tacked on 97 points, or 1.14 percent, to 8,699.",3.181952111837237,967
A lady and her daughter look through a microscope.,A man is slicing a vegetable.,0.26362233439134,1469
A woman and a man are amused by headphones.,"According to current models of human concept learning, the answer to your question is both.",0.942775116833976,688
"For what it's worth, dirt on the lens might not be as detrimental as you would think.",A grains management committee normally meets each Thursday in the Commission's agriculture unit -- another target of Wednesday's raids -- to decide the outcome of a weekly export tender.,2.124031182208546,814
"Also at increased risk are those whose immune systems suppressed by medications or by diseases such as cancer, diabetes and AIDS.",The black dog is running through the grass.,0.263047001401125,30
A man practicing boxing,"At first, I thought this is a bit of a tricky question.",4.90890501693849,265
Red double decker bus driving down a street.,A monkey is riding a bus.,4.801985278495062,107
"Lee Janzen, who was tied atop the leaderboard with five holes left, finished with a 68 and tied for sixth.",From personal experience I found that a pace setter to be incredibly helpful.,2.928003142652661,1116
Israeli Leader Puts Off Evicting Settlers From Hebron House,A skateboarder is jumping over an obstacle in front of a white house.,1.007147833004971,188
A woman posing by a pillar with a U2 sign.,The short answer is that evolution couldn't create gills in humans.,4.549373991750794,660
"The assertion is false, at least as you've restated it here.","Sweat rate is sweat rate, you can't really control it.",1.889738941798029,1428
Black domestic cat lying on brown table.,The man is outside in the field.,2.052793121140527,235
"Break the bulb into cloves, breaking off the bottom and the dry stick that goes up the middle.",A red two story bus driving along the street.,1.541292228500167,652
"Sign language maybe, since there is no tone to convey meaning, emotion or intent.",The puppy tried to get out of the tub.,2.160233883106969,753
He also said the academy will get its own internal report next week detailing the seriousness of the remaining problem.,Two men are playing table tennis.,2.293583037720671,1100
A woman is slicing some tuna.,A person paints a picture of a large building which can be seen in the background.,4.043398171714593,822
A man is cutting a potato.,"Generally unwanted—and often pornographic or with fraudulent intent —spam is a nuisance and a distraction,"" Gates writes.",3.811036201769792,13
Libya asks UN Security Council for help,The science behind superheroes might shed some light on this topic.,0.846898089968283,710
This question has already been widely discussed and answered on Skeptics.,You can get a rough estimate from using an online calorie estimation website.,2.69239097715157,1139
Part of the accord was the implementation of a special health council that would monitor health spending and progress in reforming the health system.,I would say it's completely safe so long as the bottles have been adequately rinsed to remove any detergent residue.,1.838261673111558,907
"A search for three missing teenagers uncovered at least two bodies buried beneath freshly poured concrete in the basement of a house, authorities said Wednesday.",A group of cyclists in green and white with spectators looking on.,3.297670690375483,553
A black and white cat is sitting on a brown chair looking up.,This is an example I always find is helpful for first year.,4.448103047588379,1220
Young baby girl sitting on table.,The man is erasing the chalk board.,2.213941519674391,819
Female in a maroon shirt engaged in conversation with another female in a tan blazer.,Several men pull a fishing net up on to the beach.,2.940481462705095,1003
People ride mopeds in an urban setting.,A man is playing the electric guitar.,1.644778221496561,376
A young girl in a pink jacket is playing a board game.,Roadside bomb kills 5 Afghan policemen,4.966369282239311,1383
"A search for three missing teenagers uncovered at least two bodies buried beneath freshly poured concrete in the basement of a house, authorities said Wednesday.",Suicide bomber strikes in Syria,1.570347935112592,683
Two gray dogs run together over the green grass.,An older Asian couple poses with a newborn baby at the dinner table.,2.218596194760938,475
Two dogs are playing on the beach together.,"She appeared in federal court Wednesday, but did not enter a plea.",1.432669105149325,518
The man cut up an onion.,The man is skiing down a snowy hill.,4.282058692345132,754
Try switching to rats; weanling rats if you need something smaller.,A black and white dog playing in the sand.,4.402724710035272,1386
I like the previous answers regarding setting a schedule and fulfilling the rituals of going to a job.,Both of these styles of bowling are performed by bowlers who are medium pace or fast bowlers.,0.032585085769001,647
My experience is that a normal taxi is always cheaper.,"Playwright George Axelrod, who anticipated the sexual revolution with The Seven Year Itch and Will Success Spoil Rock Hunter?",3.887484857248389,885
Iraq Releases Suspected Hezbollah Operative Wanted By U.S.,A man is cutting paper.,4.054159057761653,192
One Asian and one occasion woman in glasses smiling with their thumbs up.,I will be specific to answering the part regarding the prediction of solar flares.,0.777901534504975,220
The woman is cracking eggs into a bowl.,"There's also FreakyAlarm for iOS, which makes you solve simple logic/math problems before the alarm will turn off.",3.282258729132082,861
Pakistan's Musharraf charged over Bhutto murder,A woman driving a car is talking to the man seated beside her.,3.212381669428333,326
A girl is playing a flute.,A man is playing the electric guitar.,0.315259302169659,1314
"One killed, 40 injured in Mexico candy factory blast",A man is singing and playing a guitar.,2.259677932964068,1062
Two girls in blue and teal dresses and large hats are standing next to a large tree trunk.,"I believe Alexander lost heart after his horse, Bucephelus, died from a wound received in the battle against Porus.",0.787477094052385,1411
Feel the fear... And do it anyway The book recommends to feel the fear.,Jordan Opens First Refugee Camp for Syrians,3.143266873521357,827
A man plays a guitar.,A dog digs a hole in a yard.,3.736048841313911,1187
Civilians Bear Brunt of Afghan Attacks,A woman is singing on stage.,4.110768995980183,68
Two dogs are sniffing something in the rocks.,Green Lantern to be relaunched as gay superhero,0.824085972097826,241
"Freeman's civil hearing may be, on the surface, about a driver's license.",A bottle of water sitting on a stone with other stones and a wall in the background.,3.338629198358327,1228
Federal DOMA does not test the full faith and credit clause so much as the 9th and 10th Amendments to the Constitution.,A young man is playing the guitar.,2.428168002681659,593
Clashes erupt as Islamists push back in Egypt,"The main flaw with your definition of a ""generalised planet"" would be the boundary between stars and planets.",1.309864419365123,1111
The author is one of several defense experts expected to testify.,The study appears today in the New England Journal of Medicine.,3.68625137783803,1008
A black dog running through the snow.,"A young boy with his hair standing up, is sliding down a blue slide",4.44055147567603,246
Military plane crashes in south France: authorities,I'm actually about to do the same thing when transferring at London Heathrow.,3.741051112739903,998
"Four killed, scores wounded in clashes across Egypt",A onion is being chopped.,4.961270118403212,309
A woman jumps and poses for the camera.,Israeli forces detain 2 Palestinians in overnight arrest raids,0.40924349796831,1195
People are playing cricket.,A black and white cat lying on a blanket.,1.999977662658242,117
A man is on a rooftop,The black and white dog is running on the grass.,4.824386694543529,1020
The lady put the skewered shimp in the hot water.,A girl is riding a bicycle.,1.634513161212786,878
A smiling Caucasian male wearing a blue and black striped shirt it about to take a photograph.,"They cover more than 300,000 UAW workers and 500,000 retirees and spouses.",4.31621235584622,135
A woman posing by a pillar with a U2 sign.,The first have covers both been more responsible and told you in that sentence.,0.294194174428037,1441
People are playing cricket.,Powell is serving time in a different case -- killing his landlady in 1982.,4.539979285317602,836
I started watching the Stargate series by watching Atlantis first!,Israel widens settlement subsidies,2.521325528445063,1214
"A tent may give you slightly more protection than sleeping out in the open, but not much.",A brown horse in a green field.,2.457014410247034,1114
"There is one airline, Spirit Airlines, which is trying to copy Ryanair with super cheap tickets and aggressively bad service.",Small office space with bright green walls.,1.902095178754072,1198
A young boy jumping into a lake.,"""There's very strong interest in getting money back to the ratepayers as quickly as possible,"" Commissioner Susan Kennedy said.",0.588935598780047,956
"The commission dropped charges that Patton improperly appointed Conner to the Kentucky Lottery Board and that he improperly appointed Conner's then-husband, Seth, to the Agriculture Development Board.",13 Tips To Face Your Fear and Enjoy the Ride seems interesting.,3.345145868965503,989
A man is staring at a leaf.,A baby is laughing.,4.373722047537598,1408
Hospital: 61 killed in Venezuela prison riot,a boy is running on the sidewalk,2.449746482055677,641
I found it difficult to mark just one answer as correct because all are.,"In countries like India, when you have 2/3 of the seats of all parliament, you have absolute majority.",3.110762850059384,715
He allowed two runs in seven innings and struck out six.,Messi scores 4 to send Guardiola off with victory,2.281533138801826,128
Two horses standing in a field with trees in the background.,"The 30-year bond US30YT=RR lost 16/32, taking its yield to 4.20 percent from 4.18 percent.",2.100699303919917,877
A woman puts flour on a piece of meat.,It appears as though it has likely started to bolt.,0.866130333098613,876
Cardinals enter Vatican for historic vote,The car needs to some work,4.109953541415213,1365
Two black dogs playing in the grass.,Two grey dogs are carrying a stick in the water.,4.354404956443078,1412
Lance Armstrong drops fight against doping charges,a man walks along walkway to the store,1.789459849475784,70
"The broader Standard & Poor's 500 Index rose 3.42 points, or 0.34 percent, to 1,007.84.",US spends $50m on carp invasion,2.831399309695516,801
A man plays a keyboard.,"A young boy with his hair standing up, is sliding down a blue slide",4.197736566162433,856
The lamb is looking at the camera.,A man is beating two eggs in a bowl with a fork.,0.295661975794452,982
Protesters clash with police in Caracas,Egypt Youth Leader Detained for Four Days,1.137308353362119,1298
The best approach is play with your cat each night in the evening before bedtime.,A tiger attacks a man.,4.057874828292283,257
"EU ministers were invited to the conference but canceled because the union is closing talks on agricultural reform, said Gerry Kiely, a EU agriculture representative in Washington.",A man is lifting a little girl above his head.,1.776876545694794,337
I once met a physicists who held the strong AI position.,A general rule of thumb is every 5-6 hours of skating.,3.434507538177947,878
Two girls are playing Doctor inside their house.,"No, a tent will not give you any protection from bears that want what's inside.",1.461227080950453,692
YES filed suit yesterday in the Supreme Court of New York County in Manhattan.,The first have covers both been more responsible and told you in that sentence.,3.873738673346838,121
"Rotate through square, lunges and calf raises doing each until you feel a little burn.",US drone strike kills 8 in NW Pakistan,0.510543227874455,91
Two NATO soldiers killed in Afghanistan,Obama waiting for midterm to name attorney general,4.428782692193806,1193
Pakistan's Musharraf charged over Bhutto murder,A man is playing a flute.,3.094769076058096,1103
A woman is putting her baby in a waste bin.,8 dead after heavy rains on island of St Vincent,2.178698546392424,1201
Children are playing on a trampoline in the snow.,I started to dig into this because you caught my curiosity itch with the question...,1.948845714547669,270
"Mahmud controlled access to Saddam for everyone but immediate family members, Pentagon officials said.",An audience watches a girl dance.,4.068805683167662,1162
A guy and a girl are rock climbing with backpacks on.,There is actually functionality in most browsers already in place to do just this.,4.112133252451116,69
A man is riding on a boat.,The black and white dog is running on the grass.,0.908374300641913,1124
I'd start by reading David Allen's book: Getting Things Done.,"Well, it really depends on how long he was there, and the exact speed of the Fleet.",3.482421866064799,628
"A young woman with outstretched arms stands in front of a ""Going Places"" bus.","Although I believe Searle is mistaken, I don't think you have found the problem.",3.337997106868848,32
"Still, he said, ""I'm absolutely confident we're going to have a bill.""",The man jumping is not wearing a shirt.,4.817301300297813,1304
A helicopter is getting ready to take off.,"That is, if the Recording Industry Association of America has anything to say about it.",4.683233175230011,1266
Colorado Governor Visits School Shooting Victim,At least 150 dead as strong quake hits southwest Balochistan,4.339106159859175,466
"""The European Union is basically absent,"" said Tito Barbini, regional minister for agriculture in Tuscany, Italy.",Hollande arrives for US state visit,1.149634760944732,1232
An AeroMexico jet taxing along a runway.,Hollande arrives for US state visit,4.969783390312318,1204
"Why is the speed of light 299,792,458 m/s, and not (for instance) 3,1 or 4,3 x 10^44 m/s?","In mathematics, we already have a database of this sort - two them, in fact, with in MathSciNet and Zentralblatt MATH.",1.571887830821363,468
A puppy plays with a plastic container.,Two dogs running along dirt path.,2.787229816946567,1026
The woman is waiting for her date.,A dog jumps through a hoop.,2.029897337919192,748
"Most people want not only to be WELL off, but to become BETTER off as time goes by.","Lee Janzen, tied atop the leaderboard with five holes left, finished with a 68 to tie for sixth with Bob Crane (67) at 269.",2.362949781817192,1060
A man is playing an electronic keyboard.,A girl and a lady both looking through a microscope.,4.491848695174133,1453
"Oh friend, I have been down this miserable road just like you.",A dog jumps through a hoop.,2.895955643300783,861
A young blonde girl wearing a smile and a bicycle helmet.,"Just for reference, I ended up writing simple web-based lexical decision task software myself.",2.222554290644865,559
The bird is taking a bath under the faucet.,Here is an interesting article on wikipedia to give overview of pressure related injuries.,0.548540952912188,645
A woman is slicing a meat.,Here are some things that worked with my son who started toilet training around 2.5 years.,3.059117097839193,459
"Remember, from the Fleet's point of view, the rest of the galaxy is what's moving and experiencing time dilation.","Speaking from my own experience, I would rather carry different ND filters that combine two polarisers.",4.836857139583774,602
Police helicopter crashes into pub in Glasgow - several casualties,"The 30-year bond US30YT=RR lost 16/32, taking its yield to 4.20 percent from 4.18 percent.",0.367490011440514,0
The reason for this is that Russian is a much more tonal language than English.,A man is giving a woman a massage.,3.989252441124459,972
They are being held on immigration violations as the incident is investigated.,A flag is waving.,4.193847274826882,1202
Foreign companies eye new 'opening-up',A woman leading a white horse.,3.167375751926891,729
This idea has been around since the beginning of myth and storytelling.,"Jail is a municipal level, prison is on a state/federal/provincial/territory level.",2.897310245326979,1363
Experience: you must have noticed in you project/office that other colleagues who are more experience understand things quickly.,There is actually functionality in most browsers already in place to do just this.,2.928185985839184,225
"There is nothing wrong with the phrase ""simple sample service"".",The legal reasons why public employees can unionize have been elsewhere described.,4.788035377778987,932
A white bicycle stands on a floor.,Chinese president arrives in Argentina for state visit,4.493718816682001,1465
A young child is riding a horse.,"As noted on the Wiki page, grass seed was imported to the new world to improve pasturage for livestock.",2.247698862184237,457
The retailer said it came to the decision after hearing the opinions of customers and associates.,A woman is dancing in railway station.,1.24216993093885,1382
"Agnew said Pinellas began baiting when rabies cases ""went from zero to 30"" in 1995.",Manchester United Reveal Share Price Details,2.521372806550456,462
"RT Jones analyst Juli Niemann said Grant was ""the one we were all pulling for.","Jail is a municipal level, prison is on a state/federal/provincial/territory level.",1.317185966041659,1256
The black and brown dog is playing in the yard.,"Japan mayor apologizes to U.S., denies wrong words on ""comfort women""",1.175415532868648,140
"Crohn's disease causes inflammation of the intestine and symptoms include diarrhea, pain, weight loss and tiredness.",Indian-origin teacher dies after attack in New Zealand,2.925477276532105,590
"Stars are rotating, but that's not the cause for their stability.","I reccomend ""Monkey Grass"" because it is like a slow growing weed that reproduces slowly and looks nice!",4.877755087978931,405
"Mr. Heatley, who suffered a broken jaw and torn knee ligaments, faces several charges.","The mock explosion of a radioactive ""dirty bomb,"" the first event in the weeklong drill, occurred on several acres in the south Seattle industrial area.",2.778843657329876,645
"Sign language maybe, since there is no tone to convey meaning, emotion or intent.",Woman in a black dress walking on the street.,0.621053883343877,527
A little boy is drinking from a juice packet.,"Yesterday, the Concorde seemed to launch itself straight out of the rising sun.",3.657723754887839,49
The puppy is outdoor.,A tiger attacks a man.,1.522311219967543,898
"Different parts of California have different wildlife, so you should probably narrow the region.",I will be specific to answering the part regarding the prediction of solar flares.,3.696750480276017,829
"The report also claims that there will be up to 9.3 million visitors to hot spots this year, up again from the meagre 2.5 million in 2002.",One human-being reliance on other(s) awareness is defined by the level of trust between the humans.,2.598919925334593,1475
A red double decker bus on a crowded street.,A chef is slicing a shrimp.,0.249165466098817,765
"She obviously has a legit excuse, although she could have been more responsible and ""have"" told you in advance.","As was mentioned, the problem with cheese is the potential for Listeria.",4.606288128167599,117
The dogs are playing in the snow.,The findings appear in Wednesday's Journal of the American Medical Association.,2.068604249801113,520
"Tail wagging, Abbey trotted on stage with Conway before a crowd of more than 10,000 attendees at PeopleSoft's annual customer conference at the Anaheim Convention Center.",Treasury proposes 1.5% income tax raise in budget,2.683885455009843,656
A black and white dog is running through the grass.,"Generally unwanted—and often pornographic or with fraudulent intent —spam is a nuisance and a distraction,"" Gates writes.",0.310438612469525,276
A Das Air Cargo plane sits on the runway.,"Razali Ismail met for 90 minutes with Suu Kyi, a 1991 winner of the Nobel Peace Prize, at her lakeside home, where she is under house arrest.",0.610233206834777,995
Large white cruise ship floating on water.,Two dogs standing in the snow.,2.801320483388016,1048
Two boys sit facing one another at a table and one points at the other.,"He was arrested in Atlanta, Georgia, on Monday night by police acting on a tip-off.",1.963283376581613,64
Two white dogs are swimming in the water.,"The last round of presidential elections in Russia was held on March 4th, 2012 and December 4th, 2011 for the Duma.",4.579133756713291,392
A man is slicing an onion.,"I'm English, and would probably use 'toilet' most of the time, and always in the context of a private home.",4.566883408473954,1360
A skateboarder on a city street.,Treasury proposes 1.5% income tax raise in budget,0.253204398200942,1489
"Just five months ago, Dean committed to accepting taxpayer money and vowed to attack any Democrat who didnt.",The study appears today in the New England Journal of Medicine.,3.409694264978522,1123
A black and white cat playing with a wool basket.,A woman is cutting raw fish.,4.00392262372633,337
"Also at increased risk are those whose immune systems suppressed by medications or by diseases such as cancer, diabetes and AIDS.","This relates to the ""discovery"" of Asian, and other non-European cultures by Americans.",4.258687833470008,1271
Protests for kidnapped girls banned in Nigerian capital,A dog is riding a skateboard.,0.082158590993752,792
A man is playing a guitar and singing on a stage.,"Freight train derailment, explosion prompts evacuation",1.415111821051886,427
"There were indeed some serious issues surrounding Kennedy's election in 1960, one of the closest elections in History.",McArthur told internetnews.com price declines have moderated and remained below 30 percent from the previous year for the last two quarters.,1.87250704360897,759
A woman is applying eye liner to her eyelid using an eye pencil.,"At first, I thought this is a bit of a tricky question.",2.855000044614591,55
the tan dog is playing with the red dog out in the snow,Nigeria church blast kills at least 12,4.470487351331429,525
"Actually, it's much more easier to count the one NOT on the same continent.",I'd say you need to distract yourself from the bigger picture.,0.912365035720743,732
Assad meets with Red Cross officials in Syria,Finance minister promises no new taxes,0.711424328757551,217
"Tenet has been under scrutiny since November, when former Chief Executive Jeffrey Barbakow said the company used aggressive pricing to trigger higher payments for the sickest Medicare patients.",A bunch of people standing next to a car with it's trunk open.,3.360503823451742,1464
The gate is blue.,If you can settle on purple Nunatak and Feather Friends have good sleeping bags in those colors.,4.643232502614429,1260
Syrian troops kill 35 in Damascus suburb,A baby rhino is following an adult rhino.,2.646309618773967,1139
Three guys in speedos have their feet up on the railing of a boat getting a tan.,Four women and two men sit at a long table in a restaurant.,3.499455968419301,718
People rock jumping into water while people fish in the background.,"Russia, China veto U.N. draft backing Arab plan for Syria (Reuters)",3.613585199286791,70
I have found there is no single best way to increase size.,"Together, we will find creative ways to communicate the unique strengths of Kmart to the 'new America' consumer.""",1.30998034427702,1044
The udders of a dairy cow that is standing in a pasture near a large building.,A red and white plane flying on a sunny day.,3.695767868264017,147
Three guys in speedos have their feet up on the railing of a boat getting a tan.,A social gathering of people in a restaurant.,4.735344245784799,363
"The shares represent more than half the 115.9 million shares Turner held at the end of April, according to Bloomberg data.",Supposedly Danios need to school which mean you need at least 5-8 Danios in your tank.,4.419906211281152,231
The biker is doing dangerous stunts.,Syria deploys more troops despite peace deal,1.228064363224536,1027
"Quotes from leaders, family at Mandela memorial",Crews worked to install a new culvert and repave the highway so motorists could use the eastbound lanes for travel.,4.330020215853009,1192
Three men are drying to pull a Subaru out of a ditch along a mountain road.,I've seen guys that are still very flexable while lifting weights.,1.857414276372063,270
US drone strike kills 8 militants,"Trans fats are created when vegetable oil has been partially hydrogenated, solidifying it and increasing the shelf life of certain products.",4.681578571416557,1376
"By Sunday night, the fires had blackened 277,000 acres, hundreds of miles apart.",Two teenagers arrested after string of sex attacks on Manchester University campus,1.56349508097086,1422
A man is fitting silencer on a pistol.,"A villain you want to take down is, at his/her core, someone who does not care about the suffering of others.",1.808679941528889,305
Here's a technique  I've developed without being aware of it: Multiple Browsers.,Bowling strike rate is defined for a bowler as the average number of balls bowled per wicket taken.,4.923939209724412,595
A black train moves down the tracks.,A woman is chopping green onions.,4.996118403016895,667
"Most doctors do recommend rice cereal as the first food, as there is almost no worry of allergic reaction.","First, the turtles are eating the fish because fish are food, not friends.",1.987541357202576,813
Two tan and white dogs and one tan dog racing down the beach near the water.,A man is peeling shrimp.,3.403314260168102,1111
Obama endorses same-sex marriage,Wall Street moved tentatively higher Tuesday as investors weighed a trio of reports showing modest economic improvement against an urge to cash in profits from Monday's big rally.,2.910762774647011,745
I have never read anything that said teethers were bad--where did you read that?,"In Texas, public watchdog groups opposed Mr. Bush's efforts to house his papers at his father's presidential library, where they would have remained secret for a half-century.",2.246909790518007,674
"This post refers to research in the STEM fields, and may not be applicable to other research topics.",Budget negotiations between the mayor and the City Council are entering high gear.,1.307710584943107,1471
A man dives into a pool.,A baby rhino is following an adult rhino.,0.518380418452158,780
A young boy has a red fishing pole.,The girl in the ski jacket is walking near the buildings.,0.115363004278408,1042
A dog runs on brown grass.,A man plays a guitar.,0.562009285518269,698
The man is aiming a gun.,"I noticed you said ""movie critics"" enjoy mythological references in a film, but do audiences?",2.763547031594185,798
A dog jogs through the grass.,"""IT is the only vehicle on which established economies will be able to compete"" with fast-growing economies such as China and India, Barrett said.",3.387284738526966,1319
A group of four people in a dinner having cake.,A young man is playing the guitar.,0.168155876584378,977
A woman is putting on sun glasses.,"""I'm still not red-hot favourite,"" Hewitt said after battling to down Davydenko 6-3 4-6 6-3 7-6 (7-5) on centre court.",4.721076021446509,1235
I have found there is no single best way to increase size.,"On the surface, it does seem like social anxiety disorder and extroversion shouldn't both exist in the same person.",2.414419706698304,617
Egypt arrests Muslim Brotherhood leader Badie,The first have covers both been more responsible and told you in that sentence.,3.886706417260024,1339
People rock jumping into water while people fish in the background.,A kitchen with wooden cabinets and furniture.,4.227884663081111,139
A man walks his dog on the beach.,A person folds a piece of paper.,2.242654977900286,974
"There is nothing wrong with the phrase ""simple sample service"".",The woman is poking holes in the potato.,0.574635501310838,63
A woman is relaxing in a bath tub.,"Tornadoes hit Kan., Okla.; no injuries reported",3.192318562236084,154
A woman is putting her baby in a waste bin.,A busy beach has people scattered on it watching the sky.,2.3163410679125,554
Demolition work begins on Don Valley Stadium,"Sweat rate is sweat rate, you can't really control it.",4.175427205806637,142
Six killed in drone strike in N Waziristan,"This Lady might be ready for Rock Climbing, or just watching the Clouds, above.",3.481535944460823,183
"Different parts of California have different wildlife, so you should probably narrow the region.",Brown and white cows are eating from a trough.,3.21818268766164,836
"Actor Noah Wyle, who has played Dr. John Carter since the shows inception in 1994, extended his contract with the show through the 2004-2005 season.","As with all natural laws, Zipf's law is an approximation.",1.990503942360491,1164
"The villains I absolutely hate are selfish and self-serving, but they are also cowards.",Cusco: High: 70F Low: 40F This is just before the rainy season (Dec-Mar) and crowds are general less.,2.341776543034185,354
People are playing cricket.,The man is erasing the chalk board.,4.2886928986398,560
Men competing in a contest.,I agree with others that tracking your time is fundamental to the solution.,1.608362471587087,62
The woman is cracking eggs into a bowl.,Trombonist playing the her instrument in a band for a parade.,2.64558999646586,1129
The baby laughed in his car seat.,One general key to not feeling dejected is to avoid comparing yourself to others.,0.102017949488037,718
Syria agrees to surrender chemical weapons,I'm considering spending the $48 per month on the GTD (Getting things done) system advertised by David Allen.,2.277750607477076,155
A target is being hit with gun fire.,A young boy stands over a bridge with a fishing pole.,4.53868107562259,973
Colorado shooting suspect was in therapy,"Chief Executive Mickey Robinson was fired for cause in September, the company said last month.",3.096654841267226,759
A woman is applying eye shadow.,Quattrone lawyer John W. Keker said his client is innocent.,1.711280726572078,233
Looks like you've rediscovered Jaspers's concept of the Axial Age.,A woman is slicing a tomato.,4.858356850224751,224
Cardinals enter Vatican for historic vote,The woman is on her way to a date.,4.81311721131601,66
Israeli PM makes case on Iran to US voters,The people are entering the plane.,3.833004848586053,13
A man plays the violin.,"If I had to pick, Linhof would be my choice.",4.914901343700747,1045
Two women are sheering a white sheep inside of a wooden building.,A man and two boys are bouncing on a trampoline.,3.230079979637699,1230
Two little girls are talking on the phone.,Two vehicles are going towards the camera.,0.154661109235504,786
A group of people having a meal outside.,The fire spread to several surrounding structures on the property and destroyed them as deputies held back firefighters.,0.337919383315902,1429
"The Nasdaq composite index advanced 20.59, or 1.3 percent, to 1,616.50, after gaining 5.7 percent last week.",An alternative would be to expose her solely or additionally to Hindi in daycare.,1.489361696320365,1389
A woman is peeling an orange.,Someone is drilling a hole in a piece of wood.,1.249766251331626,1200
Your brain is already beginning to wind down as you see the end in sight.,Chinese students attacked in France,2.552788009677646,1415
"""We hope all parties will continue to make efforts and continue the process of dialogue,"" the Chinese Foreign Ministry said in a statement.",The dogs play in the snow.,2.008539521664075,94
The Recording Industry Association of America says it plans to sue the song traders next month.,a boy is running on the sidewalk,0.24301954523077,1392
In Abu Dhabi the Golden Market is one of the premier public outdoor shopping areas.,"That saw the benchmark 10-year note US10YT=RR slip 5/32 in price, taking its yield to 3.36 percent from 3.34 percent late on Thursday.",4.807611121702312,629
I like the previous answers regarding setting a schedule and fulfilling the rituals of going to a job.,A young man on a beach is performing skateboard stunts.,2.02319787616293,520
Three guys in speedos have their feet up on the railing of a boat getting a tan.,It appears as though it has likely started to bolt.,2.495737124321866,479
Boat sails in rough water.,A woman is slicing carrot.,4.800543223524442,1085
The lady put the skewered shimp in the hot water.,The woman is on her way to a date.,1.420349963190215,83
Two girls walking in the ocean.,Two ladies jogging on a path near the waterfront.,0.244117973287505,1372
"The Nasdaq composite index advanced 20.59, or 1.3 percent, to 1,616.50, after gaining 5.7 percent last week.",US drone strike kills 8 in NW Pakistan,1.36827799129311,482
"Before you want to start the study of a subject, figure out what you want to achieve.",A man slices an onion.,4.082143609772015,941
Who will succeed Mr. O'Neill at Hyundai is not clear.,Malawi confirms President Mutharika's death,3.241031586175919,1280
A woman is putting on sun glasses.,A girl poses with her head upside down.,0.283627026553369,972
Remarks by the President at the White House Science Fair,"In Linux I use Bibble, which is has some warts but which is the only serious option AFAICT.",3.90438192514925,52
It was the third time in four years that wildfires forced the park to close.,Roadside bomb kills 5 Afghan policemen,1.671951712575108,1348
A brown and white dog with a pink Frisbee in it's mouth is humping over a man's back.,Two boys are riding on a toy with a blonde girl running long side of them.,0.207305902892194,1039
A man is riding on a horse.,A lion tries to climb over a wall.,2.958933652635748,792
"The villains I absolutely hate are selfish and self-serving, but they are also cowards.",The bomb exploded while authorities waited for a bomb squad to arrive.,3.58435531134779,762
Syria in ceasefire observers call,A man is playing a guitar.,3.426333082113099,867
The carriage is drawn by a horse.,"As covered in the other answers, your only option is to see a vet in order to have surgery done.",4.952362008424563,749
In Hinduism and Buddhism there is message of peace and an encouragement to not be materialistic.,A woman is washing a bowl.,3.585907356850874,642
"These men ""are entitled to respect for their private lives,"" Kennedy said.",Annan urges end to Syrian violence,2.452662232048383,538
"At CPAC, Mitt Romney Stresses Conservative Credentials",It called on the Commerce Department to respond within 60 days.,1.652071902275383,686
Red ball under yellow floodlight takes on a brownish color which is very similar to the color of the pitch.,"Abduct Israelis to free prisoners, Gaza leaders say",0.163304372248562,1344
Ukrainian President Leonid Kuchma today cut short a visit to Latin America as a bitter border wrangle between Ukraine and Russia deteriorates further.,A man is eating bread.,1.423694814254281,703
He was arrested Tuesday night at a northwest Atlanta tire shop after a national manhunt.,You can get a rough estimate from using an online calorie estimation website.,3.646354285628543,764
A rabbit is playing with a toy rabbit.,EU plans major new sanctions against Iran,2.591842796491086,1463
A woman in jeans plays a video game in front of a large screen.,Demolition work to begin at stadium,0.479642577584388,940
A young boy in red swim trunks is jumping into a pool.,"The church's lawyer, Shirley Phelps-Roper, was clear: ""What they have done is a thinly veiled attempt to do an end run around the constitution,"" she said.",3.391489567149913,1334
A baby eats his food.,Two children lying in the snow making snow angels,0.708796667316937,148
A technical stop is for the benefit of the PLANE.,"Near a mosque in the northern town of Mosul, rebel gunmen also assassinated a Sunni Muslim tribal leader who backed the coalition.",4.782824394850858,465
A boy is at school taking a test.,A man is eating a food.,2.120156988200782,552
Zoo worker dies after tiger attack,PG&E's shares gained 24 cents to $15.44 during Tuesday's trading on the New York Stock Exchange.,0.329592721768056,206
"They came despite what BA called a ""difficult quarter"", which it said included unofficial industrial action at Heathrow.","MedImmune Vaccines, the maker of FluMist, made between 4 million and 5 million doses this year.",0.291798570409653,1288
Part of the accord was the implementation of a special health council that would monitor health spending and progress in reforming the health system.,Three women are sitting near a wall.,1.563607843380806,60
Two people walking along the shore at sunset.,A animal is walking around.,3.319197023094376,712
Two little girls are talking on the phone.,A dog is running along the beach beside the ocean.,2.92933002757076,936
"While Queen may refer to both Queen regent (sovereign) or Queen consort, the King has always been the sovereign.",A person is pouring olive oil into a pot on the stove.,0.840734789302324,461
"3 killed, 4 injured in Los Angeles shootings",A woman in a white shirt and black skirt on a tennis court.,2.119507951230083,955
6.4-magnitude quake strikes off Indonesia,The man jumping is not wearing a shirt.,3.57830549258182,620
A person drops a camera down an escelator.,"The British pound flexed its muscle against the dollar, last up 1 percent at $1.6672.",0.567359646905292,920
All of these effects are related to the 11 year solar cycle.,"Many towns and villages took their name from the ruling family, the owners of the village.",4.815254374464438,879
Shares of Allergan fell 14 cents to close at $78.12 on the New York Stock Exchange (news - web sites).,The man is erasing the chalk board.,3.136038591151543,870
"Scrimshaw, Supervisor, Best Minister and Ten Most Wanted are expected to complete the Belmont field.",The blond woman is searching for medical supplies in a suitcase.,1.366982896896332,643
"Yes, I can tell you from personal experience that they certainly did whistle.",Pakistan holds landmark election as 29 killed in attacks,2.348752355429347,697
"Authorities identified the tipster as Richard Powell, who is imprisoned for killing his landlady in 1982.",There is no clear successor for Mr. O'Neill at Hyundai.,1.204736643000551,1377
The difficulty arises not from the various linguistic properties of the language pair as many here suggest.,Two men are standing in a room.,0.230681683246448,349
Two people are walking by the ocean.,Egypt prepares to bury Coptic Pope Shenuda III,0.105916896569181,1288
Preserving grammaticality and preserving meaning of the sentence are two different things.,A man and a woman in glasses blow bubbles.,4.824229964809172,1175
The point is to get the air out that the infant sucks into the stomach while feeding.,A chef prepared a meal.,0.092232100739624,39
To stick with the traditional pomodoro technique this is considered an interruption.,A chef is slicing a shrimp.,2.211395193929462,1064
Board Chancellor Robert Bennett declined to comment on personnel matters Tuesday.,This page list all the big Christmas markets in Switzerland.,4.303560701057166,1032
A woman is slicing a meat.,"Hickenlooper clobbered city Auditor Don Mares, 46, in the Tuesday runoff.",3.325810378679142,355
Keep in mind that you can easily swear without swearing.,"On the surface, it does seem like social anxiety disorder and extroversion shouldn't both exist in the same person.",3.750990720009986,1137
A man is talking with other women on the beach.,My motivation is that I like to look at things from their roots and go up.,1.511610231982873,1452
Jordan Opens First Tent Camp for Syrian Refugees,1 Killed in Bangladesh Protest,0.062687399625319,437
U.S. District Judge Edmund Sargus ruled that the Akron-based company should have determined that changes at one of its plants would increase overall pollution emissions.,"Mr. McCall, who ran unsuccessfully for governor of New York in 2002, styled himself an advocate of better corporate governance.",1.742546778924613,147
"As you can see from this map on the Wals.info site, there are many.",Two dogs playing on the shore.,0.17258433954244,104
A man is performing a stunt outdoors.,A woman is cutting raw fish.,2.256940920545066,828
The man is wearing a black shirt and hat and smiling.,Crisis-hit Maldives holds new presidential poll,3.795178727424036,1096
"Tail wagging, Abbey trotted on stage with Conway before a crowd of more than 10,000 attendees at PeopleSoft's annual customer conference at the Anaheim Convention Center.",NATO: 3 troops killed in Afghanistan attack,2.13633075052215,816
Someone is mixing a liquid.,"Starting with a whole chilled piece of meat, I quickly pour boiling water over all the outside surface.",1.425833635013345,443
"Yes, dew (wetness in the environment) factor can change the direction of a match.",British police deny protecting sex abuser Savile,1.727768602561561,162
"Singapore is already the United States' 12th-largest trading partner, with two-way trade totaling more than $34 billion.",An alternative would be to expose her solely or additionally to Hindi in daycare.,3.07725641877838,1249
'Desperate Housewives' Actress Kathryn Joosten Dies,Several men running down a grass field wearing numbers on the front of their shirts.,4.567142290285011,1495
Two women sitting in lawn chairs.,The dog is playing with a plastic container.,3.79433126067724,1322
I disagree with Josh Bruce on some of his tips.,"The broader Standard & Poor's 500 Index <.SPX> shed 2.38 points, or 0.24 percent, at 995.10.",0.213070795805109,1366
Saudi gas truck blast kills at least 22,A woman is stabbing a potato with a fork.,1.3033162748859,1294
The puppy tried to get out of the tub.,"A girl in water, with goggles and swimming cap.",3.88406651960331,1364
This looks a lot like an invitation to a No True Scottsman argument.,But skeptics are concerned about the ease at which these hardware-based security features could be used to set digital rights management policies by vendors.,0.246505165833482,518
In some nowadays Indo-European languages you can still see rests of base-20 numeral systems.,Globular clusters occupy an interesting place in the spectrum of composite stellar systems.,2.854239610101509,910
I was invited in to pitch story ideas to Ron Moore at ST:TNG.,"I'm not sure how ""Not at all"" sounds in response to ""thank you"".",3.322047353924995,1427
Google invests $200 million in Texas wind farm,A kitchen with wooden cabinets and furniture.,3.287667297135912,770
"As mentioned in the other comments, ANOVA is problematic when mixing types of predictor variables.",A tiger walks around aimlessly.,3.394443579118662,112
"The technology-laced Nasdaq Composite Index .IXIC inched down 1 point, or 0.11 percent, to 1,650.","Tito Barbini, a regional minister for agriculture in Tuscany, Italy, criticized the absence Tuesday in Sacramento.",3.873052980770958,754
A woman is cutting some herbs.,"IBM said the Rational products were also integrated with Rational PurifyPlus, which allows developers to work in Java, Visual C# and VisualBasic .Net.",2.788506117850701,576
The fruits should be eaten with lemon juice in order to prevent oxidation in your stomach.,The basketball player is about to score points for his team.,2.608446533299075,615
Two horses standing in a field with trees in the background.,I like to think of multitasking as rapid task switching.,4.640494347596398,1420
There is a older man near a window.,"As someone who has always travelled with a lot of prescription medication, I always declare it.",3.81981396791226,1422
I had a similar issue but in what seemed to be a simpler situation.,Several men running down a grass field wearing numbers on the front of their shirts.,2.770657565289367,245
A woman and a man are amused by headphones.,A black and white dog is running through grass.,0.593395301266719,778
"Nicaragua, Venezuela offer asylum to Snowden",There are a very wide variety of solutions for resizing and sharpening images for use on the web.,0.784608316114838,192
A musician is smearing jam on his white guitar at a concert.,A man is playing a keyboard.,0.126970838490601,754
the tan dog is playing with the red dog out in the snow,Fartlek is not more effective than any proper interval training - just more fun!,4.660062123689755,651
Man sitting on a bench drink from a mug surrounded by rugs.,"At 12 months, there was still a difference between the groups, but it was not considered significant.",4.190707244877082,1311
"""I can say I am being forced into exile by the world superpower,"" he said.",A woman is cleaning a shrimp.,3.66943084836654,1121
A chef is slicing carrot.,Philippines government says peace talks with communists have failed,4.207147538697999,1220
The woman is holding the hands of the man.,Oil prices down in Asian trade,2.976409476927196,151
A person is scaling a rock wall.,Two dogs play in the snow.,2.407933394598824,1187
The man and woman are resting on a couch.,ICC lawyer held in Libya faces 45-day detention,4.163139048756294,185
In the past it has grown almost like a weed in our pots on our deck here in North Texas.,"Your pile will compost without turning it, but it goes faster if you turn it.",0.855971326817278,59
"Families stuck on the highway remained in their cars, and used their cell phones to call home.",Black and brown table in living room setting.,3.019909553905934,504
"One thing you seem to be forgetting regarding myths, is they are extremely prevalent stories.",Two ladies jogging on a path near the waterfront.,4.379400021124721,1448
A bus drives down a busy road.,A man is walking down the street.,2.65896747678985,1002
The best approach is play with your cat each night in the evening before bedtime.,A girl is bungee jumping.,2.181111787861122,433
4 dead after boat capsizes off Florida coast,A girl is riding a bicycle.,4.166053422658154,1489
"At the highest level, a pace setter helps ensure they meet their game plan for the race exactly.","If I had to pick, Linhof would be my choice.",1.666940971866168,1137
A man is serving cake.,"In my experience, fresh garlic is great for when you want texture, or to slow down the flavour infusion.",3.265530217888082,760
Shares of Coke closed New York Stock Exchange trading Thursday at $44.01.,Kenya SC upholds election result,4.723564005133721,1346
Israel launches airstrike in Gaza,A woman with a smiling baby sitting on the table.,3.428800810938835,984
Two dogs are running in a grassy field,I'm writing here a few tips that can help you with motivation.,2.033896888499852,165
The man used a sword to slice a plastic bottle.,CPAC 2012: Mitt Romney Struggles to Connect with Conservative Base,0.307038896319927,1059
A skateboarder on a city street.,A woman is beating two eggs in a bowl using a wire whisk.,2.40889459222367,1002
"GM, the world's largest automaker, has 115,000 active UAW workers and another 340,000 retirees and spouses.",A naked little girl being thrown into the air.,2.112397019860004,1019
"Yes, but it does not stay in the same constellation.","In general, warming up your muscles only requires performing the movement with lower weights.",2.430532235255911,1180
Two airplanes in the sky.,"Shares of BioReliance sold at $47.98 at the close of market yesterday, down 2 cents.",1.332054609797212,348
Government promises action on Heathrow queues,A man with a pistol shoots another man.,0.474892973512191,535
A woman is adding some mushrooms and liquid to a pot.,Calico cat sitting on step in front of a door.,2.787132705380154,444
The woman is waiting for her date.,"""I know this sounds counterintuitive, but it's true: City-grown pollution -- and ozone in particular -- is tougher on country trees,"" U.S. ecologist Jillian Gregg said.",4.846678681387418,915
I disagree that the moniker “most extensive” should be applied to Dorothy Jones Heydt’s language.,A convicted killer and two other inmates cut through two fences topped with razor wire and escaped from a state prison on a busy street.,1.354880912681827,339
"In the United States, jails are operated by cities and counties (or equivalent).",A parrot is talking into a microphone.,1.670222204862316,122
The woman is drinking lemonade and watching T.V.,I started to dig into this because you caught my curiosity itch with the question...,3.302557237131687,958
I prefer to run the second half 1-2 minutes faster then the first.,A group of people ride in a race,3.205876194056163,962
A dog runs on brown grass.,Salvador Dali painting snatched from New York gallery,1.595096275053245,361
A woman is applying makeup.,NATO soldier killed in Afghan attack,0.480456722372979,772
Indian police round up all five suspects in Mumbai rape case,Two smiling little girls playing in a fountain with other people.,0.000345064363189,651
Three dogs playing in the snow.,A little boy swimming underwater with a toy in his hand.,3.892849286522021,106
A woman is bungee jumping.,The man jumping is not wearing a shirt.,2.142534374871563,1262
I think it is still feasible to store seeds until the next year.,The black and white muzzled dog is leaping above the grass.,0.956921883049525,655
A tiger is playing with his trainer.,Wittgenstein is alluding to how Russell himself solved the Paradox - the theory of ramified types.,0.310389719045874,1462
Two boys sit facing one another at a table and one points at the other.,A guy is talking into a microphone.,3.377191097715758,895
A man dives into a pool.,Five birds stand on the snow.,4.97446941871867,780
Two people walking along the shore at sunset.,A large black and white cow in a field.,1.210248047383069,49
"Glad to hear you've started playing hockey, its a great sport!",Israel launches air strikes near Damascus,4.737646956139364,88
Two women sitting in lawn chairs.,A man climbs a rope.,1.035925050403807,452
The woman is holding the hands of the man.,A woman cuts off a small piece of lemon rind.,3.956370582267205,253
Friends walk into a building,US drone strike kills four in NWA: officials,0.998916353324276,50
Civilians Bear Brunt of Afghan Attacks,"The service will launch later this summer with 800 locations, and Sprint plans 2,100 locations by the end of the year.",1.504880772894046,248
Clean the urinated zone with vinegar (I used to do that when my feline daughter was a baby kitten).,My opinion is to wait until the child itself expresses a desire for this.,3.869442126824766,1175
Executive recruiters say that finding a seasoned chief merchandising officer will perhaps be the trickiest of all hires because there is such a dearth of good ones.,Here is an interesting article on wikipedia to give overview of pressure related injuries.,4.228523478240842,1385
Experience: you must have noticed in you project/office that other colleagues who are more experience understand things quickly.,A woman is chopping an onion into small pieces.,4.581109049989767,463
"It does sound like your cat is upset about something, and trying to communicate it to you.",A man tosses a bag down an escalator.,2.767293938530827,636
The man is buttering the bread.,DOMA as a congressional statute could not violate the Full Faith and Credit Clause of the Constitution.,0.147153165342373,184
"The technology-laced Nasdaq Composite Index <.IXIC> jumped 26 points, or 1.78 percent, to 1,516.",A man in printed board shorts is doing a yoga pose on the beach.,2.871619759854963,608
A band is performing on a stage.,"We had a cat that required daily medication, and it was a struggle to give the cat a pill.",3.631932614907965,1146
Juror: Sandusky appeared to accept his fate,A man is at a farmers market.,0.945582501043658,51
"Yes, your sentence will be clearer if you write the actual word instead of the slash.",Agents confiscated several classified documents in his possession and interrogated him.,3.416579448084687,957
This looks a lot like an invitation to a No True Scottsman argument.,A former partner of accountancy firm Ernst & Young was yesterday arrested by FBI agents in the US on charges of obstructing federal investigations.,1.819842590390868,942
"Shares of Halliburton fell 71 cents, or 3 percent, to close at $21.59 yesterday on the New York Stock Exchange.",Two people walking along the beach at sunset towarn a group of people.,1.463619491539184,237
Consumers would still have to get a descrambling security card from their cable operator to plug into the set.,Some researchers believe domestic cats never really mentally grow up completely and they always look at you like their mom.,0.518981600338452,726
"Most doctors do recommend rice cereal as the first food, as there is almost no worry of allergic reaction.","""Ten of six"" probably means 5:50 but I have not heard it before.",4.152189857414559,423
The report shows that drugs sold in Canadian pharmacies are manufactured in facilities approved by Health Canada - the FDA's counterpart in Canada.,I live in Delaware and have already harvested my jalapeno and chili peppers.,2.969532170850732,263
There are a few things to help your bun gain a bit of weight.,A man is kicking a ball.,3.048574365840038,791
But skeptics are concerned about the ease with which vendors can use these hardware-based security features to set digital rights management policies.,China and Taiwan hold historic talks,3.796136019047892,707
"This post refers to research in the STEM fields, and may not be applicable to other research topics.",IAF strikes Gaza terror cell; 1 dead,0.790021021701874,670
From what I'm seeing it's generally accepted that most English speakers have a vocabulary size of 15000 to 20000 words.,Executive recruiters say that finding a seasoned chief merchandising officer perhaps will be the trickiest of all hires.,2.496276505699753,1147
a young boy climbing on a rock wall,You only need two-dimensional trigonometry if you know the distances to the two stars and their angular separation.,1.394507704539444,1492
the tan dog is playing with the red dog out in the snow,The federal standard for ozone is 0.12 parts per million.,0.187278465546075,662
A blue scooter parked on a sidewalk.,It appears as though it has likely started to bolt.,0.947005486703004,1037
"To play golf, the first thing you need is a set of clubs.","The Dow Jones industrial average <.DJI> fell 44 points, or 0.46 percent, to 9,568.",2.430277965435324,959
"First of all, let me say that there seems to be 3 main traits to casting a spell.",Syrian ceasefire brings uneasy calm,1.163345610262561,599
The woman had brown hair.,At least 78 killed in Pakistan church bombing,3.648975208742393,149
A woman is bungee jumping.,The man is erasing the chalk board.,1.897242482380536,231
"Actually, it's much more easier to count the one NOT on the same continent.",ICC lawyer held in Libya faces 45-day detention,4.454450810082167,14
"There is one airline, Spirit Airlines, which is trying to copy Ryanair with super cheap tickets and aggressively bad service.","This short talk deals with issues of ""cheating slightly"" :Dan Ariely: Our buggy moral code.",3.978118334005949,464
A ballet dancer is performing on stage.,A spotted dog stands on his hind legs to catch a ball on the beach.,0.32105507939811,1241
Australia cuts rates to record low,10 Things to Know for Thursday,3.580085718718404,813
Men are fighting after a basketball game.,A large black and white cow in a field.,3.687874369350341,829
A dog is chasing cows.,Woman in a black dress walking on the street.,4.850029400542369,946
A man walks his dog on the beach.,The info you've been given in the previous answers is good.,4.81679885553827,1179
A chef is preparing some food.,"According to an arrest warrant, Bryant, 24, attacked a woman on June 30.",1.560513310701728,617
Federal DOMA does not test the full faith and credit clause so much as the 9th and 10th Amendments to the Constitution.,a dog trots through the grass.,3.376408602145441,1282
Public employees can unionize because the law allows them to.,Helicopter crashes into roof of Glasgow club,2.687950516101142,674
The lady stirred up raw eggs in the bowl.,A girl stands high on an obstacle course platform.,3.540330028633964,677
The child is the woman's kid.,A man is laying on the floor holding a baby up above him.,4.301395058255472,1301
"As others have mentioned, the iRobot Roomba is an excellent example of a household robot which does meaningful work.",1 Killed in Bangladesh Protest,2.011399436342456,94
"I bought a book, which talks about this, so here's an answer to my own question.",The black and brown dog is running through the snow.,3.487700411764041,621
Kittens are eating food.,Residents return to Texas blast site,2.501792715544835,822
"Today in History, April 23",London Marathon observes silence for Boston victims,1.850983672863577,346
FRIENDS of Robert De Niro yesterday rallied around him after he was diagnosed with prostate cancer.,"According to an arrest warrant, Bryant, 24, attacked a woman on June 30.",4.800694349435469,926
A black and brown dog is chewing on a large stick.,"Well, it really depends on how long he was there, and the exact speed of the Fleet.",1.506196155560529,1325
Nelson Mandela taken to hospital,A man and a woman in glasses blow bubbles.,2.029051475851818,386
A small red and gray bird perched amongst the bare branches of a tree.,There is a young boy with the woman.,3.645651636451111,356
Yemen: Fighting in north kills over 120,"There is always ""transitional authority"" by virtue of the writing of regulations.",0.246164141847661,461
"I bought a book, which talks about this, so here's an answer to my own question.",A man is playing a keyboard.,0.97315887970086,1415
"Kyoto, at least does, as described here: JR Kyoto Station.","I'll address just the first of your three sub-questions, the others have been answered by Chuck Sherrington.",0.872031875097142,920
A dog is chasing cows.,Hollande arrives for US state visit,0.703139549086092,326
A man is playing flute.,China and Taiwan hold historic talks,3.534541431358162,199
Manchester United Ticket Sales And Profit Down,A red double decker bus on a crowded street.,1.32881063315959,438
I have a standing/sitting desk at work and really like it.,A man is playing an instrument.,1.243801497408769,295
10 Things to Know for Wednesday,Older woman holding newborn baby.,0.549759250226934,413
There are a few things to help your bun gain a bit of weight.,"No, a tent will not give you any protection from bears that want what's inside.",4.545610292322264,1388
I have never read anything that said teethers were bad--where did you read that?,A convicted killer and two other inmates cut through two fences topped with razor wire and escaped from a state prison on a busy street.,3.829903302742209,934
Two women are lost and calling for help.,A man is shaking another mans hand.,2.476061657175569,132
My opinion is to wait for the child to ask for it.,A tennis player in the middle of a game.,0.12063106912104,912
The answer to your question is: It depends on how the writer works.,EU Ministers of Employment and Social policy to discuss employment boosting strategies,1.700581216925642,1416
A white plane on the runway.,"Your pile will compost without turning it, but it goes faster if you turn it.",1.855502990975894,1474
"Break the bulb into cloves, breaking off the bottom and the dry stick that goes up the middle.",There are several different pushup variations out there and most of them provide a unique advantage.,1.799639887896675,268
Rescuers scour debris after India buildings collapse,A woman is applying cosmetics to her eyelid.,4.309590099828674,1409
"Simple answer is yes, flower shoots on lettuce is a sure sign of bolting.","I believe Alexander lost heart after his horse, Bucephelus, died from a wound received in the battle against Porus.",3.556793768191824,410
A woman looks at a duck as she walks behind it.,"Arsenal 0-0 Chelsea: Match report, pictures & video highlights",0.043422601207578,765
Libya asks UN Security Council for help,Shinzo Abe is Japan's prime minister,1.813268292639343,280
A black and white dog is running in a grassy garden surrounded by a white fence.,A little girl is walking down the street.,2.495225314730712,32
Two beige dogs play in the grass.,The woman reported that she felt threatened and obtained a warrant for Stackhouse's arrest from the local magistrate's office.,2.693193065795713,216
Pakistani Taliban chief Hakimullah Mehsud killed in drone strike,"I've found with my baby that it's more accurate to go by his behavior than by ""rules"".",1.06120321763915,961
"The bank also said its offer was subject to the agreement of Drax's senior banks, senior bond holders and hedging banks by 30 September 2003.","The U.S. House of Representatives, the other chamber of Congress, does not vote on treaties.",0.119038243294013,143
"The American women, who are defending champions, will play in Philadelphia on Sept. 25 and conclude group competition in Columbus on Sept. 28.",A woman is taking a bath.,4.832701858113375,1438
A technical stop is for the benefit of the PLANE.,A woman is beating two eggs in a bowl using a wire whisk.,4.076816606591094,1213
The small dog protects its owner.,"There is always ""transitional authority"" by virtue of the writing of regulations.",0.737083456968206,515
"Euro crisis is over, says France's Francois Hollande",A group of people standing near a small child sitting on a horse.,3.439881862006156,869
A woman is sitting up asleep with her head resting on her hand.,A bottle of water sitting on a stone with other stones and a wall in the background.,0.710682603815254,180
I don't think that positivism is a position of mostly leftist philosophers.,Five greyhounds are racing on a sand track.,4.600837160380397,608
Ukrainian President Leonid Kuchma today cut short a visit to Latin America as a bitter border wrangle between Ukraine and Russia deteriorates further.,A dog is running along the beach beside the ocean.,0.534199089485958,1054
My guess is that means your cat only marginally likes the food you're feeding him.,"Most style guides recommend against using the slash in phrases like “X and/or Y”, as well as  “this is hard/impossible to do”.",0.650327885396179,142
The player shoots the winning points.,Women are dancing.,0.027918069893221,1432
A black and white horned cow standing in a field.,"Modern Englishes, and many other well-known languages, use base 10 (ie decimal) systems of numerals.",0.554252700957814,383
In Abu Dhabi the Golden Market is one of the premier public outdoor shopping areas.,"The academy will get its own internal report next week and it will be made public, Rosa said.",1.157158902639973,282
Q: What is the reason for people to implicitly trust their peers in extreme (or not) situations?,The man is erasing the chalk board.,1.192823590090364,1017
"These are interesting studies, but the bottom line is: yes, environment affects cognitive abilities.","As in Russian, Polish marks animate masculine nouns by having a genitive-accusative vs. the nominative-accusative of inanimate masculines.",4.393398523634763,4
Two airplanes in the sky.,"The minimal change needed to avoid disconcerting alliteration is to just call it a ""simple example service"".",1.894906172274648,114
It was before the season began because Amy saw the woman before the Silence took her.,Authorities performed an autopsy Thursday on one of three bodies recovered from beneath a layer of freshly poured concrete in the basement of a northwest Indiana home.,1.47015255676767,1432
A bird eating from a bird feeder.,Someone is chopping some cabbage leaves.,4.437865637922873,1010
"On Friday, the Concorde started up around sunrise and seemed to launch itself straight out of the rising sun.",Here is my answer to a similar question posted on the physics stack exchange website.,2.739762234964958,1368
You should take this animal to a vet right away.,A young man on a beach is performing skateboard stunts.,0.772779491873329,341
"The difference between ""necessary"" and ""sufficient"" is the direction of the logical arrow.","While the 'first-past-the-post system favours two parties, it certainly doesn't guarantee the marginalization of third parties.",3.48058054846879,920
"Romney, Obama clash on tax, economy in first debate",A boy with an oar walks out of the surf and onto a beach.,4.453733842303141,892
Supporting an ideology in an ostentatious manner (rather than privately or discreetly) is a personality problem.,The cricket player hit the ball.,2.677563294055514,364
The man is wearing a black shirt and hat and smiling.,That is indeed Greek Looks like a Ticket to a museum or field.,2.405687777422964,216
A group of people stand in the sand looking out at the water.,"First, you should realize that this is not you or your dog's problem.",3.982034457747995,812
A man is talking with other women on the beach.,A little boy swimming underwater with a toy in his hand.,2.519676986630232,1270
"The Note's Must-Reads for Friday, December 6, 2013",Adding soap to water allows the water to dissolve oils.,1.281064134715035,898
A man is serving cake.,"The lawyer for Hollins Jr., Thomas Royce, has said his client had no link to the company that owned and operated E2.",3.021899937515383,333
A musician is smearing jam on his white guitar at a concert.,This page list all the big Christmas markets in Switzerland.,2.070077589843547,330
"To paraphrase a common saying, ""One man's weed is another man's lawn"".","There are 2 problems with the viewpoint you presented in the question, which explain the seeming contradiction.",1.291522476171767,497
A black dog is running through the snow.,A man and a woman are posing for a photograph in front of a yellow flower-bed.,1.462217859225323,1151
A woman is sitting up asleep with her head resting on her hand.,"There is a very good reason not to refer to the Queen's spouse as ""King"" - because they aren't the King.",2.401420636947457,345
Friends walk into a building,A little girl is walking down the street.,4.634909099880213,335
Almagor blasts Netanyahu over prisoner release,A child is riding a horse.,3.483271184993143,1076
Three men are drying to pull a Subaru out of a ditch along a mountain road.,The boy is jumping into a lake.,0.683705512336346,1302
The lady stirred up raw eggs in the bowl.,The bomb exploded while authorities waited for a bomb squad to arrive.,1.818172533599788,953
David Weber's The War God's Own has some lengthy travel scenes in it which he does quite well.,"Having fairly recently taken up the sport myself, I feel your discomfort.",2.52911198367657,966
"Hassoun to Mauritanian delegation: conspiracy imposed on Syria targets its stances, particularly over Palestine",I think Stephen King's comments are helpful in this regard.,0.248513073262002,491
Six killed in drone strike in N Waziristan,Kerry Calls On UN Security Council to Act on Syria,3.555148393438481,491
Juror: Sandusky appeared to accept his fate,a man in an oversized shirt sits at a shop,3.282683237845918,510
"At midnight on Wednesday, 68 percent of voters said ""no"" to the tax, with 97 percent of the votes counted.","Or just go with the ultra-cheap YongNuo RF-602, which give you a lot of bang for the buck.",3.675343977685357,1036
The man without a shirt is jumping.,Any breed of dog can be perfectly safe or extremely dangerous.,4.796538442175473,154
"First, we must consider that ""Sphere"" is less Hard SF and more soft SF, thriller, airport novel and such.",A yellow and orange bird hold on to the side of a cage.,1.033186839362834,152
People are playing cricket.,"Van-Vliet, who was also injured, called in the accident on the school bus radio.",0.215459145607365,382
"Boy, 14, arrested for sex attacks around a university campus",A small girl sits on a stone ledge near a white flowering plant.,3.27026162101031,127
Red double decker bus on side of street.,Two grey dogs are carrying a stick in the water.,3.759662764133962,839
Two dogs are running on the grass in front of the trees.,Thousands told to evacuate in Colorado flooding,2.044754491688202,467
A pair of men walk along the beach.,Our interactions are merely depends on where we put our perception.,1.004904179724581,1010
Almagor blasts Netanyahu over prisoner release,A small bird standing on a log at the waters edge.,4.395258995313381,421
A lady with a yellow outfit is in the air above the bed in a yellow room.,Arrested Briton 'not significant' to Kenya attack probe,2.415064253684648,304
Syria opposition unity take face specter of collapse,"There is a very good reason not to refer to the Queen's spouse as ""King"" - because they aren't the King.",3.626082107773513,57
Supermarket chains facing a possible grocery clerk strike this week accused union leaders Monday of breaking off contract talks prematurely over the weekend.,A brown horse stands in a lush green field.,1.455905432223049,1328
"Tom Kasmer, a 14-year-old from Belmont, N.C., got a word that sounded like ""zistee"" during yesterday's competition.",Romney taped at secret donor talk,4.836885911922341,131
Colorado shooting suspect was in therapy,I have been reading on this topic since I have asked this question.,2.605142078790422,331
Who will succeed Mr. O'Neill at Hyundai is not clear.,"Sinhala, one of the languages spoken in Sri Lanka has a four way deixis system.",3.776494816797175,1294
A woman is playing the flute.,Four months later it signed a joint marketing agreement with Hewlett-Packard Co.,4.764757462877965,478
A guy and a girl are rock climbing with backpacks on.,"As noted on the Wiki page, grass seed was imported to the new world to improve pasturage for livestock.",0.244082669477621,899
The cows feed in the trough.,I will be specific to answering the part regarding the prediction of solar flares.,3.76967493997019,1017
A little boy is vacuuming the floor.,A man is eating a food.,1.289790087339508,136
A girl is dancing in a cage.,A woman is placing skewered food onto a cooker.,2.02820767210087,434
A cat sleeps on purple sheet.,a group of people white water rafting in a blue raft.,4.475457433448664,38
Moderate earthquake jolts NW Pakistan,"In mathematics, we already have a database of this sort - two them, in fact, with in MathSciNet and Zentralblatt MATH.",3.144160591174913,508
"The villains I absolutely hate are selfish and self-serving, but they are also cowards.","White fish are, as a rule, more delicately flavored than darker fleshed fish.",1.953462264553151,1003
A man shappens a knife.,There's an iPhone app called Groups which might be helpful.,2.143690503610668,1422
An embolism in a medical context refers to any large moving mass or defect in the blood stream.,A person is pouring olive oil into a pot on the stove.,0.626557211088183,270
"The world's largest software company said it recognized the difficulty the multiple patches posed for companies, and set out to make it easier for them to apply the updates.",The man sang and played his guitar.,0.565778460682923,1205
"Here is the 2006 cover release, choice B in your question is the 2006 version.","Gulping for air, I started crying and yelling at him, 'What do you mean?",3.624123425070098,79
"Deaths in rollover crashes accounted for 82 percent of the number of traffic deaths in 2002, the agency says.",A kitchen with wooden cabinets and furniture.,2.236750564171585,410
"""They were tossed around like feathers,"" Gordon said.","Allen Steele's book Hex describes a Dyson sphere, but made of hexagons, 1000 miles (K?",0.164278699382453,682
"Still, he said, ""I'm absolutely confident we're going to have a bill.""","I've tried many of the things mentioned above, but they never really worked for me.",4.539677343039167,119
"Apart from admission (which normally should not be related to age), there is something that's related to your question.",‘Nelson Mandela is recovering’,2.817537911253037,1417
"Investigators uncovered a 4-inch bone fragment from beneath the concrete slab Thursday, but it turned out to be an animal bone, authorities said.","Chief Executive Mickey Robinson was fired for cause in September, the company said last month.",3.086888618984852,980
China's CPI growth slows to 1.8 pct in July,Three young girls walk down a sidewalk.,0.465166661811229,1256
"Two astronomers surveying the region around Jupiter have detected 20 new moons, bringing the giant planet's total to 60.","Dynes will be paid $395,000 a year; Atkinson's salary is $361,400.",1.899461411302346,1021
"The appropriate pH level of the water does vary a bit by fish, but too acidic can definitely kill them.",Two Asian men are gathering materials for their business and their child had to come with them.,3.622267619322358,113
"Common side effects include nasal congestion, runny nose, sore throat and cough, the FDA said.",A man chops down a tree with an axe.,2.698820524137815,128
At least 15 killed in Nigeria church attack,This is the rule if the runs scored by two teams in Super Over is equal...,1.676755111940924,232
"But in the end, all the worm did was visit a pornography site, said Vincent Weafer, a security director with Symantec Security Response in California.",A man is slicing a vegetable.,3.273134284067943,79
World news headlines displayed on a large screen.,The USSR growth rate during the 50's was not exceptionally high.,0.66498602924335,1385
The man and woman are resting on a couch.,A person is cutting a green pepper.,2.173663167139185,402
"The short answer is: we are made from the ""stuff"" contributed by many stars.","According to an arrest warrant, Bryant, 24, attacked a woman on June 30.",0.187751641740961,802
I guess those are greek tickets (εισιτηριον) for excavation sites or museums.,A dog jumps off the stairs.,0.408922700149534,443
A young blonde girl wearing a smile and a bicycle helmet.,A women holds a small baby while sitting on a sofa.,2.432784667543144,840
"""I'm not going to be sponsoring it because it is not our proposal but I'm not going to be negative about it"".","""IT is the only vehicle on which established economies will be able to compete"" with fast-growing economies such as China and India, Barrett said.",4.786908775261876,1089
But skeptics are concerned about the ease with which vendors can use these hardware-based security features to set digital rights management policies.,We have quite a few people here who have grown peppers and small tomatoes indoors and in pots.,3.609264377356731,318
"The male eagle was found by a zookeeper early Thursday, suffering from severe puncture wounds in his abdomen.",A woman wearing a white shirt stands on the street.,4.044343117001294,1497
"In addition to oil, make sure the grill is nice and hot before you start cooking.",A man is tying in the machine.,1.869691133119609,1404
The man and two young boys jump on a trampoline.,"North American markets grabbed early gains Monday morning, as earnings season begins to slow and economic indicators take the spotlight.",2.686338901159065,380
A man is on a rooftop,A woman is dancing in railway station.,3.197739906302093,39
Police disperse protest in east Sudan - witnesses,Manila to increase counter-terror team,4.08910055162712,890
Here's a technique  I've developed without being aware of it: Multiple Browsers.,"We had a cat that required daily medication, and it was a struggle to give the cat a pill.",2.959348755987725,1127
Kids are dancing on stage.,China yuan weakens to 6.1818 against USD Tuesday,0.309730327963845,840
4 dead after boat capsizes off Florida coast,Lady in a pink Tinkerbell jacket stands next to the railing and looks out at the water.,4.923095110739263,1340
A caveat: I'm experiencing the tail end of a three day migraine.,"Shares of M&T, which is based in Buffalo, fell 41 cents, to $91.51.",3.763900676585675,1110
Protests for kidnapped girls banned in Nigerian capital,"Still, Pinellas rabies cases fell sharply to 17 in 1996 and 3 in 1997, Agnew said.",3.953387344319159,1010
"Its former chief Mickey Robinson was fired for cause when he left in September, the company said.",Two men standing in the surf on a beach.,1.266827465390109,325
The woman had brown hair.,A cougar is chasing a bear.,2.997283838394804,1483
"Yes, I can tell you from personal experience that they certainly did whistle.",My motivation is that I like to look at things from their roots and go up.,4.622299040920272,525
"Palatalisation of /k/ before front vowels happens all over the place: Russian, Greek, Turkish, Persian etc.",This is an example I always find is helpful for first year.,4.168781808704539,1131
A woman and a man are amused by headphones.,China stocks close lower on Friday,4.013495298775986,1083
Nelson Mandela taken to hospital,"Fatalities in rollover crashes accounted for 82 percent of the increase in 2002, NHTSA said.",2.372733565782671,217
Miss New York Crowned Miss America 2013,A man sits in a public place eating an apple.,0.290760866056348,130
a group of navy seals are singing,"""I had mainly been"" is fine, in the context you're using it.",4.991574819551512,674
Two black dogs playing in the grass.,"On Thursday, a Post article argued that a 50 basis point cut from the Fed was more likely.",1.437557386215477,1086
"A black hole (briefly), is nothing more than a dead star whose mass was more than 3 solar masses.",The black and white dog is running on the grass.,4.846328132275662,204
A toddler walks down a hallway.,Two men walk toward a dome-shaped building.,4.77510416214468,1049
The black bird is sitting on the ground.,"guillemets, as suggested by Lauren Ipsum, is a good option.",4.472767306498805,723
"""She was crying and scared,' said Isa Yasin, the owner of the store.",You only need two-dimensional trigonometry if you know the distances to the two stars and their angular separation.,1.395605556755728,1017
"Obama, Hollande Hail Transformed US-French Relationship",A woman plays an electric guitar.,0.646492367310255,66
"Freeman's civil hearing may be, on the surface, about a driver's license.",This is an example I always find is helpful for first year.,3.881076793036955,1247
The answer to your question is: It depends on how the writer works.,"First, let me say I've no experience doing battle with Bermuda grass.",4.373807630714017,1122
"The ""more posh"" words are usually Latin (occasionally Greek) in origin.",The couple was on the bed.,0.74067551594204,639
Two dogs are playing on the beach together.,Wikipedia's compilation of Time Travel Rules is a good resource to check about this subject.,4.636607794560997,64
A group of peoples posing in fur hats.,A woman with a smiling baby sitting on the table.,1.788299072317083,320
"Justices said that the Constitution allows the government to administer drugs only ""in limited circumstances.""",Skiing is a sport where taking lessons pays off very quickly.,1.606733387281992,1003
"While Queen may refer to both Queen regent (sovereign) or Queen consort, the King has always been the sovereign.",It depends on generally syntactic structure of two languages and -yes- some pragmatic issues.,3.423830014955127,1185
The man is aiming a gun.,A hockey player during a game.,0.769010134727007,820
A young boy has a red fishing pole.,People are sitting on benches.,1.396476226776592,63
I am not aware of any university run participant pools.,a dog trots through the grass.,0.913162850383797,1047
"Rotate through square, lunges and calf raises doing each until you feel a little burn.","They cover more than 300,000 UAW workers and 500,000 retirees and spouses.",2.243094661096756,1300
A man is pressing microwave buttons.,I'd say you need to distract yourself from the bigger picture.,2.403700328659744,454
A small baby is playing a guitar.,Salmon is a great choice and it's readily available pretty much everywhere.,0.241007593337408,1167
the tan dog is playing with the red dog out in the snow,You can try putting the diaper on backwards which may only work for a little while.,0.769400474786071,11
I disagree with Josh Bruce on some of his tips.,A guy is talking into a microphone.,0.585552688974084,557
"Trans fats are created when hydrogen is added to vegetable oil, solidifying it and increasing the shelf life of certain food products.",Boiling eliminates only a certain class of contaminants that can make you ill.,3.817948814688119,227
Afghan legislators approve new election law,"Selenski used the mattress to scale a 10-foot razor wire, Fischi said.",3.492463400077308,1280
A woman in jeans plays a video game in front of a large screen.,A chef prepared a meal.,1.023746849803751,780
Two little girls are talking on the phone.,"I'll address just the first of your three sub-questions, the others have been answered by Chuck Sherrington.",3.026392132048659,51
Two white dogs are swimming in the water.,"I reccomend ""Monkey Grass"" because it is like a slow growing weed that reproduces slowly and looks nice!",1.019860761000555,338
New video shows US police officers beating mentally-ill man,The big white dog is running in the grass.,1.937708221911683,1348
the tan dog is playing with the red dog out in the snow,"""I am advised that certain allegations of criminal conduct have been interposed against my counsel, J. Michael Boxley,'' the Silver statement said. """,3.083514653966359,1374
World news headlines displayed on a large screen.,Bulgarian president tries to break election stalemate,3.86215637979015,60
"The user needs to evaluate for his/herself the cost/benefit of an ""obvious"" efficiency tool, such as macros.",A yellow dog is playing in the snow.,2.593078259621788,1191
A smiling Caucasian male wearing a blue and black striped shirt it about to take a photograph.,I'm actually about to do the same thing when transferring at London Heathrow.,1.304302486592606,36
A sad man is jumping over a small stream to meet his companion on the other side.,Israeli forces detain 2 Palestinians in overnight arrest raids,0.027290297535293,946
Many guards are standing in front of the starting line of a race.,Two dogs face off of each other on the grass.,2.594137110694881,1446
A woman jumps and poses for the camera.,Budget negotiations between the mayor and the City Council are entering high gear.,0.125216481325694,506
"Trans fats are created when hydrogen is added to vegetable oil, solidifying it and increasing the shelf life of certain food products.",A parrot is talking into a microphone.,4.497251263974471,358
I can only think of context using insofar as or insofar that.,The other answers here are fantastic at explaining in a technical sense.,0.943282275560882,195
The man stirred the sauce for the chicken.,A boy is playing on a toy phone.,2.751785831650163,1399
Professor Burkhauser has done extensive research on who is hurt by higher minimum wages.,"As was mentioned, the problem with cheese is the potential for Listeria.",0.588870457024994,700
The man is slicing a potato.,There's no rule that decides which players can be picked for bowling/batting in the Super Over.,4.191702992098119,397
"The assertion is false, at least as you've restated it here.",A man is spitting.,0.490447664222318,559
A soccer player is kicking the ball.,Eurozone agrees Greece bail-out,0.540260293025238,455
The lady cut the tail and body of a shrimp.,"In a 6-3 ruling, the justices said such anti-psychotic drugs can be used only in ""limited circumstances.""",0.832392406992882,345
A woman is adding some mushrooms and liquid to a pot.,"""I'm absolutely confident we're going to have a bill,"" Frist, R-Tenn., said Thursday.",2.3536430971201,414
A guy and a girl are rock climbing with backpacks on.,"This Lady might be ready for Rock Climbing, or just watching the Clouds, above.",3.997673414535298,1295
A man is peeling a banana.,A naked little girl being thrown into the air.,2.259522137815474,810
"Barbini said the union may reach a compromise with the United States but it wants a system for labeling such foods, something the industry successfully fought here.",A general rule of thumb is every 5-6 hours of skating.,1.703163550934523,22
Bombings kill 9 people in Iraqi capital,Two people watching the water.,1.572105867429567,446
"Currently I've got a fairly close to purely digital GTD setup, although this could do with some refinements and tweaks.",A woman is chopping an onion.,3.581264960450799,644
A man practicing boxing,Spitz is expected to testify later for the defense.,0.854236973425021,73
Two people walking along the shore at sunset.,"White fish are, as a rule, more delicately flavored than darker fleshed fish.",3.238170811194906,589
"The difference between ""necessary"" and ""sufficient"" is the direction of the logical arrow.",Egypt's President-Elect Morsi Starts to Form Government,2.546279995984792,170
Google invests $200 million in Texas wind farm,Kenya SC upholds election result,0.85309490456739,539
"Kyoto, at least does, as described here: JR Kyoto Station.",A dog laying in the snow.,2.010968538394552,592
"Apart from aperture and focal length, depth of field also decreases with camera-subject distance.",There is a boy and a girl.,4.63337850092055,1115
My son didn't become potty trained until about his 4th birthday.,A red and brown bird is perched on branches.,4.56017688418073,271
"The blue-chip Dow Jones industrial average .DJI climbed 164 points, or 1.91 percent, to 8,765.38, brushing its highest levels since mid-January.",China's yuan weakens against USD for third day,4.711279451172158,581
A golden colored dog jumps around in the grass while holding a stick in its mouth.,"Just for reference, I ended up writing simple web-based lexical decision task software myself.",0.259119485792048,42
A person is whisking eggs in a bowl.,Budget negotiations between the mayor and the City Council are entering high gear.,3.13557151943459,225
U.S. District Judge Edmund Sargus ruled that the Akron-based company should have determined that changes at one of its plants would increase overall pollution emissions.,A leather couch and wooden table in a living room.,3.008607407212019,633
A man is staring at a leaf.,The car needs to some work,4.879848388784763,1141
Miss New York Crowned Miss America 2013,"Robber steals $53 million worth of jewels in Cannes, police say",4.423697982503506,201
A young boy in red swim trunks is jumping into a pool.,A woman is sitting in an office.,0.445233591702702,265
From what I'm seeing it's generally accepted that most English speakers have a vocabulary size of 15000 to 20000 words.,Iran President Hassan Rouhani wants nuclear deal in months,4.194718071179892,882
Syria in ceasefire observers call,"Playwright George Axelrod, who anticipated the sexual revolution with The Seven Year Itch and Will Success Spoil Rock Hunter?",3.717813371588039,162
New World Trade Centre tallest building in US,"The technology-laced Nasdaq Composite Index <.IXIC> jumped 26 points, or 1.78 percent, to 1,516.",2.332883546736589,240
"The terminology is usually called ""Destructive vs Non Destructive"" editing.","The Han Dynasty came after the Qin Dyansty, after the government under Shi Huang Di collapsed.",4.686154116853309,645
"Breed Zebra Danios are extremely hardy fish, they are almost difficult to kill.",A woman is chopping cilantro.,1.701796896503318,1244
The blaze then spread to several surrounding structures on the property and destroyed them.,Two smiling little girls playing in a fountain with other people.,4.71953558634805,911
There is a relatively narrow set of people who are eligible to be wandering in the restricted areas.,"Semicolon is used to join sentences that can stand alone, but are joined to emphasize their relationship.",0.955249500215771,926
A white cat laying on an office chair.,"The benchmark 10-year note US10YT=RR lost 11/32 in price, taking its yield to 3.21 percent from 3.17 percent late on Monday.",4.458047057810538,598
"The Standard & Poor's 500 stock index ended the quarter up 120 points, a gain of 14 percent, the best performance for that broad market benchmark since 1998.","It will cost about $20,000 per average course of treatment -16 to 17 weeks.",1.560947065465732,819
The best way to clear your head after a study session is by taking on a vigorous physical exercise (min.,A former partner of accountancy firm Ernst & Young was yesterday arrested by FBI agents in the US on charges of obstructing federal investigations.,1.779094258304013,250
Two boys in black swimming trunks are holding another boy by his arms and legs on a beach.,A woman is slicing carrot.,4.713206930016028,425
The child is the woman's kid.,A kitchen with wooden cabinets and furniture.,3.301433450679503,1264
"I'd suggest you find a bank in your local country, and consider opening a Euro denominated bank account with them.",Kids play in the water,0.33738745196028,1054
"At the highest level, a pace setter helps ensure they meet their game plan for the race exactly.","The U.S. women, who are defending champions, will play on Sept. 25 in Philadelphia and conclude group competition on Sept. 28 in Columbus, Ohio.",4.403108619215623,1153
INTEL TODAY disclosed details of its next-generation XScale processor for mobile phones and handheld devices here in San Jose.,"Halliburton shares fell 54 cents, or 2.4 percent, to $21.76 a share in midday New York Stock Exchange trade.",0.577248182027492,925
A possibility is to have a family meeting with the stated goal of working out the reward(s) for chores.,The cricket player hit the ball.,2.639298232103371,1437
An arrest warrant claimed Bryant assaulted the woman June 30 at a hotel.,"Razali Ismail met for 90 minutes with Suu Kyi, a 1991 winner of the Nobel Peace Prize, at her lakeside home, where she is under house arrest.",2.681690817881065,590
"Tom Kasmer, a 14-year-old from Belmont, N.C., got a word that sounded like ""zistee"" during yesterday's competition.","In my experience, babies tend to wake up by themselves when they get hungry.",4.817130480095315,96
My opinion is to wait for the child to ask for it.,From personal experience I found that a pace setter to be incredibly helpful.,4.97471962937489,951
A man doing a wheelie on a mountain bike.,Black bird standing on concrete.,4.919721673002547,1137
A person is picking a komodo dragon and putting it in a box.,Egypt braces for more violence as Muslim Brotherhood calls 'march of anger',1.207416414438574,541
China-EU 2020 Strategic Agenda for Cooperation released at 16th China-EU Summit,"Minimum wage laws hurt the least skilled, least productive the most.",0.67788141033056,663
"The new system costs between $1.1 million and $22 million, depending on configuration.",I'd say the expression I don't got... is generally rare in spoken AmE.,4.313343092483698,423
A woman cuts up some vegetables.,The United States is one of the five largest countries in the world by area.,2.048932575558312,743
A skier is jumping in the air over a snowfield near a mountain range.,A person is playing a guitar.,2.043376442001751,479
I once met a physicists who held the strong AI position.,There are many arguments for why this is not the case.,1.637660754389903,775
I have found there is no single best way to increase size.,At least 78 killed in Pakistan church bombing,4.206154413209791,816
Two cats sitting together on the sofa looking out the window.,A man is kayaking in rough waters.,1.679984868777278,254
Your brain is already beginning to wind down as you see the end in sight.,Britain savors golden night on track,4.116332277487798,1116
A dog with a stick follows another dog through the water.,A man is playing violin.,4.318034804583056,349
"I see some references to status as uncountable as well, but that doesn't make much sense to me.",Fartlek is not more effective than any proper interval training - just more fun!,0.754162524456228,704
"Paul Themba Nyathi, an MDC spokesman, said the Avenues Clinic was being targeted because it was treating opposition supporters.",I like to think of multitasking as rapid task switching.,1.261846263110726,1436
The Recording Industry Association of America says it plans to sue the song traders next month.,McArthur told internetnews.com price declines have moderated and remained below 30 percent from the previous year for the last two quarters.,0.137936045846938,84
The budget analysis comes as negotiations between the City Council and the Bloomberg administration heat up.,"Gerry Kiely, a EU agriculture representative in Washington, said EU ministers were invited but canceled because the union is closing talks on agricultural reform.",2.502657367271067,1240
"These are interesting studies, but the bottom line is: yes, environment affects cognitive abilities.",A woman stirs eggs in a bowl.,0.749966466598312,112
"""They've been in the stores for over six weeks,"" says Carney.",I agree with others that tracking your time is fundamental to the solution.,1.061558685079619,748
A man is screwing wood to a wall.,"U.S. forces struck dozens of targets on Monday, killing six guerrillas and arresting 99 others during 1,729 patrols and 25 raids conducted over 24 hours.",4.630947068033961,927
"When studying adult IQ, general adult norms are often used.",A person is burning cameras.,3.668746636833531,989
Three men are dancing.,A man sitting up taking a nap on a park bench with an open umbrella protecting him from the sun.,2.986499309047576,986
I think 90 days is the absolute most you can plan out in a single time period.,I don't believe not knowing a character's name would be confusing unless you make it so.,2.64195629077603,1048
"Police then called a bomb squad, but the device exploded, killing Wells, before bomb technicians arrived.","FirstEnergy Corp. should have determined that modernizing one of its plants would increase overall pollution emissions, U.S. District Judge Edmund Sargus ruled Thursday.",0.075197609231937,947
A man with a hard hat is dancing.,A man sitting on the floor in a room is strumming a guitar.,4.173414113755378,896
"The broad Standard & Poor's 500 Index <.SPX> was up 8.79 points, or 0.96 percent, at 929.06.",A man playing the guitar in the rain.,3.049710006114277,261
Eurozone agrees to lend Spain up to $125 billion,The dogs are chasing a black cat.,3.939601791198373,461
A woman is writing something.,A doctor prescribes a medicine.,0.829846416311192,55
Two boys sit facing one another at a table and one points at the other.,US drone strike kills 8 in NW Pakistan,4.976592368699709,986
I would say the best thing for me is to have a proper and consistent sleep schedule.,"A basketball player, playing in the home coming game.",0.118783070588639,218
"The male eagle was found by a zookeeper early Thursday, suffering from severe puncture wounds in his abdomen.",Two boys are riding on a toy with a blonde girl running long side of them.,0.307672569965676,1087
A helicopter is getting ready to take off.,"Yes, it is accepted practice to wash new Semi-Static rope (or Single Rope Technique/SRT Rope as it is known by cavers).",3.972251343835368,1202
"The new system costs between $1.1 million and $22 million, depending on configuration.","43 killed, 86 wounded in attacks in Iraq",2.287922355090305,1048
A man is pressing microwave buttons.,"Yes, it is accepted practice to wash new Semi-Static rope (or Single Rope Technique/SRT Rope as it is known by cavers).",2.906386600991589,462
I have seen cats not like using the litterbox for a variety of reasons.,A person draws on a dollar bill.,4.895687026393416,1171
The biker is doing dangerous stunts.,"Additional to the other answers, basil famously doesn't like to be damp overnight.",3.712127526785914,1125
"Bush turned out a statement yesterday thanking the commission for its work, and said, ""Our journey into space will go on.""","The WHO has said the Singapore case did not fit its profile of SARS and was ""not an international public health concern.""",1.57431136677193,575
A man playing the guitar.,"I've only made a couple of bbq sauces, but they've always come out really well.",4.329009044751423,990
Chechen officials working for the Moscow-backed government are a frequent target for rebels and tension is running high ahead of next Sunday's presidential election in war-torn Chechnya.,Two women are slicing some lemons.,2.669737007370175,521
A woman is adding some mushrooms and liquid to a pot.,"More than 10,000 people, most of them civilians, have been killed in three decades of insurgency.",0.654722013986273,454
"Iran, IAEA Officials Meet Ahead of March Nuclear Deadline",Calico cat sitting on step in front of a door.,4.273677547764293,265
Four children looking at barn animals.,"As noted on the Wiki page, grass seed was imported to the new world to improve pasturage for livestock.",1.481313544657037,824
"But in the end, all the worm did was visit a pornography site, said Vincent Weafer, a security director with Symantec Security Response in California.",Rocket fired from Gaza damages home in Sderot; none hurt,4.781825015642323,1308
"""We're going to do everything in our power to get money back to ratepayers as quickly as possible,"" Kennedy said.",A young boy is running toward and from the ocean waves.,0.923809134285828,979
A boy does a skateboard trick on the stairs downtown.,Obama's delicate dance on same-sex marriage,1.667545345213227,1076
People ride mopeds in an urban setting.,A woman wearing a white shirt stands on the street.,4.723353089944045,594
A black and white cat playing with a wool basket.,The suit was filed in the Supreme Court of New York County.,0.269433200445238,0
The lady made some slices on the shrimp.,Shares of Allergan were up 14 cents at $78.40 in late trading on the New York Stock Exchange.,3.427561844228816,336
The black and white cows pause in front of the gate.,Its going to depend on the type of packaging and also the freezer.,4.1275243809889,792
The effort is the Bush administration's latest effort to expand the role of religious organizations in government services.,"Today in History, Jan. 21",0.918521829250033,1435
Jordan Opens First Tent Camp for Syrian Refugees,The silver train is parked in a station.,0.304784460454324,993
This looks a lot like an invitation to a No True Scottsman argument.,"Lee Janzen, tied atop the leaderboard with five holes left, finished with a 68 to tie for sixth with Bob Crane (67) at 269.",4.529566310307155,705
Chechen officials working for the Moscow-backed government are a frequent target for rebels and tension is running high ahead of next Sunday's presidential election in war-torn Chechnya.,"Still, Pinellas rabies cases fell sharply to 17 in 1996 and 3 in 1997, Agnew said.",4.797059966195405,277
A rabbit is playing with a toy rabbit.,A man is standing on one feet on a bridge.,3.150595552957327,96
"The short answer is that yes, you can do this.","In his letter, McBride charges the Free Software Foundation and Red Hat with trying to undermine U.S. copyright laws.",3.819560787885554,1372
"It is possible, but it will have to be a docile female betta and a bigish tank.",The dog is playing with a plastic container.,0.871231278230904,123
The bird is sitting on the branch.,London Marathon observes silence for Boston victims,0.237893997140929,189
"""It's a major victory for Maine, and it's a major victory for other states.","This relates to the ""discovery"" of Asian, and other non-European cultures by Americans.",2.442984228790572,261
The lady cut the tail and body of a shrimp.,A man is at a farmers market.,0.531341616356519,1217
"Yes, you can add coffee grounds with their filters to your compost pile.",A dog is running along the beach beside the ocean.,0.33245284942919,216
A band is performing on a stage.,"The wider your aperture, the smaller your focal depth will be.",0.266799092887084,1258
"Freezing motion generally requires one, maybe two things: fast shutter speed, and flash at the right time.",Scottish police say at least one dead after helicopter crashes into pub,0.138069591726436,1201
Hospital: 61 killed in Venezuela prison riot,Cusco: High: 70F Low: 40F This is just before the rainy season (Dec-Mar) and crowds are general less.,3.658826402087432,399
A boy is playing a piano.,Turkey's PM Warns Against Protests,3.872401985388404,133
"Dick was an idea guy and a people guy, not a science guy.","Van-Vliet, who was also injured, called in the accident on the school bus radio.",1.587163788405548,1030
'Around 100 dead or injured' after China earthquake,"Van-Vliet, who was also injured, called in the accident on the school bus radio.",1.226340514264891,268
I will advise exactly the contrary of what bravo just said in another answer : go for A !,"Whitley's attorney, Marc Garber, called the ruling ""a huge victory.""",0.450317682327511,538
The brown dog is resting his head on a white pillow.,"Lower courts have splintered on the issue, allowing depictions of the Ten Commandments in some instances and not in others.",1.878910758225763,35
Florida's Supreme Court has twice refused to hear the case.,Heavy rains leave 18 dead in Philippines,2.728934309942399,1474
Oil falls in Asian trade,"In 1995, the last survey, those numbers were equal.",3.833489213289445,1431
A woman doesn't have her arms up because she's paralyzed from the neck down,"In countries like India, when you have 2/3 of the seats of all parliament, you have absolute majority.",0.121145777789783,514
"A young woman with outstretched arms stands in front of a ""Going Places"" bus.","Near a mosque in the northern town of Mosul, rebel gunmen also assassinated a Sunni Muslim tribal leader who backed the coalition.",4.235297210346541,1313
Two NATO soldiers killed in Afghanistan,The world's largest software company said it recognized the difficulty the multiple patches posed for companies trying to apply them.,3.811377718192093,1266
A baby rhino is walking around his pen with his mother.,"Astronomers have clocked eight more moons orbiting Jupiter, bringing its known total to 60.",0.308833679192758,360
"Barbini said the union may reach a compromise with the United States but it wants a system for labeling such foods, something the industry successfully fought here.",The two men are wearing pants.,1.644412684525769,1475
Looks like you've rediscovered Jaspers's concept of the Axial Age.,Stars rotate due to the angular momentum of the gas they formed from.,3.749730855909004,4
Scores Killed In Egyptian Protests,"Three killed, 21 injured in two road mishaps",4.23624813659596,676
There is a older man near a window.,A woman is chopping cilantro.,3.670495869264916,580
Two white dogs are walking through deep white snow.,US spends $50m on carp invasion,2.023733095257929,1460
School officials said Van-Vliet reported the accident using the bus’ radio.,"In my experience, when the final production will be in sRGB, use that color profile from start to finish.",2.721874834636834,688
"Here is the 2006 cover release, choice B in your question is the 2006 version.",A man is at a farmers market.,4.973525507984621,590
Miss New York Crowned Miss America 2013,two girls walking in the street,1.013091979905522,1377
A man is slicing a carrot by a machine.,"Shares of BioReliance sold at $47.98 at the close of market yesterday, down 2 cents.",3.152291333623879,768
"Wigan 3-2 Wolves: Match report, pictures & video highlights","I'm not sure what you mean by cognitive capacity, but I absolutely believe that language shapes the way we think.",0.639874327558446,381
a young girl smiling with her head upside down,"A girl in water, with goggles and swimming cap.",0.596465046373553,1218
A woman is exercising.,When using a regular taxi make sure it's with a reputable company or you agree upon the rate upfront.,2.174800719469335,833
"On Monday, as first reported by CNET News.com, the RIAA withdrew a DMCA notice to Penn State University's astronomy and astrophysics department.","""It's a new beginning as far as the courts, Crown Prosecution Service and police are concerned, making the criminal justice system work better.""",4.383123335468662,251
The 6th U.S. Circuit Court of Appeals on Wednesday ruled that an Ohio law banning a controversial late-term abortion method passes constitutional muster and the state can enforce it.,IAF strikes Gaza terror cell; 1 dead,3.316029080570365,568
"Deaths in rollover crashes accounted for 82 percent of the number of traffic deaths in 2002, the agency says.","U.S. forces struck dozens of targets on Monday, killing six guerrillas and arresting 99 others during 1,729 patrols and 25 raids conducted over 24 hours.",3.008739453609705,4
a young girl smiling with her head upside down,"A basketball player, playing in the home coming game.",2.315765624620827,346
'Desperate Housewives' Actress Kathryn Joosten Dies,Has Nasa discovered water on Mars?,1.931110488733362,627
"The pound also made progress against the dollar, reached fresh three-year highs at $1.6789.",A tennis player in the middle of a game.,0.192313235961146,712
People are near water,Two women are running.,4.589727665782211,548
the man is catching a ball,Crews worked to install a new culvert and repave the highway so motorists could use the eastbound lanes for travel.,2.867096283428303,946
"My experience with Danios has that they always have been ""bossy"" fish.",A silver AreoMexico Jet Liner sitting on the tarmac.,3.933907186440893,682
A guy and a girl are rock climbing with backpacks on.,At least 28 people die in Chinese coal mine explosion,4.681510195179374,410
Green Lantern to be reintroduced as gay by DC Comics,A girl is bungee jumping.,0.646067994204084,161
A golden dog is running through the snow.,"Manmohan in Tehran, asks NAM to take a stand on Syria",2.944673391787982,871
Dark colored dog standing in grassy field.,A couple are eating a meal and talking.,4.396140492032695,652
A panda is climbing.,A woman is slicing broccoli.,2.754260136181086,352
Two fishermen try to untangle their large fishing net on the side of the road on a cloudy day.,Two dogs are playing in the grass.,1.911715599447644,298
A dog and cat laying down together.,Dozens of Morsi supporters killed in Egypt clashes,4.672178143965175,1461
"Yes, your sentence will be clearer if you write the actual word instead of the slash.",Iranians “confess” to nuclear scientist murders,0.133951969182105,1345
The man cut up an onion.,Motorcyclist performing a wheelie next to a car.,0.40900148135406,1125
The veteran Malyasian diplomat met Suu Kyi Wednesday at the lakeside home in Yangon where she is under house arrest.,Two blasts rock Syrian capital,0.895237128253854,295
Fashion designer Lilly Pulitzer dies,A woman is sitting in an office.,1.000661164625166,1211
A man on a motorcycle performing a wheelie.,A man sits in a public place eating an apple.,3.819428311264131,740
Dali painting stolen from gallery,Iran says Israel lying about rockets,4.657744335761105,1459
From what I'm seeing it's generally accepted that most English speakers have a vocabulary size of 15000 to 20000 words.,There is a young boy with the woman.,2.083086763478679,1327
A man is running.,a small black dog in the ocean with some rocks in the background,0.705425662265684,1411
"Edit, again: The question seems to have changed, yet again.",Syria deploys more troops despite peace deal,1.528741067738657,1232
Domestic cat looking out window.,"""I know this sounds counterintuitive, but it's true: City-grown pollution -- and ozone in particular -- is tougher on country trees,"" U.S. ecologist Jillian Gregg said.",1.056715050076317,1260
The baby laughed in his car seat.,"Basically, what you do is you compare each age group IQ to the standardization sample.",0.111644370420184,717
a group of navy seals are singing,"Axelrod died in his sleep of heart failure, said his daughter, Nina Axelrod.",0.132737755025264,536
Bangladesh Islamist execution upheld,A red and white plane flying on a sunny day.,0.470669912216521,768
A girl is riding a horse.,Something is bothering your cat and he does not like it.,4.474644675624137,66
The Recording Industry Association of America says it plans to sue the song traders next month.,The form insofar is American English; the standard form in British and other English is 'in so far'.,0.509615088961091,1067
"Same here, I've the 50mm f/1.4, and as my fastest lens I couldn't live without it for concerts and low-light photography.",Obama's delicate dance on same-sex marriage,4.097242230744592,1404
A woman doesn't have her arms up because she's paralyzed from the neck down,I can think of three reasons why a faculty member might reveal how a student performed on a qualifying examination.,3.662370371638683,488
The udders of a dairy cow that is standing in a pasture near a large building.,The lady fried the breaded meat in hot oil.,2.921663032688042,559
The man and woman are resting on a couch.,A girl is riding a bicycle.,0.027854512198583,501
Baseball players playing a game at the park.,A man sliced a plastic bottle with a sword.,0.293539318798265,211
A man helps a boy ride a bike.,A man plays a guitar.,4.023033247137468,52
the tan dog is playing with the red dog out in the snow,"In traditional grammar, the word doing is a participle in all your examples.",0.557704936322196,182
ICC lawyer detained in Libya on security concerns,The men are playing a game of basketball.,3.916554951728634,701
"The user needs to evaluate for his/herself the cost/benefit of an ""obvious"" efficiency tool, such as macros.",A plane in the sky.,0.522060867056419,865
A man is standing on a roof top playing a violin.,Israeli lawmakers call for internal probe into case of Prisoner X,0.070062411497562,1440
The 6th U.S. Circuit Court of Appeals on Wednesday ruled that an Ohio law banning a controversial late-term abortion method passes constitutional muster and the state can enforce it.,"Britain's Prince Philip hospitalised, to miss jubilee",3.585538723190562,564
A kitchen with wood cabinets and dining table.,A man is standing on one feet on a bridge.,2.560563889328205,500
My experience is that a normal taxi is always cheaper.,"There are some cases ""status"" may be accounted of countable.",1.58163942626644,108
The group of hikers is resting in front of a mountain.,"Many children, instead of being motivated by reward are motivated by being in control.",4.799681249569545,807
New video shows US police officers beating mentally-ill man,"The Note's Must-Reads for Tuesday, October 8, 2013",3.981021002645301,1083
Several people are sitting around a fire at night.,A woman is applying cosmetics to her eyelid.,2.860383395287127,1201
Presumably the decision of drivers to slow down in response to work zone signage is influenced by many factors.,"U.S. soldiers killed about two dozen suspected Taliban militants in southern Afghanistan after their convoy came under attack, the military said Sunday.",4.680085214927299,1257
I visit AZ every summer and include some hikes in the desert when I'm there.,A man is beating two eggs in a bowl with a fork.,4.70255549349092,527
You definitely do NOT want to be supporting your weight with your arms on the bike for normal riding.,A person is playing a guitar.,1.821052402501343,795
Protesters clash with police in Caracas,The car needs to some work,4.912803299997574,425
"I've still got a fighting chance, though,"" Hewitt said after battling to overcome Davydenko 6-3 4-6 6-3 7-6 (7-5) on centre court.","Stout comes to Sprint from GE Capital, where he served as chief technology and information officer.",1.118259802864767,1195
Two women are sheering a white sheep inside of a wooden building.,Green Lantern to be relaunched as gay superhero,3.691504720323347,262
Two horses standing in a field with trees in the background.,Two men are playing table tennis.,0.899344192285588,893
A motorcycles is parked near a wall covered with a graffiti scene of a cityscape.,"There is a very good reason not to refer to the Queen's spouse as ""King"" - because they aren't the King.",4.058131615494954,273
The woman is waiting for her date.,Use coco peat - It's an organic soil derived from coconut husks for garden vegetables and plants which is Eco-friendly.,1.176397338866754,1484
"Since this is a relatively new problem for behavioral researchers, I don't know that there is a common consensus.",The woman is in a bathroom.,3.301556010393181,1214
"It got up on his personal radar screen this past week, I've given him my pitch and he was quite supportive,"" he said.","""Fins"" on real spacecraft are usually for one of two purposes: solar panels or thermal radiators.",1.972884695728978,69
The Embraer jets are scheduled to be delivered by September 2006.,The longer you can leave the seed-heads on the plant the better (IMHO).,2.322581461003695,1290
The lady stirred up raw eggs in the bowl.,"You're going to find answers all over the map for this one (i.e., there probably aren't ""standards"").",1.26779142980604,326
Business Week's online edition reported on Friday that WorldCom and the SEC could announce a settlement as early as Monday.,"I noticed you said ""movie critics"" enjoy mythological references in a film, but do audiences?",2.712377876928346,549
Yeager said the suspect in the Target attack showed tendencies of being a prior offender.,The lady broke raw eggs into a bowl.,0.493940999001701,758
The USA is the world's strongest country because of its military force.,I've been happy with the iRobot Roomba for floor cleaning.,3.171861337865276,1193
A man is standing on a roof top playing a violin.,Shares of Allergan were up 14 cents at $78.40 in late trading on the New York Stock Exchange.,1.492128396657554,510
A man calling for a taxi at the airport on a sunny day.,People are near water.,0.202357180212367,485
An office with multiple desks and green walls.,"Although I believe Searle is mistaken, I don't think you have found the problem.",1.211680823290135,458
Hospital: 61 killed in Venezuela prison riot,A woman is riding a horse.,0.502416991689464,107
The lady cracked an egg into a bowl.,"Tomatoes will last longer if kept in the fridge, but I actually recommend against keeping them there.",1.496195995780041,692
Two fishermen try to untangle their large fishing net on the side of the road on a cloudy day.,"The dollar was at 116.78 yen JPY= , virtually flat on the session, and at 1.2871 against the Swiss franc CHF= , down 0.1 percent.",4.564159482669062,725
A common one is haddock and is in season pretty much year round.,A man is laying on the floor holding a baby up above him.,4.749294364095084,1180
There are actually quite a few differences between the different types of flour.,The man helps the boy ride a bike.,2.213861055872783,1128
It is not recommended to use greywater on vegetables that you will eat directly.,"Emile Laroza, 51, contracted SARS while working as a nurse at North York General Hospital, the epicentre of the second SARS outbreak.",2.644468912978628,513
A white plane on the runway.,Two dogs are playing in the grass.,1.997879124698461,878
In some cases the implication could even be that Tom does not love her.,Would you be concerned with the mind changing if he wasn't shouting and/or misbehaving?,2.492571987785572,943
A puppy is trying to come out from the sink.,China and Taiwan hold historic talks,0.881905770406598,1258
A class 6 card in theory should be more than enough bandwidth for HD (1080) video for the 550D (48 MBit).,A dog is riding a skateboard.,1.440457814398744,1035
"Its former chief Mickey Robinson was fired for cause when he left in September, the company said.",A person is burning cameras.,4.803917031491473,1105
Keep in mind that you can easily swear without swearing.,"Mr. McCall, who ran unsuccessfully for governor of New York in 2002, styled himself an advocate of better corporate governance.",4.169000297813232,433
I have found there is no single best way to increase size.,"A grey, black, and white cat looking at the camera.",0.435491965722564,774
Crews worked to install a new culvert and prepare the highway so motorists could use the eastbound lanes for travel as storm clouds threatened to dump more rain.,"a dog with a Frisbee in its mouth, jumps over a man.",0.765103349075583,352
A man at a farmers market.,Supermarket chains are accusing union leaders of breaking off contract talks prematurely over the weekend as grocery clerks gear up for a possible strike.,0.869566376989673,455
"In addition to oil, make sure the grill is nice and hot before you start cooking.",Also at increased risk are those with suppressed immune systems due to illness or medicines.,3.844212115845501,768
"Spurs get revenge on Lakers, lead West",Our intrepid heroes also didn't pursue the child who was in the spacesuit.,0.719823606255604,86
Nelson Mandela taken to hospital,That federal investigation is separate from an informal inquiry by the Securities and Exchange Commission.,2.28750704710571,1345
Here's a technique  I've developed without being aware of it: Multiple Browsers.,A guy is talking into a microphone.,2.688796046492176,534
The Recording Industry Association of America says it plans to sue the song traders next month.,A man is riding a horse in the desert.,0.929889155428675,158
A group of people stand in the sand looking out at the water.,"Best Minister, Scrimshaw, and Ten Most Wanted all had workouts on Monday morning.",4.782552339223746,579
My guess is that means your cat only marginally likes the food you're feeding him.,The man is outside in the field.,0.504535226329025,602
Attack kills 12 in Afghanistan,I can think of three reasons why a faculty member might reveal how a student performed on a qualifying examination.,2.217847968173692,1374
A man is playing the drums.,"We had a cat that required daily medication, and it was a struggle to give the cat a pill.",0.277157406616527,558
"As per FIFA's ""Equipment Regulations"", Section 22, only the goalkeeper is permitted to wear a cap.","I think you mean to ask, ""What is the local sidereal time of Greenwhich?"".",1.10685342508395,751
"A search for three missing teenagers uncovered at least two bodies buried beneath freshly poured concrete in the basement of a house, authorities said Wednesday.",Black bird standing on concrete.,3.04625031424025,620
A close-up of a brown horse.,A group of people stand together and pose in front of a house.,3.536442185626077,1031
Dixon was otherwise the class of the field at Pikes Peak International Raceway.,A man is climbing a rope.,3.702990323093373,1083
A white bird flying up onto a tree.,That is indeed Greek Looks like a Ticket to a museum or field.,3.729199626110992,802
Five dead in Pakistan suicide blast,Dozens of 'flytilla' activists protest at Paris airport,2.97634125986979,1116
A tiger club is playing with a ball.,"Later Tuesday, Graham was expected to be re-elected for a second one-year term.",3.500993247156831,1308
"I agree with Seteropere completely, ""Network Science"" is a very broad subject.",A person is placing a baby komodo dragon into a container.,1.112818280246214,991
"I'm American, and I've never heard the bathroom referred to as St. John's.","In a 6-3 ruling, the justices said such anti-psychotic drugs can be used only in ""limited circumstances.""",1.060673233316095,807
The couple is sitting near the water in lawn chairs.,"Clinton: US, Europe Must Work to Defeat Tyrants",4.17118014213651,1438
"In his new position, Dynes will earn $395,000, a significant increase over Atkinson's salary of $361,400.",You can get a rough estimate from using an online calorie estimation website.,4.463736022135003,975
The man cut down a tree with an axe.,Man admits threatening to kill Prince Harry,4.644709025130905,16
Four girls happily walk down a sidewalk.,A young man is playing the guitar.,0.337038159158185,607
A woman is cutting broccoli.,Egypt Youth Leader Detained for Four Days,3.464122232265257,391
Manchester United slashes price for US IPO,The dog is playing with a plastic container.,1.665018754890442,1236
A scantily clad woman is standing next to a car.,"Astronomers have clocked eight more moons orbiting Jupiter, bringing its known total to 60.",2.687370963551341,444
A man is standing on a roof top playing a violin.,This is an example I always find is helpful for first year.,1.94969904580632,1044
The man is smashing garlic.,North Korea nuclear test,4.519677179820588,1280
A woman puts cosmetics on her eyelid.,Coptic priest shot dead in Egypt attack,2.41511525529073,798
A dog with a stick follows another dog through the water.,This is an example I always find is helpful for first year.,2.299950776201262,1395
"EU ministers were invited to the conference but canceled because the union is closing talks on agricultural reform, said Gerry Kiely, a EU agriculture representative in Washington.",Others have made some good suggestions about how to neutralize the odors in the area.,3.54231138279838,291
Who will succeed Mr. O'Neill at Hyundai is not clear.,"Regular dish washing fluid is great for removing grease, as it not only dissolves it but also binds it.",1.623071652610315,93
"First of all, let me say that there seems to be 3 main traits to casting a spell.","I'd been using paper towels to oil the grill, and I just discovered that newspapers work a lot better.",2.269109657850714,562
http://en.wikipedia.org/wiki/History_of_Delhi#Early_history shows that the city was called Delhi (or Dilli) at least since the 12/13th century.,A onion is being chopped.,0.735618873959629,1118
"In standard English, I think ""don't got"" has the same register as ""ain't"".",A puppy is trying to get out of a bathtub.,1.225592913317395,1100
"Anil, there certainly is a difference in results, mainly in image quality.",The women are in a play,3.2456911115045,1048
Prince Philip hospitalised in London,We have quite a few people here who have grown peppers and small tomatoes indoors and in pots.,3.989048303181466,156
"In September, Hewlett-Packard signed a development and marketing deal with the company.","I've only made a couple of bbq sauces, but they've always come out really well.",2.558465427947957,283
New UN peacekeeping chief named for Central African Republic,A man is eating bread.,2.247096536085121,1445
It was random that she faced Li Na in the first round - not because she's seeded/ranked #127.,One thing that should be used as a seasoning in Odyssey tales is the idea of the false destination.,0.103356670297305,64
The two dogs are playing fetch in the snow.,"IBM said the Rational products were also integrated with Rational PurifyPlus, which allows developers to work in Java, Visual C# and VisualBasic .Net.",0.123526447518955,245
I'd start by reading David Allen's book: Getting Things Done.,"She appeared in federal court Wednesday, but did not enter a plea.",4.694304788250625,1396
The rollerblades are moving.,A man is laying on the floor holding a baby up above him.,4.298908687700566,67
"A woman at the dining table with wine, beer, and lemons.",An older Asian couple poses with a newborn baby at the dinner table.,2.054842689441902,841
Protests after George Zimmerman acquitted in Trayvon Martin case,"""I know of nobody who pressured anybody,"" Douglas Feith, undersecretary of defense for policy, said at a Pentagon briefing.",0.389062214204504,1280
Men competing in a contest.,"Lee Janzen, tied atop the leaderboard with five holes left, finished with a 68 to tie for sixth with Bob Crane (67) at 269.",3.522875354360956,1021
Consumers would still have to get a descrambling security card from their cable operator to plug into the set.,http://www.varidesk.com/ There is also the hand-made/DIY version for which you could obtain design templates for.,1.040048841902752,463
The woman is waiting for her date.,Australia cuts interest rates to record low,0.093929185037611,1135
I am not aware of any university run participant pools.,It is highly unlikely that we're made out of stuff from only one star.,3.190610805576894,1001
Mohamed Morsi sworn in as Eygptian president,A onion is being chopped.,3.363397790841034,1013
Hospital: 61 killed in Venezuela prison riot,Two men walk toward a dome-shaped building.,3.913668554475089,427
A monkey is karate kicking a person.,"At first blush, then, the creators of the registry would seem to have drawn the line between exempted and banned calls in the right place.",1.800840605100218,261
"""What I am really looking for is an estimation of the Muslim population..."" @ThanosK and @T.E.D., an overall, general population estimation f.e.","Well, it really depends on how long he was there, and the exact speed of the Fleet.",0.743883506966482,1415
A few points to add here: Coyotes are not know to be aggressive towards humans.,A group of people sitting at a restaurant table.,1.631177169491502,1434
Kids are dancing on stage.,Salmon is a great choice and it's readily available pretty much everywhere.,4.567684515710929,30
"Its maker, MedImmune Inc., based in Gaithersburg, made 4 million to 5 million doses this year.","Japan, US hold talks linked to regional trade pact",1.512933812401232,1129
A man is stirring ingredients in a bowl.,A man is playing a trumpet.,1.038775804971031,977
A golden dog is running through the snow.,I agree with Lauren's answer: You need highs and lows in any story.,0.3575482125467,578
Egyptian president moves into Mubarak's old office,High court checks President's recess appointment power,0.199546918193593,815
Several people are sitting around a fire at night.,Two dogs play in the snow.,0.073306615488459,478
"In September, Hewlett-Packard signed a development and marketing deal with the company.",Several men pull a fishing net up on to the beach.,3.306188721885449,725
A boy skateboards down the railing of some graffiti stairs,An audience watches a girl dance.,3.167027395832492,635
"I have no idea why it is voted up, but Rex Kerr's answer begs the question.",I would definitely go for a slightly slower first half.,4.668212929517406,369
Afghan legislators approve new election law,A plane in the sky.,0.868457164492867,882
German Shephard jumping through black hoop while people watch,I don't boil eggs enough to keep a feel for the timing...,1.804779629167891,380
A dog runs on brown grass.,Both of these styles of bowling are performed by bowlers who are medium pace or fast bowlers.,2.078006615949759,760
A baby is crawling happily.,A large turtle crawls in the grass.,4.406711160791539,1227
A panda is climbing.,Definitely plan a month ahead - it's totally OK for your plans to change - just amend them as they do.,3.481837994147967,549
"When I needed a travel tripod, I also opted for a Trekpod.",A woman is washing a bowl.,0.395598405062126,939
A man jumping his dirt bike.,"A Spanish tanker, Sandra Tapias, was to be loaded with another million barrels, bought by Spanish refiner Cepsa SA, in the afternoon.",1.495394418364547,1174
Pakistan's Musharraf charged over Bhutto murder,"sufficient is an upper bound, necessary is a lower bound.",3.350774351894032,1200
The people are leaving the airplane.,Two ladies in skimpy clothes pose next to an old fashioned car.,1.595114895590931,170
A man walks his dog on the beach.,"As with all natural laws, Zipf's law is an approximation.",0.909868285922254,289
I like the previous answers regarding setting a schedule and fulfilling the rituals of going to a job.,"As Eugene suggests, try to figure out what you want to achieve.",2.509926718843244,786
A girl dancing on a sandy beach.,Colorado governor visits school shooting victim,2.425296282827518,1401
Men are jumping into water from a bridge.,One general key to not feeling dejected is to avoid comparing yourself to others.,1.918492056846342,1177
"For the entire season, the average five-day forecast track error was 259 miles, Franklin said.",An older woman is pouring oil into a skillet on the stove.,0.375575074342345,1440
"At CPAC, Mitt Romney Stresses Conservative Credentials",Syrian ceasefire brings uneasy calm,4.036877372790747,874
"First, double-check the dog's body language to make sure that it is truly aggressive.","In a 6-3 ruling, the justices said such anti-psychotic drugs can be used only in ""limited circumstances.""",2.108806595994301,460
Two dogs are playing on the beach together.,A man is standing in the rain.,1.094443857408413,775
"A long-haired man with a hat standing between two large, half-empty Coke bottles.","This is still a representational form of gov't, but with a unique twist.",4.016268407616549,488
If the number of fours hit by two teams are also equal then both teams will get 1 point each.,Two men standing in the surf on a beach.,1.348952886982973,656
Two cats sitting together on the sofa looking out the window.,An alternative would be to expose her solely or additionally to Hindi in daycare.,1.035324018139989,597
"In standard English, I think ""don't got"" has the same register as ""ain't"".",Cats may or may not lick a person based on all kinds of things.,0.079338402745296,1037
Netanyahu set to call early vote,A woman is pouring a yellow mixture on a frying pan.,4.654386159505846,888
"Dirt can mean pretty much anything, from good to poor quality soil.",A person makes fire.,3.397958678789283,1159
"There were indeed some serious issues surrounding Kennedy's election in 1960, one of the closest elections in History.",We have quite a few people here who have grown peppers and small tomatoes indoors and in pots.,4.801065645017607,1011
There is a older man near a window.,"To train yourself to use keyboard shortcuts, unplug your mouse for a few days.",2.191744544886579,412
U.S. fast-food workers plan nationwide strikes over minimum wage,It may be possible for a solar system like ours to exist outside of a galaxy.,2.856548402154068,309
A Japanese swordsman jumps into the air.,Fierce clashes in east Syria as US pushes peace talks,3.931682174183974,81
"Mel Gibson's passion-stirring Biblical epic ""The Passion of Christ"" will open in the United States on Feb. 25 - Ash Wednesday on the Roman Catholic calendar.",A woman is pouring eyes into a bowl.,2.546022664290073,1246
A guy is riding a horse.,The boy is taking a test at school.,1.067509828727247,602
A man on a motorcycle performing a wheelie.,"BA said the second quarter, which included unofficial industrial action at Heathrow, had been difficult.",3.245721941540825,231
A boy is playing a piano.,People are sitting on benches.,1.583503196452586,879
"No, there is no specific criteria for giving the man of the match award.",12 killed in bus accident in Pakistan,2.877761256260344,1236
"The bulk of India then was not controlled by Porus, but by the Nanda dynasty, centered at Pataliputra.","According to an arrest warrant, Bryant, 24, attacked a woman on June 30.",4.752463646342004,900
These cooks in the white are busy in the kitchen making dinner for their customers.,Manchester United owner Malcolm Glazer dies at 85,1.342995509869111,458
A wonderful woman I know has the Habenera bag by REI (link).,Large cruise ship floating on the water.,4.577631643824009,664
I prefer to run the second half 1-2 minutes faster then the first.,Bettas are highly territorial and no matter what sexes you keep together they will fight.,4.284941951518684,956
World's oldest man dies at 116,A man is standing on one feet on a bridge.,4.052386609424344,897
I will advise exactly the contrary of what bravo just said in another answer : go for A !,Sylvester Stallone's Son Found Dead At Home,3.01466633226023,445
A woman is dancing.,A woman is singing on stage.,4.249091251975821,157
"Lord Falconer hailed the changes as ""a new beginning as far as the courts, Crown Prosecution Service and police are concerned"".",The federal standard for ozone is 0.12 parts per million.,3.807175605496848,309
Asteroids are what are called minor planets - small inner solar system rocky bodies.,"Playwright George Axelrod, who anticipated the sexual revolution with The Seven Year Itch and Will Success Spoil Rock Hunter?",3.769206445257996,218
"The shares represent more than half the 115.9 million shares Turner held at the end of April, according to Bloomberg data.",Baghdad cafe bombing kills at least 38,4.486504424097099,566
Syria agrees to surrender chemical weapons,"Red grapes, blueberries boost human immunity",2.088184203749441,249
The lamb is looking at the camera.,"Hickenlooper clobbered city Auditor Don Mares, 46, in the Tuesday runoff.",2.685092023623377,22
The room used for defecation is almost always referred to by euphemism.,"The offer is also subject to Goldman signing an agreement with Drax's senior banks, senior bond holders and hedging banks by Sept. 30, it said.",3.327338890127459,1282
There are actually quite a few differences between the different types of flour.,A woman is using a hoe.,2.104740717932825,511
There are actually quite a few differences between the different types of flour.,People walking in the dark.,1.099885544276195,19
The woman is waiting for her date.,A black dog runs through the water.,0.49074807609141,1233
The black and white dog is running on the grass.,"Still, changes to IE ""may affect a large number of existing Web pages,"" according to the W3C's notice.",2.954321036977803,1254
A little blonde girl is standing in front of a water fountain.,A woman is beating two eggs in a bowl using a wire whisk.,3.316261349802234,233
"Iran, IAEA Officials Meet Ahead of March Nuclear Deadline",This is the rule if the runs scored by two teams in Super Over is equal...,4.823931262330725,1270
Left side of a silver train engine.,A man is playing a key-board.,2.139313949891413,777
Two dogs running together and one has a duck toy in its mouth.,Both men are being held for investigation of administrative immigration violations.,2.927033844147441,424
"Shares of LendingTree soared $5.99, or 40.1 percent, to $20.68 in afternoon trading on the Nasdaq Stock Market.",I have never heard or seen the phrase you mention.,4.305562213246793,56
"Yes, you can add coffee grounds with their filters to your compost pile.",Frankel said Peace Rules will run in the Preakness Stakes on May 17.,4.187461957882528,1448
The answer to your question is: It depends on how the writer works.,"Chief Executive Mickey Robinson was fired for cause in September, the company said last month.",3.096778480913198,1039
I visit AZ every summer and include some hikes in the desert when I'm there.,The company claimed it is the largest sale of Xserves by an Apple retailer.,1.22557108510046,802
The woman is cracking eggs into a bowl.,A band is playing on stage.,0.384263369703468,1362
The cougar is chasing the bear.,Spitz is expected to testify later for the defense.,4.327513734154264,759
A black dog lays in the sand.,I can think of three reasons why a faculty member might reveal how a student performed on a qualifying examination.,1.514479632983824,288
"The ""more posh"" words are usually Latin (occasionally Greek) in origin.",A dog is barking at a fly.,1.997655214258261,1395
These cooks in the white are busy in the kitchen making dinner for their customers.,A baby is being fed peas.,3.487612993224505,1396
Thai police use tear gas against protesters,Roadside bomb kills 5 Afghan policemen,2.137089843272396,180
Obama endorses same-sex marriage,a man in an oversized shirt sits at a shop,1.699860346722958,622
The man is riding a horse.,Puretunes representatives could not be located Thursday to comment on the suit.,4.386136025818019,787
"Anil, there certainly is a difference in results, mainly in image quality.","The seizure occurred at 4am on March 18, just hours before the first American air assault.",3.280583603201342,1114
Stocks dipped lower Tuesday as investors opted to cash in profits from Monday's big rally despite a trio of reports suggesting modest improvement in the economy.,The man sang and played his guitar.,1.331166722394461,1367
A dog jogs through the grass.,"The difference is huge, as not all non-physical things exist in minds.",4.532852402089411,844
Chechen officials working for the Moscow-backed government are a frequent target for rebels and tension is running high ahead of next Sunday's presidential election in war-torn Chechnya.,One general key to not feeling dejected is to avoid comparing yourself to others.,3.536534922966583,1338
US confirms al-Qaeda leader has been captured,Two smiling little girls playing in a fountain with other people.,2.873739867796383,733
"US, Russia enter third day of Syria talks",a small black dog in the ocean with some rocks in the background,3.855184305253618,661
I think it is still feasible to store seeds until the next year.,Pakistan Denounces Latest Drone Attack,2.364553632282695,626
Asteroids are what are called minor planets - small inner solar system rocky bodies.,Why did Aristotle place the earth at the centre of an infinite universe?,2.788005300110132,219
"The villains I absolutely hate are selfish and self-serving, but they are also cowards.",A woman is cutting raw fish.,0.006549758532653,838
"In a ""first-past-the-post"" system, it is difficult to sustain more than two parties.","The lawyer for Hollins Jr., Thomas Royce, has said his client had no link to the company that owned and operated E2.",1.83637981187587,1329
"Iran, IAEA Officials Meet Ahead of March Nuclear Deadline",The girl in the ski jacket is walking near the buildings.,2.493835208714882,816
I just hold the cheese closer to the edge away from the grater.,A former partner of accountancy firm Ernst & Young was yesterday arrested by FBI agents in the US on charges of obstructing federal investigations.,4.731467649662275,382
"This may be overly obvious, but in American English, saying ""you're welcome"" is certainly polite and standard.",a man in an oversized shirt sits at a shop,1.246563278630859,1088
Iran threatens to trigger oil price war,I'd say the expression I don't got... is generally rare in spoken AmE.,2.582931860630601,155
A man is playing a flute.,A man plays the guitar.,3.55928600407873,1011
Three humans are walking a dog.,Quattrone lawyer John W. Keker said his client is innocent.,4.972068901876377,1186
Afghan legislators approve new election law,A tan and white dog runs through water.,2.214016969366529,1487
Israeli police clash with Palestinian protesters at sensitive Jerusalem holy site,There are several different pushup variations out there and most of them provide a unique advantage.,1.938856237216583,1469
"Barbini said the union may reach a compromise with the United States but it wants a system for labeling such foods, something the industry successfully fought here.",A woman is slicing carrot.,0.16701529082282,254
"The user needs to evaluate for his/herself the cost/benefit of an ""obvious"" efficiency tool, such as macros.",A leather couch and wooden table in a living room.,2.552677778645954,389
It is simply the number of balls bowled divided by the number of wickets taken.,"In a few billion years, the Milky Way and Andromeda will collide.",4.147507262324236,601
The answer will depend significantly on what country you're traveling to.,Quattrone lawyer John W. Keker said his client is innocent.,2.422101150718233,99
The answer to your question is: It depends on how the writer works.,Four people eating dessert around a table.,0.394053994175475,676
Someone is mixing a liquid.,The suit was filed in the Supreme Court of New York County.,1.215481028918381,1139
"I have a few Nikon lenses, and a Sigma 10-20mm for super-wide shots.",A man tosses a bag down an escalator.,4.053284605235063,310
"Israelis, Palestinians convene over prisoner swap",US decries Pakistan doctor's fate,2.615559496833087,1152
A group of men walk and hang onto ropes.,A chef prepared a meal.,0.186831320883958,739
Israeli police clash with Palestinian protesters at sensitive Jerusalem holy site,Kids play in the water,1.097326166835136,1446
"For what it's worth, dirt on the lens might not be as detrimental as you would think.",Two dogs are playing in the grass.,3.085148345250182,692
"Obama, Hollande Hail Transformed US-French Relationship",A white cat looking out of a window.,4.046323541759382,1434
"Pardon the brevity of this answer, but I would say ""named"" is preferred within the context of your example.",A man is playing flute.,4.922037778419515,1490
"For what it's worth, dirt on the lens might not be as detrimental as you would think.","I'll address just the first of your three sub-questions, the others have been answered by Chuck Sherrington.",2.112236231565902,68
Malawi confirms president's death,"""I am being forced into exile by the world's superpower,"" Taylor said in an address videotaped at his home.",4.114858304543362,214
"""It just seems like all the issues that we support, he doesn't,"" said Gabriela Lemus of LULAC.",US Congress may throw wrench into Iran nuclear deal,3.001910030763125,554
"I feel your pain - I absolutely pour with sweat with any vigorous exercise, even in cool conditions.","As mentioned in previous answers, rats and gerbils can be offered instead of mice or in a rotation with mice.",0.37025111299718,704
Thai government says elections Feb. 2,Fast-food workers strike for higher pay,3.372935943551152,378
The answer will depend significantly on what country you're traveling to.,The Maine program could be a model for other states.,1.864579998222116,698
There are actually quite a few differences between the different types of flour.,Lady in a pink Tinkerbell jacket stands next to the railing and looks out at the water.,4.907818579742862,1306
Biden calls for trust in US-China relations,A man and woman sit on a park bench.,2.423851253309987,462
A person is chopping coriander leaves.,My GTD system is effectively 100 percent electronic--as described in detail here.,3.519580439717234,950
"""I am advised that certain allegations of criminal conduct have been interposed against my counsel,"" said Silver.",A man in a tux on a white horse.,1.141294539267392,1493
the man is catching a ball,US Congress may throw wrench into Iran nuclear deal,4.527469535361311,672
"The Nasdaq composite index advanced 20.59, or 1.3 percent, to 1,616.50, after gaining 5.7 percent last week.",A tennis player in the middle of a game.,0.398501057100186,1164
"The time was about 4 a.m. on March 18, just hours before the first pinpoint missiles rained down on the capital.",38 feared dead in Russian psychiatric hospital fire,3.301100154081652,985
The Securities and Exchange Commission has also initiated an informal probe of Coke.,The International Union of Painters and Allied Trades endorsed Mr Dean several weeks ago.,1.341860861000719,463
A man playing the guitar.,"Chief Executive Mickey Robinson was fired for cause in September, the company said last month.",4.238455130648769,521
China yuan weakens to 6.1559 against USD,The boy is jumping into a lake.,4.594236485268763,255
Here's a technique  I've developed without being aware of it: Multiple Browsers.,A race car driver performs in the race of his life.,4.822462166923738,472
"If you don't want to pay for Adobe Acrobat Pro, as @schultem mentions, LaTeX can do this with embedded hyperlinks.","a woman is standing by a pillar where ""u2"" is written.",2.183748927626332,337
Syrians trade blame over blasts,"Six new Krispy Kreme stores were opened in the first quarter, bringing the total number of stores to 282.",3.39017929915196,258
"After 9/11, Connolly said, agents spent thousands of hours investigating al-Bayoumi.",District Superintendent J. Chester Floyd told reporters Monday that McCrackin will be reassigned within the district.,2.890514530291596,666
"Singapore is already the United States' 12th-largest trading partner, with two-way trade totaling more than $34 billion.",House with a red door.,4.374935000077582,18
"A crowd of people stand on a rural road, a field behind them, a forest in front.","The rovers act as robotic geologists, moving on six wheels.",2.003934593984258,648
"Rotate through square, lunges and calf raises doing each until you feel a little burn.","Designer, Socialite Lilly Pulitzer Dies at 81",0.140120264249438,246
Train going down the tracks.,The artists say the plan will harm French culture and punish those who need help most - performers who have a hard time lining up work.,3.566529913689491,1107
"Many people are on the beach, near a building with flags flying.",A man and woman are asleep on the couch.,0.217050855156093,370
Obama endorses same-sex marriage,The sale represents about 52 per cent of the 115.9 million shares Mr Turner held at the end of April.,4.13572732296203,235
"Consumer groups are against the changes, saying they hurt individuality in markets.","Playwright George Axelrod, who anticipated the sexual revolution with The Seven Year Itch and Will Success Spoil Rock Hunter?",1.610729444792904,825
The girl is very skilled and practices a lot.,"The service will launch later this summer with 800 locations, and Sprint plans 2,100 locations by the end of the year.",3.329904128354899,729
Romney rocked by secret video,A woman is riding an elephant.,4.552304215805755,1379
"It does sound like your cat is upset about something, and trying to communicate it to you.",A woman lifts weights.,4.230042452863215,778
"Most of the literature I can find about infant sleeping has to do primarily with waking habits, not eating habits.",A woman is slicing broccoli.,0.661724039317359,595
A man is stirring ingredients in a bowl.,Two dogs play in the snow.,3.410330464927331,1090
"Boy, 14, arrested for sex attacks around a university campus",There are a very wide variety of solutions for resizing and sharpening images for use on the web.,0.615412620523909,58
A skier is jumping in the air over a snowfield near a mountain range.,"Tito Barbini, a regional minister for agriculture in Tuscany, Italy, criticized the absence Tuesday in Sacramento.",1.853293166248027,90
Cardinals enter Vatican for historic vote,A dog lays down in the long green grass.,3.122672157310593,1138
"Russia, China veto UN resolution on Syria endorsing",A man is cutting onions.,4.149350487555864,120
The man is hiking in the woods.,The people are entering the plane.,0.0945394898358,301
I don't think we have a solid theory of mammal speciation.,Three women are sitting near a wall.,1.296437661494587,423
UK alert on Syrian chemical arms,The man is skiing down a snowy hill.,0.863715510555621,97
UK spends £3m on foreign prisons,"Having fairly recently taken up the sport myself, I feel your discomfort.",0.583446041558253,413
"I've still got a fighting chance, though,"" Hewitt said after battling to overcome Davydenko 6-3 4-6 6-3 7-6 (7-5) on centre court.",A woman is sitting in an office.,4.67485449549411,507
Baseball players playing a game at the park.,"I think Keltari has some good ideas.... A cat can change its ""taste"" in litter material.",1.00459410931212,1281
Kenya Supreme Court upholds election result,The man and woman are walking.,3.528794086278411,140
A dog is chasing cows.,"The quarterlies usually stay in stores for between six to eight weeks,"" Carney added.",1.591815844924997,1266
2 pro-Palestinian activists arrested at B-G Airport,"The broad Standard & Poor's 500 Index .SPX was up 8.79 points, or 0.96 percent, at 929.06.",0.28438096698834,626
"FBI agents arrested a former partner of Big Four accounting firm Ernst & Young ERNY.UL on criminal charges of obstructing federal investigations, U.S. officials said on Thursday.","At first blush, then, the creators of the registry would seem to have drawn the line between exempted and banned calls in the right place.",2.623427726703254,397
No radiation leak at Iran's nuclear plant,"Gold's bounce pulled other precious metals higher, sending silver to $4.83/85 an ounce from $4.80/82 last quoted in New York.",1.316059680979989,778
"One thing you seem to be forgetting regarding myths, is they are extremely prevalent stories.",Two men are playing table tennis.,2.591235452521516,1194
A person pours cooking oil into a pot.,A person is preparing shrimp.,3.970496962402029,1148
"A former candidate for governor of New York, he styled himself an advocate of better corporate governance.",The man is very skilled.,1.239387587578271,1430
I've stored pancakes in the freezer for over two month and not had any freezer burn.,Inclusion is the act of including and exclusion is the act of excluding.,1.201222498113968,773
Military plane crashes in south France: authorities,An airplane moves along a runway.,3.847364380601939,1443
"Singapore is already the United States' 12th-largest trading partner, with two-way trade totaling more than $34 billion.",People are out sitting in front of a garden.,4.89212992352881,1178
"The time was about 4 a.m. on March 18, just hours before the first pinpoint missiles rained down on the capital.",NATO: 3 troops killed in Afghanistan attack,4.782357192102156,461
People rock jumping into water while people fish in the background.,I have never heard or seen the phrase you mention.,0.263176172991988,1080
"Breed Zebra Danios are extremely hardy fish, they are almost difficult to kill.",A slow loris hanging on a cord.,3.744518648416062,640
"At 12 months there was still a difference in function, although it was not a significant one.",Security agencies worry about new terrorist threats in Kenya,0.718628384678532,725
There are actually quite a few differences between the different types of flour.,"""I know of nobody who pressured anybody,"" Douglas Feith, undersecretary of defense for policy, said at a Pentagon briefing.",1.879119025115675,520
"But in the end, all the worm did was visit a pornography site, said Vincent Weafer, a security director with Symantec Security Response in California.",A little girl is walking down the street.,2.286882359645804,1007
"Russia, China Veto UN Resolution on Syria",A herd of elephants are walking along a trail.,4.121632460800911,486
A person is combing a cat hair.,A skateboarder is jumping over an obstacle in front of a white house.,4.647041235677468,1189
The dogs are playing in the snow.,A girl dances like a man in costume,3.619494788015564,1360
Black bird sitting on a concrete slab.,"In fact, you can remove pretty much and preserve grammaticality if you don't care about preserving meaning.",3.183369638478921,1258
A baby rhino is walking around his pen with his mother.,Globular clusters occupy an interesting place in the spectrum of composite stellar systems.,3.02179887224703,477
A skateboarder on a city street.,Fartlek is not more effective than any proper interval training - just more fun!,4.983313226627603,267
Presumably the decision of drivers to slow down in response to work zone signage is influenced by many factors.,A puppy is trying to get out of a bathtub.,0.903964005364449,119
Chechen officials working for the Moscow-backed government are a frequent target for rebels and tension is running high ahead of next Sunday's presidential election in war-torn Chechnya.,Accessibility is determined by the axioms of the modal logic you're working within.,1.408451597816172,1023
The cows feed in the trough.,A person makes fire.,0.41024573165125,658
A dog and a red ball in the air.,A silver AreoMexico Jet Liner sitting on the tarmac.,4.163110810435202,101
A woman is mixing ingrediants.,a woman enjoying her reading at a coffee shop,3.083290234009884,1333
The girl sang into a microphone.,A man is sitting on one of two red benches and staring into a kiosk.,4.560123950016699,1168
A black train moves down the tracks.,"""The petitioners are entitled to respect for their private lives.""",0.429221325050959,258
A man jumping his dirt bike.,Should arrival at this point be the focus for examination of any system?,1.386969256693851,1339
"They don't taste identical at all, and even more important, they don't smell the same.","The Dow Jones industrial average <.DJI> fell 44 points, or 0.46 percent, to 9,568.",0.03778428326687,524
The author is one of several defense experts expected to testify.,Why did Aristotle place the earth at the centre of an infinite universe?,0.76326827526874,758
Two bald eagles perched on a branch.,Crews worked to install a new culvert and repave the highway so motorists could use the eastbound lanes for travel.,3.597419162554522,850
A Stage 1 episode is declared when ozone levels reach 0.20 parts per million.,A plane in the sky.,4.922659293215219,330
An elderly woman catches a ride on the back of the bicycle.,The soccer player gave the ball a high kick.,1.727495646130927,882
The flag was moving in the air.,"Playwright George Axelrod, who anticipated the sexual revolution with The Seven Year Itch and Will Success Spoil Rock Hunter?",4.566682088653438,459
A group of people eat at a table outside.,"The quarterlies usually stay in stores for between six to eight weeks,"" Carney added.",0.804866406968353,995
"The commission dropped charges that Patton improperly appointed Conner to the Kentucky Lottery Board and that he improperly appointed Conner's then-husband, Seth, to the Agriculture Development Board.",Your own theory is bad because it seems to follow from a Lamarkian interpretation of evolutionary theory.,4.455591358939631,1362
"The difference between ""necessary"" and ""sufficient"" is the direction of the logical arrow.",A jockey rides a horse at a gallop.,1.030535074665678,846
Iraq Releases Suspected Hezbollah Operative Wanted By U.S.,Over 120 dead in Pakistan factory blaze,4.049251337360684,94
Lebanon businesses strike in protest at political impasse,A bunch of people standing next to a car with it's trunk open.,0.751935457852254,161
I am not aware of any university run participant pools.,"The difference is huge, as not all non-physical things exist in minds.",3.039838507966396,819
Three humans are walking a dog.,A woman in a white shirt standing in front of a brick wall.,4.25230361144381,310
Hong Kong set for democracy march,A trick I did was to grab and hold my cats close if they disturbed me during the night.,2.712918006960226,1006
"The terminology is usually called ""Destructive vs Non Destructive"" editing.","I don't know if I should say this, but if your job is making you anxious.",3.283680439687436,712
People who are good at the philosophy of mathematics are mathematicians and not philosophers.,Israel launches air strikes near Damascus,1.841767014580564,850
Kenya Supreme Court upholds election result,Hundreds dead or injured in China quake,0.143455841157821,435
"There's a geek answer to this, and a practical answer to this.","Named is preferred in your example, since you are formally giving a name to your method.",0.806783082182222,954
"Yes, absolutely - the receiving player must allow the ball to bounce before returning the serve - or any shot, actually.","The lawyer for Hollins Jr., Thomas Royce, has said his client had no link to the company that owned and operated E2.",4.03585603932269,1043
Google search for Travel WODs has whole lots of results which you can use.,This is about my experience in computer engineering I found that reading for breadth was the more important approach.,1.700376779001839,960
Fashion designer Lilly Pulitzer dies,A skateboarder is jumping over an obstacle in front of a white house.,4.645373279142221,468
"""It just seems like all the issues that we support, he doesn't,"" said Gabriela Lemus of LULAC.","Additional to the other answers, basil famously doesn't like to be damp overnight.",2.025146390271004,806
"If you arecomming from the non-linguistics environment, the best book is to start with Is Fromkin, Introduction to language.","I've only made a couple of bbq sauces, but they've always come out really well.",0.812705018619968,279
"If you have access to it, you can very easily do that with Thomson Reuters’ Web of Science portal.",A dog jumps through a hoop.,1.679438662875316,1231
It would be unusual for a snake to attack a stationary person.,Old style bicycle parked on floor.,0.857992506976721,1005
The girl with the blue bucket splashes beneath the pier.,A person and a horse are above a fence.,1.356728437600899,1395
The WHO experts didn't say how many cases in Hebei were in rural areas.,Summer solstice celebrated at Stonehenge despite rain,0.742975868494947,678
A class 6 card in theory should be more than enough bandwidth for HD (1080) video for the 550D (48 MBit).,A man is singing to a woman.,0.056896670536968,311
A black and white cat playing with a wool basket.,"""We are very pleased with the judge's decision,"" Merrill said yesterday.",1.617887760210993,1152
"Yes, absolutely - the receiving player must allow the ball to bounce before returning the serve - or any shot, actually.",A boy is playing on a toy phone.,3.820255590612578,693
A young girl in a pink jacket is playing a board game.,"I've found with my baby that it's more accurate to go by his behavior than by ""rules"".",4.306691862338791,403
Black and white dog running through water.,"Revenue was up a tad, from $610.6 million to $616.5 million.",1.214928750005342,888
A person is whisking eggs in a bowl.,High court checks President's recess appointment power,1.837342934923521,31
"The bulk of India then was not controlled by Porus, but by the Nanda dynasty, centered at Pataliputra.",A girl poses with her head upside down.,3.930162059767937,802
"Nine seconds later, it broke the sound barrier and continued its steep powered ascent.",Boiling eliminates only a certain class of contaminants that can make you ill.,0.781586319416545,1181
Iran threatens to trigger oil price war,The car needs to some work,1.028646921755662,425
The group of hikers is resting in front of a mountain.,"The Standard and Poor's 500-stock index, a broad collection of equities representing leading companies, finished its best quarter yesterday since the last three months of 1998.",4.334869564613572,1397
Gunmen 'kill 10 tourists' in Kashmir,"Stout comes to Sprint from GE Capital, where he served as chief technology and information officer.",1.90296527306831,1125
"Kyoto, at least does, as described here: JR Kyoto Station.","Stars are rotating, but that's not the cause for their stability.",3.407138689920364,1141
"If I understand you correctly, you are looking for a hypernym of inclusion and exclusion.","The main flaw with your definition of a ""generalised planet"" would be the boundary between stars and planets.",0.669320693829703,473
"The shares represent more than half the 115.9 million shares Turner held at the end of April, according to Bloomberg data.",Men jump in a river.,1.526100544666449,1056
Kids playing ball in the park.,Mohamed Morsi sworn in as Egypt's President,3.161800519554659,1288
"The time was about 4 a.m. on March 18, just hours before the first pinpoint missiles rained down on the capital.","They had a treaty beginning in 1941, after a few skirmishes along the area in question.",4.826397132206876,1052
The four women are practicing for a upcoming match.,Egypt violence: Student killed in clashes at Cairo’s Islamic university,1.173826180808355,256
"From the start, however, the United States' declared goal was not just to topple Saddam but to stabilize Iraq and install a friendly government.",IAF strikes Gaza terror cell; 1 dead,1.170531244909087,602
"Its maker, MedImmune Inc., based in Gaithersburg, made 4 million to 5 million doses this year.","That saw the benchmark 10-year note US10YT=RR slip 5/32 in price, taking its yield to 3.36 percent from 3.34 percent late on Thursday.",2.174559920836635,853
Fire in Russian psychiatric hospital kills 38,The lady sang into the microphone.,1.131357088564302,7
Saudi gas truck blast kills at least 22,The woman is eating.,1.364933194351855,262
My opinion is to wait for the child to ask for it.,A double decker bus on a city street.,3.607040316963879,875
The girl is very skilled and practices a lot.,Toulouse shooting: France was on the highest level of security of security alert,2.392663756089011,553
A man jumping rope,Someone is chopping some cabbage leaves.,2.560977035723533,328
A man is carrying a canoe with a dog.,Heavy rains leave 18 dead in Philippines,4.884921531455939,184
Large silver locomotive engine in a shed.,"The lawyer for Hollins Jr., Thomas Royce, has said his client had no link to the company that owned and operated E2.",3.875118891098093,1286
"The broad Standard & Poor's 500 Index <.SPX> was up 8.79 points, or 0.96 percent, at 929.06.",Two dogs running through a grassy field.,1.835845645082737,1163
Police helicopter crashes into pub in Glasgow - several casualties,A man is turning over tables in anger.,1.192116664757254,559
According to Shia Muslims specially Iran state and Hezbollah a country called Israel does not exist.,"Gold's bounce pulled other precious metals higher, sending silver to $4.83/85 an ounce from $4.80/82 last quoted in New York.",1.246812625010877,804
"The shares represent more than half the 115.9 million shares Turner held at the end of April, according to Bloomberg data.",two young girls holding each other on the grassy ground,2.207130956694586,361
A bag of cotton in front of a couch.,An old train sits idle on the tracks.,3.430680576501824,142
The dogs are chasing a cat.,"Later Tuesday, Graham was expected to be re-elected for a second one-year term.",3.6105591779008,132
The person is starting a fire.,"The Laws of Cricket say that you can declare any innings, no matter what the agreed length is.",2.891940787436922,254
The budget analysis comes as negotiations between the City Council and the Bloomberg administration heat up.,Salmon is a great choice and it's readily available pretty much everywhere.,0.2993829257105,341
A boy is at school taking a test.,US presidents pay tribute to Mandela,1.435844381864567,1459
Three dogs playing in the snow.,The objects you are refering to are actually two different objects: asteroids and comets.,0.85486236332634,1075
"First, double-check the dog's body language to make sure that it is truly aggressive.",Manchester United Reveal Share Price Details,4.10186673753747,24
A woman with a white horse.,To reduce the amount of fur a cat malts over your furniture and clothes you could try a deshedder brush.,2.481783670618935,32
2 pro-Palestinian activists arrested at B-G Airport,12 killed in bus accident in Pakistan,0.71751729019428,198
Red double decker bus driving down a street.,A brown horse stands in a lush green field.,2.31045092179016,790
Protesters had been calling for an end to the country's hard-line establishment and for supreme leader Khamenei's death.,You can put her toys near her or give he toys to her.,1.746770620466814,370
"I use Elinchrom Skyports, but if money is not an issue then go for PocketWizards.",Syria divided opposition struggles within wider Syrian struggle,0.833590729068167,680
He claims it may seem unrealistic only because little effort has been devoted to the concept.,To reduce the amount of fur a cat malts over your furniture and clothes you could try a deshedder brush.,2.743061397686159,931
"I use Elinchrom Skyports, but if money is not an issue then go for PocketWizards.",Red and white plane flying through the air.,0.272558922040533,1069
"These men ""are entitled to respect for their private lives,"" Kennedy said.",Greece looks set for repeat election,0.922802922923208,1082
"Simple answer is yes, flower shoots on lettuce is a sure sign of bolting.",From personal experience I found that a pace setter to be incredibly helpful.,4.013472059006564,412
The lamb is looking at the camera.,"On the surface, it does seem like social anxiety disorder and extroversion shouldn't both exist in the same person.",3.248328979087111,533
Residents near Gaza instructed to stay near shelter,A man is adding a silencer to a gun.,3.833035010169818,301
"Show her how much fun splashing is - that's what we did, and made a game of it.","A girl in water, with goggles and swimming cap.",2.822313238136325,1483
"If you wear a bear bell on your backpack, your fellow hikers will kill you for being annoying.",Bombings kill 19 people in Iraq,2.554308734363943,1374
Almagor blasts Netanyahu over prisoner release,A man is holding a microphone in a room.,0.113740896344914,983
Maldives begins to vote in controversy-ridden presidential poll,"GPS systems can, and do, work everywhere you can get satellites.",1.226866717214056,272
"Freight train derails, catches fire in Columbus, Ohio","There is always ""transitional authority"" by virtue of the writing of regulations.",0.841963057206302,1375
A man is drilling a hole in a board.,Iraq Said to Release Hezbollah Operative,1.145335519189668,744
"Aloes, like most succulents, are very hardy and will withstand considerable neglect .","In my experience, fresh garlic is great for when you want texture, or to slow down the flavour infusion.",0.17024979366865,484
"""It was a little bit embarrassing the way we played in the first two games,"" Thomas said.",A person walks a dog along the water's edge.,1.026251710434372,803
He allowed two runs in seven innings and struck out six.,Fire breaks out near secretariat in Srinagar,4.436904718609395,1247
"If non-human animals do have intelligence too, why is their intelligence not as advanced as humans?","The Dow Jones industrial average <.DJI> fell 44 points, or 0.46 percent, to 9,568.",2.495486755921974,490
Civilians Bear Brunt of Afghan Attacks,"Chiron and Aventis Pasteur together made about 80 million doses, ordinarily enough for U.S. demand, The Associated Press reported.",1.885522524103317,1298
A woman is riding a horse on the beach.,"Still, Pinellas rabies cases fell sharply to 17 in 1996 and 3 in 1997, Agnew said.",1.334879870070633,1065
In the past it has grown almost like a weed in our pots on our deck here in North Texas.,Dozens of Morsi supporters killed in Egypt clashes,3.435902805048498,181
Greek police arrest German on suspicion of spying,A dog pushes a toddler into a rain puddle.,2.515974498250982,481
"Yes, I can tell you from personal experience that they certainly did whistle.",A black dog is running through the grass carrying something red in its mouth.,3.873127152536229,353
Group of little girls and a dog standing on the road.,I guess those are greek tickets (εισιτηριον) for excavation sites or museums.,4.541859565993475,564
Eclipse Below are list of eclipse shortcuts which I use almost everyday.,A baby is laughing.,0.397706590917564,1478
Two women are sheering a white sheep inside of a wooden building.,"Or just go with the ultra-cheap YongNuo RF-602, which give you a lot of bang for the buck.",2.076692473484709,1438
Beleaguered telecommunications gear maker Lucent Technologies is being investigated by two federal agencies for possible violations of U.S. bribery laws in its operations in Saudi Arabia.,Four women in bikinis are playing volleyball on the beach.,0.07108928646837,728
"Tornadoes level homes in Oklahoma, 1 dead",My wife and I originally had the same problem with our newborn twins fussing when bath time was over.,3.597577937055371,23
I like the previous answers regarding setting a schedule and fulfilling the rituals of going to a job.,A women holds a small baby while sitting on a sofa.,3.174746281762931,706
"If you don't want to pay for Adobe Acrobat Pro, as @schultem mentions, LaTeX can do this with embedded hyperlinks.","The blue-chip Dow Jones industrial average .DJI tacked on 97 points, or 1.14 percent, to 8,699.",1.265545397323686,131
"There's a geek answer to this, and a practical answer to this.",A woman posing by a pillar with a U2 sign.,2.490672761698011,384
"The report also claims that there will be up to 9.3 million visitors to hot spots this year, up again from the meagre 2.5 million in 2002.",A man with sunglasses looking straight ahead.,2.802449609714576,285
A woman is putting her baby in a waste bin.,"I've only made a couple of bbq sauces, but they've always come out really well.",2.812928403579115,698
A close-up of a cat on a cream sofa.,"The governor is going to Jackson, where 13 people were killed.",1.841748536892414,1328
A group of people sitting on a small sofa next to a kitchen.,Peregrine sold its Remedy business unit to BMC Software in November for $355 million.,4.834432773701326,1063
London Marathon observes silence for Boston bomb victims,"The people who are sending these messages are infringing on my rights and everyone else's rights to use your computer,"" McKechnie said.",4.604080632558984,991
"As I remember, in Geneva at least, there are open air markets on a weekly basis.",Israel launches air strikes near Damascus,3.163444792733868,695
It was the third time in four years that wildfires forced the park to close.,"The decision came after ""listening to our customers and associates,"" Melissa Berryhill, a spokeswoman for Wal-Mart, said.",2.515325051683275,501
There are a few things to help your bun gain a bit of weight.,"When you gaze at the moon ""live"", you are not seeing a still image.",4.345167034842893,1379
"Since you're being kind of vague here, I can only give you a vague answer.",A tan dog is lying on a couch and has its head on a white pillow.,4.532178831816442,202
"The bank also said its offer was subject to the agreement of Drax's senior banks, senior bond holders and hedging banks by 30 September 2003.",A man and two boys are bouncing on a trampoline.,1.51023480418759,1157
I can imagine a scenario where a single all powerful god create the universe that we know of.,A woman is applying cosmetics to her eyelid.,2.9041100092959,1052
You are safe to use the bottles as long as they have been properly sterilised.,"By the wording of the question, I'm pretty sure you're using one of those pyramidal graters or a ""sheet"" grater.",2.740661806789229,1299
Turtles love eating goldfish and lots of things that fit into their mouths.,Also at increased risk are those with suppressed immune systems due to illness or medicines.,1.847971294263314,1206
"In his new position, Dynes will earn $395,000, a significant increase over Atkinson's salary of $361,400.",a black and white dog walking through the grass with a long stick in his mouth.,0.768367506495227,429
Civilians Bear Brunt of Afghan Attacks,"The U.S. House of Representatives, the other chamber of Congress, does not vote on treaties.",2.249904535379628,313
A woman is playing the flute.,"Revenue was up a tad, from $610.6 million to $616.5 million.",0.432240477281936,377
A girl bounces in a bounce house.,A small white dog running,0.807681643906358,351
"I think that for an understanding Wittgenstein's ""solution"", you must take in account the original (historical) context.","Technically speaking, an emotion is not different from thought the way it is processed in brain, both involve neurotransmitters.",1.479482791658411,875
"Glad to hear you've started playing hockey, its a great sport!",Am I allowed to beat the drum for Scrivener again?,1.714551431891625,873
A man jumping rope,A grey cat laying on a dining table.,3.619654696527358,662
"Consumer groups are against the changes, saying they hurt individuality in markets.","There is a very good reason not to refer to the Queen's spouse as ""King"" - because they aren't the King.",2.333517978583991,1291
"In standard English, I think ""don't got"" has the same register as ""ain't"".",Three dogs run in the snow.,2.348497699498914,672
"I see some references to status as uncountable as well, but that doesn't make much sense to me.","I don't know if I should say this, but if your job is making you anxious.",3.113460862618435,153
A laptop computer and a computer monitor.,"Military plane crashes in southeastern Turkey, 1 dead",0.486406684199963,614
I  believe one cannot taste the difference between minced(canned) and fresh garlic once it is cooked.,US Says Chemical Weapons Used in Syria,3.54001582467527,1296
Some cyclists stop near a sign.,A woman is riding a horse.,3.136172065119447,2
"Freight train derails, catches fire in Columbus, Ohio",The girl in the ski jacket is walking near the buildings.,3.991620791080715,719
A jockey riding a horse in a pen.,Israeli lawmakers call for internal probe into case of Prisoner X,2.204675284525799,1392
"Under the U.S. Constitution, the other chamber of Congress, the House of Representatives, does not vote on foreign alliances.","Yes, it's possible for a match to get tie after applying the D/L method.",0.402648814563689,485
To no extent at all is the wars in the middle east caused by trade making the area heterogeneous.,A man is getting into a car in a garage.,1.463860886223244,61
the back of a stop sign with many stickers on it.,A women and a young girl walking pushchairs along the sidewalk.,3.82023098145059,1131
"A tent may give you slightly more protection than sleeping out in the open, but not much.",A man is kicking a ball.,0.446944305348386,341
Iran threatens to trigger oil price war,The lady broke raw eggs into a bowl.,0.424757149521406,790
"Annan, UN chief call on Security Council to act on Syria",Two boys are riding on a toy with a blonde girl running long side of them.,3.700152160830207,23
The two men are wearing jeans.,Another disadvantage of the dew factor is that it makes hitting boundaries difficult.,1.070376233160837,1487
Israeli Leader Puts Off Evicting Settlers From Hebron House,I agree with Lauren's answer: You need highs and lows in any story.,4.684695346816227,1330
Colorado shooting suspect was in therapy,John Cavan has some reasonable and appropriate methods for increasing a rabbits weight in his answer.,2.918588507945189,317
The man is playing the guitar.,A man and two boys are bouncing on a trampoline.,4.824976269560888,998
2 dead in Bangladesh clashes over Jamaat leader’s execution,"In November, Jeffrey Brabakow, the chief executive at the time, said the company used aggressive pricing to get higher payments for the sickest Medicare patients.",1.505786145931289,1134
North American markets finished mixed in directionless trading Monday as earnings season begins to slow and economic indicators move into the spotlight.,A woman leading a white horse.,0.060562128755944,767
Two women are lost and calling for help.,Dozens reported killed in Venezuela prison riot,3.132672727263476,69
A woman is slicing a potato.,A group wading across a ditch,3.538110574143835,1097
A golden dog is running through the snow.,A man is riding a horse in the desert.,1.224452709724386,863
