pickup,dropoff,passengers,distance,fare,tip,tolls,total,color,payment,pickup_zone,dropoff_zone,pickup_borough,dropoff_borough
2019-03-18 05:37:43,2019-03-18 05:52:19,2,0.78,12.6,0.73,0.02,34.59,yellow,credit card,Midtown South,Morningside Heights,Manhattan,Manhattan
2019-03-03 17:47:20,2019-03-03 18:01:38,1,22.75,6.62,0.01,0.21,16.6,yellow,credit card,Parkchester,Van Nest/Morris Park,Bronx,Bronx
2019-03-06 22:20:25,2019-03-06 22:32:48,5,1.24,2.74,2.77,1.14,7.2,yellow,cash,LaGuardia Airport,Financial District North,Queens,Manhattan
2019-03-06 11:10:49,2019-03-06 11:23:25,4,2.42,20.2,2.44,0.25,35.61,yellow,credit card,East Harlem South,Gravesend,Manhattan,Brooklyn
2019-03-07 03:38:42,2019-03-07 03:53:40,1,1.4,10.0,0.55,0.03,25.74,yellow,cash,Garment District,LaGuardia Airport,Manhattan,Queens
2019-03-06 07:44:31,2019-03-06 07:56:23,1,7.31,6.82,5.09,0.33,27.0,yellow,credit card,West Village,Park Slope,Manhattan,Brooklyn
2019-03-09 12:45:49,2019-03-09 13:00:07,3,1.95,8.71,0.92,0.09,14.4,yellow,cash,Union Sq,JFK Airport,Manhattan,Queens
2019-03-15 00:40:30,2019-03-15 00:54:59,1,0.47,8.9,1.29,0.12,13.87,yellow,credit card,Yorkville East,Bay Ridge,Manhattan,Brooklyn
2019-03-12 15:27:59,2019-03-12 15:42:29,1,2.38,12.47,0.26,0.0,13.5,yellow,cash,Lincoln Square West,Williamsbridge/Olinville,Manhattan,Bronx
2019-03-31 17:55:46,2019-03-31 18:11:42,0,11.05,7.9,0.48,0.04,12.7,yellow,credit card,East Harlem South,Elmhurst,Manhattan,Queens
2019-03-02 00:02:20,2019-03-02 00:17:40,1,11.66,14.04,1.44,2.09,97.7,yellow,cash,Jackson Heights,Middle Village,Queens,Queens
2019-03-01 22:20:59,2019-03-01 22:36:22,1,1.09,3.1,1.43,0.04,21.41,yellow,credit card,Central Park,Morrisania/Melrose,Manhattan,Bronx
2019-03-27 02:37:14,2019-03-27 02:51:15,1,5.07,5.5,2.06,0.46,9.87,yellow,cash,Greenwich Village North,Homecrest,Manhattan,Brooklyn
2019-03-07 15:54:26,2019-03-07 16:07:09,1,0.13,7.0,2.09,0.02,17.07,yellow,credit card,Morningside Heights,East Flatbush/Remsen Village,Manhattan,Brooklyn
2019-03-10 18:53:39,2019-03-10 19:09:20,1,3.21,18.22,0.03,0.05,38.6,yellow,cash,Park Slope,East Flatbush/Remsen Village,Brooklyn,Brooklyn
2019-03-26 10:06:28,2019-03-26 10:18:17,1,0.97,6.2,5.47,0.07,13.15,yellow,credit card,Upper West Side North,Red Hook,Manhattan,Brooklyn
2019-03-29 23:18:16,2019-03-29 23:33:12,1,0.52,15.4,3.2,0.08,33.64,yellow,cash,Financial District South,Crown Heights South,Manhattan,Brooklyn
2019-03-03 23:38:04,2019-03-03 23:50:25,1,1.61,12.15,2.27,0.01,13.0,yellow,credit card,Upper East Side North,Garment District,Manhattan,Manhattan
2019-03-28 10:02:54,2019-03-28 10:17:14,2,8.04,14.0,1.19,0.0,16.81,yellow,cash,Upper East Side South,Van Cortlandt Village,Manhattan,Bronx
2019-03-13 21:25:11,2019-03-13 21:39:32,1,6.58,4.7,0.56,0.03,21.79,yellow,credit card,Greenwich Village North,Upper East Side South,Manhattan,Manhattan
2019-02-28 20:14:57,2019-02-28 20:29:40,1,5.05,4.8,0.07,0.1,19.83,yellow,cash,Sutton Place/Turtle Bay North,Brighton Beach,Manhattan,Brooklyn
2019-03-06 07:14:10,2019-03-06 07:28:44,1,1.58,3.66,0.29,0.39,14.7,yellow,credit card,Penn Station/Madison Sq West,Eastchester,Manhattan,Bronx
2019-03-19 02:58:42,2019-03-19 03:14:55,1,2.27,6.5,0.22,0.08,7.91,yellow,cash,Penn Station/Madison Sq West,Yorkville West,Manhattan,Manhattan
2019-02-28 06:30:19,2019-02-28 06:44:31,1,0.79,11.54,0.45,0.97,31.9,yellow,credit card,Soundview/Bruckner,Penn Station/Madison Sq West,Bronx,Manhattan
2019-03-26 21:08:34,2019-03-26 21:24:29,1,1.62,8.8,2.14,0.14,10.63,yellow,cash,Times Sq/Theatre District,Sutton Place/Turtle Bay North,Manhattan,Manhattan
2019-03-21 21:52:38,2019-03-21 22:07:12,1,0.59,5.12,1.47,0.16,11.5,yellow,credit card,Midtown North,Kew Gardens Hills,Manhattan,Queens
2019-03-13 04:33:09,2019-03-13 04:51:01,1,0.09,2.7,1.82,0.02,12.28,yellow,cash,Morningside Heights,Red Hook,Manhattan,Brooklyn
2019-03-10 18:23:02,2019-03-10 18:36:57,1,4.78,9.8,1.25,0.07,13.14,yellow,credit card,Lincoln Square East,Prospect Heights,Manhattan,Brooklyn
2019-03-31 00:46:24,2019-03-31 00:59:50,1,2.8,7.4,1.13,0.22,21.44,yellow,cash,West Chelsea/Hudson Yards,Bedford Park,Manhattan,Bronx
2019-03-22 09:06:22,2019-03-22 09:22:14,3,2.57,11.37,0.5,0.03,17.1,yellow,credit card,East Chelsea,Greenwich Village North,Manhattan,Manhattan
2019-03-14 11:09:11,2019-03-14 11:23:59,1,3.01,6.6,4.83,0.03,37.42,yellow,cash,Murray Hill,East Tremont,Manhattan,Bronx
2019-03-01 15:44:14,2019-03-01 15:54:33,2,6.92,11.5,0.72,0.28,13.9,yellow,credit card,West Village,Woodlawn/Wakefield,Manhattan,Bronx
2019-03-02 18:47:54,2019-03-02 19:01:56,1,0.51,5.5,4.98,0.19,21.24,yellow,cash,Midtown East,East Flatbush/Remsen Village,Manhattan,Brooklyn
2019-03-16 16:36:53,2019-03-16 16:50:22,2,6.83,3.1,0.06,0.07,8.26,yellow,credit card,East Concourse/Concourse Village,Downtown Brooklyn/MetroTech,Bronx,Brooklyn
2019-03-20 18:46:55,2019-03-20 19:00:54,1,0.99,4.21,2.44,0.04,28.3,yellow,cash,LaGuardia Airport,Gramercy,Queens,Manhattan
2019-03-03 16:42:30,2019-03-03 16:56:45,1,0.06,23.81,5.56,0.16,36.8,yellow,credit card,Lenox Hill West,North Corona,Manhattan,Queens
2019-03-27 22:46:45,2019-03-27 23:00:39,1,0.79,6.8,1.64,0.04,25.14,yellow,cash,Central Park,Hunts Point,Manhattan,Bronx
2019-03-03 19:53:58,2019-03-03 20:10:53,1,2.85,1.9,0.34,0.06,13.04,yellow,credit card,Central Harlem,Jamaica,Manhattan,Queens
2019-03-04 18:52:16,2019-03-04 19:08:13,1,0.1,4.5,0.24,0.08,18.36,yellow,cash,Fort Greene,Baisley Park,Brooklyn,Queens
2019-03-04 17:23:19,2019-03-04 17:36:51,1,0.17,8.2,0.86,0.15,50.07,yellow,credit card,Upper West Side South,East Flushing,Manhattan,Queens
2019-03-09 19:06:11,2019-03-09 19:23:21,1,1.78,12.07,1.09,0.02,13.2,yellow,cash,Stuy Town/Peter Cooper Village,Midtown Center,Manhattan,Manhattan
2019-03-07 00:59:51,2019-03-07 01:15:50,1,2.03,11.1,4.73,0.01,30.96,yellow,credit card,Yorkville West,Upper East Side North,Manhattan,Manhattan
2019-03-12 10:46:28,2019-03-12 10:58:49,1,0.14,6.2,0.05,0.05,10.25,yellow,cash,Upper West Side North,Auburndale,Manhattan,Queens
2019-03-10 00:03:11,2019-03-10 00:16:35,1,1.41,7.0,2.06,0.24,15.98,yellow,credit card,Washington Heights South,Meatpacking/West Village West,Manhattan,Manhattan
2019-03-10 05:57:32,2019-03-10 06:13:08,5,5.14,8.97,0.38,0.93,25.1,yellow,cash,JFK Airport,Jamaica Estates,Queens,Queens
2019-03-30 13:26:02,2019-03-30 13:40:28,1,4.46,13.4,0.58,0.09,13.76,yellow,credit card,Murray Hill,Queensbridge/Ravenswood,Manhattan,Queens
2019-03-18 19:57:36,2019-03-18 20:13:03,3,0.13,7.1,3.73,0.05,7.72,yellow,cash,Battery Park City,Inwood Hill Park,Manhattan,Manhattan
2019-03-28 02:37:53,2019-03-28 02:54:31,1,1.79,5.4,0.21,0.09,10.89,yellow,credit card,Morningside Heights,West Village,Manhattan,Manhattan
2019-03-11 10:02:03,2019-03-11 10:15:35,2,0.83,10.28,0.79,0.2,10.3,yellow,cash,Midtown North,Seaport,Manhattan,Manhattan
2019-03-06 11:27:00,2019-03-06 11:41:13,4,0.8,13.1,0.35,0.03,18.1,yellow,credit card,Gramercy,Stapleton,Manhattan,Staten Island
2019-03-26 23:51:35,2019-03-27 00:05:52,1,0.98,10.79,1.84,0.08,11.8,yellow,cash,Midtown Center,SoHo,Manhattan,Manhattan
2019-03-25 02:17:26,2019-03-25 02:29:17,1,6.76,11.39,1.47,0.13,11.9,yellow,credit card,Financial District South,Pelham Parkway,Manhattan,Bronx
2019-02-28 11:54:43,2019-02-28 12:08:04,2,0.23,4.6,0.16,0.06,6.14,yellow,cash,Upper East Side South,Sunnyside,Manhattan,Queens
2019-03-21 12:34:22,2019-03-21 12:50:01,4,0.1,6.3,0.93,0.1,6.31,yellow,credit card,Financial District North,South Ozone Park,Manhattan,Queens
2019-03-13 13:32:15,2019-03-13 13:43:27,2,0.88,16.34,1.55,0.12,20.2,yellow,cash,Upper West Side North,Ocean Hill,Manhattan,Brooklyn
2019-03-26 13:14:17,2019-03-26 13:31:11,1,7.08,9.1,0.54,0.23,24.98,yellow,credit card,West Chelsea/Hudson Yards,Old Astoria,Manhattan,Queens
2019-03-14 04:14:28,2019-03-14 04:29:20,1,1.57,2.3,0.28,0.03,16.36,yellow,cash,West Village,Columbia Street,Manhattan,Brooklyn
2019-03-14 11:20:55,2019-03-14 11:33:13,1,2.96,6.7,2.93,0.11,32.88,yellow,credit card,Clinton East,Prospect Heights,Manhattan,Brooklyn
2019-03-13 18:38:10,2019-03-13 18:52:16,4,12.14,19.21,5.13,6.07,63.2,yellow,cash,LaGuardia Airport,Jackson Heights,Queens,Queens
2019-03-17 02:09:25,2019-03-17 02:21:22,2,8.16,16.3,0.26,1.78,129.78,yellow,credit card,LaGuardia Airport,Murray Hill-Queens,Queens,Queens
2019-03-18 23:16:31,2019-03-18 23:30:24,2,0.62,14.4,3.8,0.02,21.3,yellow,cash,West Village,Times Sq/Theatre District,Manhattan,Manhattan
2019-03-08 23:34:23,2019-03-08 23:48:15,2,1.66,12.7,9.23,0.07,20.66,yellow,credit card,SoHo,Auburndale,Manhattan,Queens
2019-03-07 20:24:11,2019-03-07 20:38:08,1,1.46,9.3,1.13,2.01,26.32,yellow,cash,LaGuardia Airport,Jamaica Estates,Queens,Queens
2019-03-19 13:59:37,2019-03-19 14:13:02,1,6.42,26.3,0.65,0.0,29.2,yellow,credit card,JFK Airport,Midtown Center,Queens,Manhattan
2019-03-16 16:37:24,2019-03-16 16:50:28,1,1.13,43.7,1.27,4.72,55.09,yellow,cash,Woodside,Columbia Street,Queens,Brooklyn
2019-03-24 13:29:55,2019-03-24 13:44:50,1,6.77,5.2,2.27,0.13,17.55,yellow,credit card,TriBeCa/Civic Center,Red Hook,Manhattan,Brooklyn
2019-03-31 19:59:41,2019-03-31 20:12:12,1,20.55,10.14,2.81,0.22,14.6,yellow,cash,Old Astoria,Greenwich Village South,Queens,Manhattan
2019-03-10 16:03:20,2019-03-10 16:17:23,1,2.2,7.7,1.07,0.04,15.69,yellow,credit card,Upper West Side South,Allerton/Pelham Gardens,Manhattan,Bronx
2019-03-10 03:16:08,2019-03-10 03:30:14,1,2.04,5.4,0.63,0.35,11.59,yellow,cash,Union Sq,LaGuardia Airport,Manhattan,Queens
2019-03-05 17:11:12,2019-03-05 17:29:01,1,0.85,8.6,1.42,0.15,15.57,yellow,credit card,Lenox Hill East,Clinton Hill,Manhattan,Brooklyn
2019-03-11 22:14:03,2019-03-11 22:27:41,1,6.48,4.9,1.95,0.1,19.91,yellow,cash,Clinton East,Manhattanville,Manhattan,Manhattan
2019-03-29 16:05:25,2019-03-29 16:19:23,1,7.43,7.74,4.34,0.18,9.4,yellow,credit card,Bloomingdale,Upper West Side South,Manhattan,Manhattan
2019-03-03 02:30:28,2019-03-03 02:43:08,1,0.18,6.3,2.08,0.01,8.41,yellow,cash,Midtown East,Middle Village,Manhattan,Queens
2019-03-03 17:46:35,2019-03-03 17:58:45,1,2.81,7.8,0.56,0.02,15.59,yellow,credit card,Washington Heights South,Parkchester,Manhattan,Bronx
2019-03-26 05:24:00,2019-03-26 05:38:07,1,0.49,8.2,0.54,0.06,19.17,yellow,cash,Yorkville East,Old Astoria,Manhattan,Queens
2019-03-10 01:27:51,2019-03-10 01:39:55,1,9.56,12.1,3.55,0.14,19.0,yellow,credit card,LaGuardia Airport,Ridgewood,Queens,Queens
2019-03-07 18:16:31,2019-03-07 18:30:11,1,0.48,5.1,0.5,0.2,28.07,yellow,cash,Lincoln Square West,Central Harlem,Manhattan,Manhattan
2019-03-29 00:45:28,2019-03-29 00:58:18,1,3.35,9.5,0.48,0.19,12.44,yellow,credit card,Garment District,Parkchester,Manhattan,Bronx
2019-03-17 13:26:28,2019-03-17 13:40:39,1,0.2,7.5,0.28,0.01,18.16,yellow,cash,Lenox Hill East,Sunnyside,Manhattan,Queens
2019-03-30 02:38:14,2019-03-30 02:50:05,1,1.11,13.7,0.42,0.3,17.79,yellow,credit card,East Harlem North,Stapleton,Manhattan,Staten Island
2019-03-18 06:02:03,2019-03-18 06:16:03,1,0.43,10.93,2.99,0.27,11.4,yellow,cash,Yorkville East,Chinatown,Manhattan,Manhattan
2019-03-30 19:55:12,2019-03-30 20:09:54,1,1.79,9.48,1.78,0.53,19.9,yellow,credit card,Bushwick South,Stapleton,Brooklyn,Staten Island
2019-03-23 05:22:17,2019-03-23 05:34:56,1,1.24,4.6,0.28,0.02,9.68,yellow,cash,Yorkville West,Oakland Gardens,Manhattan,Queens
2019-03-31 05:13:00,2019-03-31 05:29:06,1,6.74,12.7,3.35,0.48,14.31,yellow,credit card,Greenwich Village North,Marble Hill,Manhattan,Manhattan
2019-03-19 02:43:45,2019-03-19 02:58:00,2,0.84,6.9,1.61,0.1,24.82,yellow,cash,Clinton East,Inwood Hill Park,Manhattan,Manhattan
2019-03-17 05:22:34,2019-03-17 05:36:15,1,1.18,5.9,0.13,0.23,11.46,yellow,credit card,Greenwich Village North,Windsor Terrace,Manhattan,Brooklyn
2019-03-04 08:23:55,2019-03-04 08:38:38,6,0.66,7.0,1.35,0.12,14.54,yellow,cash,TriBeCa/Civic Center,Canarsie,Manhattan,Brooklyn
2019-03-02 07:15:05,2019-03-02 07:31:07,1,0.6,6.5,0.61,0.05,12.21,yellow,credit card,Greenwich Village South,Randalls Island,Manhattan,Manhattan
2019-03-08 19:52:32,2019-03-08 20:07:51,2,2.36,11.9,2.87,0.25,13.8,yellow,cash,Lenox Hill East,Long Island City/Queens Plaza,Manhattan,Queens
2019-03-20 04:59:33,2019-03-20 05:15:33,2,3.97,10.1,1.38,0.01,12.53,yellow,credit card,Times Sq/Theatre District,Sunnyside,Manhattan,Queens
2019-03-22 06:26:54,2019-03-22 06:42:11,1,4.2,16.3,11.06,2.02,33.56,yellow,cash,Elmhurst,Fresh Meadows,Queens,Queens
2019-03-14 03:31:33,2019-03-14 03:48:07,1,0.38,8.4,1.44,0.1,21.85,yellow,credit card,Upper East Side South,Borough Park,Manhattan,Brooklyn
2019-02-28 23:23:12,2019-02-28 23:39:34,1,3.49,11.1,4.83,0.25,20.68,yellow,cash,Upper East Side North,LaGuardia Airport,Manhattan,Queens
2019-03-07 16:54:44,2019-03-07 17:11:12,1,0.44,9.87,5.09,0.13,10.0,yellow,credit card,Yorkville West,Elmhurst,Manhattan,Queens
2019-03-13 02:16:16,2019-03-13 02:27:49,1,0.3,15.2,1.78,0.06,18.4,yellow,cash,Times Sq/Theatre District,College Point,Manhattan,Queens
2019-03-15 02:19:33,2019-03-15 02:32:22,6,1.61,8.95,7.48,0.04,9.2,yellow,credit card,Lenox Hill West,Times Sq/Theatre District,Manhattan,Manhattan
2019-03-08 08:13:46,2019-03-08 08:28:53,1,2.51,14.34,3.05,0.09,16.6,yellow,cash,Midtown Center,East Harlem North,Manhattan,Manhattan
2019-03-10 10:50:16,2019-03-10 11:05:32,1,1.1,4.7,3.17,0.17,7.47,yellow,credit card,Flatiron,Lower East Side,Manhattan,Manhattan
2019-03-03 08:14:48,2019-03-03 08:29:26,1,3.3,6.5,0.05,0.08,13.52,yellow,cash,Central Harlem,Jackson Heights,Manhattan,Queens
2019-03-09 04:46:22,2019-03-09 05:00:04,3,3.3,7.8,0.24,0.0,12.36,yellow,credit card,Gravesend,Bushwick North,Brooklyn,Brooklyn
2019-03-01 15:10:23,2019-03-01 15:26:22,1,1.11,7.4,0.56,0.11,12.9,yellow,cash,Upper East Side South,Howard Beach,Manhattan,Queens
2019-03-13 06:48:20,2019-03-13 06:57:22,1,4.51,7.6,2.51,0.01,9.45,yellow,credit card,Lincoln Square East,Downtown Brooklyn/MetroTech,Manhattan,Brooklyn
2019-03-31 06:58:37,2019-03-31 07:11:39,1,5.72,5.9,1.41,0.12,12.4,yellow,cash,Upper West Side North,Chinatown,Manhattan,Manhattan
2019-03-30 13:32:16,2019-03-30 13:47:17,2,0.58,6.3,0.4,0.28,14.8,yellow,credit card,Union Sq,Richmond Hill,Manhattan,Queens
2019-03-15 10:11:06,2019-03-15 10:25:32,1,1.18,6.0,0.06,0.04,17.86,yellow,cash,Midtown South,Carroll Gardens,Manhattan,Brooklyn
2019-03-04 13:02:37,2019-03-04 13:16:24,1,1.13,12.6,0.06,0.03,18.55,yellow,credit card,Yorkville East,Park Slope,Manhattan,Brooklyn
2019-03-16 23:27:11,2019-03-16 23:40:37,1,0.68,5.0,0.75,0.07,35.93,yellow,cash,Central Harlem,Jackson Heights,Manhattan,Queens
2019-03-10 09:17:25,2019-03-10 09:34:55,1,0.13,9.51,9.3,0.07,13.6,yellow,credit card,Kips Bay,Borough Park,Manhattan,Brooklyn
2019-02-28 23:28:23,2019-02-28 23:42:37,1,4.31,14.5,1.73,0.18,23.5,yellow,cash,Central Harlem North,Greenwich Village North,Manhattan,Manhattan
2019-03-17 01:28:00,2019-03-17 01:43:58,5,5.08,11.24,1.48,0.16,16.4,yellow,credit card,Sutton Place/Turtle Bay North,Columbia Street,Manhattan,Brooklyn
2019-03-12 23:16:23,2019-03-12 23:32:14,1,1.48,9.8,2.5,0.12,15.28,yellow,cash,Financial District North,Long Island City/Hunters Point,Manhattan,Queens
2019-03-11 18:18:40,2019-03-11 18:35:01,1,3.16,5.4,4.49,0.12,6.86,yellow,credit card,Financial District North,Forest Hills,Manhattan,Queens
2019-02-28 20:46:12,2019-02-28 21:02:26,1,1.15,4.7,1.61,0.48,15.13,yellow,cash,Clinton East,Richmond Hill,Manhattan,Queens
2019-03-03 05:09:22,2019-03-03 05:21:50,1,3.97,25.7,1.96,0.95,77.83,yellow,credit card,Woodside,Corona,Queens,Queens
2019-03-21 01:47:24,2019-03-21 02:02:59,1,6.17,7.1,1.13,0.14,12.97,yellow,cash,Midtown North,Sunnyside,Manhattan,Queens
2019-03-03 11:58:24,2019-03-03 12:11:55,0,2.65,3.3,0.6,0.38,12.73,yellow,credit card,Yorkville West,Van Cortlandt Village,Manhattan,Bronx
2019-03-16 01:20:36,2019-03-16 01:35:37,1,0.7,9.4,0.31,0.19,13.55,yellow,cash,Gramercy,East Elmhurst,Manhattan,Queens
2019-03-04 04:18:56,2019-03-04 04:32:34,1,1.61,8.5,0.1,0.62,15.1,yellow,credit card,Yorkville West,Gramercy,Manhattan,Manhattan
2019-03-29 15:56:19,2019-03-29 16:10:20,1,4.21,7.5,2.26,0.02,21.45,yellow,cash,TriBeCa/Civic Center,Prospect Heights,Manhattan,Brooklyn
2019-03-04 23:59:24,2019-03-05 00:14:16,1,1.07,5.1,0.58,0.27,15.33,yellow,credit card,Penn Station/Madison Sq West,Mott Haven/Port Morris,Manhattan,Bronx
2019-03-26 05:52:35,2019-03-26 06:07:18,1,2.58,12.6,1.44,0.1,44.71,yellow,cash,Central Harlem,Midtown East,Manhattan,Manhattan
2019-03-04 22:53:56,2019-03-04 23:08:35,1,15.46,16.79,1.33,0.09,63.9,yellow,credit card,Downtown Brooklyn/MetroTech,Central Harlem,Brooklyn,Manhattan
2019-03-30 08:43:15,2019-03-30 08:57:40,2,3.2,9.07,0.17,0.02,19.1,yellow,cash,Flatiron,Canarsie,Manhattan,Brooklyn
2019-03-01 18:59:09,2019-03-01 19:14:53,1,2.72,10.5,0.58,0.03,15.14,yellow,credit card,Times Sq/Theatre District,Parkchester,Manhattan,Bronx
2019-03-28 03:16:40,2019-03-28 03:31:14,1,0.0,6.6,0.33,0.08,15.56,yellow,cash,East Village,Queens Village,Manhattan,Queens
2019-03-30 03:10:49,2019-03-30 03:24:38,1,4.33,6.95,0.21,0.09,20.4,yellow,credit card,Financial District North,Flushing Meadows-Corona Park,Manhattan,Queens
2019-03-30 19:37:32,2019-03-30 19:50:18,1,4.26,6.0,0.3,0.03,14.07,yellow,cash,Murray Hill,Upper West Side South,Manhattan,Manhattan
2019-03-07 12:50:16,2019-03-07 13:08:20,5,3.36,16.3,0.86,0.1,19.0,yellow,credit card,Lenox Hill East,Murray Hill,Manhattan,Manhattan
2019-03-17 10:26:57,2019-03-17 10:39:59,1,3.17,6.4,3.06,0.2,22.14,yellow,cash,Central Harlem,Middle Village,Manhattan,Queens
2019-03-15 07:30:22,2019-03-15 07:43:49,1,0.24,10.13,6.1,0.06,14.7,yellow,credit card,Midtown East,Maspeth,Manhattan,Queens
2019-02-28 08:20:03,2019-02-28 08:37:11,1,3.06,18.3,1.22,0.02,51.3,yellow,cash,West Chelsea/Hudson Yards,Central Harlem North,Manhattan,Manhattan
2019-03-27 14:11:16,2019-03-27 14:25:43,1,1.7,13.04,0.17,0.78,26.0,yellow,credit card,East Flatbush/Farragut,Gowanus,Brooklyn,Brooklyn
2019-03-03 17:03:15,2019-03-03 17:15:45,1,1.06,7.52,6.7,0.02,18.32,yellow,cash,Alphabet City,Glendale,Manhattan,Queens
2019-03-21 21:23:36,2019-03-21 21:37:34,1,2.11,13.7,0.25,0.15,29.22,yellow,credit card,Brownsville,Springfield Gardens South,Brooklyn,Queens
2019-03-23 13:27:24,2019-03-23 13:41:06,2,0.38,4.7,0.77,0.24,23.08,yellow,cash,Kips Bay,East Tremont,Manhattan,Bronx
2019-03-30 17:07:32,2019-03-30 17:21:36,5,1.43,5.0,3.74,0.19,22.14,yellow,credit card,East Chelsea,Columbia Street,Manhattan,Brooklyn
2019-03-22 12:22:54,2019-03-22 12:37:57,1,0.82,7.8,0.64,0.01,16.08,yellow,cash,Kips Bay,Battery Park,Manhattan,Manhattan
2019-03-30 17:50:59,2019-03-30 18:02:50,1,0.11,15.84,0.4,0.04,18.1,yellow,credit card,Lenox Hill East,Downtown Brooklyn/MetroTech,Manhattan,Brooklyn
2019-03-05 06:49:34,2019-03-05 07:03:29,1,9.43,11.9,0.65,0.08,21.34,yellow,cash,Midtown North,Homecrest,Manhattan,Brooklyn
2019-03-28 21:32:05,2019-03-28 21:44:17,1,0.06,6.6,0.85,0.12,35.41,yellow,credit card,East Harlem North,Starrett City,Manhattan,Brooklyn
2019-03-05 17:32:07,2019-03-05 17:46:04,2,0.91,5.59,0.02,1.05,7.5,yellow,cash,Upper West Side South,Woodhaven,Manhattan,Queens
2019-03-30 23:34:10,2019-03-30 23:47:38,1,2.66,6.9,0.81,0.05,14.32,yellow,credit card,Dyker Heights,Cypress Hills,Brooklyn,Brooklyn
2019-03-02 01:58:32,2019-03-02 02:12:23,5,4.39,3.8,0.23,0.28,47.46,yellow,cash,Little Italy/NoLiTa,Brooklyn Navy Yard,Manhattan,Brooklyn
2019-03-03 23:38:03,2019-03-03 23:51:26,4,1.5,7.34,0.62,0.05,9.9,yellow,credit card,Upper East Side South,Lower East Side,Manhattan,Manhattan
2019-03-15 07:21:56,2019-03-15 07:35:49,5,2.85,12.8,5.68,2.64,28.49,yellow,cash,Steinway,Upper East Side North,Queens,Manhattan
2019-02-28 09:58:10,2019-02-28 10:14:37,1,1.29,5.0,2.27,0.03,18.39,yellow,credit card,East Village,Belmont,Manhattan,Bronx
2019-03-13 02:39:09,2019-03-13 02:53:55,1,2.27,10.5,1.06,0.09,18.08,yellow,cash,Park Slope,Cobble Hill,Brooklyn,Brooklyn
2019-03-13 15:17:44,2019-03-13 15:32:20,3,6.74,16.4,1.61,0.19,18.21,yellow,credit card,Little Italy/NoLiTa,Ocean Hill,Manhattan,Brooklyn
2019-03-01 04:41:17,2019-03-01 04:59:32,1,1.05,8.5,1.63,0.25,13.61,yellow,cash,Lenox Hill West,Hillcrest/Pomonok,Manhattan,Queens
2019-03-05 06:05:06,2019-03-05 06:20:01,1,7.76,23.12,10.97,3.85,147.6,yellow,credit card,JFK Airport,Crown Heights South,Queens,Brooklyn
2019-03-17 17:08:11,2019-03-17 17:23:19,1,0.59,11.34,4.97,0.01,21.3,yellow,cash,Garment District,Brooklyn Navy Yard,Manhattan,Brooklyn
2019-03-04 20:47:23,2019-03-04 20:59:45,1,0.82,7.39,1.15,0.01,21.3,yellow,credit card,Midtown South,DUMBO/Vinegar Hill,Manhattan,Brooklyn
2019-03-27 21:45:12,2019-03-27 21:59:00,5,17.07,12.3,0.41,1.94,58.38,yellow,cash,JFK Airport,Melrose South,Queens,Bronx
2019-03-23 18:37:03,2019-03-23 18:51:56,1,0.28,6.4,0.39,0.5,12.26,yellow,credit card,Upper West Side South,Sunnyside,Manhattan,Queens
2019-03-04 15:26:35,2019-03-04 15:41:20,1,1.39,8.4,0.71,0.55,10.99,yellow,cash,Lincoln Square East,Eastchester,Manhattan,Bronx
2019-03-06 03:17:28,2019-03-06 03:30:29,1,0.24,4.6,0.89,0.19,16.24,yellow,credit card,Midtown Center,Alphabet City,Manhattan,Manhattan
2019-03-29 04:15:12,2019-03-29 04:28:12,1,0.23,6.3,0.13,0.03,18.96,yellow,cash,East Village,Midtown East,Manhattan,Manhattan
2019-03-27 18:30:36,2019-03-27 18:46:24,1,0.32,3.0,1.76,0.2,7.12,yellow,credit card,East Village,Inwood Hill Park,Manhattan,Manhattan
2019-03-29 11:42:02,2019-03-29 11:57:31,1,1.92,16.59,4.16,0.01,22.2,yellow,cash,East Chelsea,Inwood Hill Park,Manhattan,Manhattan
2019-03-15 23:55:38,2019-03-16 00:08:32,2,7.42,6.7,1.4,0.7,9.13,yellow,credit card,Starrett City,Hudson Sq,Brooklyn,Manhattan
2019-03-05 16:52:25,2019-03-05 17:04:59,1,8.3,4.1,0.17,0.16,16.79,yellow,cash,Union Sq,Gravesend,Manhattan,Brooklyn
2019-03-07 02:09:52,2019-03-07 02:23:52,1,3.2,12.2,4.56,0.06,14.57,yellow,credit card,Union Sq,LaGuardia Airport,Manhattan,Queens
2019-03-06 14:20:46,2019-03-06 14:34:24,1,0.1,61.2,0.89,0.82,102.6,yellow,cash,Elmhurst,Chinatown,Queens,Manhattan
2019-03-02 20:24:52,2019-03-02 20:41:06,2,0.64,6.4,1.39,0.06,28.73,yellow,credit card,Lincoln Square East,Melrose South,Manhattan,Bronx
2019-03-01 14:56:34,2019-03-01 15:09:24,1,0.66,8.2,0.73,0.05,13.04,yellow,cash,Times Sq/Theatre District,Clinton Hill,Manhattan,Brooklyn
2019-03-02 18:08:33,2019-03-02 18:22:56,1,1.57,30.3,1.79,2.46,53.81,yellow,credit card,JFK Airport,Middle Village,Queens,Queens
2019-03-17 00:05:46,2019-03-17 00:16:14,5,0.91,6.6,2.75,0.16,20.33,yellow,cash,East Harlem South,Saint Albans,Manhattan,Queens
2019-03-29 07:10:34,2019-03-29 07:24:18,1,9.88,6.9,6.5,0.05,32.72,yellow,credit card,Garment District,Maspeth,Manhattan,Queens
2019-03-22 05:35:30,2019-03-22 05:49:17,2,1.58,10.8,1.37,0.04,30.92,yellow,cash,Greenwich Village North,UN/Turtle Bay South,Manhattan,Manhattan
2019-03-14 18:01:48,2019-03-14 18:15:34,1,2.83,14.71,2.0,0.33,41.0,yellow,credit card,Upper East Side North,West Brighton,Manhattan,Staten Island
2019-03-04 18:21:59,2019-03-04 18:37:03,1,0.36,3.6,1.13,0.11,8.75,yellow,cash,Penn Station/Madison Sq West,Battery Park City,Manhattan,Manhattan
2019-03-03 03:07:25,2019-03-03 03:20:38,1,4.31,17.1,0.1,0.14,19.13,yellow,credit card,East Harlem South,Washington Heights South,Manhattan,Manhattan
2019-03-03 10:26:50,2019-03-03 10:42:06,1,1.72,6.2,2.29,0.27,15.74,yellow,cash,TriBeCa/Civic Center,Forest Hills,Manhattan,Queens
2019-03-18 12:35:20,2019-03-18 12:49:45,1,6.84,5.5,0.54,0.53,14.54,yellow,credit card,Yorkville East,East Harlem South,Manhattan,Manhattan
2019-03-17 19:45:20,2019-03-17 19:58:57,1,5.42,7.6,0.32,0.08,15.77,yellow,cash,Midtown Center,Ozone Park,Manhattan,Queens
2019-03-28 01:23:48,2019-03-28 01:37:43,1,1.87,11.53,1.59,0.05,21.2,yellow,credit card,Greenwich Village South,Woodside,Manhattan,Queens
2019-03-10 15:26:05,2019-03-10 15:41:38,1,0.93,6.67,0.05,0.03,10.3,yellow,cash,Upper West Side North,Lower East Side,Manhattan,Manhattan
2019-03-22 07:42:08,2019-03-22 07:56:34,1,1.77,4.0,0.52,0.18,15.59,yellow,credit card,Times Sq/Theatre District,Homecrest,Manhattan,Brooklyn
2019-03-25 01:26:19,2019-03-25 01:39:41,1,1.72,7.9,0.13,0.13,20.57,yellow,cash,Lincoln Square West,Manhattanville,Manhattan,Manhattan
2019-03-02 19:01:27,2019-03-02 19:16:50,1,0.39,15.3,1.45,0.09,46.39,yellow,credit card,Fort Greene,East Harlem North,Brooklyn,Manhattan
2019-03-13 13:03:28,2019-03-13 13:15:54,1,1.79,8.5,2.97,0.03,12.02,yellow,cash,Central Park,Cypress Hills,Manhattan,Brooklyn
2019-03-22 15:30:17,2019-03-22 15:43:39,1,2.66,14.66,0.83,0.14,18.9,yellow,credit card,Bloomingdale,Canarsie,Manhattan,Brooklyn
2019-03-18 02:14:08,2019-03-18 02:29:05,1,0.63,16.53,2.53,0.14,18.0,yellow,cash,SoHo,East Chelsea,Manhattan,Manhattan
2019-03-12 04:18:22,2019-03-12 04:31:20,1,0.26,6.08,1.23,0.06,14.3,yellow,credit card,Gramercy,Eastchester,Manhattan,Bronx
2019-03-27 14:36:07,2019-03-27 14:49:13,1,2.71,4.59,3.9,0.64,13.1,yellow,cash,East Harlem South,Bensonhurst East,Manhattan,Brooklyn
2019-03-03 21:13:30,2019-03-03 21:25:18,3,6.76,8.5,0.39,0.02,13.6,yellow,credit card,Times Sq/Theatre District,Ridgewood,Manhattan,Queens
2019-03-20 12:11:16,2019-03-20 12:24:55,5,3.57,9.36,0.37,0.05,16.5,yellow,cash,Garment District,Murray Hill,Manhattan,Manhattan
2019-03-17 17:04:10,2019-03-17 17:17:34,1,2.23,7.3,3.79,0.25,33.78,yellow,credit card,Lincoln Square West,Yorkville East,Manhattan,Manhattan
2019-03-25 17:38:31,2019-03-25 17:53:24,1,0.78,11.9,2.01,0.12,19.93,yellow,cash,Times Sq/Theatre District,Alphabet City,Manhattan,Manhattan
2019-03-26 17:39:39,2019-03-26 17:54:12,1,2.7,13.14,0.92,0.1,16.9,yellow,credit card,Upper West Side South,Inwood Hill Park,Manhattan,Manhattan
2019-03-02 12:38:49,2019-03-02 12:52:39,3,0.0,26.2,7.82,7.19,29.37,yellow,cash,Woodside,Whitestone,Queens,Queens
2019-03-12 06:04:59,2019-03-12 06:21:21,1,1.32,2.9,0.13,0.17,13.27,yellow,credit card,Lower East Side,Melrose South,Manhattan,Bronx
2019-03-20 12:06:26,2019-03-20 12:20:48,1,0.65,6.7,3.81,0.31,14.19,yellow,cash,Central Park,Allerton/Pelham Gardens,Manhattan,Bronx
2019-03-23 05:07:54,2019-03-23 05:23:58,1,1.92,4.71,1.14,0.14,36.0,yellow,credit card,Central Harlem,East Flatbush/Remsen Village,Manhattan,Brooklyn
2019-03-20 13:02:09,2019-03-20 13:17:02,2,0.29,8.2,0.82,0.05,10.23,yellow,cash,Gramercy,Pelham Parkway,Manhattan,Bronx
2019-03-02 23:36:19,2019-03-02 23:49:10,1,1.19,9.3,0.59,0.39,11.75,yellow,credit card,Midtown Center,Boerum Hill,Manhattan,Brooklyn
2019-03-30 20:21:52,2019-03-30 20:35:24,1,0.38,7.4,2.25,0.25,7.94,yellow,cash,Hamilton Heights,Woodhaven,Manhattan,Queens
2019-03-11 08:07:20,2019-03-11 08:22:06,1,16.01,25.3,1.75,3.7,39.7,yellow,credit card,Elmhurst,Woodhaven,Queens,Queens
2019-03-13 20:33:49,2019-03-13 20:49:38,1,4.6,5.9,1.17,0.04,28.54,yellow,cash,Morningside Heights,Woodhaven,Manhattan,Queens
2019-03-25 02:41:07,2019-03-25 02:54:29,1,0.19,31.89,9.26,0.52,31.9,yellow,credit card,Elmhurst/Maspeth,Times Sq/Theatre District,Queens,Manhattan
2019-03-23 08:41:09,2019-03-23 08:56:14,1,4.94,6.9,2.34,0.12,13.25,yellow,cash,Murray Hill,Alphabet City,Manhattan,Manhattan
2019-03-28 13:06:29,2019-03-28 13:20:07,1,1.89,3.3,2.37,0.32,16.8,yellow,credit card,UN/Turtle Bay South,Bushwick North,Manhattan,Brooklyn
2019-03-26 06:21:47,2019-03-26 06:36:43,1,0.55,11.62,1.03,0.01,15.3,yellow,cash,Kips Bay,Washington Heights North,Manhattan,Manhattan
2019-03-02 16:34:25,2019-03-02 16:48:09,1,0.05,10.5,3.75,0.25,17.48,yellow,credit card,Lincoln Square West,Brooklyn Navy Yard,Manhattan,Brooklyn
2019-03-01 11:55:10,2019-03-01 12:07:56,1,2.89,6.7,2.16,0.24,14.48,yellow,cash,Yorkville East,Fort Greene,Manhattan,Brooklyn
2019-03-31 02:12:42,2019-03-31 02:24:53,1,0.65,7.2,4.95,0.09,14.13,yellow,credit card,Central Harlem,Prospect Heights,Manhattan,Brooklyn
2019-03-15 16:57:36,2019-03-15 17:09:24,2,2.47,12.0,1.08,0.09,13.37,yellow,cash,Upper West Side South,Prospect-Lefferts Gardens,Manhattan,Brooklyn
2019-03-29 14:13:43,2019-03-29 14:27:30,1,1.33,6.0,0.53,0.07,7.76,yellow,credit card,Clinton East,Bedford Park,Manhattan,Bronx
2019-03-27 08:12:50,2019-03-27 08:24:59,1,6.94,7.8,1.79,0.04,16.18,yellow,cash,East Harlem North,Carroll Gardens,Manhattan,Brooklyn
2019-03-07 07:45:57,2019-03-07 08:01:08,2,4.01,5.3,0.2,0.24,20.11,yellow,credit card,Greenwich Village North,Gravesend,Manhattan,Brooklyn
2019-03-30 04:44:27,2019-03-30 04:57:30,1,0.95,11.23,1.69,0.19,15.7,yellow,cash,Midtown South,Downtown Brooklyn/MetroTech,Manhattan,Brooklyn
2019-03-10 14:15:23,2019-03-10 14:29:59,1,1.19,10.4,3.47,0.05,10.88,yellow,credit card,Penn Station/Madison Sq West,Prospect-Lefferts Gardens,Manhattan,Brooklyn
2019-03-29 15:00:24,2019-03-29 15:12:19,1,0.7,14.01,0.0,0.03,19.3,yellow,cash,Greenwich Village North,East Chelsea,Manhattan,Manhattan
2019-03-01 01:34:14,2019-03-01 01:47:48,1,1.17,15.9,0.3,0.03,22.09,yellow,credit card,Battery Park City,Brighton Beach,Manhattan,Brooklyn
2019-03-11 17:11:31,2019-03-11 17:26:00,1,4.75,15.3,1.68,1.69,17.52,yellow,cash,Woodside,Marble Hill,Queens,Manhattan
2019-03-26 18:21:43,2019-03-26 18:34:52,1,1.43,6.71,2.08,0.19,24.8,yellow,credit card,Upper East Side South,Melrose South,Manhattan,Bronx
2019-03-05 11:36:52,2019-03-05 11:50:12,5,0.32,8.3,0.91,0.08,13.01,yellow,cash,Murray Hill,Hillcrest/Pomonok,Manhattan,Queens
2019-03-06 22:51:12,2019-03-06 23:07:14,1,2.28,7.4,0.05,0.7,43.89,yellow,credit card,Brooklyn Heights,Inwood,Brooklyn,Manhattan
2019-03-29 08:56:47,2019-03-29 09:13:38,2,3.35,8.5,2.16,0.07,25.06,yellow,cash,Midtown South,Long Island City/Queens Plaza,Manhattan,Queens
2019-03-23 12:01:47,2019-03-23 12:17:52,2,0.74,5.5,0.0,0.02,14.7,yellow,credit card,Greenwich Village North,Bushwick South,Manhattan,Brooklyn
2019-03-06 18:38:10,2019-03-06 18:53:12,1,1.03,7.4,0.34,0.05,13.94,yellow,cash,East Harlem South,Woodhaven,Manhattan,Queens
2019-03-13 18:02:12,2019-03-13 18:15:38,1,13.4,3.01,1.8,0.53,18.74,yellow,credit card,Flushing,Brownsville,Queens,Brooklyn
2019-03-13 12:36:55,2019-03-13 12:51:08,2,4.2,18.1,1.34,0.18,20.15,yellow,cash,East Flatbush/Farragut,Long Island City/Queens Plaza,Brooklyn,Queens
2019-03-11 09:19:31,2019-03-11 09:34:18,1,1.71,6.2,2.87,0.1,7.6,yellow,credit card,Lower East Side,Marble Hill,Manhattan,Manhattan
2019-03-31 02:27:53,2019-03-31 02:42:00,1,0.71,7.6,0.39,0.14,9.48,yellow,cash,Upper East Side North,Corona,Manhattan,Queens
2019-03-10 09:01:11,2019-03-10 09:14:38,5,2.62,3.7,0.01,0.12,16.13,yellow,credit card,Lower East Side,Greenwich Village North,Manhattan,Manhattan
2019-03-27 01:36:52,2019-03-27 01:50:06,1,0.32,9.9,1.12,0.13,13.01,yellow,cash,Sutton Place/Turtle Bay North,Dyker Heights,Manhattan,Brooklyn
2019-03-30 04:59:33,2019-03-30 05:13:52,1,7.97,3.2,1.51,0.03,20.78,yellow,credit card,Central Harlem,Clinton East,Manhattan,Manhattan
2019-03-16 10:09:49,2019-03-16 10:24:52,1,1.21,10.4,1.92,0.1,26.52,yellow,cash,Midtown East,Flatbush/Ditmas Park,Manhattan,Brooklyn
2019-03-19 04:28:51,2019-03-19 04:43:46,2,1.47,7.9,0.44,0.03,14.14,yellow,credit card,Penn Station/Madison Sq West,Hunts Point,Manhattan,Bronx
2019-03-20 00:08:16,2019-03-20 00:21:12,1,10.89,7.68,0.68,0.06,13.0,yellow,cash,Canarsie,Claremont/Bathgate,Brooklyn,Bronx
2019-03-22 07:26:14,2019-03-22 07:41:54,1,2.11,14.3,8.52,0.05,19.49,yellow,credit card,Elmhurst,South Ozone Park,Queens,Queens
2019-03-06 04:49:23,2019-03-06 05:03:32,2,0.28,5.6,0.42,0.04,11.62,yellow,cash,Williamsburg (South Side),Howard Beach,Brooklyn,Queens
2019-03-05 05:05:41,2019-03-05 05:21:14,4,2.72,6.0,0.51,0.18,29.98,yellow,credit card,Penn Station/Madison Sq West,Central Harlem,Manhattan,Manhattan
2019-03-06 18:43:14,2019-03-06 18:58:03,1,3.98,5.52,4.9,0.14,20.68,yellow,cash,East Village,Woodhaven,Manhattan,Queens
2019-03-08 01:19:51,2019-03-08 01:34:04,0,0.64,12.44,0.9,0.23,27.7,yellow,credit card,Financial District North,Mount Hope,Manhattan,Bronx
2019-03-30 04:32:58,2019-03-30 04:46:50,1,1.21,12.2,3.47,0.16,15.93,yellow,cash,Midtown East,Bedford,Manhattan,Brooklyn
2019-03-11 06:28:20,2019-03-11 06:42:57,1,0.22,13.7,0.18,0.16,15.27,yellow,credit card,Garment District,Starrett City,Manhattan,Brooklyn
2019-03-14 00:11:08,2019-03-14 00:27:25,1,1.74,5.9,0.31,0.07,10.97,yellow,cash,Clinton East,Flushing,Manhattan,Queens
2019-03-23 08:40:35,2019-03-23 08:54:55,3,9.53,1.78,4.19,1.77,83.7,yellow,credit card,Elmhurst,Kew Gardens,Queens,Queens
2019-03-14 17:56:52,2019-03-14 18:11:04,1,1.24,9.38,1.07,0.01,19.3,yellow,cash,Midtown South,East Flatbush/Farragut,Manhattan,Brooklyn
2019-03-17 12:34:52,2019-03-17 12:49:12,1,1.2,8.92,0.12,0.4,25.7,yellow,credit card,Murray Hill,Woodlawn/Wakefield,Manhattan,Bronx
2019-03-24 23:12:27,2019-03-24 23:27:47,5,3.64,10.81,6.32,0.19,11.4,yellow,cash,Manhattan Valley,Fort Greene,Manhattan,Brooklyn
2019-03-31 00:52:24,2019-03-31 01:05:53,1,3.2,7.1,0.31,0.07,13.25,yellow,credit card,East Chelsea,Bedford,Manhattan,Brooklyn
2019-03-23 17:50:25,2019-03-23 18:04:18,1,1.0,3.0,1.8,0.06,23.41,yellow,cash,SoHo,Ozone Park,Manhattan,Queens
2019-03-10 09:06:00,2019-03-10 09:21:11,6,1.51,12.15,0.29,0.19,27.7,yellow,credit card,Meatpacking/West Village West,Bayside,Manhattan,Queens
2019-03-25 17:27:56,2019-03-25 17:41:56,1,0.01,7.87,1.3,0.06,11.0,yellow,cash,Upper East Side South,Hudson Sq,Manhattan,Manhattan
2019-03-22 16:19:09,2019-03-22 16:33:01,2,2.07,10.4,0.54,0.43,13.81,yellow,credit card,Greenwich Village North,Columbia Street,Manhattan,Brooklyn
2019-03-18 18:55:28,2019-03-18 19:08:23,1,5.26,7.25,0.49,0.06,57.3,yellow,cash,Upper East Side North,Cambria Heights,Manhattan,Queens
2019-03-25 17:07:04,2019-03-25 17:21:42,2,2.09,2.9,1.5,0.55,11.44,yellow,credit card,Times Sq/Theatre District,Marble Hill,Manhattan,Manhattan
2019-03-03 23:30:40,2019-03-03 23:45:07,3,3.23,7.58,1.89,0.12,9.6,yellow,cash,Lower East Side,Sheepshead Bay,Manhattan,Brooklyn
2019-03-11 06:03:51,2019-03-11 06:19:59,1,4.54,5.2,1.58,0.02,12.74,yellow,credit card,Garment District,Long Island City/Hunters Point,Manhattan,Queens
2019-03-13 13:33:10,2019-03-13 13:48:17,0,0.06,7.5,1.54,0.01,9.9,yellow,cash,Meatpacking/West Village West,Lenox Hill West,Manhattan,Manhattan
2019-03-17 10:21:01,2019-03-17 10:35:12,1,0.29,6.1,2.69,0.08,16.62,yellow,credit card,Lenox Hill East,Flushing Meadows-Corona Park,Manhattan,Queens
2019-03-07 05:18:15,2019-03-07 05:33:18,1,3.95,8.35,0.16,0.17,20.5,yellow,cash,Upper East Side South,Windsor Terrace,Manhattan,Brooklyn
2019-03-21 18:29:24,2019-03-21 18:43:30,1,3.88,13.14,2.29,0.08,18.0,yellow,credit card,Upper West Side North,Chinatown,Manhattan,Manhattan
2019-03-14 02:19:39,2019-03-14 02:35:50,5,0.56,9.73,0.57,0.02,16.1,yellow,cash,Midtown North,Prospect Park,Manhattan,Brooklyn
2019-03-20 14:52:03,2019-03-20 15:05:08,1,0.25,4.2,2.89,0.37,27.32,yellow,credit card,Lower East Side,Inwood Hill Park,Manhattan,Manhattan
2019-03-17 19:01:02,2019-03-17 19:15:56,1,5.28,7.08,0.05,0.11,11.6,yellow,cash,Fort Greene,Oakland Gardens,Brooklyn,Queens
2019-03-14 08:47:53,2019-03-14 09:00:51,1,9.91,5.92,0.36,0.01,10.5,yellow,credit card,Midtown Center,Brooklyn Heights,Manhattan,Brooklyn
2019-03-28 23:02:12,2019-03-28 23:16:45,1,1.25,10.7,1.08,0.02,17.21,yellow,cash,Lenox Hill East,Cobble Hill,Manhattan,Brooklyn
2019-03-07 12:24:16,2019-03-07 12:37:49,1,2.43,6.8,0.02,0.26,32.77,yellow,credit card,Sutton Place/Turtle Bay North,Stapleton,Manhattan,Staten Island
2019-03-22 13:03:10,2019-03-22 13:20:18,1,4.5,10.9,0.02,0.06,12.14,yellow,cash,East Harlem South,Norwood,Manhattan,Bronx
2019-03-18 05:41:30,2019-03-18 05:54:33,1,5.11,4.66,3.55,0.29,29.6,yellow,credit card,JFK Airport,Oakland Gardens,Queens,Queens
2019-03-29 19:47:13,2019-03-29 19:59:34,3,8.82,10.86,0.54,0.17,22.6,yellow,cash,Maspeth,Mott Haven/Port Morris,Queens,Bronx
2019-03-14 04:11:18,2019-03-14 04:25:34,1,2.7,8.21,0.67,0.17,9.9,yellow,credit card,East Village,Stuy Town/Peter Cooper Village,Manhattan,Manhattan
2019-03-08 20:49:53,2019-03-08 21:01:43,1,0.38,8.3,2.52,0.18,16.38,yellow,cash,Flatiron,Auburndale,Manhattan,Queens
2019-03-05 08:09:07,2019-03-05 08:23:36,1,7.55,7.0,0.67,0.06,8.22,yellow,credit card,Lincoln Square East,Melrose South,Manhattan,Bronx
2019-03-19 06:24:07,2019-03-19 06:37:08,1,0.12,11.2,1.09,0.01,22.49,yellow,cash,Yorkville East,Belmont,Manhattan,Bronx
2019-03-16 02:21:30,2019-03-16 02:38:14,1,3.9,8.96,0.08,0.12,14.6,yellow,credit card,East Harlem South,Woodside,Manhattan,Queens
2019-03-25 13:51:07,2019-03-25 14:03:38,1,2.88,7.9,2.32,0.31,18.7,yellow,cash,Midtown East,East Elmhurst,Manhattan,Queens
2019-03-26 20:48:29,2019-03-26 21:02:51,1,0.67,14.31,8.7,0.79,15.24,yellow,credit card,Maspeth,Queens Village,Queens,Queens
2019-03-20 06:33:30,2019-03-20 06:48:25,5,2.83,4.17,4.23,0.06,15.3,yellow,cash,Lenox Hill West,UN/Turtle Bay South,Manhattan,Manhattan
2019-03-24 21:06:54,2019-03-24 21:21:36,5,1.74,19.9,1.97,0.21,22.85,yellow,credit card,Penn Station/Madison Sq West,Williamsbridge/Olinville,Manhattan,Bronx
2019-03-03 17:57:19,2019-03-03 18:12:06,1,3.16,6.6,2.63,2.27,25.89,yellow,cash,Steinway,Flatbush/Ditmas Park,Queens,Brooklyn
2019-03-28 06:49:20,2019-03-28 07:04:24,1,0.24,13.58,0.46,0.03,15.8,yellow,credit card,West Chelsea/Hudson Yards,Baisley Park,Manhattan,Queens
2019-03-30 11:08:50,2019-03-30 11:26:31,1,2.95,6.9,2.89,0.03,11.86,yellow,cash,Little Italy/NoLiTa,Briarwood/Jamaica Hills,Manhattan,Queens
2019-03-26 09:01:06,2019-03-26 09:14:04,1,1.54,6.2,0.5,0.28,19.27,yellow,credit card,Morningside Heights,Steinway,Manhattan,Queens
2019-03-22 06:38:42,2019-03-22 06:52:38,1,0.61,5.2,1.43,0.23,17.32,yellow,cash,East Harlem North,Middle Village,Manhattan,Queens
2019-03-15 02:18:02,2019-03-15 02:32:51,6,1.3,3.8,2.97,0.61,19.61,yellow,credit card,Murray Hill-Queens,Soundview/Bruckner,Queens,Bronx
2019-03-26 16:45:39,2019-03-26 16:56:44,1,2.79,13.1,1.78,0.11,13.49,yellow,cash,Clinton East,Queens Village,Manhattan,Queens
2019-02-28 18:19:36,2019-02-28 18:33:36,1,1.03,3.8,2.88,0.11,11.28,yellow,credit card,Murray Hill,East Harlem South,Manhattan,Manhattan
2019-02-28 20:20:06,2019-02-28 20:33:41,1,3.0,7.6,0.7,0.04,17.98,yellow,cash,Clinton East,Old Astoria,Manhattan,Queens
2019-03-07 08:52:45,2019-03-07 09:05:48,1,6.08,7.3,3.67,0.18,10.27,yellow,credit card,Sutton Place/Turtle Bay North,East Elmhurst,Manhattan,Queens
2019-03-04 02:58:43,2019-03-04 03:14:14,1,0.94,3.0,1.39,0.01,12.64,yellow,cash,Greenwich Village North,Financial District North,Manhattan,Manhattan
2019-03-22 09:27:35,2019-03-22 09:43:51,3,2.28,18.6,0.22,0.02,25.4,yellow,credit card,Midtown South,Inwood,Manhattan,Manhattan
2019-03-23 06:46:15,2019-03-23 07:00:57,1,4.65,11.8,0.24,0.31,16.06,yellow,cash,Clinton East,Howard Beach,Manhattan,Queens
2019-03-10 10:26:37,2019-03-10 10:41:52,1,8.3,10.51,0.91,0.3,15.7,yellow,credit card,Greenpoint,Stuyvesant Heights,Brooklyn,Brooklyn
2019-03-21 07:14:29,2019-03-21 07:27:48,1,0.58,4.6,0.06,0.02,46.93,yellow,cash,Greenwich Village North,Eastchester,Manhattan,Bronx
2019-03-06 17:21:36,2019-03-06 17:37:55,5,2.8,4.18,0.56,0.28,18.9,yellow,credit card,East Flatbush/Remsen Village,Chinatown,Brooklyn,Manhattan
2019-03-21 22:44:01,2019-03-21 22:56:53,1,0.98,16.34,0.09,0.32,18.5,yellow,cash,Washington Heights South,Douglaston,Manhattan,Queens
2019-02-28 11:46:15,2019-02-28 12:02:23,2,0.75,9.3,0.35,0.02,10.56,yellow,credit card,Penn Station/Madison Sq West,Bronxdale,Manhattan,Bronx
2019-03-12 12:55:53,2019-03-12 13:07:53,2,1.46,2.8,1.74,0.23,37.09,yellow,cash,Upper East Side South,Prospect-Lefferts Gardens,Manhattan,Brooklyn
2019-03-19 13:26:03,2019-03-19 13:39:30,1,3.13,6.7,0.94,0.11,6.72,yellow,credit card,Union Sq,Astoria,Manhattan,Queens
2019-03-05 07:22:56,2019-03-05 07:36:45,1,1.6,14.63,1.93,0.2,45.0,yellow,cash,Midtown Center,Garment District,Manhattan,Manhattan
2019-03-05 08:21:02,2019-03-05 08:36:07,1,6.53,6.6,3.88,0.7,14.14,yellow,credit card,LaGuardia Airport,South Ozone Park,Queens,Queens
2019-03-24 06:37:48,2019-03-24 06:50:37,1,0.55,11.0,0.94,0.21,16.91,yellow,cash,Midtown South,Soundview/Bruckner,Manhattan,Bronx
2019-03-19 13:30:51,2019-03-19 13:44:21,1,3.98,12.5,0.23,0.0,21.62,yellow,credit card,Fort Greene,Prospect-Lefferts Gardens,Brooklyn,Brooklyn
2019-03-12 23:01:02,2019-03-12 23:16:17,3,2.94,13.3,4.58,0.07,14.56,yellow,cash,Garment District,Cypress Hills,Manhattan,Brooklyn
2019-03-22 22:07:36,2019-03-22 22:22:19,1,7.08,6.2,2.25,0.28,22.64,yellow,credit card,Midtown Center,Bedford,Manhattan,Brooklyn
2019-03-08 02:00:01,2019-03-08 02:12:45,1,6.05,11.9,0.87,0.0,17.74,yellow,cash,Upper West Side North,Midwood,Manhattan,Brooklyn
2019-03-07 15:21:01,2019-03-07 15:37:43,1,0.24,5.2,1.68,0.32,10.71,yellow,credit card,Gramercy,Columbia Street,Manhattan,Brooklyn
2019-03-18 11:57:17,2019-03-18 12:12:18,1,0.93,9.9,1.39,0.04,44.87,yellow,cash,East Chelsea,Hudson Sq,Manhattan,Manhattan
2019-03-11 09:25:47,2019-03-11 09:41:59,1,5.63,5.2,3.25,0.01,26.49,yellow,credit card,Midtown North,Westchester Village/Unionport,Manhattan,Bronx
2019-03-28 17:03:44,2019-03-28 17:15:45,1,4.4,7.6,0.54,0.03,11.95,yellow,cash,TriBeCa/Civic Center,Elmhurst,Manhattan,Queens
2019-03-10 04:24:24,2019-03-10 04:39:05,1,2.86,15.51,5.66,0.0,24.7,yellow,credit card,Midtown South,Midtown Center,Manhattan,Manhattan
2019-03-04 22:18:04,2019-03-04 22:33:00,2,8.85,16.7,0.64,0.23,16.8,yellow,cash,Clinton East,Sunset Park West,Manhattan,Brooklyn
2019-03-19 07:06:21,2019-03-19 07:20:34,1,2.04,17.7,2.84,0.03,21.63,yellow,credit card,Upper West Side South,Jamaica Estates,Manhattan,Queens
2019-03-30 23:58:05,2019-03-31 00:13:40,0,0.25,9.5,1.45,0.3,22.72,yellow,cash,Upper East Side North,Canarsie,Manhattan,Brooklyn
2019-03-28 17:17:43,2019-03-28 17:32:06,2,0.24,9.84,0.11,0.01,14.4,yellow,credit card,Times Sq/Theatre District,Rego Park,Manhattan,Queens
2019-03-20 21:42:48,2019-03-20 21:59:47,1,0.97,5.8,2.14,0.18,9.44,yellow,cash,Clinton East,West Concourse,Manhattan,Bronx
2019-03-12 09:22:00,2019-03-12 09:34:25,1,0.77,6.3,1.25,0.05,28.15,yellow,credit card,Clinton East,Carroll Gardens,Manhattan,Brooklyn
2019-03-22 03:05:37,2019-03-22 03:20:50,1,1.32,8.3,5.91,0.12,11.89,yellow,cash,Upper West Side South,Mott Haven/Port Morris,Manhattan,Bronx
2019-03-22 03:00:52,2019-03-22 03:14:43,3,0.37,12.7,0.1,0.13,26.91,yellow,credit card,Hudson Sq,Chinatown,Manhattan,Manhattan
2019-03-15 23:22:03,2019-03-15 23:36:55,1,0.12,6.3,0.05,0.38,17.27,yellow,cash,Garment District,East Flushing,Manhattan,Queens
2019-03-15 20:31:29,2019-03-15 20:45:29,2,1.16,3.6,1.24,0.14,21.72,yellow,credit card,Lincoln Square East,Riverdale/North Riverdale/Fieldston,Manhattan,Bronx
2019-03-26 18:50:45,2019-03-26 19:03:03,1,4.05,5.9,2.46,0.02,11.16,yellow,cash,Times Sq/Theatre District,Jackson Heights,Manhattan,Queens
2019-03-20 00:15:41,2019-03-20 00:28:48,1,8.93,13.3,2.1,0.14,14.47,yellow,credit card,Upper West Side North,West Brighton,Manhattan,Staten Island
2019-03-27 11:56:17,2019-03-27 12:11:24,1,0.9,10.4,4.36,0.16,11.45,yellow,cash,Times Sq/Theatre District,LaGuardia Airport,Manhattan,Queens
2019-03-31 11:18:32,2019-03-31 11:31:33,1,0.62,10.8,0.51,0.05,12.34,yellow,credit card,Gramercy,Upper West Side South,Manhattan,Manhattan
2019-03-21 04:21:05,2019-03-21 04:32:31,1,0.42,14.49,6.9,0.07,17.68,yellow,cash,Garment District,Gowanus,Manhattan,Brooklyn
2019-02-28 04:42:19,2019-02-28 04:54:41,2,4.92,5.8,0.51,0.08,10.06,yellow,credit card,Upper West Side North,Bedford Park,Manhattan,Bronx
2019-03-12 12:17:10,2019-03-12 12:33:27,1,7.12,18.72,1.0,4.6,21.7,yellow,cash,JFK Airport,South Jamaica,Queens,Queens
2019-03-05 16:43:45,2019-03-05 16:56:27,1,0.02,8.8,1.66,0.09,10.41,yellow,credit card,Central Harlem,Boerum Hill,Manhattan,Brooklyn
2019-03-07 18:38:11,2019-03-07 18:53:06,1,1.61,24.87,4.23,0.11,32.0,yellow,cash,Little Italy/NoLiTa,Rego Park,Manhattan,Queens
2019-03-21 12:17:27,2019-03-21 12:33:27,1,4.5,10.3,0.23,0.01,18.9,yellow,credit card,Greenwich Village South,West Brighton,Manhattan,Staten Island
2019-03-11 20:24:23,2019-03-11 20:38:20,3,2.22,8.4,0.03,0.06,12.3,yellow,cash,Midtown North,Washington Heights North,Manhattan,Manhattan
2019-03-27 20:55:37,2019-03-27 21:10:36,1,1.86,11.63,2.16,0.15,14.7,yellow,credit card,West Chelsea/Hudson Yards,Soundview/Bruckner,Manhattan,Bronx
2019-03-27 16:58:24,2019-03-27 17:14:35,1,3.0,18.1,2.65,0.04,54.53,yellow,cash,Jackson Heights,Springfield Gardens South,Queens,Queens
2019-03-10 01:02:14,2019-03-10 01:17:04,1,1.96,13.9,0.04,0.12,15.72,yellow,credit card,Manhattan Valley,Ocean Hill,Manhattan,Brooklyn
2019-03-16 20:03:05,2019-03-16 20:17:27,1,7.39,25.2,5.67,1.6,39.19,yellow,cash,Steinway,Norwood,Queens,Bronx
2019-03-06 18:06:36,2019-03-06 18:20:41,1,6.15,70.9,0.14,1.58,76.37,yellow,credit card,Astoria,Melrose South,Queens,Bronx
2019-03-11 14:09:07,2019-03-11 14:25:57,1,4.7,7.0,4.0,0.2,11.07,yellow,cash,Yorkville West,Garment District,Manhattan,Manhattan
2019-03-13 15:51:42,2019-03-13 16:07:19,1,3.23,4.95,3.6,1.3,45.32,yellow,credit card,JFK Airport,Douglaston,Queens,Queens
2019-03-25 20:14:08,2019-03-25 20:26:53,3,5.01,6.0,0.44,0.09,27.1,yellow,cash,Manhattanville,Inwood,Manhattan,Manhattan
2019-03-10 07:29:25,2019-03-10 07:43:10,3,3.41,11.8,0.1,0.03,15.68,yellow,credit card,Lower East Side,Highbridge,Manhattan,Bronx
2019-03-06 03:09:09,2019-03-06 03:24:07,1,1.4,16.0,4.08,0.61,19.94,yellow,cash,Little Italy/NoLiTa,Clinton West,Manhattan,Manhattan
2019-03-26 15:05:49,2019-03-26 15:18:35,5,3.97,12.5,0.73,0.12,21.33,yellow,credit card,Garment District,Lincoln Square West,Manhattan,Manhattan
2019-03-16 01:55:27,2019-03-16 02:10:37,1,0.43,9.98,0.8,0.02,10.7,yellow,cash,SoHo,SoHo,Manhattan,Manhattan
2019-03-04 21:57:56,2019-03-04 22:13:04,1,1.87,13.16,0.94,0.21,18.2,yellow,credit card,Morningside Heights,Greenwich Village South,Manhattan,Manhattan
2019-03-28 18:29:18,2019-03-28 18:41:56,1,0.63,8.5,0.49,0.44,11.35,yellow,cash,Upper East Side South,East Elmhurst,Manhattan,Queens
2019-03-11 08:29:48,2019-03-11 08:44:10,1,1.05,7.5,0.67,0.11,10.27,yellow,credit card,Lincoln Square West,Lincoln Square East,Manhattan,Manhattan
2019-03-06 20:05:55,2019-03-06 20:19:28,1,1.7,3.6,1.34,0.14,11.24,yellow,cash,Upper West Side South,Financial District North,Manhattan,Manhattan
2019-03-06 09:15:40,2019-03-06 09:27:41,1,0.71,10.0,0.08,0.28,14.31,yellow,credit card,Union Sq,Bath Beach,Manhattan,Brooklyn
2019-03-18 22:52:22,2019-03-18 23:05:25,1,3.58,6.23,3.5,0.08,9.1,yellow,cash,East Chelsea,Seaport,Manhattan,Manhattan
2019-03-20 00:43:37,2019-03-20 00:55:31,1,1.03,6.4,0.2,0.2,19.67,yellow,credit card,Kips Bay,Bloomingdale,Manhattan,Manhattan
2019-03-10 17:46:17,2019-03-10 17:59:34,1,5.51,38.94,0.57,0.19,103.1,yellow,cash,LaGuardia Airport,Washington Heights North,Queens,Manhattan
2019-03-11 10:24:09,2019-03-11 10:37:43,5,0.96,8.18,0.97,0.09,15.4,yellow,credit card,Midtown East,Woodside,Manhattan,Queens
2019-03-09 06:54:35,2019-03-09 07:09:23,1,1.93,15.1,0.01,0.14,24.11,yellow,cash,Lenox Hill West,Williamsburg (North Side),Manhattan,Brooklyn
2019-03-07 06:25:10,2019-03-07 06:38:38,2,1.25,10.24,2.18,0.01,13.0,yellow,credit card,Union Sq,Clinton West,Manhattan,Manhattan
2019-03-19 09:40:19,2019-03-19 09:55:51,1,3.75,5.1,2.09,0.01,11.41,yellow,cash,Midtown East,Spuyten Duyvil/Kingsbridge,Manhattan,Bronx
2019-03-18 21:19:22,2019-03-18 21:36:10,1,0.39,15.56,5.25,0.26,21.8,yellow,credit card,West Chelsea/Hudson Yards,Hamilton Heights,Manhattan,Manhattan
2019-03-09 21:14:09,2019-03-09 21:26:23,3,0.96,18.72,0.1,0.14,39.2,yellow,cash,Midtown Center,Parkchester,Manhattan,Bronx
2019-03-07 13:25:50,2019-03-07 13:40:57,1,4.53,10.0,1.35,0.08,22.78,yellow,credit card,East Harlem South,Greenwich Village South,Manhattan,Manhattan
2019-03-31 01:18:12,2019-03-31 01:29:53,1,1.31,13.3,1.23,0.07,15.43,yellow,cash,Clinton East,East Tremont,Manhattan,Bronx
2019-03-15 01:52:22,2019-03-15 02:05:26,1,6.76,14.9,0.01,0.42,22.43,yellow,credit card,Morrisania/Melrose,Ridgewood,Bronx,Queens
2019-03-22 07:46:46,2019-03-22 07:59:34,1,1.98,15.0,2.29,0.02,19.61,yellow,cash,Greenwich Village North,Co-Op City,Manhattan,Bronx
2019-03-01 04:31:08,2019-03-01 04:46:41,1,2.27,6.82,1.82,1.03,8.1,yellow,credit card,Boerum Hill,Morrisania/Melrose,Brooklyn,Bronx
2019-03-18 17:05:41,2019-03-18 17:18:43,1,4.66,11.79,0.42,0.23,36.7,yellow,cash,Brooklyn Heights,Van Nest/Morris Park,Brooklyn,Bronx
2019-03-17 01:09:50,2019-03-17 01:21:46,1,0.78,23.3,9.77,3.12,43.39,yellow,credit card,Queensbridge/Ravenswood,Sunnyside,Queens,Queens
2019-03-19 13:32:11,2019-03-19 13:46:22,1,0.66,3.2,1.81,0.03,16.82,yellow,cash,Midtown Center,Financial District South,Manhattan,Manhattan
2019-03-04 13:02:14,2019-03-04 13:17:21,3,0.1,11.2,4.36,0.34,12.73,yellow,credit card,Central Park,Kingsbridge Heights,Manhattan,Bronx
2019-03-25 21:20:47,2019-03-25 21:37:37,1,3.4,41.42,2.05,3.71,48.1,yellow,cash,Woodside,Rego Park,Queens,Queens
2019-03-22 16:15:15,2019-03-22 16:31:21,1,6.17,3.8,1.37,0.02,11.96,yellow,credit card,Lower East Side,Kips Bay,Manhattan,Manhattan
2019-03-13 12:25:53,2019-03-13 12:41:10,1,20.2,9.0,4.84,0.72,37.63,yellow,cash,South Jamaica,Upper East Side North,Queens,Manhattan
2019-03-22 15:12:22,2019-03-22 15:22:51,4,9.5,3.8,2.12,0.62,28.73,yellow,credit card,Long Island City/Queens Plaza,College Point,Queens,Queens
2019-03-16 00:52:25,2019-03-16 01:07:46,1,3.13,14.4,3.34,0.11,14.69,yellow,cash,Gramercy,Homecrest,Manhattan,Brooklyn
2019-03-21 12:03:07,2019-03-21 12:17:15,1,0.08,8.9,0.09,0.01,23.98,yellow,credit card,Greenwich Village South,Marine Park/Mill Basin,Manhattan,Brooklyn
2019-03-29 22:28:07,2019-03-29 22:40:49,2,0.41,16.6,1.96,0.1,19.35,yellow,cash,East Chelsea,Hillcrest/Pomonok,Manhattan,Queens
2019-03-12 17:06:48,2019-03-12 17:19:45,1,1.44,6.75,0.54,0.08,17.3,yellow,credit card,West Chelsea/Hudson Yards,Upper West Side North,Manhattan,Manhattan
2019-03-27 23:37:23,2019-03-27 23:48:44,1,1.09,17.1,0.71,0.15,21.44,yellow,cash,UN/Turtle Bay South,Upper West Side North,Manhattan,Manhattan
2019-03-22 15:20:21,2019-03-22 15:34:21,1,2.93,5.2,5.16,0.38,34.93,yellow,credit card,East Chelsea,South Williamsburg,Manhattan,Brooklyn
2019-03-12 17:40:44,2019-03-12 17:53:47,1,0.55,10.83,0.72,0.11,13.9,yellow,cash,West Village,Manhattanville,Manhattan,Manhattan
2019-03-18 01:19:57,2019-03-18 01:36:23,1,2.42,9.3,1.7,0.03,22.93,yellow,credit card,Two Bridges/Seward Park,Bedford,Manhattan,Brooklyn
2019-03-21 21:22:52,2019-03-21 21:39:23,1,0.21,5.72,3.9,0.06,7.51,yellow,cash,Murray Hill,Park Slope,Manhattan,Brooklyn
2019-03-23 09:51:29,2019-03-23 10:06:10,1,1.07,7.5,3.15,0.02,12.55,yellow,credit card,East Chelsea,Sunnyside,Manhattan,Queens
2019-03-01 02:23:54,2019-03-01 02:39:20,1,4.08,10.98,0.46,0.25,14.8,yellow,cash,DUMBO/Vinegar Hill,East Harlem South,Brooklyn,Manhattan
2019-03-19 17:51:30,2019-03-19 18:06:16,1,0.23,8.1,2.13,0.15,49.49,yellow,credit card,East Harlem South,Flatlands,Manhattan,Brooklyn
2019-03-20 20:58:56,2019-03-20 21:14:17,1,0.66,19.1,2.48,0.06,22.59,yellow,cash,Brownsville,Inwood Hill Park,Brooklyn,Manhattan
2019-03-21 15:48:19,2019-03-21 16:01:11,2,0.78,8.0,3.19,0.07,9.87,yellow,credit card,Midtown North,Columbia Street,Manhattan,Brooklyn
2019-03-28 01:24:40,2019-03-28 01:36:55,1,0.67,18.6,0.53,0.06,22.62,yellow,cash,Murray Hill,Astoria,Manhattan,Queens
2019-03-14 22:43:35,2019-03-14 22:57:22,2,0.95,1.7,0.19,0.6,8.29,yellow,credit card,Boerum Hill,Seaport,Brooklyn,Manhattan
2019-03-01 09:35:23,2019-03-01 09:48:54,3,3.01,14.23,6.95,0.12,17.9,yellow,cash,Midtown East,Alphabet City,Manhattan,Manhattan
2019-03-30 09:25:44,2019-03-30 09:39:35,1,0.16,7.7,5.5,0.08,14.07,yellow,credit card,Meatpacking/West Village West,Gowanus,Manhattan,Brooklyn
2019-03-10 08:06:41,2019-03-10 08:19:48,1,8.81,7.63,0.03,0.84,21.8,yellow,cash,Co-Op City,Hillcrest/Pomonok,Bronx,Queens
2019-03-26 00:15:37,2019-03-26 00:30:40,1,0.76,7.37,3.15,0.44,9.6,yellow,credit card,Penn Station/Madison Sq West,Springfield Gardens South,Manhattan,Queens
2019-03-11 00:39:31,2019-03-11 00:55:27,1,0.54,6.4,1.1,0.17,33.79,yellow,cash,Gramercy,Hunts Point,Manhattan,Bronx
2019-03-20 01:50:27,2019-03-20 02:02:36,2,0.85,9.1,0.57,0.06,13.21,yellow,credit card,Upper West Side South,Chinatown,Manhattan,Manhattan
2019-03-08 14:58:02,2019-03-08 15:12:30,1,2.29,16.6,2.23,0.08,28.42,yellow,cash,Cobble Hill,Morningside Heights,Brooklyn,Manhattan
2019-03-02 01:13:37,2019-03-02 01:28:31,3,1.49,16.43,2.1,0.09,23.2,yellow,credit card,Financial District North,East Chelsea,Manhattan,Manhattan
2019-03-19 19:08:14,2019-03-19 19:21:40,2,2.37,8.1,0.49,0.07,12.89,yellow,cash,Upper East Side South,Lincoln Square East,Manhattan,Manhattan
2019-03-25 23:37:16,2019-03-25 23:51:51,3,0.43,6.7,0.86,0.01,7.92,yellow,credit card,Gramercy,Flushing,Manhattan,Queens
2019-03-31 01:43:08,2019-03-31 01:58:58,1,0.4,6.3,0.46,0.21,9.34,yellow,cash,Midtown Center,Maspeth,Manhattan,Queens
2019-03-31 20:13:06,2019-03-31 20:25:25,1,4.2,12.8,0.99,0.21,18.43,yellow,credit card,Lower East Side,Roosevelt Island,Manhattan,Manhattan
2019-03-26 19:28:06,2019-03-26 19:41:09,1,13.79,24.25,10.83,3.32,25.3,yellow,cash,LaGuardia Airport,East Harlem South,Queens,Manhattan
2019-03-02 18:58:07,2019-03-02 19:14:04,1,21.42,24.7,2.56,1.01,35.31,yellow,credit card,Astoria,Fresh Meadows,Queens,Queens
2019-03-10 11:56:46,2019-03-10 12:10:21,0,3.67,8.4,1.44,0.45,14.65,yellow,cash,Flatiron,Penn Station/Madison Sq West,Manhattan,Manhattan
2019-03-25 12:59:21,2019-03-25 13:13:22,1,1.61,6.8,0.11,0.03,12.79,yellow,credit card,Upper East Side North,East Flatbush/Remsen Village,Manhattan,Brooklyn
2019-03-23 01:18:29,2019-03-23 01:31:04,1,1.51,13.4,1.79,0.19,15.88,yellow,cash,Union Sq,Union Sq,Manhattan,Manhattan
2019-03-05 13:30:05,2019-03-05 13:46:43,1,2.05,71.2,0.84,0.32,81.25,yellow,credit card,Elmhurst,Kew Gardens Hills,Queens,Queens
2019-03-18 08:15:07,2019-03-18 08:27:05,1,1.7,6.23,5.29,0.29,49.3,yellow,cash,Upper East Side North,Elmhurst,Manhattan,Queens
2019-03-13 05:20:06,2019-03-13 05:34:42,6,9.54,9.3,5.65,0.56,47.64,yellow,credit card,Astoria,Bath Beach,Queens,Brooklyn
2019-03-29 02:46:05,2019-03-29 03:01:02,1,1.72,6.1,0.9,0.16,20.2,yellow,cash,West Chelsea/Hudson Yards,Sutton Place/Turtle Bay North,Manhattan,Manhattan
2019-03-11 01:06:17,2019-03-11 01:21:00,1,0.17,10.3,1.17,0.22,19.15,yellow,credit card,Penn Station/Madison Sq West,Park Slope,Manhattan,Brooklyn
2019-03-30 13:08:21,2019-03-30 13:23:13,6,1.31,2.4,0.02,0.01,12.39,yellow,cash,Midtown North,Lenox Hill West,Manhattan,Manhattan
2019-03-25 12:41:17,2019-03-25 12:54:44,2,0.39,34.88,1.17,0.17,44.5,yellow,credit card,Park Slope,Corona,Brooklyn,Queens
2019-03-27 09:44:21,2019-03-27 09:59:04,1,0.94,16.63,3.54,0.13,24.7,yellow,cash,Penn Station/Madison Sq West,Crotona Park East,Manhattan,Bronx
2019-03-06 23:38:39,2019-03-06 23:54:52,1,2.41,8.12,0.36,0.24,11.8,yellow,credit card,Upper East Side South,Queensboro Hill,Manhattan,Queens
2019-03-07 03:32:04,2019-03-07 03:46:37,1,6.58,7.2,0.75,0.02,16.39,yellow,cash,Morningside Heights,Canarsie,Manhattan,Brooklyn
2019-03-27 04:50:05,2019-03-27 05:05:05,1,2.75,14.0,0.55,0.04,14.5,yellow,credit card,Morningside Heights,Central Harlem,Manhattan,Manhattan
2019-03-03 07:41:53,2019-03-03 07:55:59,2,2.54,8.2,1.69,0.25,15.9,yellow,cash,Lincoln Square East,Manhattan Valley,Manhattan,Manhattan
2019-03-25 17:49:03,2019-03-25 18:03:25,1,1.09,3.8,2.01,0.15,18.01,yellow,credit card,Stuy Town/Peter Cooper Village,Seaport,Manhattan,Manhattan
2019-03-19 12:21:03,2019-03-19 12:36:27,2,1.74,5.2,3.58,0.18,28.68,yellow,cash,Upper West Side North,Fresh Meadows,Manhattan,Queens
2019-03-30 15:49:31,2019-03-30 16:04:06,1,1.49,11.09,2.19,0.22,13.2,yellow,credit card,Penn Station/Madison Sq West,Flatbush/Ditmas Park,Manhattan,Brooklyn
2019-03-20 19:22:40,2019-03-20 19:35:52,1,16.43,18.9,2.22,2.09,75.11,yellow,cash,JFK Airport,Soundview/Castle Hill,Queens,Bronx
2019-03-14 01:30:07,2019-03-14 01:43:33,1,0.72,17.1,0.04,0.04,17.79,yellow,credit card,West Village,Roosevelt Island,Manhattan,Manhattan
2019-03-22 05:50:44,2019-03-22 06:04:59,1,2.4,10.5,0.71,0.02,17.85,yellow,cash,Midtown South,East Flatbush/Remsen Village,Manhattan,Brooklyn
2019-03-30 01:33:22,2019-03-30 01:45:48,6,0.24,6.04,0.44,0.04,30.0,yellow,credit card,Upper East Side North,Crown Heights North,Manhattan,Brooklyn
2019-03-05 16:22:20,2019-03-05 16:36:45,0,0.06,12.7,1.77,0.14,17.7,yellow,cash,Flatiron,West Brighton,Manhattan,Staten Island
2019-03-06 08:38:17,2019-03-06 08:52:42,1,0.59,12.2,2.38,1.86,37.06,yellow,credit card,South Ozone Park,Flatbush/Ditmas Park,Queens,Brooklyn
2019-03-09 04:36:41,2019-03-09 04:50:49,1,2.03,7.3,0.74,0.04,8.73,yellow,cash,TriBeCa/Civic Center,East Flatbush/Farragut,Manhattan,Brooklyn
2019-03-09 08:30:18,2019-03-09 08:44:59,1,0.8,5.4,0.13,0.06,23.37,yellow,credit card,Lenox Hill East,Cambria Heights,Manhattan,Queens
2019-03-11 20:16:43,2019-03-11 20:27:38,0,1.3,12.7,0.96,0.12,15.61,yellow,cash,Union Sq,Yorkville West,Manhattan,Manhattan
2019-03-23 13:14:13,2019-03-23 13:28:13,1,0.32,8.2,1.48,0.32,14.61,yellow,credit card,Chinatown,Bedford Park,Manhattan,Bronx
2019-03-15 23:27:44,2019-03-15 23:42:37,1,9.15,13.57,1.63,0.39,15.9,yellow,cash,Clinton East,Central Harlem North,Manhattan,Manhattan
2019-03-14 19:05:13,2019-03-14 19:19:58,0,3.05,6.5,0.26,0.19,19.78,yellow,credit card,East Harlem North,Bushwick North,Manhattan,Brooklyn
2019-03-11 19:57:32,2019-03-11 20:12:32,1,0.31,6.3,3.9,0.21,15.68,yellow,cash,Financial District South,SoHo,Manhattan,Manhattan
2019-03-26 12:49:11,2019-03-26 13:01:17,1,1.61,27.67,3.54,0.07,36.0,yellow,credit card,Queensbridge/Ravenswood,Ozone Park,Queens,Queens
2019-03-09 20:35:25,2019-03-09 20:51:18,6,2.81,8.6,0.41,0.04,14.2,yellow,cash,Greenwich Village North,Park Slope,Manhattan,Brooklyn
2019-03-12 21:41:44,2019-03-12 21:54:50,1,0.05,5.6,1.7,0.14,8.61,yellow,credit card,Midtown Center,Bay Ridge,Manhattan,Brooklyn
2019-03-23 18:26:07,2019-03-23 18:41:06,1,3.49,8.86,0.91,0.06,11.8,yellow,cash,Midtown North,Bushwick South,Manhattan,Brooklyn
2019-03-29 17:14:05,2019-03-29 17:29:12,6,1.8,6.5,2.55,0.04,19.34,yellow,credit card,Upper East Side South,Clinton West,Manhattan,Manhattan
2019-03-27 17:58:19,2019-03-27 18:12:46,1,2.0,26.3,1.71,3.14,44.67,yellow,cash,JFK Airport,West Brighton,Queens,Staten Island
2019-03-23 18:35:54,2019-03-23 18:48:52,4,5.01,7.0,3.21,0.27,23.23,yellow,credit card,Lenox Hill West,Douglaston,Manhattan,Queens
2019-03-19 12:02:28,2019-03-19 12:16:49,6,1.42,20.2,1.75,0.09,31.43,yellow,cash,Yorkville West,Old Astoria,Manhattan,Queens
2019-03-13 03:04:15,2019-03-13 03:18:02,2,5.61,38.8,0.31,0.04,61.3,yellow,credit card,Sheepshead Bay,Dyker Heights,Brooklyn,Brooklyn
2019-03-10 15:46:11,2019-03-10 16:01:05,5,1.11,12.3,1.41,0.14,14.62,yellow,cash,Garment District,Gramercy,Manhattan,Manhattan
2019-03-24 19:08:13,2019-03-24 19:22:02,5,0.36,9.9,0.91,0.08,17.02,yellow,credit card,East Harlem South,Springfield Gardens South,Manhattan,Queens
2019-03-24 03:56:15,2019-03-24 04:11:13,1,7.47,10.5,1.19,0.18,11.71,yellow,cash,East Flatbush/Farragut,Bushwick South,Brooklyn,Brooklyn
2019-02-28 17:43:59,2019-02-28 17:56:22,1,4.87,4.2,3.0,0.45,5.09,yellow,credit card,Sutton Place/Turtle Bay North,Auburndale,Manhattan,Queens
2019-03-25 09:14:21,2019-03-25 09:27:54,1,0.3,4.8,4.17,0.27,10.92,yellow,cash,Yorkville East,Borough Park,Manhattan,Brooklyn
2019-03-01 16:07:03,2019-03-01 16:21:13,1,0.63,13.6,7.11,0.23,29.39,yellow,credit card,Elmhurst,Norwood,Queens,Bronx
2019-03-01 23:19:55,2019-03-01 23:37:48,1,0.39,15.2,0.41,0.03,32.14,yellow,cash,Midtown North,Hunts Point,Manhattan,Bronx
2019-03-06 09:48:44,2019-03-06 10:02:06,1,2.48,8.8,2.74,0.02,46.1,yellow,credit card,Central Harlem North,Queensboro Hill,Manhattan,Queens
2019-03-17 07:21:51,2019-03-17 07:35:50,1,4.58,5.9,0.05,0.06,20.9,yellow,cash,Garment District,Lincoln Square West,Manhattan,Manhattan
2019-03-14 21:57:44,2019-03-14 22:12:13,1,1.16,5.1,1.09,0.03,6.84,yellow,credit card,Midtown North,Park Slope,Manhattan,Brooklyn
2019-03-29 20:09:00,2019-03-29 20:23:56,1,5.7,4.6,3.87,0.26,16.08,yellow,cash,Flatiron,West Brighton,Manhattan,Staten Island
2019-03-23 01:27:16,2019-03-23 01:42:05,1,4.63,9.7,1.63,0.53,14.64,yellow,credit card,Midtown Center,Crown Heights North,Manhattan,Brooklyn
2019-03-25 03:24:40,2019-03-25 03:36:53,1,18.31,15.9,1.27,2.82,24.5,yellow,cash,JFK Airport,Seaport,Queens,Manhattan
2019-03-17 09:56:32,2019-03-17 10:10:48,3,0.72,10.37,0.39,0.04,13.2,yellow,credit card,Upper East Side South,East Tremont,Manhattan,Bronx
2019-03-31 16:24:25,2019-03-31 16:37:22,1,2.79,8.7,0.35,0.13,14.94,yellow,cash,DUMBO/Vinegar Hill,Inwood,Brooklyn,Manhattan
2019-03-06 20:54:54,2019-03-06 21:11:17,1,1.32,10.29,0.77,0.0,12.3,yellow,credit card,East Harlem South,Garment District,Manhattan,Manhattan
2019-03-28 02:27:43,2019-03-28 02:43:46,2,1.11,10.6,0.61,0.05,14.14,yellow,cash,Financial District North,Kips Bay,Manhattan,Manhattan
2019-03-14 04:50:08,2019-03-14 05:02:36,1,0.59,5.4,0.31,0.05,19.31,yellow,credit card,Upper East Side South,Hunts Point,Manhattan,Bronx
2019-03-05 19:20:01,2019-03-05 19:34:37,1,0.17,19.2,4.89,0.14,24.86,yellow,cash,SoHo,Lenox Hill West,Manhattan,Manhattan
2019-03-23 21:59:27,2019-03-23 22:14:49,1,2.77,7.0,3.1,0.48,56.74,yellow,credit card,Park Slope,Lincoln Square East,Brooklyn,Manhattan
2019-03-12 18:17:19,2019-03-12 18:30:29,1,2.12,3.56,3.4,0.17,44.77,yellow,cash,Union Sq,East Flatbush/Remsen Village,Manhattan,Brooklyn
2019-03-22 11:56:17,2019-03-22 12:11:13,1,1.74,16.2,0.68,0.14,21.15,yellow,credit card,Upper East Side South,Park Slope,Manhattan,Brooklyn
2019-03-14 09:25:43,2019-03-14 09:41:04,1,1.16,18.0,2.43,0.07,23.02,yellow,cash,East Chelsea,East Tremont,Manhattan,Bronx
2019-03-12 00:52:11,2019-03-12 01:03:39,1,1.02,4.5,1.37,0.39,16.12,yellow,credit card,Garment District,Union Sq,Manhattan,Manhattan
2019-03-21 07:37:19,2019-03-21 07:50:08,1,1.48,10.25,2.16,0.25,12.5,yellow,cash,East Chelsea,Inwood Hill Park,Manhattan,Manhattan
2019-03-23 03:29:42,2019-03-23 03:43:05,1,8.77,7.9,0.78,3.77,43.15,yellow,credit card,Jamaica Estates,Crotona Park East,Queens,Bronx
2019-03-26 19:02:14,2019-03-26 19:16:20,1,6.48,3.6,1.8,0.08,18.64,yellow,cash,Upper East Side North,South Williamsburg,Manhattan,Brooklyn
2019-03-22 12:18:24,2019-03-22 12:31:05,1,1.96,8.25,7.9,0.07,11.35,yellow,credit card,Hamilton Heights,Steinway,Manhattan,Queens
2019-03-29 15:13:17,2019-03-29 15:26:45,0,0.3,15.4,4.15,0.23,15.81,yellow,cash,Midtown South,Kingsbridge Heights,Manhattan,Bronx
2019-03-28 01:16:52,2019-03-28 01:30:37,1,0.2,14.9,2.66,0.03,17.26,yellow,credit card,Lower East Side,Midtown East,Manhattan,Manhattan
2019-03-28 02:11:37,2019-03-28 02:24:17,2,0.83,3.52,3.2,1.04,13.51,yellow,cash,East Harlem North,Bedford Park,Manhattan,Bronx
2019-03-20 03:14:09,2019-03-20 03:27:38,2,7.73,13.58,11.7,0.1,21.21,yellow,credit card,JFK Airport,Van Nest/Morris Park,Queens,Bronx
2019-03-18 20:01:31,2019-03-18 20:14:32,1,1.03,2.9,1.62,0.04,15.2,yellow,cash,Upper West Side North,Allerton/Pelham Gardens,Manhattan,Bronx
2019-03-24 00:30:27,2019-03-24 00:45:58,1,5.78,10.9,3.22,1.31,43.76,yellow,credit card,Williamsburg (South Side),Old Astoria,Brooklyn,Queens
2019-03-06 21:44:11,2019-03-06 21:58:57,1,6.52,22.68,11.38,0.42,37.3,yellow,cash,JFK Airport,Brooklyn Navy Yard,Queens,Brooklyn
2019-03-30 09:33:08,2019-03-30 09:50:55,1,2.88,6.6,5.67,0.01,24.33,yellow,credit card,Garment District,Greenpoint,Manhattan,Brooklyn
2019-03-16 13:24:47,2019-03-16 13:39:41,1,2.07,9.55,0.79,0.2,11.6,yellow,cash,Lower East Side,Elmhurst,Manhattan,Queens
2019-03-23 21:24:46,2019-03-23 21:41:00,1,11.91,14.3,0.44,0.11,27.8,yellow,credit card,Greenwich Village North,SoHo,Manhattan,Manhattan
2019-03-26 10:56:57,2019-03-26 11:10:37,1,1.97,5.2,2.63,0.11,21.62,yellow,cash,Central Park,Bushwick North,Manhattan,Brooklyn
2019-03-27 12:56:18,2019-03-27 13:11:01,1,3.51,9.26,0.45,0.53,15.8,yellow,credit card,Lincoln Square West,Penn Station/Madison Sq West,Manhattan,Manhattan
2019-03-31 08:48:16,2019-03-31 09:01:35,6,2.18,3.5,2.75,0.05,10.73,yellow,cash,Battery Park City,Highbridge,Manhattan,Bronx
2019-03-26 00:23:32,2019-03-26 00:40:16,1,0.45,7.5,0.04,0.09,15.03,yellow,credit card,Garment District,Co-Op City,Manhattan,Bronx
2019-02-28 19:56:10,2019-02-28 20:11:33,1,11.64,14.7,0.39,0.2,24.55,yellow,cash,Norwood,Maspeth,Bronx,Queens
2019-03-09 21:23:19,2019-03-09 21:37:42,1,1.58,7.21,2.99,0.09,13.4,yellow,credit card,Midtown North,Stuyvesant Heights,Manhattan,Brooklyn
2019-03-08 09:30:56,2019-03-08 09:46:11,1,4.87,9.2,0.66,0.02,10.57,yellow,cash,Greenwich Village South,Saint Albans,Manhattan,Queens
2019-03-03 10:04:35,2019-03-03 10:21:26,1,1.36,10.5,0.12,0.03,15.74,yellow,credit card,Central Park,Clinton East,Manhattan,Manhattan
2019-03-15 15:46:55,2019-03-15 16:00:15,1,1.89,19.6,5.84,0.04,26.96,yellow,cash,Clinton East,East Village,Manhattan,Manhattan
2019-03-07 22:59:47,2019-03-07 23:14:13,1,10.83,6.67,7.95,0.35,26.0,yellow,credit card,Saint Albans,Ridgewood,Queens,Queens
2019-03-06 01:00:57,2019-03-06 01:16:23,1,11.36,6.9,0.04,0.09,12.46,yellow,cash,East Chelsea,Douglaston,Manhattan,Queens
2019-03-25 10:09:10,2019-03-25 10:24:11,6,0.91,2.9,0.78,0.03,16.2,yellow,credit card,Union Sq,West Village,Manhattan,Manhattan
2019-03-02 12:51:39,2019-03-02 13:06:15,3,1.3,9.9,0.35,0.25,10.9,yellow,cash,Times Sq/Theatre District,Long Island City/Hunters Point,Manhattan,Queens
2019-03-04 01:53:12,2019-03-04 02:08:19,1,3.59,8.61,1.72,0.45,21.3,yellow,credit card,East Village,Middle Village,Manhattan,Queens
2019-03-27 11:56:11,2019-03-27 12:10:15,2,2.3,10.43,3.04,0.01,22.5,yellow,cash,Murray Hill,Williamsbridge/Olinville,Manhattan,Bronx
2019-03-13 07:08:36,2019-03-13 07:23:21,4,1.85,6.0,0.99,0.02,12.56,yellow,credit card,Greenwich Village North,Kew Gardens,Manhattan,Queens
2019-03-04 03:30:42,2019-03-04 03:44:20,1,2.11,8.7,0.57,0.1,21.77,yellow,cash,Penn Station/Madison Sq West,Hunts Point,Manhattan,Bronx
2019-03-08 17:18:49,2019-03-08 17:32:22,4,0.33,4.9,2.49,0.03,8.3,yellow,credit card,Times Sq/Theatre District,Boerum Hill,Manhattan,Brooklyn
2019-03-26 03:52:47,2019-03-26 04:05:26,3,0.25,6.6,1.45,0.04,13.21,yellow,cash,Midtown North,East Elmhurst,Manhattan,Queens
2019-03-20 09:19:32,2019-03-20 09:33:45,2,4.68,19.1,0.76,0.04,21.94,yellow,credit card,Upper West Side North,Meatpacking/West Village West,Manhattan,Manhattan
2019-03-31 08:15:01,2019-03-31 08:28:43,1,3.32,19.8,1.96,0.7,43.16,yellow,cash,Sunnyside,Greenwich Village North,Queens,Manhattan
2019-03-10 15:59:02,2019-03-10 16:12:39,1,2.89,15.28,1.5,0.18,23.9,yellow,credit card,Gramercy,Bayside,Manhattan,Queens
2019-03-28 00:45:10,2019-03-28 00:58:51,1,4.79,21.74,3.37,0.26,86.6,yellow,cash,JFK Airport,Baisley Park,Queens,Queens
2019-03-03 04:49:25,2019-03-03 05:05:05,1,8.92,6.07,1.52,1.3,43.8,yellow,credit card,JFK Airport,South Ozone Park,Queens,Queens
2019-03-24 19:49:18,2019-03-24 20:02:26,3,0.3,8.4,1.86,0.51,18.88,yellow,cash,Upper East Side North,Douglaston,Manhattan,Queens
2019-03-07 13:26:25,2019-03-07 13:41:08,1,4.46,12.8,0.43,0.13,22.78,yellow,credit card,Lenox Hill West,Upper West Side North,Manhattan,Manhattan
2019-03-11 20:43:46,2019-03-11 20:57:02,2,0.61,7.23,3.7,0.09,13.49,yellow,cash,Times Sq/Theatre District,Ocean Hill,Manhattan,Brooklyn
2019-03-31 13:33:40,2019-03-31 13:47:44,1,2.36,9.2,1.97,0.16,19.64,yellow,credit card,Upper West Side South,Madison,Manhattan,Brooklyn
2019-03-02 01:02:30,2019-03-02 01:15:50,1,19.14,8.14,0.84,0.07,54.0,yellow,cash,Park Slope,Midwood,Brooklyn,Brooklyn
2019-03-23 09:14:12,2019-03-23 09:28:52,1,5.35,36.9,0.19,0.47,42.01,yellow,credit card,Brooklyn Heights,Alphabet City,Brooklyn,Manhattan
2019-03-26 04:22:55,2019-03-26 04:36:52,1,2.9,10.7,3.37,0.38,15.7,yellow,cash,Upper East Side North,West Chelsea/Hudson Yards,Manhattan,Manhattan
2019-03-13 11:07:04,2019-03-13 11:23:32,1,7.26,10.9,0.08,0.06,27.94,yellow,credit card,Murray Hill,Two Bridges/Seward Park,Manhattan,Manhattan
2019-03-25 12:19:14,2019-03-25 12:34:44,1,0.56,3.9,0.12,0.75,7.24,yellow,cash,Flatlands,Central Harlem North,Brooklyn,Manhattan
2019-03-27 14:13:23,2019-03-27 14:26:19,1,1.09,15.9,4.03,1.04,29.56,yellow,credit card,LaGuardia Airport,South Jamaica,Queens,Queens
2019-03-08 20:58:42,2019-03-08 21:14:53,1,1.62,12.03,0.1,0.22,13.3,yellow,cash,Greenwich Village North,Saint Albans,Manhattan,Queens
2019-03-20 09:50:19,2019-03-20 10:04:52,1,2.08,12.0,0.41,0.1,13.29,yellow,credit card,Lenox Hill East,Brownsville,Manhattan,Brooklyn
2019-03-01 03:25:43,2019-03-01 03:41:33,1,1.95,7.6,0.96,0.2,9.66,yellow,cash,Flatiron,Marine Park/Mill Basin,Manhattan,Brooklyn
2019-03-01 06:57:46,2019-03-01 07:12:26,1,1.85,24.19,1.02,0.0,32.3,yellow,credit card,Midtown Center,Bayside,Manhattan,Queens
2019-03-30 02:03:56,2019-03-30 02:18:07,2,0.53,11.1,0.5,0.09,14.36,yellow,cash,Gramercy,DUMBO/Vinegar Hill,Manhattan,Brooklyn
2019-03-04 19:30:05,2019-03-04 19:43:25,2,3.08,9.0,1.79,0.09,37.47,yellow,credit card,Lincoln Square East,South Ozone Park,Manhattan,Queens
2019-03-30 10:19:21,2019-03-30 10:31:58,5,9.56,9.49,0.09,0.1,17.3,yellow,cash,University Heights/Morris Heights,Sheepshead Bay,Bronx,Brooklyn
2019-03-26 21:05:26,2019-03-26 21:19:13,1,2.56,6.8,0.65,0.27,33.54,yellow,credit card,Chinatown,Greenwich Village South,Manhattan,Manhattan
2019-03-31 05:24:35,2019-03-31 05:37:42,1,0.52,4.8,1.04,0.2,12.16,yellow,cash,Crown Heights North,Long Island City/Hunters Point,Brooklyn,Queens
2019-03-03 10:11:56,2019-03-03 10:27:08,6,4.59,9.3,1.35,0.09,12.78,yellow,credit card,TriBeCa/Civic Center,University Heights/Morris Heights,Manhattan,Bronx
2019-03-28 22:22:12,2019-03-28 22:36:04,1,2.78,21.35,0.68,0.05,35.8,yellow,cash,East Tremont,Battery Park,Bronx,Manhattan
2019-03-24 10:42:02,2019-03-24 10:56:23,2,0.42,4.91,2.4,0.26,13.46,yellow,credit card,Sutton Place/Turtle Bay North,TriBeCa/Civic Center,Manhattan,Manhattan
2019-03-13 00:02:38,2019-03-13 00:16:59,1,3.93,8.8,1.12,0.14,17.4,yellow,cash,Midtown North,Astoria,Manhattan,Queens
2019-03-22 05:40:05,2019-03-22 05:55:23,1,5.44,6.92,1.34,0.13,7.3,yellow,credit card,Little Italy/NoLiTa,World Trade Center,Manhattan,Manhattan
2019-03-31 10:12:34,2019-03-31 10:27:26,2,1.82,6.7,2.18,0.02,22.29,yellow,cash,Times Sq/Theatre District,Sutton Place/Turtle Bay North,Manhattan,Manhattan
2019-03-09 07:10:42,2019-03-09 07:26:12,1,0.1,17.3,1.38,0.22,27.7,yellow,credit card,Financial District North,East Williamsburg,Manhattan,Brooklyn
2019-03-23 00:10:21,2019-03-23 00:24:46,2,1.09,13.0,4.13,0.02,16.19,yellow,cash,SoHo,West Chelsea/Hudson Yards,Manhattan,Manhattan
2019-03-10 21:16:32,2019-03-10 21:33:15,2,2.31,4.0,0.77,0.21,15.98,yellow,credit card,Lincoln Square West,Sheepshead Bay,Manhattan,Brooklyn
2019-03-02 15:34:53,2019-03-02 15:47:45,1,2.08,10.1,3.24,0.0,16.9,yellow,cash,Penn Station/Madison Sq West,Lower East Side,Manhattan,Manhattan
2019-02-28 23:22:49,2019-02-28 23:38:28,1,0.21,5.0,0.06,0.35,19.13,yellow,credit card,UN/Turtle Bay South,Starrett City,Manhattan,Brooklyn
2019-03-04 23:19:39,2019-03-04 23:32:26,2,1.91,15.73,1.55,0.17,17.8,yellow,cash,Murray Hill,Westchester Village/Unionport,Manhattan,Bronx
2019-03-29 07:29:31,2019-03-29 07:45:00,2,1.48,11.5,1.17,0.4,12.56,yellow,credit card,Penn Station/Madison Sq West,Murray Hill-Queens,Manhattan,Queens
2019-03-29 06:01:24,2019-03-29 06:17:07,1,0.51,7.47,4.79,0.07,15.5,yellow,cash,Lower East Side,East Flushing,Manhattan,Queens
2019-03-21 17:40:18,2019-03-21 17:53:09,1,2.99,14.26,0.03,0.12,21.2,yellow,credit card,Clinton East,SoHo,Manhattan,Manhattan
2019-03-13 05:59:24,2019-03-13 06:14:00,2,3.04,5.1,0.56,0.26,11.9,yellow,cash,Midtown South,Midtown Center,Manhattan,Manhattan
2019-03-29 07:07:20,2019-03-29 07:22:20,1,3.74,5.77,1.76,0.55,6.0,yellow,credit card,Starrett City,Belmont,Brooklyn,Bronx
2019-03-04 15:05:46,2019-03-04 15:23:16,0,0.41,10.9,5.76,0.01,20.09,yellow,cash,East Harlem South,Washington Heights South,Manhattan,Manhattan
2019-03-11 14:52:56,2019-03-11 15:06:40,1,0.52,18.93,2.66,0.04,20.4,yellow,credit card,Central Harlem North,Highbridge,Manhattan,Bronx
2019-03-07 20:33:47,2019-03-07 20:46:49,1,0.71,18.9,2.46,0.34,29.82,yellow,cash,Upper West Side South,Queens Village,Manhattan,Queens
2019-03-21 10:30:13,2019-03-21 10:45:16,2,3.05,12.1,1.36,0.11,33.31,yellow,credit card,Lenox Hill East,Steinway,Manhattan,Queens
2019-03-31 23:13:16,2019-03-31 23:26:27,1,11.94,21.44,1.55,2.19,34.2,yellow,cash,JFK Airport,Oakland Gardens,Queens,Queens
2019-03-03 07:18:41,2019-03-03 07:33:22,1,5.4,14.09,8.68,0.14,19.2,yellow,credit card,JFK Airport,Fresh Meadows,Queens,Queens
2019-03-29 06:50:14,2019-03-29 07:05:09,1,0.67,5.0,1.12,0.04,10.16,yellow,cash,Morningside Heights,Hamilton Heights,Manhattan,Manhattan
2019-03-30 03:53:38,2019-03-30 04:07:43,1,0.12,13.7,1.77,0.07,14.8,yellow,credit card,Lenox Hill East,Lenox Hill East,Manhattan,Manhattan
2019-03-25 10:56:03,2019-03-25 11:06:56,5,2.28,10.85,5.12,0.0,16.2,yellow,cash,Garment District,Long Island City/Queens Plaza,Manhattan,Queens
2019-03-30 18:21:08,2019-03-30 18:38:20,3,2.26,12.7,0.45,0.06,53.3,yellow,credit card,Co-Op City,Red Hook,Bronx,Brooklyn
2019-03-11 17:48:42,2019-03-11 18:04:07,1,6.94,6.2,3.27,0.03,20.72,yellow,cash,Upper West Side South,Bedford,Manhattan,Brooklyn
2019-03-18 14:03:07,2019-03-18 14:17:05,1,1.68,4.9,0.39,0.01,25.74,yellow,credit card,Times Sq/Theatre District,Yorkville East,Manhattan,Manhattan
2019-03-16 17:02:04,2019-03-16 17:14:13,2,0.36,20.71,0.14,0.29,29.1,yellow,cash,Fort Greene,Cypress Hills,Brooklyn,Brooklyn
2019-03-21 16:37:33,2019-03-21 16:52:20,1,0.33,13.0,1.9,0.27,18.88,yellow,credit card,Hamilton Heights,Bensonhurst East,Manhattan,Brooklyn
2019-03-11 13:43:46,2019-03-11 13:59:42,1,1.04,8.1,1.7,0.07,15.54,yellow,cash,Yorkville East,Kew Gardens,Manhattan,Queens
2019-03-13 03:52:39,2019-03-13 04:07:57,1,5.59,5.4,4.3,0.2,5.49,yellow,credit card,Central Harlem,Long Island City/Queens Plaza,Manhattan,Queens
2019-03-02 04:29:20,2019-03-02 04:43:05,1,2.54,25.6,0.31,0.2,31.17,yellow,cash,Madison,Belmont,Brooklyn,Bronx
2019-03-09 02:42:19,2019-03-09 02:57:41,3,9.63,8.9,0.66,0.23,9.66,yellow,credit card,Murray Hill,East Flushing,Manhattan,Queens
2019-03-03 10:49:56,2019-03-03 11:04:50,2,4.09,15.89,1.42,0.12,24.7,yellow,cash,Gramercy,Upper East Side South,Manhattan,Manhattan
2019-03-07 18:45:17,2019-03-07 18:59:03,2,3.08,4.36,4.0,0.26,16.22,yellow,credit card,Lincoln Square East,Clinton Hill,Manhattan,Brooklyn
2019-03-27 05:30:45,2019-03-27 05:45:27,1,7.3,7.5,0.88,0.36,14.58,yellow,cash,Midtown East,Bensonhurst West,Manhattan,Brooklyn
2019-03-01 00:01:12,2019-03-01 00:17:10,1,6.99,10.23,0.27,0.1,11.7,yellow,credit card,Midtown South,Dyker Heights,Manhattan,Brooklyn
2019-03-11 01:57:05,2019-03-11 02:10:23,1,1.35,12.9,1.53,0.09,16.1,yellow,cash,East Village,Hillcrest/Pomonok,Manhattan,Queens
2019-03-01 14:46:14,2019-03-01 14:59:07,1,0.03,11.5,3.76,0.0,13.66,yellow,credit card,Clinton Hill,East Elmhurst,Brooklyn,Queens
2019-03-29 04:24:20,2019-03-29 04:37:37,1,4.25,16.35,1.45,0.01,22.8,yellow,cash,West Chelsea/Hudson Yards,Williamsbridge/Olinville,Manhattan,Bronx
2019-03-20 05:50:30,2019-03-20 06:05:25,1,9.25,9.0,0.87,0.02,13.21,yellow,credit card,Central Harlem,Clinton East,Manhattan,Manhattan
2019-03-05 15:22:25,2019-03-05 15:37:35,1,0.2,9.2,1.55,0.11,18.47,yellow,cash,Greenwich Village North,Central Park,Manhattan,Manhattan
2019-03-10 22:50:51,2019-03-10 23:07:01,1,7.8,6.6,1.96,0.24,18.64,yellow,credit card,West Village,East Harlem South,Manhattan,Manhattan
2019-03-13 07:52:19,2019-03-13 08:08:14,1,2.91,6.4,6.57,1.0,24.9,yellow,cash,Astoria,Sutton Place/Turtle Bay North,Queens,Manhattan
2019-03-28 01:19:42,2019-03-28 01:35:35,3,0.06,4.0,0.79,0.41,15.37,yellow,credit card,East Village,Clinton Hill,Manhattan,Brooklyn
2019-03-21 21:56:50,2019-03-21 22:11:47,1,0.37,7.8,0.08,0.23,20.68,yellow,cash,Midtown South,Stuy Town/Peter Cooper Village,Manhattan,Manhattan
2019-03-16 20:34:05,2019-03-16 20:47:36,1,8.02,6.6,5.8,0.95,51.04,yellow,credit card,Steinway,Central Harlem North,Queens,Manhattan
2019-03-03 15:12:44,2019-03-03 15:25:59,1,0.09,13.92,2.14,0.03,17.8,yellow,cash,East Village,Norwood,Manhattan,Bronx
2019-03-21 18:15:26,2019-03-21 18:29:33,3,0.82,6.2,1.57,0.04,25.46,yellow,credit card,Midtown Center,Lincoln Square West,Manhattan,Manhattan
2019-03-07 21:38:21,2019-03-07 21:51:47,2,1.74,3.5,1.88,0.18,10.14,yellow,cash,East Harlem South,Midtown North,Manhattan,Manhattan
2019-03-22 23:30:49,2019-03-22 23:46:08,1,8.0,8.8,1.0,0.17,17.13,yellow,credit card,West Village,Madison,Manhattan,Brooklyn
2019-03-12 03:36:12,2019-03-12 03:49:06,1,1.22,5.1,3.51,0.04,24.09,yellow,cash,Morningside Heights,East Flushing,Manhattan,Queens
2019-03-26 21:08:30,2019-03-26 21:22:19,1,2.19,8.25,0.61,0.01,20.8,yellow,credit card,Times Sq/Theatre District,Central Harlem North,Manhattan,Manhattan
2019-03-26 03:55:06,2019-03-26 04:09:46,1,0.14,13.8,0.23,0.02,15.63,yellow,cash,Lenox Hill West,East Elmhurst,Manhattan,Queens
2019-03-23 06:49:45,2019-03-23 07:02:31,1,1.87,7.3,0.73,0.2,8.75,yellow,credit card,Yorkville West,West Village,Manhattan,Manhattan
2019-03-28 08:10:46,2019-03-28 08:26:32,1,10.56,14.7,1.26,3.97,27.5,yellow,cash,JFK Airport,Little Italy/NoLiTa,Queens,Manhattan
2019-03-02 07:30:50,2019-03-02 07:45:00,1,0.24,14.14,0.71,0.11,24.6,yellow,credit card,TriBeCa/Civic Center,Marine Park/Mill Basin,Manhattan,Brooklyn
2019-03-10 18:47:23,2019-03-10 19:02:31,1,6.1,7.9,1.38,0.09,10.9,yellow,cash,East Village,Bloomingdale,Manhattan,Manhattan
2019-03-04 20:10:03,2019-03-04 20:23:38,1,13.88,22.4,1.02,0.78,23.41,yellow,credit card,JFK Airport,Springfield Gardens South,Queens,Queens
2019-03-24 01:19:35,2019-03-24 01:34:41,1,2.98,16.2,0.02,0.05,23.62,yellow,cash,World Trade Center,Morningside Heights,Manhattan,Manhattan
2019-03-27 02:18:21,2019-03-27 02:34:02,1,3.51,12.7,0.59,0.03,49.18,yellow,credit card,West Chelsea/Hudson Yards,Prospect-Lefferts Gardens,Manhattan,Brooklyn
2019-03-10 04:43:58,2019-03-10 04:59:19,2,4.42,8.23,3.07,0.14,13.6,yellow,cash,Garment District,Saint Albans,Manhattan,Queens
2019-03-28 02:03:41,2019-03-28 02:20:12,2,4.11,17.6,0.99,0.13,26.7,yellow,credit card,Manhattan Valley,Steinway,Manhattan,Queens
2019-03-23 15:46:08,2019-03-23 16:00:43,1,2.58,14.4,1.07,0.1,26.54,yellow,cash,Brooklyn Heights,Washington Heights South,Brooklyn,Manhattan
2019-03-20 22:28:34,2019-03-20 22:43:00,1,0.33,11.8,0.05,1.97,69.51,yellow,credit card,Morrisania/Melrose,Midtown East,Bronx,Manhattan
2019-03-28 13:08:59,2019-03-28 13:19:29,1,0.48,10.7,1.72,0.14,22.49,yellow,cash,Morningside Heights,Sheepshead Bay,Manhattan,Brooklyn
2019-03-16 16:22:54,2019-03-16 16:35:22,1,0.43,7.47,1.16,0.06,11.7,yellow,credit card,East Village,Rego Park,Manhattan,Queens
2019-03-21 17:25:12,2019-03-21 17:39:28,1,6.97,11.9,0.65,0.11,18.62,yellow,cash,SoHo,Saint Albans,Manhattan,Queens
2019-03-23 03:03:34,2019-03-23 03:16:09,1,3.98,15.95,0.65,0.08,21.9,yellow,credit card,Downtown Brooklyn/MetroTech,East Williamsburg,Brooklyn,Brooklyn
2019-03-01 11:23:03,2019-03-01 11:37:21,1,0.18,5.97,0.45,0.13,12.9,yellow,cash,Boerum Hill,Long Island City/Queens Plaza,Brooklyn,Queens
2019-02-28 12:51:27,2019-02-28 13:06:40,6,0.37,6.54,1.3,0.0,10.3,yellow,credit card,East Harlem North,Hunts Point,Manhattan,Bronx
2019-03-20 07:00:14,2019-03-20 07:13:48,1,2.48,9.06,3.21,0.23,19.0,yellow,cash,Murray Hill,East Elmhurst,Manhattan,Queens
2019-03-27 04:51:39,2019-03-27 05:05:42,1,6.74,13.7,2.12,1.7,65.22,yellow,credit card,Jamaica,DUMBO/Vinegar Hill,Queens,Brooklyn
2019-03-06 10:00:50,2019-03-06 10:15:03,3,9.8,13.8,1.98,0.05,15.44,yellow,cash,Lincoln Square East,Bushwick South,Manhattan,Brooklyn
2019-03-19 08:59:57,2019-03-19 09:13:50,5,0.63,5.11,4.8,0.18,10.27,yellow,credit card,Clinton East,Highbridge,Manhattan,Bronx
2019-03-19 15:29:16,2019-03-19 15:43:30,1,4.61,3.29,7.02,1.91,9.3,yellow,cash,LaGuardia Airport,Bensonhurst East,Queens,Brooklyn
2019-03-17 04:53:15,2019-03-17 05:09:11,6,1.33,8.94,0.58,0.11,15.0,yellow,credit card,Midtown Center,Madison,Manhattan,Brooklyn
2019-03-04 00:56:48,2019-03-04 01:09:39,1,1.32,15.97,0.96,0.29,20.8,yellow,cash,Upper West Side South,East Chelsea,Manhattan,Manhattan
2019-03-09 14:18:25,2019-03-09 14:34:57,2,0.67,6.2,2.69,0.06,18.43,yellow,credit card,Yorkville East,Hillcrest/Pomonok,Manhattan,Queens
2019-03-12 15:20:07,2019-03-12 15:33:43,1,6.13,8.3,0.11,0.1,14.66,yellow,cash,Park Slope,Kips Bay,Brooklyn,Manhattan
2019-03-16 21:54:41,2019-03-16 22:07:19,1,10.76,16.74,0.16,0.17,22.1,yellow,credit card,Sutton Place/Turtle Bay North,Crown Heights South,Manhattan,Brooklyn
2019-03-17 07:40:52,2019-03-17 07:55:38,1,25.2,26.6,1.39,5.43,39.22,yellow,cash,JFK Airport,Canarsie,Queens,Brooklyn
2019-03-03 15:15:52,2019-03-03 15:26:42,1,0.81,6.3,1.08,1.14,44.37,yellow,credit card,LaGuardia Airport,Hillcrest/Pomonok,Queens,Queens
2019-03-03 07:38:33,2019-03-03 07:50:36,1,2.29,3.4,3.34,0.01,8.23,yellow,cash,Union Sq,Morningside Heights,Manhattan,Manhattan
2019-03-03 06:17:00,2019-03-03 06:32:46,2,1.39,4.1,3.64,0.04,28.47,yellow,credit card,TriBeCa/Civic Center,East Elmhurst,Manhattan,Queens
2019-03-13 03:37:48,2019-03-13 03:52:12,1,2.28,19.11,0.63,0.03,21.8,yellow,cash,East Harlem North,Marine Park/Mill Basin,Manhattan,Brooklyn
2019-03-07 00:52:40,2019-03-07 01:02:34,2,3.09,13.2,1.21,0.1,17.09,yellow,credit card,Crown Heights North,Canarsie,Brooklyn,Brooklyn
2019-03-20 23:39:12,2019-03-20 23:55:02,1,0.32,4.44,4.49,0.08,13.9,yellow,cash,East Chelsea,Morrisania/Melrose,Manhattan,Bronx
2019-03-02 18:53:03,2019-03-02 19:05:50,1,0.32,8.33,0.62,0.03,11.8,yellow,credit card,East Harlem South,Williamsburg (South Side),Manhattan,Brooklyn
2019-03-17 11:44:34,2019-03-17 11:58:16,1,8.61,19.2,2.28,0.04,28.26,yellow,cash,Union Sq,Marble Hill,Manhattan,Manhattan
2019-03-14 20:50:09,2019-03-14 21:07:20,1,4.69,3.88,0.06,0.05,8.3,yellow,credit card,Central Park,Yorkville East,Manhattan,Manhattan
2019-03-21 16:50:29,2019-03-21 17:04:14,1,1.7,8.5,1.6,0.12,36.0,yellow,cash,UN/Turtle Bay South,Bloomingdale,Manhattan,Manhattan
2019-03-26 15:51:33,2019-03-26 16:06:56,1,1.16,6.4,0.09,0.06,14.69,yellow,credit card,Kips Bay,Greenpoint,Manhattan,Brooklyn
2019-03-19 21:13:39,2019-03-19 21:26:59,1,0.31,14.0,3.44,0.07,17.31,yellow,cash,Sutton Place/Turtle Bay North,Stuyvesant Heights,Manhattan,Brooklyn
2019-02-28 23:28:08,2019-02-28 23:42:00,1,7.71,4.9,2.86,3.56,41.39,yellow,credit card,Woodside,Gravesend,Queens,Brooklyn
2019-03-06 00:51:22,2019-03-06 01:03:52,1,1.04,12.0,1.02,0.06,12.4,yellow,cash,Upper East Side North,Lower East Side,Manhattan,Manhattan
2019-03-28 14:09:14,2019-03-28 14:23:23,1,2.17,9.1,0.52,0.04,21.66,yellow,credit card,Morningside Heights,Cobble Hill,Manhattan,Brooklyn
2019-03-26 21:02:32,2019-03-26 21:18:11,1,0.16,6.3,0.56,0.28,13.17,yellow,cash,Central Harlem North,Dyker Heights,Manhattan,Brooklyn
2019-03-08 02:38:57,2019-03-08 02:54:30,2,0.22,7.93,6.1,0.05,12.32,yellow,credit card,Upper East Side South,Ridgewood,Manhattan,Queens
2019-03-31 17:47:34,2019-03-31 18:01:35,1,0.02,11.8,0.58,0.36,15.29,yellow,cash,Upper East Side South,Williamsburg (North Side),Manhattan,Brooklyn
2019-03-07 20:33:44,2019-03-07 20:45:46,4,1.22,5.0,1.79,0.07,14.52,yellow,credit card,Union Sq,Roosevelt Island,Manhattan,Manhattan
2019-03-13 18:39:36,2019-03-13 18:55:23,1,5.68,6.2,0.12,0.06,18.24,yellow,cash,Midtown South,Manhattan Beach,Manhattan,Brooklyn
2019-03-26 21:44:48,2019-03-26 21:59:00,1,0.71,13.16,0.04,0.17,13.4,yellow,credit card,Upper West Side South,Steinway,Manhattan,Queens
2019-03-16 09:45:40,2019-03-16 09:59:35,5,1.75,5.8,1.84,0.05,20.9,yellow,cash,Midtown Center,Kingsbridge Heights,Manhattan,Bronx
2019-03-25 19:26:46,2019-03-25 19:40:27,1,7.42,6.7,0.57,0.04,11.2,yellow,credit card,Sutton Place/Turtle Bay North,Flushing,Manhattan,Queens
2019-03-16 18:05:29,2019-03-16 18:17:43,1,0.67,3.83,2.2,0.16,11.53,yellow,cash,Midtown East,Gowanus,Manhattan,Brooklyn
2019-03-13 16:43:01,2019-03-13 16:57:31,1,3.42,4.0,1.85,0.02,10.15,yellow,credit card,Sutton Place/Turtle Bay North,Bath Beach,Manhattan,Brooklyn
2019-03-01 00:28:43,2019-03-01 00:43:42,1,0.56,17.74,2.6,0.04,20.6,yellow,cash,Upper East Side North,Fort Greene,Manhattan,Brooklyn
2019-03-25 13:38:42,2019-03-25 13:55:06,1,2.57,13.63,0.45,0.13,14.1,yellow,credit card,Greenwich Village North,Hillcrest/Pomonok,Manhattan,Queens
2019-03-24 16:07:51,2019-03-24 16:24:10,1,2.04,14.0,4.91,1.04,39.01,yellow,cash,Elmhurst,Brownsville,Queens,Brooklyn
2019-03-16 23:08:51,2019-03-16 23:23:18,2,0.53,7.8,0.45,0.09,27.08,yellow,credit card,Gramercy,Boerum Hill,Manhattan,Brooklyn
2019-03-07 04:53:43,2019-03-07 05:07:19,2,0.54,5.9,0.25,0.41,12.34,yellow,cash,Old Astoria,Corona,Queens,Queens
2019-03-09 10:21:16,2019-03-09 10:36:16,2,0.77,7.2,1.31,0.25,12.32,yellow,credit card,Kips Bay,Williamsburg (North Side),Manhattan,Brooklyn
2019-03-07 17:51:41,2019-03-07 18:04:14,5,7.92,26.8,0.7,1.64,45.22,yellow,cash,Queensbridge/Ravenswood,Baisley Park,Queens,Queens
2019-03-04 11:59:53,2019-03-04 12:14:29,2,0.6,6.1,0.59,0.97,20.0,yellow,credit card,Morningside Heights,Madison,Manhattan,Brooklyn
2019-03-04 08:09:32,2019-03-04 08:22:37,2,2.9,11.8,2.79,0.13,16.37,yellow,cash,Penn Station/Madison Sq West,Union Sq,Manhattan,Manhattan
2019-03-31 12:56:05,2019-03-31 13:07:30,1,2.01,10.7,0.63,0.23,23.26,yellow,credit card,Upper East Side North,SoHo,Manhattan,Manhattan
2019-03-29 21:26:32,2019-03-29 21:40:43,2,2.71,10.98,2.9,0.08,28.4,yellow,cash,South Williamsburg,World Trade Center,Brooklyn,Manhattan
2019-03-17 21:12:59,2019-03-17 21:27:16,1,7.18,10.7,1.44,0.1,18.57,yellow,credit card,Upper East Side North,World Trade Center,Manhattan,Manhattan
2019-03-26 11:26:49,2019-03-26 11:42:12,1,2.23,8.31,1.66,0.0,14.5,yellow,cash,Midtown Center,Midtown Center,Manhattan,Manhattan
2019-03-28 05:51:29,2019-03-28 06:06:34,1,2.65,5.8,1.8,0.06,23.43,yellow,credit card,Penn Station/Madison Sq West,Woodhaven,Manhattan,Queens
2019-03-12 00:53:10,2019-03-12 01:06:54,1,11.69,16.75,13.21,0.41,29.3,yellow,cash,LaGuardia Airport,East Flatbush/Remsen Village,Queens,Brooklyn
2019-03-26 19:06:12,2019-03-26 19:20:58,1,1.14,5.8,4.91,0.13,13.9,yellow,credit card,Flatiron,Washington Heights North,Manhattan,Manhattan
2019-03-25 18:47:19,2019-03-25 18:59:41,1,0.5,12.4,0.01,0.14,18.17,yellow,cash,Midtown South,Jamaica,Manhattan,Queens
2019-03-19 06:40:59,2019-03-19 06:54:42,1,1.64,5.4,0.06,0.91,11.15,yellow,credit card,Sunset Park West,Kew Gardens Hills,Brooklyn,Queens
2019-03-25 12:41:50,2019-03-25 12:56:55,1,2.19,8.3,0.38,0.21,11.02,yellow,cash,Manhattan Valley,Garment District,Manhattan,Manhattan
2019-03-10 21:39:03,2019-03-10 21:50:43,1,5.7,4.3,2.12,0.15,10.13,yellow,credit card,Lenox Hill East,Union Sq,Manhattan,Manhattan
2019-03-25 02:09:33,2019-03-25 02:21:19,1,2.83,11.69,0.54,0.02,20.6,yellow,cash,East Chelsea,East Harlem North,Manhattan,Manhattan
2019-03-18 01:49:23,2019-03-18 02:04:10,1,1.65,5.8,0.23,0.01,18.12,yellow,credit card,Upper East Side South,Woodlawn/Wakefield,Manhattan,Bronx
2019-03-31 22:31:16,2019-03-31 22:47:03,1,6.75,24.15,0.05,0.22,24.3,yellow,cash,LaGuardia Airport,Midtown Center,Queens,Manhattan
2019-03-20 20:29:47,2019-03-20 20:46:45,1,5.96,20.6,4.74,0.15,36.82,yellow,credit card,Jamaica,Prospect-Lefferts Gardens,Queens,Brooklyn
2019-03-07 12:29:55,2019-03-07 12:46:13,1,0.83,13.2,5.17,0.12,25.36,yellow,cash,Greenwich Village North,Inwood,Manhattan,Manhattan
2019-03-07 07:32:21,2019-03-07 07:45:31,1,1.49,8.45,1.85,0.17,14.5,yellow,credit card,Penn Station/Madison Sq West,Mott Haven/Port Morris,Manhattan,Bronx
2019-03-26 22:47:39,2019-03-26 23:00:11,1,0.82,6.1,3.13,0.17,7.46,yellow,cash,Upper East Side North,West Concourse,Manhattan,Bronx
2019-03-16 10:23:00,2019-03-16 10:37:23,6,2.06,5.0,0.36,0.03,11.56,yellow,credit card,Bloomingdale,Battery Park City,Manhattan,Manhattan
2019-03-14 21:56:44,2019-03-14 22:09:01,1,2.71,7.94,0.14,0.17,8.2,yellow,cash,West Chelsea/Hudson Yards,Woodlawn/Wakefield,Manhattan,Bronx
2019-03-17 17:15:43,2019-03-17 17:30:51,3,1.94,12.1,1.37,0.1,13.68,yellow,credit card,TriBeCa/Civic Center,Kips Bay,Manhattan,Manhattan
2019-03-03 19:42:36,2019-03-03 19:55:27,1,0.05,5.3,5.18,0.02,9.39,yellow,cash,Sutton Place/Turtle Bay North,Roosevelt Island,Manhattan,Manhattan
2019-03-16 00:19:56,2019-03-16 00:33:00,2,5.48,6.6,0.68,0.1,17.9,yellow,credit card,Lenox Hill West,Kingsbridge Heights,Manhattan,Bronx
2019-03-07 12:00:21,2019-03-07 12:14:04,3,1.47,9.1,0.68,0.06,16.33,yellow,cash,Midtown East,Financial District North,Manhattan,Manhattan
2019-03-13 05:19:35,2019-03-13 05:31:56,1,6.73,4.96,3.08,0.39,6.6,yellow,credit card,Boerum Hill,East Harlem South,Brooklyn,Manhattan
2019-03-11 22:07:47,2019-03-11 22:23:47,1,0.25,15.2,2.39,0.01,15.82,yellow,cash,Yorkville West,Kew Gardens Hills,Manhattan,Queens
2019-03-18 07:02:07,2019-03-18 07:18:12,2,0.99,1.3,0.71,1.64,6.8,yellow,credit card,Jamaica Estates,South Ozone Park,Queens,Queens
2019-03-15 08:32:37,2019-03-15 08:48:04,1,0.0,5.77,0.56,0.22,9.2,yellow,cash,Union Sq,Steinway,Manhattan,Queens
2019-03-17 10:41:44,2019-03-17 10:56:30,1,1.77,5.9,0.44,0.02,24.9,yellow,credit card,Lincoln Square West,Battery Park City,Manhattan,Manhattan
2019-03-01 14:38:13,2019-03-01 14:51:49,5,4.52,12.3,0.35,0.01,18.15,yellow,cash,Midtown South,South Ozone Park,Manhattan,Queens
2019-03-31 08:34:21,2019-03-31 08:48:14,3,6.15,12.8,2.11,0.07,28.1,yellow,credit card,West Village,Battery Park,Manhattan,Manhattan
2019-03-06 19:45:23,2019-03-06 20:00:42,1,0.66,6.6,0.44,0.2,14.25,yellow,cash,Union Sq,Murray Hill-Queens,Manhattan,Queens
2019-03-09 13:19:07,2019-03-09 13:35:09,1,5.87,16.4,0.95,0.01,23.14,yellow,credit card,Midtown East,Washington Heights North,Manhattan,Manhattan
2019-03-19 10:29:40,2019-03-19 10:44:31,2,2.03,6.4,2.79,0.19,32.91,yellow,cash,Clinton East,East Harlem South,Manhattan,Manhattan
2019-03-16 06:44:07,2019-03-16 06:58:00,1,8.08,8.64,0.3,0.27,43.3,yellow,credit card,Coney Island,Prospect Heights,Brooklyn,Brooklyn
2019-03-06 04:24:30,2019-03-06 04:38:58,5,5.01,8.0,0.29,0.03,20.17,yellow,cash,Murray Hill,Flatlands,Manhattan,Brooklyn
2019-03-29 00:05:05,2019-03-29 00:19:41,2,3.01,10.05,3.82,0.22,10.6,yellow,credit card,Yorkville West,Williamsburg (South Side),Manhattan,Brooklyn
2019-03-03 23:43:02,2019-03-03 23:57:10,1,1.99,13.15,1.06,0.03,42.8,yellow,cash,Williamsburg (South Side),Jamaica Estates,Brooklyn,Queens
2019-03-28 09:25:28,2019-03-28 09:38:26,1,0.89,7.96,0.72,0.1,9.2,yellow,credit card,Midtown Center,Oakland Gardens,Manhattan,Queens
2019-03-28 07:09:09,2019-03-28 07:24:42,1,0.03,9.8,2.27,0.03,12.25,yellow,cash,Upper East Side North,Starrett City,Manhattan,Brooklyn
2019-03-01 17:38:56,2019-03-01 17:53:13,1,4.64,23.3,0.05,3.32,33.56,yellow,credit card,Elmhurst,Starrett City,Queens,Brooklyn
2019-03-06 20:45:27,2019-03-06 21:00:34,6,2.9,4.62,4.5,0.12,16.16,yellow,cash,Little Italy/NoLiTa,Astoria,Manhattan,Queens
2019-03-24 11:22:03,2019-03-24 11:37:11,5,7.34,7.1,0.98,0.21,10.91,yellow,credit card,Midwood,DUMBO/Vinegar Hill,Brooklyn,Brooklyn
2019-03-12 18:40:07,2019-03-12 18:52:50,2,1.79,9.77,2.63,0.22,25.4,yellow,cash,Central Park,Inwood,Manhattan,Manhattan
2019-03-09 05:21:47,2019-03-09 05:38:15,1,12.06,4.4,0.94,0.18,11.34,yellow,credit card,Upper East Side South,Garment District,Manhattan,Manhattan
2019-03-12 00:15:27,2019-03-12 00:31:02,1,7.28,8.3,1.61,0.25,14.0,yellow,cash,Clinton East,Baisley Park,Manhattan,Queens
2019-03-06 15:14:33,2019-03-06 15:29:24,2,3.19,10.1,0.37,0.01,13.77,yellow,credit card,UN/Turtle Bay South,Little Italy/NoLiTa,Manhattan,Manhattan
2019-03-09 11:06:25,2019-03-09 11:21:46,1,0.95,9.5,7.93,0.05,14.64,yellow,cash,Upper West Side North,Jamaica Estates,Manhattan,Queens
2019-03-05 09:44:56,2019-03-05 09:59:53,1,1.17,9.24,2.45,0.03,15.0,yellow,credit card,Flatiron,East Village,Manhattan,Manhattan
2019-03-17 16:14:08,2019-03-17 16:31:19,1,12.72,14.7,1.43,0.16,29.63,yellow,cash,Midtown North,Central Harlem,Manhattan,Manhattan
2019-03-21 06:04:11,2019-03-21 06:20:01,1,5.24,6.8,0.8,0.19,21.84,yellow,credit card,UN/Turtle Bay South,Queensboro Hill,Manhattan,Queens
2019-03-19 21:29:02,2019-03-19 21:46:15,0,5.01,41.39,2.75,0.04,45.8,yellow,cash,Jamaica,Greenwich Village South,Queens,Manhattan
2019-03-29 18:52:08,2019-03-29 19:07:47,1,23.34,17.8,3.26,0.29,59.02,yellow,credit card,Brooklyn Heights,Randalls Island,Brooklyn,Manhattan
2019-03-27 01:26:37,2019-03-27 01:39:50,1,6.49,17.96,0.35,0.55,37.7,yellow,cash,Woodside,Prospect Heights,Queens,Brooklyn
2019-03-13 07:58:19,2019-03-13 08:12:33,2,1.9,13.04,0.02,0.01,15.1,yellow,credit card,Midtown South,Old Astoria,Manhattan,Queens
2019-03-05 19:06:46,2019-03-05 19:21:53,1,4.03,5.83,11.23,0.92,63.8,yellow,cash,Woodside,Soundview/Bruckner,Queens,Bronx
2019-02-28 01:59:21,2019-02-28 02:14:01,2,7.28,19.6,3.43,4.45,39.44,yellow,credit card,LaGuardia Airport,Brooklyn Heights,Queens,Brooklyn
2019-03-12 14:44:01,2019-03-12 14:58:36,1,2.36,8.7,4.53,0.21,21.09,yellow,cash,Midtown Center,Long Island City/Hunters Point,Manhattan,Queens
2019-03-16 10:37:37,2019-03-16 10:52:11,0,3.17,10.2,0.88,0.14,24.23,yellow,credit card,Clinton East,World Trade Center,Manhattan,Manhattan
2019-03-19 23:46:50,2019-03-20 00:01:28,1,6.53,7.2,1.02,0.02,8.79,yellow,cash,Times Sq/Theatre District,Cobble Hill,Manhattan,Brooklyn
2019-03-11 10:20:32,2019-03-11 10:34:59,1,0.09,5.2,1.28,0.18,22.68,yellow,credit card,Murray Hill,Yorkville East,Manhattan,Manhattan
2019-03-26 08:39:17,2019-03-26 08:53:23,4,1.78,14.5,2.36,0.08,22.61,yellow,cash,Lincoln Square East,Woodlawn/Wakefield,Manhattan,Bronx
2019-03-23 12:27:18,2019-03-23 12:43:46,1,2.38,13.7,1.09,0.19,30.77,yellow,credit card,Midtown Center,Battery Park City,Manhattan,Manhattan
2019-03-25 19:15:55,2019-03-25 19:29:33,4,2.15,19.5,5.49,0.45,55.24,yellow,cash,JFK Airport,Brownsville,Queens,Brooklyn
2019-03-19 05:53:33,2019-03-19 06:06:20,1,1.09,7.97,2.37,0.01,15.9,yellow,credit card,UN/Turtle Bay South,Lincoln Square East,Manhattan,Manhattan
2019-03-24 21:04:44,2019-03-24 21:18:36,5,1.43,7.2,0.12,0.24,18.62,yellow,cash,Upper East Side North,College Point,Manhattan,Queens
2019-03-20 05:26:23,2019-03-20 05:38:54,2,1.46,8.9,0.73,0.1,20.03,yellow,credit card,Upper East Side South,West Brighton,Manhattan,Staten Island
2019-03-11 18:59:57,2019-03-11 19:15:46,2,4.67,9.5,1.63,0.07,18.61,yellow,cash,UN/Turtle Bay South,Murray Hill-Queens,Manhattan,Queens
2019-03-08 01:19:52,2019-03-08 01:33:47,4,3.38,7.78,0.78,0.01,12.0,yellow,credit card,Clinton West,Ridgewood,Manhattan,Queens
2019-03-31 09:24:00,2019-03-31 09:39:03,1,0.71,7.3,1.65,0.04,12.46,yellow,cash,Hudson Sq,Clinton West,Manhattan,Manhattan
2019-03-22 10:25:08,2019-03-22 10:40:31,4,3.07,8.94,0.1,0.11,14.6,yellow,credit card,Upper East Side North,Flatbush/Ditmas Park,Manhattan,Brooklyn
2019-03-24 03:29:24,2019-03-24 03:42:09,1,11.55,19.7,1.64,0.0,25.21,yellow,cash,UN/Turtle Bay South,Morningside Heights,Manhattan,Manhattan
2019-03-02 01:08:48,2019-03-02 01:22:50,1,3.93,28.3,1.43,1.41,36.35,yellow,credit card,Jackson Heights,Midtown East,Queens,Manhattan
2019-03-13 20:41:37,2019-03-13 20:55:42,5,2.48,5.32,3.3,0.22,9.23,yellow,cash,Lower East Side,Two Bridges/Seward Park,Manhattan,Manhattan
2019-03-08 17:02:56,2019-03-08 17:14:21,1,1.99,16.32,0.81,0.43,21.0,yellow,credit card,Hudson Sq,Morningside Heights,Manhattan,Manhattan
2019-03-15 02:34:36,2019-03-15 02:49:07,5,2.31,5.7,0.02,0.08,12.8,yellow,cash,Clinton Hill,Flatlands,Brooklyn,Brooklyn
2019-03-27 05:52:07,2019-03-27 06:06:23,1,1.76,8.4,0.87,0.11,13.61,yellow,credit card,Times Sq/Theatre District,Riverdale/North Riverdale/Fieldston,Manhattan,Bronx
2019-03-05 02:36:58,2019-03-05 02:51:05,5,2.7,10.9,1.27,1.53,27.58,yellow,cash,Astoria,Fresh Meadows,Queens,Queens
2019-03-16 19:05:47,2019-03-16 19:18:30,3,1.94,6.0,1.01,0.45,21.15,yellow,credit card,Lenox Hill East,Woodhaven,Manhattan,Queens
2019-03-10 22:47:42,2019-03-10 23:01:46,1,1.43,5.47,3.7,0.0,11.09,yellow,cash,Penn Station/Madison Sq West,East Harlem North,Manhattan,Manhattan
2019-02-28 02:16:10,2019-02-28 02:31:23,2,1.49,18.66,0.11,0.21,26.3,yellow,credit card,Union Sq,Belmont,Manhattan,Bronx
2019-03-29 10:52:05,2019-03-29 11:07:48,1,2.94,5.1,0.14,0.08,33.26,yellow,cash,Lenox Hill East,Allerton/Pelham Gardens,Manhattan,Bronx
2019-03-06 12:08:59,2019-03-06 12:22:19,1,0.07,10.86,1.63,0.1,11.4,yellow,credit card,Midtown East,East Concourse/Concourse Village,Manhattan,Bronx
2019-03-22 18:58:02,2019-03-22 19:13:46,1,10.41,18.48,6.17,3.84,25.0,yellow,cash,LaGuardia Airport,Van Nest/Morris Park,Queens,Bronx
2019-03-10 17:26:45,2019-03-10 17:41:05,2,0.76,6.0,0.1,0.07,25.53,yellow,credit card,Penn Station/Madison Sq West,University Heights/Morris Heights,Manhattan,Bronx
2019-03-24 13:49:11,2019-03-24 14:05:07,2,3.88,3.2,0.25,0.01,12.26,yellow,cash,Lincoln Square West,Spuyten Duyvil/Kingsbridge,Manhattan,Bronx
2019-03-15 21:12:02,2019-03-15 21:24:27,0,2.21,15.7,3.23,0.18,16.25,yellow,credit card,UN/Turtle Bay South,Times Sq/Theatre District,Manhattan,Manhattan
2019-03-21 14:20:00,2019-03-21 14:35:10,2,0.61,9.13,1.44,0.07,14.1,yellow,cash,Lenox Hill West,Riverdale/North Riverdale/Fieldston,Manhattan,Bronx
2019-03-18 05:52:44,2019-03-18 06:05:12,1,0.44,6.9,1.04,0.21,16.45,yellow,credit card,Meatpacking/West Village West,Hillcrest/Pomonok,Manhattan,Queens
2019-03-04 15:13:28,2019-03-04 15:29:51,1,21.43,6.7,2.43,0.57,26.8,yellow,cash,Forest Hills,East Concourse/Concourse Village,Queens,Bronx
2019-03-18 11:18:10,2019-03-18 11:32:56,3,0.33,8.4,0.03,0.04,19.98,yellow,credit card,Greenwich Village South,Brighton Beach,Manhattan,Brooklyn
2019-03-29 14:59:15,2019-03-29 15:15:30,1,1.32,14.33,1.39,0.1,15.5,yellow,cash,Kips Bay,Midtown North,Manhattan,Manhattan
2019-03-01 12:31:17,2019-03-01 12:47:24,0,1.0,6.9,0.48,0.13,11.61,yellow,credit card,Gramercy,Van Cortlandt Village,Manhattan,Bronx
2019-03-05 11:12:43,2019-03-05 11:29:56,2,0.47,4.4,2.12,0.06,9.67,yellow,cash,UN/Turtle Bay South,Washington Heights South,Manhattan,Manhattan
2019-03-03 12:12:18,2019-03-03 12:31:03,1,2.54,5.35,0.16,0.11,9.7,yellow,credit card,Garment District,Bushwick South,Manhattan,Brooklyn
2019-03-31 13:06:58,2019-03-31 13:20:33,1,1.22,4.5,0.08,0.02,22.33,yellow,cash,Clinton East,Gowanus,Manhattan,Brooklyn
2019-03-20 08:36:34,2019-03-20 08:53:42,1,0.91,5.2,2.6,0.18,16.72,yellow,credit card,Yorkville East,Flatbush/Ditmas Park,Manhattan,Brooklyn
2019-03-03 20:32:25,2019-03-03 20:46:16,1,1.33,10.0,1.92,0.13,103.98,yellow,cash,Elmhurst,Sheepshead Bay,Queens,Brooklyn
2019-03-17 12:55:12,2019-03-17 13:11:43,5,5.6,16.6,2.74,0.11,27.09,yellow,credit card,Garment District,Corona,Manhattan,Queens
2019-03-23 22:37:10,2019-03-23 22:51:24,1,7.55,14.0,9.65,1.55,49.35,yellow,cash,JFK Airport,Williamsbridge/Olinville,Queens,Bronx
2019-03-17 02:44:18,2019-03-17 02:57:35,4,1.2,6.77,6.15,0.43,6.9,yellow,credit card,Midtown South,Fresh Meadows,Manhattan,Queens
2019-03-21 18:00:33,2019-03-21 18:14:57,1,2.7,13.3,3.22,0.0,23.82,yellow,cash,Lenox Hill West,Kips Bay,Manhattan,Manhattan
2019-03-03 05:49:54,2019-03-03 06:04:17,1,6.09,6.4,0.32,0.23,8.34,yellow,credit card,Fort Greene,Greenwich Village South,Brooklyn,Manhattan
2019-03-06 12:58:46,2019-03-06 13:14:51,5,2.6,10.6,0.86,0.18,23.73,yellow,cash,Sutton Place/Turtle Bay North,Starrett City,Manhattan,Brooklyn
2019-03-31 05:08:43,2019-03-31 05:22:37,1,1.44,5.8,2.41,0.07,7.64,yellow,credit card,TriBeCa/Civic Center,Flushing Meadows-Corona Park,Manhattan,Queens
2019-03-18 13:56:47,2019-03-18 14:10:55,1,1.07,5.14,3.6,0.05,9.1,yellow,cash,Clinton East,Soundview/Castle Hill,Manhattan,Bronx
2019-03-26 20:19:31,2019-03-26 20:33:05,1,5.14,30.9,4.9,6.57,35.3,yellow,credit card,JFK Airport,Bensonhurst West,Queens,Brooklyn
2019-03-13 08:01:08,2019-03-13 08:17:35,1,0.91,9.57,7.07,0.12,17.3,yellow,cash,Hamilton Heights,East Flushing,Manhattan,Queens
2019-03-20 08:21:22,2019-03-20 08:36:26,1,2.21,16.2,0.94,0.01,22.35,yellow,credit card,Lenox Hill West,Ridgewood,Manhattan,Queens
2019-03-20 11:41:45,2019-03-20 11:56:14,1,1.96,9.46,2.8,0.03,22.7,yellow,cash,Midtown East,Allerton/Pelham Gardens,Manhattan,Bronx
2019-03-15 08:18:23,2019-03-15 08:31:17,1,0.47,11.9,0.93,0.03,16.84,yellow,credit card,Upper West Side South,Stapleton,Manhattan,Staten Island
2019-03-20 01:52:05,2019-03-20 02:08:25,1,0.21,13.3,0.26,0.01,20.35,yellow,cash,SoHo,Central Park,Manhattan,Manhattan
2019-03-18 17:17:30,2019-03-18 17:32:19,1,3.66,8.5,1.3,0.31,12.14,yellow,credit card,Murray Hill,East Chelsea,Manhattan,Manhattan
2019-03-17 21:49:04,2019-03-17 22:04:59,3,3.06,9.13,1.85,0.05,15.5,yellow,cash,Manhattanville,Kew Gardens,Manhattan,Queens
2019-03-06 14:23:44,2019-03-06 14:38:21,2,1.09,12.3,0.23,0.04,25.27,yellow,credit card,Murray Hill,Claremont/Bathgate,Manhattan,Bronx
2019-03-23 22:07:54,2019-03-23 22:24:06,1,4.44,9.3,0.08,0.28,12.54,yellow,cash,East Flatbush/Remsen Village,Allerton/Pelham Gardens,Brooklyn,Bronx
2019-03-26 23:15:46,2019-03-26 23:31:52,1,1.5,12.0,0.33,0.19,31.46,yellow,credit card,Murray Hill,Lincoln Square East,Manhattan,Manhattan
2019-03-09 19:16:05,2019-03-09 19:29:29,1,1.22,8.34,5.04,0.05,9.1,yellow,cash,East Harlem North,Two Bridges/Seward Park,Manhattan,Manhattan
2019-03-10 18:14:15,2019-03-10 18:27:34,2,1.96,5.1,1.71,0.43,10.07,yellow,credit card,Morningside Heights,South Ozone Park,Manhattan,Queens
2019-03-18 19:22:23,2019-03-18 19:37:49,1,5.2,13.1,0.94,1.58,18.78,yellow,cash,LaGuardia Airport,Brighton Beach,Queens,Brooklyn
2019-02-28 18:54:09,2019-02-28 19:10:17,2,1.77,15.42,1.27,0.3,22.5,yellow,credit card,Upper East Side South,Stuy Town/Peter Cooper Village,Manhattan,Manhattan
2019-03-17 01:54:13,2019-03-17 02:11:24,5,0.82,9.14,2.17,0.06,10.4,yellow,cash,Lincoln Square East,Bushwick South,Manhattan,Brooklyn
2019-03-17 13:24:27,2019-03-17 13:38:56,1,0.31,7.7,1.79,0.02,13.08,yellow,credit card,Clinton East,Garment District,Manhattan,Manhattan
2019-03-04 03:22:12,2019-03-04 03:36:45,2,1.75,7.68,0.21,0.01,15.3,yellow,cash,Garment District,Bayside,Manhattan,Queens
2019-03-13 04:09:05,2019-03-13 04:20:48,1,2.89,14.1,2.19,0.03,20.49,yellow,credit card,SoHo,Midtown South,Manhattan,Manhattan
2019-03-05 20:37:33,2019-03-05 20:49:44,1,0.99,6.8,5.64,0.14,17.91,yellow,cash,Union Sq,Midtown North,Manhattan,Manhattan
2019-03-03 22:26:14,2019-03-03 22:38:58,1,0.99,24.0,2.71,1.78,33.2,yellow,credit card,Jackson Heights,Corona,Queens,Queens
2019-03-30 02:34:39,2019-03-30 02:50:15,1,1.86,9.8,0.4,0.22,12.77,yellow,cash,Upper East Side South,Penn Station/Madison Sq West,Manhattan,Manhattan
2019-03-06 16:28:54,2019-03-06 16:44:00,2,13.83,5.2,3.4,0.03,32.09,yellow,credit card,Union Sq,South Jamaica,Manhattan,Queens
2019-03-24 06:24:26,2019-03-24 06:38:10,1,4.88,3.83,3.3,0.39,32.33,yellow,cash,Gramercy,Central Harlem North,Manhattan,Manhattan
2019-03-16 06:22:08,2019-03-16 06:37:46,6,5.66,7.14,1.0,0.2,37.85,yellow,credit card,Long Island City/Hunters Point,Sunnyside,Queens,Queens
2019-03-28 12:54:02,2019-03-28 13:09:31,5,0.58,7.7,2.82,0.05,8.41,yellow,cash,Little Italy/NoLiTa,Midtown Center,Manhattan,Manhattan
2019-03-27 15:47:42,2019-03-27 16:04:05,1,0.54,8.4,3.68,0.16,12.3,yellow,credit card,Garment District,Randalls Island,Manhattan,Manhattan
2019-03-29 02:09:31,2019-03-29 02:24:26,1,0.53,16.0,0.14,0.29,120.55,yellow,cash,East Concourse/Concourse Village,Clinton West,Bronx,Manhattan
2019-03-11 19:12:22,2019-03-11 19:28:01,1,1.03,12.1,0.37,0.22,19.15,yellow,credit card,Midtown East,World Trade Center,Manhattan,Manhattan
2019-03-11 11:15:47,2019-03-11 11:29:11,1,0.39,10.8,0.38,0.02,18.88,yellow,cash,West Village,Midtown Center,Manhattan,Manhattan
2019-03-26 01:44:22,2019-03-26 01:58:49,1,1.46,3.9,0.69,0.0,50.91,yellow,credit card,Lincoln Square West,Prospect Heights,Manhattan,Brooklyn
2019-03-06 14:22:53,2019-03-06 14:38:36,1,0.27,11.2,1.88,0.08,21.68,yellow,cash,Kips Bay,Kew Gardens Hills,Manhattan,Queens
2019-03-15 06:25:30,2019-03-15 06:40:29,1,8.04,4.7,2.54,0.29,15.81,yellow,credit card,Columbia Street,Upper East Side South,Brooklyn,Manhattan
2019-03-21 05:48:32,2019-03-21 06:03:04,2,0.13,15.5,0.39,0.09,15.64,yellow,cash,Upper West Side North,Kew Gardens Hills,Manhattan,Queens
2019-03-02 08:30:14,2019-03-02 08:43:37,1,9.77,7.5,3.57,0.03,24.93,yellow,credit card,Lincoln Square East,Highbridge,Manhattan,Bronx
2019-03-01 21:57:49,2019-03-01 22:10:39,1,1.07,5.79,4.3,0.09,9.02,yellow,cash,Lincoln Square East,Woodhaven,Manhattan,Queens
2019-03-12 09:01:03,2019-03-12 09:17:23,1,2.06,2.4,0.79,0.33,13.46,yellow,credit card,Marble Hill,Upper East Side North,Manhattan,Manhattan
2019-03-02 07:57:41,2019-03-02 08:08:45,1,2.91,6.7,2.43,0.03,13.48,yellow,cash,Central Harlem,Elmhurst,Manhattan,Queens
2019-03-18 01:39:18,2019-03-18 01:53:36,2,0.84,10.56,1.54,0.07,20.6,yellow,credit card,Clinton East,Central Harlem North,Manhattan,Manhattan
2019-03-08 00:47:15,2019-03-08 01:03:05,1,0.02,10.8,1.65,0.02,16.4,yellow,cash,West Village,Fort Greene,Manhattan,Brooklyn
2019-03-14 10:30:48,2019-03-14 10:46:52,2,3.02,6.2,4.2,0.04,9.5,yellow,credit card,Times Sq/Theatre District,Roosevelt Island,Manhattan,Manhattan
2019-03-08 04:41:03,2019-03-08 04:55:43,2,3.44,4.4,0.29,0.04,10.78,yellow,cash,Lenox Hill East,Windsor Terrace,Manhattan,Brooklyn
2019-03-10 15:28:50,2019-03-10 15:43:25,1,2.45,12.56,2.37,0.02,14.5,yellow,credit card,Central Harlem North,Douglaston,Manhattan,Queens
2019-03-04 14:01:06,2019-03-04 14:17:52,1,2.22,7.86,5.78,0.02,16.4,yellow,cash,Upper West Side South,Hudson Sq,Manhattan,Manhattan
2019-03-19 19:10:17,2019-03-19 19:25:20,1,1.23,6.9,0.62,0.09,21.13,yellow,credit card,East Chelsea,Midtown East,Manhattan,Manhattan
2019-03-06 11:13:49,2019-03-06 11:24:53,1,1.91,16.75,0.63,0.03,24.5,yellow,cash,West Chelsea/Hudson Yards,Hamilton Heights,Manhattan,Manhattan
2019-03-03 04:45:58,2019-03-03 04:59:49,1,0.0,10.6,5.26,1.29,16.1,yellow,credit card,Gramercy,Marble Hill,Manhattan,Manhattan
2019-03-10 12:26:50,2019-03-10 12:40:54,3,5.21,7.6,0.42,0.24,9.57,yellow,cash,Midtown Center,Long Island City/Queens Plaza,Manhattan,Queens
2019-03-21 12:48:13,2019-03-21 13:01:52,2,1.27,10.19,1.78,0.06,27.4,yellow,credit card,Times Sq/Theatre District,Penn Station/Madison Sq West,Manhattan,Manhattan
2019-03-30 21:53:04,2019-03-30 22:05:06,1,5.28,35.41,1.2,1.15,72.4,yellow,cash,LaGuardia Airport,Lincoln Square East,Queens,Manhattan
2019-03-26 23:49:43,2019-03-27 00:04:35,1,2.33,5.8,5.03,0.05,9.73,yellow,credit card,Yorkville West,Stuyvesant Heights,Manhattan,Brooklyn
2019-03-24 09:06:27,2019-03-24 09:21:01,1,0.74,12.0,1.51,0.24,19.2,yellow,cash,Gramercy,Crown Heights North,Manhattan,Brooklyn
2019-03-25 21:15:36,2019-03-25 21:32:26,2,2.6,5.8,0.47,0.17,11.07,yellow,credit card,Greenwich Village South,SoHo,Manhattan,Manhattan
2019-03-08 17:01:51,2019-03-08 17:14:28,1,2.33,25.06,2.85,0.08,30.3,yellow,cash,Downtown Brooklyn/MetroTech,University Heights/Morris Heights,Brooklyn,Bronx
2019-03-15 19:42:42,2019-03-15 19:56:34,1,0.94,9.01,0.24,0.24,10.9,yellow,credit card,Upper East Side North,Woodside,Manhattan,Queens
2019-03-10 08:24:23,2019-03-10 08:40:13,1,6.59,12.35,6.57,0.07,12.8,yellow,cash,Penn Station/Madison Sq West,JFK Airport,Manhattan,Queens
2019-03-27 12:50:00,2019-03-27 13:03:44,1,1.92,25.0,1.17,0.29,31.5,yellow,credit card,Upper West Side South,Greenwich Village North,Manhattan,Manhattan
2019-03-19 01:23:23,2019-03-19 01:40:20,1,3.2,10.9,0.76,0.19,19.02,yellow,cash,Midtown North,West Village,Manhattan,Manhattan
2019-03-17 08:51:25,2019-03-17 09:07:23,1,2.49,10.8,0.47,0.12,25.07,yellow,credit card,SoHo,Crown Heights South,Manhattan,Brooklyn
2019-03-15 15:34:14,2019-03-15 15:48:44,1,1.85,10.6,1.36,0.1,12.32,yellow,cash,Murray Hill,Highbridge,Manhattan,Bronx
2019-03-19 06:55:07,2019-03-19 07:09:38,1,1.58,6.9,0.68,0.06,28.23,yellow,credit card,West Chelsea/Hudson Yards,Sunnyside,Manhattan,Queens
2019-03-05 11:10:13,2019-03-05 11:27:46,1,1.78,9.9,6.07,0.08,22.0,yellow,cash,Lincoln Square West,Soundview/Castle Hill,Manhattan,Bronx
2019-03-24 10:20:06,2019-03-24 10:34:27,1,5.54,11.86,3.61,0.19,17.2,yellow,credit card,Flatiron,East New York,Manhattan,Brooklyn
2019-03-30 08:41:21,2019-03-30 08:56:04,1,0.68,8.6,2.0,0.59,12.85,yellow,cash,Kips Bay,Boerum Hill,Manhattan,Brooklyn
2019-03-06 02:34:14,2019-03-06 02:46:29,1,3.78,14.4,0.65,0.12,31.24,yellow,credit card,Gramercy,Lenox Hill West,Manhattan,Manhattan
2019-03-13 00:39:17,2019-03-13 00:53:46,1,0.51,9.0,0.22,0.48,11.92,yellow,cash,South Williamsburg,Clinton Hill,Brooklyn,Brooklyn
2019-03-25 14:54:53,2019-03-25 15:08:46,1,0.56,15.4,0.08,0.04,19.97,yellow,credit card,Union Sq,Elmhurst,Manhattan,Queens
2019-03-19 11:04:28,2019-03-19 11:16:22,5,2.18,18.4,1.25,0.22,18.4,yellow,cash,Yorkville West,World Trade Center,Manhattan,Manhattan
2019-03-25 12:46:02,2019-03-25 12:59:59,2,12.49,49.5,9.32,1.23,69.24,yellow,credit card,Astoria,Soundview/Bruckner,Queens,Bronx
2019-03-31 22:36:36,2019-03-31 22:49:57,1,0.83,8.9,1.13,0.07,18.16,yellow,cash,Upper West Side North,Boerum Hill,Manhattan,Brooklyn
2019-03-25 01:41:07,2019-03-25 01:56:18,1,0.06,16.3,2.45,0.01,19.75,yellow,credit card,East Harlem South,Gowanus,Manhattan,Brooklyn
2019-03-11 02:22:25,2019-03-11 02:37:06,6,3.12,6.4,1.43,0.1,22.48,yellow,cash,Greenwich Village North,Ocean Hill,Manhattan,Brooklyn
2019-03-31 03:10:03,2019-03-31 03:24:49,1,2.55,9.06,1.11,0.27,16.9,yellow,credit card,Springfield Gardens North,Carroll Gardens,Queens,Brooklyn
2019-03-12 00:44:37,2019-03-12 01:00:40,1,2.16,3.3,0.12,0.04,18.8,yellow,cash,Lincoln Square East,East Chelsea,Manhattan,Manhattan
2019-03-04 06:36:45,2019-03-04 06:51:25,1,0.18,7.2,0.3,0.02,14.66,yellow,credit card,Lower East Side,Bay Ridge,Manhattan,Brooklyn
2019-03-30 23:31:15,2019-03-30 23:44:45,1,1.49,21.96,2.16,0.02,22.5,yellow,cash,West Village,Washington Heights North,Manhattan,Manhattan
2019-03-05 16:40:21,2019-03-05 16:54:38,1,0.25,15.87,1.18,0.1,21.1,yellow,credit card,Central Harlem North,Brownsville,Manhattan,Brooklyn
2019-03-18 01:34:54,2019-03-18 01:49:17,1,4.72,17.1,0.82,1.84,38.24,yellow,cash,Elmhurst,Allerton/Pelham Gardens,Queens,Bronx
2019-03-25 21:47:20,2019-03-25 22:02:05,1,1.0,18.1,2.9,0.02,60.07,yellow,credit card,Midtown East,Crotona Park East,Manhattan,Bronx
2019-03-12 15:48:36,2019-03-12 16:05:52,1,1.13,13.5,0.06,2.39,30.31,yellow,cash,Highbridge,Melrose South,Bronx,Bronx
2019-03-10 07:27:59,2019-03-10 07:42:04,1,2.4,5.9,0.0,0.01,12.22,yellow,credit card,Two Bridges/Seward Park,Lower East Side,Manhattan,Manhattan
2019-03-21 09:34:40,2019-03-21 09:48:41,1,0.94,11.7,4.39,0.83,12.62,yellow,cash,Garment District,Corona,Manhattan,Queens
2019-03-29 16:20:56,2019-03-29 16:35:46,1,1.12,6.68,0.09,0.12,6.7,yellow,credit card,Union Sq,Bay Ridge,Manhattan,Brooklyn
2019-03-05 06:08:09,2019-03-05 06:22:45,4,6.01,5.4,0.17,0.65,24.26,yellow,cash,Midtown South,Belmont,Manhattan,Bronx
2019-03-22 06:03:30,2019-03-22 06:18:02,1,5.18,10.45,5.65,0.06,15.1,yellow,credit card,East Village,North Corona,Manhattan,Queens
2019-03-11 10:34:26,2019-03-11 10:48:09,1,0.39,5.7,2.63,0.01,19.09,yellow,cash,Midtown North,Pelham Parkway,Manhattan,Bronx
2019-03-27 10:29:42,2019-03-27 10:42:36,1,0.68,10.9,2.49,1.88,37.37,yellow,credit card,JFK Airport,Flushing,Queens,Queens
2019-03-15 04:24:48,2019-03-15 04:37:37,2,3.63,11.3,0.0,0.18,28.04,yellow,cash,Murray Hill,JFK Airport,Manhattan,Queens
2019-03-18 11:16:18,2019-03-18 11:31:24,5,2.98,16.1,0.14,3.94,27.09,yellow,credit card,Claremont/Bathgate,Meatpacking/West Village West,Bronx,Manhattan
2019-03-26 16:49:24,2019-03-26 16:58:45,1,1.95,4.1,2.53,0.57,15.07,yellow,cash,Hamilton Heights,Williamsburg (South Side),Manhattan,Brooklyn
2019-03-02 08:30:08,2019-03-02 08:43:36,1,1.69,11.18,0.61,0.09,21.1,yellow,credit card,Downtown Brooklyn/MetroTech,Van Cortlandt Village,Brooklyn,Bronx
2019-03-08 23:18:36,2019-03-08 23:33:16,1,15.25,3.0,2.61,2.35,31.43,yellow,cash,Long Island City/Queens Plaza,Oakland Gardens,Queens,Queens
2019-03-13 04:36:54,2019-03-13 04:53:19,1,4.42,12.3,0.58,0.08,22.3,yellow,credit card,Clinton West,Parkchester,Manhattan,Bronx
2019-03-29 03:08:40,2019-03-29 03:23:00,1,2.08,8.1,4.21,0.1,10.21,yellow,cash,Union Sq,Yorkville East,Manhattan,Manhattan
2019-03-06 14:23:50,2019-03-06 14:38:04,1,3.72,4.68,3.85,0.05,12.1,yellow,credit card,East Harlem North,Pelham Parkway,Manhattan,Bronx
2019-03-25 06:58:55,2019-03-25 07:13:43,1,0.71,15.0,3.78,0.36,20.55,yellow,cash,West Village,Bedford,Manhattan,Brooklyn
2019-03-31 03:15:25,2019-03-31 03:28:18,1,1.79,3.53,3.3,0.46,7.89,yellow,credit card,Lincoln Square East,Melrose South,Manhattan,Bronx
2019-03-12 16:29:46,2019-03-12 16:45:41,0,0.7,7.3,1.44,0.02,14.78,yellow,cash,Greenwich Village South,Brooklyn Heights,Manhattan,Brooklyn
2019-03-25 12:10:13,2019-03-25 12:25:28,1,21.45,11.2,0.1,0.24,15.43,yellow,credit card,East Concourse/Concourse Village,Midwood,Bronx,Brooklyn
2019-03-29 14:11:55,2019-03-29 14:25:19,1,8.56,13.9,2.58,0.96,18.55,yellow,cash,Elmhurst,Rosedale,Queens,Queens
2019-02-28 22:19:37,2019-02-28 22:33:57,2,0.74,9.4,4.6,0.26,29.26,yellow,credit card,Clinton East,Financial District North,Manhattan,Manhattan
2019-03-21 21:57:18,2019-03-21 22:10:19,1,6.16,16.51,1.62,0.02,24.0,yellow,cash,Yorkville West,Ocean Hill,Manhattan,Brooklyn
2019-03-17 03:52:06,2019-03-17 04:08:40,1,4.15,10.3,1.86,0.04,26.97,yellow,credit card,Central Harlem,Manhattan Beach,Manhattan,Brooklyn
2019-03-29 05:02:20,2019-03-29 05:16:19,1,1.22,5.4,0.69,0.31,16.62,yellow,cash,Little Italy/NoLiTa,Springfield Gardens South,Manhattan,Queens
2019-03-22 10:40:46,2019-03-22 10:52:01,6,0.68,9.9,0.3,0.36,35.57,yellow,credit card,SoHo,Canarsie,Manhattan,Brooklyn
2019-03-24 01:59:01,2019-03-24 02:15:42,1,2.59,11.18,0.94,0.13,14.0,yellow,cash,Flatiron,Starrett City,Manhattan,Brooklyn
2019-03-01 01:03:39,2019-03-01 01:17:05,2,2.91,9.9,0.25,0.34,25.96,yellow,credit card,Yorkville West,East Flushing,Manhattan,Queens
2019-03-23 06:20:49,2019-03-23 06:34:14,1,1.05,29.1,1.57,1.2,41.1,yellow,cash,LaGuardia Airport,Howard Beach,Queens,Queens
2019-03-02 09:31:35,2019-03-02 09:47:50,1,2.88,7.7,2.01,0.06,16.91,yellow,credit card,Midtown North,Hamilton Heights,Manhattan,Manhattan
2019-03-09 18:13:28,2019-03-09 18:30:31,1,4.57,4.4,2.72,0.18,10.83,yellow,cash,Meatpacking/West Village West,Flatlands,Manhattan,Brooklyn
2019-03-26 22:15:01,2019-03-26 22:30:42,5,0.77,7.5,3.28,0.09,11.83,yellow,credit card,East Harlem South,South Williamsburg,Manhattan,Brooklyn
2019-03-12 09:26:44,2019-03-12 09:40:20,1,3.38,6.3,2.11,0.21,7.48,yellow,cash,Gramercy,Richmond Hill,Manhattan,Queens
2019-03-22 17:02:14,2019-03-22 17:15:18,1,5.68,16.8,3.17,0.1,22.51,yellow,credit card,East Flatbush/Farragut,Bedford,Brooklyn,Brooklyn
2019-03-15 03:15:08,2019-03-15 03:30:04,1,2.84,9.12,0.38,0.09,12.1,yellow,cash,Sutton Place/Turtle Bay North,Middle Village,Manhattan,Queens
2019-03-17 14:16:25,2019-03-17 14:30:50,1,4.71,10.3,0.49,0.18,16.21,yellow,credit card,Murray Hill,Sheepshead Bay,Manhattan,Brooklyn
2019-03-11 13:34:48,2019-03-11 13:48:37,1,0.64,16.79,0.48,0.0,28.5,yellow,cash,Midtown Center,Dyker Heights,Manhattan,Brooklyn
2019-03-22 19:58:10,2019-03-22 20:12:44,2,5.53,12.8,0.99,0.14,14.96,yellow,credit card,Penn Station/Madison Sq West,Manhattan Valley,Manhattan,Manhattan
2019-03-21 08:49:53,2019-03-21 09:05:56,1,1.23,4.9,0.33,0.03,24.62,yellow,cash,Garment District,Boerum Hill,Manhattan,Brooklyn
2019-03-29 20:02:10,2019-03-29 20:14:28,5,1.53,8.16,1.91,0.03,15.1,yellow,credit card,Midtown South,Midtown North,Manhattan,Manhattan
2019-03-19 04:56:15,2019-03-19 05:12:17,1,0.94,13.6,0.04,0.4,63.63,yellow,cash,Williamsburg (North Side),Flatbush/Ditmas Park,Brooklyn,Brooklyn
2019-03-02 13:02:52,2019-03-02 13:17:35,3,1.18,11.4,2.84,0.45,13.28,yellow,credit card,Upper East Side North,Little Italy/NoLiTa,Manhattan,Manhattan
2019-03-04 09:54:50,2019-03-04 10:08:52,1,4.61,13.9,3.62,0.14,26.53,yellow,cash,Bloomingdale,East Harlem South,Manhattan,Manhattan
2019-03-05 17:10:20,2019-03-05 17:24:20,1,5.18,12.29,2.08,0.12,23.4,yellow,credit card,Gramercy,Norwood,Manhattan,Bronx
2019-03-23 14:47:30,2019-03-23 15:00:39,1,19.66,14.57,0.06,0.91,37.2,yellow,cash,Westchester Village/Unionport,Rego Park,Bronx,Queens
2019-03-07 15:09:29,2019-03-07 15:26:00,2,0.68,11.8,0.98,0.04,20.62,yellow,credit card,Kips Bay,Lincoln Square East,Manhattan,Manhattan
2019-03-21 08:16:58,2019-03-21 08:30:17,1,5.23,29.4,0.72,1.6,37.21,yellow,cash,LaGuardia Airport,Sheepshead Bay,Queens,Brooklyn
2019-03-01 13:50:17,2019-03-01 14:06:59,1,0.17,5.0,4.6,0.26,25.79,yellow,credit card,Yorkville East,Highbridge,Manhattan,Bronx
2019-03-31 09:07:56,2019-03-31 09:20:00,1,1.09,6.57,1.2,0.2,9.7,yellow,cash,Park Slope,Seaport,Brooklyn,Manhattan
2019-03-22 00:51:23,2019-03-22 01:08:13,1,10.39,17.2,0.6,0.28,24.93,yellow,credit card,DUMBO/Vinegar Hill,Prospect Heights,Brooklyn,Brooklyn
2019-03-22 00:05:37,2019-03-22 00:19:01,1,4.7,8.1,0.76,0.01,15.31,yellow,cash,Midtown Center,Elmhurst/Maspeth,Manhattan,Queens
2019-03-12 18:11:13,2019-03-12 18:27:46,1,0.55,3.7,0.62,0.21,25.35,yellow,credit card,Lincoln Square West,Manhattan Beach,Manhattan,Brooklyn
2019-03-20 06:18:06,2019-03-20 06:34:00,1,15.0,13.4,0.09,1.22,26.35,yellow,cash,LaGuardia Airport,Lincoln Square West,Queens,Manhattan
2019-03-14 19:59:39,2019-03-14 20:12:35,1,0.19,5.53,1.71,0.41,11.5,yellow,credit card,Penn Station/Madison Sq West,Lenox Hill West,Manhattan,Manhattan
2019-02-28 23:38:06,2019-02-28 23:51:02,1,1.21,8.45,0.28,0.05,13.8,yellow,cash,East Chelsea,East Harlem South,Manhattan,Manhattan
2019-03-27 02:45:02,2019-03-27 03:01:28,1,0.06,1.89,7.13,1.25,20.7,yellow,credit card,LaGuardia Airport,Eastchester,Queens,Bronx
2019-03-13 08:27:29,2019-03-13 08:41:42,2,1.31,6.1,1.75,0.07,7.65,yellow,cash,Midtown South,West Brighton,Manhattan,Staten Island
2019-03-24 01:40:47,2019-03-24 01:56:48,1,12.46,5.1,1.52,0.13,17.55,yellow,credit card,Sutton Place/Turtle Bay North,Financial District South,Manhattan,Manhattan
2019-03-17 11:39:59,2019-03-17 11:55:09,2,9.1,9.8,3.34,5.39,20.72,yellow,cash,JFK Airport,Bath Beach,Queens,Brooklyn
2019-03-24 10:42:47,2019-03-24 10:57:52,2,4.7,9.52,0.7,0.09,13.2,yellow,credit card,East Harlem South,Oakland Gardens,Manhattan,Queens
2019-03-21 03:23:00,2019-03-21 03:37:10,1,2.67,21.2,2.89,0.17,23.42,yellow,cash,Murray Hill,Van Nest/Morris Park,Manhattan,Bronx
2019-03-20 16:21:59,2019-03-20 16:34:38,1,8.46,5.3,2.26,0.13,9.31,yellow,credit card,Times Sq/Theatre District,Clinton East,Manhattan,Manhattan
2019-03-11 21:32:53,2019-03-11 21:45:28,3,0.35,18.17,0.43,0.0,21.4,yellow,cash,Upper East Side North,East New York,Manhattan,Brooklyn
2019-03-11 17:49:00,2019-03-11 18:05:18,1,1.24,5.6,2.43,0.17,7.05,yellow,credit card,Central Park,Cambria Heights,Manhattan,Queens
2019-03-30 16:34:01,2019-03-30 16:47:46,1,5.4,12.0,0.41,0.11,21.48,yellow,cash,Washington Heights South,Union Sq,Manhattan,Manhattan
2019-03-27 01:19:04,2019-03-27 01:34:48,1,7.82,7.4,0.09,7.32,31.6,yellow,credit card,Forest Hills,Queensboro Hill,Queens,Queens
2019-03-17 20:02:25,2019-03-17 20:15:46,1,3.51,9.6,3.24,0.02,24.13,yellow,cash,Gramercy,Little Italy/NoLiTa,Manhattan,Manhattan
2019-03-06 10:22:26,2019-03-06 10:37:46,1,6.62,2.9,1.23,0.08,7.41,yellow,credit card,Boerum Hill,Bushwick South,Brooklyn,Brooklyn
2019-03-12 20:15:01,2019-03-12 20:28:51,1,2.06,26.07,0.72,0.05,26.2,yellow,cash,Flatiron,Yorkville West,Manhattan,Manhattan
2019-03-08 15:18:17,2019-03-08 15:31:20,2,3.25,5.2,1.08,0.19,33.54,yellow,credit card,Sutton Place/Turtle Bay North,SoHo,Manhattan,Manhattan
2019-03-27 08:33:20,2019-03-27 08:48:26,1,1.08,6.1,1.73,0.24,23.32,yellow,cash,Penn Station/Madison Sq West,Windsor Terrace,Manhattan,Brooklyn
2019-03-10 14:03:55,2019-03-10 14:19:43,2,4.74,5.6,5.31,0.08,11.48,yellow,credit card,Hudson Sq,Bensonhurst East,Manhattan,Brooklyn
2019-03-11 22:49:06,2019-03-11 23:05:25,1,4.44,9.52,3.98,0.04,21.4,yellow,cash,Clinton East,Crotona Park East,Manhattan,Bronx
2019-03-22 18:53:49,2019-03-22 19:10:43,2,5.74,11.7,3.87,0.04,16.11,yellow,credit card,Penn Station/Madison Sq West,Penn Station/Madison Sq West,Manhattan,Manhattan
2019-03-30 12:31:38,2019-03-30 12:47:19,1,1.96,5.9,5.7,0.04,29.51,yellow,cash,Upper West Side North,Prospect-Lefferts Gardens,Manhattan,Brooklyn
2019-03-27 06:55:21,2019-03-27 07:07:43,1,2.08,15.39,0.22,0.12,22.7,yellow,credit card,Yorkville West,Downtown Brooklyn/MetroTech,Manhattan,Brooklyn
2019-03-24 21:08:12,2019-03-24 21:23:46,1,7.32,8.0,2.28,0.07,22.74,yellow,cash,Greenwich Village South,Ozone Park,Manhattan,Queens
2019-03-10 09:24:03,2019-03-10 09:37:45,1,1.71,10.14,8.1,0.23,24.2,yellow,credit card,Midtown Center,Kew Gardens Hills,Manhattan,Queens
2019-03-24 11:06:32,2019-03-24 11:20:34,1,0.98,4.1,1.95,0.06,28.53,yellow,cash,Upper West Side South,Chinatown,Manhattan,Manhattan
2019-03-19 15:02:05,2019-03-19 15:16:59,1,6.99,6.08,2.84,0.03,24.1,yellow,credit card,East Village,Mount Hope,Manhattan,Bronx
2019-03-07 13:55:09,2019-03-07 14:08:39,1,2.46,14.0,1.58,0.08,16.75,yellow,cash,Upper West Side North,Yorkville East,Manhattan,Manhattan
2019-03-30 12:30:29,2019-03-30 12:45:59,5,14.35,20.66,0.26,3.34,59.5,yellow,credit card,Forest Hills,Bushwick North,Queens,Brooklyn
2019-03-05 09:48:16,2019-03-05 10:03:51,1,0.5,4.1,0.52,0.01,13.9,yellow,cash,Upper East Side South,East Flatbush/Farragut,Manhattan,Brooklyn
2019-03-17 00:50:10,2019-03-17 01:04:16,1,6.22,11.18,4.48,0.03,12.7,yellow,credit card,West Chelsea/Hudson Yards,East Flatbush/Farragut,Manhattan,Brooklyn
2019-03-15 01:29:45,2019-03-15 01:42:53,1,1.2,6.16,0.13,0.24,13.0,yellow,cash,Williamsburg (North Side),Whitestone,Brooklyn,Queens
2019-03-23 02:31:39,2019-03-23 02:45:24,1,2.7,5.3,0.48,0.04,8.62,yellow,credit card,West Village,Flushing Meadows-Corona Park,Manhattan,Queens
2019-03-03 17:23:46,2019-03-03 17:37:32,1,0.54,13.13,4.6,0.37,17.7,yellow,cash,Lincoln Square West,Maspeth,Manhattan,Queens
2019-03-03 10:28:43,2019-03-03 10:41:37,1,3.36,9.5,4.77,0.11,18.17,yellow,credit card,SoHo,JFK Airport,Manhattan,Queens
2019-03-22 15:23:41,2019-03-22 15:38:28,1,0.98,11.6,1.2,0.44,13.5,yellow,cash,Yorkville East,Soundview/Castle Hill,Manhattan,Bronx
2019-03-13 10:16:45,2019-03-13 10:32:27,1,2.51,8.11,0.23,0.11,44.0,yellow,credit card,East Village,Woodhaven,Manhattan,Queens
2019-03-18 04:35:01,2019-03-18 04:49:08,1,17.03,8.01,4.22,2.01,34.3,yellow,cash,Queensbridge/Ravenswood,Hamilton Heights,Queens,Manhattan
2019-03-21 18:17:34,2019-03-21 18:31:21,6,3.1,11.57,1.1,0.18,26.5,yellow,credit card,Seaport,Parkchester,Manhattan,Bronx
2019-03-12 11:49:55,2019-03-12 12:03:48,1,4.38,5.5,1.39,0.35,10.18,yellow,cash,Yorkville West,Park Slope,Manhattan,Brooklyn
2019-03-25 08:23:08,2019-03-25 08:35:54,1,3.16,6.74,5.32,0.15,50.1,yellow,credit card,Woodside,Dyker Heights,Queens,Brooklyn
2019-03-11 05:56:19,2019-03-11 06:09:30,1,1.61,13.88,0.47,0.02,22.3,yellow,cash,Upper West Side North,Clinton Hill,Manhattan,Brooklyn
2019-03-07 19:44:40,2019-03-07 20:00:04,1,3.51,10.7,1.56,0.02,17.9,yellow,credit card,Cobble Hill,World Trade Center,Brooklyn,Manhattan
2019-03-20 14:57:49,2019-03-20 15:10:44,1,3.21,17.31,1.82,0.74,39.9,yellow,cash,JFK Airport,JFK Airport,Queens,Queens
2019-03-06 13:50:51,2019-03-06 14:04:05,1,33.19,20.3,0.62,5.87,29.98,yellow,credit card,Jamaica,Clinton Hill,Queens,Brooklyn
2019-03-23 00:10:57,2019-03-23 00:25:45,2,0.96,3.8,0.93,0.05,22.43,yellow,cash,Garment District,Williamsbridge/Olinville,Manhattan,Bronx
2019-03-27 21:54:16,2019-03-27 22:08:53,1,1.67,13.7,2.77,0.07,26.77,yellow,credit card,Clinton East,Inwood,Manhattan,Manhattan
2019-03-04 09:14:17,2019-03-04 09:28:39,2,0.7,7.4,0.03,0.08,28.89,yellow,cash,West Chelsea/Hudson Yards,Financial District North,Manhattan,Manhattan
2019-03-26 07:32:48,2019-03-26 07:47:40,1,3.38,11.81,0.34,0.09,16.1,yellow,credit card,East Chelsea,Hamilton Heights,Manhattan,Manhattan
2019-03-19 14:44:51,2019-03-19 15:00:02,1,0.4,6.72,0.14,0.14,8.2,yellow,cash,Upper West Side North,Belmont,Manhattan,Bronx
2019-03-15 01:10:43,2019-03-15 01:24:26,1,0.5,9.62,0.45,0.24,9.8,yellow,credit card,Union Sq,Meatpacking/West Village West,Manhattan,Manhattan
2019-03-06 23:07:41,2019-03-06 23:22:55,1,1.37,6.4,2.61,0.03,11.47,yellow,cash,Sutton Place/Turtle Bay North,Roosevelt Island,Manhattan,Manhattan
2019-03-30 12:40:12,2019-03-30 12:54:35,2,1.33,11.74,1.88,0.09,26.4,yellow,credit card,East Williamsburg,Sutton Place/Turtle Bay North,Brooklyn,Manhattan
2019-03-11 18:37:15,2019-03-11 18:51:59,1,0.42,8.46,1.8,0.36,38.2,yellow,cash,Upper East Side North,Madison,Manhattan,Brooklyn
2019-03-16 14:17:21,2019-03-16 14:30:52,2,0.41,10.6,0.46,0.32,26.86,yellow,credit card,Greenwich Village North,Manhattanville,Manhattan,Manhattan
2019-03-21 23:39:54,2019-03-21 23:52:31,1,5.87,6.0,2.87,0.24,9.9,yellow,cash,Garment District,Manhattan Beach,Manhattan,Brooklyn
2019-02-28 19:54:10,2019-02-28 20:09:19,1,2.92,7.1,3.74,1.0,60.64,yellow,credit card,LaGuardia Airport,East Williamsburg,Queens,Brooklyn
2019-03-26 21:09:55,2019-03-26 21:24:16,1,0.48,7.3,1.01,0.19,18.47,yellow,cash,Stuyvesant Heights,Queens Village,Brooklyn,Queens
2019-03-10 07:26:09,2019-03-10 07:40:50,2,1.66,8.5,1.31,0.08,12.97,yellow,credit card,Hudson Sq,Windsor Terrace,Manhattan,Brooklyn
2019-03-29 01:37:25,2019-03-29 01:52:00,1,2.29,13.32,5.09,0.36,15.5,yellow,cash,Upper West Side South,Cambria Heights,Manhattan,Queens
2019-03-27 22:18:44,2019-03-27 22:31:48,1,0.08,19.41,1.17,0.63,23.4,yellow,credit card,Brooklyn Heights,Washington Heights South,Brooklyn,Manhattan
2019-03-10 07:41:50,2019-03-10 07:57:00,1,3.23,4.0,0.62,0.1,9.9,yellow,cash,UN/Turtle Bay South,Central Park,Manhattan,Manhattan
2019-03-23 11:55:32,2019-03-23 12:07:41,1,0.92,5.9,4.45,0.2,22.92,yellow,credit card,Upper East Side North,Manhattan Valley,Manhattan,Manhattan
2019-03-13 00:17:50,2019-03-13 00:32:01,2,6.54,11.2,2.03,0.56,17.49,yellow,cash,East Village,Oakland Gardens,Manhattan,Queens
2019-03-17 05:38:53,2019-03-17 05:54:03,2,3.56,4.5,0.52,0.06,13.91,yellow,credit card,East Harlem North,Jamaica,Manhattan,Queens
2019-03-25 17:05:58,2019-03-25 17:21:06,1,0.54,9.4,2.54,0.22,23.72,yellow,cash,Washington Heights South,Little Italy/NoLiTa,Manhattan,Manhattan
2019-03-23 21:28:48,2019-03-23 21:42:05,2,0.99,19.7,1.04,0.14,23.9,yellow,credit card,Greenwich Village North,Murray Hill,Manhattan,Manhattan
2019-03-10 23:44:25,2019-03-10 23:59:13,1,3.34,3.2,0.7,0.16,9.61,yellow,cash,Penn Station/Madison Sq West,Borough Park,Manhattan,Brooklyn
2019-03-13 06:42:50,2019-03-13 06:56:46,1,4.03,13.5,2.39,0.11,14.23,yellow,credit card,East Chelsea,Prospect-Lefferts Gardens,Manhattan,Brooklyn
2019-03-22 15:51:40,2019-03-22 16:06:18,1,0.37,6.06,2.0,1.75,8.5,yellow,cash,Ozone Park,Westchester Village/Unionport,Queens,Bronx
2019-03-05 21:06:02,2019-03-05 21:20:27,1,2.62,19.7,1.24,0.01,33.99,yellow,credit card,Inwood,Briarwood/Jamaica Hills,Manhattan,Queens
2019-03-31 06:21:53,2019-03-31 06:38:32,1,0.62,12.4,0.02,0.0,12.46,yellow,cash,Yorkville West,Maspeth,Manhattan,Queens
2019-03-14 18:14:40,2019-03-14 18:27:32,2,3.58,10.24,9.86,0.01,16.1,yellow,credit card,Financial District North,Financial District North,Manhattan,Manhattan
2019-03-12 10:31:11,2019-03-12 10:46:40,1,6.99,15.6,0.65,0.04,20.26,yellow,cash,Midtown North,Kew Gardens,Manhattan,Queens
2019-03-02 23:40:10,2019-03-02 23:52:54,2,0.56,13.7,0.96,0.06,18.07,yellow,credit card,Lenox Hill East,Douglaston,Manhattan,Queens
2019-03-31 03:28:07,2019-03-31 03:42:46,6,3.64,17.0,0.88,0.13,20.61,yellow,cash,Union Sq,West Village,Manhattan,Manhattan
2019-03-23 22:05:08,2019-03-23 22:18:22,1,4.86,9.78,0.46,0.17,29.2,yellow,credit card,Bay Ridge,East Chelsea,Brooklyn,Manhattan
2019-03-16 02:16:46,2019-03-16 02:29:50,1,2.91,17.8,0.06,0.2,21.88,yellow,cash,Washington Heights South,Fresh Meadows,Manhattan,Queens
2019-03-03 02:46:11,2019-03-03 03:03:12,4,0.69,4.7,0.44,0.31,7.03,yellow,credit card,Clinton East,Soundview/Castle Hill,Manhattan,Bronx
2019-03-19 02:26:34,2019-03-19 02:41:33,0,0.05,12.1,0.82,0.01,12.8,yellow,cash,Lenox Hill West,Flushing Meadows-Corona Park,Manhattan,Queens
2019-03-26 00:19:06,2019-03-26 00:34:20,1,0.78,10.4,2.91,0.14,21.36,yellow,credit card,Battery Park City,Middle Village,Manhattan,Queens
2019-03-04 09:39:32,2019-03-04 09:57:20,1,0.63,15.6,2.11,0.15,20.8,yellow,cash,Midtown East,Financial District North,Manhattan,Manhattan
2019-03-22 02:45:45,2019-03-22 03:01:33,1,12.26,11.98,0.93,0.05,15.4,yellow,credit card,DUMBO/Vinegar Hill,Corona,Brooklyn,Queens
2019-03-14 17:28:42,2019-03-14 17:42:25,1,4.27,15.7,0.48,0.18,22.91,yellow,cash,Erasmus,Prospect Heights,Brooklyn,Brooklyn
2019-03-28 02:34:46,2019-03-28 02:51:59,1,2.45,7.7,0.98,0.23,27.82,yellow,credit card,Greenpoint,Prospect Park,Brooklyn,Brooklyn
2019-03-28 14:42:04,2019-03-28 14:56:41,1,8.58,24.6,1.27,2.94,29.71,yellow,cash,LaGuardia Airport,SoHo,Queens,Manhattan
2019-03-08 16:03:51,2019-03-08 16:19:04,1,4.71,3.06,4.3,0.81,17.7,yellow,credit card,Forest Hills,Mott Haven/Port Morris,Queens,Bronx
2019-03-01 18:53:13,2019-03-01 19:07:12,1,0.94,1.45,2.75,0.52,12.9,yellow,cash,LaGuardia Airport,Mount Hope,Queens,Bronx
2019-03-20 13:46:26,2019-03-20 13:59:43,1,1.16,14.2,1.28,0.13,29.47,yellow,credit card,Midtown East,Marine Park/Mill Basin,Manhattan,Brooklyn
2019-03-10 11:36:40,2019-03-10 11:51:37,1,0.44,12.09,0.79,0.32,13.6,yellow,cash,Manhattan Valley,South Jamaica,Manhattan,Queens
2019-03-08 00:32:25,2019-03-08 00:45:17,1,0.18,10.5,0.5,0.16,27.75,yellow,credit card,Times Sq/Theatre District,Alphabet City,Manhattan,Manhattan
2019-03-18 08:39:30,2019-03-18 08:53:43,1,0.24,9.88,0.43,0.11,10.0,yellow,cash,Kips Bay,Central Harlem,Manhattan,Manhattan
2019-03-25 15:06:33,2019-03-25 15:20:18,3,3.07,2.8,0.43,0.01,11.45,yellow,credit card,Yorkville West,Marble Hill,Manhattan,Manhattan
2019-03-12 16:40:25,2019-03-12 16:52:47,1,4.04,10.21,2.49,0.07,11.9,yellow,cash,Lincoln Square East,Woodside,Manhattan,Queens
2019-03-02 01:21:15,2019-03-02 01:31:54,1,2.29,12.72,5.28,0.26,25.1,yellow,credit card,Union Sq,Battery Park City,Manhattan,Manhattan
2019-03-16 02:15:08,2019-03-16 02:30:11,1,1.56,11.9,5.52,0.42,32.1,yellow,cash,West Chelsea/Hudson Yards,Sheepshead Bay,Manhattan,Brooklyn
2019-03-12 14:02:46,2019-03-12 14:17:22,1,15.43,4.12,2.4,0.57,12.92,yellow,credit card,JFK Airport,Van Cortlandt Village,Queens,Bronx
2019-03-27 06:32:47,2019-03-27 06:49:58,1,2.45,26.4,3.48,1.32,29.37,yellow,cash,JFK Airport,Williamsbridge/Olinville,Queens,Bronx
2019-03-04 02:54:59,2019-03-04 03:09:21,1,4.72,2.6,2.49,0.0,21.83,yellow,credit card,Upper West Side South,Park Slope,Manhattan,Brooklyn
2019-03-30 19:52:27,2019-03-30 20:06:05,1,0.99,4.8,0.59,0.04,14.27,yellow,cash,Central Park,Saint Albans,Manhattan,Queens
2019-03-08 22:43:07,2019-03-08 22:59:27,1,2.41,13.5,0.71,0.19,19.96,yellow,credit card,Midtown South,Kingsbridge Heights,Manhattan,Bronx
2019-03-31 09:02:42,2019-03-31 09:19:17,1,1.36,13.0,1.68,0.05,13.58,yellow,cash,Greenwich Village South,Ridgewood,Manhattan,Queens
2019-03-20 00:45:56,2019-03-20 01:01:17,1,1.01,5.0,0.55,0.11,14.5,yellow,credit card,East Chelsea,Mott Haven/Port Morris,Manhattan,Bronx
2019-02-28 18:58:40,2019-02-28 19:13:20,6,0.22,6.3,0.95,0.48,11.02,yellow,cash,West Village,Woodhaven,Manhattan,Queens
2019-03-12 19:11:11,2019-03-12 19:22:25,5,1.23,8.8,2.03,0.04,14.7,yellow,credit card,Murray Hill,Sheepshead Bay,Manhattan,Brooklyn
2019-03-30 11:13:40,2019-03-30 11:26:49,3,9.52,9.96,1.33,0.08,12.0,yellow,cash,Crown Heights North,Soundview/Bruckner,Brooklyn,Bronx
2019-03-22 17:39:21,2019-03-22 17:52:16,1,4.82,8.0,0.06,0.09,25.43,yellow,credit card,Greenwich Village South,Hamilton Heights,Manhattan,Manhattan
2019-03-01 01:49:43,2019-03-01 02:01:40,2,0.49,4.2,0.04,0.02,4.9,yellow,cash,Midwood,East Harlem South,Brooklyn,Manhattan
2019-03-04 17:06:36,2019-03-04 17:20:23,1,0.33,4.62,0.79,1.81,15.5,yellow,credit card,LaGuardia Airport,West Brighton,Queens,Staten Island
2019-03-17 18:58:25,2019-03-17 19:12:18,1,3.85,15.6,2.02,0.25,20.69,yellow,cash,Clinton East,Midtown South,Manhattan,Manhattan
2019-03-27 06:56:44,2019-03-27 07:09:24,1,0.24,10.18,7.4,0.0,14.78,yellow,credit card,Midtown North,East Harlem North,Manhattan,Manhattan
2019-03-21 18:28:38,2019-03-21 18:43:44,1,1.86,10.6,4.36,0.27,12.71,yellow,cash,Greenwich Village South,South Williamsburg,Manhattan,Brooklyn
2019-03-06 01:53:17,2019-03-06 02:06:43,2,3.51,3.5,3.37,0.71,14.49,yellow,credit card,Midtown North,Randalls Island,Manhattan,Manhattan
2019-03-16 01:27:20,2019-03-16 01:41:06,1,0.99,21.0,0.63,5.68,21.67,yellow,cash,JFK Airport,Gravesend,Queens,Brooklyn
2019-03-27 22:40:36,2019-03-27 22:54:28,1,4.92,13.31,1.73,0.08,14.0,yellow,credit card,Upper East Side South,Norwood,Manhattan,Bronx
2019-03-07 16:20:32,2019-03-07 16:34:04,1,1.27,11.04,11.36,0.04,12.1,yellow,cash,Washington Heights South,Roosevelt Island,Manhattan,Manhattan
2019-03-19 19:47:43,2019-03-19 19:58:02,6,4.67,8.02,0.97,0.12,25.1,yellow,credit card,Upper East Side North,Belmont,Manhattan,Bronx
2019-03-12 07:06:19,2019-03-12 07:20:50,1,1.32,6.7,4.97,0.07,15.82,yellow,cash,Midtown South,Gowanus,Manhattan,Brooklyn
2019-03-30 03:07:50,2019-03-30 03:20:48,2,12.58,66.72,11.8,1.93,67.9,yellow,credit card,Woodside,University Heights/Morris Heights,Queens,Bronx
2019-03-15 09:32:06,2019-03-15 09:47:37,6,2.91,2.29,12.15,1.48,17.6,yellow,cash,Jamaica,Lower East Side,Queens,Manhattan
2019-03-12 14:52:43,2019-03-12 15:08:07,2,1.63,15.84,0.17,0.18,25.4,yellow,credit card,Lincoln Square East,Oakland Gardens,Manhattan,Queens
2019-03-20 03:29:54,2019-03-20 03:44:41,6,7.46,14.26,1.14,0.09,16.2,yellow,cash,East Village,Murray Hill-Queens,Manhattan,Queens
2019-03-02 07:15:20,2019-03-02 07:30:06,1,0.68,7.3,3.21,0.02,11.77,yellow,credit card,Morningside Heights,Alphabet City,Manhattan,Manhattan
2019-03-23 00:37:47,2019-03-23 00:53:07,2,0.25,9.9,1.01,0.05,17.67,yellow,cash,Garment District,Murray Hill-Queens,Manhattan,Queens
2019-03-29 04:47:38,2019-03-29 05:02:17,2,8.83,27.7,3.66,1.55,30.49,yellow,credit card,Queensbridge/Ravenswood,East Chelsea,Queens,Manhattan
2019-03-12 15:52:48,2019-03-12 16:08:18,4,1.83,9.7,1.24,0.2,14.43,yellow,cash,East Harlem North,North Corona,Manhattan,Queens
2019-03-26 16:04:46,2019-03-26 16:17:35,1,4.59,16.34,0.17,0.02,17.2,yellow,credit card,East Williamsburg,Spuyten Duyvil/Kingsbridge,Brooklyn,Bronx
2019-03-01 10:30:57,2019-03-01 10:46:38,1,2.2,19.0,1.54,0.06,28.0,yellow,cash,Battery Park City,Hudson Sq,Manhattan,Manhattan
2019-03-25 10:17:23,2019-03-25 10:30:18,1,4.09,14.1,4.3,0.36,25.75,yellow,credit card,Penn Station/Madison Sq West,Midtown North,Manhattan,Manhattan
2019-03-03 20:12:14,2019-03-03 20:24:03,1,0.24,12.7,3.05,0.23,21.71,yellow,cash,Upper East Side South,Inwood Hill Park,Manhattan,Manhattan
2019-03-10 01:08:49,2019-03-10 01:22:16,2,2.44,13.41,0.89,0.0,20.6,yellow,credit card,Gramercy,Murray Hill,Manhattan,Manhattan
2019-03-12 17:29:13,2019-03-12 17:45:02,1,0.27,14.7,2.06,5.82,41.05,yellow,cash,Elmhurst,Flushing,Queens,Queens
2019-03-12 20:56:44,2019-03-12 21:09:43,5,1.39,2.82,2.1,0.02,9.48,yellow,credit card,Union Sq,Starrett City,Manhattan,Brooklyn
2019-03-01 11:48:04,2019-03-01 12:00:34,1,7.78,12.9,0.01,0.05,15.07,yellow,cash,Times Sq/Theatre District,Williamsburg (North Side),Manhattan,Brooklyn
2019-03-27 19:25:25,2019-03-27 19:39:33,2,4.71,9.12,0.56,0.16,14.0,yellow,credit card,UN/Turtle Bay South,Flatlands,Manhattan,Brooklyn
2019-03-29 07:46:45,2019-03-29 08:01:40,1,1.07,15.4,1.1,0.11,21.28,yellow,cash,Clinton East,Washington Heights South,Manhattan,Manhattan
2019-03-16 11:07:55,2019-03-16 11:22:15,1,1.22,5.09,1.33,0.05,6.2,yellow,credit card,Upper West Side South,Upper East Side South,Manhattan,Manhattan
2019-03-14 18:31:54,2019-03-14 18:44:50,1,1.95,8.0,0.19,0.02,17.4,yellow,cash,East Chelsea,Baisley Park,Manhattan,Queens
2019-03-01 08:44:41,2019-03-01 08:58:36,5,0.84,10.21,1.07,0.15,10.3,yellow,credit card,Lenox Hill East,Hamilton Heights,Manhattan,Manhattan
2019-03-29 03:20:29,2019-03-29 03:32:49,5,3.75,9.7,2.16,0.17,11.07,yellow,cash,Hudson Sq,Middle Village,Manhattan,Queens
2019-03-04 12:48:30,2019-03-04 13:01:04,6,1.18,7.99,0.51,0.23,15.1,yellow,credit card,Lenox Hill West,Pelham Parkway,Manhattan,Bronx
2019-03-09 04:33:43,2019-03-09 04:45:52,1,0.54,16.9,0.62,0.64,34.18,yellow,cash,JFK Airport,Battery Park City,Queens,Manhattan
2019-03-10 23:22:59,2019-03-10 23:38:19,1,1.32,20.1,0.8,0.16,28.81,yellow,credit card,Central Park,Times Sq/Theatre District,Manhattan,Manhattan
2019-03-30 03:55:54,2019-03-30 04:09:03,1,4.53,10.4,2.42,0.08,25.64,yellow,cash,Upper West Side North,Queensboro Hill,Manhattan,Queens
2019-03-17 15:11:27,2019-03-17 15:27:45,5,2.02,4.2,0.81,0.06,12.34,yellow,credit card,East Village,Murray Hill-Queens,Manhattan,Queens
2019-03-22 14:45:01,2019-03-22 14:57:49,1,1.27,5.0,2.17,0.23,22.09,yellow,cash,Kips Bay,East Elmhurst,Manhattan,Queens
2019-03-16 22:35:47,2019-03-16 22:52:30,1,0.21,7.0,1.23,0.05,17.44,yellow,credit card,Upper West Side South,Steinway,Manhattan,Queens
2019-03-22 23:36:44,2019-03-22 23:49:48,4,3.84,8.6,0.21,0.12,14.14,yellow,cash,Clinton East,Long Island City/Queens Plaza,Manhattan,Queens
2019-03-02 18:19:27,2019-03-02 18:34:04,1,0.64,8.45,2.94,0.16,10.9,yellow,credit card,Yorkville East,Jamaica Estates,Manhattan,Queens
2019-03-06 18:17:42,2019-03-06 18:32:42,5,0.13,9.2,2.39,0.49,11.55,yellow,cash,TriBeCa/Civic Center,Two Bridges/Seward Park,Manhattan,Manhattan
2019-03-30 14:49:47,2019-03-30 15:03:52,2,0.25,7.5,0.95,0.31,16.07,yellow,credit card,Upper West Side North,DUMBO/Vinegar Hill,Manhattan,Brooklyn
2019-03-20 13:28:58,2019-03-20 13:43:16,1,5.57,12.2,2.93,0.01,13.28,yellow,cash,Battery Park City,Claremont/Bathgate,Manhattan,Bronx
2019-03-25 19:39:19,2019-03-25 19:54:21,1,7.97,6.8,2.57,0.04,15.95,yellow,credit card,West Village,Kew Gardens,Manhattan,Queens
2019-03-31 07:57:58,2019-03-31 08:11:48,1,1.0,7.4,0.97,0.31,8.59,yellow,cash,Upper West Side South,Elmhurst,Manhattan,Queens
2019-03-08 13:54:05,2019-03-08 14:08:29,2,1.73,9.6,1.81,0.02,19.08,yellow,credit card,West Village,Central Harlem,Manhattan,Manhattan
2019-03-18 18:16:14,2019-03-18 18:31:18,1,1.19,10.8,7.75,0.05,22.28,yellow,cash,Penn Station/Madison Sq West,Bronxdale,Manhattan,Bronx
2019-03-12 01:39:38,2019-03-12 01:54:19,1,4.41,15.15,1.73,0.25,31.6,yellow,credit card,Yorkville West,Pelham Parkway,Manhattan,Bronx
2019-03-30 20:16:35,2019-03-30 20:32:07,1,0.67,19.5,2.94,0.02,37.44,yellow,cash,Upper East Side North,University Heights/Morris Heights,Manhattan,Bronx
2019-03-02 05:52:09,2019-03-02 06:06:59,6,0.73,20.8,3.45,0.04,28.09,yellow,credit card,Penn Station/Madison Sq West,Bronxdale,Manhattan,Bronx
2019-03-05 11:10:27,2019-03-05 11:25:11,1,5.14,9.56,1.02,0.14,14.6,yellow,cash,Greenwich Village North,Highbridge,Manhattan,Bronx
2019-03-03 19:57:05,2019-03-03 20:09:35,0,3.56,12.4,0.98,0.13,28.39,yellow,credit card,Sutton Place/Turtle Bay North,Elmhurst,Manhattan,Queens
2019-03-05 01:57:30,2019-03-05 02:12:15,1,1.4,5.1,2.65,0.08,11.95,yellow,cash,Lenox Hill West,Penn Station/Madison Sq West,Manhattan,Manhattan
2019-03-27 06:01:53,2019-03-27 06:14:39,2,2.82,8.0,1.39,0.18,18.8,yellow,credit card,Downtown Brooklyn/MetroTech,JFK Airport,Brooklyn,Queens
2019-03-08 21:58:08,2019-03-08 22:14:30,1,0.59,6.99,0.28,0.26,7.5,yellow,cash,TriBeCa/Civic Center,Stuyvesant Heights,Manhattan,Brooklyn
2019-03-05 01:22:33,2019-03-05 01:37:00,1,1.26,13.5,0.6,0.12,21.93,yellow,credit card,Upper East Side South,Soundview/Bruckner,Manhattan,Bronx
2019-03-13 04:02:43,2019-03-13 04:15:15,2,3.6,5.07,5.52,3.3,6.7,yellow,cash,Old Astoria,Seaport,Queens,Manhattan
2019-03-21 13:20:34,2019-03-21 13:35:54,4,0.45,14.57,0.1,0.67,23.9,yellow,credit card,East Concourse/Concourse Village,Red Hook,Bronx,Brooklyn
2019-03-13 07:47:19,2019-03-13 08:00:18,1,2.21,10.4,2.81,0.13,10.71,yellow,cash,Penn Station/Madison Sq West,Sunnyside,Manhattan,Queens
2019-03-24 14:33:11,2019-03-24 14:47:49,1,1.27,3.9,0.34,0.26,9.12,yellow,credit card,Yorkville East,Fort Greene,Manhattan,Brooklyn
2019-03-17 22:06:28,2019-03-17 22:23:41,1,5.84,6.48,0.22,0.01,16.0,yellow,cash,Kips Bay,Hillcrest/Pomonok,Manhattan,Queens
2019-03-25 03:58:13,2019-03-25 04:12:30,1,0.33,6.6,2.1,0.03,19.04,yellow,credit card,Clinton East,Clinton West,Manhattan,Manhattan
2019-03-06 19:24:32,2019-03-06 19:40:41,1,0.8,8.6,2.68,0.03,8.94,yellow,cash,East Village,Bedford,Manhattan,Brooklyn
2019-03-29 18:34:19,2019-03-29 18:48:58,2,0.7,6.0,1.95,0.01,10.03,yellow,credit card,East Harlem North,World Trade Center,Manhattan,Manhattan
2019-03-04 10:32:06,2019-03-04 10:47:10,1,1.62,8.6,0.9,0.01,17.37,yellow,cash,Kips Bay,Murray Hill,Manhattan,Manhattan
2019-03-01 01:07:04,2019-03-01 01:23:17,5,1.48,10.66,3.23,0.08,10.7,yellow,credit card,Upper West Side North,Bath Beach,Manhattan,Brooklyn
2019-03-02 12:57:45,2019-03-02 13:12:19,2,3.43,10.93,2.1,0.08,11.1,yellow,cash,Midtown Center,Stapleton,Manhattan,Staten Island
2019-03-01 00:47:28,2019-03-01 01:01:29,0,4.47,1.3,0.41,0.56,41.3,yellow,credit card,Forest Hills,Brooklyn Navy Yard,Queens,Brooklyn
2019-03-20 01:18:54,2019-03-20 01:34:43,2,5.58,7.1,1.41,0.46,15.9,yellow,cash,Penn Station/Madison Sq West,Briarwood/Jamaica Hills,Manhattan,Queens
2019-03-27 20:56:25,2019-03-27 21:08:27,1,2.85,27.93,0.93,2.38,36.3,yellow,credit card,Woodside,Midtown East,Queens,Manhattan
2019-03-16 22:49:45,2019-03-16 23:03:14,1,0.85,2.5,1.34,0.2,8.07,yellow,cash,Upper East Side North,Clinton Hill,Manhattan,Brooklyn
2019-03-03 13:00:33,2019-03-03 13:15:34,2,0.66,6.5,0.2,0.02,19.37,yellow,credit card,East Chelsea,Lenox Hill East,Manhattan,Manhattan
2019-03-24 07:10:39,2019-03-24 07:26:00,1,3.11,6.4,0.97,0.02,23.09,yellow,cash,Yorkville West,Financial District South,Manhattan,Manhattan
2019-03-22 11:09:47,2019-03-22 11:23:13,3,1.22,7.2,0.67,0.39,27.19,yellow,credit card,Upper East Side South,East Flatbush/Remsen Village,Manhattan,Brooklyn
2019-03-29 23:33:49,2019-03-29 23:46:23,1,3.68,4.8,1.66,0.4,30.55,yellow,cash,JFK Airport,Allerton/Pelham Gardens,Queens,Bronx
2019-03-30 00:03:16,2019-03-30 00:17:54,1,0.46,3.3,0.36,0.0,24.51,yellow,credit card,Upper West Side North,Williamsburg (South Side),Manhattan,Brooklyn
2019-03-27 15:51:15,2019-03-27 16:03:26,1,1.14,7.0,0.32,0.19,10.54,yellow,cash,Upper East Side South,Yorkville East,Manhattan,Manhattan
2019-03-10 07:43:59,2019-03-10 07:57:22,2,0.94,7.6,0.62,0.13,21.91,yellow,credit card,Midtown South,East Elmhurst,Manhattan,Queens
2019-03-15 09:19:45,2019-03-15 09:34:51,4,7.5,6.5,2.98,2.89,30.65,yellow,cash,Jamaica Estates,Flushing,Queens,Queens
2019-03-13 02:02:25,2019-03-13 02:15:39,2,3.2,14.7,5.22,0.0,23.79,yellow,credit card,Lower East Side,Westchester Village/Unionport,Manhattan,Bronx
2019-03-19 22:49:52,2019-03-19 23:02:37,2,5.55,5.03,2.02,0.15,14.9,yellow,cash,Greenwich Village North,Mott Haven/Port Morris,Manhattan,Bronx
2019-03-23 11:58:33,2019-03-23 12:11:48,2,4.64,6.2,0.55,0.03,13.19,yellow,credit card,Manhattan Valley,Cobble Hill,Manhattan,Brooklyn
2019-03-29 23:34:47,2019-03-29 23:48:32,1,7.45,5.8,0.06,1.41,109.67,yellow,cash,Van Nest/Morris Park,East Tremont,Bronx,Bronx
2019-03-06 11:25:21,2019-03-06 11:41:42,1,1.59,10.4,0.1,0.01,45.55,yellow,credit card,Sutton Place/Turtle Bay North,Kingsbridge Heights,Manhattan,Bronx
2019-03-10 18:34:22,2019-03-10 18:48:43,5,1.81,12.3,1.06,0.03,19.57,yellow,cash,Midtown South,South Jamaica,Manhattan,Queens
2019-03-09 14:54:44,2019-03-09 15:08:03,2,17.4,6.1,0.18,0.55,23.4,yellow,credit card,South Jamaica,Central Harlem,Queens,Manhattan
2019-03-21 00:44:04,2019-03-21 00:58:39,1,3.97,10.7,0.61,0.24,11.56,yellow,cash,Upper East Side North,Hillcrest/Pomonok,Manhattan,Queens
2019-03-13 09:24:02,2019-03-13 09:38:55,1,6.79,7.45,2.59,0.0,11.3,yellow,credit card,Kips Bay,Washington Heights North,Manhattan,Manhattan
2019-03-24 15:01:38,2019-03-24 15:18:24,1,2.7,11.0,2.46,1.61,31.33,yellow,cash,Queensbridge/Ravenswood,Kips Bay,Queens,Manhattan
2019-03-31 23:05:50,2019-03-31 23:19:28,1,0.06,13.66,2.81,0.05,18.8,yellow,credit card,TriBeCa/Civic Center,Battery Park City,Manhattan,Manhattan
2019-03-14 15:02:19,2019-03-14 15:17:58,1,0.63,26.16,1.6,0.3,27.7,yellow,cash,Upper West Side South,Queensbridge/Ravenswood,Manhattan,Queens
2019-03-07 06:58:26,2019-03-07 07:09:50,1,1.56,60.3,0.47,2.06,106.06,yellow,credit card,LaGuardia Airport,Midtown Center,Queens,Manhattan
2019-02-28 01:14:43,2019-02-28 01:28:52,1,0.55,9.9,0.18,0.6,11.35,yellow,cash,Midtown East,East Tremont,Manhattan,Bronx
2019-03-13 05:10:36,2019-03-13 05:24:49,1,3.04,9.7,0.28,0.1,10.13,yellow,credit card,Hamilton Heights,Kew Gardens Hills,Manhattan,Queens
2019-03-02 15:30:36,2019-03-02 15:43:26,1,0.78,12.9,1.96,0.14,17.91,yellow,cash,West Chelsea/Hudson Yards,Garment District,Manhattan,Manhattan
2019-03-13 10:47:18,2019-03-13 11:02:14,1,2.0,5.8,0.04,0.03,22.1,yellow,credit card,Flatiron,Flushing,Manhattan,Queens
2019-03-13 09:05:40,2019-03-13 09:22:03,5,5.42,15.48,1.68,0.25,31.3,yellow,cash,Woodside,Clinton Hill,Queens,Brooklyn
2019-03-16 08:58:01,2019-03-16 09:12:19,1,5.88,7.0,1.93,0.02,32.24,yellow,credit card,Clinton West,Soundview/Castle Hill,Manhattan,Bronx
2019-03-21 15:53:06,2019-03-21 16:05:12,1,0.69,9.0,2.89,0.49,20.34,yellow,cash,Central Park,Upper East Side South,Manhattan,Manhattan
2019-03-23 00:13:22,2019-03-23 00:25:34,1,1.55,3.4,1.38,0.06,10.75,yellow,credit card,Upper East Side North,Upper West Side North,Manhattan,Manhattan
2019-03-21 01:41:36,2019-03-21 01:55:02,1,3.34,7.1,2.06,0.14,8.48,yellow,cash,Hudson Sq,Van Nest/Morris Park,Manhattan,Bronx
2019-03-13 19:44:38,2019-03-13 19:56:00,1,7.54,8.8,7.64,0.01,12.96,yellow,credit card,Clinton East,Gravesend,Manhattan,Brooklyn
2019-03-01 11:27:18,2019-03-01 11:39:52,1,0.48,4.1,0.01,0.22,11.03,yellow,cash,Greenwich Village South,East Concourse/Concourse Village,Manhattan,Bronx
2019-03-19 12:08:28,2019-03-19 12:23:17,5,2.65,8.0,0.25,0.03,15.72,yellow,credit card,Upper West Side South,Melrose South,Manhattan,Bronx
2019-03-15 02:09:20,2019-03-15 02:25:36,1,11.91,4.74,0.58,0.63,41.8,yellow,cash,Jamaica Estates,Westchester Village/Unionport,Queens,Bronx
2019-03-03 08:34:50,2019-03-03 08:51:53,0,0.42,4.3,3.63,0.13,8.78,yellow,credit card,Clinton East,Springfield Gardens South,Manhattan,Queens
2019-03-23 20:01:27,2019-03-23 20:18:02,1,0.27,9.6,2.36,0.12,12.38,yellow,cash,West Chelsea/Hudson Yards,South Williamsburg,Manhattan,Brooklyn
2019-03-28 23:05:34,2019-03-28 23:18:13,1,2.88,10.67,0.17,0.27,18.7,yellow,credit card,Sutton Place/Turtle Bay North,Lenox Hill West,Manhattan,Manhattan
2019-03-19 12:54:29,2019-03-19 13:08:41,1,0.84,10.83,3.14,0.06,35.9,yellow,cash,Fort Greene,Bayside,Brooklyn,Queens
2019-03-26 09:29:11,2019-03-26 09:44:10,5,0.0,6.1,0.64,0.02,7.4,yellow,credit card,Clinton East,Windsor Terrace,Manhattan,Brooklyn
2019-03-06 08:12:18,2019-03-06 08:28:04,1,1.98,10.6,0.43,0.02,15.15,yellow,cash,Union Sq,Co-Op City,Manhattan,Bronx
2019-02-28 04:42:59,2019-02-28 04:58:22,2,1.67,5.5,5.1,0.07,23.38,yellow,credit card,UN/Turtle Bay South,UN/Turtle Bay South,Manhattan,Manhattan
2019-03-28 16:52:28,2019-03-28 17:04:52,1,4.2,9.9,0.09,0.13,12.29,yellow,cash,Clinton West,Clinton East,Manhattan,Manhattan
2019-02-28 10:13:57,2019-02-28 10:28:41,1,0.38,14.0,1.1,0.19,23.51,yellow,credit card,Penn Station/Madison Sq West,Sunset Park West,Manhattan,Brooklyn
2019-03-12 16:33:08,2019-03-12 16:47:31,1,0.27,5.72,2.66,0.15,16.4,yellow,cash,Upper West Side South,Brighton Beach,Manhattan,Brooklyn
2019-03-14 14:11:33,2019-03-14 14:24:18,1,0.67,10.38,0.8,0.26,18.9,yellow,credit card,Yorkville West,Clinton Hill,Manhattan,Brooklyn
2019-03-02 07:35:10,2019-03-02 07:50:59,5,4.44,4.9,0.28,0.0,6.52,yellow,cash,Sutton Place/Turtle Bay North,Central Park,Manhattan,Manhattan
2019-03-27 19:19:53,2019-03-27 19:33:52,1,6.18,3.6,2.19,0.03,22.05,yellow,credit card,Greenwich Village South,Brooklyn Heights,Manhattan,Brooklyn
2019-03-11 22:38:13,2019-03-11 22:52:21,3,10.03,6.78,0.14,0.72,7.8,yellow,cash,Upper West Side South,DUMBO/Vinegar Hill,Manhattan,Brooklyn
2019-03-24 09:28:25,2019-03-24 09:42:43,2,1.57,4.7,1.19,0.13,8.93,yellow,credit card,Kips Bay,Williamsburg (South Side),Manhattan,Brooklyn
2019-03-20 08:25:45,2019-03-20 08:39:34,1,7.13,9.0,2.66,0.1,9.78,yellow,cash,Manhattan Valley,Parkchester,Manhattan,Bronx
2019-03-05 14:21:25,2019-03-05 14:35:53,2,4.95,19.5,1.7,1.5,23.27,yellow,credit card,JFK Airport,Gravesend,Queens,Brooklyn
2019-03-03 00:25:35,2019-03-03 00:40:13,0,5.43,47.61,1.03,0.15,118.2,yellow,cash,Brooklyn Heights,Spuyten Duyvil/Kingsbridge,Brooklyn,Bronx
2019-03-14 18:16:55,2019-03-14 18:34:01,2,0.46,7.29,1.46,0.06,10.4,yellow,credit card,Union Sq,West Village,Manhattan,Manhattan
2019-03-14 17:08:34,2019-03-14 17:23:21,1,10.19,16.0,2.31,0.23,27.3,yellow,cash,Flatiron,Hamilton Heights,Manhattan,Manhattan
2019-03-05 02:04:20,2019-03-05 02:18:42,1,1.42,8.1,1.48,0.1,17.22,yellow,credit card,West Chelsea/Hudson Yards,Upper West Side North,Manhattan,Manhattan
2019-03-25 09:28:22,2019-03-25 09:39:57,4,6.41,14.1,5.86,0.07,18.99,yellow,cash,Long Island City/Hunters Point,Roosevelt Island,Queens,Manhattan
2019-03-29 21:02:17,2019-03-29 21:15:50,1,2.06,17.1,0.05,0.27,65.64,yellow,credit card,Highbridge,Windsor Terrace,Bronx,Brooklyn
2019-03-22 01:21:43,2019-03-22 01:36:32,2,0.53,7.7,4.2,0.22,12.29,yellow,cash,Gramercy,Hunts Point,Manhattan,Bronx
2019-03-14 03:06:04,2019-03-14 03:21:24,1,2.0,12.7,0.71,0.13,15.71,yellow,credit card,Lenox Hill West,Briarwood/Jamaica Hills,Manhattan,Queens
2019-03-07 04:16:53,2019-03-07 04:31:12,1,1.41,15.14,4.29,0.02,15.5,yellow,cash,Penn Station/Madison Sq West,Auburndale,Manhattan,Queens
2019-03-10 04:51:45,2019-03-10 05:04:26,1,0.18,7.2,0.93,0.04,9.92,yellow,credit card,Greenwich Village South,Midtown Center,Manhattan,Manhattan
2019-03-03 19:16:24,2019-03-03 19:29:48,1,2.64,4.21,4.0,0.07,15.68,yellow,cash,Gramercy,Upper West Side South,Manhattan,Manhattan
2019-03-05 01:06:08,2019-03-05 01:20:16,1,0.11,8.5,0.77,0.18,20.75,yellow,credit card,Midtown North,Williamsbridge/Olinville,Manhattan,Bronx
2019-03-01 20:39:26,2019-03-01 20:54:19,2,1.06,18.4,2.67,0.07,18.64,yellow,cash,Times Sq/Theatre District,College Point,Manhattan,Queens
2019-03-19 18:46:20,2019-03-19 19:00:00,1,1.47,4.3,0.76,0.15,11.76,yellow,credit card,Clinton East,Yorkville West,Manhattan,Manhattan
2019-03-21 17:10:44,2019-03-21 17:26:16,1,2.35,5.2,2.78,0.01,28.29,yellow,cash,Morningside Heights,East Flatbush/Remsen Village,Manhattan,Brooklyn
2019-03-23 12:24:26,2019-03-23 12:37:56,2,1.05,7.2,0.24,0.01,11.94,yellow,credit card,Central Harlem,Middle Village,Manhattan,Queens
2019-03-24 06:36:36,2019-03-24 06:49:30,2,4.45,19.41,0.51,0.61,21.2,yellow,cash,Kips Bay,Little Italy/NoLiTa,Manhattan,Manhattan
2019-03-30 07:32:09,2019-03-30 07:46:05,1,0.17,10.6,1.4,0.12,10.86,yellow,credit card,Midtown East,Eastchester,Manhattan,Bronx
2019-03-03 23:22:10,2019-03-03 23:35:34,1,0.52,4.7,2.36,0.03,18.04,yellow,cash,SoHo,Eastchester,Manhattan,Bronx
2019-03-16 17:44:49,2019-03-16 17:58:28,1,6.87,4.3,1.79,0.09,8.3,yellow,credit card,Flatiron,Whitestone,Manhattan,Queens
2019-03-16 01:31:06,2019-03-16 01:45:06,1,5.12,7.7,1.07,0.08,11.69,yellow,cash,Central Park,Clinton East,Manhattan,Manhattan
2019-03-16 15:52:11,2019-03-16 16:06:17,2,4.07,8.6,0.64,0.16,13.16,yellow,credit card,TriBeCa/Civic Center,Ozone Park,Manhattan,Queens
2019-03-15 06:44:13,2019-03-15 06:58:09,1,0.38,7.49,2.58,0.14,32.8,yellow,cash,Midtown East,Bushwick South,Manhattan,Brooklyn
2019-03-17 02:26:31,2019-03-17 02:40:04,1,19.63,11.9,0.28,0.08,56.49,yellow,credit card,Boerum Hill,Brooklyn Navy Yard,Brooklyn,Brooklyn
2019-03-05 19:50:16,2019-03-05 20:04:20,2,9.7,14.9,0.03,1.86,84.56,yellow,cash,Co-Op City,Clinton Hill,Bronx,Brooklyn
2019-03-24 01:28:44,2019-03-24 01:43:27,1,1.7,8.3,0.84,0.2,17.75,yellow,credit card,Chinatown,Lower East Side,Manhattan,Manhattan
2019-03-28 19:21:38,2019-03-28 19:35:06,1,0.6,10.1,1.24,0.04,15.55,yellow,cash,East Chelsea,Bedford Park,Manhattan,Bronx
2019-03-17 05:24:57,2019-03-17 05:38:35,1,0.12,5.68,2.48,0.02,28.5,yellow,credit card,World Trade Center,Flatlands,Manhattan,Brooklyn
2019-03-22 14:55:03,2019-03-22 15:09:30,1,7.91,18.7,0.12,0.51,29.5,yellow,cash,Midtown South,Starrett City,Manhattan,Brooklyn
2019-03-07 04:18:45,2019-03-07 04:33:13,1,6.98,6.3,1.36,0.05,22.66,yellow,credit card,Lincoln Square West,Midtown East,Manhattan,Manhattan
2019-03-10 22:55:49,2019-03-10 23:08:58,1,1.03,18.8,1.66,0.03,35.99,yellow,cash,East Village,DUMBO/Vinegar Hill,Manhattan,Brooklyn
2019-03-10 17:27:03,2019-03-10 17:42:02,1,1.15,6.2,1.19,0.16,15.1,yellow,credit card,Central Park,Dyker Heights,Manhattan,Brooklyn
2019-03-26 17:00:31,2019-03-26 17:17:12,0,1.62,15.2,1.7,3.01,16.69,yellow,cash,LaGuardia Airport,SoHo,Queens,Manhattan
2019-03-09 02:19:06,2019-03-09 02:34:24,1,1.0,8.9,0.04,0.24,14.37,yellow,credit card,Union Sq,Sunnyside,Manhattan,Queens
2019-03-02 19:37:24,2019-03-02 19:52:46,1,1.72,12.3,6.46,0.04,15.08,yellow,cash,Midtown East,Crown Heights South,Manhattan,Brooklyn
2019-02-28 10:49:43,2019-02-28 11:04:04,2,0.39,4.2,0.86,0.15,10.02,yellow,credit card,Yorkville East,Eastchester,Manhattan,Bronx
2019-03-02 13:11:44,2019-03-02 13:25:11,1,1.73,8.3,5.38,0.04,9.42,yellow,cash,Greenwich Village South,Roosevelt Island,Manhattan,Manhattan
2019-03-05 07:27:00,2019-03-05 07:43:07,1,15.88,6.01,0.03,0.18,17.6,yellow,credit card,Williamsburg (North Side),Carroll Gardens,Brooklyn,Brooklyn
2019-03-19 07:55:07,2019-03-19 08:11:26,1,1.58,7.4,1.9,0.04,10.03,yellow,cash,Garment District,LaGuardia Airport,Manhattan,Queens
2019-03-15 22:57:32,2019-03-15 23:13:57,1,1.04,5.8,0.11,0.03,19.6,yellow,credit card,Yorkville West,Greenwich Village South,Manhattan,Manhattan
2019-03-26 12:26:12,2019-03-26 12:39:01,1,0.79,30.7,0.76,0.28,44.56,yellow,cash,Jamaica,Woodlawn/Wakefield,Queens,Bronx
2019-03-03 11:28:11,2019-03-03 11:41:12,2,0.22,10.0,1.24,0.03,32.7,yellow,credit card,Morningside Heights,Crotona Park East,Manhattan,Bronx
2019-03-09 16:17:24,2019-03-09 16:31:37,1,11.25,19.97,0.12,0.15,23.2,yellow,cash,Park Slope,Financial District South,Brooklyn,Manhattan
2019-03-06 19:03:48,2019-03-06 19:18:20,1,0.52,4.9,1.44,0.02,10.42,yellow,credit card,Gramercy,Midtown Center,Manhattan,Manhattan
2019-03-09 23:26:18,2019-03-09 23:40:57,2,2.05,27.24,3.94,0.1,104.9,yellow,cash,JFK Airport,Columbia Street,Queens,Brooklyn
2019-03-09 06:13:13,2019-03-09 06:27:54,5,1.98,11.41,3.03,1.56,42.4,yellow,credit card,JFK Airport,Penn Station/Madison Sq West,Queens,Manhattan
2019-03-22 08:26:15,2019-03-22 08:40:48,1,3.2,9.96,0.26,0.07,18.4,yellow,cash,Upper West Side North,Times Sq/Theatre District,Manhattan,Manhattan
2019-03-11 22:00:35,2019-03-11 22:14:53,6,1.48,4.88,3.9,0.08,13.89,yellow,credit card,Midtown East,West Brighton,Manhattan,Staten Island
2019-03-06 20:23:10,2019-03-06 20:36:39,2,0.35,7.5,0.02,0.48,10.27,yellow,cash,UN/Turtle Bay South,Upper East Side South,Manhattan,Manhattan
2019-03-20 18:32:14,2019-03-20 18:47:14,1,2.95,4.3,0.75,0.01,11.21,yellow,credit card,Upper West Side South,West Concourse,Manhattan,Bronx
2019-03-09 23:49:39,2019-03-10 00:04:00,1,0.17,9.6,0.14,0.64,25.15,yellow,cash,Washington Heights South,Dyker Heights,Manhattan,Brooklyn
2019-03-18 04:43:17,2019-03-18 04:58:13,1,1.43,15.1,2.63,0.08,39.56,yellow,credit card,Midtown East,Kips Bay,Manhattan,Manhattan
2019-03-24 18:38:59,2019-03-24 18:52:39,1,0.12,19.7,3.66,2.6,35.61,yellow,cash,LaGuardia Airport,Forest Hills,Queens,Queens
2019-03-22 21:32:45,2019-03-22 21:47:57,1,8.54,7.1,4.55,1.21,8.19,yellow,credit card,JFK Airport,Douglaston,Queens,Queens
2019-02-28 21:44:57,2019-02-28 21:59:30,1,7.41,11.7,0.63,3.73,21.9,yellow,cash,Queens Village,JFK Airport,Queens,Queens
2019-03-15 03:47:48,2019-03-15 03:59:04,2,0.1,7.13,1.95,0.01,9.3,yellow,credit card,Lenox Hill East,East New York,Manhattan,Brooklyn
2019-03-08 22:20:37,2019-03-08 22:35:39,2,0.82,9.4,1.41,0.03,10.08,yellow,cash,Upper West Side South,Eastchester,Manhattan,Bronx
2019-03-09 08:32:45,2019-03-09 08:45:52,2,2.51,9.75,3.92,0.54,12.2,yellow,credit card,Upper East Side North,Maspeth,Manhattan,Queens
2019-03-24 09:43:03,2019-03-24 09:58:24,1,1.87,5.34,4.4,0.3,8.93,yellow,cash,Greenwich Village North,Upper East Side South,Manhattan,Manhattan
2019-03-16 16:23:58,2019-03-16 16:38:20,1,0.51,6.75,6.06,0.21,17.9,yellow,credit card,Upper West Side North,Eastchester,Manhattan,Bronx
2019-03-29 16:59:50,2019-03-29 17:13:10,2,1.37,8.6,0.63,0.24,15.24,yellow,cash,Penn Station/Madison Sq West,West Concourse,Manhattan,Bronx
2019-03-30 23:43:03,2019-03-30 23:58:46,1,2.54,11.9,0.66,0.01,13.62,yellow,credit card,Lower East Side,Battery Park,Manhattan,Manhattan
2019-03-02 05:11:51,2019-03-02 05:25:31,2,2.7,6.1,0.1,0.14,22.08,yellow,cash,Alphabet City,East Flatbush/Remsen Village,Manhattan,Brooklyn
2019-03-11 17:24:56,2019-03-11 17:38:56,2,7.36,14.76,2.66,0.15,18.3,yellow,credit card,Financial District North,Red Hook,Manhattan,Brooklyn
2019-03-31 19:26:38,2019-03-31 19:41:43,1,0.56,11.6,0.69,0.06,21.28,yellow,cash,Clinton West,Boerum Hill,Manhattan,Brooklyn
2019-03-28 15:56:17,2019-03-28 16:11:46,1,0.37,6.9,0.82,0.06,15.23,yellow,credit card,Meatpacking/West Village West,Washington Heights South,Manhattan,Manhattan
2019-03-17 11:56:19,2019-03-17 12:10:05,2,0.19,19.8,2.46,0.29,21.53,yellow,cash,West Village,World Trade Center,Manhattan,Manhattan
2019-03-20 16:41:38,2019-03-20 16:53:04,1,1.53,7.9,1.43,0.34,8.25,yellow,credit card,Financial District South,Starrett City,Manhattan,Brooklyn
2019-03-14 15:17:05,2019-03-14 15:29:19,1,10.05,3.0,0.32,0.08,9.25,yellow,cash,Erasmus,Midwood,Brooklyn,Brooklyn
2019-03-23 19:26:51,2019-03-23 19:41:59,1,0.44,6.02,0.14,0.12,15.4,yellow,credit card,Sutton Place/Turtle Bay North,Meatpacking/West Village West,Manhattan,Manhattan
2019-03-05 02:35:58,2019-03-05 02:50:07,1,5.34,12.41,2.06,0.81,52.8,yellow,cash,Whitestone,Riverdale/North Riverdale/Fieldston,Queens,Bronx
2019-03-27 07:13:38,2019-03-27 07:27:08,1,0.96,3.5,1.1,0.26,15.47,yellow,credit card,East Harlem South,Murray Hill,Manhattan,Manhattan
2019-03-31 03:11:02,2019-03-31 03:24:52,1,2.56,4.3,0.49,0.23,14.04,yellow,cash,Lenox Hill West,Manhattan Beach,Manhattan,Brooklyn
2019-03-07 02:15:21,2019-03-07 02:27:28,1,1.51,5.8,0.78,0.11,17.29,yellow,credit card,Sutton Place/Turtle Bay North,Starrett City,Manhattan,Brooklyn
2019-03-09 23:51:35,2019-03-10 00:06:40,1,7.42,6.83,1.16,0.35,18.9,yellow,cash,Crown Heights North,Marine Park/Mill Basin,Brooklyn,Brooklyn
2019-03-01 20:31:42,2019-03-01 20:48:47,1,0.33,11.6,2.9,0.03,17.1,yellow,credit card,Clinton East,Brooklyn Heights,Manhattan,Brooklyn
2019-03-21 07:06:50,2019-03-21 07:20:42,2,3.85,8.72,6.0,1.48,36.12,yellow,cash,Flushing,Bath Beach,Queens,Brooklyn
2019-03-16 17:04:03,2019-03-16 17:19:34,1,1.54,3.3,0.02,0.13,11.9,yellow,credit card,Hamilton Heights,Murray Hill,Manhattan,Manhattan
2019-03-27 09:49:04,2019-03-27 10:00:29,1,2.66,23.0,0.41,0.56,36.77,yellow,cash,Boerum Hill,Whitestone,Brooklyn,Queens
2019-03-02 05:12:25,2019-03-02 05:27:11,1,1.95,9.4,3.02,0.12,10.54,yellow,credit card,Lower East Side,Midtown Center,Manhattan,Manhattan
2019-03-11 22:58:05,2019-03-11 23:14:30,1,0.05,5.94,2.43,0.03,12.5,yellow,cash,Lincoln Square East,Soundview/Castle Hill,Manhattan,Bronx
2019-03-30 16:51:13,2019-03-30 17:03:00,1,1.78,5.3,2.08,0.18,18.05,yellow,credit card,Penn Station/Madison Sq West,Carroll Gardens,Manhattan,Brooklyn
2019-03-29 11:58:29,2019-03-29 12:15:33,1,2.63,13.4,2.21,0.1,13.68,yellow,cash,Sutton Place/Turtle Bay North,Park Slope,Manhattan,Brooklyn
2019-03-02 21:59:37,2019-03-02 22:14:02,1,6.11,3.5,0.61,0.35,6.78,yellow,credit card,Williamsburg (South Side),Flushing Meadows-Corona Park,Brooklyn,Queens
2019-03-17 22:54:23,2019-03-17 23:06:44,1,4.67,7.6,0.12,0.1,17.57,yellow,cash,Bronxdale,Lincoln Square West,Bronx,Manhattan
2019-03-31 15:30:16,2019-03-31 15:42:54,1,0.01,6.7,0.72,0.06,17.25,yellow,credit card,East Chelsea,Corona,Manhattan,Queens
2019-03-02 13:41:48,2019-03-02 13:54:26,1,0.03,14.47,0.07,0.18,15.1,yellow,cash,Seaport,Penn Station/Madison Sq West,Manhattan,Manhattan
2019-03-13 16:57:30,2019-03-13 17:08:49,1,9.4,15.69,1.37,1.41,92.9,yellow,credit card,LaGuardia Airport,Little Italy/NoLiTa,Queens,Manhattan
2019-03-14 14:00:01,2019-03-14 14:15:00,1,4.76,10.1,2.13,0.24,12.5,yellow,cash,Union Sq,Woodside,Manhattan,Queens
2019-03-02 17:34:48,2019-03-02 17:51:15,1,0.7,9.9,1.0,0.02,15.65,yellow,credit card,Midtown East,Richmond Hill,Manhattan,Queens
2019-03-03 07:47:59,2019-03-03 08:01:35,1,3.17,11.1,7.35,1.87,11.63,yellow,cash,Jackson Heights,West Concourse,Queens,Bronx
2019-03-09 05:15:59,2019-03-09 05:29:03,2,0.82,8.4,0.61,0.07,9.87,yellow,credit card,Times Sq/Theatre District,Downtown Brooklyn/MetroTech,Manhattan,Brooklyn
2019-03-04 16:49:49,2019-03-04 17:04:10,2,4.54,24.52,1.66,0.1,32.9,yellow,cash,Battery Park City,Oakland Gardens,Manhattan,Queens
2019-03-05 08:48:44,2019-03-05 09:04:10,1,0.5,9.3,1.73,0.45,10.07,yellow,credit card,Central Harlem,Meatpacking/West Village West,Manhattan,Manhattan
2019-03-30 16:47:40,2019-03-30 17:01:58,3,1.31,3.2,0.41,0.16,13.78,yellow,cash,Meatpacking/West Village West,Prospect Park,Manhattan,Brooklyn
2019-03-29 12:01:27,2019-03-29 12:17:02,1,1.11,10.4,1.64,0.13,11.85,yellow,credit card,Midtown Center,Brooklyn Heights,Manhattan,Brooklyn
2019-03-24 13:52:45,2019-03-24 14:06:27,1,0.31,10.6,1.59,0.01,33.0,yellow,cash,Upper East Side South,Stuyvesant Heights,Manhattan,Brooklyn
2019-03-23 21:38:59,2019-03-23 21:53:06,1,2.87,8.6,1.89,0.12,22.43,yellow,credit card,Kips Bay,East Tremont,Manhattan,Bronx
2019-03-02 03:33:32,2019-03-02 03:49:46,1,4.5,7.8,0.28,0.04,8.76,yellow,cash,Lower East Side,Randalls Island,Manhattan,Manhattan
2019-03-14 15:29:47,2019-03-14 15:43:27,1,1.05,9.41,2.21,0.03,22.1,yellow,credit card,Penn Station/Madison Sq West,Columbia Street,Manhattan,Brooklyn
2019-02-28 01:59:25,2019-02-28 02:13:41,1,1.38,8.9,6.26,0.03,17.59,yellow,cash,East Village,East Harlem South,Manhattan,Manhattan
2019-03-09 13:43:25,2019-03-09 14:00:06,1,0.42,10.3,1.65,0.18,23.68,yellow,credit card,Central Park,Greenpoint,Manhattan,Brooklyn
2019-03-16 19:38:35,2019-03-16 19:52:07,1,2.96,5.19,5.4,0.06,6.8,yellow,cash,Lower East Side,Williamsburg (North Side),Manhattan,Brooklyn
2019-03-27 11:28:34,2019-03-27 11:42:22,3,4.27,5.35,0.78,0.18,14.9,yellow,credit card,Flatlands,West Chelsea/Hudson Yards,Brooklyn,Manhattan
2019-03-02 21:25:02,2019-03-02 21:39:33,1,5.65,12.36,1.16,0.14,14.1,yellow,cash,Lower East Side,Boerum Hill,Manhattan,Brooklyn
2019-03-19 05:51:44,2019-03-19 06:06:44,1,1.85,6.0,1.38,0.01,18.39,yellow,credit card,Morningside Heights,West Brighton,Manhattan,Staten Island
2019-03-29 11:10:43,2019-03-29 11:25:50,1,3.23,7.7,1.12,0.1,16.21,yellow,cash,East Harlem South,Soundview/Castle Hill,Manhattan,Bronx
2019-03-14 19:10:58,2019-03-14 19:24:44,1,2.3,10.63,2.68,0.12,15.3,yellow,credit card,Union Sq,Kips Bay,Manhattan,Manhattan
2019-03-08 06:05:17,2019-03-08 06:18:53,1,0.57,10.8,5.88,0.48,11.96,yellow,cash,Lincoln Square East,Midtown Center,Manhattan,Manhattan
2019-03-23 18:47:15,2019-03-23 18:59:51,5,4.24,13.4,3.23,4.16,20.2,yellow,credit card,LaGuardia Airport,Bay Ridge,Queens,Brooklyn
2019-03-09 12:28:17,2019-03-09 12:45:46,1,2.23,14.42,0.05,0.1,23.5,yellow,cash,Upper West Side North,Washington Heights South,Manhattan,Manhattan
2019-03-20 00:44:25,2019-03-20 00:56:17,6,2.37,19.2,0.42,0.45,33.1,yellow,credit card,Murray Hill,Midwood,Manhattan,Brooklyn
2019-03-04 07:58:07,2019-03-04 08:10:31,2,0.14,11.33,0.87,0.02,11.6,yellow,cash,East Village,Homecrest,Manhattan,Brooklyn
2019-03-11 08:31:13,2019-03-11 08:44:20,1,3.45,3.7,0.56,0.31,12.24,yellow,credit card,Midtown Center,Woodhaven,Manhattan,Queens
2019-03-22 11:40:48,2019-03-22 11:52:24,1,0.55,9.54,0.07,0.31,10.2,yellow,cash,TriBeCa/Civic Center,Carroll Gardens,Manhattan,Brooklyn
2019-03-03 04:55:16,2019-03-03 05:08:51,3,3.98,17.1,0.06,0.3,52.87,yellow,credit card,Morrisania/Melrose,Jackson Heights,Bronx,Queens
2019-03-25 08:55:44,2019-03-25 09:10:15,4,0.06,9.8,1.45,0.36,30.79,yellow,cash,Lenox Hill East,Jamaica,Manhattan,Queens
2019-03-01 11:47:36,2019-03-01 12:01:29,1,0.08,14.56,2.32,0.25,14.6,yellow,credit card,Times Sq/Theatre District,Sheepshead Bay,Manhattan,Brooklyn
2019-03-12 20:55:16,2019-03-12 21:10:23,1,2.68,4.2,2.43,0.21,9.87,yellow,cash,Battery Park City,East Chelsea,Manhattan,Manhattan
2019-03-18 10:48:45,2019-03-18 11:04:32,1,0.24,10.1,0.93,0.03,13.46,yellow,credit card,Midtown Center,Eastchester,Manhattan,Bronx
2019-03-16 17:29:08,2019-03-16 17:45:34,1,0.32,10.7,2.47,0.08,16.79,yellow,cash,West Chelsea/Hudson Yards,Cambria Heights,Manhattan,Queens
2019-03-09 06:43:30,2019-03-09 06:59:41,1,2.23,15.1,2.14,0.15,19.54,yellow,credit card,Midtown Center,Penn Station/Madison Sq West,Manhattan,Manhattan
2019-03-15 22:06:46,2019-03-15 22:20:58,2,0.94,16.7,0.69,0.08,39.0,yellow,cash,East Village,Greenpoint,Manhattan,Brooklyn
2019-03-14 20:00:08,2019-03-14 20:12:11,1,1.77,8.3,1.62,0.0,14.25,yellow,credit card,Penn Station/Madison Sq West,Prospect Heights,Manhattan,Brooklyn
2019-03-19 23:47:37,2019-03-20 00:02:25,1,1.53,24.23,5.02,2.07,28.9,yellow,cash,JFK Airport,Oakland Gardens,Queens,Queens
2019-03-16 16:41:51,2019-03-16 16:57:37,1,3.69,1.3,0.45,0.68,14.0,yellow,credit card,Elmhurst,Crotona Park East,Queens,Bronx
2019-03-09 10:08:46,2019-03-09 10:24:01,1,4.99,8.2,1.19,0.0,26.54,yellow,cash,Washington Heights South,Midtown Center,Manhattan,Manhattan
2019-03-22 05:16:01,2019-03-22 05:29:45,1,2.1,5.1,2.67,0.4,31.06,yellow,credit card,Upper West Side South,Murray Hill,Manhattan,Manhattan
2019-03-19 15:03:16,2019-03-19 15:15:15,1,6.56,4.8,0.03,0.7,10.01,yellow,cash,Union Sq,Starrett City,Manhattan,Brooklyn
2019-03-02 03:56:38,2019-03-02 04:10:52,1,0.11,15.43,1.03,0.12,19.0,yellow,credit card,East Chelsea,Bath Beach,Manhattan,Brooklyn
2019-03-05 14:16:52,2019-03-05 14:28:34,1,7.87,12.5,0.11,0.31,29.49,yellow,cash,Yorkville East,Dyker Heights,Manhattan,Brooklyn
2019-03-07 06:01:02,2019-03-07 06:14:41,1,0.35,5.3,1.23,0.53,19.92,yellow,credit card,Bushwick South,Long Island City/Queens Plaza,Brooklyn,Queens
2019-03-04 18:46:00,2019-03-04 18:59:10,5,2.02,3.9,1.59,0.26,49.8,yellow,cash,TriBeCa/Civic Center,Financial District South,Manhattan,Manhattan
2019-03-10 02:50:32,2019-03-10 03:04:45,0,6.66,7.2,1.42,0.0,21.04,yellow,credit card,Lower East Side,Williamsburg (South Side),Manhattan,Brooklyn
2019-03-27 15:41:07,2019-03-27 15:56:23,1,2.83,6.3,1.1,0.01,8.66,yellow,cash,Clinton East,Bronxdale,Manhattan,Bronx
2019-03-23 15:58:52,2019-03-23 16:13:56,5,2.77,12.58,0.04,0.0,15.3,yellow,credit card,Times Sq/Theatre District,Garment District,Manhattan,Manhattan
2019-03-24 06:33:33,2019-03-24 06:47:40,3,11.6,12.2,1.42,0.32,26.34,yellow,cash,Upper West Side South,East Harlem North,Manhattan,Manhattan
2019-03-26 16:11:34,2019-03-26 16:26:57,1,0.06,7.3,2.33,0.01,10.25,yellow,credit card,Murray Hill,Flatbush/Ditmas Park,Manhattan,Brooklyn
2019-03-10 01:59:12,2019-03-10 02:13:58,1,4.34,5.4,0.29,0.86,18.14,yellow,cash,Washington Heights North,Ocean Hill,Manhattan,Brooklyn
2019-03-16 08:08:24,2019-03-16 08:20:42,1,1.11,44.33,0.24,0.45,61.9,yellow,credit card,Downtown Brooklyn/MetroTech,Manhattan Beach,Brooklyn,Brooklyn
2019-03-03 16:24:37,2019-03-03 16:39:34,1,0.81,6.13,4.0,0.58,6.27,yellow,cash,Upper East Side South,Battery Park,Manhattan,Manhattan
2019-03-09 11:29:15,2019-03-09 11:45:02,1,0.2,6.5,4.84,0.07,18.11,yellow,credit card,Lenox Hill West,Hudson Sq,Manhattan,Manhattan
2019-03-11 21:45:48,2019-03-11 22:00:56,1,1.77,4.9,1.14,0.4,16.58,yellow,cash,Hudson Sq,Manhattanville,Manhattan,Manhattan
2019-03-28 14:02:57,2019-03-28 14:17:02,1,3.78,7.1,0.4,0.01,25.45,yellow,credit card,Times Sq/Theatre District,East Williamsburg,Manhattan,Brooklyn
2019-03-03 00:24:55,2019-03-03 00:37:53,1,7.96,5.9,2.49,0.01,10.51,yellow,cash,Upper West Side North,Gravesend,Manhattan,Brooklyn
2019-03-24 07:44:32,2019-03-24 07:57:52,1,3.01,4.48,4.0,0.18,14.09,yellow,credit card,Clinton West,Rosedale,Manhattan,Queens
2019-03-30 16:15:51,2019-03-30 16:31:07,1,6.38,9.62,2.08,0.14,11.3,yellow,cash,Upper West Side North,Jamaica Estates,Manhattan,Queens
2019-02-28 16:30:07,2019-02-28 16:43:46,0,1.79,8.9,5.42,0.03,16.65,yellow,credit card,Lincoln Square West,Marble Hill,Manhattan,Manhattan
2019-03-13 01:08:49,2019-03-13 01:22:15,1,3.32,12.87,1.57,0.12,22.7,yellow,cash,East Chelsea,Kew Gardens Hills,Manhattan,Queens
2019-03-07 12:46:26,2019-03-07 13:00:56,3,2.43,4.5,0.42,0.41,20.84,yellow,credit card,Gramercy,Fort Greene,Manhattan,Brooklyn
2019-03-14 23:33:38,2019-03-14 23:51:21,1,4.57,28.21,0.09,0.45,40.0,yellow,cash,East Tremont,Central Harlem,Bronx,Manhattan
2019-03-20 07:19:37,2019-03-20 07:29:56,1,2.15,8.54,3.25,0.15,9.3,yellow,credit card,Midtown East,Maspeth,Manhattan,Queens
2019-03-26 05:52:13,2019-03-26 06:06:59,2,0.13,9.24,5.95,0.26,11.9,yellow,cash,Clinton West,West Brighton,Manhattan,Staten Island
2019-03-28 14:32:53,2019-03-28 14:43:36,2,2.89,15.2,5.95,0.26,15.7,yellow,credit card,Murray Hill,Bedford Park,Manhattan,Bronx
2019-03-06 06:29:15,2019-03-06 06:46:05,1,1.59,10.3,2.4,0.01,27.04,yellow,cash,Sutton Place/Turtle Bay North,Mott Haven/Port Morris,Manhattan,Bronx
2019-03-22 19:49:53,2019-03-22 20:05:25,2,7.77,4.8,0.32,0.07,11.44,yellow,credit card,Clinton East,Yorkville West,Manhattan,Manhattan
2019-03-30 01:52:52,2019-03-30 02:04:53,1,0.83,8.8,2.18,0.07,10.83,yellow,cash,Gramercy,Flushing Meadows-Corona Park,Manhattan,Queens
2019-03-21 18:26:55,2019-03-21 18:40:54,1,0.87,10.3,0.08,0.31,31.05,yellow,credit card,Upper West Side North,East Harlem North,Manhattan,Manhattan
2019-03-30 05:42:41,2019-03-30 05:55:39,1,7.38,19.3,1.24,0.03,23.28,yellow,cash,Boerum Hill,Mount Hope,Brooklyn,Bronx
2019-03-02 02:19:19,2019-03-02 02:34:08,1,5.49,12.0,5.17,0.13,20.26,yellow,credit card,Flatiron,West Concourse,Manhattan,Bronx
2019-03-16 10:22:07,2019-03-16 10:36:55,1,0.05,12.21,2.79,0.03,13.7,yellow,cash,East Village,Flatlands,Manhattan,Brooklyn
2019-03-05 07:26:22,2019-03-05 07:39:58,2,0.84,11.6,0.74,0.59,17.64,yellow,credit card,Clinton East,Battery Park City,Manhattan,Manhattan
2019-03-05 04:22:40,2019-03-05 04:37:37,6,1.19,11.15,2.84,0.02,11.6,yellow,cash,East Village,Ridgewood,Manhattan,Queens
2019-03-25 20:48:34,2019-03-25 21:01:57,1,4.29,4.13,3.7,0.33,21.17,yellow,credit card,West Village,Yorkville East,Manhattan,Manhattan
2019-03-02 14:14:43,2019-03-02 14:28:28,1,0.69,16.2,1.59,0.13,30.18,yellow,cash,Clinton East,Downtown Brooklyn/MetroTech,Manhattan,Brooklyn
2019-03-24 17:21:44,2019-03-24 17:36:19,4,0.07,10.42,2.89,0.13,17.8,yellow,credit card,Gramercy,Prospect Heights,Manhattan,Brooklyn
2019-03-07 16:56:39,2019-03-07 17:09:11,1,2.27,9.85,0.35,0.19,24.7,yellow,cash,Financial District North,Penn Station/Madison Sq West,Manhattan,Manhattan
2019-03-07 00:01:33,2019-03-07 00:14:14,1,5.04,9.1,0.26,0.13,11.35,yellow,credit card,Chinatown,Woodside,Manhattan,Queens
2019-03-29 03:51:52,2019-03-29 04:04:24,3,4.69,6.7,1.96,0.03,19.12,yellow,cash,Sutton Place/Turtle Bay North,Williamsburg (North Side),Manhattan,Brooklyn
2019-03-12 09:41:29,2019-03-12 09:57:01,2,5.28,12.04,2.13,0.01,13.8,yellow,credit card,Penn Station/Madison Sq West,East Flatbush/Remsen Village,Manhattan,Brooklyn
2019-03-13 07:44:13,2019-03-13 07:58:15,3,0.08,7.6,0.34,0.03,15.22,yellow,cash,Lincoln Square East,UN/Turtle Bay South,Manhattan,Manhattan
2019-03-15 01:04:29,2019-03-15 01:20:02,1,4.86,4.7,3.02,0.03,18.87,yellow,credit card,Chinatown,Crown Heights North,Manhattan,Brooklyn
2019-03-07 09:26:08,2019-03-07 09:40:03,1,2.81,8.77,1.39,0.08,11.9,yellow,cash,Washington Heights North,Briarwood/Jamaica Hills,Manhattan,Queens
2019-03-17 00:44:27,2019-03-17 01:00:42,2,1.28,27.43,2.53,0.11,41.7,yellow,credit card,Bloomingdale,Inwood,Manhattan,Manhattan
2019-03-24 09:01:28,2019-03-24 09:18:37,1,0.28,3.6,2.15,0.2,12.07,yellow,cash,Lincoln Square West,Steinway,Manhattan,Queens
2019-03-04 18:06:55,2019-03-04 18:20:52,2,2.86,9.98,0.4,0.47,15.0,yellow,credit card,Flatlands,Midtown South,Brooklyn,Manhattan
2019-03-29 02:27:13,2019-03-29 02:42:18,3,0.86,6.23,1.66,0.01,12.6,yellow,cash,Meatpacking/West Village West,Dyker Heights,Manhattan,Brooklyn
2019-03-10 03:33:38,2019-03-10 03:46:14,1,0.11,14.8,0.34,0.09,22.25,yellow,credit card,Penn Station/Madison Sq West,Steinway,Manhattan,Queens
2019-03-12 19:53:43,2019-03-12 20:09:12,3,4.15,7.9,0.17,0.13,13.8,yellow,cash,Lincoln Square East,Midtown Center,Manhattan,Manhattan
2019-03-06 23:44:10,2019-03-06 23:59:50,1,0.6,11.96,0.78,0.01,14.8,yellow,credit card,West Chelsea/Hudson Yards,Gowanus,Manhattan,Brooklyn
2019-03-08 17:34:29,2019-03-08 17:49:11,1,0.94,13.47,3.47,0.21,18.9,yellow,cash,Kips Bay,Canarsie,Manhattan,Brooklyn
2019-02-28 19:12:25,2019-02-28 19:28:53,2,1.21,8.14,3.3,0.13,17.56,yellow,credit card,Clinton East,North Corona,Manhattan,Queens
2019-03-29 23:54:50,2019-03-30 00:10:27,1,0.34,11.1,2.15,2.62,50.44,yellow,cash,North Corona,Bronxdale,Queens,Bronx
2019-03-03 17:06:22,2019-03-03 17:24:16,2,5.27,7.3,2.54,0.14,10.19,yellow,credit card,Manhattan Valley,Bedford Park,Manhattan,Bronx
2019-03-01 13:19:39,2019-03-01 13:33:44,1,2.16,14.27,1.03,0.08,21.1,yellow,cash,Gramercy,Saint Albans,Manhattan,Queens
2019-03-04 06:46:38,2019-03-04 07:01:19,1,0.32,5.5,3.17,0.13,8.64,yellow,credit card,Crown Heights South,LaGuardia Airport,Brooklyn,Queens
2019-03-12 11:38:28,2019-03-12 11:53:41,1,0.28,7.4,6.4,0.22,14.92,yellow,cash,Lincoln Square West,Cambria Heights,Manhattan,Queens
2019-03-04 22:12:02,2019-03-04 22:26:34,1,1.56,9.3,2.72,0.05,15.39,yellow,credit card,East Harlem South,Kips Bay,Manhattan,Manhattan
2019-03-17 20:39:11,2019-03-17 20:52:18,1,1.72,9.0,8.15,0.06,15.45,yellow,cash,Kips Bay,Belmont,Manhattan,Bronx
2019-03-22 20:57:43,2019-03-22 21:12:40,1,3.66,6.2,1.1,0.45,8.91,yellow,credit card,West Chelsea/Hudson Yards,Battery Park City,Manhattan,Manhattan
2019-02-28 02:55:50,2019-02-28 03:09:51,1,1.02,14.25,0.14,0.1,14.3,yellow,cash,Parkchester,Flatlands,Bronx,Brooklyn
2019-03-02 15:21:24,2019-03-02 15:36:31,1,0.77,23.2,0.28,0.18,23.97,yellow,credit card,Upper East Side South,Glendale,Manhattan,Queens
2019-03-09 12:07:07,2019-03-09 12:20:52,1,3.95,4.51,2.09,0.19,12.3,yellow,cash,Garment District,Dyker Heights,Manhattan,Brooklyn
2019-03-07 17:05:19,2019-03-07 17:19:52,6,0.75,21.9,1.9,0.02,28.41,yellow,credit card,Lenox Hill East,East Harlem North,Manhattan,Manhattan
2019-03-02 11:41:40,2019-03-02 11:55:20,1,2.27,6.5,1.37,0.36,11.04,yellow,cash,Midtown East,Times Sq/Theatre District,Manhattan,Manhattan
2019-03-10 05:25:55,2019-03-10 05:41:06,1,2.43,6.6,0.47,0.47,13.7,yellow,credit card,Downtown Brooklyn/MetroTech,Garment District,Brooklyn,Manhattan
2019-03-09 05:30:37,2019-03-09 05:44:46,1,1.94,13.53,0.64,0.01,17.8,yellow,cash,East Harlem South,LaGuardia Airport,Manhattan,Queens
2019-03-18 12:16:00,2019-03-18 12:31:26,1,0.82,4.5,1.16,0.01,10.71,yellow,credit card,Lincoln Square East,East Harlem South,Manhattan,Manhattan
2019-03-15 15:49:47,2019-03-15 16:03:59,1,0.63,5.6,0.99,0.07,7.47,yellow,cash,Clinton East,Central Park,Manhattan,Manhattan
2019-03-11 01:11:42,2019-03-11 01:25:10,1,3.68,3.6,0.17,0.02,17.72,yellow,credit card,Lincoln Square East,Crown Heights South,Manhattan,Brooklyn
2019-03-16 23:41:33,2019-03-16 23:55:21,1,2.35,16.2,0.07,0.21,26.28,yellow,cash,Clinton West,Parkchester,Manhattan,Bronx
2019-03-24 03:06:40,2019-03-24 03:21:17,2,3.55,3.6,0.69,0.15,9.1,yellow,credit card,Kips Bay,Long Island City/Hunters Point,Manhattan,Queens
2019-03-31 03:32:25,2019-03-31 03:48:51,1,8.68,19.5,5.83,1.79,68.1,yellow,cash,South Jamaica,Bayside,Queens,Queens
2019-03-05 01:38:02,2019-03-05 01:53:12,3,1.14,20.8,1.68,0.04,29.45,yellow,credit card,Upper East Side South,Morningside Heights,Manhattan,Manhattan
2019-03-19 03:56:07,2019-03-19 04:10:45,1,0.78,11.7,0.79,0.27,17.57,yellow,cash,Gramercy,Kingsbridge Heights,Manhattan,Bronx
2019-03-31 04:31:00,2019-03-31 04:45:19,1,1.78,9.8,0.09,0.08,11.9,yellow,credit card,Midtown South,Rosedale,Manhattan,Queens
2019-03-16 11:15:44,2019-03-16 11:28:01,1,0.87,7.12,1.81,0.12,14.1,yellow,cash,Penn Station/Madison Sq West,West Village,Manhattan,Manhattan
2019-03-22 13:15:37,2019-03-22 13:27:55,2,2.44,13.8,3.88,0.06,14.21,yellow,credit card,Union Sq,Sheepshead Bay,Manhattan,Brooklyn
2019-03-27 16:49:31,2019-03-27 17:03:47,1,0.96,11.7,1.93,0.04,19.4,yellow,cash,Murray Hill,Flushing,Manhattan,Queens
2019-03-02 01:33:02,2019-03-02 01:46:31,1,5.89,8.5,1.99,0.03,12.37,yellow,credit card,Upper West Side North,Crown Heights North,Manhattan,Brooklyn
2019-03-01 03:34:34,2019-03-01 03:47:19,1,2.2,6.9,6.62,0.15,34.6,yellow,cash,Flushing,LaGuardia Airport,Queens,Queens
2019-03-09 23:52:23,2019-03-10 00:08:11,1,1.14,3.9,0.64,0.12,5.35,yellow,credit card,Lenox Hill East,West Brighton,Manhattan,Staten Island
2019-03-08 22:10:11,2019-03-08 22:23:32,1,1.7,11.3,1.68,0.29,20.75,yellow,cash,Midtown Center,Bath Beach,Manhattan,Brooklyn
2019-03-03 22:27:19,2019-03-03 22:41:12,5,2.39,12.29,0.31,0.28,31.9,yellow,credit card,Mott Haven/Port Morris,Brooklyn Heights,Bronx,Brooklyn
2019-03-31 20:24:23,2019-03-31 20:39:53,1,0.4,7.1,0.52,0.0,9.53,yellow,cash,Midtown South,Lower East Side,Manhattan,Manhattan
2019-03-20 00:20:17,2019-03-20 00:35:37,1,17.89,18.3,4.82,1.6,18.92,yellow,credit card,Astoria,Upper East Side South,Queens,Manhattan
2019-03-09 04:00:34,2019-03-09 04:13:38,1,1.98,3.4,0.11,0.08,29.04,yellow,cash,Lincoln Square East,Greenwich Village South,Manhattan,Manhattan
2019-02-28 06:15:06,2019-02-28 06:29:20,5,3.93,6.5,2.03,0.42,9.41,yellow,credit card,Upper East Side South,Homecrest,Manhattan,Brooklyn
2019-03-04 12:27:23,2019-03-04 12:43:08,2,4.96,2.2,0.02,0.08,13.93,yellow,cash,TriBeCa/Civic Center,East Flatbush/Farragut,Manhattan,Brooklyn
2019-03-31 21:42:08,2019-03-31 21:57:03,1,2.1,6.55,0.1,0.01,27.2,yellow,credit card,Cobble Hill,Little Italy/NoLiTa,Brooklyn,Manhattan
2019-03-29 06:51:43,2019-03-29 07:06:22,1,1.38,10.33,3.5,1.68,35.19,yellow,cash,JFK Airport,Auburndale,Queens,Queens
2019-03-02 16:20:25,2019-03-02 16:34:37,5,12.95,12.4,0.17,1.04,30.85,yellow,credit card,Midtown Center,Glendale,Manhattan,Queens
2019-03-02 08:53:31,2019-03-02 09:07:06,1,0.89,18.7,2.43,0.38,20.36,yellow,cash,Central Harlem North,Stuy Town/Peter Cooper Village,Manhattan,Manhattan
2019-03-23 10:47:49,2019-03-23 11:02:56,2,12.62,2.25,1.5,2.05,33.43,yellow,credit card,Cambria Heights,Belmont,Queens,Bronx
2019-03-23 06:22:37,2019-03-23 06:36:29,1,1.22,9.7,1.76,0.23,11.04,yellow,cash,Flatiron,Stuyvesant Heights,Manhattan,Brooklyn
2019-03-30 02:05:26,2019-03-30 02:21:25,3,2.68,6.4,0.67,0.4,11.59,yellow,credit card,Upper West Side South,East Chelsea,Manhattan,Manhattan
2019-02-28 11:07:13,2019-02-28 11:20:53,4,0.18,12.05,3.25,0.14,13.7,yellow,cash,UN/Turtle Bay South,Clinton Hill,Manhattan,Brooklyn
2019-03-17 02:51:17,2019-03-17 03:03:25,1,0.32,14.15,0.65,0.11,26.4,yellow,credit card,World Trade Center,JFK Airport,Manhattan,Queens
2019-03-16 09:38:05,2019-03-16 09:53:19,1,0.56,30.49,1.15,0.27,33.1,yellow,cash,Sutton Place/Turtle Bay North,West Brighton,Manhattan,Staten Island
2019-03-03 05:15:39,2019-03-03 05:30:45,1,1.98,14.4,0.74,0.02,20.71,yellow,credit card,Woodside,West Concourse,Queens,Bronx
2019-03-15 04:08:59,2019-03-15 04:22:46,1,16.74,21.61,11.6,0.4,73.8,yellow,cash,Douglaston,Bensonhurst West,Queens,Brooklyn
2019-03-04 20:22:38,2019-03-04 20:36:04,1,4.34,5.9,2.65,0.02,6.12,yellow,credit card,Midtown Center,East Flatbush/Farragut,Manhattan,Brooklyn
2019-03-08 22:15:59,2019-03-08 22:30:39,2,1.2,10.01,0.38,0.02,16.7,yellow,cash,Upper East Side South,Lenox Hill East,Manhattan,Manhattan
2019-02-28 23:48:32,2019-03-01 00:00:18,1,7.19,4.0,0.24,0.36,17.05,yellow,credit card,East Harlem South,East Flatbush/Farragut,Manhattan,Brooklyn
2019-03-07 22:59:41,2019-03-07 23:14:08,1,0.44,9.6,2.17,0.08,17.29,yellow,cash,Kips Bay,Gravesend,Manhattan,Brooklyn
2019-03-25 03:27:24,2019-03-25 03:40:22,1,8.41,2.9,2.09,0.12,15.59,yellow,credit card,Central Park,South Williamsburg,Manhattan,Brooklyn
2019-03-07 09:03:23,2019-03-07 09:18:49,2,0.23,10.0,0.18,0.05,14.05,yellow,cash,TriBeCa/Civic Center,East Concourse/Concourse Village,Manhattan,Bronx
2019-03-07 23:03:30,2019-03-07 23:21:14,1,1.37,5.4,0.94,0.12,22.86,yellow,credit card,East Chelsea,East Harlem North,Manhattan,Manhattan
2019-03-27 08:06:48,2019-03-27 08:21:49,1,0.12,6.5,2.7,0.19,8.46,yellow,cash,East New York,Carroll Gardens,Brooklyn,Brooklyn
2019-03-10 05:41:20,2019-03-10 05:55:45,1,1.47,14.31,1.55,0.39,15.6,yellow,credit card,East Village,Financial District South,Manhattan,Manhattan
2019-03-02 05:06:19,2019-03-02 05:23:55,1,4.09,3.1,0.65,2.02,14.5,yellow,cash,Astoria,Soundview/Castle Hill,Queens,Bronx
2019-03-24 05:30:38,2019-03-24 05:43:47,5,11.05,9.9,0.06,0.28,11.0,yellow,credit card,Midtown South,Washington Heights South,Manhattan,Manhattan
2019-03-18 01:26:18,2019-03-18 01:41:18,1,2.64,4.3,2.49,0.13,33.41,yellow,cash,East Harlem North,Bath Beach,Manhattan,Brooklyn
2019-03-10 02:01:41,2019-03-10 02:16:24,1,9.46,33.34,5.45,4.25,43.7,yellow,credit card,Queensbridge/Ravenswood,Belmont,Queens,Bronx
2019-02-28 19:16:21,2019-02-28 19:29:24,1,1.64,3.9,1.18,0.01,8.03,yellow,cash,Murray Hill,Manhattanville,Manhattan,Manhattan
2019-03-14 22:14:51,2019-03-14 22:30:35,5,1.02,3.6,0.77,0.25,10.8,yellow,credit card,Upper West Side North,Sheepshead Bay,Manhattan,Brooklyn
2019-03-28 19:46:24,2019-03-28 20:00:27,1,8.31,12.41,0.3,0.78,12.9,yellow,cash,Starrett City,Elmhurst/Maspeth,Brooklyn,Queens
2019-03-03 16:23:51,2019-03-03 16:38:27,1,0.15,6.1,0.87,0.08,13.37,yellow,credit card,Sutton Place/Turtle Bay North,Brighton Beach,Manhattan,Brooklyn
2019-03-12 20:25:30,2019-03-12 20:39:56,1,0.22,8.58,1.27,0.28,9.8,yellow,cash,Garment District,Sunnyside,Manhattan,Queens
2019-03-01 12:38:19,2019-03-01 12:51:03,2,2.99,9.63,6.18,0.02,11.4,yellow,credit card,Midtown Center,Pelham Parkway,Manhattan,Bronx
2019-03-07 06:34:11,2019-03-07 06:47:47,1,16.24,24.57,2.21,0.07,45.6,yellow,cash,JFK Airport,North Corona,Queens,Queens
2019-03-07 07:52:51,2019-03-07 08:08:23,3,0.38,8.54,3.32,0.16,19.9,yellow,credit card,Sutton Place/Turtle Bay North,Old Astoria,Manhattan,Queens
2019-03-09 20:16:04,2019-03-09 20:33:58,1,1.73,14.8,1.86,0.23,28.79,yellow,cash,East Village,Homecrest,Manhattan,Brooklyn
2019-03-26 22:23:23,2019-03-26 22:36:53,1,2.97,6.61,0.44,0.09,17.7,yellow,credit card,Union Sq,TriBeCa/Civic Center,Manhattan,Manhattan
2019-03-27 16:14:54,2019-03-27 16:30:30,1,5.23,8.1,7.47,0.18,21.83,yellow,cash,West Village,East Flatbush/Remsen Village,Manhattan,Brooklyn
2019-03-30 03:10:14,2019-03-30 03:24:43,1,1.73,10.4,1.7,0.05,15.47,yellow,credit card,East Village,Alphabet City,Manhattan,Manhattan
2019-03-02 09:03:32,2019-03-02 09:18:03,1,1.08,9.86,1.88,0.21,23.8,yellow,cash,West Village,Upper West Side North,Manhattan,Manhattan
2019-03-11 08:29:40,2019-03-11 08:44:43,1,0.34,8.75,1.8,0.2,11.2,yellow,credit card,Sutton Place/Turtle Bay North,Alphabet City,Manhattan,Manhattan
2019-03-01 17:14:14,2019-03-01 17:30:45,1,1.01,32.02,3.56,2.02,44.7,yellow,cash,Sunnyside,Stuyvesant Heights,Queens,Brooklyn
2019-03-16 12:08:31,2019-03-16 12:22:39,1,1.79,9.1,0.48,0.74,13.33,yellow,credit card,Kips Bay,DUMBO/Vinegar Hill,Manhattan,Brooklyn
2019-03-27 15:17:30,2019-03-27 15:29:16,5,3.36,7.6,1.1,0.16,34.38,yellow,cash,Penn Station/Madison Sq West,Yorkville West,Manhattan,Manhattan
2019-03-19 20:48:43,2019-03-19 21:05:09,1,7.51,8.5,0.99,0.82,13.9,yellow,credit card,Williamsburg (South Side),Briarwood/Jamaica Hills,Brooklyn,Queens
2019-03-18 06:20:55,2019-03-18 06:36:05,1,0.92,5.5,1.07,0.02,5.96,yellow,cash,Times Sq/Theatre District,Ocean Hill,Manhattan,Brooklyn
2019-03-08 23:10:04,2019-03-08 23:25:06,1,1.45,9.0,1.05,0.02,14.83,yellow,credit card,Two Bridges/Seward Park,Sunnyside,Manhattan,Queens
2019-03-29 05:26:06,2019-03-29 05:42:04,3,0.54,9.6,0.25,0.0,27.82,yellow,cash,East Harlem South,Fresh Meadows,Manhattan,Queens
2019-03-04 05:32:46,2019-03-04 05:47:15,1,0.19,3.7,0.07,0.11,19.69,yellow,credit card,Lincoln Square East,Morningside Heights,Manhattan,Manhattan
2019-03-07 01:00:38,2019-03-07 01:13:33,1,3.71,45.9,5.17,4.39,59.81,yellow,cash,Jackson Heights,Bronxdale,Queens,Bronx
2019-03-21 03:24:12,2019-03-21 03:38:39,1,0.72,15.1,0.71,0.15,23.62,yellow,credit card,Meatpacking/West Village West,Lenox Hill East,Manhattan,Manhattan
2019-03-17 15:32:10,2019-03-17 15:46:24,1,4.14,5.3,0.49,0.04,14.83,yellow,cash,East Harlem North,Westchester Village/Unionport,Manhattan,Bronx
2019-03-10 04:17:33,2019-03-10 04:32:53,6,6.64,5.5,3.47,0.05,7.98,yellow,credit card,East Harlem North,Van Nest/Morris Park,Manhattan,Bronx
2019-03-13 23:50:38,2019-03-14 00:04:39,1,1.74,5.6,0.91,0.1,22.12,yellow,cash,Midtown East,Greenwich Village South,Manhattan,Manhattan
2019-03-22 15:45:30,2019-03-22 15:59:08,2,1.72,6.6,1.42,1.03,15.06,yellow,credit card,JFK Airport,Little Italy/NoLiTa,Queens,Manhattan
2019-03-16 08:00:26,2019-03-16 08:13:29,1,2.06,41.54,4.01,2.55,99.0,yellow,cash,Steinway,Jamaica Estates,Queens,Queens
2019-03-30 21:03:24,2019-03-30 21:17:14,4,4.66,13.4,1.26,0.1,17.8,yellow,credit card,Lenox Hill East,Sheepshead Bay,Manhattan,Brooklyn
2019-03-03 08:08:53,2019-03-03 08:23:46,1,2.85,7.8,1.42,0.1,18.11,yellow,cash,Kips Bay,Brooklyn Heights,Manhattan,Brooklyn
2019-03-04 20:19:57,2019-03-04 20:35:10,1,0.64,10.7,2.23,0.51,24.6,yellow,credit card,Union Sq,Queens Village,Manhattan,Queens
2019-03-29 12:26:17,2019-03-29 12:38:49,1,0.56,5.9,1.02,0.21,7.98,yellow,cash,Financial District North,Windsor Terrace,Manhattan,Brooklyn
2019-03-02 20:15:11,2019-03-02 20:27:13,1,1.11,11.3,1.19,0.01,16.74,yellow,credit card,East Chelsea,Corona,Manhattan,Queens
2019-03-12 12:11:08,2019-03-12 12:27:23,1,1.08,6.6,0.09,0.17,18.13,yellow,cash,Greenwich Village South,East New York,Manhattan,Brooklyn
2019-03-27 01:52:03,2019-03-27 02:06:12,6,0.18,5.1,2.7,0.06,21.71,yellow,credit card,Lower East Side,Hillcrest/Pomonok,Manhattan,Queens
2019-03-01 23:07:38,2019-03-01 23:20:50,5,1.0,12.58,1.79,0.15,13.0,yellow,cash,Gramercy,Chinatown,Manhattan,Manhattan
2019-03-27 12:56:25,2019-03-27 13:10:23,1,0.56,5.7,2.2,0.12,9.75,yellow,credit card,Times Sq/Theatre District,East Concourse/Concourse Village,Manhattan,Bronx
2019-03-31 09:37:19,2019-03-31 09:51:30,1,5.13,5.68,0.29,0.33,6.3,yellow,cash,Greenpoint,Soundview/Castle Hill,Brooklyn,Bronx
2019-03-06 15:09:56,2019-03-06 15:25:17,1,0.66,7.5,2.17,0.14,10.47,yellow,credit card,Yorkville West,Briarwood/Jamaica Hills,Manhattan,Queens
2019-03-27 06:48:20,2019-03-27 07:02:37,1,3.47,15.6,1.95,0.31,17.28,yellow,cash,Central Park,Kips Bay,Manhattan,Manhattan
2019-03-08 02:20:54,2019-03-08 02:32:59,1,1.01,2.84,0.05,6.3,43.7,yellow,credit card,Sunnyside,Flushing,Queens,Queens
2019-03-23 21:00:16,2019-03-23 21:15:40,4,0.48,9.8,3.05,0.24,21.69,yellow,cash,Clinton West,Rego Park,Manhattan,Queens
2019-02-28 12:46:24,2019-02-28 12:59:24,2,1.55,8.03,0.57,0.03,10.3,yellow,credit card,Downtown Brooklyn/MetroTech,North Corona,Brooklyn,Queens
2019-03-01 05:34:15,2019-03-01 05:48:39,1,0.56,4.55,0.41,0.14,7.3,yellow,cash,Brooklyn Heights,University Heights/Morris Heights,Brooklyn,Bronx
2019-03-21 03:59:26,2019-03-21 04:15:31,1,3.23,12.9,0.05,0.28,24.05,yellow,credit card,Little Italy/NoLiTa,Alphabet City,Manhattan,Manhattan
2019-03-25 17:44:53,2019-03-25 17:58:07,1,2.22,7.6,1.63,0.08,43.6,yellow,cash,Midtown Center,Co-Op City,Manhattan,Bronx
2019-03-12 17:40:56,2019-03-12 17:53:00,2,0.15,5.3,1.42,0.14,11.66,yellow,credit card,Midtown South,TriBeCa/Civic Center,Manhattan,Manhattan
2019-03-28 20:35:53,2019-03-28 20:49:33,1,0.35,20.3,0.08,0.72,22.33,yellow,cash,Williamsbridge/Olinville,Forest Hills,Bronx,Queens
2019-03-13 02:02:42,2019-03-13 02:18:40,2,0.42,6.8,3.48,0.08,17.56,yellow,credit card,East Chelsea,Upper West Side South,Manhattan,Manhattan
2019-03-08 14:03:42,2019-03-08 14:16:48,1,3.05,7.86,0.94,0.02,8.0,yellow,cash,Penn Station/Madison Sq West,East Flushing,Manhattan,Queens
2019-03-14 10:45:33,2019-03-14 10:59:03,1,2.57,6.3,0.13,0.13,13.17,yellow,credit card,Greenwich Village South,Rego Park,Manhattan,Queens
2019-03-18 12:51:20,2019-03-18 13:04:57,2,0.23,8.81,3.14,0.56,15.2,yellow,cash,Lincoln Square East,Manhattanville,Manhattan,Manhattan
2019-02-28 07:13:09,2019-02-28 07:27:08,1,2.2,10.0,0.36,0.33,12.61,yellow,credit card,Meatpacking/West Village West,UN/Turtle Bay South,Manhattan,Manhattan
2019-03-21 07:16:05,2019-03-21 07:29:20,1,4.84,6.4,0.98,0.03,10.43,yellow,cash,West Village,Chinatown,Manhattan,Manhattan
2019-03-09 18:49:06,2019-03-09 19:03:49,1,1.94,10.8,2.09,0.08,28.66,yellow,credit card,East Harlem South,Alphabet City,Manhattan,Manhattan
2019-03-13 00:49:59,2019-03-13 01:05:20,3,4.24,14.3,5.81,3.18,26.74,yellow,cash,JFK Airport,Greenpoint,Queens,Brooklyn
2019-03-05 00:16:03,2019-03-05 00:31:14,5,7.58,8.5,2.87,0.19,9.2,yellow,credit card,East Village,Queens Village,Manhattan,Queens
2019-03-04 00:51:14,2019-03-04 01:04:10,1,4.46,13.8,0.04,0.08,19.27,yellow,cash,Penn Station/Madison Sq West,Greenwich Village South,Manhattan,Manhattan
2019-03-14 09:50:31,2019-03-14 10:06:55,1,6.77,23.2,0.08,2.43,27.54,yellow,credit card,LaGuardia Airport,Chinatown,Queens,Manhattan
2019-03-09 22:49:57,2019-03-09 23:03:04,2,2.47,5.2,1.55,0.34,9.23,yellow,cash,Lincoln Square East,DUMBO/Vinegar Hill,Manhattan,Brooklyn
2019-03-03 10:20:19,2019-03-03 10:33:11,2,1.75,11.7,1.19,0.03,29.43,yellow,credit card,Upper West Side North,Parkchester,Manhattan,Bronx
2019-02-28 21:03:06,2019-02-28 21:18:46,1,3.87,3.6,2.97,0.28,6.5,yellow,cash,West Village,Claremont/Bathgate,Manhattan,Bronx
2019-03-16 10:39:20,2019-03-16 10:52:39,1,1.6,4.7,0.15,0.06,11.41,yellow,credit card,East Harlem North,Ridgewood,Manhattan,Queens
2019-03-31 16:03:46,2019-03-31 16:19:27,1,0.19,11.3,4.25,0.26,13.0,yellow,cash,Midtown Center,Howard Beach,Manhattan,Queens
2019-03-25 09:48:55,2019-03-25 10:02:14,1,2.57,6.1,0.5,0.12,11.73,yellow,credit card,Gramercy,Woodlawn/Wakefield,Manhattan,Bronx
2019-03-05 03:45:07,2019-03-05 03:57:51,1,0.85,12.1,0.63,1.42,38.59,yellow,cash,LaGuardia Airport,Richmond Hill,Queens,Queens
2019-03-14 14:53:35,2019-03-14 15:09:49,1,1.07,15.57,0.05,0.24,33.8,yellow,credit card,Bushwick South,Kingsbridge Heights,Brooklyn,Bronx
2019-03-06 09:27:37,2019-03-06 09:38:37,1,1.25,17.59,1.08,0.08,19.8,yellow,cash,Lenox Hill West,SoHo,Manhattan,Manhattan
2019-03-09 03:55:55,2019-03-09 04:09:36,6,1.53,6.8,2.64,0.03,9.88,yellow,credit card,Meatpacking/West Village West,Dyker Heights,Manhattan,Brooklyn
2019-03-14 17:05:31,2019-03-14 17:20:04,1,20.84,10.0,10.25,0.12,34.4,yellow,cash,JFK Airport,Bedford,Queens,Brooklyn
2019-03-01 15:31:51,2019-03-01 15:45:17,1,4.24,17.5,13.32,0.02,22.75,yellow,credit card,Midtown Center,Richmond Hill,Manhattan,Queens
2019-03-16 00:41:21,2019-03-16 00:54:47,1,1.74,7.8,0.57,0.06,10.07,yellow,cash,East Chelsea,TriBeCa/Civic Center,Manhattan,Manhattan
2019-03-28 07:21:24,2019-03-28 07:38:25,1,3.82,4.7,0.2,0.4,11.31,yellow,credit card,Midtown East,East Williamsburg,Manhattan,Brooklyn
2019-03-03 19:51:58,2019-03-03 20:05:50,2,2.99,15.28,1.15,0.08,17.2,yellow,cash,TriBeCa/Civic Center,Clinton East,Manhattan,Manhattan
2019-03-14 17:45:00,2019-03-14 17:58:43,1,5.89,3.3,0.21,0.06,9.35,yellow,credit card,Upper East Side South,Roosevelt Island,Manhattan,Manhattan
2019-03-08 21:17:42,2019-03-08 21:32:28,1,1.1,5.5,2.23,0.17,17.27,yellow,cash,Central Park,Starrett City,Manhattan,Brooklyn
2019-03-22 11:07:03,2019-03-22 11:21:16,2,0.13,3.1,0.28,0.05,20.33,yellow,credit card,Yorkville East,Oakland Gardens,Manhattan,Queens
2019-02-28 01:19:34,2019-02-28 01:34:08,3,1.5,12.31,0.34,0.32,15.7,yellow,cash,UN/Turtle Bay South,Briarwood/Jamaica Hills,Manhattan,Queens
2019-03-06 06:58:12,2019-03-06 07:15:22,1,1.02,11.1,2.96,0.72,33.28,yellow,credit card,Sutton Place/Turtle Bay North,Brighton Beach,Manhattan,Brooklyn
2019-03-24 15:45:19,2019-03-24 15:58:08,1,2.72,13.8,2.32,2.24,13.99,yellow,cash,Flushing,JFK Airport,Queens,Queens
2019-03-24 07:56:29,2019-03-24 08:12:03,1,2.46,19.58,5.46,0.01,23.1,yellow,credit card,Upper East Side North,Hudson Sq,Manhattan,Manhattan
2019-02-28 00:00:43,2019-02-28 00:14:28,1,7.48,9.2,1.95,0.23,41.23,yellow,cash,Clinton West,Washington Heights South,Manhattan,Manhattan
2019-03-15 08:33:52,2019-03-15 08:46:35,5,2.75,5.5,0.55,0.45,12.52,yellow,credit card,Lincoln Square East,Lenox Hill East,Manhattan,Manhattan
2019-03-06 00:46:10,2019-03-06 00:58:53,2,0.59,12.0,0.37,0.03,15.38,yellow,cash,Flatiron,Manhattanville,Manhattan,Manhattan
2019-03-08 18:08:08,2019-03-08 18:24:40,1,0.62,5.5,2.08,0.01,6.8,yellow,credit card,Times Sq/Theatre District,Queensbridge/Ravenswood,Manhattan,Queens
2019-03-19 16:17:33,2019-03-19 16:31:13,1,3.09,6.8,0.4,0.06,38.77,yellow,cash,Downtown Brooklyn/MetroTech,Roosevelt Island,Brooklyn,Manhattan
2019-03-20 19:26:55,2019-03-20 19:41:47,1,8.67,4.9,4.57,0.3,18.38,yellow,credit card,UN/Turtle Bay South,Downtown Brooklyn/MetroTech,Manhattan,Brooklyn
2019-03-08 22:00:46,2019-03-08 22:16:52,1,1.86,5.7,0.11,0.11,6.43,yellow,cash,Midtown North,Van Nest/Morris Park,Manhattan,Bronx
2019-03-09 16:21:57,2019-03-09 16:35:30,1,6.0,4.31,0.32,0.19,32.8,yellow,credit card,Downtown Brooklyn/MetroTech,Astoria,Brooklyn,Queens
2019-03-21 07:12:41,2019-03-21 07:27:03,1,0.26,5.5,0.98,0.13,22.76,yellow,cash,Gramercy,Chinatown,Manhattan,Manhattan
2019-03-08 20:02:26,2019-03-08 20:18:35,1,5.53,5.3,0.07,0.04,21.08,yellow,credit card,Midtown South,Van Nest/Morris Park,Manhattan,Bronx
2019-03-14 04:14:02,2019-03-14 04:29:24,1,1.96,8.9,1.58,0.09,24.46,yellow,cash,Times Sq/Theatre District,TriBeCa/Civic Center,Manhattan,Manhattan
2019-03-11 22:58:38,2019-03-11 23:10:18,1,0.64,7.6,2.18,0.08,22.03,yellow,credit card,Kips Bay,World Trade Center,Manhattan,Manhattan
2019-03-14 03:04:56,2019-03-14 03:19:19,1,1.54,8.6,8.46,0.42,14.96,yellow,cash,West Village,Lincoln Square West,Manhattan,Manhattan
2019-03-17 21:04:16,2019-03-17 21:19:13,1,2.32,16.42,0.71,1.32,28.9,yellow,credit card,Douglaston,Upper East Side North,Queens,Manhattan
2019-03-28 05:53:33,2019-03-28 06:06:59,1,1.7,9.98,1.1,0.13,12.2,yellow,cash,Gramercy,West Chelsea/Hudson Yards,Manhattan,Manhattan
2019-03-05 16:21:15,2019-03-05 16:35:29,1,5.01,10.0,0.52,0.04,20.29,yellow,credit card,Meatpacking/West Village West,Financial District South,Manhattan,Manhattan
2019-03-19 18:41:34,2019-03-19 18:56:09,1,0.08,5.6,5.15,0.02,7.62,yellow,cash,Kips Bay,TriBeCa/Civic Center,Manhattan,Manhattan
2019-03-27 02:58:01,2019-03-27 03:13:32,4,17.24,36.8,7.98,0.12,47.86,yellow,credit card,LaGuardia Airport,Brooklyn Heights,Queens,Brooklyn
2019-03-01 19:20:48,2019-03-01 19:36:47,2,3.16,29.1,0.12,0.94,59.35,yellow,cash,University Heights/Morris Heights,Brownsville,Bronx,Brooklyn
2019-03-17 22:30:24,2019-03-17 22:44:25,3,4.7,4.6,0.81,0.41,20.91,yellow,credit card,Penn Station/Madison Sq West,Murray Hill,Manhattan,Manhattan
2019-03-31 19:29:45,2019-03-31 19:44:26,2,0.77,5.8,0.32,0.08,10.31,yellow,cash,Lower East Side,North Corona,Manhattan,Queens
2019-03-10 17:43:29,2019-03-10 17:58:13,1,1.0,9.5,1.19,0.35,10.79,yellow,credit card,Bushwick North,Sheepshead Bay,Brooklyn,Brooklyn
2019-03-29 08:17:50,2019-03-29 08:35:19,6,4.32,6.7,1.47,0.0,12.81,yellow,cash,West Chelsea/Hudson Yards,Whitestone,Manhattan,Queens
2019-03-28 09:28:58,2019-03-28 09:43:56,1,1.58,15.9,0.84,0.2,24.31,yellow,credit card,Central Harlem North,Garment District,Manhattan,Manhattan
2019-03-24 12:59:35,2019-03-24 13:12:40,2,4.06,5.2,3.84,0.33,7.49,yellow,cash,Midtown East,Brownsville,Manhattan,Brooklyn
2019-03-13 18:22:12,2019-03-13 18:36:58,3,3.49,11.5,0.14,0.17,25.2,yellow,credit card,Clinton East,Richmond Hill,Manhattan,Queens
2019-03-07 23:09:50,2019-03-07 23:27:07,4,4.44,7.7,5.61,0.1,20.36,yellow,cash,Midtown South,Murray Hill,Manhattan,Manhattan
2019-03-02 15:49:30,2019-03-02 16:05:40,5,0.74,8.37,4.73,0.06,22.7,yellow,credit card,Times Sq/Theatre District,Corona,Manhattan,Queens
2019-03-06 16:03:59,2019-03-06 16:18:04,3,1.32,10.0,2.53,0.15,12.55,yellow,cash,Midtown East,Clinton Hill,Manhattan,Brooklyn
2019-03-30 13:35:51,2019-03-30 13:46:52,6,2.52,3.2,1.94,0.2,34.94,yellow,credit card,Gramercy,Yorkville West,Manhattan,Manhattan
2019-03-21 13:32:58,2019-03-21 13:49:38,1,1.3,9.2,0.75,0.05,16.39,yellow,cash,Meatpacking/West Village West,Gravesend,Manhattan,Brooklyn
2019-03-15 00:04:21,2019-03-15 00:19:55,1,1.03,13.1,2.11,0.0,36.37,yellow,credit card,Lower East Side,Soundview/Castle Hill,Manhattan,Bronx
2019-03-17 02:15:34,2019-03-17 02:28:47,1,0.69,7.0,1.75,0.15,29.29,yellow,cash,Flatiron,Brighton Beach,Manhattan,Brooklyn
2019-03-13 14:51:16,2019-03-13 15:05:33,1,0.28,10.62,1.21,0.11,13.0,yellow,credit card,Union Sq,Bushwick South,Manhattan,Brooklyn
2019-03-21 12:05:07,2019-03-21 12:21:58,1,2.19,8.8,1.35,0.04,12.14,yellow,cash,West Village,Stuy Town/Peter Cooper Village,Manhattan,Manhattan
2019-03-05 18:39:09,2019-03-05 18:54:48,1,15.06,1.3,4.8,0.13,10.07,yellow,credit card,Old Astoria,Cambria Heights,Queens,Queens
2019-03-15 11:22:41,2019-03-15 11:38:08,2,13.42,4.5,0.75,0.07,46.49,yellow,cash,Carroll Gardens,Hillcrest/Pomonok,Brooklyn,Queens
2019-03-13 22:00:21,2019-03-13 22:14:53,1,0.46,7.5,3.87,0.08,19.29,yellow,credit card,Union Sq,Clinton Hill,Manhattan,Brooklyn
2019-03-28 01:46:12,2019-03-28 02:01:49,1,1.15,4.51,3.4,0.08,14.94,yellow,cash,Union Sq,Bloomingdale,Manhattan,Manhattan
2019-03-15 03:14:23,2019-03-15 03:30:48,1,2.13,14.2,0.4,0.01,36.61,yellow,credit card,Lenox Hill East,Lincoln Square West,Manhattan,Manhattan
2019-03-28 22:26:57,2019-03-28 22:42:12,2,3.04,7.39,0.9,0.04,9.9,yellow,cash,Lower East Side,Howard Beach,Manhattan,Queens
2019-03-20 22:18:41,2019-03-20 22:34:11,1,2.12,15.63,2.69,0.2,43.9,yellow,credit card,Jackson Heights,Red Hook,Queens,Brooklyn
2019-03-17 07:26:50,2019-03-17 07:39:21,4,2.08,12.15,0.16,0.78,22.5,yellow,cash,LaGuardia Airport,Rego Park,Queens,Queens
2019-03-10 00:57:35,2019-03-10 01:13:13,1,6.78,9.4,3.51,0.5,19.64,yellow,credit card,East Chelsea,Times Sq/Theatre District,Manhattan,Manhattan
2019-02-28 06:27:45,2019-02-28 06:41:25,1,0.63,6.0,2.68,0.1,35.4,yellow,cash,Murray Hill,Brighton Beach,Manhattan,Brooklyn
2019-03-30 10:33:17,2019-03-30 10:48:21,1,3.06,6.79,0.68,0.15,7.4,yellow,credit card,Central Park,Central Harlem North,Manhattan,Manhattan
2019-03-23 17:34:57,2019-03-23 17:50:57,1,2.71,7.8,0.01,0.81,14.24,yellow,cash,Lincoln Square East,East Harlem North,Manhattan,Manhattan
2019-03-30 15:33:57,2019-03-30 15:47:04,1,1.79,9.2,2.31,0.15,14.14,yellow,credit card,Central Harlem North,World Trade Center,Manhattan,Manhattan
2019-03-02 19:47:03,2019-03-02 20:01:33,1,3.49,26.6,2.85,3.13,27.03,yellow,cash,LaGuardia Airport,Bensonhurst East,Queens,Brooklyn
2019-03-03 09:35:09,2019-03-03 09:51:06,1,6.7,8.2,0.19,0.7,36.23,yellow,credit card,Crown Heights North,Roosevelt Island,Brooklyn,Manhattan
2019-03-16 09:48:41,2019-03-16 10:01:13,1,0.71,6.8,0.06,0.33,12.97,yellow,cash,Midtown Center,Pelham Parkway,Manhattan,Bronx
2019-03-16 16:20:41,2019-03-16 16:36:10,1,2.66,12.82,0.64,0.04,19.2,yellow,credit card,Yorkville West,Roosevelt Island,Manhattan,Manhattan
2019-02-28 11:23:32,2019-02-28 11:35:29,1,5.41,3.4,0.35,0.02,35.04,yellow,cash,Garment District,Upper West Side North,Manhattan,Manhattan
2019-03-19 00:52:07,2019-03-19 01:06:03,1,1.06,10.1,3.94,0.22,28.71,yellow,credit card,Midtown Center,Rosedale,Manhattan,Queens
2019-03-08 13:13:40,2019-03-08 13:26:18,1,1.14,14.5,0.05,0.28,35.96,yellow,cash,Claremont/Bathgate,South Jamaica,Bronx,Queens
2019-03-14 05:24:33,2019-03-14 05:37:31,2,0.3,5.8,0.33,0.17,13.17,yellow,credit card,Penn Station/Madison Sq West,Prospect Park,Manhattan,Brooklyn
2019-03-12 01:40:14,2019-03-12 01:52:55,1,0.15,10.8,0.13,0.04,18.97,yellow,cash,Little Italy/NoLiTa,LaGuardia Airport,Manhattan,Queens
2019-03-31 05:13:12,2019-03-31 05:27:03,1,6.38,13.8,0.49,0.07,16.77,yellow,credit card,DUMBO/Vinegar Hill,Clinton Hill,Brooklyn,Brooklyn
2019-03-27 05:58:14,2019-03-27 06:12:51,0,0.03,5.8,0.05,0.02,10.82,yellow,cash,Kips Bay,Morrisania/Melrose,Manhattan,Bronx
2019-03-05 12:18:09,2019-03-05 12:32:57,1,1.63,12.3,1.31,0.01,14.71,yellow,credit card,Lower East Side,East Williamsburg,Manhattan,Brooklyn
2019-03-07 00:02:41,2019-03-07 00:15:12,1,1.03,10.9,5.58,0.04,33.95,yellow,cash,Times Sq/Theatre District,Rego Park,Manhattan,Queens
2019-03-23 17:32:45,2019-03-23 17:47:36,1,1.81,11.51,2.89,0.15,23.6,yellow,credit card,Lenox Hill West,Cypress Hills,Manhattan,Brooklyn
2019-03-30 22:57:03,2019-03-30 23:14:27,2,0.13,9.9,2.18,0.04,20.8,yellow,cash,Lenox Hill East,Garment District,Manhattan,Manhattan
2019-03-24 13:16:10,2019-03-24 13:30:21,1,0.64,12.98,2.23,0.15,14.4,yellow,credit card,Central Park,East New York,Manhattan,Brooklyn
2019-03-05 20:26:08,2019-03-05 20:41:16,1,2.72,26.1,0.99,0.54,27.53,yellow,cash,Financial District South,Baisley Park,Manhattan,Queens
2019-03-04 06:59:48,2019-03-04 07:12:44,1,4.25,6.8,0.99,0.0,21.26,yellow,credit card,Union Sq,Kew Gardens Hills,Manhattan,Queens
2019-02-28 00:25:22,2019-02-28 00:38:55,2,0.21,10.8,5.03,0.27,15.0,yellow,cash,Midtown Center,Stuyvesant Heights,Manhattan,Brooklyn
2019-03-10 15:37:16,2019-03-10 15:52:30,2,0.23,8.9,1.2,0.38,16.63,yellow,credit card,West Chelsea/Hudson Yards,Flatiron,Manhattan,Manhattan
2019-03-23 22:25:36,2019-03-23 22:39:09,3,2.5,8.71,1.37,0.34,10.2,yellow,cash,Lincoln Square West,Parkchester,Manhattan,Bronx
2019-03-22 15:14:27,2019-03-22 15:30:24,2,3.38,17.0,1.16,0.51,39.62,yellow,credit card,Midtown North,Queensbridge/Ravenswood,Manhattan,Queens
2019-03-10 00:50:08,2019-03-10 01:04:36,1,1.24,6.1,4.95,0.02,41.54,yellow,cash,Midtown South,East Tremont,Manhattan,Bronx
2019-03-01 22:18:23,2019-03-01 22:33:09,1,1.66,10.4,0.44,0.19,11.95,yellow,credit card,Penn Station/Madison Sq West,Washington Heights South,Manhattan,Manhattan
2019-03-05 05:30:39,2019-03-05 05:46:19,1,1.05,3.7,1.05,0.13,4.2,yellow,cash,Morningside Heights,Midtown South,Manhattan,Manhattan
2019-03-10 12:22:53,2019-03-10 12:37:45,1,0.02,3.0,1.12,0.16,12.44,yellow,credit card,Clinton East,Bensonhurst West,Manhattan,Brooklyn
2019-03-12 13:17:49,2019-03-12 13:30:10,1,8.99,6.75,0.02,0.06,31.2,yellow,cash,Boerum Hill,Flushing Meadows-Corona Park,Brooklyn,Queens
2019-03-19 11:33:53,2019-03-19 11:47:08,3,1.76,11.2,3.14,0.24,18.39,yellow,credit card,Midtown East,Upper East Side North,Manhattan,Manhattan
2019-03-28 03:31:47,2019-03-28 03:46:29,1,0.62,8.1,3.47,0.02,8.17,yellow,cash,Midtown East,Financial District North,Manhattan,Manhattan
2019-03-02 19:09:03,2019-03-02 19:25:29,3,0.46,6.1,1.06,0.23,7.19,yellow,credit card,Stuy Town/Peter Cooper Village,Hunts Point,Manhattan,Bronx
2019-03-20 05:55:59,2019-03-20 06:10:02,1,4.3,18.47,0.26,0.2,35.0,yellow,cash,Bushwick North,Little Italy/NoLiTa,Brooklyn,Manhattan
2019-03-17 15:54:26,2019-03-17 16:08:01,1,1.73,8.5,1.63,0.1,11.71,yellow,credit card,Morningside Heights,Brownsville,Manhattan,Brooklyn
2019-03-01 02:49:21,2019-03-01 03:08:38,1,9.5,34.29,11.7,0.91,66.4,yellow,cash,Sunnyside,Garment District,Queens,Manhattan
2019-03-15 23:07:13,2019-03-15 23:19:09,1,2.38,9.6,1.68,0.12,22.83,yellow,credit card,Greenwich Village South,Midtown South,Manhattan,Manhattan
2019-03-30 18:05:47,2019-03-30 18:21:05,1,3.03,4.8,1.45,0.16,12.28,yellow,cash,Fort Greene,Rego Park,Brooklyn,Queens
2019-03-26 12:36:17,2019-03-26 12:50:03,1,0.4,6.88,1.46,0.4,17.5,yellow,credit card,Murray Hill,Van Nest/Morris Park,Manhattan,Bronx
2019-03-16 05:12:10,2019-03-16 05:28:39,2,23.55,9.4,1.45,0.61,12.15,yellow,cash,Flushing,College Point,Queens,Queens
2019-03-18 09:07:12,2019-03-18 09:22:43,1,0.37,49.57,1.76,0.17,73.2,yellow,credit card,Jamaica,Brooklyn Heights,Queens,Brooklyn
2019-03-14 09:04:10,2019-03-14 09:19:47,1,1.67,12.3,0.74,0.02,15.5,yellow,cash,Central Harlem,Madison,Manhattan,Brooklyn
2019-03-27 14:20:03,2019-03-27 14:35:27,1,2.39,8.28,5.78,0.14,12.0,yellow,credit card,Upper East Side South,University Heights/Morris Heights,Manhattan,Bronx
2019-03-22 16:30:28,2019-03-22 16:43:58,1,1.33,6.33,3.22,0.33,11.2,yellow,cash,Penn Station/Madison Sq West,Astoria,Manhattan,Queens
2019-03-04 01:26:56,2019-03-04 01:42:46,2,7.72,8.1,5.67,0.93,39.1,yellow,credit card,Long Island City/Queens Plaza,Hudson Sq,Queens,Manhattan
2019-03-09 07:16:13,2019-03-09 07:31:08,1,7.97,7.35,1.74,0.14,10.1,yellow,cash,East Village,Mott Haven/Port Morris,Manhattan,Bronx
2019-03-06 02:59:30,2019-03-06 03:13:53,1,6.94,10.4,0.3,0.1,15.49,yellow,credit card,Penn Station/Madison Sq West,Lincoln Square East,Manhattan,Manhattan
2019-03-15 03:52:09,2019-03-15 04:05:40,3,0.34,14.53,1.1,0.02,17.7,yellow,cash,Upper West Side South,Williamsburg (North Side),Manhattan,Brooklyn
2019-03-25 05:54:59,2019-03-25 06:10:12,1,5.62,5.8,1.4,0.16,33.86,yellow,credit card,Lower East Side,Brighton Beach,Manhattan,Brooklyn
2019-03-14 04:59:32,2019-03-14 05:13:19,1,0.68,11.5,0.12,0.04,15.35,yellow,cash,Flatiron,North Corona,Manhattan,Queens
2019-03-25 00:19:51,2019-03-25 00:32:45,1,0.01,3.83,0.51,0.09,9.7,yellow,credit card,Brooklyn Heights,Morrisania/Melrose,Brooklyn,Bronx
2019-03-14 05:59:26,2019-03-14 06:12:42,1,0.14,6.4,3.71,1.19,8.15,yellow,cash,LaGuardia Airport,Kips Bay,Queens,Manhattan
2019-02-28 14:54:13,2019-02-28 15:08:06,1,1.34,3.7,3.66,0.08,10.52,yellow,credit card,East Harlem South,Inwood,Manhattan,Manhattan
2019-03-19 22:44:51,2019-03-19 23:01:07,1,2.82,8.9,6.0,0.14,15.63,yellow,cash,Central Harlem,West Chelsea/Hudson Yards,Manhattan,Manhattan
2019-03-08 10:18:25,2019-03-08 10:35:12,1,2.24,4.9,2.15,0.11,12.91,yellow,credit card,Times Sq/Theatre District,Washington Heights South,Manhattan,Manhattan
2019-03-31 23:43:42,2019-03-31 23:55:45,1,0.45,12.4,1.45,0.13,17.63,yellow,cash,Union Sq,Stuy Town/Peter Cooper Village,Manhattan,Manhattan
2019-03-12 14:59:02,2019-03-12 15:15:14,1,2.33,10.6,0.43,0.13,12.1,yellow,credit card,Upper East Side North,Gowanus,Manhattan,Brooklyn
2019-03-03 03:25:00,2019-03-03 03:41:57,1,0.2,7.8,0.43,0.23,10.7,yellow,cash,Lenox Hill East,Bushwick South,Manhattan,Brooklyn
2019-02-28 15:29:27,2019-02-28 15:46:17,1,3.42,10.66,3.38,0.13,10.9,yellow,credit card,Lenox Hill East,East Elmhurst,Manhattan,Queens
2019-03-27 20:00:51,2019-03-27 20:13:49,6,4.64,7.4,2.98,0.03,12.96,yellow,cash,Sutton Place/Turtle Bay North,Flushing,Manhattan,Queens
2019-03-26 05:47:07,2019-03-26 06:02:36,1,0.2,13.83,1.88,0.2,27.4,yellow,credit card,Central Harlem,Penn Station/Madison Sq West,Manhattan,Manhattan
2019-03-28 12:19:53,2019-03-28 12:36:35,1,2.57,4.91,1.46,0.01,16.7,yellow,cash,Union Sq,Hudson Sq,Manhattan,Manhattan
2019-03-07 01:00:45,2019-03-07 01:13:04,1,0.29,9.43,0.14,0.44,15.8,yellow,credit card,Upper East Side North,Norwood,Manhattan,Bronx
2019-03-30 09:42:06,2019-03-30 09:55:36,2,1.42,17.33,1.15,0.19,18.3,yellow,cash,Midtown Center,Seaport,Manhattan,Manhattan
2019-03-03 16:00:03,2019-03-03 16:15:42,1,4.55,13.8,5.75,1.67,90.43,yellow,credit card,Old Astoria,Middle Village,Queens,Queens
2019-03-30 17:53:24,2019-03-30 18:05:54,1,1.92,12.56,0.04,0.32,15.8,yellow,cash,Meatpacking/West Village West,Flatiron,Manhattan,Manhattan
2019-03-27 23:04:16,2019-03-27 23:16:50,1,2.46,12.3,1.8,0.04,19.03,yellow,credit card,East Chelsea,Astoria,Manhattan,Queens
2019-03-02 02:01:36,2019-03-02 02:18:07,1,3.36,10.6,4.48,0.03,17.81,yellow,cash,Midtown Center,Greenwich Village South,Manhattan,Manhattan
2019-03-17 11:26:00,2019-03-17 11:38:50,2,2.14,7.9,3.56,0.4,17.82,yellow,credit card,Midtown South,Crown Heights North,Manhattan,Brooklyn
2019-03-18 11:31:02,2019-03-18 11:47:38,1,4.81,12.14,0.89,0.72,16.3,yellow,cash,Crown Heights North,Stapleton,Brooklyn,Staten Island
2019-03-05 22:02:39,2019-03-05 22:16:21,1,4.77,6.1,1.12,0.06,24.3,yellow,credit card,Union Sq,Jackson Heights,Manhattan,Queens
2019-03-21 01:32:57,2019-03-21 01:45:08,1,3.36,20.62,0.86,0.3,57.1,yellow,cash,Flatlands,Brooklyn Navy Yard,Brooklyn,Brooklyn
2019-03-17 08:06:16,2019-03-17 08:20:38,5,0.1,5.12,0.95,0.08,11.8,yellow,credit card,Carroll Gardens,Greenpoint,Brooklyn,Brooklyn
2019-03-03 03:13:14,2019-03-03 03:26:23,1,1.92,6.3,2.24,0.17,28.85,yellow,cash,Upper West Side North,Gravesend,Manhattan,Brooklyn
2019-03-10 22:02:34,2019-03-10 22:16:54,1,2.42,12.9,1.13,0.11,15.76,yellow,credit card,West Village,Randalls Island,Manhattan,Manhattan
2019-03-22 04:30:02,2019-03-22 04:41:56,1,2.96,7.0,0.02,0.11,15.34,yellow,cash,Garment District,Mount Hope,Manhattan,Bronx
2019-03-25 08:00:17,2019-03-25 08:14:02,2,0.98,12.4,6.38,0.04,20.5,yellow,credit card,Meatpacking/West Village West,Crotona Park East,Manhattan,Bronx
2019-03-07 06:39:54,2019-03-07 06:51:02,1,1.28,9.28,1.52,0.04,14.7,yellow,cash,Clinton Hill,Hamilton Heights,Brooklyn,Manhattan
2019-03-07 00:48:43,2019-03-07 01:01:34,1,2.53,4.9,1.39,0.03,23.12,yellow,credit card,TriBeCa/Civic Center,Madison,Manhattan,Brooklyn
2019-03-29 12:01:17,2019-03-29 12:14:14,1,1.0,8.6,0.66,0.17,9.68,yellow,cash,Lower East Side,Gravesend,Manhattan,Brooklyn
2019-03-09 22:58:29,2019-03-09 23:14:11,1,3.5,6.5,1.46,0.46,9.2,yellow,credit card,West Village,Spuyten Duyvil/Kingsbridge,Manhattan,Bronx
2019-03-30 05:46:00,2019-03-30 05:59:45,1,5.8,3.3,0.92,0.01,8.08,yellow,cash,Starrett City,Midtown Center,Brooklyn,Manhattan
2019-03-12 13:48:18,2019-03-12 14:02:41,1,2.68,13.01,10.5,1.21,46.63,yellow,credit card,Howard Beach,Maspeth,Queens,Queens
2019-03-23 23:35:16,2019-03-23 23:48:53,1,0.8,6.94,0.11,0.03,11.2,yellow,cash,Clinton East,East Tremont,Manhattan,Bronx
2019-03-21 20:16:26,2019-03-21 20:31:53,1,0.48,2.2,0.47,0.13,26.47,yellow,credit card,Penn Station/Madison Sq West,Alphabet City,Manhattan,Manhattan
2019-03-01 00:05:04,2019-03-01 00:18:26,1,0.82,4.95,0.53,0.04,14.4,yellow,cash,Midtown Center,Baisley Park,Manhattan,Queens
2019-02-28 03:41:39,2019-02-28 03:57:07,1,1.31,8.4,3.83,0.33,20.15,yellow,credit card,Midtown East,Springfield Gardens South,Manhattan,Queens
2019-03-10 22:15:03,2019-03-10 22:31:57,1,3.75,18.2,2.9,0.18,20.6,yellow,cash,Union Sq,Central Park,Manhattan,Manhattan
2019-03-21 22:26:00,2019-03-21 22:40:16,1,2.71,7.02,5.2,0.22,9.8,yellow,credit card,Central Harlem,Corona,Manhattan,Queens
2019-03-11 04:16:52,2019-03-11 04:33:28,1,0.13,11.7,0.17,0.18,19.35,yellow,cash,Greenwich Village South,Sunnyside,Manhattan,Queens
2019-03-13 16:48:09,2019-03-13 17:02:15,5,1.0,10.65,0.03,0.51,20.0,yellow,credit card,Clinton Hill,Flushing Meadows-Corona Park,Brooklyn,Queens
2019-03-21 07:52:38,2019-03-21 08:08:23,1,1.04,8.56,2.69,0.05,9.2,yellow,cash,Gramercy,West Village,Manhattan,Manhattan
2019-03-12 15:23:35,2019-03-12 15:36:12,1,0.6,3.7,2.04,0.21,12.45,yellow,credit card,Seaport,Upper West Side North,Manhattan,Manhattan
2019-03-30 00:05:23,2019-03-30 00:18:59,2,4.55,7.1,0.05,0.2,7.82,yellow,cash,Kips Bay,Canarsie,Manhattan,Brooklyn
2019-03-03 17:34:27,2019-03-03 17:47:24,1,2.46,12.6,4.22,0.04,24.15,yellow,credit card,Union Sq,Corona,Manhattan,Queens
2019-03-04 18:24:51,2019-03-04 18:39:21,1,19.35,14.8,0.41,4.22,35.26,yellow,cash,Cambria Heights,Morningside Heights,Queens,Manhattan
2019-03-06 14:55:22,2019-03-06 15:10:14,1,7.58,11.98,0.28,0.21,22.6,yellow,credit card,Upper West Side South,Marine Park/Mill Basin,Manhattan,Brooklyn
2019-03-14 12:33:38,2019-03-14 12:45:52,2,2.15,10.29,0.49,0.12,11.6,yellow,cash,Clinton West,Upper East Side South,Manhattan,Manhattan
2019-03-10 17:40:06,2019-03-10 17:54:37,1,1.49,9.0,4.17,0.16,19.7,yellow,credit card,Little Italy/NoLiTa,Rego Park,Manhattan,Queens
2019-03-27 06:25:15,2019-03-27 06:39:31,1,12.86,23.91,2.03,2.78,32.1,yellow,cash,Astoria,Cambria Heights,Queens,Queens
2019-03-31 23:24:55,2019-03-31 23:36:18,1,2.16,6.1,3.23,0.06,38.57,yellow,credit card,Central Park,Lincoln Square East,Manhattan,Manhattan
2019-03-30 04:47:25,2019-03-30 05:02:48,1,0.83,9.0,0.09,0.03,25.65,yellow,cash,Prospect-Lefferts Gardens,JFK Airport,Brooklyn,Queens
2019-03-03 06:30:15,2019-03-03 06:45:49,1,10.85,11.09,0.76,3.09,38.9,yellow,credit card,Woodside,Penn Station/Madison Sq West,Queens,Manhattan
2019-03-05 14:12:23,2019-03-05 14:24:04,1,1.66,11.68,2.51,0.02,16.3,yellow,cash,Meatpacking/West Village West,Glendale,Manhattan,Queens
2019-03-13 10:56:13,2019-03-13 11:08:51,1,0.64,18.9,0.17,0.14,27.52,yellow,credit card,Meatpacking/West Village West,Rego Park,Manhattan,Queens
2019-03-16 10:08:27,2019-03-16 10:23:37,2,0.02,14.33,0.38,0.34,16.0,yellow,cash,Penn Station/Madison Sq West,Penn Station/Madison Sq West,Manhattan,Manhattan
2019-03-15 19:00:54,2019-03-15 19:13:59,1,0.47,10.26,0.38,1.54,60.8,yellow,credit card,Elmhurst/Maspeth,East Village,Queens,Manhattan
2019-03-13 18:37:30,2019-03-13 18:53:15,2,0.07,4.05,4.9,0.32,5.36,yellow,cash,Financial District North,Elmhurst,Manhattan,Queens
2019-03-02 01:46:25,2019-03-02 01:59:56,2,1.46,22.5,4.9,0.02,23.2,yellow,credit card,Midtown South,Midtown Center,Manhattan,Manhattan
2019-03-31 11:22:32,2019-03-31 11:36:46,1,0.03,6.2,0.12,0.26,20.75,yellow,cash,Morningside Heights,Prospect Park,Manhattan,Brooklyn
2019-03-26 14:32:23,2019-03-26 14:46:32,1,0.54,6.0,2.45,0.07,22.24,yellow,credit card,West Chelsea/Hudson Yards,Upper East Side South,Manhattan,Manhattan
2019-03-05 12:54:21,2019-03-05 13:11:44,1,5.55,4.6,1.9,2.83,25.3,yellow,cash,Cambria Heights,Bensonhurst East,Queens,Brooklyn
2019-03-16 14:50:23,2019-03-16 15:05:25,2,3.54,4.2,3.96,0.01,13.87,yellow,credit card,Yorkville West,Two Bridges/Seward Park,Manhattan,Manhattan
2019-03-11 00:38:14,2019-03-11 00:53:20,1,17.52,31.56,2.48,1.8,35.5,yellow,cash,LaGuardia Airport,Brighton Beach,Queens,Brooklyn
2019-03-08 16:26:20,2019-03-08 16:41:46,1,3.42,7.6,4.03,0.01,8.93,yellow,credit card,Times Sq/Theatre District,Bedford Park,Manhattan,Bronx
2019-03-07 05:59:53,2019-03-07 06:15:30,6,0.44,8.5,1.0,0.09,17.56,yellow,cash,East Harlem South,Flushing,Manhattan,Queens
2019-03-19 09:23:34,2019-03-19 09:36:14,1,2.81,12.28,0.06,0.59,21.1,yellow,credit card,LaGuardia Airport,Melrose South,Queens,Bronx
2019-03-12 13:12:01,2019-03-12 13:25:34,1,0.99,6.31,5.4,0.02,12.27,yellow,cash,Lenox Hill West,Lenox Hill East,Manhattan,Manhattan
2019-03-21 16:02:45,2019-03-21 16:15:41,1,0.08,3.1,0.38,0.18,16.49,yellow,credit card,Lincoln Square East,Starrett City,Manhattan,Brooklyn
2019-03-15 01:06:09,2019-03-15 01:19:53,2,2.06,5.03,2.9,0.02,22.34,yellow,cash,Upper West Side North,Homecrest,Manhattan,Brooklyn
2019-03-09 07:24:46,2019-03-09 07:39:26,1,1.23,5.2,0.03,0.29,6.85,yellow,credit card,Mott Haven/Port Morris,Seaport,Bronx,Manhattan
2019-03-29 07:51:40,2019-03-29 08:03:35,3,2.41,5.49,4.4,0.09,12.31,yellow,cash,Inwood,Van Nest/Morris Park,Manhattan,Bronx
2019-03-19 19:48:41,2019-03-19 20:03:35,1,7.23,14.6,0.64,0.01,15.44,yellow,credit card,East Village,Maspeth,Manhattan,Queens
2019-03-20 23:56:10,2019-03-21 00:13:14,4,0.12,15.8,1.03,0.18,23.24,yellow,cash,Meatpacking/West Village West,Midtown East,Manhattan,Manhattan
2019-03-06 05:12:46,2019-03-06 05:28:36,0,1.05,6.1,1.66,0.21,11.61,yellow,credit card,Central Park,Cambria Heights,Manhattan,Queens
2019-03-22 15:14:49,2019-03-22 15:28:38,1,0.38,8.5,4.59,0.12,15.99,yellow,cash,Lenox Hill West,Midwood,Manhattan,Brooklyn
2019-03-27 02:06:40,2019-03-27 02:20:36,1,2.64,6.4,3.42,0.03,11.47,yellow,credit card,Central Park,Elmhurst,Manhattan,Queens
2019-03-15 06:35:14,2019-03-15 06:48:35,1,0.56,5.0,0.61,0.21,15.81,yellow,cash,Gramercy,Manhattan Valley,Manhattan,Manhattan
2019-03-29 08:32:04,2019-03-29 08:43:55,1,2.06,6.9,2.82,0.34,26.66,yellow,credit card,Lincoln Square West,East Flatbush/Remsen Village,Manhattan,Brooklyn
2019-03-30 17:50:10,2019-03-30 18:06:28,1,0.08,9.0,6.4,0.03,14.31,yellow,cash,Clinton East,Clinton Hill,Manhattan,Brooklyn
2019-02-28 19:43:20,2019-02-28 20:00:51,1,0.41,11.7,0.05,0.24,28.82,yellow,credit card,Lincoln Square East,Union Sq,Manhattan,Manhattan
2019-03-07 17:01:39,2019-03-07 17:15:15,1,13.06,12.6,2.06,0.94,57.53,yellow,cash,Jackson Heights,Red Hook,Queens,Brooklyn
2019-03-19 19:59:10,2019-03-19 20:15:48,5,0.38,3.8,0.83,0.17,21.29,yellow,credit card,Penn Station/Madison Sq West,Sutton Place/Turtle Bay North,Manhattan,Manhattan
2019-03-12 21:58:51,2019-03-12 22:13:32,1,0.87,7.3,3.25,0.21,13.94,yellow,cash,Penn Station/Madison Sq West,Park Slope,Manhattan,Brooklyn
2019-03-01 19:46:16,2019-03-01 20:00:29,1,1.28,30.3,2.95,6.32,36.04,yellow,credit card,Jamaica,East Village,Queens,Manhattan
2019-03-10 13:59:29,2019-03-10 14:13:34,1,1.23,9.8,3.02,0.21,18.52,yellow,cash,Times Sq/Theatre District,Maspeth,Manhattan,Queens
2019-03-06 13:58:57,2019-03-06 14:13:03,1,4.84,8.0,0.98,0.0,17.45,yellow,credit card,Upper West Side North,Murray Hill-Queens,Manhattan,Queens
2019-03-03 00:42:47,2019-03-03 01:00:11,1,5.0,16.97,0.99,0.05,70.8,yellow,cash,Fort Greene,Two Bridges/Seward Park,Brooklyn,Manhattan
2019-03-05 21:41:28,2019-03-05 21:53:07,1,0.84,8.0,2.21,0.03,9.93,yellow,credit card,Upper West Side South,Hudson Sq,Manhattan,Manhattan
2019-03-29 18:54:44,2019-03-29 19:11:36,1,1.89,2.4,0.12,0.17,19.38,yellow,cash,Clinton East,East Concourse/Concourse Village,Manhattan,Bronx
2019-03-23 08:56:51,2019-03-23 09:10:54,1,1.24,8.3,1.61,0.02,16.9,yellow,credit card,World Trade Center,Hudson Sq,Manhattan,Manhattan
2019-03-30 15:17:16,2019-03-30 15:29:48,1,6.07,4.6,0.01,0.09,13.44,yellow,cash,Lincoln Square West,University Heights/Morris Heights,Manhattan,Bronx
2019-02-28 17:19:13,2019-02-28 17:33:32,1,0.84,18.0,0.4,0.03,19.45,yellow,credit card,Upper East Side North,Starrett City,Manhattan,Brooklyn
2019-03-13 05:18:11,2019-03-13 05:32:49,6,0.84,14.1,1.44,0.55,22.87,yellow,cash,Flatiron,Randalls Island,Manhattan,Manhattan
2019-03-30 04:12:27,2019-03-30 04:25:56,1,3.08,7.34,1.97,0.21,17.9,yellow,credit card,Midtown South,Dyker Heights,Manhattan,Brooklyn
2019-03-04 22:19:43,2019-03-04 22:33:49,3,3.75,9.49,0.62,0.14,16.5,yellow,cash,Penn Station/Madison Sq West,Briarwood/Jamaica Hills,Manhattan,Queens
2019-03-17 00:10:48,2019-03-17 00:26:31,6,2.83,15.7,2.22,0.38,28.86,yellow,credit card,West Village,Lenox Hill West,Manhattan,Manhattan
2019-03-27 10:03:35,2019-03-27 10:18:04,1,0.88,10.08,0.77,0.19,20.4,yellow,cash,Central Park,Jamaica Estates,Manhattan,Queens
2019-03-07 08:35:47,2019-03-07 08:50:49,1,0.87,6.4,3.19,0.0,15.48,yellow,credit card,Meatpacking/West Village West,Woodhaven,Manhattan,Queens
2019-03-25 16:45:19,2019-03-25 16:59:54,1,8.45,10.0,2.75,0.02,10.69,yellow,cash,Upper West Side North,Parkchester,Manhattan,Bronx
2019-03-23 12:02:13,2019-03-23 12:17:31,0,17.99,19.8,1.18,0.9,45.69,yellow,credit card,LaGuardia Airport,Greenpoint,Queens,Brooklyn
2019-03-24 16:42:43,2019-03-24 16:52:52,1,1.25,5.0,2.4,0.13,9.74,yellow,cash,Yorkville West,Central Harlem North,Manhattan,Manhattan
2019-03-04 13:13:16,2019-03-04 13:25:13,1,2.72,7.8,0.24,0.04,17.96,yellow,credit card,Upper West Side North,Financial District South,Manhattan,Manhattan
2019-03-17 07:58:15,2019-03-17 08:10:29,1,0.69,9.4,1.67,0.16,11.2,yellow,cash,Clinton East,Belmont,Manhattan,Bronx
2019-03-03 04:24:20,2019-03-03 04:40:12,1,0.83,11.6,0.5,0.0,13.84,yellow,credit card,Midtown East,East Chelsea,Manhattan,Manhattan
2019-03-29 06:25:08,2019-03-29 06:40:58,1,1.82,10.6,0.86,0.04,12.76,yellow,cash,SoHo,East Harlem North,Manhattan,Manhattan
2019-03-25 21:56:42,2019-03-25 22:12:08,1,11.84,18.8,3.08,0.3,21.73,yellow,credit card,UN/Turtle Bay South,Old Astoria,Manhattan,Queens
2019-03-30 19:42:54,2019-03-30 19:58:09,2,12.93,21.9,5.35,1.2,39.82,yellow,cash,Jackson Heights,North Corona,Queens,Queens
2019-03-27 11:21:41,2019-03-27 11:35:40,1,9.63,9.55,2.27,0.31,12.3,yellow,credit card,Clinton East,Highbridge,Manhattan,Bronx
2019-03-16 18:09:45,2019-03-16 18:22:04,1,3.95,20.9,0.5,0.22,22.31,yellow,cash,Williamsburg (North Side),South Ozone Park,Brooklyn,Queens
2019-03-26 07:44:12,2019-03-26 08:00:12,1,3.42,10.36,0.55,0.55,16.0,yellow,credit card,Central Harlem,Union Sq,Manhattan,Manhattan
2019-03-13 10:38:20,2019-03-13 10:51:38,1,2.01,13.6,0.1,0.0,14.49,yellow,cash,Upper West Side South,Madison,Manhattan,Brooklyn
2019-03-29 10:19:15,2019-03-29 10:32:25,1,1.39,5.37,1.33,0.16,30.7,yellow,credit card,Upper East Side South,Stuy Town/Peter Cooper Village,Manhattan,Manhattan
2019-03-11 04:58:12,2019-03-11 05:12:32,1,1.17,10.7,1.37,0.06,28.29,yellow,cash,Kips Bay,Jamaica Estates,Manhattan,Queens
2019-03-01 12:14:30,2019-03-01 12:29:51,1,2.66,9.99,0.61,0.02,18.9,yellow,credit card,East Harlem North,Clinton East,Manhattan,Manhattan
2019-03-07 09:44:44,2019-03-07 09:58:38,1,1.87,1.8,1.2,0.63,11.53,yellow,cash,JFK Airport,Soundview/Bruckner,Queens,Bronx
2019-03-27 12:40:09,2019-03-27 12:53:55,1,3.4,14.3,0.57,1.73,48.6,yellow,credit card,Forest Hills,Central Park,Queens,Manhattan
2019-03-07 00:48:12,2019-03-07 01:00:33,1,2.09,6.54,4.0,0.04,7.8,yellow,cash,Murray Hill,Astoria,Manhattan,Queens
2019-03-27 18:52:08,2019-03-27 19:06:34,1,2.0,7.3,4.39,0.01,18.54,yellow,credit card,Little Italy/NoLiTa,Inwood Hill Park,Manhattan,Manhattan
2019-03-18 10:02:21,2019-03-18 10:17:40,1,1.08,25.43,2.99,0.03,31.2,yellow,cash,SoHo,East Elmhurst,Manhattan,Queens
2019-03-25 12:37:26,2019-03-25 12:55:26,1,5.11,7.7,1.25,0.05,18.18,yellow,credit card,SoHo,Elmhurst,Manhattan,Queens
2019-03-16 10:03:39,2019-03-16 10:21:18,1,4.03,11.7,1.98,0.15,15.31,yellow,cash,TriBeCa/Civic Center,Midtown East,Manhattan,Manhattan
2019-03-21 18:55:05,2019-03-21 19:10:32,5,0.18,10.7,3.55,0.04,29.89,yellow,credit card,Midtown South,Little Italy/NoLiTa,Manhattan,Manhattan
2019-03-19 05:42:51,2019-03-19 05:56:34,1,1.44,23.4,3.08,0.47,28.26,yellow,cash,East Flatbush/Farragut,Manhattan Valley,Brooklyn,Manhattan
2019-03-12 03:32:03,2019-03-12 03:45:16,3,3.95,5.4,0.01,0.24,35.6,yellow,credit card,Lenox Hill East,Washington Heights North,Manhattan,Manhattan
2019-03-20 05:42:44,2019-03-20 05:56:51,1,4.42,3.37,3.1,0.2,18.47,yellow,cash,Greenwich Village North,Auburndale,Manhattan,Queens
2019-03-29 00:21:46,2019-03-29 00:37:45,1,0.69,4.3,1.4,0.12,25.53,yellow,credit card,Upper West Side North,Van Cortlandt Village,Manhattan,Bronx
2019-03-27 08:24:26,2019-03-27 08:38:05,1,1.53,9.6,0.37,0.59,10.67,yellow,cash,Midtown Center,Queensbridge/Ravenswood,Manhattan,Queens
2019-03-03 06:29:25,2019-03-03 06:41:44,1,14.14,25.3,4.45,0.33,43.3,yellow,credit card,Long Island City/Hunters Point,Mott Haven/Port Morris,Queens,Bronx
2019-03-06 14:06:09,2019-03-06 14:23:46,1,5.98,19.66,0.44,0.08,21.0,yellow,cash,Melrose South,Prospect Park,Bronx,Brooklyn
2019-03-05 00:01:14,2019-03-05 00:14:28,2,2.29,12.42,0.33,0.28,30.9,yellow,credit card,Chinatown,Kips Bay,Manhattan,Manhattan
2019-03-26 03:12:09,2019-03-26 03:27:04,2,0.89,20.7,3.4,3.62,89.2,yellow,cash,JFK Airport,Carroll Gardens,Queens,Brooklyn
2019-03-24 07:42:48,2019-03-24 07:57:07,1,7.25,3.2,1.86,0.09,20.39,yellow,credit card,Upper East Side North,Prospect-Lefferts Gardens,Manhattan,Brooklyn
2019-03-17 10:24:16,2019-03-17 10:40:02,1,2.3,8.95,0.75,0.01,9.9,yellow,cash,Midtown North,Highbridge,Manhattan,Bronx
2019-03-26 19:47:17,2019-03-26 20:00:51,1,0.11,9.84,1.05,0.22,19.5,yellow,credit card,Central Park,Cypress Hills,Manhattan,Brooklyn
2019-03-30 15:54:40,2019-03-30 16:08:14,1,3.69,21.35,0.05,2.07,103.6,yellow,cash,Morrisania/Melrose,Central Harlem North,Bronx,Manhattan
2019-03-08 17:45:14,2019-03-08 18:00:59,1,1.66,5.9,1.81,0.04,29.64,yellow,credit card,Alphabet City,Downtown Brooklyn/MetroTech,Manhattan,Brooklyn
2019-03-21 22:19:21,2019-03-21 22:33:52,1,0.75,5.9,1.18,0.22,14.43,yellow,cash,West Village,Melrose South,Manhattan,Bronx
2019-03-21 06:53:21,2019-03-21 07:06:45,1,5.39,5.7,0.28,0.41,26.73,yellow,credit card,Midtown Center,Eastchester,Manhattan,Bronx
2019-03-19 23:07:24,2019-03-19 23:20:21,2,2.82,44.54,0.1,8.89,83.5,yellow,cash,JFK Airport,Ocean Hill,Queens,Brooklyn
2019-03-11 16:14:53,2019-03-11 16:30:33,1,10.66,9.9,0.09,2.23,12.0,yellow,credit card,LaGuardia Airport,DUMBO/Vinegar Hill,Queens,Brooklyn
2019-03-19 17:36:54,2019-03-19 17:50:58,1,6.47,6.2,1.47,0.32,27.46,yellow,cash,Midtown North,Penn Station/Madison Sq West,Manhattan,Manhattan
2019-03-01 04:33:38,2019-03-01 04:48:02,3,1.31,12.1,0.08,0.13,21.09,yellow,credit card,East Village,Two Bridges/Seward Park,Manhattan,Manhattan
2019-03-06 10:43:58,2019-03-06 11:00:20,6,0.91,13.29,0.48,0.08,22.3,yellow,cash,Midtown North,Sunset Park West,Manhattan,Brooklyn
2019-03-17 04:22:31,2019-03-17 04:36:33,1,0.2,5.1,1.87,0.02,19.98,yellow,credit card,Midtown North,JFK Airport,Manhattan,Queens
2019-03-03 03:26:31,2019-03-03 03:41:50,0,0.87,5.9,0.2,0.28,16.15,yellow,cash,Midtown East,Douglaston,Manhattan,Queens
2019-03-07 00:32:57,2019-03-07 00:48:02,1,2.12,13.8,3.08,0.03,16.89,yellow,credit card,Washington Heights South,Co-Op City,Manhattan,Bronx
2019-03-10 05:45:48,2019-03-10 06:01:36,2,5.79,10.08,3.97,0.09,14.6,yellow,cash,Meatpacking/West Village West,Astoria,Manhattan,Queens
2019-03-06 16:09:57,2019-03-06 16:25:13,1,1.89,5.4,3.8,0.0,19.18,yellow,credit card,Midtown South,East New York,Manhattan,Brooklyn
2019-03-05 21:28:15,2019-03-05 21:44:24,1,2.25,8.54,1.83,0.07,16.0,yellow,cash,Washington Heights North,Gowanus,Manhattan,Brooklyn
2019-03-13 02:19:56,2019-03-13 02:34:10,5,5.01,12.1,0.77,0.09,17.01,yellow,credit card,Lenox Hill East,Kingsbridge Heights,Manhattan,Bronx
2019-03-02 11:12:49,2019-03-02 11:26:45,1,0.37,9.2,0.55,0.22,21.33,yellow,cash,Lenox Hill East,Bedford,Manhattan,Brooklyn
2019-03-15 20:13:45,2019-03-15 20:26:16,1,13.44,14.35,0.07,2.63,39.6,yellow,credit card,Long Island City/Hunters Point,Saint Albans,Queens,Queens
2019-03-05 21:23:54,2019-03-05 21:36:40,1,2.22,12.4,2.71,0.02,33.47,yellow,cash,Central Park,Midtown South,Manhattan,Manhattan
2019-03-13 10:22:27,2019-03-13 10:35:14,1,0.01,11.81,0.83,0.13,13.1,yellow,credit card,Alphabet City,Richmond Hill,Manhattan,Queens
2019-03-04 03:21:53,2019-03-04 03:36:34,6,2.93,7.4,2.2,0.2,11.28,yellow,cash,Upper West Side South,Bensonhurst East,Manhattan,Brooklyn
2019-03-29 01:32:52,2019-03-29 01:49:05,1,1.47,8.0,2.45,0.02,16.06,yellow,credit card,Murray Hill,Madison,Manhattan,Brooklyn
2019-03-26 22:21:25,2019-03-26 22:35:11,3,0.37,15.2,3.47,0.19,20.29,yellow,cash,Sutton Place/Turtle Bay North,Chinatown,Manhattan,Manhattan
2019-03-11 01:46:19,2019-03-11 01:57:54,1,5.56,10.61,2.07,0.0,15.8,yellow,credit card,Penn Station/Madison Sq West,East Flushing,Manhattan,Queens
2019-03-06 11:33:51,2019-03-06 11:48:21,1,0.11,9.44,1.28,0.17,38.2,yellow,cash,Union Sq,Greenwich Village North,Manhattan,Manhattan
2019-03-21 21:44:47,2019-03-21 21:59:10,1,2.43,4.2,1.99,0.34,16.35,yellow,credit card,Sutton Place/Turtle Bay North,South Williamsburg,Manhattan,Brooklyn
2019-03-04 11:41:34,2019-03-04 11:54:23,2,5.44,62.9,1.16,1.39,64.85,yellow,cash,LaGuardia Airport,Two Bridges/Seward Park,Queens,Manhattan
2019-03-29 11:25:24,2019-03-29 11:38:59,1,2.19,10.0,0.43,0.03,13.69,yellow,credit card,Union Sq,East Flatbush/Farragut,Manhattan,Brooklyn
2019-03-21 05:29:18,2019-03-21 05:44:50,5,8.26,16.8,0.86,0.1,16.81,yellow,cash,Midtown East,Homecrest,Manhattan,Brooklyn
2019-03-05 02:53:20,2019-03-05 03:10:12,1,3.51,6.1,5.38,0.15,6.88,yellow,credit card,Upper West Side North,Steinway,Manhattan,Queens
2019-03-12 08:03:26,2019-03-12 08:13:30,1,4.04,16.0,0.42,0.07,37.37,yellow,cash,Boerum Hill,Canarsie,Brooklyn,Brooklyn
2019-03-17 02:52:56,2019-03-17 03:07:14,0,2.2,4.3,1.39,0.03,20.91,yellow,credit card,Clinton East,Howard Beach,Manhattan,Queens
2019-03-28 01:00:30,2019-03-28 01:13:32,2,2.74,2.8,1.02,0.09,23.62,yellow,cash,Alphabet City,Fort Greene,Manhattan,Brooklyn
2019-03-18 15:21:28,2019-03-18 15:36:05,1,3.08,13.1,1.62,0.15,27.31,yellow,credit card,West Chelsea/Hudson Yards,Central Park,Manhattan,Manhattan
2019-03-12 23:49:44,2019-03-13 00:04:13,1,0.86,16.33,0.07,0.11,27.5,yellow,cash,Kips Bay,Highbridge,Manhattan,Bronx
2019-03-11 18:26:32,2019-03-11 18:40:13,1,3.58,9.95,0.05,0.43,13.7,yellow,credit card,East Flatbush/Remsen Village,Lincoln Square East,Brooklyn,Manhattan
2019-03-18 00:14:17,2019-03-18 00:27:49,1,0.79,8.4,1.25,0.04,10.92,yellow,cash,West Chelsea/Hudson Yards,World Trade Center,Manhattan,Manhattan
2019-03-12 07:34:59,2019-03-12 07:49:49,3,0.76,9.96,1.46,0.18,24.6,yellow,credit card,Garment District,Kew Gardens,Manhattan,Queens
2019-02-28 00:22:46,2019-02-28 00:37:53,1,1.02,9.9,1.05,0.0,12.85,yellow,cash,Flatiron,Inwood Hill Park,Manhattan,Manhattan
2019-03-02 07:03:45,2019-03-02 07:16:01,1,0.43,14.2,0.95,0.32,23.9,yellow,credit card,West Chelsea/Hudson Yards,Central Park,Manhattan,Manhattan
2019-03-25 21:34:00,2019-03-25 21:47:44,6,4.09,6.3,0.7,0.05,25.7,yellow,cash,Midtown South,Boerum Hill,Manhattan,Brooklyn
2019-03-05 12:44:22,2019-03-05 12:56:59,1,1.11,7.81,0.91,0.01,13.8,yellow,credit card,Midtown Center,West Concourse,Manhattan,Bronx
2019-03-10 17:32:15,2019-03-10 17:46:16,1,0.49,11.8,0.53,0.16,28.76,yellow,cash,Upper West Side North,Starrett City,Manhattan,Brooklyn
2019-03-04 22:10:13,2019-03-04 22:23:27,1,1.11,12.3,5.02,0.3,19.31,yellow,credit card,Union Sq,Whitestone,Manhattan,Queens
2019-03-12 20:03:40,2019-03-12 20:15:20,1,5.49,4.91,0.51,0.7,10.1,yellow,cash,Fort Greene,Bushwick South,Brooklyn,Brooklyn
2019-03-21 08:38:19,2019-03-21 08:52:15,1,8.0,5.71,3.67,0.32,6.8,yellow,credit card,Times Sq/Theatre District,East Concourse/Concourse Village,Manhattan,Bronx
2019-03-05 02:10:40,2019-03-05 02:25:25,1,1.91,6.4,1.46,0.76,38.38,yellow,cash,LaGuardia Airport,Columbia Street,Queens,Brooklyn
2019-03-05 06:55:18,2019-03-05 07:08:54,1,3.14,10.12,0.41,0.35,15.8,yellow,credit card,Central Park,Kingsbridge Heights,Manhattan,Bronx
2019-02-28 11:32:38,2019-02-28 11:46:18,5,1.45,3.3,2.16,0.11,9.79,yellow,cash,Murray Hill,East Concourse/Concourse Village,Manhattan,Bronx
2019-03-06 14:13:56,2019-03-06 14:28:25,1,1.87,9.6,2.05,0.28,18.17,yellow,credit card,Central Harlem North,Gravesend,Manhattan,Brooklyn
2019-03-26 15:22:03,2019-03-26 15:35:07,6,0.15,10.3,0.08,0.07,35.54,yellow,cash,Stuy Town/Peter Cooper Village,Yorkville West,Manhattan,Manhattan
2019-03-27 04:41:02,2019-03-27 04:54:09,2,2.91,11.7,1.89,0.04,13.73,yellow,credit card,Upper West Side South,Crown Heights North,Manhattan,Brooklyn
2019-03-22 16:40:31,2019-03-22 16:54:31,1,0.79,11.1,1.29,0.3,12.19,yellow,cash,Inwood,Williamsbridge/Olinville,Manhattan,Bronx
2019-03-10 23:11:53,2019-03-10 23:23:48,2,8.16,4.9,0.65,0.07,16.93,yellow,credit card,Starrett City,Whitestone,Brooklyn,Queens
2019-03-20 17:08:53,2019-03-20 17:23:26,1,1.21,6.0,1.52,0.06,15.91,yellow,cash,Midtown East,Greenwich Village North,Manhattan,Manhattan
2019-03-16 11:28:06,2019-03-16 11:40:38,3,3.98,10.1,0.84,0.08,17.61,yellow,credit card,Upper East Side South,Saint Albans,Manhattan,Queens
2019-03-13 13:47:03,2019-03-13 14:02:54,1,4.54,20.14,0.28,0.59,34.6,yellow,cash,West Concourse,Woodlawn/Wakefield,Bronx,Bronx
2019-03-18 02:54:37,2019-03-18 03:09:26,1,6.6,9.99,1.1,0.06,11.5,yellow,credit card,West Chelsea/Hudson Yards,East Flatbush/Farragut,Manhattan,Brooklyn
2019-03-15 05:13:39,2019-03-15 05:26:01,1,1.43,18.1,3.51,0.2,22.86,yellow,cash,Midtown North,Lenox Hill West,Manhattan,Manhattan
2019-03-05 06:22:26,2019-03-05 06:34:42,1,2.35,9.16,4.08,0.12,15.6,yellow,credit card,Midtown East,Washington Heights South,Manhattan,Manhattan
2019-03-06 03:05:30,2019-03-06 03:20:11,1,0.02,5.6,2.78,0.04,20.16,yellow,cash,Central Harlem North,Springfield Gardens South,Manhattan,Queens
2019-03-20 03:22:13,2019-03-20 03:36:24,1,3.42,9.27,4.37,0.02,22.0,yellow,credit card,Sutton Place/Turtle Bay North,Woodhaven,Manhattan,Queens
2019-03-19 08:01:57,2019-03-19 08:18:08,2,3.0,15.4,2.0,0.29,15.54,yellow,cash,Morningside Heights,East Harlem South,Manhattan,Manhattan
2019-03-22 06:19:52,2019-03-22 06:36:02,2,5.48,9.3,6.59,0.01,16.96,yellow,credit card,TriBeCa/Civic Center,Flushing,Manhattan,Queens
2019-03-19 10:34:25,2019-03-19 10:47:32,2,1.83,5.6,1.07,0.08,18.01,yellow,cash,TriBeCa/Civic Center,Williamsburg (South Side),Manhattan,Brooklyn
2019-03-07 12:46:34,2019-03-07 12:59:07,1,1.35,8.6,0.85,0.29,11.27,yellow,credit card,Yorkville East,Manhattan Valley,Manhattan,Manhattan
2019-03-12 10:27:06,2019-03-12 10:40:25,1,0.1,4.6,0.3,0.22,15.34,yellow,cash,Garment District,Yorkville West,Manhattan,Manhattan
2019-03-24 21:55:23,2019-03-24 22:10:20,1,1.19,9.3,0.19,0.21,10.66,yellow,credit card,Mott Haven/Port Morris,Washington Heights South,Bronx,Manhattan
2019-03-23 11:51:27,2019-03-23 12:07:55,2,0.4,6.8,0.46,0.01,16.91,yellow,cash,Union Sq,Morrisania/Melrose,Manhattan,Bronx
2019-03-01 05:50:14,2019-03-01 06:03:35,1,1.78,6.9,0.12,0.17,11.16,yellow,credit card,Seaport,Little Italy/NoLiTa,Manhattan,Manhattan
2019-03-31 13:34:05,2019-03-31 13:49:20,1,1.18,2.23,1.6,0.08,24.81,yellow,cash,Battery Park City,Rosedale,Manhattan,Queens
2019-03-06 20:15:31,2019-03-06 20:29:52,1,2.38,8.1,4.74,0.2,21.34,yellow,credit card,West Chelsea/Hudson Yards,Rosedale,Manhattan,Queens
2019-03-09 15:09:54,2019-03-09 15:24:12,1,3.53,5.3,0.53,0.09,44.61,yellow,cash,Yorkville East,Co-Op City,Manhattan,Bronx
2019-03-09 19:19:32,2019-03-09 19:35:54,1,1.07,10.72,3.04,0.03,27.0,yellow,credit card,Midtown East,Homecrest,Manhattan,Brooklyn
2019-03-01 21:22:38,2019-03-01 21:35:29,3,1.7,13.2,5.4,0.01,17.14,yellow,cash,Upper West Side North,Flatbush/Ditmas Park,Manhattan,Brooklyn
2019-03-15 19:00:39,2019-03-15 19:16:33,2,3.67,11.01,0.38,0.99,26.7,yellow,credit card,Cobble Hill,Chinatown,Brooklyn,Manhattan
2019-03-26 15:15:33,2019-03-26 15:30:57,4,0.71,5.9,0.56,0.02,23.37,yellow,cash,Little Italy/NoLiTa,Brooklyn Navy Yard,Manhattan,Brooklyn
2019-03-08 18:36:39,2019-03-08 18:50:08,1,4.51,33.35,1.48,0.12,63.7,yellow,credit card,Crown Heights North,Gravesend,Brooklyn,Brooklyn
2019-03-17 15:13:00,2019-03-17 15:28:28,1,2.0,10.7,0.07,0.1,32.98,yellow,cash,West Village,TriBeCa/Civic Center,Manhattan,Manhattan
2019-03-05 06:27:41,2019-03-05 06:39:31,2,7.7,5.68,4.3,0.11,7.92,yellow,credit card,Upper West Side South,Westchester Village/Unionport,Manhattan,Bronx
2019-03-22 14:16:00,2019-03-22 14:28:15,1,3.21,15.81,0.17,0.17,16.7,yellow,cash,Lower East Side,Midtown East,Manhattan,Manhattan
2019-03-09 15:02:50,2019-03-09 15:17:02,1,3.07,9.16,1.55,0.04,20.8,yellow,credit card,Upper West Side South,Baisley Park,Manhattan,Queens
2019-02-28 15:42:05,2019-02-28 15:55:49,6,1.17,6.9,1.89,0.17,21.01,yellow,cash,East Chelsea,Clinton Hill,Manhattan,Brooklyn
2019-03-12 09:34:58,2019-03-12 09:49:25,1,1.56,21.4,2.78,2.3,27.91,yellow,credit card,JFK Airport,Co-Op City,Queens,Bronx
2019-03-29 23:46:27,2019-03-30 00:02:20,1,2.4,6.86,1.96,0.25,16.0,yellow,cash,Financial District North,Greenwich Village South,Manhattan,Manhattan
2019-03-07 01:03:23,2019-03-07 01:17:14,1,0.91,5.6,2.05,0.01,12.93,yellow,credit card,East Village,Morningside Heights,Manhattan,Manhattan
2019-03-12 20:36:06,2019-03-12 20:50:21,1,3.15,5.1,1.26,0.03,16.19,yellow,cash,Midtown Center,Manhattan Beach,Manhattan,Brooklyn
2019-03-17 11:29:19,2019-03-17 11:40:27,2,0.12,5.86,5.4,0.03,11.13,yellow,credit card,Upper West Side South,Gramercy,Manhattan,Manhattan
2019-03-15 17:51:13,2019-03-15 18:03:48,1,3.24,5.15,3.0,0.24,16.7,yellow,cash,Clinton East,Central Harlem,Manhattan,Manhattan
2019-03-27 08:48:10,2019-03-27 09:02:54,2,3.25,8.0,0.16,0.05,36.81,yellow,credit card,Lenox Hill East,Cobble Hill,Manhattan,Brooklyn
2019-03-26 03:37:48,2019-03-26 03:50:33,4,8.03,6.4,1.39,0.02,24.55,yellow,cash,Garment District,Borough Park,Manhattan,Brooklyn
2019-03-13 08:05:26,2019-03-13 08:17:19,2,3.25,19.9,2.2,3.58,109.87,yellow,credit card,Jackson Heights,Midtown East,Queens,Manhattan
2019-03-05 11:02:28,2019-03-05 11:17:45,2,6.82,13.3,2.16,0.06,17.67,yellow,cash,Clinton East,Chinatown,Manhattan,Manhattan
2019-03-13 21:46:21,2019-03-13 22:00:30,1,1.54,6.6,0.73,0.12,11.18,yellow,credit card,East Harlem South,JFK Airport,Manhattan,Queens
2019-03-15 05:46:11,2019-03-15 05:59:16,2,5.13,9.8,1.79,0.08,17.53,yellow,cash,Clinton West,Kew Gardens,Manhattan,Queens
2019-03-23 03:48:23,2019-03-23 04:02:24,3,1.95,10.06,7.5,0.02,10.69,yellow,credit card,Upper East Side North,East Flatbush/Farragut,Manhattan,Brooklyn
2019-03-04 18:40:15,2019-03-04 18:55:26,0,0.89,7.8,4.33,0.18,32.04,yellow,cash,Gramercy,Bronxdale,Manhattan,Bronx
2019-03-19 12:04:32,2019-03-19 12:20:20,2,6.4,3.6,0.58,0.03,9.64,yellow,credit card,Clinton East,Williamsburg (South Side),Manhattan,Brooklyn
2019-02-28 03:20:37,2019-02-28 03:34:31,2,6.39,7.5,1.92,0.06,11.87,yellow,cash,Upper West Side North,Stapleton,Manhattan,Staten Island
2019-03-03 15:11:14,2019-03-03 15:24:19,1,7.98,17.96,1.48,0.41,19.6,yellow,credit card,Upper West Side North,West Village,Manhattan,Manhattan
2019-03-16 05:17:50,2019-03-16 05:32:51,1,1.13,15.1,0.0,0.13,25.23,yellow,cash,Lower East Side,Clinton Hill,Manhattan,Brooklyn
2019-03-30 13:15:12,2019-03-30 13:27:33,1,0.84,11.7,0.07,0.18,22.71,yellow,credit card,Lincoln Square West,Bedford,Manhattan,Brooklyn
2019-03-16 17:56:56,2019-03-16 18:11:53,1,0.48,3.7,0.31,0.06,20.42,yellow,cash,Yorkville West,Windsor Terrace,Manhattan,Brooklyn
2019-03-13 14:15:05,2019-03-13 14:31:19,0,0.91,8.9,1.47,0.01,15.34,yellow,credit card,Morningside Heights,Crown Heights North,Manhattan,Brooklyn
2019-03-19 17:00:55,2019-03-19 17:16:06,2,6.82,11.2,0.63,0.13,14.91,yellow,cash,Downtown Brooklyn/MetroTech,Prospect Park,Brooklyn,Brooklyn
2019-03-31 11:28:26,2019-03-31 11:44:25,1,2.57,35.7,0.49,0.85,43.13,yellow,credit card,Sheepshead Bay,Briarwood/Jamaica Hills,Brooklyn,Queens
2019-03-25 14:48:00,2019-03-25 15:03:06,0,8.25,18.79,1.91,3.64,23.1,yellow,cash,LaGuardia Airport,Stuy Town/Peter Cooper Village,Queens,Manhattan
2019-03-31 23:54:28,2019-04-01 00:06:52,1,1.36,5.4,1.48,0.01,16.75,yellow,credit card,Greenwich Village North,Jackson Heights,Manhattan,Queens
2019-03-30 01:21:59,2019-03-30 01:35:59,1,1.2,8.6,0.48,0.0,18.46,yellow,cash,Upper East Side South,Lincoln Square East,Manhattan,Manhattan
2019-03-16 12:04:34,2019-03-16 12:19:48,1,0.74,4.0,1.22,0.14,26.08,yellow,credit card,Little Italy/NoLiTa,East Harlem North,Manhattan,Manhattan
2019-03-07 20:08:13,2019-03-07 20:22:36,1,1.73,6.94,0.68,0.36,7.4,yellow,cash,Bloomingdale,Cobble Hill,Manhattan,Brooklyn
2019-03-16 16:24:34,2019-03-16 16:36:36,5,3.58,7.6,3.0,0.22,9.28,yellow,credit card,Washington Heights South,Kips Bay,Manhattan,Manhattan
2019-03-01 23:31:03,2019-03-01 23:47:08,1,0.89,7.9,2.52,0.21,14.83,yellow,cash,Times Sq/Theatre District,Union Sq,Manhattan,Manhattan
2019-03-12 10:03:13,2019-03-12 10:18:07,1,0.32,12.8,0.83,0.06,18.16,yellow,credit card,Gramercy,Sunnyside,Manhattan,Queens
2019-03-24 11:04:32,2019-03-24 11:20:08,1,0.9,8.4,0.33,0.12,22.03,yellow,cash,Midtown East,Gramercy,Manhattan,Manhattan
2019-03-31 05:07:57,2019-03-31 05:20:54,2,2.2,14.3,1.48,0.43,16.95,yellow,credit card,SoHo,West Concourse,Manhattan,Bronx
2019-03-09 12:51:54,2019-03-09 13:06:07,2,1.36,10.0,1.4,0.01,25.4,yellow,cash,Midtown North,Madison,Manhattan,Brooklyn
2019-03-20 12:34:03,2019-03-20 12:48:03,1,0.23,8.3,4.14,0.17,13.52,yellow,credit card,Midtown Center,Two Bridges/Seward Park,Manhattan,Manhattan
2019-03-20 22:11:27,2019-03-20 22:24:20,1,0.69,4.83,1.32,0.05,13.5,yellow,cash,Gramercy,Upper West Side South,Manhattan,Manhattan
2019-03-26 18:34:09,2019-03-26 18:49:42,1,2.42,7.78,2.9,0.12,8.8,yellow,credit card,Times Sq/Theatre District,Homecrest,Manhattan,Brooklyn
2019-03-27 11:00:23,2019-03-27 11:15:39,1,0.71,7.1,1.44,0.17,10.36,yellow,cash,Upper East Side North,East Tremont,Manhattan,Bronx
2019-03-19 13:07:45,2019-03-19 13:20:56,1,0.76,9.78,0.6,0.04,15.4,yellow,credit card,Sutton Place/Turtle Bay North,Maspeth,Manhattan,Queens
2019-03-04 07:58:52,2019-03-04 08:15:45,1,2.23,6.74,4.51,0.01,14.8,yellow,cash,LaGuardia Airport,South Jamaica,Queens,Queens
2019-03-12 04:28:20,2019-03-12 04:42:58,1,0.6,6.6,0.25,0.06,7.31,yellow,credit card,West Village,Murray Hill,Manhattan,Manhattan
2019-03-16 10:12:35,2019-03-16 10:24:51,1,1.61,6.5,4.56,0.16,16.54,yellow,cash,Financial District South,Bedford Park,Manhattan,Bronx
2019-03-19 07:20:23,2019-03-19 07:33:52,1,4.26,7.3,0.36,0.03,11.87,yellow,credit card,Central Harlem North,Flatbush/Ditmas Park,Manhattan,Brooklyn
2019-03-07 05:53:33,2019-03-07 06:07:15,1,2.82,8.8,2.43,0.28,14.91,yellow,cash,Central Harlem North,Prospect Park,Manhattan,Brooklyn
2019-03-21 19:21:16,2019-03-21 19:35:42,6,2.82,15.7,0.76,0.51,28.44,yellow,credit card,East Village,Bensonhurst West,Manhattan,Brooklyn
2019-03-14 09:42:53,2019-03-14 09:57:24,1,1.12,6.2,4.47,0.09,13.49,yellow,cash,SoHo,Claremont/Bathgate,Manhattan,Bronx
2019-03-18 07:39:11,2019-03-18 07:51:48,1,2.05,12.9,0.42,0.06,15.48,yellow,credit card,Midtown South,Battery Park City,Manhattan,Manhattan
2019-03-13 10:17:18,2019-03-13 10:30:50,5,4.09,5.8,2.38,2.68,22.85,yellow,cash,LaGuardia Airport,East Harlem South,Queens,Manhattan
2019-03-10 20:29:03,2019-03-10 20:41:29,1,1.33,4.7,0.2,0.05,12.96,yellow,credit card,Upper West Side North,Gravesend,Manhattan,Brooklyn
2019-03-13 17:28:11,2019-03-13 17:41:19,1,2.47,6.3,3.2,0.21,105.22,yellow,cash,Astoria,Maspeth,Queens,Queens
2019-03-22 23:41:34,2019-03-22 23:56:12,2,3.26,5.71,2.7,0.14,11.7,yellow,credit card,World Trade Center,Central Park,Manhattan,Manhattan
2019-03-19 21:34:25,2019-03-19 21:52:01,1,4.53,2.7,2.13,0.03,20.43,yellow,cash,Union Sq,Penn Station/Madison Sq West,Manhattan,Manhattan
2019-03-05 03:30:09,2019-03-05 03:47:07,1,2.16,6.4,1.75,0.1,11.69,yellow,credit card,Manhattan Valley,Eastchester,Manhattan,Bronx
2019-03-09 23:54:46,2019-03-10 00:10:00,1,6.41,10.8,0.51,0.07,30.57,yellow,cash,East Harlem South,Ridgewood,Manhattan,Queens
2019-03-14 00:18:06,2019-03-14 00:34:42,2,12.51,9.6,2.39,0.47,104.75,yellow,credit card,LaGuardia Airport,Lenox Hill West,Queens,Manhattan
2019-03-26 01:49:28,2019-03-26 02:02:40,1,6.24,9.64,1.47,0.14,14.5,yellow,cash,East Village,Soundview/Bruckner,Manhattan,Bronx
2019-03-21 07:54:55,2019-03-21 08:07:58,1,0.7,7.85,0.86,0.02,25.5,yellow,credit card,West Village,Marble Hill,Manhattan,Manhattan
2019-03-17 15:16:59,2019-03-17 15:31:12,1,1.25,4.3,0.45,0.15,50.2,yellow,cash,Fort Greene,Elmhurst/Maspeth,Brooklyn,Queens
2019-03-09 15:18:26,2019-03-09 15:32:22,1,3.52,9.4,2.65,0.07,21.72,yellow,credit card,Little Italy/NoLiTa,Borough Park,Manhattan,Brooklyn
2019-03-20 16:04:41,2019-03-20 16:18:27,1,0.61,15.2,0.56,0.07,17.87,yellow,cash,Lenox Hill East,Soundview/Castle Hill,Manhattan,Bronx
2019-03-13 13:51:30,2019-03-13 14:04:51,2,0.28,6.18,1.09,0.03,17.3,yellow,credit card,Meatpacking/West Village West,Van Nest/Morris Park,Manhattan,Bronx
2019-03-23 19:56:11,2019-03-23 20:10:10,1,1.75,7.4,1.85,0.02,10.0,yellow,cash,Stuyvesant Heights,SoHo,Brooklyn,Manhattan
2019-03-04 04:22:16,2019-03-04 04:38:18,5,15.17,17.7,3.15,0.03,22.86,yellow,credit card,Lincoln Square East,Ozone Park,Manhattan,Queens
2019-03-15 11:30:00,2019-03-15 11:43:53,1,2.6,7.2,2.8,0.06,12.87,yellow,cash,Lower East Side,Upper West Side South,Manhattan,Manhattan
2019-03-12 16:47:32,2019-03-12 17:02:40,0,3.46,10.2,2.86,0.1,14.01,yellow,credit card,Midtown North,Randalls Island,Manhattan,Manhattan
2019-03-30 03:27:12,2019-03-30 03:38:23,1,0.03,13.38,0.2,0.11,17.2,yellow,cash,Crown Heights South,Windsor Terrace,Brooklyn,Brooklyn
2019-03-07 17:58:15,2019-03-07 18:12:43,1,2.54,12.1,1.33,0.04,12.88,yellow,credit card,Upper West Side North,Red Hook,Manhattan,Brooklyn
2019-03-05 02:38:29,2019-03-05 02:54:48,1,13.59,1.94,0.27,0.02,52.5,yellow,cash,LaGuardia Airport,Cambria Heights,Queens,Queens
2019-03-24 22:24:50,2019-03-24 22:41:30,1,2.5,8.1,1.52,0.01,13.65,yellow,credit card,Upper West Side North,Upper East Side North,Manhattan,Manhattan
2019-03-11 02:56:36,2019-03-11 03:10:55,1,1.97,11.9,1.99,0.11,17.4,yellow,cash,Upper West Side South,East Flatbush/Farragut,Manhattan,Brooklyn
2019-03-29 15:56:42,2019-03-29 16:12:23,1,0.03,12.1,3.0,0.19,19.98,yellow,credit card,Lower East Side,Spuyten Duyvil/Kingsbridge,Manhattan,Bronx
2019-03-29 14:13:24,2019-03-29 14:28:41,4,11.5,12.64,8.9,0.15,56.4,yellow,cash,South Jamaica,Upper East Side North,Queens,Manhattan
2019-03-25 13:22:49,2019-03-25 13:36:44,1,4.08,12.2,3.66,0.03,26.86,yellow,credit card,Union Sq,Garment District,Manhattan,Manhattan
2019-03-29 23:22:29,2019-03-29 23:36:58,1,0.11,7.06,0.16,0.17,7.9,yellow,cash,Clinton West,Steinway,Manhattan,Queens
2019-03-27 14:22:27,2019-03-27 14:40:05,5,0.31,4.6,0.77,0.14,10.5,yellow,credit card,Hudson Sq,East Tremont,Manhattan,Bronx
2019-02-28 14:50:12,2019-02-28 15:05:28,1,0.41,15.3,1.71,0.02,54.85,yellow,cash,Brooklyn Heights,University Heights/Morris Heights,Brooklyn,Bronx
2019-03-13 02:38:12,2019-03-13 02:52:47,2,0.76,14.68,1.6,0.04,20.4,yellow,credit card,Upper West Side South,West Concourse,Manhattan,Bronx
2019-03-02 16:22:17,2019-03-02 16:36:40,1,3.69,2.4,0.45,0.03,12.72,yellow,cash,Gramercy,Williamsburg (South Side),Manhattan,Brooklyn
2019-03-19 12:09:07,2019-03-19 12:25:37,1,1.54,12.03,0.59,0.19,19.0,yellow,credit card,Lincoln Square West,East Elmhurst,Manhattan,Queens
2019-03-04 23:10:05,2019-03-04 23:24:59,1,0.49,9.1,1.11,0.1,10.18,yellow,cash,Midtown East,Queensboro Hill,Manhattan,Queens
2019-03-14 22:11:46,2019-03-14 22:25:40,1,0.8,5.6,0.6,0.14,9.99,yellow,credit card,Lincoln Square East,Old Astoria,Manhattan,Queens
2019-03-22 13:35:54,2019-03-22 13:49:30,1,3.69,6.1,0.24,0.29,21.44,yellow,cash,Murray Hill,East Village,Manhattan,Manhattan
2019-03-10 19:44:05,2019-03-10 19:57:36,1,0.6,5.42,1.7,0.23,13.4,yellow,credit card,Midtown Center,Hillcrest/Pomonok,Manhattan,Queens
2019-03-16 13:09:56,2019-03-16 13:23:27,1,1.31,21.48,1.03,0.04,25.5,yellow,cash,Lincoln Square East,Sunnyside,Manhattan,Queens
2019-03-16 14:21:53,2019-03-16 14:36:54,1,0.37,4.6,0.26,0.01,11.47,yellow,credit card,Upper East Side North,West Chelsea/Hudson Yards,Manhattan,Manhattan
2019-03-05 10:17:48,2019-03-05 10:30:43,2,0.98,4.6,3.28,0.19,12.33,yellow,cash,Times Sq/Theatre District,East New York,Manhattan,Brooklyn
2019-03-08 12:40:58,2019-03-08 12:54:35,1,0.48,4.9,3.26,0.2,10.2,yellow,credit card,Midtown East,Cobble Hill,Manhattan,Brooklyn
2019-03-22 11:13:08,2019-03-22 11:29:15,1,0.24,12.3,1.4,0.07,18.6,yellow,cash,Little Italy/NoLiTa,Starrett City,Manhattan,Brooklyn
2019-03-08 01:15:18,2019-03-08 01:30:22,1,2.98,7.1,4.08,0.2,19.42,yellow,credit card,Upper West Side South,East Harlem North,Manhattan,Manhattan
2019-03-23 07:41:22,2019-03-23 07:55:38,1,0.75,5.4,1.05,0.16,16.67,yellow,cash,Sutton Place/Turtle Bay North,Long Island City/Hunters Point,Manhattan,Queens
2019-03-24 01:19:16,2019-03-24 01:34:17,6,2.56,9.2,3.26,0.23,13.56,yellow,credit card,West Chelsea/Hudson Yards,Springfield Gardens South,Manhattan,Queens
2019-03-29 08:52:06,2019-03-29 09:04:48,4,0.94,4.67,1.71,0.19,5.0,yellow,cash,Upper West Side North,Hunts Point,Manhattan,Bronx
2019-03-13 04:48:30,2019-03-13 05:01:10,1,3.64,6.0,4.51,0.01,14.63,yellow,credit card,Times Sq/Theatre District,Prospect-Lefferts Gardens,Manhattan,Brooklyn
2019-03-23 20:12:33,2019-03-23 20:25:24,1,7.76,5.1,0.61,0.24,5.57,yellow,cash,Clinton Hill,Manhattan Valley,Brooklyn,Manhattan
2019-03-18 08:43:40,2019-03-18 08:56:27,1,3.1,2.7,0.04,0.09,5.48,yellow,credit card,East Chelsea,Ocean Hill,Manhattan,Brooklyn
2019-03-10 20:56:45,2019-03-10 21:11:23,3,1.84,11.1,4.68,0.06,42.74,yellow,cash,Midtown North,Prospect Park,Manhattan,Brooklyn
2019-03-21 08:49:27,2019-03-21 09:05:30,1,0.62,10.22,1.77,0.48,19.6,yellow,credit card,Penn Station/Madison Sq West,Soundview/Castle Hill,Manhattan,Bronx
2019-02-28 21:28:23,2019-02-28 21:44:57,1,0.75,7.69,0.66,0.44,8.6,yellow,cash,Crown Heights North,East Concourse/Concourse Village,Brooklyn,Bronx
2019-03-20 13:59:24,2019-03-20 14:13:14,1,0.02,5.6,0.63,0.03,17.18,yellow,credit card,Sutton Place/Turtle Bay North,Brownsville,Manhattan,Brooklyn
2019-03-09 15:31:13,2019-03-09 15:46:54,1,1.01,9.3,2.48,0.4,9.69,yellow,cash,Lenox Hill East,West Village,Manhattan,Manhattan
2019-03-13 21:49:53,2019-03-13 22:06:05,1,0.48,8.5,2.08,0.18,14.83,yellow,credit card,Union Sq,Middle Village,Manhattan,Queens
2019-03-28 12:14:44,2019-03-28 12:29:31,3,2.74,6.4,1.16,0.07,8.17,yellow,cash,Williamsburg (South Side),University Heights/Morris Heights,Brooklyn,Bronx
2019-03-28 21:42:44,2019-03-28 21:55:25,1,0.72,10.74,1.07,0.13,11.5,yellow,credit card,West Chelsea/Hudson Yards,Columbia Street,Manhattan,Brooklyn
2019-03-28 15:26:22,2019-03-28 15:40:21,1,2.14,10.8,0.1,0.06,25.33,yellow,cash,Gramercy,Van Nest/Morris Park,Manhattan,Bronx
2019-03-27 23:04:07,2019-03-27 23:17:52,6,26.39,9.7,1.47,0.07,56.99,yellow,credit card,East Flushing,Meatpacking/West Village West,Queens,Manhattan
2019-03-31 10:34:56,2019-03-31 10:47:43,1,14.65,8.5,2.64,1.2,48.9,yellow,cash,LaGuardia Airport,Elmhurst/Maspeth,Queens,Queens
2019-03-05 01:54:29,2019-03-05 02:07:48,1,2.33,8.9,1.82,0.18,15.04,yellow,credit card,East Village,Queens Village,Manhattan,Queens
2019-03-21 14:23:45,2019-03-21 14:37:58,1,0.55,6.1,2.12,0.23,22.34,yellow,cash,Penn Station/Madison Sq West,Downtown Brooklyn/MetroTech,Manhattan,Brooklyn
2019-03-30 07:15:26,2019-03-30 07:29:40,0,2.53,11.3,5.21,0.07,17.93,yellow,credit card,Upper West Side North,East Concourse/Concourse Village,Manhattan,Bronx
2019-03-05 14:11:04,2019-03-05 14:24:44,1,0.49,6.7,1.64,0.08,19.51,yellow,cash,Lenox Hill East,Prospect Heights,Manhattan,Brooklyn
2019-03-14 22:57:39,2019-03-14 23:14:33,1,4.6,12.9,0.86,0.02,20.07,yellow,credit card,Clinton East,Riverdale/North Riverdale/Fieldston,Manhattan,Bronx
2019-03-18 14:29:01,2019-03-18 14:44:44,1,0.65,15.6,1.67,0.13,79.73,yellow,cash,Clinton East,Seaport,Manhattan,Manhattan
2019-03-03 09:05:29,2019-03-03 09:19:58,1,6.85,5.97,4.7,1.02,30.93,yellow,credit card,JFK Airport,Long Island City/Hunters Point,Queens,Queens
2019-03-18 04:44:52,2019-03-18 04:57:04,2,2.26,8.2,2.51,0.01,11.59,yellow,cash,Lincoln Square West,Cypress Hills,Manhattan,Brooklyn
2019-03-05 03:57:04,2019-03-05 04:10:08,1,1.7,21.02,0.07,0.01,27.5,yellow,credit card,Upper East Side South,Queens Village,Manhattan,Queens
2019-03-06 05:00:20,2019-03-06 05:15:49,1,8.52,6.8,2.52,0.1,10.42,yellow,cash,Sutton Place/Turtle Bay North,West Chelsea/Hudson Yards,Manhattan,Manhattan
2019-03-24 01:51:10,2019-03-24 02:03:37,1,0.73,5.65,3.43,0.05,11.6,yellow,credit card,Lenox Hill West,Brooklyn Navy Yard,Manhattan,Brooklyn
2019-03-19 14:37:44,2019-03-19 14:51:00,2,0.38,3.1,1.86,0.0,8.54,yellow,cash,Manhattan Valley,Williamsburg (South Side),Manhattan,Brooklyn
2019-03-01 00:25:18,2019-03-01 00:39:52,1,0.29,9.2,0.48,0.17,14.14,yellow,credit card,Midtown South,Clinton West,Manhattan,Manhattan
2019-03-08 16:21:37,2019-03-08 16:34:56,1,4.29,7.8,6.19,0.04,17.02,yellow,cash,Bloomingdale,Briarwood/Jamaica Hills,Manhattan,Queens
2019-03-21 15:12:41,2019-03-21 15:26:21,2,5.02,8.5,5.09,0.03,15.5,yellow,credit card,Little Italy/NoLiTa,Starrett City,Manhattan,Brooklyn
2019-03-17 02:29:05,2019-03-17 02:39:48,2,4.18,5.88,0.69,5.0,51.93,yellow,cash,Long Island City/Hunters Point,Greenwich Village North,Queens,Manhattan
2019-03-20 10:58:02,2019-03-20 11:12:00,4,2.5,19.2,0.22,0.19,22.07,yellow,credit card,Little Italy/NoLiTa,Brighton Beach,Manhattan,Brooklyn
2019-03-26 00:26:29,2019-03-26 00:41:17,2,1.85,5.7,1.45,0.36,20.93,yellow,cash,Clinton West,Gowanus,Manhattan,Brooklyn
2019-03-23 05:43:21,2019-03-23 05:56:17,1,0.76,12.57,0.7,0.11,14.9,yellow,credit card,Yorkville East,Central Harlem,Manhattan,Manhattan
2019-03-19 11:34:12,2019-03-19 11:46:25,1,0.11,20.46,4.76,0.09,20.5,yellow,cash,Midtown Center,Bloomingdale,Manhattan,Manhattan
2019-03-05 07:14:32,2019-03-05 07:27:31,1,2.37,5.5,3.64,0.1,7.38,yellow,credit card,East Harlem South,Lenox Hill East,Manhattan,Manhattan
2019-03-30 15:13:38,2019-03-30 15:26:27,4,0.92,10.2,6.4,0.04,11.09,yellow,cash,UN/Turtle Bay South,Auburndale,Manhattan,Queens
2019-03-27 04:40:25,2019-03-27 04:52:18,1,0.17,10.6,1.22,0.05,11.05,yellow,credit card,West Village,Jamaica,Manhattan,Queens
2019-03-22 04:49:20,2019-03-22 05:03:59,4,1.36,3.4,0.28,0.12,17.16,yellow,cash,Midtown East,Cambria Heights,Manhattan,Queens
2019-03-11 15:15:21,2019-03-11 15:29:36,1,3.13,7.3,1.66,0.13,18.36,yellow,credit card,Meatpacking/West Village West,Rosedale,Manhattan,Queens
2019-03-26 20:35:10,2019-03-26 20:47:44,1,2.03,2.7,1.64,0.29,56.76,yellow,cash,Midtown Center,Glendale,Manhattan,Queens
2019-03-20 20:31:24,2019-03-20 20:46:14,2,1.4,10.6,0.4,0.13,18.8,yellow,credit card,Murray Hill,Clinton East,Manhattan,Manhattan
2019-03-28 03:42:22,2019-03-28 03:55:37,1,2.64,7.51,0.62,0.85,35.1,yellow,cash,Steinway,Rosedale,Queens,Queens
2019-03-28 15:31:13,2019-03-28 15:45:38,1,0.23,7.18,0.03,0.05,19.1,yellow,credit card,Midtown Center,East Concourse/Concourse Village,Manhattan,Bronx
2019-03-23 02:24:28,2019-03-23 02:41:07,4,1.48,8.4,4.69,0.12,26.4,yellow,cash,Penn Station/Madison Sq West,Yorkville East,Manhattan,Manhattan
2019-03-20 14:09:01,2019-03-20 14:24:05,1,0.66,9.2,2.68,0.04,23.24,yellow,credit card,Lincoln Square East,Kew Gardens Hills,Manhattan,Queens
2019-03-12 14:46:26,2019-03-12 14:59:16,2,2.25,14.2,1.03,0.19,18.08,yellow,cash,Lenox Hill West,Parkchester,Manhattan,Bronx
2019-03-23 04:16:16,2019-03-23 04:31:23,1,4.16,10.82,3.38,0.46,14.8,yellow,credit card,East Harlem South,South Ozone Park,Manhattan,Queens
2019-03-17 04:46:00,2019-03-17 05:00:51,1,4.12,6.5,3.63,0.17,11.65,yellow,cash,Clinton West,Williamsburg (North Side),Manhattan,Brooklyn
2019-03-09 10:11:09,2019-03-09 10:31:12,1,1.82,4.94,3.3,0.31,27.04,yellow,credit card,World Trade Center,Lenox Hill East,Manhattan,Manhattan
2019-03-16 13:44:10,2019-03-16 13:58:56,1,2.11,7.5,1.44,0.16,19.46,yellow,cash,Lenox Hill West,East Harlem North,Manhattan,Manhattan
2019-03-03 16:07:54,2019-03-03 16:23:17,1,4.49,12.56,0.59,0.09,17.1,yellow,credit card,Garment District,East Harlem North,Manhattan,Manhattan
2019-03-18 10:53:31,2019-03-18 11:07:09,1,0.74,6.4,5.54,0.23,12.37,yellow,cash,TriBeCa/Civic Center,Maspeth,Manhattan,Queens
2019-03-27 17:23:10,2019-03-27 17:39:41,1,2.64,9.33,0.34,0.17,12.6,yellow,credit card,East New York,Sheepshead Bay,Brooklyn,Brooklyn
2019-03-25 01:01:32,2019-03-25 01:17:42,1,2.76,7.9,0.31,0.04,24.79,yellow,cash,Battery Park City,Belmont,Manhattan,Bronx
2019-03-09 07:43:04,2019-03-09 07:54:38,1,0.16,14.7,0.39,0.1,25.67,yellow,credit card,Penn Station/Madison Sq West,Prospect-Lefferts Gardens,Manhattan,Brooklyn
2019-03-28 12:41:45,2019-03-28 12:55:33,1,0.35,11.1,0.09,0.31,12.82,yellow,cash,Penn Station/Madison Sq West,Central Park,Manhattan,Manhattan
2019-03-25 00:55:19,2019-03-25 01:12:09,1,0.48,16.7,1.25,0.25,17.97,yellow,credit card,Upper East Side North,Starrett City,Manhattan,Brooklyn
2019-03-14 03:51:04,2019-03-14 04:06:18,2,9.99,5.0,2.85,0.27,8.8,yellow,cash,Union Sq,Financial District North,Manhattan,Manhattan
2019-03-04 15:00:15,2019-03-04 15:14:47,1,3.34,4.1,2.61,0.25,8.11,yellow,credit card,Central Park,Flushing Meadows-Corona Park,Manhattan,Queens
2019-03-12 06:38:19,2019-03-12 06:52:26,1,1.91,5.82,0.04,0.0,7.1,yellow,cash,Kips Bay,Morrisania/Melrose,Manhattan,Bronx
2019-03-30 17:12:06,2019-03-30 17:25:09,5,1.39,14.2,6.42,0.16,15.71,yellow,credit card,Midtown Center,Williamsbridge/Olinville,Manhattan,Bronx
2019-03-08 23:32:57,2019-03-08 23:50:33,1,3.38,6.13,0.25,0.22,9.1,yellow,cash,Yorkville West,Pelham Parkway,Manhattan,Bronx
2019-03-26 09:04:51,2019-03-26 09:20:08,4,0.91,15.8,1.59,0.06,25.6,yellow,credit card,UN/Turtle Bay South,Cypress Hills,Manhattan,Brooklyn
2019-03-06 18:33:54,2019-03-06 18:47:16,1,2.15,8.04,2.97,0.18,11.4,yellow,cash,Times Sq/Theatre District,Whitestone,Manhattan,Queens
2019-03-22 05:47:01,2019-03-22 06:04:25,1,5.15,8.9,1.5,0.35,10.07,yellow,credit card,Midtown East,Lenox Hill East,Manhattan,Manhattan
2019-03-27 18:48:47,2019-03-27 19:04:14,1,0.08,3.8,0.34,0.0,22.6,yellow,cash,Times Sq/Theatre District,Washington Heights North,Manhattan,Manhattan
2019-03-16 02:18:16,2019-03-16 02:32:36,5,1.33,8.2,1.88,0.0,17.44,yellow,credit card,Yorkville East,Ozone Park,Manhattan,Queens
2019-03-19 00:31:01,2019-03-19 00:45:41,4,3.94,5.2,2.92,0.16,13.4,yellow,cash,JFK Airport,Stuyvesant Heights,Queens,Brooklyn
2019-03-16 02:06:25,2019-03-16 02:20:15,5,0.59,12.5,2.9,0.03,16.84,yellow,credit card,Greenwich Village South,Garment District,Manhattan,Manhattan
2019-03-06 19:11:59,2019-03-06 19:25:24,6,4.22,10.0,1.41,0.03,11.84,yellow,cash,Morningside Heights,East Tremont,Manhattan,Bronx
2019-03-31 03:41:29,2019-03-31 03:56:08,3,1.37,8.1,0.48,0.01,11.5,yellow,credit card,Clinton East,Bay Ridge,Manhattan,Brooklyn
2019-03-01 09:28:45,2019-03-01 09:45:32,3,2.46,5.1,2.5,0.58,13.36,yellow,cash,UN/Turtle Bay South,Hamilton Heights,Manhattan,Manhattan
2019-03-13 21:41:04,2019-03-13 21:55:48,1,0.46,7.8,2.32,0.25,10.92,yellow,credit card,Greenwich Village North,Van Nest/Morris Park,Manhattan,Bronx
2019-03-08 14:51:51,2019-03-08 15:06:06,1,0.26,10.0,0.15,0.01,24.74,yellow,cash,TriBeCa/Civic Center,East Harlem South,Manhattan,Manhattan
2019-03-14 09:51:41,2019-03-14 10:07:23,6,0.1,4.9,0.82,0.69,19.63,yellow,credit card,Upper East Side North,Gramercy,Manhattan,Manhattan
2019-03-28 11:39:30,2019-03-28 11:51:30,2,0.94,7.3,0.22,0.05,21.31,yellow,cash,Greenwich Village South,TriBeCa/Civic Center,Manhattan,Manhattan
2019-02-28 10:00:46,2019-02-28 10:15:01,5,2.08,14.07,6.83,0.22,16.5,yellow,credit card,Stuy Town/Peter Cooper Village,Rosedale,Manhattan,Queens
2019-03-21 00:29:47,2019-03-21 00:46:21,1,0.59,5.7,1.47,0.09,18.42,yellow,cash,West Village,Little Italy/NoLiTa,Manhattan,Manhattan
2019-03-10 22:12:05,2019-03-10 22:27:25,1,0.06,11.0,4.74,0.14,18.15,yellow,credit card,Midtown South,Crotona Park East,Manhattan,Bronx
2019-03-18 20:32:13,2019-03-18 20:45:29,1,4.66,7.0,2.34,0.05,21.59,yellow,cash,East Chelsea,Penn Station/Madison Sq West,Manhattan,Manhattan
2019-03-11 01:27:49,2019-03-11 01:41:01,1,3.43,7.1,3.39,0.1,27.81,yellow,credit card,Penn Station/Madison Sq West,East Concourse/Concourse Village,Manhattan,Bronx
2019-03-11 19:37:50,2019-03-11 19:54:54,1,0.62,6.6,1.11,0.15,22.36,yellow,cash,East Chelsea,Two Bridges/Seward Park,Manhattan,Manhattan
2019-03-02 15:25:04,2019-03-02 15:39:59,1,4.37,11.0,1.81,0.07,14.79,yellow,credit card,Kips Bay,Ozone Park,Manhattan,Queens
2019-03-04 00:03:22,2019-03-04 00:17:25,1,5.89,7.0,0.34,0.15,12.2,yellow,cash,East Village,Williamsbridge/Olinville,Manhattan,Bronx
2019-03-03 17:17:38,2019-03-03 17:33:25,1,8.39,4.3,1.09,0.74,98.36,yellow,credit card,Forest Hills,Bedford,Queens,Brooklyn
2019-03-08 00:20:21,2019-03-08 00:32:56,0,10.13,14.5,2.66,0.96,38.87,yellow,cash,LaGuardia Airport,Clinton East,Queens,Manhattan
2019-03-02 07:12:35,2019-03-02 07:26:16,1,6.13,22.6,1.97,0.22,33.87,yellow,credit card,Kips Bay,TriBeCa/Civic Center,Manhattan,Manhattan
2019-03-29 01:58:08,2019-03-29 02:10:27,4,3.01,4.2,2.28,0.11,30.84,yellow,cash,East Village,East Concourse/Concourse Village,Manhattan,Bronx
2019-03-15 02:10:32,2019-03-15 02:24:25,1,6.67,11.1,3.4,0.05,23.25,yellow,credit card,Upper East Side North,Van Nest/Morris Park,Manhattan,Bronx
2019-03-13 08:09:14,2019-03-13 08:20:41,1,0.8,5.4,1.62,0.18,23.95,yellow,cash,Yorkville West,Bath Beach,Manhattan,Brooklyn
2019-03-19 06:05:42,2019-03-19 06:21:12,1,3.07,4.5,0.02,0.05,20.75,yellow,credit card,Clinton East,Garment District,Manhattan,Manhattan
2019-03-16 08:55:24,2019-03-16 09:09:58,2,7.72,8.7,0.22,0.04,28.66,yellow,cash,Penn Station/Madison Sq West,Bensonhurst East,Manhattan,Brooklyn
2019-03-20 19:45:20,2019-03-20 20:01:16,1,7.37,11.2,0.51,0.09,21.53,yellow,credit card,West Chelsea/Hudson Yards,Westchester Village/Unionport,Manhattan,Bronx
2019-03-08 11:05:57,2019-03-08 11:19:09,1,7.97,12.7,0.48,0.33,23.17,yellow,cash,East Harlem South,Greenwich Village North,Manhattan,Manhattan
2019-03-31 17:55:09,2019-03-31 18:07:17,1,5.24,11.0,4.79,0.03,23.36,yellow,credit card,Central Park,Ridgewood,Manhattan,Queens
2019-03-03 02:39:05,2019-03-03 02:56:26,1,4.02,15.71,4.69,3.94,24.1,yellow,cash,Elmhurst,Union Sq,Queens,Manhattan
2019-03-02 23:33:49,2019-03-02 23:44:46,2,0.1,7.4,0.4,0.24,9.29,yellow,credit card,Midtown Center,Briarwood/Jamaica Hills,Manhattan,Queens
2019-03-04 15:21:42,2019-03-04 15:35:14,1,0.74,6.62,0.04,0.45,8.0,yellow,cash,Midtown Center,Spuyten Duyvil/Kingsbridge,Manhattan,Bronx
2019-03-31 09:16:25,2019-03-31 09:30:42,3,3.47,9.9,1.86,0.42,14.38,yellow,credit card,Times Sq/Theatre District,Allerton/Pelham Gardens,Manhattan,Bronx
2019-03-13 22:59:45,2019-03-13 23:14:47,1,0.1,6.0,2.62,0.33,14.07,yellow,cash,Yorkville West,East Williamsburg,Manhattan,Brooklyn
2019-03-22 06:29:10,2019-03-22 06:45:10,2,1.26,7.2,0.59,0.01,10.5,yellow,credit card,Yorkville West,Stuyvesant Heights,Manhattan,Brooklyn
2019-03-06 04:39:20,2019-03-06 04:53:39,1,0.97,10.0,3.17,0.01,14.39,yellow,cash,Sutton Place/Turtle Bay North,Baisley Park,Manhattan,Queens
2019-03-29 19:32:35,2019-03-29 19:44:16,1,3.69,7.27,3.3,0.21,13.1,yellow,credit card,Times Sq/Theatre District,Starrett City,Manhattan,Brooklyn
2019-03-28 11:25:45,2019-03-28 11:39:37,1,2.4,12.5,1.94,0.19,37.89,yellow,cash,East Village,Lower East Side,Manhattan,Manhattan
2019-03-26 20:13:13,2019-03-26 20:25:58,1,8.47,32.17,10.02,1.26,32.8,yellow,credit card,LaGuardia Airport,Clinton Hill,Queens,Brooklyn
2019-03-22 12:33:50,2019-03-22 12:45:31,1,1.4,13.3,1.1,0.43,42.67,yellow,cash,Greenwich Village South,Battery Park City,Manhattan,Manhattan
2019-03-19 15:10:44,2019-03-19 15:25:09,1,1.92,15.68,1.36,0.05,23.2,yellow,credit card,Midtown Center,Gravesend,Manhattan,Brooklyn
2019-03-23 03:20:04,2019-03-23 03:35:54,6,3.81,11.22,2.71,0.28,15.5,yellow,cash,Central Park,Queens Village,Manhattan,Queens
2019-03-11 15:36:48,2019-03-11 15:51:33,2,7.74,14.1,1.53,0.27,18.2,yellow,credit card,UN/Turtle Bay South,Clinton East,Manhattan,Manhattan
2019-03-24 09:56:50,2019-03-24 10:11:17,1,0.1,8.0,1.0,0.05,20.4,yellow,cash,Sutton Place/Turtle Bay North,Corona,Manhattan,Queens
2019-03-27 12:34:11,2019-03-27 12:48:08,6,0.77,8.0,0.12,0.54,13.79,yellow,credit card,Kips Bay,Jackson Heights,Manhattan,Queens
2019-03-17 04:10:57,2019-03-17 04:26:12,1,1.03,5.1,0.46,0.03,25.48,yellow,cash,Penn Station/Madison Sq West,Dyker Heights,Manhattan,Brooklyn
2019-03-02 16:53:59,2019-03-02 17:08:32,1,0.85,5.95,0.44,0.03,7.0,yellow,credit card,East Village,Woodlawn/Wakefield,Manhattan,Bronx
2019-03-05 03:16:03,2019-03-05 03:31:11,1,0.03,12.4,1.98,0.05,12.43,yellow,cash,West Chelsea/Hudson Yards,Upper East Side South,Manhattan,Manhattan
2019-03-26 10:49:58,2019-03-26 11:07:05,1,1.01,23.6,1.97,0.05,29.2,yellow,credit card,Morningside Heights,Claremont/Bathgate,Manhattan,Bronx
2019-03-01 00:31:07,2019-03-01 00:44:38,1,4.6,6.2,1.05,0.01,23.51,yellow,cash,Two Bridges/Seward Park,Williamsburg (North Side),Manhattan,Brooklyn
2019-03-26 20:54:26,2019-03-26 21:09:47,1,1.6,11.96,0.91,0.26,13.4,yellow,credit card,Central Park,Spuyten Duyvil/Kingsbridge,Manhattan,Bronx
2019-03-21 14:47:03,2019-03-21 15:01:48,2,3.16,11.8,0.69,0.32,12.23,yellow,cash,Boerum Hill,Murray Hill,Brooklyn,Manhattan
2019-03-15 04:47:42,2019-03-15 04:59:50,5,16.05,14.43,4.07,1.94,39.6,yellow,credit card,Jackson Heights,Murray Hill-Queens,Queens,Queens
2019-03-12 13:17:00,2019-03-12 13:29:36,1,0.17,14.64,0.48,0.01,16.9,yellow,cash,Upper East Side North,Prospect Heights,Manhattan,Brooklyn
2019-03-04 05:34:30,2019-03-04 05:48:30,5,3.36,13.0,1.43,0.38,25.09,yellow,credit card,Upper East Side North,Queens Village,Manhattan,Queens
2019-03-20 10:48:39,2019-03-20 11:01:58,1,1.14,7.3,1.54,0.23,20.03,yellow,cash,Lenox Hill West,Steinway,Manhattan,Queens
2019-03-07 16:38:26,2019-03-07 16:55:31,2,12.74,11.2,2.41,0.25,43.91,yellow,credit card,North Corona,Lenox Hill West,Queens,Manhattan
2019-03-08 01:58:33,2019-03-08 02:13:54,1,6.12,9.3,0.57,0.05,21.7,yellow,cash,Lincoln Square East,Bath Beach,Manhattan,Brooklyn
2019-03-12 23:12:13,2019-03-12 23:24:54,2,5.19,5.8,2.41,0.01,10.27,yellow,credit card,Battery Park City,North Corona,Manhattan,Queens
2019-03-21 21:48:56,2019-03-21 22:04:43,1,2.12,10.2,2.74,0.13,12.71,yellow,cash,Lenox Hill East,Bushwick South,Manhattan,Brooklyn
2019-03-13 04:13:41,2019-03-13 04:27:47,1,0.57,4.7,2.33,0.01,36.02,yellow,credit card,Financial District South,Flushing Meadows-Corona Park,Manhattan,Queens
2019-03-04 16:30:37,2019-03-04 16:45:06,2,1.3,8.9,1.2,0.08,17.73,yellow,cash,Upper West Side South,Bedford,Manhattan,Brooklyn
2019-03-13 22:29:43,2019-03-13 22:46:54,1,7.48,7.81,4.66,0.08,27.6,yellow,credit card,West Village,Midtown South,Manhattan,Manhattan
2019-03-28 15:02:36,2019-03-28 15:18:19,1,2.31,4.8,0.05,0.06,18.23,yellow,cash,Penn Station/Madison Sq West,Williamsburg (South Side),Manhattan,Brooklyn
2019-03-23 23:46:24,2019-03-24 00:01:14,1,2.12,29.71,0.36,0.15,34.2,yellow,credit card,East Chelsea,Lenox Hill West,Manhattan,Manhattan
2019-02-28 14:37:24,2019-02-28 14:49:39,1,3.58,3.0,0.81,0.08,37.61,yellow,cash,West Village,Belmont,Manhattan,Bronx
2019-03-13 10:35:08,2019-03-13 10:50:27,2,1.17,3.3,2.85,0.45,18.22,yellow,credit card,Times Sq/Theatre District,Co-Op City,Manhattan,Bronx
2019-03-17 15:38:13,2019-03-17 15:52:23,1,1.0,6.7,1.72,0.02,14.74,yellow,cash,Upper West Side South,East Harlem South,Manhattan,Manhattan
2019-03-07 08:17:33,2019-03-07 08:34:39,1,0.63,6.5,0.67,0.46,7.96,yellow,credit card,Lincoln Square East,Upper West Side South,Manhattan,Manhattan
2019-03-06 03:00:59,2019-03-06 03:14:41,1,7.53,11.65,2.8,1.15,21.93,yellow,cash,LaGuardia Airport,Old Astoria,Queens,Queens
2019-03-09 21:20:28,2019-03-09 21:34:16,1,4.11,4.5,1.82,0.2,25.64,yellow,credit card,East Harlem North,Windsor Terrace,Manhattan,Brooklyn
2019-03-26 06:18:23,2019-03-26 06:33:23,1,1.91,4.0,3.5,0.33,29.76,yellow,cash,Murray Hill,Greenwich Village North,Manhattan,Manhattan
2019-03-25 04:52:41,2019-03-25 05:04:56,1,2.81,12.98,1.99,0.18,21.8,yellow,credit card,Upper West Side South,Soundview/Castle Hill,Manhattan,Bronx
2019-03-10 02:45:10,2019-03-10 02:57:59,1,1.01,8.1,0.14,0.18,18.31,yellow,cash,TriBeCa/Civic Center,SoHo,Manhattan,Manhattan
2019-03-16 12:59:05,2019-03-16 13:14:16,1,0.0,12.1,2.71,0.03,12.43,yellow,credit card,Penn Station/Madison Sq West,TriBeCa/Civic Center,Manhattan,Manhattan
2019-02-28 08:58:18,2019-02-28 09:10:19,5,5.0,13.1,1.25,0.04,15.41,yellow,cash,Lenox Hill West,West Chelsea/Hudson Yards,Manhattan,Manhattan
2019-03-05 11:42:11,2019-03-05 11:57:02,1,0.4,5.4,2.08,0.09,9.88,yellow,credit card,Upper East Side North,Auburndale,Manhattan,Queens
2019-03-09 06:22:15,2019-03-09 06:37:33,2,1.96,3.84,1.64,0.25,54.9,yellow,cash,Elmhurst,East Flatbush/Remsen Village,Queens,Brooklyn
2019-03-01 21:59:02,2019-03-01 22:14:02,2,2.18,8.2,1.24,0.07,11.23,yellow,credit card,Garment District,Glendale,Manhattan,Queens
2019-03-05 11:47:24,2019-03-05 12:01:21,2,5.3,10.0,2.26,0.01,27.79,yellow,cash,DUMBO/Vinegar Hill,Greenpoint,Brooklyn,Brooklyn
2019-03-26 06:53:33,2019-03-26 07:06:03,1,4.85,13.65,2.38,5.25,20.4,yellow,credit card,Jackson Heights,Gowanus,Queens,Brooklyn
2019-03-12 11:59:12,2019-03-12 12:13:41,1,1.19,10.4,0.57,0.08,11.74,yellow,cash,Times Sq/Theatre District,Clinton Hill,Manhattan,Brooklyn
2019-03-06 16:51:08,2019-03-06 17:05:17,6,11.81,8.7,0.81,0.09,12.67,yellow,credit card,Midtown South,Middle Village,Manhattan,Queens
2019-03-03 19:33:36,2019-03-03 19:47:06,1,6.7,6.68,1.32,0.31,18.2,yellow,cash,Gravesend,Chinatown,Brooklyn,Manhattan
2019-03-26 00:46:04,2019-03-26 00:59:10,1,0.45,7.6,0.76,0.09,9.73,yellow,credit card,Union Sq,Maspeth,Manhattan,Queens
2019-03-26 16:44:22,2019-03-26 16:58:57,1,1.09,45.3,5.98,4.78,72.97,yellow,cash,Astoria,Kew Gardens,Queens,Queens
2019-03-29 02:00:03,2019-03-29 02:14:55,1,0.35,14.92,0.57,0.06,16.2,yellow,credit card,Manhattan Valley,TriBeCa/Civic Center,Manhattan,Manhattan
2019-03-24 20:15:15,2019-03-24 20:29:38,1,1.1,12.2,1.06,0.02,19.87,yellow,cash,Midtown South,Bensonhurst West,Manhattan,Brooklyn
2019-03-20 09:56:14,2019-03-20 10:10:24,3,0.07,5.8,0.76,0.25,19.44,yellow,credit card,Midtown East,Glendale,Manhattan,Queens
2019-03-21 14:29:31,2019-03-21 14:43:24,1,0.89,3.0,0.46,0.17,22.51,yellow,cash,Upper East Side South,Williamsbridge/Olinville,Manhattan,Bronx
2019-03-11 06:24:35,2019-03-11 06:40:55,1,4.15,15.8,0.87,0.07,17.35,yellow,credit card,Lenox Hill West,Bayside,Manhattan,Queens
2019-03-27 22:12:02,2019-03-27 22:27:25,1,1.4,7.6,3.62,0.03,19.75,yellow,cash,Sutton Place/Turtle Bay North,University Heights/Morris Heights,Manhattan,Bronx
2019-03-22 20:29:32,2019-03-22 20:44:49,6,8.09,6.7,4.94,0.04,17.14,yellow,credit card,Upper West Side North,Clinton Hill,Manhattan,Brooklyn
2019-03-04 18:00:10,2019-03-04 18:14:17,1,2.09,7.1,0.44,0.18,11.59,yellow,cash,Murray Hill,Westchester Village/Unionport,Manhattan,Bronx
2019-03-11 06:55:11,2019-03-11 07:09:41,1,8.87,5.67,4.8,0.04,15.26,yellow,credit card,UN/Turtle Bay South,Financial District North,Manhattan,Manhattan
2019-03-31 12:54:10,2019-03-31 13:08:38,1,0.12,7.2,0.97,0.57,16.65,yellow,cash,East Harlem North,North Corona,Manhattan,Queens
2019-03-28 16:48:42,2019-03-28 17:01:21,1,2.29,3.6,2.31,0.14,9.0,yellow,credit card,Yorkville West,Stapleton,Manhattan,Staten Island
2019-03-20 03:51:17,2019-03-20 04:04:07,1,13.74,9.82,0.07,0.36,22.7,yellow,cash,Fort Greene,Howard Beach,Brooklyn,Queens
2019-03-02 19:58:52,2019-03-02 20:15:40,1,4.94,7.87,1.27,0.42,44.1,yellow,credit card,Sheepshead Bay,Bloomingdale,Brooklyn,Manhattan
2019-03-12 05:15:12,2019-03-12 05:27:25,1,2.09,3.0,0.73,0.22,10.97,yellow,cash,Garment District,Kingsbridge Heights,Manhattan,Bronx
2019-03-02 22:32:29,2019-03-02 22:45:40,2,0.36,5.9,0.91,0.31,15.45,yellow,credit card,Greenwich Village South,Bloomingdale,Manhattan,Manhattan
2019-03-17 00:36:20,2019-03-17 00:49:41,1,0.28,6.5,1.17,0.17,14.57,yellow,cash,East Chelsea,Eastchester,Manhattan,Bronx
2019-03-11 16:13:55,2019-03-11 16:27:38,1,4.17,23.3,5.21,0.31,52.05,yellow,credit card,Sutton Place/Turtle Bay North,Briarwood/Jamaica Hills,Manhattan,Queens
2019-03-25 16:16:38,2019-03-25 16:28:23,1,2.18,13.3,2.55,0.19,22.32,yellow,cash,Little Italy/NoLiTa,Meatpacking/West Village West,Manhattan,Manhattan
2019-03-27 02:23:38,2019-03-27 02:36:13,0,4.8,16.95,0.82,0.08,26.4,yellow,credit card,Clinton Hill,Oakland Gardens,Brooklyn,Queens
2019-03-19 14:46:02,2019-03-19 15:00:37,1,3.9,6.8,1.53,0.41,12.08,yellow,cash,Park Slope,South Ozone Park,Brooklyn,Queens
2019-03-10 17:43:49,2019-03-10 17:59:20,1,2.44,11.7,0.02,0.3,16.49,yellow,credit card,Clinton Hill,Lincoln Square West,Brooklyn,Manhattan
2019-03-26 04:48:06,2019-03-26 05:00:03,1,1.79,9.9,0.7,0.15,10.58,yellow,cash,Midtown Center,Times Sq/Theatre District,Manhattan,Manhattan
2019-03-19 02:34:00,2019-03-19 02:47:53,3,0.38,20.12,0.53,0.33,21.0,yellow,credit card,Downtown Brooklyn/MetroTech,Midwood,Brooklyn,Brooklyn
2019-03-05 20:32:02,2019-03-05 20:46:25,2,1.34,7.0,3.5,0.29,36.61,yellow,cash,East Village,Central Park,Manhattan,Manhattan
2019-03-29 07:46:55,2019-03-29 08:02:33,1,10.36,18.8,0.31,0.92,23.1,yellow,credit card,LaGuardia Airport,Astoria,Queens,Queens
2019-03-05 21:39:13,2019-03-05 21:51:37,2,0.39,25.66,3.39,0.27,50.2,yellow,cash,Penn Station/Madison Sq West,Madison,Manhattan,Brooklyn
2019-03-20 08:51:55,2019-03-20 09:04:53,3,0.89,9.9,3.0,0.04,13.8,yellow,credit card,Midtown East,TriBeCa/Civic Center,Manhattan,Manhattan
2019-02-28 04:15:41,2019-02-28 04:28:49,2,6.71,9.9,2.51,0.08,24.75,yellow,cash,East Harlem South,DUMBO/Vinegar Hill,Manhattan,Brooklyn
2019-03-07 18:42:53,2019-03-07 18:57:34,2,0.33,12.0,5.23,0.15,20.83,yellow,credit card,Midtown North,Briarwood/Jamaica Hills,Manhattan,Queens
2019-03-09 00:39:04,2019-03-09 00:53:29,2,2.3,11.42,5.0,0.0,15.62,yellow,cash,West Village,Flushing,Manhattan,Queens
2019-03-29 07:09:53,2019-03-29 07:24:41,1,2.45,8.3,2.71,0.18,9.45,yellow,credit card,TriBeCa/Civic Center,Howard Beach,Manhattan,Queens
2019-03-28 02:41:43,2019-03-28 02:56:18,2,5.07,3.65,3.6,0.08,20.15,yellow,cash,Flatiron,Carroll Gardens,Manhattan,Brooklyn
2019-03-13 08:21:22,2019-03-13 08:36:33,1,4.46,6.79,5.2,0.53,21.38,yellow,credit card,SoHo,Battery Park City,Manhattan,Manhattan
2019-03-07 22:30:12,2019-03-07 22:45:28,1,2.16,5.4,0.16,0.14,11.08,yellow,cash,Upper West Side North,Williamsburg (North Side),Manhattan,Brooklyn
2019-02-28 17:55:20,2019-02-28 18:08:26,1,1.96,5.5,0.53,0.04,28.73,yellow,credit card,UN/Turtle Bay South,Lower East Side,Manhattan,Manhattan
2019-03-24 20:37:38,2019-03-24 20:50:41,1,6.74,11.1,2.51,0.1,15.93,yellow,cash,Downtown Brooklyn/MetroTech,Brooklyn Navy Yard,Brooklyn,Brooklyn
2019-03-30 15:11:42,2019-03-30 15:27:44,6,4.84,5.1,4.13,2.37,28.88,yellow,credit card,Steinway,Cypress Hills,Queens,Brooklyn
2019-03-01 14:06:56,2019-03-01 14:24:23,1,3.57,9.79,0.96,0.11,24.5,yellow,cash,Yorkville West,Lenox Hill West,Manhattan,Manhattan
2019-03-30 03:51:07,2019-03-30 04:05:13,1,3.37,3.2,0.09,0.83,8.57,yellow,credit card,Murray Hill,Flatlands,Manhattan,Brooklyn
2019-03-18 00:38:34,2019-03-18 00:52:24,1,4.19,11.2,1.16,0.07,26.93,yellow,cash,West Village,Stapleton,Manhattan,Staten Island
2019-03-03 23:07:34,2019-03-03 23:22:22,1,0.39,2.4,2.24,0.06,8.66,yellow,credit card,Bloomingdale,Highbridge,Manhattan,Bronx
2019-03-15 18:23:43,2019-03-15 18:37:22,2,3.2,13.8,1.29,0.02,18.3,yellow,cash,Midtown North,Marine Park/Mill Basin,Manhattan,Brooklyn
2019-03-07 15:04:38,2019-03-07 15:17:32,5,4.19,4.9,1.34,0.11,19.27,yellow,credit card,West Chelsea/Hudson Yards,Bath Beach,Manhattan,Brooklyn
2019-03-12 00:47:29,2019-03-12 01:03:09,1,10.47,25.14,0.18,0.13,29.6,yellow,cash,Fort Greene,Ozone Park,Brooklyn,Queens
2019-03-01 00:15:12,2019-03-01 00:27:05,1,4.15,8.1,0.66,0.06,13.71,yellow,credit card,Lenox Hill West,Battery Park,Manhattan,Manhattan
2019-03-08 11:06:37,2019-03-08 11:24:56,1,2.9,7.34,3.65,2.67,41.7,yellow,cash,LaGuardia Airport,Sunset Park West,Queens,Brooklyn
2019-03-24 11:19:35,2019-03-24 11:34:55,1,0.46,11.49,0.01,0.08,46.7,yellow,credit card,Parkchester,Marble Hill,Bronx,Manhattan
2019-03-11 03:19:43,2019-03-11 03:33:45,1,0.79,11.6,1.42,0.01,23.17,yellow,cash,Midtown Center,Corona,Manhattan,Queens
2019-03-03 05:43:09,2019-03-03 05:54:50,1,3.36,4.0,1.62,0.36,17.51,yellow,credit card,Midtown North,Bath Beach,Manhattan,Brooklyn
2019-03-02 02:04:47,2019-03-02 02:17:16,1,0.85,17.2,0.19,0.63,19.42,yellow,cash,Lincoln Square West,Upper West Side North,Manhattan,Manhattan
2019-03-03 13:52:34,2019-03-03 14:06:56,2,4.98,6.9,0.26,0.03,15.85,yellow,credit card,Yorkville West,Upper East Side North,Manhattan,Manhattan
2019-03-06 21:00:17,2019-03-06 21:13:31,1,2.61,17.8,7.86,0.21,29.52,yellow,cash,UN/Turtle Bay South,Jackson Heights,Manhattan,Queens
2019-03-19 03:43:22,2019-03-19 03:56:19,1,0.35,10.47,0.26,0.07,17.7,yellow,credit card,Central Park,Eastchester,Manhattan,Bronx
2019-03-09 11:50:21,2019-03-09 12:02:38,1,2.26,36.58,0.93,0.28,76.6,yellow,cash,JFK Airport,Van Nest/Morris Park,Queens,Bronx
2019-03-21 19:43:02,2019-03-21 19:56:04,6,9.42,17.4,0.2,0.0,31.36,yellow,credit card,East New York,University Heights/Morris Heights,Brooklyn,Bronx
2019-03-06 08:43:22,2019-03-06 08:57:05,1,1.56,10.88,8.3,0.16,11.73,yellow,cash,TriBeCa/Civic Center,Seaport,Manhattan,Manhattan
2019-03-02 17:43:34,2019-03-02 17:59:14,2,5.66,10.8,2.4,0.24,16.06,yellow,credit card,Clinton East,Elmhurst/Maspeth,Manhattan,Queens
2019-03-07 15:38:45,2019-03-07 15:49:43,6,1.96,9.46,1.09,0.07,10.3,yellow,cash,Midtown Center,Bloomingdale,Manhattan,Manhattan
2019-03-09 06:53:14,2019-03-09 07:08:59,6,0.77,4.3,2.18,0.09,9.15,yellow,credit card,Union Sq,Gowanus,Manhattan,Brooklyn
2019-03-16 03:37:50,2019-03-16 03:50:47,1,3.53,7.1,0.44,0.32,11.12,yellow,cash,Morningside Heights,Manhattanville,Manhattan,Manhattan
2019-03-16 07:59:03,2019-03-16 08:14:14,1,1.39,8.98,6.5,0.12,23.19,yellow,credit card,World Trade Center,East Harlem South,Manhattan,Manhattan
2019-03-24 00:09:14,2019-03-24 00:24:08,1,0.9,8.7,3.56,0.29,26.18,yellow,cash,Washington Heights South,Belmont,Manhattan,Bronx
2019-03-03 19:36:31,2019-03-03 19:50:15,4,2.19,13.6,2.86,0.16,18.74,yellow,credit card,West Chelsea/Hudson Yards,Washington Heights North,Manhattan,Manhattan
2019-03-08 09:46:23,2019-03-08 09:57:47,1,7.94,25.49,1.88,1.44,32.2,yellow,cash,Woodside,Washington Heights South,Queens,Manhattan
2019-03-16 21:08:20,2019-03-16 21:19:53,3,0.64,7.2,6.44,0.39,8.99,yellow,credit card,Lenox Hill East,Stuy Town/Peter Cooper Village,Manhattan,Manhattan
2019-03-15 12:17:40,2019-03-15 12:30:47,1,8.9,3.75,0.8,0.48,23.2,yellow,cash,Central Park,Queens Village,Manhattan,Queens
2019-03-16 09:14:26,2019-03-16 09:30:27,1,0.44,15.4,1.84,0.18,21.2,yellow,credit card,Murray Hill,Midtown Center,Manhattan,Manhattan
2019-02-28 21:36:33,2019-02-28 21:50:07,5,0.32,8.0,0.47,0.14,12.47,yellow,cash,Union Sq,Bloomingdale,Manhattan,Manhattan
2019-03-20 23:28:23,2019-03-20 23:44:41,1,0.77,8.0,1.05,0.02,14.0,yellow,credit card,East Harlem South,Stapleton,Manhattan,Staten Island
2019-03-18 15:18:45,2019-03-18 15:33:12,1,3.23,16.5,0.62,5.61,33.2,yellow,cash,JFK Airport,East Tremont,Queens,Bronx
2019-03-25 15:53:59,2019-03-25 16:08:58,0,1.1,6.4,0.0,0.29,10.73,yellow,credit card,Upper East Side South,Brownsville,Manhattan,Brooklyn
2019-03-02 12:10:58,2019-03-02 12:25:21,1,0.73,5.9,1.71,0.39,12.18,yellow,cash,Clinton West,South Jamaica,Manhattan,Queens
2019-03-07 17:30:58,2019-03-07 17:47:57,1,1.57,8.4,2.47,0.08,22.4,yellow,credit card,Morningside Heights,Glendale,Manhattan,Queens
2019-03-20 22:28:51,2019-03-20 22:43:23,2,0.67,2.2,0.52,0.16,20.86,yellow,cash,Upper East Side North,Penn Station/Madison Sq West,Manhattan,Manhattan
2019-02-28 22:53:20,2019-02-28 23:07:32,1,3.19,13.24,0.48,0.26,16.5,yellow,credit card,Flatiron,Mount Hope,Manhattan,Bronx
2019-03-24 23:04:34,2019-03-24 23:17:49,1,0.32,7.6,0.3,0.06,10.02,yellow,cash,Central Harlem,Jamaica Estates,Manhattan,Queens
2019-03-31 08:07:13,2019-03-31 08:23:58,2,3.82,45.2,3.3,0.45,45.37,yellow,credit card,LaGuardia Airport,Lower East Side,Queens,Manhattan
2019-03-24 13:27:07,2019-03-24 13:41:13,4,6.78,7.3,3.84,0.01,11.18,yellow,cash,Midtown Center,Stuyvesant Heights,Manhattan,Brooklyn
2019-03-28 19:48:43,2019-03-28 20:01:49,1,1.21,11.3,0.78,0.24,17.93,yellow,credit card,Greenwich Village South,DUMBO/Vinegar Hill,Manhattan,Brooklyn
2019-03-16 07:51:38,2019-03-16 08:05:07,0,1.18,18.08,0.46,0.07,25.8,yellow,cash,Upper East Side South,Mount Hope,Manhattan,Bronx
2019-03-18 14:00:29,2019-03-18 14:13:44,2,1.1,13.01,0.4,0.06,34.5,yellow,credit card,East Harlem South,Forest Hills,Manhattan,Queens
2019-02-28 19:57:51,2019-02-28 20:11:57,3,5.56,4.2,0.17,0.04,13.88,yellow,cash,Midtown East,Yorkville West,Manhattan,Manhattan
2019-03-22 02:33:50,2019-03-22 02:49:25,1,3.87,8.65,2.3,0.09,13.14,yellow,credit card,Sutton Place/Turtle Bay North,Elmhurst/Maspeth,Manhattan,Queens
2019-03-13 04:59:56,2019-03-13 05:13:19,1,0.2,8.1,0.27,0.01,22.48,yellow,cash,Washington Heights South,Gravesend,Manhattan,Brooklyn
2019-03-26 14:57:40,2019-03-26 15:11:15,1,1.3,6.1,0.74,0.23,14.68,yellow,credit card,Murray Hill,Fort Greene,Manhattan,Brooklyn
2019-03-03 05:19:45,2019-03-03 05:32:47,1,3.48,6.79,7.2,0.06,8.2,yellow,cash,Yorkville West,Baisley Park,Manhattan,Queens
2019-03-26 00:49:35,2019-03-26 01:04:45,1,1.08,3.1,2.2,0.48,13.84,yellow,credit card,Meatpacking/West Village West,Jamaica,Manhattan,Queens
2019-03-28 13:44:11,2019-03-28 13:58:32,1,1.53,13.8,3.1,0.24,16.73,yellow,cash,East Harlem South,Flatlands,Manhattan,Brooklyn
2019-03-17 20:33:30,2019-03-17 20:46:14,2,1.98,27.2,1.99,1.14,42.85,yellow,credit card,Old Astoria,Soundview/Castle Hill,Queens,Bronx
2019-03-24 05:23:31,2019-03-24 05:36:35,1,1.48,6.7,3.14,0.17,13.28,yellow,cash,Little Italy/NoLiTa,Midtown East,Manhattan,Manhattan
2019-03-15 07:49:18,2019-03-15 08:03:49,6,27.08,23.76,6.98,1.56,105.6,yellow,credit card,LaGuardia Airport,Springfield Gardens South,Queens,Queens
2019-03-13 15:35:08,2019-03-13 15:51:35,1,2.56,5.52,0.01,3.52,13.3,yellow,cash,West Concourse,Belmont,Bronx,Bronx
2019-03-23 03:27:20,2019-03-23 03:42:48,1,2.06,8.0,1.01,0.14,10.95,yellow,credit card,East Harlem South,Van Nest/Morris Park,Manhattan,Bronx
2019-03-21 02:53:42,2019-03-21 03:07:31,1,0.02,13.47,0.37,0.04,16.1,yellow,cash,Greenwich Village South,Hunts Point,Manhattan,Bronx
2019-03-22 17:48:33,2019-03-22 18:03:11,1,0.98,4.9,0.72,0.17,12.2,yellow,credit card,Upper West Side South,Bedford Park,Manhattan,Bronx
2019-03-01 19:49:00,2019-03-01 20:02:45,1,2.4,12.6,0.1,0.06,20.2,yellow,cash,Lower East Side,Jamaica,Manhattan,Queens
2019-03-09 00:15:03,2019-03-09 00:26:57,5,1.2,9.0,0.26,0.45,39.82,yellow,credit card,Penn Station/Madison Sq West,East Williamsburg,Manhattan,Brooklyn
2019-03-25 22:03:25,2019-03-25 22:17:18,1,1.43,8.2,1.72,0.09,14.56,yellow,cash,Midtown Center,Hudson Sq,Manhattan,Manhattan
2019-03-07 00:19:38,2019-03-07 00:32:06,1,2.26,8.9,0.37,0.01,17.65,yellow,credit card,Lenox Hill West,East Flatbush/Farragut,Manhattan,Brooklyn
2019-03-19 01:37:48,2019-03-19 01:54:28,1,9.62,7.28,0.38,0.03,11.9,yellow,cash,East Village,Starrett City,Manhattan,Brooklyn
2019-03-09 18:19:43,2019-03-09 18:33:46,1,0.11,8.6,1.0,0.06,16.28,yellow,credit card,Hudson Sq,Mott Haven/Port Morris,Manhattan,Bronx
2019-03-03 10:23:55,2019-03-03 10:40:21,2,2.53,7.6,3.27,0.07,9.77,yellow,cash,Clinton East,Morrisania/Melrose,Manhattan,Bronx
2019-03-19 08:54:30,2019-03-19 09:10:18,2,4.46,6.8,3.61,0.01,11.56,yellow,credit card,Union Sq,TriBeCa/Civic Center,Manhattan,Manhattan
2019-03-26 21:36:22,2019-03-26 21:51:03,5,3.17,12.5,1.16,0.54,17.16,yellow,cash,Clinton East,Roosevelt Island,Manhattan,Manhattan
2019-03-16 08:32:07,2019-03-16 08:44:34,1,1.2,7.4,5.17,0.14,14.0,yellow,credit card,Penn Station/Madison Sq West,South Williamsburg,Manhattan,Brooklyn
2019-03-21 01:04:39,2019-03-21 01:19:32,5,2.58,13.2,1.49,0.16,18.17,yellow,cash,Midtown East,Astoria,Manhattan,Queens
2019-03-02 22:09:02,2019-03-02 22:20:59,1,0.49,9.9,2.72,0.05,10.82,yellow,credit card,Little Italy/NoLiTa,Sunset Park West,Manhattan,Brooklyn
2019-03-15 01:07:38,2019-03-15 01:20:11,1,1.87,8.12,0.35,0.26,15.7,yellow,cash,JFK Airport,Lenox Hill East,Queens,Manhattan
2019-03-17 11:53:41,2019-03-17 12:07:17,1,1.62,10.3,0.58,0.36,26.04,yellow,credit card,East Village,DUMBO/Vinegar Hill,Manhattan,Brooklyn
2019-03-10 21:36:36,2019-03-10 21:49:48,2,4.76,15.42,2.35,2.68,56.4,yellow,cash,JFK Airport,Midtown East,Queens,Manhattan
2019-03-19 08:42:55,2019-03-19 08:56:27,3,1.08,15.28,3.11,0.09,20.5,yellow,credit card,Upper East Side South,Riverdale/North Riverdale/Fieldston,Manhattan,Bronx
2019-03-13 16:31:50,2019-03-13 16:45:28,1,1.95,8.47,2.77,0.06,11.0,yellow,cash,Lincoln Square East,Elmhurst,Manhattan,Queens
2019-03-27 03:46:17,2019-03-27 03:59:03,1,2.84,4.96,4.1,0.06,9.63,yellow,credit card,Central Park,East Flatbush/Farragut,Manhattan,Brooklyn
2019-03-28 19:08:31,2019-03-28 19:25:25,5,1.35,24.2,14.18,0.7,86.5,yellow,cash,Astoria,East Elmhurst,Queens,Queens
2019-03-22 04:34:10,2019-03-22 04:49:12,1,4.05,10.41,0.11,0.08,10.6,yellow,credit card,Upper West Side North,Battery Park,Manhattan,Manhattan
2019-03-01 12:56:55,2019-03-01 13:11:06,1,0.45,11.7,1.1,0.41,20.45,yellow,cash,Yorkville East,Mott Haven/Port Morris,Manhattan,Bronx
2019-03-17 00:52:21,2019-03-17 01:04:07,1,1.83,6.7,1.22,0.01,9.06,yellow,credit card,Bloomingdale,Hamilton Heights,Manhattan,Manhattan
2019-03-09 15:36:24,2019-03-09 15:52:37,1,1.38,7.42,1.09,0.47,28.3,yellow,cash,Bushwick South,Kew Gardens,Brooklyn,Queens
2019-02-28 05:59:27,2019-02-28 06:14:26,3,0.49,9.3,0.12,0.15,16.43,yellow,credit card,Lower East Side,Bensonhurst West,Manhattan,Brooklyn
2019-03-12 15:33:30,2019-03-12 15:43:16,1,4.19,9.1,0.86,0.14,11.73,yellow,cash,UN/Turtle Bay South,Hillcrest/Pomonok,Manhattan,Queens
2019-03-19 12:58:48,2019-03-19 13:09:34,6,5.08,7.85,0.16,0.06,8.3,yellow,credit card,TriBeCa/Civic Center,Boerum Hill,Manhattan,Brooklyn
2019-03-18 19:31:59,2019-03-18 19:45:23,1,4.74,2.6,0.3,0.12,11.29,yellow,cash,Brooklyn Heights,Battery Park,Brooklyn,Manhattan
2019-03-31 04:06:07,2019-03-31 04:20:03,1,9.67,6.0,0.91,0.06,18.32,yellow,credit card,Clinton East,Little Italy/NoLiTa,Manhattan,Manhattan
2019-03-05 01:17:13,2019-03-05 01:31:45,1,8.6,12.6,4.7,0.05,14.8,yellow,cash,TriBeCa/Civic Center,Fresh Meadows,Manhattan,Queens
2019-03-24 14:15:37,2019-03-24 14:33:01,1,13.33,17.23,2.23,0.42,25.3,yellow,credit card,Fort Greene,Maspeth,Brooklyn,Queens
2019-03-30 18:54:15,2019-03-30 19:06:03,1,0.49,15.95,0.67,0.04,43.3,yellow,cash,Gramercy,Fresh Meadows,Manhattan,Queens
2019-03-18 22:36:41,2019-03-18 22:48:52,1,4.12,11.8,0.11,0.04,21.84,yellow,credit card,Midwood,Queens Village,Brooklyn,Queens
2019-02-28 23:15:22,2019-02-28 23:30:48,1,0.96,6.1,0.07,0.47,21.97,yellow,cash,Yorkville East,Bayside,Manhattan,Queens
2019-03-05 23:55:13,2019-03-06 00:10:31,2,3.97,11.2,1.28,0.2,25.18,yellow,credit card,Times Sq/Theatre District,Greenwich Village North,Manhattan,Manhattan
2019-03-01 00:53:09,2019-03-01 01:07:04,3,0.2,8.4,4.96,0.12,21.1,yellow,cash,East Village,South Jamaica,Manhattan,Queens
2019-03-03 21:45:53,2019-03-03 22:00:48,2,5.3,7.45,0.18,0.28,8.8,yellow,credit card,Sutton Place/Turtle Bay North,Murray Hill-Queens,Manhattan,Queens
2019-03-25 15:27:50,2019-03-25 15:43:18,6,1.9,10.34,0.37,0.58,11.2,yellow,cash,Downtown Brooklyn/MetroTech,Manhattanville,Brooklyn,Manhattan
2019-03-17 10:01:10,2019-03-17 10:15:17,1,0.18,5.6,0.63,0.29,29.77,yellow,credit card,East Village,Rosedale,Manhattan,Queens
2019-03-29 00:29:34,2019-03-29 00:44:27,2,2.78,12.1,2.62,0.06,14.23,yellow,cash,Battery Park City,Westchester Village/Unionport,Manhattan,Bronx
2019-03-22 20:13:37,2019-03-22 20:29:40,1,0.27,14.67,5.3,0.14,16.0,yellow,credit card,East Harlem North,Morrisania/Melrose,Manhattan,Bronx
2019-03-02 04:12:16,2019-03-02 04:25:44,1,4.13,14.2,1.7,0.12,24.08,yellow,cash,Gramercy,TriBeCa/Civic Center,Manhattan,Manhattan
2019-03-17 03:05:53,2019-03-17 03:20:06,1,9.53,6.0,0.01,0.08,18.55,yellow,credit card,Midtown North,Woodside,Manhattan,Queens
2019-02-28 13:25:37,2019-02-28 13:37:09,2,6.48,26.3,3.24,0.37,28.71,yellow,cash,LaGuardia Airport,Allerton/Pelham Gardens,Queens,Bronx
2019-03-30 18:32:00,2019-03-30 18:47:07,2,2.19,10.63,0.74,0.07,12.8,yellow,credit card,Union Sq,Washington Heights South,Manhattan,Manhattan
2019-03-10 15:19:35,2019-03-10 15:36:00,1,13.79,5.36,2.98,2.07,22.7,yellow,cash,Woodside,Lincoln Square East,Queens,Manhattan
2019-03-31 10:57:04,2019-03-31 11:11:50,1,4.61,4.5,0.32,0.13,8.62,yellow,credit card,Midtown North,Union Sq,Manhattan,Manhattan
2019-03-15 02:52:47,2019-03-15 03:07:20,2,0.43,6.2,1.74,0.08,10.57,yellow,cash,Times Sq/Theatre District,East Chelsea,Manhattan,Manhattan
2019-02-28 18:09:47,2019-02-28 18:24:11,2,1.77,14.3,0.92,0.13,14.49,yellow,credit card,Yorkville East,Hamilton Heights,Manhattan,Manhattan
2019-03-14 11:01:56,2019-03-14 11:15:30,1,33.87,12.4,2.28,1.7,35.12,yellow,cash,JFK Airport,Pelham Parkway,Queens,Bronx
2019-03-02 16:41:01,2019-03-02 16:56:48,1,2.8,14.5,1.74,0.29,27.26,yellow,credit card,Lincoln Square West,Crown Heights North,Manhattan,Brooklyn
2019-03-14 08:28:07,2019-03-14 08:42:46,1,1.64,8.1,0.79,0.21,10.3,yellow,cash,Upper East Side North,TriBeCa/Civic Center,Manhattan,Manhattan
2019-03-18 16:34:59,2019-03-18 16:47:20,1,2.05,5.2,1.25,0.55,9.08,yellow,credit card,East Village,Allerton/Pelham Gardens,Manhattan,Bronx
2019-03-22 21:14:04,2019-03-22 21:27:02,1,0.67,6.7,1.67,0.23,16.27,yellow,cash,Lenox Hill East,Homecrest,Manhattan,Brooklyn
2019-03-08 19:27:32,2019-03-08 19:40:59,1,2.26,7.8,0.24,0.32,8.95,yellow,credit card,Union Sq,Rosedale,Manhattan,Queens
2019-03-12 06:52:55,2019-03-12 07:08:35,3,0.19,6.64,1.13,0.02,10.5,yellow,cash,Times Sq/Theatre District,Midtown Center,Manhattan,Manhattan
2019-03-10 14:15:30,2019-03-10 14:31:23,1,0.21,11.9,4.95,0.07,32.03,yellow,credit card,Greenwich Village North,Financial District North,Manhattan,Manhattan
2019-03-20 15:22:23,2019-03-20 15:39:11,1,0.05,6.68,0.34,0.08,9.9,yellow,cash,East Harlem South,Battery Park City,Manhattan,Manhattan
2019-03-21 03:17:02,2019-03-21 03:30:29,5,2.63,3.1,0.61,0.04,19.69,yellow,credit card,East Chelsea,Central Park,Manhattan,Manhattan
2019-03-22 06:42:26,2019-03-22 06:58:48,1,13.41,6.6,2.33,0.23,18.06,yellow,cash,Downtown Brooklyn/MetroTech,Yorkville East,Brooklyn,Manhattan
2019-03-06 16:14:09,2019-03-06 16:28:46,1,3.4,11.62,0.86,0.08,21.8,yellow,credit card,Downtown Brooklyn/MetroTech,Pelham Parkway,Brooklyn,Bronx
2019-03-16 04:27:33,2019-03-16 04:44:05,1,8.39,10.2,0.04,0.01,18.0,yellow,cash,Clinton East,SoHo,Manhattan,Manhattan
2019-03-24 07:37:28,2019-03-24 07:54:00,1,3.81,17.41,4.84,0.28,22.2,yellow,credit card,LaGuardia Airport,Kew Gardens Hills,Queens,Queens
2019-03-04 16:52:59,2019-03-04 17:05:18,4,1.56,9.0,0.82,0.04,20.5,yellow,cash,Penn Station/Madison Sq West,Battery Park City,Manhattan,Manhattan
2019-03-23 04:19:01,2019-03-23 04:33:51,1,6.81,15.55,2.75,0.47,27.9,yellow,credit card,Boerum Hill,Hamilton Heights,Brooklyn,Manhattan
2019-03-22 22:20:21,2019-03-22 22:36:38,3,1.68,9.1,2.78,0.05,9.55,yellow,cash,Morningside Heights,Garment District,Manhattan,Manhattan
2019-03-27 18:37:29,2019-03-27 18:49:48,1,2.78,12.88,3.52,0.22,15.3,yellow,credit card,Greenwich Village North,Crown Heights South,Manhattan,Brooklyn
2019-03-17 11:13:49,2019-03-17 11:27:34,2,8.02,12.2,1.5,0.1,12.68,yellow,cash,Upper East Side North,Flushing Meadows-Corona Park,Manhattan,Queens
2019-03-12 22:30:06,2019-03-12 22:44:56,1,2.06,7.2,0.54,0.03,19.36,yellow,credit card,Clinton East,Battery Park,Manhattan,Manhattan
2019-03-02 01:40:39,2019-03-02 01:54:11,1,0.16,19.3,6.16,8.72,44.79,yellow,cash,Jackson Heights,Midwood,Queens,Brooklyn
2019-03-28 09:23:38,2019-03-28 09:36:24,1,4.62,8.2,0.26,0.26,21.8,yellow,credit card,Flatiron,Elmhurst/Maspeth,Manhattan,Queens
2019-03-05 19:04:16,2019-03-05 19:18:21,1,2.81,8.09,0.71,0.04,9.3,yellow,cash,Morningside Heights,Sheepshead Bay,Manhattan,Brooklyn
2019-03-10 23:22:16,2019-03-10 23:36:55,2,0.2,7.3,0.67,0.02,9.59,yellow,credit card,Midtown East,Clinton East,Manhattan,Manhattan
2019-03-27 13:36:52,2019-03-27 13:49:50,1,5.99,7.7,0.74,0.01,27.53,yellow,cash,Midtown East,Jamaica Estates,Manhattan,Queens
2019-03-24 08:45:43,2019-03-24 08:59:02,1,12.09,29.62,0.1,1.89,39.2,yellow,credit card,Belmont,Penn Station/Madison Sq West,Bronx,Manhattan
2019-03-31 17:22:53,2019-03-31 17:39:15,6,0.31,4.4,0.39,0.31,7.48,yellow,cash,Murray Hill,Lower East Side,Manhattan,Manhattan
2019-03-07 00:06:01,2019-03-07 00:20:33,2,0.14,9.01,1.77,0.12,18.0,yellow,credit card,Yorkville West,North Corona,Manhattan,Queens
2019-03-07 19:05:43,2019-03-07 19:20:04,2,0.62,8.1,0.92,0.07,21.76,yellow,cash,Clinton East,Lenox Hill East,Manhattan,Manhattan
2019-03-15 00:49:38,2019-03-15 01:04:38,1,3.95,10.1,1.34,0.22,18.64,yellow,credit card,Lincoln Square West,Jackson Heights,Manhattan,Queens
2019-03-28 15:29:30,2019-03-28 15:42:31,1,10.7,9.98,2.1,0.38,20.7,yellow,cash,Williamsburg (North Side),Fresh Meadows,Brooklyn,Queens
2019-03-01 16:33:37,2019-03-01 16:46:40,1,2.21,8.8,0.64,0.08,17.65,yellow,credit card,Midtown East,DUMBO/Vinegar Hill,Manhattan,Brooklyn
2019-03-11 02:12:23,2019-03-11 02:23:33,2,2.9,9.0,0.1,0.06,19.35,yellow,cash,Gramercy,East Flatbush/Farragut,Manhattan,Brooklyn
2019-03-24 16:27:50,2019-03-24 16:43:09,1,0.9,7.0,0.56,0.36,12.52,yellow,credit card,Upper West Side South,Dyker Heights,Manhattan,Brooklyn
2019-03-20 08:22:48,2019-03-20 08:38:37,1,1.74,14.6,1.31,0.08,16.5,yellow,cash,Upper West Side South,Prospect-Lefferts Gardens,Manhattan,Brooklyn
2019-03-28 15:36:16,2019-03-28 15:51:01,4,0.07,9.5,3.43,0.04,9.69,yellow,credit card,Times Sq/Theatre District,Randalls Island,Manhattan,Manhattan
2019-03-27 09:19:43,2019-03-27 09:33:29,1,4.38,4.5,1.16,0.16,20.22,yellow,cash,Lenox Hill East,College Point,Manhattan,Queens
2019-03-14 13:51:43,2019-03-14 14:05:53,1,0.38,14.44,1.61,0.46,16.2,yellow,credit card,World Trade Center,Soundview/Bruckner,Manhattan,Bronx
2019-03-27 17:04:10,2019-03-27 17:19:06,2,1.75,9.44,1.31,0.28,10.6,yellow,cash,Crown Heights North,Soundview/Castle Hill,Brooklyn,Bronx
2019-03-03 18:38:35,2019-03-03 18:53:09,1,5.07,8.9,0.93,0.33,9.69,yellow,credit card,Canarsie,Highbridge,Brooklyn,Bronx
2019-03-26 14:57:43,2019-03-26 15:12:18,1,0.25,16.5,0.66,0.14,19.18,yellow,cash,Little Italy/NoLiTa,Flushing,Manhattan,Queens
2019-03-26 21:52:01,2019-03-26 22:07:55,1,0.55,12.27,0.84,0.03,29.7,yellow,credit card,Upper East Side South,Washington Heights North,Manhattan,Manhattan
2019-03-29 20:04:02,2019-03-29 20:17:54,1,5.89,7.0,0.99,0.0,9.63,yellow,cash,Coney Island,Sutton Place/Turtle Bay North,Brooklyn,Manhattan
2019-03-18 19:26:30,2019-03-18 19:43:01,2,1.48,22.7,3.32,0.18,31.32,yellow,credit card,West Chelsea/Hudson Yards,Meatpacking/West Village West,Manhattan,Manhattan
2019-03-21 17:06:49,2019-03-21 17:22:11,1,0.5,12.5,5.79,0.05,36.25,yellow,cash,Midtown East,Rosedale,Manhattan,Queens
2019-03-22 21:39:49,2019-03-22 21:53:29,1,2.28,12.9,0.75,0.05,14.48,yellow,credit card,Lower East Side,Jamaica,Manhattan,Queens
2019-03-24 18:59:06,2019-03-24 19:13:02,1,0.15,10.04,0.64,0.03,11.9,yellow,cash,West Chelsea/Hudson Yards,Bedford,Manhattan,Brooklyn
2019-03-09 03:44:43,2019-03-09 03:58:15,1,1.99,6.0,5.65,0.25,8.47,yellow,credit card,Upper East Side North,Hamilton Heights,Manhattan,Manhattan
2019-03-02 15:32:44,2019-03-02 15:47:16,1,0.96,23.0,0.07,0.01,28.43,yellow,cash,Greenwich Village South,Manhattan Valley,Manhattan,Manhattan
2019-03-07 21:22:57,2019-03-07 21:37:44,1,3.75,6.1,1.21,0.05,10.09,yellow,credit card,West Chelsea/Hudson Yards,Alphabet City,Manhattan,Manhattan
2019-03-20 01:49:21,2019-03-20 02:04:54,2,10.16,2.36,3.4,2.84,10.3,yellow,cash,Rego Park,Washington Heights South,Queens,Manhattan
2019-03-01 20:44:09,2019-03-01 20:54:24,1,2.4,3.2,0.2,0.09,9.23,yellow,credit card,SoHo,Westchester Village/Unionport,Manhattan,Bronx
2019-03-31 01:31:39,2019-03-31 01:46:23,1,0.01,9.0,4.93,0.12,17.54,yellow,cash,Upper West Side South,Carroll Gardens,Manhattan,Brooklyn
2019-03-08 09:17:22,2019-03-08 09:30:34,1,0.23,5.1,2.88,0.19,36.55,yellow,credit card,Greenwich Village South,Forest Hills,Manhattan,Queens
2019-03-15 09:27:50,2019-03-15 09:41:07,2,0.13,17.71,2.59,2.77,23.3,yellow,cash,LaGuardia Airport,Flatlands,Queens,Brooklyn
2019-03-21 03:51:48,2019-03-21 04:03:59,3,0.85,7.5,2.27,0.08,21.5,yellow,credit card,Chinatown,Forest Hills,Manhattan,Queens
2019-03-05 18:22:18,2019-03-05 18:36:48,1,0.06,9.4,0.22,0.13,18.99,yellow,cash,Yorkville East,Cobble Hill,Manhattan,Brooklyn
2019-03-27 19:39:18,2019-03-27 19:55:08,1,2.43,13.1,0.99,0.1,19.49,yellow,credit card,Lincoln Square East,Norwood,Manhattan,Bronx
2019-03-01 11:25:29,2019-03-01 11:39:40,2,1.22,13.1,0.87,0.04,21.88,yellow,cash,SoHo,Borough Park,Manhattan,Brooklyn
2019-03-08 23:18:27,2019-03-08 23:34:53,1,0.1,7.0,0.28,0.53,13.94,yellow,credit card,East Chelsea,Midtown East,Manhattan,Manhattan
2019-03-02 23:52:55,2019-03-03 00:07:43,1,0.44,16.7,3.46,0.44,17.36,yellow,cash,Upper West Side North,Clinton East,Manhattan,Manhattan
2019-03-08 14:21:40,2019-03-08 14:33:40,1,11.2,7.3,0.7,0.36,28.52,yellow,credit card,LaGuardia Airport,Bedford Park,Queens,Bronx
2019-03-01 23:41:31,2019-03-01 23:56:44,1,1.75,6.3,3.38,0.14,9.71,yellow,cash,Lincoln Square West,Queens Village,Manhattan,Queens
2019-03-04 23:29:38,2019-03-04 23:42:51,2,0.7,11.4,0.58,0.06,16.78,yellow,credit card,Upper East Side North,Union Sq,Manhattan,Manhattan
2019-03-12 21:24:41,2019-03-12 21:39:37,1,0.37,7.3,3.02,0.05,27.47,yellow,cash,Lincoln Square East,Washington Heights North,Manhattan,Manhattan
2019-03-19 05:26:51,2019-03-19 05:40:39,1,0.69,16.1,0.42,0.03,19.6,yellow,credit card,Times Sq/Theatre District,Randalls Island,Manhattan,Manhattan
2019-03-11 12:02:22,2019-03-11 12:16:28,1,2.75,5.9,0.49,0.05,7.4,yellow,cash,Upper West Side North,Flushing,Manhattan,Queens
2019-03-09 21:26:29,2019-03-09 21:43:41,1,2.5,6.91,4.3,0.03,15.99,yellow,credit card,Clinton East,Crotona Park East,Manhattan,Bronx
2019-03-07 13:48:46,2019-03-07 14:03:06,1,4.72,9.8,2.51,0.04,11.28,yellow,cash,Midtown North,Corona,Manhattan,Queens
2019-03-24 15:29:09,2019-03-24 15:43:53,1,7.8,7.93,0.04,0.0,10.7,yellow,credit card,Midtown Center,Gowanus,Manhattan,Brooklyn
2019-03-10 22:50:15,2019-03-10 23:02:40,4,1.8,6.9,1.49,0.09,7.2,yellow,cash,World Trade Center,Queensbridge/Ravenswood,Manhattan,Queens
2019-03-12 02:40:28,2019-03-12 02:54:30,1,1.05,9.45,0.37,0.14,19.9,yellow,credit card,East Flatbush/Farragut,Mott Haven/Port Morris,Brooklyn,Bronx
2019-02-28 10:09:50,2019-02-28 10:23:51,2,0.44,8.59,3.48,0.43,16.5,yellow,cash,East Harlem South,Williamsbridge/Olinville,Manhattan,Bronx
2019-03-14 13:37:19,2019-03-14 13:51:25,2,3.6,5.9,0.08,0.21,15.69,yellow,credit card,Penn Station/Madison Sq West,Washington Heights South,Manhattan,Manhattan
2019-03-09 01:21:27,2019-03-09 01:36:12,1,0.68,7.3,2.88,0.31,26.25,yellow,cash,Bloomingdale,Van Nest/Morris Park,Manhattan,Bronx
2019-03-28 18:32:33,2019-03-28 18:46:38,5,2.99,7.81,0.87,0.52,12.5,yellow,credit card,East Flatbush/Remsen Village,Ocean Hill,Brooklyn,Brooklyn
2019-03-28 14:58:17,2019-03-28 15:12:19,1,6.06,6.4,3.0,0.05,10.33,yellow,cash,Greenwich Village South,Lenox Hill West,Manhattan,Manhattan
2019-03-03 10:23:45,2019-03-03 10:39:26,1,1.9,5.5,0.72,0.05,12.27,yellow,credit card,Midtown North,Cambria Heights,Manhattan,Queens
2019-03-03 06:15:04,2019-03-03 06:29:06,1,3.19,7.6,1.1,0.25,15.74,yellow,cash,Meatpacking/West Village West,Norwood,Manhattan,Bronx
2019-03-18 10:10:23,2019-03-18 10:22:41,1,4.48,6.3,4.18,0.19,6.35,yellow,credit card,Yorkville West,East Flushing,Manhattan,Queens
2019-03-06 06:30:22,2019-03-06 06:42:25,1,2.66,2.9,0.59,0.0,29.56,yellow,cash,West Chelsea/Hudson Yards,Parkchester,Manhattan,Bronx
2019-03-14 17:30:18,2019-03-14 17:43:55,1,3.13,6.3,3.78,0.02,7.66,yellow,credit card,Midtown Center,Bedford,Manhattan,Brooklyn
2019-03-12 05:20:20,2019-03-12 05:35:52,2,0.91,4.7,0.3,0.01,35.8,yellow,cash,Upper West Side North,Steinway,Manhattan,Queens
2019-03-31 04:13:36,2019-03-31 04:27:57,1,10.48,9.4,1.26,0.05,27.18,yellow,credit card,Central Harlem,Murray Hill,Manhattan,Manhattan
2019-03-28 04:17:57,2019-03-28 04:30:44,1,0.33,7.4,1.16,0.12,21.25,yellow,cash,TriBeCa/Civic Center,Long Island City/Queens Plaza,Manhattan,Queens
2019-03-20 17:06:07,2019-03-20 17:19:39,4,0.04,3.3,0.51,0.18,22.09,yellow,credit card,Upper West Side North,Whitestone,Manhattan,Queens
2019-03-19 06:41:35,2019-03-19 06:54:02,1,12.75,13.4,0.58,0.1,16.62,yellow,cash,Greenwich Village North,Eastchester,Manhattan,Bronx
2019-03-29 01:39:47,2019-03-29 01:51:19,2,0.23,13.3,1.17,0.04,32.5,yellow,credit card,East Chelsea,Pelham Parkway,Manhattan,Bronx
2019-03-02 09:19:11,2019-03-02 09:31:55,1,2.08,5.7,0.27,0.09,6.82,yellow,cash,West Chelsea/Hudson Yards,Soundview/Castle Hill,Manhattan,Bronx
2019-03-26 18:13:46,2019-03-26 18:29:37,2,4.1,11.89,0.95,0.2,12.0,yellow,credit card,Greenwich Village North,Brooklyn Heights,Manhattan,Brooklyn
2019-03-21 18:07:03,2019-03-21 18:23:21,1,1.83,1.7,0.47,0.41,23.17,yellow,cash,UN/Turtle Bay South,Hamilton Heights,Manhattan,Manhattan
2019-03-10 14:07:14,2019-03-10 14:20:40,2,2.18,10.3,0.59,0.33,10.39,yellow,credit card,Midtown Center,Bay Ridge,Manhattan,Brooklyn
2019-03-28 04:11:20,2019-03-28 04:24:58,2,2.08,11.69,0.12,0.12,19.7,yellow,cash,Upper East Side South,Bath Beach,Manhattan,Brooklyn
2019-03-25 08:49:13,2019-03-25 09:03:46,1,1.55,15.0,0.97,0.02,29.48,yellow,credit card,Lincoln Square West,Flushing,Manhattan,Queens
2019-03-29 08:20:13,2019-03-29 08:35:34,2,2.8,9.06,7.37,0.13,9.1,yellow,cash,Flatiron,Queensboro Hill,Manhattan,Queens
2019-03-21 05:36:00,2019-03-21 05:48:07,1,0.86,7.2,0.17,0.17,13.5,yellow,credit card,Penn Station/Madison Sq West,Riverdale/North Riverdale/Fieldston,Manhattan,Bronx
2019-03-06 03:56:33,2019-03-06 04:12:22,2,0.24,9.4,0.55,0.09,11.6,yellow,cash,Upper West Side North,Williamsburg (South Side),Manhattan,Brooklyn
2019-03-26 05:21:43,2019-03-26 05:34:06,1,2.67,6.2,0.26,0.15,17.68,yellow,credit card,DUMBO/Vinegar Hill,Manhattan Beach,Brooklyn,Brooklyn
2019-03-01 05:27:37,2019-03-01 05:42:15,1,0.22,8.1,0.02,0.05,13.02,yellow,cash,Upper West Side South,Brownsville,Manhattan,Brooklyn
2019-03-01 16:03:24,2019-03-01 16:17:48,1,4.05,6.8,0.92,0.07,17.76,yellow,credit card,Sutton Place/Turtle Bay North,Williamsburg (North Side),Manhattan,Brooklyn
2019-03-03 20:35:38,2019-03-03 20:51:56,1,0.06,12.2,0.02,0.3,29.52,yellow,cash,Penn Station/Madison Sq West,Long Island City/Queens Plaza,Manhattan,Queens
2019-03-18 10:40:12,2019-03-18 10:51:12,2,0.79,12.75,3.52,0.28,15.0,yellow,credit card,East Chelsea,Hunts Point,Manhattan,Bronx
2019-03-30 03:45:24,2019-03-30 03:59:25,1,3.08,9.5,0.05,0.05,36.79,yellow,cash,Meatpacking/West Village West,Astoria,Manhattan,Queens
2019-03-04 12:13:27,2019-03-04 12:25:53,1,1.19,30.9,0.9,0.0,32.86,yellow,credit card,Midtown North,East Chelsea,Manhattan,Manhattan
2019-03-08 01:22:11,2019-03-08 01:35:42,1,3.56,4.8,4.27,0.21,12.06,yellow,cash,East Harlem North,Bushwick South,Manhattan,Brooklyn
2019-03-17 08:14:12,2019-03-17 08:26:57,1,11.06,1.8,1.23,0.0,14.45,yellow,credit card,West Village,Chinatown,Manhattan,Manhattan
2019-03-01 14:26:22,2019-03-01 14:40:33,1,1.57,12.76,4.01,0.02,19.5,yellow,cash,East Village,Queensbridge/Ravenswood,Manhattan,Queens
2019-03-15 05:55:03,2019-03-15 06:10:43,5,0.91,4.7,0.62,0.18,25.56,yellow,credit card,LaGuardia Airport,Little Italy/NoLiTa,Queens,Manhattan
2019-03-19 01:54:47,2019-03-19 02:09:21,1,1.54,7.8,6.21,0.08,11.82,yellow,cash,Hamilton Heights,Chinatown,Manhattan,Manhattan
2019-03-05 08:25:48,2019-03-05 08:41:08,1,0.18,8.2,3.75,0.15,11.74,yellow,credit card,West Village,Midtown South,Manhattan,Manhattan
2019-03-31 04:55:45,2019-03-31 05:09:22,5,0.3,2.8,0.75,0.03,20.77,yellow,cash,Starrett City,Cypress Hills,Brooklyn,Brooklyn
2019-03-30 00:40:01,2019-03-30 00:54:18,1,15.01,6.1,0.11,0.38,23.74,yellow,credit card,DUMBO/Vinegar Hill,Bushwick South,Brooklyn,Brooklyn
2019-03-26 20:35:41,2019-03-26 20:50:29,1,0.34,6.3,0.75,0.04,20.84,yellow,cash,Yorkville West,Upper West Side North,Manhattan,Manhattan
2019-03-11 05:09:58,2019-03-11 05:23:46,1,0.05,12.2,0.12,0.04,15.48,yellow,credit card,Clinton Hill,Park Slope,Brooklyn,Brooklyn
2019-03-17 17:08:37,2019-03-17 17:23:44,5,3.64,10.9,3.87,0.0,20.89,yellow,cash,Midtown Center,Ozone Park,Manhattan,Queens
2019-03-23 14:53:10,2019-03-23 15:06:10,1,4.7,3.8,0.42,0.09,14.92,yellow,credit card,West Village,Williamsbridge/Olinville,Manhattan,Bronx
2019-03-27 17:00:57,2019-03-27 17:15:44,1,2.36,15.7,1.13,0.46,20.24,yellow,cash,Carroll Gardens,Union Sq,Brooklyn,Manhattan
2019-03-21 11:24:25,2019-03-21 11:40:09,1,2.01,9.8,0.41,0.14,15.51,yellow,credit card,Union Sq,Rosedale,Manhattan,Queens
2019-03-25 02:44:33,2019-03-25 03:01:16,2,1.4,5.7,0.5,0.05,35.49,yellow,cash,Park Slope,Washington Heights South,Brooklyn,Manhattan
2019-03-16 07:53:59,2019-03-16 08:09:23,1,0.56,5.6,2.05,0.83,11.69,yellow,credit card,LaGuardia Airport,Crown Heights South,Queens,Brooklyn
2019-03-15 22:22:38,2019-03-15 22:36:04,1,7.71,8.79,0.93,2.28,29.1,yellow,cash,Woodside,Eastchester,Queens,Bronx
2019-03-24 10:11:35,2019-03-24 10:23:19,1,4.13,5.29,1.45,4.39,37.2,yellow,credit card,LaGuardia Airport,Corona,Queens,Queens
2019-03-11 16:13:39,2019-03-11 16:28:29,1,3.96,19.1,2.24,0.73,23.97,yellow,cash,TriBeCa/Civic Center,Cypress Hills,Manhattan,Brooklyn
2019-03-30 05:18:15,2019-03-30 05:33:56,1,1.09,7.5,0.26,0.75,11.7,yellow,credit card,Mott Haven/Port Morris,TriBeCa/Civic Center,Bronx,Manhattan
2019-03-26 18:40:32,2019-03-26 18:53:36,2,9.79,10.6,0.33,0.16,20.96,yellow,cash,Williamsburg (South Side),East Flushing,Brooklyn,Queens
2019-03-08 13:28:50,2019-03-08 13:43:09,1,0.7,11.68,4.0,0.18,11.7,yellow,credit card,Penn Station/Madison Sq West,Flushing Meadows-Corona Park,Manhattan,Queens
2019-03-17 15:56:22,2019-03-17 16:11:59,1,0.87,7.49,1.61,0.32,8.7,yellow,cash,Midtown East,Sunset Park West,Manhattan,Brooklyn
2019-03-29 13:36:52,2019-03-29 13:50:15,2,1.33,9.6,3.08,0.25,10.11,yellow,credit card,Greenwich Village South,Richmond Hill,Manhattan,Queens
2019-03-03 16:01:08,2019-03-03 16:15:23,2,0.9,13.2,0.9,0.1,37.94,yellow,cash,Times Sq/Theatre District,Columbia Street,Manhattan,Brooklyn
2019-03-06 01:48:47,2019-03-06 02:03:49,1,9.22,1.3,1.65,0.64,25.2,yellow,credit card,Queensbridge/Ravenswood,Stuyvesant Heights,Queens,Brooklyn
2019-03-28 09:32:57,2019-03-28 09:47:13,6,0.11,5.4,0.47,0.01,12.46,yellow,cash,East Harlem South,Springfield Gardens South,Manhattan,Queens
2019-03-25 08:59:46,2019-03-25 09:14:43,1,6.03,10.34,1.02,0.03,12.5,yellow,credit card,Upper East Side South,Middle Village,Manhattan,Queens
2019-03-20 02:39:38,2019-03-20 02:54:50,6,4.88,9.27,0.96,0.48,16.0,yellow,cash,Upper West Side South,Lenox Hill West,Manhattan,Manhattan
2019-03-18 23:22:49,2019-03-18 23:38:22,1,4.15,6.1,0.48,0.45,21.37,yellow,credit card,Upper East Side South,Fresh Meadows,Manhattan,Queens
2019-03-27 00:35:02,2019-03-27 00:50:07,1,1.68,9.0,0.19,0.05,41.27,yellow,cash,Financial District North,Homecrest,Manhattan,Brooklyn
2019-03-28 02:38:51,2019-03-28 02:50:18,1,4.87,14.4,3.03,0.01,16.01,yellow,credit card,Yorkville East,South Jamaica,Manhattan,Queens
2019-03-07 03:25:10,2019-03-07 03:41:32,1,2.54,5.85,1.19,0.27,38.3,yellow,cash,Coney Island,Marine Park/Mill Basin,Brooklyn,Brooklyn
2019-03-05 01:02:08,2019-03-05 01:16:56,1,0.46,8.7,0.79,0.12,25.22,yellow,credit card,Sutton Place/Turtle Bay North,Cobble Hill,Manhattan,Brooklyn
2019-03-13 22:48:31,2019-03-13 23:02:18,2,0.09,6.1,4.89,0.52,24.56,yellow,cash,Midtown East,Astoria,Manhattan,Queens
2019-03-20 14:40:31,2019-03-20 14:53:30,2,4.22,10.2,0.58,0.01,13.46,yellow,credit card,West Village,Oakland Gardens,Manhattan,Queens
2019-03-29 21:41:15,2019-03-29 21:55:07,0,0.8,9.1,0.2,0.06,26.76,yellow,cash,Manhattan Valley,Elmhurst/Maspeth,Manhattan,Queens
2019-03-26 14:59:32,2019-03-26 15:15:15,1,3.65,10.73,2.89,0.23,15.6,yellow,credit card,East Harlem North,Douglaston,Manhattan,Queens
2019-03-02 20:44:52,2019-03-02 20:58:31,1,1.27,9.34,0.92,0.11,12.0,yellow,cash,Financial District North,Hunts Point,Manhattan,Bronx
2019-03-21 12:33:05,2019-03-21 12:48:23,1,1.1,7.6,2.99,0.11,9.44,yellow,credit card,Lower East Side,Mott Haven/Port Morris,Manhattan,Bronx
2019-03-17 21:20:40,2019-03-17 21:37:26,1,2.28,11.62,0.95,0.1,13.2,yellow,cash,Lincoln Square East,Penn Station/Madison Sq West,Manhattan,Manhattan
2019-03-27 18:01:59,2019-03-27 18:15:57,2,4.3,40.8,13.49,3.21,50.11,yellow,credit card,South Jamaica,Flushing,Queens,Queens
2019-03-01 07:40:23,2019-03-01 07:55:46,4,3.67,7.3,1.74,0.15,17.59,yellow,cash,Little Italy/NoLiTa,Sunset Park West,Manhattan,Brooklyn
2019-03-04 10:58:44,2019-03-04 11:12:20,1,15.91,6.0,3.31,0.05,18.92,yellow,credit card,Cambria Heights,Williamsburg (South Side),Queens,Brooklyn
2019-03-24 14:02:08,2019-03-24 14:18:04,1,0.88,7.7,1.49,0.18,24.55,yellow,cash,Chinatown,Battery Park City,Manhattan,Manhattan
2019-03-17 11:10:33,2019-03-17 11:24:07,1,1.33,26.68,0.78,2.84,52.7,yellow,credit card,Astoria,Parkchester,Queens,Bronx
2019-03-18 16:59:50,2019-03-18 17:14:07,5,2.58,7.38,0.54,0.01,9.5,yellow,cash,East Harlem South,Morrisania/Melrose,Manhattan,Bronx
2019-03-21 23:36:39,2019-03-21 23:50:55,1,3.61,18.8,1.0,0.01,25.03,yellow,credit card,Central Harlem North,Penn Station/Madison Sq West,Manhattan,Manhattan
2019-03-24 01:25:34,2019-03-24 01:39:54,1,3.99,10.8,0.74,0.07,14.54,yellow,cash,Midtown North,Allerton/Pelham Gardens,Manhattan,Bronx
2019-03-30 00:49:03,2019-03-30 01:03:18,2,4.82,8.7,1.89,0.13,11.4,yellow,credit card,Upper West Side South,Bronxdale,Manhattan,Bronx
2019-03-26 03:15:11,2019-03-26 03:27:33,1,0.5,5.6,0.88,0.16,16.54,yellow,cash,Manhattan Valley,Mott Haven/Port Morris,Manhattan,Bronx
2019-03-23 23:07:02,2019-03-23 23:19:15,1,0.51,9.55,2.02,0.09,12.7,yellow,credit card,Lincoln Square East,Inwood,Manhattan,Manhattan
2019-03-31 09:54:09,2019-03-31 10:08:04,2,0.06,20.8,0.96,3.41,111.16,yellow,cash,Jackson Heights,Hunts Point,Queens,Bronx
2019-03-24 05:39:10,2019-03-24 05:54:07,1,10.49,18.8,0.19,0.96,20.51,yellow,credit card,Flushing,Marble Hill,Queens,Manhattan
2019-03-05 14:09:49,2019-03-05 14:26:06,5,7.09,21.8,2.16,5.52,52.62,yellow,cash,Jackson Heights,East Flatbush/Farragut,Queens,Brooklyn
2019-03-28 12:29:36,2019-03-28 12:43:23,1,8.77,12.5,1.02,0.09,19.12,yellow,credit card,Union Sq,Fresh Meadows,Manhattan,Queens
2019-03-31 17:00:10,2019-03-31 17:14:49,1,1.74,9.6,1.06,0.02,13.4,yellow,cash,Central Park,Flatlands,Manhattan,Brooklyn
2019-03-11 17:20:52,2019-03-11 17:35:57,3,9.73,30.97,0.11,1.28,70.1,yellow,credit card,Elmhurst,Inwood,Queens,Manhattan
2019-03-08 01:41:58,2019-03-08 01:55:28,1,1.12,9.5,0.96,0.63,11.5,yellow,cash,Downtown Brooklyn/MetroTech,Financial District North,Brooklyn,Manhattan
2019-03-12 03:39:31,2019-03-12 03:54:53,2,4.6,6.98,0.14,0.08,22.8,yellow,credit card,Park Slope,Morrisania/Melrose,Brooklyn,Bronx
2019-03-04 21:25:23,2019-03-04 21:38:48,1,4.97,16.65,3.83,0.04,30.6,yellow,cash,Gramercy,TriBeCa/Civic Center,Manhattan,Manhattan
2019-03-13 22:28:18,2019-03-13 22:42:35,3,1.89,8.51,7.8,0.0,22.44,yellow,credit card,Manhattanville,Roosevelt Island,Manhattan,Manhattan
2019-03-09 04:25:31,2019-03-09 04:40:25,1,0.75,4.8,0.91,0.07,12.45,yellow,cash,Midtown North,Hunts Point,Manhattan,Bronx
2019-02-28 06:54:34,2019-02-28 07:09:53,1,3.78,6.68,0.47,0.01,8.7,yellow,credit card,Lincoln Square East,Yorkville West,Manhattan,Manhattan
2019-03-21 04:55:56,2019-03-21 05:10:38,5,3.51,13.1,0.62,0.01,21.6,yellow,cash,Union Sq,Flushing,Manhattan,Queens
2019-03-30 05:25:54,2019-03-30 05:41:52,1,1.92,12.6,3.41,0.37,15.18,yellow,credit card,East Village,Corona,Manhattan,Queens
2019-03-10 23:07:13,2019-03-10 23:21:13,1,0.2,8.95,1.69,0.12,10.3,yellow,cash,Murray Hill,Windsor Terrace,Manhattan,Brooklyn
2019-03-05 00:20:21,2019-03-05 00:32:55,2,0.04,10.61,0.91,0.1,13.5,yellow,credit card,Lenox Hill East,Brooklyn Heights,Manhattan,Brooklyn
2019-03-20 14:46:32,2019-03-20 15:02:49,2,6.94,7.55,5.77,0.02,9.3,yellow,cash,Lincoln Square East,Riverdale/North Riverdale/Fieldston,Manhattan,Bronx
2019-03-11 21:01:03,2019-03-11 21:15:05,6,11.14,3.3,2.17,0.01,28.97,yellow,credit card,Cobble Hill,South Ozone Park,Brooklyn,Queens
2019-03-30 21:03:14,2019-03-30 21:18:56,1,1.4,6.3,0.73,0.0,20.33,yellow,cash,Upper West Side North,Washington Heights South,Manhattan,Manhattan
2019-03-13 09:42:17,2019-03-13 09:57:15,1,2.09,4.65,1.47,0.02,15.7,yellow,credit card,Battery Park City,Kew Gardens Hills,Manhattan,Queens
2019-03-22 11:29:30,2019-03-22 11:44:12,1,1.47,8.85,5.3,0.05,14.31,yellow,cash,Yorkville East,Corona,Manhattan,Queens
2019-03-21 07:36:02,2019-03-21 07:51:48,2,0.69,13.95,2.48,2.19,45.1,yellow,credit card,LaGuardia Airport,Gowanus,Queens,Brooklyn
2019-03-30 12:15:37,2019-03-30 12:31:51,1,2.24,10.2,2.27,0.13,63.82,yellow,cash,Flatbush/Ditmas Park,Old Astoria,Brooklyn,Queens
2019-03-24 03:28:13,2019-03-24 03:43:03,1,0.7,7.21,0.83,0.49,8.6,yellow,credit card,Financial District South,Bedford,Manhattan,Brooklyn
2019-03-16 08:00:59,2019-03-16 08:17:04,1,0.18,11.7,4.1,0.26,15.12,yellow,cash,Penn Station/Madison Sq West,Ridgewood,Manhattan,Queens
2019-03-02 10:10:24,2019-03-02 10:25:06,1,1.66,9.6,1.76,0.05,11.64,yellow,credit card,Clinton West,Prospect-Lefferts Gardens,Manhattan,Brooklyn
2019-03-15 07:04:33,2019-03-15 07:18:48,3,1.04,5.3,3.62,0.06,23.6,yellow,cash,World Trade Center,Marine Park/Mill Basin,Manhattan,Brooklyn
2019-03-31 04:01:20,2019-03-31 04:16:41,1,5.54,14.7,7.21,1.33,36.9,yellow,credit card,Sunnyside,Sunset Park West,Queens,Brooklyn
2019-03-08 16:56:32,2019-03-08 17:12:11,2,0.09,8.3,0.08,0.05,21.97,yellow,cash,Upper East Side South,Maspeth,Manhattan,Queens
2019-03-11 20:13:09,2019-03-11 20:27:43,1,5.97,6.77,0.79,0.54,11.1,yellow,credit card,Lincoln Square West,North Corona,Manhattan,Queens
2019-03-20 12:17:29,2019-03-20 12:32:49,1,3.75,11.7,2.57,2.52,74.8,yellow,cash,Bayside,Carroll Gardens,Queens,Brooklyn
2019-03-27 09:57:39,2019-03-27 10:14:41,1,2.12,14.12,1.08,0.01,20.4,yellow,credit card,Lower East Side,Madison,Manhattan,Brooklyn
2019-03-29 08:02:42,2019-03-29 08:17:46,1,3.55,31.7,0.92,5.43,51.53,yellow,cash,Steinway,Yorkville East,Queens,Manhattan
2019-03-26 16:49:06,2019-03-26 17:05:58,1,0.19,9.4,1.62,0.06,21.56,yellow,credit card,Greenwich Village South,Eastchester,Manhattan,Bronx
2019-03-08 03:03:18,2019-03-08 03:18:34,1,0.14,10.98,3.97,0.07,13.9,yellow,cash,TriBeCa/Civic Center,Brooklyn Navy Yard,Manhattan,Brooklyn
2019-02-28 02:49:14,2019-02-28 03:02:48,1,0.75,12.7,1.08,0.22,27.28,yellow,credit card,Financial District North,Downtown Brooklyn/MetroTech,Manhattan,Brooklyn
2019-03-12 06:54:02,2019-03-12 07:07:54,1,0.4,5.7,2.51,0.19,13.4,yellow,cash,Kips Bay,Starrett City,Manhattan,Brooklyn
2019-03-31 01:25:18,2019-03-31 01:40:35,1,2.58,3.7,1.3,0.16,11.79,yellow,credit card,Sutton Place/Turtle Bay North,Springfield Gardens South,Manhattan,Queens
2019-03-06 11:31:37,2019-03-06 11:47:58,1,2.66,11.7,2.25,0.03,21.14,yellow,cash,Murray Hill,Woodside,Manhattan,Queens
2019-03-03 21:27:42,2019-03-03 21:41:37,2,1.87,4.1,0.53,0.01,22.51,yellow,credit card,Flatiron,Howard Beach,Manhattan,Queens
2019-03-13 00:09:20,2019-03-13 00:22:33,0,4.61,15.08,0.5,0.11,16.0,yellow,cash,Clinton East,East Chelsea,Manhattan,Manhattan
2019-03-31 14:48:37,2019-03-31 15:04:39,5,0.49,4.7,0.25,0.06,8.93,yellow,credit card,Midtown East,Morningside Heights,Manhattan,Manhattan
2019-03-06 07:43:52,2019-03-06 08:00:33,1,0.38,4.9,3.35,0.07,8.14,yellow,cash,Midtown Center,Bedford,Manhattan,Brooklyn
2019-03-07 06:50:37,2019-03-07 07:02:04,1,2.12,4.4,3.7,0.05,34.33,yellow,credit card,Yorkville East,Parkchester,Manhattan,Bronx
2019-03-09 11:38:17,2019-03-09 11:51:59,1,3.29,12.65,0.53,0.0,24.8,yellow,cash,Midtown North,Kips Bay,Manhattan,Manhattan
2019-03-23 12:36:26,2019-03-23 12:48:44,1,0.42,5.23,4.4,0.08,12.65,yellow,credit card,East Harlem North,Kips Bay,Manhattan,Manhattan
2019-03-21 16:50:02,2019-03-21 17:02:10,1,5.36,10.02,0.26,0.78,19.7,yellow,cash,Gowanus,Financial District South,Brooklyn,Manhattan
2019-03-01 17:21:36,2019-03-01 17:34:00,2,5.43,19.6,2.38,0.12,24.88,yellow,credit card,East Harlem South,Prospect-Lefferts Gardens,Manhattan,Brooklyn
2019-03-13 19:04:52,2019-03-13 19:19:14,1,0.25,13.1,0.79,0.04,26.96,yellow,cash,Midtown East,Parkchester,Manhattan,Bronx
2019-03-16 08:27:52,2019-03-16 08:40:58,1,0.02,4.3,2.36,0.01,17.56,yellow,credit card,Midtown East,Financial District South,Manhattan,Manhattan
2019-03-15 06:01:48,2019-03-15 06:16:25,1,0.57,5.0,0.24,0.32,22.76,yellow,cash,Penn Station/Madison Sq West,Belmont,Manhattan,Bronx
2019-03-11 10:50:01,2019-03-11 11:04:52,1,0.1,9.2,0.18,0.03,9.57,yellow,credit card,Battery Park,Queens Village,Manhattan,Queens
2019-03-30 15:01:46,2019-03-30 15:16:50,1,0.1,11.3,2.66,0.1,34.13,yellow,cash,Murray Hill,Hillcrest/Pomonok,Manhattan,Queens
2019-03-14 22:12:27,2019-03-14 22:25:18,1,0.35,11.2,0.15,0.09,27.76,yellow,credit card,Garment District,East New York,Manhattan,Brooklyn
2019-03-26 17:11:05,2019-03-26 17:25:43,1,0.01,5.8,2.34,0.08,21.46,yellow,cash,SoHo,East Tremont,Manhattan,Bronx
2019-03-30 04:00:14,2019-03-30 04:14:21,1,2.12,28.0,1.31,0.19,29.95,yellow,credit card,Flatiron,East Tremont,Manhattan,Bronx
2019-03-08 01:05:47,2019-03-08 01:20:47,2,4.98,11.4,1.31,0.03,16.11,yellow,cash,Financial District North,Upper West Side North,Manhattan,Manhattan
2019-03-07 07:57:27,2019-03-07 08:12:56,1,9.74,13.1,1.81,6.77,47.64,yellow,credit card,LaGuardia Airport,Mott Haven/Port Morris,Queens,Bronx
2019-03-01 02:10:36,2019-03-01 02:24:07,1,3.73,10.7,1.9,0.06,17.59,yellow,cash,Times Sq/Theatre District,Elmhurst,Manhattan,Queens
2019-03-24 22:17:07,2019-03-24 22:31:19,1,1.91,27.3,0.9,0.36,75.08,yellow,credit card,Sunset Park West,East Williamsburg,Brooklyn,Brooklyn
2019-03-25 11:02:44,2019-03-25 11:18:53,1,1.38,12.51,1.21,0.02,13.6,yellow,cash,Midtown North,Long Island City/Hunters Point,Manhattan,Queens
2019-03-07 03:45:51,2019-03-07 04:00:06,1,1.75,15.9,1.12,0.67,45.89,yellow,credit card,Astoria,Old Astoria,Queens,Queens
2019-03-22 02:45:46,2019-03-22 02:57:16,1,1.31,5.1,0.48,0.02,13.17,yellow,cash,Financial District North,Manhattan Beach,Manhattan,Brooklyn
2019-02-28 17:28:21,2019-02-28 17:41:32,1,0.45,13.7,0.84,0.14,26.66,yellow,credit card,Murray Hill,Cypress Hills,Manhattan,Brooklyn
2019-03-02 10:24:03,2019-03-02 10:40:55,1,10.81,33.6,1.47,9.23,37.8,yellow,cash,Flushing,Madison,Queens,Brooklyn
2019-03-15 08:49:11,2019-03-15 09:02:38,2,1.53,15.1,0.16,0.04,20.97,yellow,credit card,Garment District,Stuy Town/Peter Cooper Village,Manhattan,Manhattan
2019-03-27 05:23:13,2019-03-27 05:36:16,1,0.41,6.8,1.08,0.12,7.91,yellow,cash,Midtown South,East Harlem South,Manhattan,Manhattan
2019-03-01 12:05:36,2019-03-01 12:19:08,1,3.35,3.4,2.79,0.11,12.34,yellow,credit card,Upper East Side North,Elmhurst,Manhattan,Queens
2019-03-02 14:51:06,2019-03-02 15:04:56,5,5.92,4.63,0.07,2.33,8.0,yellow,cash,Highbridge,Windsor Terrace,Bronx,Brooklyn
2019-03-07 09:59:27,2019-03-07 10:13:55,2,1.31,10.3,1.56,0.21,19.07,yellow,credit card,Lincoln Square West,Brighton Beach,Manhattan,Brooklyn
2019-03-17 23:50:07,2019-03-18 00:03:56,1,0.7,10.8,4.62,0.17,17.35,yellow,cash,Midtown Center,Forest Hills,Manhattan,Queens
2019-03-21 03:41:32,2019-03-21 03:53:43,1,1.78,9.2,0.23,0.2,17.27,yellow,credit card,East Village,Manhattan Beach,Manhattan,Brooklyn
2019-03-17 06:44:13,2019-03-17 06:59:39,1,4.49,6.3,0.05,0.09,13.41,yellow,cash,Midtown Center,Park Slope,Manhattan,Brooklyn
2019-03-04 20:02:15,2019-03-04 20:16:55,1,2.94,15.0,2.86,0.17,15.22,yellow,credit card,Stuy Town/Peter Cooper Village,Canarsie,Manhattan,Brooklyn
2019-03-13 01:58:28,2019-03-13 02:13:53,1,1.32,7.2,3.71,0.05,16.64,yellow,cash,Garment District,Randalls Island,Manhattan,Manhattan
2019-03-31 17:20:20,2019-03-31 17:34:56,1,1.39,18.8,0.95,0.45,20.84,yellow,credit card,Hudson Sq,Red Hook,Manhattan,Brooklyn
2019-03-21 13:12:37,2019-03-21 13:27:11,2,3.05,10.96,6.35,0.02,11.8,yellow,cash,Times Sq/Theatre District,Madison,Manhattan,Brooklyn
2019-03-09 22:02:10,2019-03-09 22:14:00,2,4.5,14.0,1.0,0.09,30.4,yellow,credit card,Upper East Side North,Upper East Side North,Manhattan,Manhattan
2019-03-16 05:53:55,2019-03-16 06:06:48,2,0.09,11.1,1.07,0.2,11.26,yellow,cash,Flatiron,Midtown East,Manhattan,Manhattan
2019-03-12 20:05:31,2019-03-12 20:18:26,1,2.01,8.2,0.4,0.23,20.27,yellow,credit card,Alphabet City,Belmont,Manhattan,Bronx
2019-03-06 09:30:49,2019-03-06 09:47:31,1,1.31,17.5,1.22,0.3,34.3,yellow,cash,LaGuardia Airport,Sheepshead Bay,Queens,Brooklyn
2019-03-31 13:54:38,2019-03-31 14:09:17,1,0.28,12.7,1.29,0.05,19.22,yellow,credit card,Upper East Side North,West Chelsea/Hudson Yards,Manhattan,Manhattan
2019-03-10 21:20:36,2019-03-10 21:36:19,1,0.84,23.7,0.23,0.38,29.98,yellow,cash,Williamsbridge/Olinville,Upper West Side North,Bronx,Manhattan
2019-03-25 02:30:45,2019-03-25 02:48:13,1,3.18,9.74,1.46,0.1,29.8,yellow,credit card,Hudson Sq,Crown Heights North,Manhattan,Brooklyn
2019-03-19 23:02:34,2019-03-19 23:14:32,1,2.65,4.3,2.55,0.03,27.02,yellow,cash,Lenox Hill West,Sunnyside,Manhattan,Queens
2019-03-21 21:36:17,2019-03-21 21:50:49,1,0.45,10.6,4.28,0.02,14.03,yellow,credit card,Lenox Hill West,Long Island City/Queens Plaza,Manhattan,Queens
2019-03-11 00:01:02,2019-03-11 00:13:31,1,1.32,9.2,0.22,0.14,29.85,yellow,cash,West Village,Parkchester,Manhattan,Bronx
2019-03-18 06:04:03,2019-03-18 06:18:35,3,2.18,12.46,0.22,0.03,15.6,yellow,credit card,Penn Station/Madison Sq West,Glendale,Manhattan,Queens
2019-03-22 05:30:26,2019-03-22 05:44:16,1,0.18,8.6,0.09,0.24,13.84,yellow,cash,Kips Bay,Douglaston,Manhattan,Queens
2019-03-21 02:36:11,2019-03-21 02:49:19,1,4.8,9.9,2.76,0.14,11.54,yellow,credit card,Gramercy,Gramercy,Manhattan,Manhattan
2019-03-13 03:11:34,2019-03-13 03:25:43,2,0.05,7.1,0.32,0.22,11.41,yellow,cash,Union Sq,Cypress Hills,Manhattan,Brooklyn
2019-03-08 00:24:14,2019-03-08 00:37:03,1,3.24,2.6,1.98,0.38,7.86,yellow,credit card,Gramercy,Park Slope,Manhattan,Brooklyn
2019-03-08 12:07:21,2019-03-08 12:18:36,2,1.97,6.9,4.61,0.02,7.14,yellow,cash,Central Park,Elmhurst,Manhattan,Queens
2019-03-26 20:36:50,2019-03-26 20:49:30,1,0.51,5.0,0.34,0.12,7.85,yellow,credit card,Upper East Side South,Fort Greene,Manhattan,Brooklyn
2019-03-15 22:33:41,2019-03-15 22:47:42,1,2.46,15.8,0.04,0.0,28.16,yellow,cash,Midwood,Williamsburg (North Side),Brooklyn,Brooklyn
2019-03-07 00:02:10,2019-03-07 00:18:01,1,0.52,7.6,0.22,0.09,17.57,yellow,credit card,Times Sq/Theatre District,Roosevelt Island,Manhattan,Manhattan
2019-03-29 00:54:03,2019-03-29 01:05:38,1,8.96,17.7,15.06,1.19,56.23,yellow,cash,Elmhurst/Maspeth,East Chelsea,Queens,Manhattan
2019-03-18 08:54:41,2019-03-18 09:11:15,1,0.23,8.81,2.32,0.19,14.1,yellow,credit card,Little Italy/NoLiTa,Briarwood/Jamaica Hills,Manhattan,Queens
2019-03-13 23:05:43,2019-03-13 23:21:35,2,1.14,12.8,0.44,0.25,15.3,yellow,cash,Upper West Side South,Woodlawn/Wakefield,Manhattan,Bronx
2019-03-24 03:49:09,2019-03-24 04:01:42,1,2.51,11.11,0.31,0.35,14.5,yellow,credit card,Midtown East,Chinatown,Manhattan,Manhattan
2019-03-23 17:36:54,2019-03-23 17:49:29,1,1.25,6.4,2.96,0.24,16.16,yellow,cash,West Chelsea/Hudson Yards,Melrose South,Manhattan,Bronx
2019-03-14 12:10:51,2019-03-14 12:25:10,1,2.36,14.76,0.1,0.01,20.4,yellow,credit card,Murray Hill,Midwood,Manhattan,Brooklyn
2019-03-04 01:36:09,2019-03-04 01:50:57,2,3.7,8.9,0.14,0.02,12.86,yellow,cash,Lenox Hill West,East New York,Manhattan,Brooklyn
2019-03-05 13:09:43,2019-03-05 13:23:53,1,2.57,7.6,4.5,0.06,17.91,yellow,credit card,Hudson Sq,Brooklyn Heights,Manhattan,Brooklyn
2019-03-10 13:13:59,2019-03-10 13:27:47,1,4.08,17.59,1.99,0.95,19.4,yellow,cash,Long Island City/Queens Plaza,Brownsville,Queens,Brooklyn
2019-03-15 13:28:39,2019-03-15 13:41:32,1,0.15,3.4,1.32,0.13,5.21,yellow,credit card,Lower East Side,Whitestone,Manhattan,Queens
2019-03-19 22:33:41,2019-03-19 22:47:45,1,1.66,51.1,3.33,7.51,69.31,yellow,cash,Queensbridge/Ravenswood,Queensboro Hill,Queens,Queens
2019-03-22 05:03:53,2019-03-22 05:16:29,6,2.63,13.9,0.03,0.04,16.46,yellow,credit card,Midtown East,Columbia Street,Manhattan,Brooklyn
2019-03-17 11:32:12,2019-03-17 11:48:07,6,1.06,5.0,3.52,0.04,10.52,yellow,cash,Sutton Place/Turtle Bay North,JFK Airport,Manhattan,Queens
2019-03-23 08:02:20,2019-03-23 08:17:07,1,0.14,12.37,1.13,0.16,19.6,yellow,credit card,Central Harlem,Penn Station/Madison Sq West,Manhattan,Manhattan
2019-03-22 08:00:15,2019-03-22 08:15:52,1,6.9,7.2,0.83,0.14,19.03,yellow,cash,Yorkville East,Prospect Heights,Manhattan,Brooklyn
2019-03-26 22:08:49,2019-03-26 22:24:37,1,3.38,4.9,2.19,0.16,5.03,yellow,credit card,Midtown Center,Crown Heights South,Manhattan,Brooklyn
2019-03-03 17:35:47,2019-03-03 17:47:51,1,0.3,13.6,0.44,0.33,14.92,yellow,cash,Kips Bay,Manhattan Valley,Manhattan,Manhattan
2019-03-24 16:11:49,2019-03-24 16:26:06,2,2.2,14.0,2.8,0.1,36.6,yellow,credit card,UN/Turtle Bay South,Marine Park/Mill Basin,Manhattan,Brooklyn
2019-03-05 16:19:46,2019-03-05 16:34:19,1,8.33,8.1,0.79,1.21,53.02,yellow,cash,Woodside,Williamsbridge/Olinville,Queens,Bronx
2019-03-17 05:44:55,2019-03-17 05:58:11,1,3.87,9.2,0.3,0.02,14.01,yellow,credit card,UN/Turtle Bay South,Forest Hills,Manhattan,Queens
2019-03-28 18:56:31,2019-03-28 19:11:44,1,1.65,6.22,3.42,0.02,22.8,yellow,cash,Lincoln Square East,East Flatbush/Farragut,Manhattan,Brooklyn
2019-03-18 07:33:56,2019-03-18 07:46:27,1,8.01,5.3,2.59,0.16,6.4,yellow,credit card,Upper West Side South,East Harlem South,Manhattan,Manhattan
2019-03-31 14:13:39,2019-03-31 14:26:01,3,3.69,6.5,0.51,0.06,11.41,yellow,cash,Midtown South,Manhattanville,Manhattan,Manhattan
2019-03-10 03:00:09,2019-03-10 03:17:13,2,3.65,12.9,3.83,0.46,28.66,yellow,credit card,Gramercy,University Heights/Morris Heights,Manhattan,Bronx
2019-03-06 04:28:50,2019-03-06 04:44:08,1,8.53,7.1,0.2,0.33,19.92,yellow,cash,Yorkville West,Elmhurst,Manhattan,Queens
2019-03-23 12:41:59,2019-03-23 12:56:55,2,3.4,6.2,4.17,0.07,18.19,yellow,credit card,Clinton East,East Harlem South,Manhattan,Manhattan
2019-03-02 22:21:08,2019-03-02 22:37:09,1,0.01,12.8,0.58,0.13,15.31,yellow,cash,Upper West Side North,Williamsburg (North Side),Manhattan,Brooklyn
2019-03-23 02:12:24,2019-03-23 02:27:57,2,1.68,7.2,0.02,0.0,17.47,yellow,credit card,Yorkville West,Lincoln Square West,Manhattan,Manhattan
2019-03-23 12:47:05,2019-03-23 13:00:23,1,0.28,5.8,1.34,0.02,9.75,yellow,cash,Midtown South,Dyker Heights,Manhattan,Brooklyn
2019-03-04 04:10:13,2019-03-04 04:25:27,1,1.91,11.77,4.21,0.03,13.5,yellow,credit card,Union Sq,Pelham Parkway,Manhattan,Bronx
2019-03-07 18:14:20,2019-03-07 18:27:11,1,1.83,12.89,0.42,0.57,17.8,yellow,cash,Upper East Side South,Boerum Hill,Manhattan,Brooklyn
2019-03-09 10:30:28,2019-03-09 10:46:09,2,1.16,5.8,0.59,0.13,8.52,yellow,credit card,Murray Hill,Yorkville West,Manhattan,Manhattan
2019-03-06 15:14:51,2019-03-06 15:30:20,5,1.68,7.3,0.38,0.12,24.92,yellow,cash,Yorkville East,Ridgewood,Manhattan,Queens
2019-03-27 17:02:23,2019-03-27 17:16:34,2,3.46,11.8,0.36,0.12,13.36,yellow,credit card,Williamsburg (North Side),Van Nest/Morris Park,Brooklyn,Bronx
2019-03-14 08:24:20,2019-03-14 08:40:08,1,0.64,6.45,1.02,3.74,10.7,yellow,cash,LaGuardia Airport,Columbia Street,Queens,Brooklyn
2019-03-15 17:06:51,2019-03-15 17:18:57,1,8.21,6.5,1.77,0.05,15.98,yellow,credit card,Battery Park City,Springfield Gardens South,Manhattan,Queens
2019-03-05 22:42:18,2019-03-05 22:57:52,1,0.2,6.48,2.51,0.18,8.5,yellow,cash,Murray Hill,Prospect Heights,Manhattan,Brooklyn
2019-03-24 23:51:33,2019-03-25 00:03:35,2,5.48,13.9,1.86,0.11,55.16,yellow,credit card,Elmhurst,Stuy Town/Peter Cooper Village,Queens,Manhattan
2019-03-18 08:02:10,2019-03-18 08:15:56,1,3.12,34.9,1.36,0.64,46.23,yellow,cash,Whitestone,Prospect-Lefferts Gardens,Queens,Brooklyn
2019-03-28 21:45:40,2019-03-28 22:02:12,1,0.57,4.2,0.77,0.34,23.34,yellow,credit card,Central Harlem,Douglaston,Manhattan,Queens
2019-03-14 02:03:50,2019-03-14 02:18:37,1,3.41,18.37,0.37,0.03,23.1,yellow,cash,Yorkville West,Boerum Hill,Manhattan,Brooklyn
2019-03-06 14:32:11,2019-03-06 14:49:00,1,0.74,10.4,5.32,0.4,26.32,yellow,credit card,Garment District,Parkchester,Manhattan,Bronx
2019-03-07 12:37:30,2019-03-07 12:51:23,1,1.61,5.9,0.89,0.03,6.52,yellow,cash,Sutton Place/Turtle Bay North,Kew Gardens Hills,Manhattan,Queens
2019-03-01 12:28:16,2019-03-01 12:42:55,1,10.92,4.9,0.28,0.31,8.0,yellow,credit card,West Village,LaGuardia Airport,Manhattan,Queens
2019-03-26 15:42:49,2019-03-26 15:58:25,2,1.48,3.2,0.98,0.34,26.04,yellow,cash,Seaport,Lenox Hill West,Manhattan,Manhattan
2019-03-04 20:53:18,2019-03-04 21:08:45,1,2.29,43.5,7.18,1.1,59.85,yellow,credit card,LaGuardia Airport,Crotona Park East,Queens,Bronx
2019-03-03 23:32:27,2019-03-03 23:47:06,2,6.16,2.6,1.45,0.07,11.9,yellow,cash,Murray Hill,Corona,Manhattan,Queens
2019-03-12 16:05:18,2019-03-12 16:20:39,1,5.12,7.6,2.84,0.08,16.79,yellow,credit card,Upper East Side South,Van Cortlandt Village,Manhattan,Bronx
2019-03-31 20:42:52,2019-03-31 20:56:40,1,13.27,2.7,0.3,2.27,17.89,yellow,cash,JFK Airport,East Flatbush/Remsen Village,Queens,Brooklyn
2019-03-23 19:05:30,2019-03-23 19:21:19,1,0.71,7.0,3.54,0.17,20.2,yellow,credit card,Upper West Side North,Battery Park,Manhattan,Manhattan
2019-03-07 02:08:45,2019-03-07 02:24:55,6,4.08,26.53,0.3,0.48,38.2,yellow,cash,Crown Heights North,Crotona Park East,Brooklyn,Bronx
2019-03-17 18:01:15,2019-03-17 18:16:28,1,16.01,5.9,1.75,0.25,10.39,yellow,credit card,Times Sq/Theatre District,Williamsburg (North Side),Manhattan,Brooklyn
2019-03-07 05:07:22,2019-03-07 05:21:32,1,4.48,7.5,0.38,0.15,14.87,yellow,cash,World Trade Center,Highbridge,Manhattan,Bronx
2019-03-25 18:45:34,2019-03-25 18:59:22,1,3.36,9.0,0.44,0.24,27.6,yellow,credit card,Hudson Sq,Prospect Park,Manhattan,Brooklyn
2019-03-17 14:32:59,2019-03-17 14:45:57,1,1.01,7.2,0.07,0.18,27.76,yellow,cash,Central Harlem,West Concourse,Manhattan,Bronx
2019-03-10 07:48:08,2019-03-10 08:03:31,1,11.42,33.8,4.85,0.77,51.76,yellow,credit card,JFK Airport,Soundview/Bruckner,Queens,Bronx
2019-03-27 23:03:00,2019-03-27 23:18:25,1,0.28,12.8,0.23,0.04,17.21,yellow,cash,Garment District,Queensboro Hill,Manhattan,Queens
2019-03-23 19:49:50,2019-03-23 20:05:20,1,8.73,12.4,1.44,0.03,13.86,yellow,credit card,Union Sq,Jackson Heights,Manhattan,Queens
2019-03-27 06:45:40,2019-03-27 07:00:26,2,1.37,7.3,3.99,0.04,19.75,yellow,cash,West Chelsea/Hudson Yards,Gowanus,Manhattan,Brooklyn
2019-03-04 01:12:45,2019-03-04 01:23:18,1,0.52,12.6,2.32,0.2,13.34,yellow,credit card,Central Harlem North,Williamsbridge/Olinville,Manhattan,Bronx
2019-03-31 12:24:09,2019-03-31 12:36:11,1,1.02,4.9,0.52,0.06,9.57,yellow,cash,East Harlem North,LaGuardia Airport,Manhattan,Queens
2019-03-12 04:23:50,2019-03-12 04:37:48,1,0.33,5.7,3.59,0.27,11.26,yellow,credit card,Lincoln Square East,Midtown South,Manhattan,Manhattan
2019-03-29 00:52:05,2019-03-29 01:07:21,6,0.65,11.6,1.59,0.09,15.99,yellow,cash,Murray Hill,Red Hook,Manhattan,Brooklyn
2019-03-27 05:10:37,2019-03-27 05:27:28,1,4.52,15.02,0.51,1.17,48.5,yellow,credit card,LaGuardia Airport,Greenwich Village South,Queens,Manhattan
2019-02-28 01:20:58,2019-02-28 01:35:46,1,2.74,14.86,4.47,0.39,22.7,yellow,cash,JFK Airport,Claremont/Bathgate,Queens,Bronx
2019-03-11 19:05:01,2019-03-11 19:15:04,6,1.93,6.4,0.39,0.09,19.56,yellow,credit card,Midtown East,Union Sq,Manhattan,Manhattan
2019-03-01 07:49:17,2019-03-01 08:04:21,1,2.94,11.9,1.92,0.12,26.78,yellow,cash,Times Sq/Theatre District,Yorkville West,Manhattan,Manhattan
2019-03-19 23:12:30,2019-03-19 23:27:03,2,4.1,11.7,1.1,0.29,13.53,yellow,credit card,Lincoln Square West,Red Hook,Manhattan,Brooklyn
2019-03-03 15:50:36,2019-03-03 16:06:30,1,7.75,52.9,1.85,1.16,62.7,yellow,cash,LaGuardia Airport,Central Harlem North,Queens,Manhattan
2019-03-03 01:47:34,2019-03-03 02:01:51,2,4.69,5.88,3.8,0.36,19.82,yellow,credit card,Upper East Side North,Greenpoint,Manhattan,Brooklyn
2019-03-10 05:24:34,2019-03-10 05:37:22,5,4.05,11.5,0.44,0.0,15.19,yellow,cash,Lincoln Square West,Brooklyn Heights,Manhattan,Brooklyn
2019-03-02 05:42:10,2019-03-02 05:57:12,2,0.7,4.4,1.25,0.22,28.02,yellow,credit card,Central Park,Queens Village,Manhattan,Queens
2019-03-25 07:33:37,2019-03-25 07:46:36,1,2.86,7.43,5.4,0.19,30.95,yellow,cash,Midtown Center,Bedford Park,Manhattan,Bronx
2019-03-22 16:23:44,2019-03-22 16:38:27,2,4.16,6.6,0.44,0.23,12.91,yellow,credit card,Midtown East,Williamsbridge/Olinville,Manhattan,Bronx
2019-03-22 14:24:34,2019-03-22 14:38:45,1,0.57,3.7,0.05,0.08,14.31,yellow,cash,Midtown North,Stuy Town/Peter Cooper Village,Manhattan,Manhattan
2019-03-05 01:41:28,2019-03-05 01:54:24,1,5.48,6.4,3.32,0.16,10.98,yellow,credit card,Kips Bay,Yorkville West,Manhattan,Manhattan
2019-03-05 08:48:39,2019-03-05 09:02:59,1,0.72,7.7,3.56,0.34,14.82,yellow,cash,Midtown North,Upper East Side North,Manhattan,Manhattan
2019-03-02 17:04:29,2019-03-02 17:19:02,4,4.09,12.5,0.26,0.11,13.24,yellow,credit card,Upper East Side South,Steinway,Manhattan,Queens
2019-03-25 18:40:29,2019-03-25 18:54:36,1,2.68,5.9,3.41,0.16,10.88,yellow,cash,Yorkville East,South Jamaica,Manhattan,Queens
2019-03-14 10:43:53,2019-03-14 10:57:11,1,0.85,11.4,3.23,0.12,21.23,yellow,credit card,Upper East Side South,Middle Village,Manhattan,Queens
2019-03-11 08:01:10,2019-03-11 08:14:53,1,0.26,15.5,3.11,0.01,21.78,yellow,cash,Upper East Side North,Allerton/Pelham Gardens,Manhattan,Bronx
2019-03-16 01:41:36,2019-03-16 01:55:04,1,3.48,5.94,0.46,0.01,7.2,yellow,credit card,DUMBO/Vinegar Hill,Central Harlem,Brooklyn,Manhattan
2019-03-18 23:33:18,2019-03-18 23:45:43,1,10.63,5.5,1.08,0.11,31.26,yellow,cash,Coney Island,Howard Beach,Brooklyn,Queens
2019-03-31 14:46:22,2019-03-31 15:00:12,1,3.91,29.8,0.97,3.18,39.71,yellow,credit card,Elmhurst/Maspeth,Flushing Meadows-Corona Park,Queens,Queens
2019-03-28 00:07:51,2019-03-28 00:22:06,1,0.06,8.9,0.83,0.1,22.84,yellow,cash,Upper West Side South,Westchester Village/Unionport,Manhattan,Bronx
2019-03-28 21:43:03,2019-03-28 21:55:18,1,0.48,12.97,3.42,0.06,37.6,yellow,credit card,Times Sq/Theatre District,East Harlem South,Manhattan,Manhattan
2019-03-14 20:47:44,2019-03-14 21:02:20,1,1.24,3.7,0.86,0.12,18.84,yellow,cash,UN/Turtle Bay South,Flushing,Manhattan,Queens
2019-03-06 23:25:28,2019-03-06 23:39:23,1,5.18,7.82,1.62,0.06,13.2,yellow,credit card,Clinton East,East Village,Manhattan,Manhattan
2019-03-21 22:13:04,2019-03-21 22:27:36,4,6.78,8.5,0.56,0.38,11.2,yellow,cash,Midwood,Maspeth,Brooklyn,Queens
2019-03-16 04:37:37,2019-03-16 04:53:20,1,0.68,8.3,1.48,0.23,20.46,yellow,credit card,East Harlem South,East Flatbush/Remsen Village,Manhattan,Brooklyn
2019-03-21 10:10:27,2019-03-21 10:24:54,1,0.61,5.4,1.94,0.05,15.34,yellow,cash,East Harlem South,Meatpacking/West Village West,Manhattan,Manhattan
2019-03-26 12:01:17,2019-03-26 12:16:56,1,4.15,43.68,0.22,3.13,61.4,yellow,credit card,Elmhurst,Crown Heights North,Queens,Brooklyn
2019-03-04 07:27:17,2019-03-04 07:41:00,1,3.04,8.8,4.35,0.14,18.47,yellow,cash,Financial District North,Penn Station/Madison Sq West,Manhattan,Manhattan
2019-03-09 03:05:09,2019-03-09 03:19:14,1,2.31,5.9,1.15,0.07,18.12,yellow,credit card,Battery Park City,Battery Park,Manhattan,Manhattan
2019-03-03 18:54:40,2019-03-03 19:10:53,1,4.58,11.8,0.23,0.16,15.8,yellow,cash,Garment District,Homecrest,Manhattan,Brooklyn
2019-03-27 10:46:57,2019-03-27 11:00:47,1,2.24,18.1,3.48,0.01,27.58,yellow,credit card,Upper East Side South,Bronxdale,Manhattan,Bronx
2019-03-21 13:59:05,2019-03-21 14:11:49,1,0.48,15.1,0.37,0.21,22.93,yellow,cash,Seaport,Soundview/Bruckner,Manhattan,Bronx
2019-03-28 20:13:27,2019-03-28 20:28:04,1,0.78,7.2,5.77,0.03,15.95,yellow,credit card,Flatiron,Starrett City,Manhattan,Brooklyn
2019-03-06 22:44:05,2019-03-06 22:58:32,1,1.24,6.4,0.87,0.01,7.09,yellow,cash,Greenwich Village North,Springfield Gardens South,Manhattan,Queens
2019-03-23 02:17:20,2019-03-23 02:31:44,2,8.67,6.7,1.78,0.19,9.26,yellow,credit card,Clinton East,East Flatbush/Remsen Village,Manhattan,Brooklyn
2019-03-22 13:39:12,2019-03-22 13:51:52,1,4.24,5.5,2.03,0.22,14.92,yellow,cash,Garment District,East Chelsea,Manhattan,Manhattan
2019-03-31 20:54:33,2019-03-31 21:08:00,1,10.0,15.1,0.23,0.99,27.39,yellow,credit card,Highbridge,Central Harlem,Bronx,Manhattan
2019-03-15 18:05:22,2019-03-15 18:20:31,1,6.96,16.99,0.11,0.05,46.3,yellow,cash,Mott Haven/Port Morris,Flatlands,Bronx,Brooklyn
2019-03-24 13:03:56,2019-03-24 13:18:34,1,0.23,6.1,5.39,0.03,8.78,yellow,credit card,TriBeCa/Civic Center,Homecrest,Manhattan,Brooklyn
2019-03-21 20:51:50,2019-03-21 21:06:24,1,5.97,9.78,0.44,0.54,16.0,yellow,cash,Upper West Side North,Battery Park City,Manhattan,Manhattan
2019-03-31 11:39:54,2019-03-31 11:53:43,1,0.05,12.8,2.26,0.03,17.0,yellow,credit card,West Village,Lower East Side,Manhattan,Manhattan
2019-03-13 21:58:11,2019-03-13 22:11:46,2,6.17,5.2,0.6,0.02,7.35,yellow,cash,Union Sq,Greenwich Village South,Manhattan,Manhattan
2019-03-06 14:27:51,2019-03-06 14:40:22,1,17.0,22.63,1.67,1.31,48.1,yellow,credit card,Woodside,Fresh Meadows,Queens,Queens
2019-03-14 11:45:06,2019-03-14 12:00:01,5,5.78,15.55,1.16,0.39,19.3,yellow,cash,Woodside,Brownsville,Queens,Brooklyn
2019-03-04 07:42:20,2019-03-04 07:55:50,3,12.09,12.52,0.93,1.58,44.3,yellow,credit card,JFK Airport,Cypress Hills,Queens,Brooklyn
2019-03-09 03:00:51,2019-03-09 03:15:39,1,0.1,17.17,2.08,0.35,28.6,yellow,cash,Lincoln Square West,Melrose South,Manhattan,Bronx
2019-03-09 14:38:41,2019-03-09 14:54:21,1,3.2,7.84,3.3,0.1,32.98,yellow,credit card,Garment District,Crown Heights North,Manhattan,Brooklyn
2019-03-01 08:42:01,2019-03-01 08:55:04,1,0.39,22.42,1.27,0.12,25.9,yellow,cash,West Chelsea/Hudson Yards,East Concourse/Concourse Village,Manhattan,Bronx
2019-03-19 19:36:08,2019-03-19 19:51:24,6,4.77,4.9,0.26,0.12,8.31,yellow,credit card,Central Harlem North,Red Hook,Manhattan,Brooklyn
2019-03-17 17:11:28,2019-03-17 17:25:45,6,4.43,10.97,1.27,0.31,43.3,yellow,cash,Upper East Side North,Maspeth,Manhattan,Queens
2019-03-04 11:08:32,2019-03-04 11:22:30,1,3.85,8.9,1.54,0.01,13.0,yellow,credit card,Yorkville West,Fresh Meadows,Manhattan,Queens
2019-03-14 23:56:57,2019-03-15 00:09:59,1,2.21,9.3,1.68,1.07,33.19,yellow,cash,Stuyvesant Heights,Bayside,Brooklyn,Queens
2019-03-01 19:35:39,2019-03-01 19:51:10,3,5.64,2.4,1.64,0.06,13.13,yellow,credit card,Upper East Side South,Stuyvesant Heights,Manhattan,Brooklyn
2019-03-03 04:53:20,2019-03-03 05:06:54,1,8.14,4.0,1.85,0.01,15.9,yellow,cash,Upper East Side North,TriBeCa/Civic Center,Manhattan,Manhattan
2019-03-31 06:27:22,2019-03-31 06:41:53,1,8.65,16.4,3.99,0.48,29.25,yellow,credit card,LaGuardia Airport,Parkchester,Queens,Bronx
2019-03-27 12:33:31,2019-03-27 12:47:45,1,4.53,18.1,3.06,0.19,21.11,yellow,cash,LaGuardia Airport,Sutton Place/Turtle Bay North,Queens,Manhattan
2019-03-12 08:46:21,2019-03-12 08:58:24,2,2.62,7.73,6.8,0.02,15.73,yellow,credit card,Midtown Center,Manhattanville,Manhattan,Manhattan
2019-03-19 20:39:44,2019-03-19 20:54:33,1,23.41,12.55,6.51,1.42,13.5,yellow,cash,Astoria,Whitestone,Queens,Queens
2019-03-04 00:24:47,2019-03-04 00:36:39,1,4.37,11.37,0.08,0.1,12.8,yellow,credit card,Greenwich Village North,Fort Greene,Manhattan,Brooklyn
2019-03-15 19:01:10,2019-03-15 19:15:01,1,2.93,10.2,1.71,0.15,16.01,yellow,cash,Murray Hill,Spuyten Duyvil/Kingsbridge,Manhattan,Bronx
2019-03-03 00:21:08,2019-03-03 00:33:40,1,5.33,7.85,1.55,0.12,11.5,yellow,credit card,West Village,Prospect Heights,Manhattan,Brooklyn
2019-03-10 02:09:14,2019-03-10 02:23:58,1,2.52,2.3,1.72,0.38,18.85,yellow,cash,Greenwich Village South,Williamsburg (South Side),Manhattan,Brooklyn
2019-03-09 12:04:52,2019-03-09 12:17:25,1,0.08,15.52,0.17,0.14,30.6,yellow,credit card,Brooklyn Heights,Upper East Side North,Brooklyn,Manhattan
2019-03-25 14:45:50,2019-03-25 15:00:18,2,1.76,4.7,0.01,0.08,19.17,yellow,cash,Murray Hill,Springfield Gardens South,Manhattan,Queens
2019-03-06 10:41:45,2019-03-06 10:56:07,1,1.39,13.9,2.63,0.03,44.84,yellow,credit card,Flatiron,Seaport,Manhattan,Manhattan
2019-03-05 12:39:37,2019-03-05 12:54:12,1,0.6,7.16,1.48,0.11,27.0,yellow,cash,Boerum Hill,Midwood,Brooklyn,Brooklyn
2019-03-03 22:05:06,2019-03-03 22:19:33,1,3.11,5.9,0.33,0.09,13.03,yellow,credit card,Sutton Place/Turtle Bay North,Crown Heights North,Manhattan,Brooklyn
2019-03-19 18:01:35,2019-03-19 18:16:39,1,2.92,5.36,2.33,0.01,7.7,yellow,cash,Midtown East,University Heights/Morris Heights,Manhattan,Bronx
2019-03-31 04:04:32,2019-03-31 04:18:01,1,0.32,7.9,1.43,0.08,10.88,yellow,credit card,Clinton East,East Village,Manhattan,Manhattan
2019-03-13 14:06:14,2019-03-13 14:19:52,1,0.09,5.8,2.82,0.17,8.75,yellow,cash,Morningside Heights,Crown Heights South,Manhattan,Brooklyn
2019-03-18 20:35:00,2019-03-18 20:49:21,2,2.81,6.1,1.09,0.21,7.92,yellow,credit card,Central Park,DUMBO/Vinegar Hill,Manhattan,Brooklyn
2019-03-02 09:11:14,2019-03-02 09:25:23,1,0.1,7.7,2.29,0.02,17.14,yellow,cash,Hudson Sq,Little Italy/NoLiTa,Manhattan,Manhattan
2019-03-28 09:08:10,2019-03-28 09:20:34,1,0.57,13.7,0.87,0.06,21.58,yellow,credit card,Greenwich Village North,Forest Hills,Manhattan,Queens
2019-03-16 21:40:25,2019-03-16 21:54:19,1,3.54,14.6,2.58,0.0,22.56,yellow,cash,Upper West Side South,Riverdale/North Riverdale/Fieldston,Manhattan,Bronx
2019-03-01 15:44:47,2019-03-01 15:59:33,1,1.48,5.2,0.0,0.19,23.61,yellow,credit card,Clinton East,Oakland Gardens,Manhattan,Queens
2019-03-13 03:19:49,2019-03-13 03:35:44,1,4.39,6.65,3.34,0.08,8.5,yellow,cash,Greenwich Village South,Prospect Park,Manhattan,Brooklyn
2019-03-04 16:04:03,2019-03-04 16:19:20,1,0.59,7.6,1.97,0.12,15.79,yellow,credit card,East Harlem North,Fresh Meadows,Manhattan,Queens
2019-03-11 11:25:10,2019-03-11 11:40:42,1,3.55,10.1,0.61,0.0,21.67,yellow,cash,Murray Hill,Meatpacking/West Village West,Manhattan,Manhattan
2019-03-21 11:57:04,2019-03-21 12:10:40,1,0.63,15.55,0.87,0.01,24.3,yellow,credit card,Lower East Side,Astoria,Manhattan,Queens
2019-03-22 18:12:33,2019-03-22 18:27:32,1,2.55,4.3,3.76,0.19,8.28,yellow,cash,Hudson Sq,Prospect Heights,Manhattan,Brooklyn
2019-03-29 17:38:36,2019-03-29 17:51:25,1,5.02,16.42,1.86,0.02,29.2,yellow,credit card,Hamilton Heights,Brooklyn Navy Yard,Manhattan,Brooklyn
2019-03-07 11:13:22,2019-03-07 11:27:47,2,1.69,16.8,0.42,0.02,18.37,yellow,cash,Meatpacking/West Village West,Kew Gardens Hills,Manhattan,Queens
2019-03-23 04:02:52,2019-03-23 04:16:25,1,1.72,9.89,5.66,0.04,14.9,yellow,credit card,Lenox Hill East,Williamsbridge/Olinville,Manhattan,Bronx
2019-03-07 09:00:46,2019-03-07 09:15:00,2,0.6,2.7,0.39,0.07,15.41,yellow,cash,Midtown South,East Williamsburg,Manhattan,Brooklyn
2019-03-31 05:04:35,2019-03-31 05:20:40,1,0.04,8.9,0.67,0.05,26.47,yellow,credit card,Penn Station/Madison Sq West,Washington Heights South,Manhattan,Manhattan
2019-03-05 01:35:40,2019-03-05 01:51:38,6,0.74,9.48,0.3,0.22,66.9,yellow,cash,Bronxdale,Washington Heights South,Bronx,Manhattan
2019-03-13 11:38:30,2019-03-13 11:52:12,2,14.41,10.8,0.83,0.02,12.67,yellow,credit card,Lower East Side,Little Italy/NoLiTa,Manhattan,Manhattan
2019-03-14 09:22:50,2019-03-14 09:35:26,1,0.8,7.5,0.07,0.16,10.12,yellow,cash,Upper East Side North,Kew Gardens,Manhattan,Queens
2019-03-25 18:34:14,2019-03-25 18:46:37,1,3.8,21.35,0.18,0.33,34.4,yellow,credit card,Downtown Brooklyn/MetroTech,Ocean Hill,Brooklyn,Brooklyn
2019-03-26 21:15:44,2019-03-26 21:32:41,1,1.02,26.75,3.67,2.09,84.1,yellow,cash,LaGuardia Airport,Windsor Terrace,Queens,Brooklyn
2019-03-05 11:04:16,2019-03-05 11:18:31,1,1.3,9.84,0.68,0.18,40.9,yellow,credit card,Carroll Gardens,Windsor Terrace,Brooklyn,Brooklyn
2019-03-25 06:23:12,2019-03-25 06:37:54,1,2.9,5.75,4.9,0.25,14.29,yellow,cash,Central Harlem North,Brooklyn Navy Yard,Manhattan,Brooklyn
2019-03-13 01:28:40,2019-03-13 01:43:37,2,0.04,12.6,1.61,0.07,19.61,yellow,credit card,Clinton West,East Williamsburg,Manhattan,Brooklyn
2019-03-10 00:13:40,2019-03-10 00:25:04,1,2.61,4.1,1.34,0.32,16.37,yellow,cash,Little Italy/NoLiTa,SoHo,Manhattan,Manhattan
2019-02-28 08:33:44,2019-02-28 08:47:17,1,0.42,7.6,1.4,0.22,11.0,yellow,credit card,Midtown South,Prospect Park,Manhattan,Brooklyn
2019-03-14 23:27:13,2019-03-14 23:41:18,1,5.74,14.1,7.36,0.02,27.68,yellow,cash,Penn Station/Madison Sq West,Hunts Point,Manhattan,Bronx
2019-03-20 08:57:40,2019-03-20 09:12:47,1,1.13,11.86,2.42,0.02,16.9,yellow,credit card,Lenox Hill East,Meatpacking/West Village West,Manhattan,Manhattan
2019-03-14 06:31:14,2019-03-14 06:44:35,2,0.15,18.3,1.36,0.13,28.5,yellow,cash,Morningside Heights,Clinton East,Manhattan,Manhattan
2019-03-23 03:46:52,2019-03-23 04:02:33,1,1.58,10.0,1.29,0.01,15.72,yellow,credit card,Midtown South,Mount Hope,Manhattan,Bronx
2019-03-31 02:22:07,2019-03-31 02:35:06,1,0.15,3.5,0.81,0.01,10.3,yellow,cash,Upper West Side South,West Village,Manhattan,Manhattan
2019-03-30 23:06:39,2019-03-30 23:18:41,1,4.3,13.6,0.25,0.0,29.44,yellow,credit card,Lenox Hill West,Battery Park,Manhattan,Manhattan
2019-03-21 09:23:11,2019-03-21 09:40:12,1,2.46,7.4,2.59,0.13,17.44,yellow,cash,Midtown North,Stapleton,Manhattan,Staten Island
2019-03-13 09:59:29,2019-03-13 10:14:48,1,0.24,1.6,0.52,0.11,6.18,yellow,credit card,Little Italy/NoLiTa,Alphabet City,Manhattan,Manhattan
2019-03-01 23:19:40,2019-03-01 23:30:21,1,0.13,10.19,0.06,0.14,12.2,yellow,cash,Upper West Side South,Seaport,Manhattan,Manhattan
2019-03-27 11:01:13,2019-03-27 11:13:16,1,1.53,5.7,0.44,0.08,31.77,yellow,credit card,Greenwich Village South,Manhattanville,Manhattan,Manhattan
2019-03-16 12:26:00,2019-03-16 12:39:46,1,1.79,3.6,2.5,0.07,16.25,yellow,cash,Times Sq/Theatre District,Long Island City/Queens Plaza,Manhattan,Queens
2019-02-28 16:54:42,2019-02-28 17:11:19,1,1.38,8.8,2.93,0.2,17.32,yellow,credit card,Gramercy,Dyker Heights,Manhattan,Brooklyn
2019-03-31 00:54:25,2019-03-31 01:10:41,1,2.21,6.0,0.66,0.01,12.1,yellow,cash,Central Harlem,East Tremont,Manhattan,Bronx
2019-03-15 18:05:49,2019-03-15 18:20:05,1,0.24,5.5,0.5,0.0,22.3,yellow,credit card,Washington Heights South,Chinatown,Manhattan,Manhattan
2019-03-30 05:19:18,2019-03-30 05:31:24,2,1.1,10.92,2.21,0.04,14.6,yellow,cash,Lincoln Square East,East Flatbush/Farragut,Manhattan,Brooklyn
2019-03-07 15:20:04,2019-03-07 15:34:18,1,2.56,9.7,1.85,0.04,15.28,yellow,credit card,Manhattan Valley,Greenwich Village South,Manhattan,Manhattan
2019-03-07 23:50:14,2019-03-08 00:03:48,5,5.13,5.6,0.41,0.09,13.94,yellow,cash,Penn Station/Madison Sq West,Penn Station/Madison Sq West,Manhattan,Manhattan
2019-02-28 06:45:47,2019-02-28 06:59:29,5,0.01,3.51,3.4,0.16,4.56,yellow,credit card,Midtown East,Sunnyside,Manhattan,Queens
2019-03-29 13:12:23,2019-03-29 13:28:00,1,3.55,10.42,1.62,2.57,76.9,yellow,cash,Springfield Gardens North,Saint Albans,Queens,Queens
2019-03-20 10:12:47,2019-03-20 10:26:22,1,2.16,5.2,2.92,0.21,25.59,yellow,credit card,Penn Station/Madison Sq West,Murray Hill-Queens,Manhattan,Queens
2019-03-14 01:26:47,2019-03-14 01:42:48,1,0.11,11.54,5.31,0.07,14.2,yellow,cash,Gramercy,Bronxdale,Manhattan,Bronx
2019-03-13 02:46:26,2019-03-13 02:59:08,0,4.89,5.1,0.9,0.01,31.89,yellow,credit card,Upper East Side South,Midwood,Manhattan,Brooklyn
2019-03-11 07:39:23,2019-03-11 07:53:40,1,1.96,6.8,0.15,0.08,9.09,yellow,cash,Midtown Center,Bensonhurst East,Manhattan,Brooklyn
2019-03-09 13:48:36,2019-03-09 14:02:30,1,2.72,36.64,2.24,1.95,53.8,yellow,credit card,Sunnyside,South Jamaica,Queens,Queens
2019-03-29 15:41:12,2019-03-29 15:56:08,1,5.13,9.4,1.2,0.18,24.47,yellow,cash,Penn Station/Madison Sq West,East Village,Manhattan,Manhattan
2019-03-21 18:44:17,2019-03-21 18:57:27,1,0.23,9.7,0.47,0.03,9.79,yellow,credit card,Times Sq/Theatre District,Hillcrest/Pomonok,Manhattan,Queens
2019-03-19 01:08:48,2019-03-19 01:22:44,3,15.56,38.5,8.13,0.65,42.92,yellow,cash,LaGuardia Airport,Garment District,Queens,Manhattan
2019-03-04 00:53:19,2019-03-04 01:05:31,1,0.31,14.1,2.43,0.19,18.07,yellow,credit card,Midtown South,Co-Op City,Manhattan,Bronx
2019-03-21 14:19:48,2019-03-21 14:33:09,1,0.09,7.34,3.72,0.08,26.6,yellow,cash,East Village,Pelham Parkway,Manhattan,Bronx
2019-02-28 21:09:05,2019-02-28 21:22:27,1,2.48,4.4,3.54,0.57,12.33,yellow,credit card,Williamsburg (North Side),Meatpacking/West Village West,Brooklyn,Manhattan
2019-03-21 01:41:27,2019-03-21 01:56:02,1,2.8,5.5,0.03,0.11,32.98,yellow,cash,Manhattanville,Midtown East,Manhattan,Manhattan
2019-03-30 00:56:52,2019-03-30 01:12:57,2,1.55,8.0,1.98,0.13,11.71,yellow,credit card,Clinton West,Astoria,Manhattan,Queens
2019-03-01 04:34:14,2019-03-01 04:50:00,1,0.23,30.42,0.14,0.75,37.0,yellow,cash,Mott Haven/Port Morris,Bay Ridge,Bronx,Brooklyn
2019-03-19 21:54:06,2019-03-19 22:07:54,5,1.52,3.6,1.75,0.01,22.99,yellow,credit card,East Village,Morrisania/Melrose,Manhattan,Bronx
2019-03-19 02:32:47,2019-03-19 02:45:45,1,6.14,2.2,0.34,0.08,11.65,yellow,cash,Lincoln Square West,Park Slope,Manhattan,Brooklyn
2019-03-15 03:36:34,2019-03-15 03:50:48,1,0.79,7.6,3.41,0.07,10.2,yellow,credit card,Midtown East,Clinton West,Manhattan,Manhattan
2019-03-29 03:48:42,2019-03-29 04:03:15,5,17.84,3.5,0.6,0.29,73.86,yellow,cash,Old Astoria,West Chelsea/Hudson Yards,Queens,Manhattan
2019-03-06 20:11:25,2019-03-06 20:24:07,2,6.15,4.2,0.34,0.25,11.12,yellow,credit card,Prospect-Lefferts Gardens,Little Italy/NoLiTa,Brooklyn,Manhattan
2019-03-03 21:16:27,2019-03-03 21:29:46,1,5.89,10.33,5.7,0.46,18.12,yellow,cash,Lincoln Square West,Little Italy/NoLiTa,Manhattan,Manhattan
2019-03-24 19:02:10,2019-03-24 19:14:40,1,0.57,6.5,4.1,0.05,10.44,yellow,credit card,TriBeCa/Civic Center,JFK Airport,Manhattan,Queens
2019-03-20 21:49:39,2019-03-20 22:02:32,2,3.35,8.1,5.28,0.21,31.61,yellow,cash,Battery Park City,Prospect Park,Manhattan,Brooklyn
2019-03-14 04:18:38,2019-03-14 04:34:15,4,2.73,9.97,2.16,0.16,15.6,yellow,credit card,Murray Hill,Old Astoria,Manhattan,Queens
2019-03-31 06:52:58,2019-03-31 07:07:02,2,5.35,9.6,0.81,0.05,19.32,yellow,cash,Upper West Side South,Battery Park,Manhattan,Manhattan
2019-03-06 01:30:45,2019-03-06 01:45:56,1,0.75,11.8,0.71,0.1,28.86,yellow,credit card,Union Sq,East Williamsburg,Manhattan,Brooklyn
2019-03-12 02:54:30,2019-03-12 03:07:13,1,2.08,14.81,5.76,0.04,20.9,yellow,cash,TriBeCa/Civic Center,Marine Park/Mill Basin,Manhattan,Brooklyn
2019-03-07 05:34:08,2019-03-07 05:48:56,1,7.62,8.64,0.29,1.05,16.9,yellow,credit card,Belmont,Jackson Heights,Bronx,Queens
2019-03-22 05:00:57,2019-03-22 05:15:31,1,7.27,4.4,0.04,0.31,16.05,yellow,cash,Sutton Place/Turtle Bay North,East Village,Manhattan,Manhattan
2019-03-28 20:46:33,2019-03-28 21:01:56,2,28.13,23.12,6.14,1.27,68.6,yellow,credit card,LaGuardia Airport,Randalls Island,Queens,Manhattan
2019-03-31 19:18:46,2019-03-31 19:33:46,1,3.13,11.0,0.83,0.13,15.84,yellow,cash,East Village,Prospect Park,Manhattan,Brooklyn
2019-03-23 13:52:24,2019-03-23 14:09:34,2,2.53,10.8,1.02,0.38,15.8,yellow,credit card,Sutton Place/Turtle Bay North,Morrisania/Melrose,Manhattan,Bronx
2019-03-10 12:45:31,2019-03-10 12:59:30,1,15.29,13.1,0.6,0.09,24.0,yellow,cash,Jackson Heights,Upper West Side North,Queens,Manhattan
2019-03-19 03:46:37,2019-03-19 04:02:02,1,0.82,5.29,0.25,0.22,7.0,yellow,credit card,Upper West Side South,Upper West Side North,Manhattan,Manhattan
2019-03-09 14:15:28,2019-03-09 14:30:16,1,6.51,10.8,0.55,0.01,36.1,yellow,cash,Clinton East,Van Cortlandt Village,Manhattan,Bronx
2019-03-18 11:11:29,2019-03-18 11:23:56,1,0.02,6.2,0.66,0.07,7.0,yellow,credit card,Midtown Center,Fresh Meadows,Manhattan,Queens
2019-03-10 05:17:18,2019-03-10 05:32:24,1,1.21,8.54,8.1,0.36,9.68,yellow,cash,Union Sq,Bensonhurst West,Manhattan,Brooklyn
2019-03-28 19:50:41,2019-03-28 20:05:15,1,0.82,7.4,1.35,0.03,12.42,yellow,credit card,Lincoln Square West,East Village,Manhattan,Manhattan
2019-03-30 12:02:15,2019-03-30 12:14:46,3,0.75,7.2,0.07,0.24,13.21,yellow,cash,SoHo,Yorkville West,Manhattan,Manhattan
2019-03-22 08:54:37,2019-03-22 09:09:00,1,0.9,4.8,1.22,0.18,10.58,yellow,credit card,Upper East Side North,East Chelsea,Manhattan,Manhattan
2019-03-29 19:41:32,2019-03-29 19:55:02,2,4.11,9.9,0.46,0.09,14.63,yellow,cash,Lenox Hill East,Central Harlem,Manhattan,Manhattan
2019-03-30 17:07:45,2019-03-30 17:21:25,1,4.31,12.8,2.01,0.21,29.6,yellow,credit card,Midtown East,Whitestone,Manhattan,Queens
2019-03-22 02:34:23,2019-03-22 02:49:51,1,0.52,7.5,0.02,0.02,30.24,yellow,cash,Midtown Center,Washington Heights North,Manhattan,Manhattan
2019-03-13 09:19:43,2019-03-13 09:35:27,1,2.12,21.2,2.28,4.16,24.41,yellow,credit card,Rego Park,Seaport,Queens,Manhattan
2019-03-13 05:16:04,2019-03-13 05:31:00,1,5.03,6.19,2.58,0.1,20.5,yellow,cash,TriBeCa/Civic Center,Springfield Gardens South,Manhattan,Queens
2019-03-09 08:03:17,2019-03-09 08:15:46,1,2.55,9.79,2.22,0.24,15.8,yellow,credit card,Greenwich Village South,West Village,Manhattan,Manhattan
2019-03-27 15:43:44,2019-03-27 15:57:47,1,7.73,25.5,3.12,0.43,31.1,yellow,cash,Astoria,Midtown South,Queens,Manhattan
2019-02-28 23:29:20,2019-02-28 23:42:44,1,1.55,2.4,0.7,0.14,18.62,yellow,credit card,West Village,Crown Heights South,Manhattan,Brooklyn
2019-03-25 23:05:50,2019-03-25 23:20:43,1,1.43,5.1,0.52,0.15,22.19,yellow,cash,East Village,Chinatown,Manhattan,Manhattan
2019-03-18 01:59:03,2019-03-18 02:13:07,2,3.41,4.6,0.95,0.02,14.07,yellow,credit card,Little Italy/NoLiTa,Meatpacking/West Village West,Manhattan,Manhattan
2019-02-28 04:00:27,2019-02-28 04:17:07,1,6.65,7.2,0.15,0.03,22.28,yellow,cash,Downtown Brooklyn/MetroTech,Cobble Hill,Brooklyn,Brooklyn
2019-03-02 19:55:20,2019-03-02 20:12:10,1,0.79,7.67,0.71,0.03,12.1,yellow,credit card,Midtown East,Springfield Gardens South,Manhattan,Queens
2019-03-06 02:47:07,2019-03-06 03:01:53,1,0.61,10.38,2.49,0.11,10.9,yellow,cash,Midtown East,Bensonhurst East,Manhattan,Brooklyn
2019-02-28 11:53:17,2019-02-28 12:08:57,1,0.19,11.0,9.09,0.01,13.7,yellow,credit card,Penn Station/Madison Sq West,Manhattan Valley,Manhattan,Manhattan
2019-03-27 10:07:02,2019-03-27 10:21:10,1,1.47,5.1,0.03,0.07,11.02,yellow,cash,Penn Station/Madison Sq West,East Flatbush/Farragut,Manhattan,Brooklyn
2019-03-05 13:14:47,2019-03-05 13:28:31,1,1.06,9.53,4.27,0.05,15.8,yellow,credit card,Yorkville West,Upper West Side North,Manhattan,Manhattan
2019-03-30 21:46:36,2019-03-30 22:01:10,1,3.17,19.9,2.61,2.14,28.24,yellow,cash,Elmhurst,Two Bridges/Seward Park,Queens,Manhattan
2019-03-28 23:24:26,2019-03-28 23:41:07,1,2.33,8.8,0.24,0.15,18.81,yellow,credit card,Sunset Park West,Mott Haven/Port Morris,Brooklyn,Bronx
2019-03-19 13:06:06,2019-03-19 13:20:23,1,6.14,20.0,0.49,4.24,54.67,yellow,cash,LaGuardia Airport,East Chelsea,Queens,Manhattan
2019-03-22 09:57:34,2019-03-22 10:14:28,5,0.38,18.19,1.98,0.46,20.3,yellow,credit card,East Village,West Chelsea/Hudson Yards,Manhattan,Manhattan
2019-03-03 14:34:55,2019-03-03 14:48:26,1,1.18,5.9,3.49,0.06,11.5,yellow,cash,Upper West Side South,Clinton West,Manhattan,Manhattan
2019-03-11 06:01:15,2019-03-11 06:16:57,1,0.95,10.8,2.56,0.27,18.65,yellow,credit card,West Chelsea/Hudson Yards,Old Astoria,Manhattan,Queens
2019-03-16 06:42:41,2019-03-16 06:56:22,1,1.02,11.4,1.06,0.22,12.1,yellow,cash,Upper West Side North,Mott Haven/Port Morris,Manhattan,Bronx
2019-03-03 05:33:02,2019-03-03 05:47:42,1,2.58,10.07,1.65,0.05,14.0,yellow,credit card,Murray Hill,Lenox Hill West,Manhattan,Manhattan
2019-03-16 10:22:47,2019-03-16 10:39:54,4,0.12,9.3,0.96,0.08,17.94,yellow,cash,Lenox Hill West,Middle Village,Manhattan,Queens
2019-03-26 10:32:39,2019-03-26 10:48:50,1,0.84,8.8,0.64,0.31,10.65,yellow,credit card,Penn Station/Madison Sq West,Flushing Meadows-Corona Park,Manhattan,Queens
2019-03-21 21:40:13,2019-03-21 21:52:57,1,0.71,6.19,3.15,0.06,7.5,yellow,cash,Midtown North,Canarsie,Manhattan,Brooklyn
2019-03-05 16:35:44,2019-03-05 16:51:21,1,0.67,4.8,2.98,0.05,14.53,yellow,credit card,Garment District,Soundview/Castle Hill,Manhattan,Bronx
2019-03-02 03:45:19,2019-03-02 04:00:38,1,2.73,9.9,9.74,0.56,32.44,yellow,cash,Elmhurst,Alphabet City,Queens,Manhattan
2019-03-13 22:54:25,2019-03-13 23:07:37,2,1.56,8.19,0.95,0.24,12.4,yellow,credit card,Central Park,Bushwick North,Manhattan,Brooklyn
2019-03-24 12:59:16,2019-03-24 13:12:41,1,0.87,10.6,0.28,0.01,15.25,yellow,cash,Battery Park City,Morrisania/Melrose,Manhattan,Bronx
2019-03-15 04:05:47,2019-03-15 04:19:40,1,0.09,6.8,0.47,0.04,37.88,yellow,credit card,Meatpacking/West Village West,Bensonhurst West,Manhattan,Brooklyn
2019-03-24 20:48:14,2019-03-24 21:02:11,2,3.73,4.48,3.0,0.12,8.03,yellow,cash,Upper West Side South,Washington Heights North,Manhattan,Manhattan
2019-03-06 12:25:56,2019-03-06 12:39:54,1,0.0,8.97,1.55,0.18,10.6,yellow,credit card,Sutton Place/Turtle Bay North,Morrisania/Melrose,Manhattan,Bronx
2019-03-28 13:28:16,2019-03-28 13:43:21,1,3.48,7.5,4.66,0.03,20.65,yellow,cash,Central Harlem,Westchester Village/Unionport,Manhattan,Bronx
2019-03-09 01:32:35,2019-03-09 01:45:41,1,0.1,17.1,4.78,0.1,17.46,yellow,credit card,Upper East Side North,Fort Greene,Manhattan,Brooklyn
2019-03-19 01:59:40,2019-03-19 02:13:03,1,3.3,10.39,3.09,0.2,12.5,yellow,cash,SoHo,East New York,Manhattan,Brooklyn
2019-03-21 22:53:52,2019-03-21 23:05:21,4,1.48,11.08,3.56,0.11,11.1,yellow,credit card,Central Park,East Harlem South,Manhattan,Manhattan
2019-03-11 04:40:18,2019-03-11 04:53:56,1,1.27,15.62,0.1,0.09,18.2,yellow,cash,Hudson Sq,Crotona Park East,Manhattan,Bronx
2019-03-29 19:50:46,2019-03-29 20:07:49,1,1.67,6.3,0.34,0.1,23.88,yellow,credit card,Upper East Side South,Washington Heights South,Manhattan,Manhattan
2019-03-19 03:18:15,2019-03-19 03:34:36,1,5.03,9.59,1.08,0.07,28.1,yellow,cash,Brooklyn Heights,Queensboro Hill,Brooklyn,Queens
2019-03-05 21:45:37,2019-03-05 21:55:56,1,1.51,5.3,2.15,0.18,24.06,yellow,credit card,Clinton East,Inwood,Manhattan,Manhattan
2019-03-04 06:58:51,2019-03-04 07:12:51,1,3.13,10.17,0.41,0.06,11.7,yellow,cash,Midtown Center,Lenox Hill East,Manhattan,Manhattan
2019-03-11 20:43:50,2019-03-11 20:58:53,1,6.21,12.6,3.73,0.04,17.2,yellow,credit card,Murray Hill,Marine Park/Mill Basin,Manhattan,Brooklyn
2019-03-22 11:03:09,2019-03-22 11:17:14,1,0.1,6.4,1.07,0.11,16.6,yellow,cash,Penn Station/Madison Sq West,Bedford Park,Manhattan,Bronx
2019-03-09 17:07:49,2019-03-09 17:22:25,2,0.66,9.71,8.2,0.08,12.76,yellow,credit card,Upper East Side North,Gravesend,Manhattan,Brooklyn
2019-03-24 07:07:40,2019-03-24 07:23:11,1,3.1,6.6,0.27,0.06,6.64,yellow,cash,Lenox Hill West,College Point,Manhattan,Queens
2019-03-15 20:59:07,2019-03-15 21:14:11,6,0.75,7.2,0.66,0.12,9.9,yellow,credit card,Union Sq,Yorkville West,Manhattan,Manhattan
2019-03-18 15:02:16,2019-03-18 15:14:36,5,0.36,15.21,0.49,0.24,31.0,yellow,cash,Lincoln Square West,Woodlawn/Wakefield,Manhattan,Bronx
2019-03-12 21:02:54,2019-03-12 21:17:58,2,7.84,6.0,4.69,0.06,10.74,yellow,credit card,Flatiron,Clinton West,Manhattan,Manhattan
2019-03-25 19:00:56,2019-03-25 19:16:10,6,2.35,5.24,1.55,0.02,21.8,yellow,cash,Manhattan Valley,LaGuardia Airport,Manhattan,Queens
2019-03-15 10:50:26,2019-03-15 11:05:35,6,2.85,12.9,0.8,1.35,15.29,yellow,credit card,LaGuardia Airport,Canarsie,Queens,Brooklyn
2019-03-27 11:01:01,2019-03-27 11:18:56,2,0.01,11.7,1.11,0.02,17.02,yellow,cash,SoHo,JFK Airport,Manhattan,Queens
2019-03-15 00:06:59,2019-03-15 00:20:53,1,3.86,6.02,8.01,0.17,8.7,yellow,credit card,Lower East Side,Ozone Park,Manhattan,Queens
2019-03-29 11:45:42,2019-03-29 11:58:51,0,4.59,18.38,0.63,0.32,29.0,yellow,cash,Flatbush/Ditmas Park,South Jamaica,Brooklyn,Queens
2019-03-23 02:03:51,2019-03-23 02:20:20,1,0.73,7.4,3.46,0.12,8.8,yellow,credit card,Sutton Place/Turtle Bay North,Middle Village,Manhattan,Queens
2019-03-10 04:00:24,2019-03-10 04:15:04,0,11.12,50.4,8.77,1.57,56.9,yellow,cash,JFK Airport,Oakland Gardens,Queens,Queens
2019-03-11 16:06:10,2019-03-11 16:19:40,4,2.77,16.88,0.37,0.05,17.3,yellow,credit card,Lenox Hill East,Dyker Heights,Manhattan,Brooklyn
2019-03-01 17:55:14,2019-03-01 18:09:20,1,9.45,6.7,1.05,0.01,8.82,yellow,cash,Upper West Side South,University Heights/Morris Heights,Manhattan,Bronx
2019-03-27 09:27:20,2019-03-27 09:41:44,1,1.09,9.5,1.24,0.04,12.4,yellow,credit card,East Harlem North,Chinatown,Manhattan,Manhattan
2019-03-26 14:48:03,2019-03-26 15:02:30,1,5.06,7.9,0.1,0.06,8.52,yellow,cash,Yorkville East,Windsor Terrace,Manhattan,Brooklyn
2019-03-30 22:57:57,2019-03-30 23:12:22,2,1.52,2.51,3.81,11.32,20.2,yellow,credit card,LaGuardia Airport,Little Italy/NoLiTa,Queens,Manhattan
2019-02-28 06:41:48,2019-02-28 06:57:22,1,2.15,13.9,5.74,0.55,47.87,yellow,cash,JFK Airport,Springfield Gardens South,Queens,Queens
2019-03-18 04:03:11,2019-03-18 04:16:11,2,2.16,6.22,0.63,0.36,8.1,yellow,credit card,Brooklyn Heights,Gravesend,Brooklyn,Brooklyn
2019-03-18 13:36:54,2019-03-18 13:49:22,1,0.71,5.72,0.71,0.31,30.8,yellow,cash,Brooklyn Heights,Prospect-Lefferts Gardens,Brooklyn,Brooklyn
2019-02-28 13:24:21,2019-02-28 13:38:47,1,1.92,11.8,1.97,0.01,26.0,yellow,credit card,Lenox Hill West,Mott Haven/Port Morris,Manhattan,Bronx
2019-03-10 15:39:14,2019-03-10 15:51:14,1,5.23,33.96,0.8,0.02,57.0,yellow,cash,East New York,Columbia Street,Brooklyn,Brooklyn
2019-03-06 19:52:31,2019-03-06 20:06:49,1,2.66,12.63,2.05,0.0,29.4,yellow,credit card,Morningside Heights,Financial District South,Manhattan,Manhattan
2019-03-27 08:19:11,2019-03-27 08:31:43,1,6.65,12.9,4.83,0.01,57.94,yellow,cash,JFK Airport,Crown Heights North,Queens,Brooklyn
2019-03-10 07:20:09,2019-03-10 07:35:18,1,4.9,5.73,0.17,0.17,5.8,yellow,credit card,Canarsie,Crotona Park East,Brooklyn,Bronx
2019-03-31 21:13:49,2019-03-31 21:27:55,1,0.22,15.2,1.96,2.14,39.05,yellow,cash,JFK Airport,Co-Op City,Queens,Bronx
2019-03-02 20:58:45,2019-03-02 21:13:42,1,2.33,6.73,6.0,0.17,17.28,yellow,credit card,Meatpacking/West Village West,Steinway,Manhattan,Queens
2019-03-27 19:07:24,2019-03-27 19:20:50,1,0.05,8.27,5.55,0.09,19.0,yellow,cash,Upper East Side South,Central Harlem North,Manhattan,Manhattan
2019-03-10 09:33:43,2019-03-10 09:46:38,1,0.17,6.3,0.14,0.12,26.14,yellow,credit card,Crown Heights South,Windsor Terrace,Brooklyn,Brooklyn
2019-03-19 01:06:52,2019-03-19 01:19:40,1,1.63,5.1,0.18,0.04,11.48,yellow,cash,Greenwich Village North,Oakland Gardens,Manhattan,Queens
2019-03-22 07:26:24,2019-03-22 07:40:23,1,1.99,42.1,2.86,2.44,69.68,yellow,credit card,LaGuardia Airport,Cambria Heights,Queens,Queens
2019-03-29 17:00:07,2019-03-29 17:14:37,2,7.04,11.4,0.55,0.4,19.01,yellow,cash,Times Sq/Theatre District,East Tremont,Manhattan,Bronx
2019-03-23 09:21:44,2019-03-23 09:35:53,2,2.26,11.43,2.57,0.01,14.8,yellow,credit card,Upper East Side North,Crotona Park East,Manhattan,Bronx
2019-03-11 17:54:46,2019-03-11 18:08:43,5,1.5,15.32,3.53,0.06,26.9,yellow,cash,Hudson Sq,Glendale,Manhattan,Queens
2019-03-29 10:58:18,2019-03-29 11:12:50,1,0.54,10.1,1.32,0.02,36.66,yellow,credit card,Midtown East,Central Harlem North,Manhattan,Manhattan
2019-03-10 22:10:06,2019-03-10 22:23:17,1,3.96,8.6,5.43,0.0,22.42,yellow,cash,East Chelsea,East New York,Manhattan,Brooklyn
2019-03-11 03:20:37,2019-03-11 03:35:00,1,4.13,11.9,2.07,0.01,16.84,yellow,credit card,East Village,Pelham Parkway,Manhattan,Bronx
2019-03-23 13:10:59,2019-03-23 13:24:13,1,0.53,24.2,0.18,0.02,27.88,yellow,cash,Central Park,South Ozone Park,Manhattan,Queens
2019-03-31 14:43:36,2019-03-31 14:59:37,2,5.27,9.2,2.21,0.02,13.41,yellow,credit card,East Village,Gowanus,Manhattan,Brooklyn
2019-03-04 12:00:11,2019-03-04 12:16:14,4,4.93,12.81,3.39,0.12,25.2,yellow,cash,Bushwick North,Downtown Brooklyn/MetroTech,Brooklyn,Brooklyn
2019-03-04 01:20:38,2019-03-04 01:32:09,1,1.12,4.23,1.16,0.02,13.8,yellow,credit card,UN/Turtle Bay South,West Village,Manhattan,Manhattan
2019-03-26 21:13:52,2019-03-26 21:29:50,5,1.36,6.5,3.7,0.1,14.04,yellow,cash,Two Bridges/Seward Park,Corona,Manhattan,Queens
2019-03-05 17:56:23,2019-03-05 18:14:57,1,1.33,9.14,0.06,0.39,11.3,yellow,credit card,Fort Greene,Yorkville West,Brooklyn,Manhattan
2019-02-28 10:18:53,2019-02-28 10:34:39,1,1.9,8.7,1.49,0.04,21.74,yellow,cash,Lincoln Square East,East Village,Manhattan,Manhattan
2019-03-27 06:35:50,2019-03-27 06:49:22,1,3.64,7.3,3.7,0.0,9.03,yellow,credit card,Midtown East,Williamsbridge/Olinville,Manhattan,Bronx
2019-03-05 22:11:11,2019-03-05 22:21:53,5,1.14,6.0,0.75,0.2,19.66,yellow,cash,TriBeCa/Civic Center,Mount Hope,Manhattan,Bronx
2019-03-29 08:07:58,2019-03-29 08:22:47,1,5.92,10.8,0.58,0.12,22.42,yellow,credit card,Gramercy,Queensboro Hill,Manhattan,Queens
2019-03-25 23:58:24,2019-03-26 00:11:08,1,4.32,8.88,0.64,0.01,11.2,yellow,cash,Gramercy,Astoria,Manhattan,Queens
2019-03-04 21:02:02,2019-03-04 21:15:14,0,1.34,1.7,0.48,0.01,20.02,yellow,credit card,Lincoln Square East,Rego Park,Manhattan,Queens
2019-03-31 02:03:51,2019-03-31 02:16:23,1,2.18,11.8,0.02,0.03,30.82,yellow,cash,Van Cortlandt Village,Jamaica Estates,Bronx,Queens
2019-03-16 02:03:03,2019-03-16 02:17:03,1,1.89,18.38,1.24,0.05,30.0,yellow,credit card,Central Park,Astoria,Manhattan,Queens
2019-03-02 00:10:56,2019-03-02 00:24:30,1,0.33,8.8,0.99,0.42,42.35,yellow,cash,UN/Turtle Bay South,Midtown North,Manhattan,Manhattan
2019-03-24 19:38:48,2019-03-24 19:54:12,1,3.56,5.45,0.58,0.06,11.5,yellow,credit card,Washington Heights North,Times Sq/Theatre District,Manhattan,Manhattan
2019-03-29 22:54:43,2019-03-29 23:07:38,1,1.08,10.85,6.04,0.08,43.2,yellow,cash,Union Sq,Hillcrest/Pomonok,Manhattan,Queens
2019-03-05 01:58:36,2019-03-05 02:12:38,1,0.31,4.4,2.23,0.48,8.41,yellow,credit card,Morningside Heights,Long Island City/Queens Plaza,Manhattan,Queens
2019-03-27 09:48:26,2019-03-27 10:00:38,1,5.07,15.2,3.74,0.07,24.37,yellow,cash,East Harlem North,Queensboro Hill,Manhattan,Queens
2019-03-03 20:47:43,2019-03-03 21:03:40,1,0.77,5.7,0.59,0.0,28.63,yellow,credit card,Midtown East,Hunts Point,Manhattan,Bronx
2019-03-12 03:00:19,2019-03-12 03:13:35,1,5.27,8.31,1.23,0.17,12.9,yellow,cash,Clinton East,East Harlem North,Manhattan,Manhattan
2019-03-23 00:45:24,2019-03-23 00:58:49,1,9.01,11.94,0.05,0.12,17.6,yellow,credit card,Financial District North,Sutton Place/Turtle Bay North,Manhattan,Manhattan
2019-03-11 21:34:52,2019-03-11 21:49:43,1,2.88,20.6,0.01,0.66,27.19,yellow,cash,Bronxdale,Melrose South,Bronx,Bronx
2019-03-05 12:11:48,2019-03-05 12:25:54,2,0.61,13.6,1.22,0.38,14.29,yellow,credit card,Upper West Side North,Melrose South,Manhattan,Bronx
2019-03-30 15:24:55,2019-03-30 15:40:08,1,4.03,14.3,0.18,0.12,28.45,yellow,cash,Lincoln Square West,Crown Heights North,Manhattan,Brooklyn
2019-03-25 19:45:06,2019-03-25 20:00:38,1,0.62,10.3,0.2,0.03,13.23,yellow,credit card,Washington Heights North,Bensonhurst West,Manhattan,Brooklyn
2019-03-25 09:13:16,2019-03-25 09:27:47,1,2.51,4.4,0.16,0.31,11.26,yellow,cash,Fort Greene,Midtown East,Brooklyn,Manhattan
2019-03-01 03:14:26,2019-03-01 03:28:22,1,13.98,5.3,0.94,1.59,24.47,yellow,credit card,Long Island City/Hunters Point,Van Cortlandt Village,Queens,Bronx
2019-03-02 22:25:05,2019-03-02 22:38:48,1,3.95,8.7,3.28,0.08,19.91,yellow,cash,Clinton East,Ozone Park,Manhattan,Queens
2019-03-17 10:30:39,2019-03-17 10:46:15,2,2.15,4.6,2.91,0.24,11.69,yellow,credit card,Penn Station/Madison Sq West,Prospect-Lefferts Gardens,Manhattan,Brooklyn
2019-03-22 19:13:46,2019-03-22 19:28:16,3,3.31,2.92,2.9,0.19,6.82,yellow,cash,Lower East Side,Washington Heights South,Manhattan,Manhattan
2019-02-28 06:06:33,2019-02-28 06:21:03,1,5.12,10.1,1.57,0.03,16.12,yellow,credit card,West Chelsea/Hudson Yards,Seaport,Manhattan,Manhattan
2019-03-07 02:25:38,2019-03-07 02:42:11,2,0.97,5.38,0.86,0.11,16.2,yellow,cash,Union Sq,Inwood Hill Park,Manhattan,Manhattan
2019-03-05 21:34:22,2019-03-05 21:49:52,1,0.96,14.8,1.49,0.02,16.07,yellow,credit card,Midtown East,Starrett City,Manhattan,Brooklyn
2019-03-11 04:21:08,2019-03-11 04:37:51,1,0.43,10.25,1.33,0.02,14.1,yellow,cash,Upper West Side North,Bay Ridge,Manhattan,Brooklyn
2019-03-27 08:42:44,2019-03-27 08:57:14,1,12.56,48.1,0.26,1.21,68.33,yellow,credit card,South Ozone Park,Greenwich Village North,Queens,Manhattan
2019-03-08 18:05:05,2019-03-08 18:17:36,4,5.0,18.1,0.7,0.21,29.36,yellow,cash,Penn Station/Madison Sq West,Central Harlem,Manhattan,Manhattan
2019-03-31 16:16:51,2019-03-31 16:27:37,1,1.8,10.62,0.14,0.18,12.3,yellow,credit card,TriBeCa/Civic Center,Pelham Parkway,Manhattan,Bronx
2019-03-14 01:31:26,2019-03-14 01:45:10,1,3.02,5.9,1.85,0.29,5.98,yellow,cash,Times Sq/Theatre District,East New York,Manhattan,Brooklyn
2019-03-09 14:21:54,2019-03-09 14:38:42,1,1.12,11.3,0.81,0.03,24.9,yellow,credit card,Flatiron,Ocean Hill,Manhattan,Brooklyn
2019-03-29 05:21:58,2019-03-29 05:34:57,1,6.41,10.57,1.79,0.15,15.6,yellow,cash,Clinton East,Oakland Gardens,Manhattan,Queens
2019-03-25 03:42:39,2019-03-25 03:54:16,1,0.66,10.7,0.03,0.0,14.34,yellow,credit card,East Chelsea,Queensboro Hill,Manhattan,Queens
2019-03-04 08:16:21,2019-03-04 08:28:23,2,0.45,3.5,2.73,0.18,75.15,yellow,cash,Old Astoria,East Flatbush/Remsen Village,Queens,Brooklyn
2019-03-03 12:28:23,2019-03-03 12:45:11,1,3.51,17.16,5.8,2.46,33.5,yellow,credit card,JFK Airport,Rosedale,Queens,Queens
2019-03-03 19:34:49,2019-03-03 19:48:26,1,2.98,3.6,2.53,0.12,17.84,yellow,cash,Union Sq,Bushwick North,Manhattan,Brooklyn
2019-03-25 19:06:48,2019-03-25 19:19:42,1,1.81,5.8,1.9,0.24,11.01,yellow,credit card,Lower East Side,Upper East Side South,Manhattan,Manhattan
2019-03-22 16:03:33,2019-03-22 16:15:43,1,1.64,8.5,1.18,0.1,33.01,yellow,cash,Lincoln Square West,Oakland Gardens,Manhattan,Queens
2019-03-01 00:23:59,2019-03-01 00:37:14,6,1.28,11.56,1.04,0.23,13.2,yellow,credit card,East Harlem North,Crotona Park East,Manhattan,Bronx
2019-03-04 17:54:50,2019-03-04 18:10:21,1,1.29,15.37,0.03,0.24,23.6,yellow,cash,Soundview/Bruckner,Sutton Place/Turtle Bay North,Bronx,Manhattan
2019-03-13 15:57:06,2019-03-13 16:14:18,6,0.7,4.29,3.6,0.04,34.26,yellow,credit card,Clinton East,Douglaston,Manhattan,Queens
2019-03-27 16:32:18,2019-03-27 16:46:56,2,4.89,12.04,2.91,0.02,39.6,yellow,cash,Williamsburg (North Side),College Point,Brooklyn,Queens
2019-03-24 18:39:27,2019-03-24 18:52:23,1,0.24,6.61,15.0,1.52,16.5,yellow,credit card,Sunnyside,South Williamsburg,Queens,Brooklyn
2019-03-09 14:23:02,2019-03-09 14:35:29,1,4.69,31.5,8.54,0.53,37.25,yellow,cash,LaGuardia Airport,Midtown North,Queens,Manhattan
2019-03-17 15:19:39,2019-03-17 15:34:43,1,9.51,17.31,4.41,0.47,26.6,yellow,credit card,LaGuardia Airport,Marble Hill,Queens,Manhattan
2019-03-13 04:25:30,2019-03-13 04:38:00,1,0.03,10.2,0.98,0.96,13.6,yellow,cash,Union Sq,Roosevelt Island,Manhattan,Manhattan
2019-03-13 04:24:34,2019-03-13 04:37:43,1,3.62,10.9,0.01,0.02,12.38,yellow,credit card,Battery Park City,Middle Village,Manhattan,Queens
2019-03-02 00:00:34,2019-03-02 00:16:54,1,5.37,9.3,8.7,0.17,26.51,yellow,cash,Upper East Side North,East Tremont,Manhattan,Bronx
2019-03-27 19:30:53,2019-03-27 19:46:04,1,1.08,12.8,2.75,0.05,34.03,yellow,credit card,TriBeCa/Civic Center,Marble Hill,Manhattan,Manhattan
2019-03-05 09:15:57,2019-03-05 09:29:37,1,1.25,4.9,2.62,0.1,4.99,yellow,cash,Kips Bay,Gramercy,Manhattan,Manhattan
2019-03-04 19:00:55,2019-03-04 19:13:17,1,0.27,6.0,1.09,0.03,11.37,yellow,credit card,Upper West Side South,Two Bridges/Seward Park,Manhattan,Manhattan
2019-03-08 01:16:46,2019-03-08 01:31:39,1,1.33,14.14,0.04,0.21,14.9,yellow,cash,Meatpacking/West Village West,Upper East Side North,Manhattan,Manhattan
2019-03-01 16:35:58,2019-03-01 16:50:04,1,2.0,7.5,1.89,0.06,24.01,yellow,credit card,Yorkville West,Long Island City/Queens Plaza,Manhattan,Queens
2019-03-23 03:17:05,2019-03-23 03:30:35,1,2.15,13.3,0.12,0.05,25.28,yellow,cash,Penn Station/Madison Sq West,Howard Beach,Manhattan,Queens
2019-03-19 02:08:13,2019-03-19 02:22:32,1,2.18,16.86,0.68,0.78,26.4,yellow,credit card,Midtown Center,Manhattan Valley,Manhattan,Manhattan
2019-03-27 11:37:25,2019-03-27 11:52:36,1,0.91,5.8,1.68,0.16,9.38,yellow,cash,East Harlem North,Norwood,Manhattan,Bronx
2019-03-29 07:42:00,2019-03-29 07:56:07,1,3.28,21.6,0.56,0.35,22.61,yellow,credit card,TriBeCa/Civic Center,Hudson Sq,Manhattan,Manhattan
2019-03-18 08:43:26,2019-03-18 08:57:18,1,7.86,10.59,0.71,0.08,81.0,yellow,cash,Brownsville,Bedford Park,Brooklyn,Bronx
2019-03-15 12:03:30,2019-03-15 12:16:45,2,6.87,4.9,2.51,0.16,14.09,yellow,credit card,Murray Hill,Rego Park,Manhattan,Queens
2019-03-28 08:48:25,2019-03-28 09:02:51,2,0.64,27.4,0.18,0.12,30.96,yellow,cash,Battery Park City,Midwood,Manhattan,Brooklyn
2019-03-03 20:23:42,2019-03-03 20:39:30,2,0.58,15.9,3.91,0.32,16.01,yellow,credit card,Garment District,Midtown North,Manhattan,Manhattan
2019-03-06 13:50:18,2019-03-06 14:05:40,1,10.2,7.0,0.55,1.24,20.93,yellow,cash,Woodside,Midtown South,Queens,Manhattan
2019-03-17 22:35:44,2019-03-17 22:51:00,5,3.54,8.0,2.59,0.28,11.48,yellow,credit card,World Trade Center,Soundview/Bruckner,Manhattan,Bronx
2019-03-28 09:11:49,2019-03-28 09:24:22,1,5.15,18.4,0.55,0.71,21.35,yellow,cash,Greenwich Village South,Flushing,Manhattan,Queens
2019-03-19 00:20:22,2019-03-19 00:33:41,1,0.02,6.91,6.1,0.06,12.49,yellow,credit card,UN/Turtle Bay South,Prospect Heights,Manhattan,Brooklyn
2019-03-04 07:25:28,2019-03-04 07:36:47,3,7.0,7.5,0.94,0.06,12.87,yellow,cash,Hudson Sq,Roosevelt Island,Manhattan,Manhattan
2019-03-11 22:23:51,2019-03-11 22:37:51,1,0.24,16.3,2.44,0.17,55.79,yellow,credit card,Kew Gardens Hills,Upper East Side North,Queens,Manhattan
2019-03-02 00:23:21,2019-03-02 00:37:10,1,0.7,9.0,4.4,0.01,13.46,yellow,cash,Union Sq,West Chelsea/Hudson Yards,Manhattan,Manhattan
2019-03-26 01:32:06,2019-03-26 01:45:36,2,9.1,11.21,2.63,1.76,39.9,yellow,credit card,LaGuardia Airport,Elmhurst/Maspeth,Queens,Queens
2019-03-09 14:07:22,2019-03-09 14:19:22,1,4.06,3.35,0.69,0.12,17.4,yellow,cash,Fort Greene,Bedford,Brooklyn,Brooklyn
2019-03-28 14:45:36,2019-03-28 14:57:27,1,1.93,6.32,3.68,0.45,18.3,yellow,credit card,LaGuardia Airport,Williamsburg (South Side),Queens,Brooklyn
2019-03-08 17:17:22,2019-03-08 17:31:58,1,4.9,19.0,0.34,0.17,50.0,yellow,cash,Murray Hill,Norwood,Manhattan,Bronx
2019-03-08 07:15:15,2019-03-08 07:29:20,1,1.81,4.1,0.82,0.39,21.01,yellow,credit card,Kips Bay,Flatbush/Ditmas Park,Manhattan,Brooklyn
2019-02-28 18:26:04,2019-02-28 18:39:27,1,5.61,7.3,4.23,0.16,10.77,yellow,cash,Yorkville West,Claremont/Bathgate,Manhattan,Bronx
2019-03-02 16:13:28,2019-03-02 16:26:16,1,1.74,30.2,0.13,6.11,37.83,yellow,credit card,Steinway,Manhattan Beach,Queens,Brooklyn
2019-03-23 17:03:37,2019-03-23 17:17:50,1,0.14,2.7,0.02,0.15,5.7,yellow,cash,Midtown East,Brighton Beach,Manhattan,Brooklyn
2019-03-23 21:32:46,2019-03-23 21:47:51,1,2.44,3.07,2.7,0.1,9.02,yellow,credit card,Upper West Side North,Central Harlem,Manhattan,Manhattan
2019-03-14 02:08:48,2019-03-14 02:21:58,1,0.83,23.8,2.89,2.18,37.94,yellow,cash,Sunnyside,Van Nest/Morris Park,Queens,Bronx
2019-03-05 14:18:41,2019-03-05 14:33:29,1,0.59,13.9,0.5,0.08,20.27,yellow,credit card,Lenox Hill East,Midtown North,Manhattan,Manhattan
2019-03-08 00:31:35,2019-03-08 00:46:25,1,0.75,5.29,1.38,0.41,15.0,yellow,cash,Park Slope,Williamsbridge/Olinville,Brooklyn,Bronx
2019-03-12 02:02:17,2019-03-12 02:17:27,2,0.24,4.9,0.34,0.13,8.8,yellow,credit card,Clinton East,West Brighton,Manhattan,Staten Island
2019-03-31 07:37:12,2019-03-31 07:52:47,1,1.39,7.3,5.3,0.08,23.8,yellow,cash,Lenox Hill West,Gramercy,Manhattan,Manhattan
2019-03-10 17:36:09,2019-03-10 17:51:35,1,3.07,4.6,2.62,0.54,24.03,yellow,credit card,Upper East Side North,College Point,Manhattan,Queens
2019-03-25 10:39:37,2019-03-25 10:54:32,1,0.86,9.24,0.13,0.87,39.4,yellow,cash,Williamsburg (South Side),Riverdale/North Riverdale/Fieldston,Brooklyn,Bronx
2019-03-01 07:11:03,2019-03-01 07:25:46,1,0.01,7.4,1.49,0.08,18.29,yellow,credit card,Financial District North,Long Island City/Queens Plaza,Manhattan,Queens
2019-03-25 11:14:05,2019-03-25 11:28:41,1,0.01,3.83,0.82,0.31,7.2,yellow,cash,Midtown East,Westchester Village/Unionport,Manhattan,Bronx
2019-03-15 18:14:46,2019-03-15 18:29:38,1,1.06,13.7,8.08,0.24,15.77,yellow,credit card,West Chelsea/Hudson Yards,Sheepshead Bay,Manhattan,Brooklyn
2019-03-22 11:48:27,2019-03-22 12:00:53,1,1.39,6.7,0.47,0.39,14.38,yellow,cash,Alphabet City,Financial District South,Manhattan,Manhattan
2019-03-31 02:23:10,2019-03-31 02:38:28,1,4.42,7.0,0.38,0.19,8.88,yellow,credit card,Garment District,Williamsbridge/Olinville,Manhattan,Bronx
2019-02-28 17:52:16,2019-02-28 18:05:31,1,1.18,5.7,0.66,0.06,24.31,yellow,cash,Murray Hill,Red Hook,Manhattan,Brooklyn
2019-03-17 12:50:17,2019-03-17 13:02:40,1,3.54,20.6,0.72,0.75,29.3,yellow,credit card,East Chelsea,Bedford Park,Manhattan,Bronx
2019-03-28 13:25:14,2019-03-28 13:39:22,6,1.06,10.4,0.46,0.11,18.23,yellow,cash,Union Sq,Upper East Side North,Manhattan,Manhattan
2019-03-03 18:49:30,2019-03-03 19:04:28,1,2.3,15.16,0.84,0.28,15.9,yellow,credit card,Battery Park City,University Heights/Morris Heights,Manhattan,Bronx
2019-03-03 23:59:11,2019-03-04 00:15:46,1,1.74,9.23,0.5,0.04,13.4,yellow,cash,Midtown East,Inwood Hill Park,Manhattan,Manhattan
2019-03-12 18:28:35,2019-03-12 18:45:20,1,1.41,12.5,3.72,0.03,29.77,yellow,credit card,Times Sq/Theatre District,Melrose South,Manhattan,Bronx
2019-03-09 00:21:38,2019-03-09 00:34:45,1,0.84,10.7,0.22,0.03,14.4,yellow,cash,Upper East Side South,Battery Park,Manhattan,Manhattan
2019-03-02 07:59:09,2019-03-02 08:13:46,1,0.74,11.91,0.18,0.03,14.2,yellow,credit card,Yorkville West,East Williamsburg,Manhattan,Brooklyn
2019-03-13 05:39:22,2019-03-13 05:53:16,1,0.38,13.4,0.42,0.06,14.14,yellow,cash,Boerum Hill,JFK Airport,Brooklyn,Queens
2019-03-16 10:46:33,2019-03-16 11:00:09,1,29.6,4.93,7.7,4.5,12.8,yellow,credit card,Woodside,Clinton Hill,Queens,Brooklyn
2019-03-16 20:12:38,2019-03-16 20:26:32,1,2.06,10.35,0.13,0.48,15.9,yellow,cash,UN/Turtle Bay South,Middle Village,Manhattan,Queens
2019-03-22 06:00:11,2019-03-22 06:14:45,1,4.39,10.6,0.26,0.04,12.41,yellow,credit card,Sutton Place/Turtle Bay North,Flatlands,Manhattan,Brooklyn
2019-03-01 21:57:40,2019-03-01 22:12:04,1,0.47,10.3,0.75,0.07,13.29,yellow,cash,Yorkville West,Allerton/Pelham Gardens,Manhattan,Bronx
2019-03-22 13:55:27,2019-03-22 14:08:53,2,0.52,12.4,0.09,0.01,13.45,yellow,credit card,Kips Bay,Ridgewood,Manhattan,Queens
2019-03-04 09:25:26,2019-03-04 09:39:14,5,1.97,10.5,0.39,0.25,22.15,yellow,cash,Lincoln Square East,Starrett City,Manhattan,Brooklyn
2019-03-11 09:38:32,2019-03-11 09:54:10,1,1.38,14.9,3.7,0.11,15.8,yellow,credit card,Clinton East,Corona,Manhattan,Queens
2019-03-10 01:02:59,2019-03-10 01:17:47,4,1.45,9.02,0.42,0.13,28.5,yellow,cash,East Chelsea,Bronxdale,Manhattan,Bronx
2019-03-30 06:36:05,2019-03-30 06:46:45,3,0.33,18.33,1.52,0.38,22.9,yellow,credit card,Midtown East,Park Slope,Manhattan,Brooklyn
2019-03-28 21:33:32,2019-03-28 21:50:02,1,0.34,13.5,0.94,0.24,14.84,yellow,cash,Midtown Center,South Jamaica,Manhattan,Queens
2019-03-03 02:49:49,2019-03-03 03:07:19,1,1.69,7.2,3.49,0.43,12.84,yellow,credit card,Yorkville West,Fort Greene,Manhattan,Brooklyn
2019-03-27 04:30:49,2019-03-27 04:43:15,5,22.55,19.7,2.32,0.3,21.4,yellow,cash,Williamsburg (South Side),Crotona Park East,Brooklyn,Bronx
2019-03-31 18:57:22,2019-03-31 19:12:47,1,0.41,13.55,0.66,0.43,22.6,yellow,credit card,Downtown Brooklyn/MetroTech,Alphabet City,Brooklyn,Manhattan
2019-03-07 20:36:30,2019-03-07 20:49:45,1,3.17,8.1,3.47,0.04,16.21,yellow,cash,Lenox Hill East,Flatlands,Manhattan,Brooklyn
2019-03-31 00:31:04,2019-03-31 00:44:51,1,1.29,6.7,4.51,0.0,21.95,yellow,credit card,Upper West Side South,Forest Hills,Manhattan,Queens
2019-03-19 21:11:01,2019-03-19 21:25:49,2,1.38,16.1,2.67,0.01,19.02,yellow,cash,Flatiron,Lenox Hill East,Manhattan,Manhattan
2019-03-28 07:44:39,2019-03-28 07:58:06,1,0.62,11.8,0.15,0.04,13.16,yellow,credit card,Upper East Side South,Richmond Hill,Manhattan,Queens
2019-03-28 19:31:54,2019-03-28 19:46:59,1,2.91,1.3,4.21,0.07,34.7,yellow,cash,LaGuardia Airport,Borough Park,Queens,Brooklyn
2019-03-30 01:38:22,2019-03-30 01:52:19,6,6.73,4.0,1.8,0.09,34.61,yellow,credit card,Fort Greene,Gravesend,Brooklyn,Brooklyn
2019-03-30 16:27:27,2019-03-30 16:43:45,1,9.18,17.44,1.12,0.06,28.7,yellow,cash,Clinton East,West Chelsea/Hudson Yards,Manhattan,Manhattan
2019-03-14 05:04:04,2019-03-14 05:16:54,1,2.04,5.8,1.25,0.07,14.49,yellow,credit card,East Harlem South,Bay Ridge,Manhattan,Brooklyn
2019-03-04 02:09:14,2019-03-04 02:24:28,1,0.06,8.01,0.64,0.2,11.9,yellow,cash,Penn Station/Madison Sq West,Battery Park,Manhattan,Manhattan
2019-03-25 04:24:47,2019-03-25 04:39:32,1,5.3,7.1,5.17,0.14,12.61,yellow,credit card,Little Italy/NoLiTa,Ozone Park,Manhattan,Queens
2019-03-03 20:45:27,2019-03-03 20:58:26,2,2.1,15.41,1.11,0.01,15.9,yellow,cash,East Flatbush/Remsen Village,Chinatown,Brooklyn,Manhattan
2019-03-23 02:26:06,2019-03-23 02:40:33,1,2.68,4.6,0.59,0.25,5.52,yellow,credit card,Times Sq/Theatre District,Maspeth,Manhattan,Queens
2019-03-13 13:37:50,2019-03-13 13:55:00,2,4.08,16.2,0.71,0.26,25.06,yellow,cash,Yorkville East,Claremont/Bathgate,Manhattan,Bronx
2019-03-25 05:35:17,2019-03-25 05:49:38,1,2.01,10.89,0.08,0.06,14.5,yellow,credit card,East Chelsea,Mott Haven/Port Morris,Manhattan,Bronx
2019-03-30 10:41:43,2019-03-30 10:57:08,1,15.09,16.7,7.87,2.3,48.0,yellow,cash,LaGuardia Airport,Crotona Park East,Queens,Bronx
2019-03-06 17:01:21,2019-03-06 17:17:24,2,6.36,4.7,1.84,0.15,7.55,yellow,credit card,DUMBO/Vinegar Hill,Lower East Side,Brooklyn,Manhattan
2019-03-17 04:18:22,2019-03-17 04:32:13,5,3.47,9.7,0.23,0.23,20.66,yellow,cash,Stuyvesant Heights,Starrett City,Brooklyn,Brooklyn
2019-03-18 22:00:45,2019-03-18 22:16:17,2,0.66,15.85,0.15,0.43,22.9,yellow,credit card,Cobble Hill,Chinatown,Brooklyn,Manhattan
2019-03-04 01:18:36,2019-03-04 01:33:04,1,3.89,7.3,0.72,0.05,30.25,yellow,cash,Sutton Place/Turtle Bay North,Lenox Hill East,Manhattan,Manhattan
2019-03-10 12:20:43,2019-03-10 12:35:28,1,2.36,10.62,1.49,0.39,17.7,yellow,credit card,Upper East Side South,Morrisania/Melrose,Manhattan,Bronx
2019-03-25 23:55:53,2019-03-26 00:09:32,1,4.07,6.0,0.09,0.07,13.05,yellow,cash,Lincoln Square East,Williamsbridge/Olinville,Manhattan,Bronx
2019-03-11 18:21:28,2019-03-11 18:36:57,1,2.21,15.1,0.93,0.11,29.06,yellow,credit card,Upper East Side South,Spuyten Duyvil/Kingsbridge,Manhattan,Bronx
2019-03-14 20:39:59,2019-03-14 20:52:58,1,11.35,18.76,0.62,0.38,19.5,yellow,cash,Brighton Beach,Central Harlem North,Brooklyn,Manhattan
2019-03-08 21:25:42,2019-03-08 21:40:53,1,1.48,6.38,3.63,0.11,6.8,yellow,credit card,Sutton Place/Turtle Bay North,Crotona Park East,Manhattan,Bronx
2019-03-29 01:05:49,2019-03-29 01:18:50,2,0.74,11.1,0.05,0.25,21.09,yellow,cash,Upper East Side North,Canarsie,Manhattan,Brooklyn
2019-03-06 05:27:35,2019-03-06 05:40:51,1,6.62,9.6,0.4,0.01,15.0,yellow,credit card,Flatiron,Marble Hill,Manhattan,Manhattan
2019-03-07 22:34:27,2019-03-07 22:48:06,1,5.57,8.7,0.37,0.27,22.83,yellow,cash,Lenox Hill East,Little Italy/NoLiTa,Manhattan,Manhattan
2019-03-29 07:33:36,2019-03-29 07:48:18,2,0.73,7.4,2.44,0.05,13.07,yellow,credit card,Upper West Side South,Astoria,Manhattan,Queens
2019-03-16 16:41:54,2019-03-16 16:57:07,6,6.23,10.0,1.54,0.09,14.07,yellow,cash,Garment District,Prospect Park,Manhattan,Brooklyn
2019-03-20 02:20:31,2019-03-20 02:36:06,2,2.92,10.12,0.34,0.3,11.5,yellow,credit card,Penn Station/Madison Sq West,Prospect-Lefferts Gardens,Manhattan,Brooklyn
2019-03-19 17:20:30,2019-03-19 17:35:04,1,0.45,5.9,0.01,0.45,26.69,yellow,cash,Penn Station/Madison Sq West,Upper East Side South,Manhattan,Manhattan
2019-02-28 15:20:37,2019-02-28 15:35:55,1,1.75,8.5,0.22,0.23,24.91,yellow,credit card,Battery Park City,Bushwick North,Manhattan,Brooklyn
2019-03-15 02:50:29,2019-03-15 03:06:53,2,0.44,5.57,3.9,0.06,11.09,yellow,cash,East Chelsea,Eastchester,Manhattan,Bronx
2019-03-22 00:18:32,2019-03-22 00:35:05,1,2.2,12.36,1.26,1.91,18.2,yellow,credit card,Flushing,East Tremont,Queens,Bronx
2019-03-10 01:33:48,2019-03-10 01:48:04,1,11.59,31.5,0.33,4.53,43.92,yellow,cash,Jackson Heights,Murray Hill-Queens,Queens,Queens
2019-02-28 06:25:42,2019-02-28 06:40:12,6,1.55,7.81,7.3,0.04,8.58,yellow,credit card,East Village,East Village,Manhattan,Manhattan
2019-03-25 06:41:49,2019-03-25 06:57:14,1,0.36,18.5,3.24,0.21,19.6,yellow,cash,Upper West Side North,Whitestone,Manhattan,Queens
2019-03-24 17:50:02,2019-03-24 18:03:02,1,9.9,2.07,1.3,0.69,12.91,yellow,credit card,Middle Village,University Heights/Morris Heights,Queens,Bronx
2019-03-26 19:12:41,2019-03-26 19:27:36,1,0.42,7.66,6.8,0.13,8.04,yellow,cash,East Village,Greenwich Village South,Manhattan,Manhattan
2019-03-09 13:22:42,2019-03-09 13:35:29,2,0.91,6.4,0.29,0.15,13.53,yellow,credit card,Gramercy,Hillcrest/Pomonok,Manhattan,Queens
2019-03-31 05:43:40,2019-03-31 05:58:56,1,0.16,14.01,3.0,0.06,24.1,yellow,cash,Yorkville West,Bedford Park,Manhattan,Bronx
2019-03-17 11:32:00,2019-03-17 11:45:43,1,5.1,10.7,0.75,0.08,11.9,yellow,credit card,Penn Station/Madison Sq West,Melrose South,Manhattan,Bronx
2019-03-30 22:35:40,2019-03-30 22:48:40,1,6.46,22.0,0.86,0.36,36.1,yellow,cash,UN/Turtle Bay South,Melrose South,Manhattan,Bronx
2019-03-15 20:41:14,2019-03-15 20:54:48,1,1.34,6.2,1.32,0.01,12.63,yellow,credit card,Midtown South,Mott Haven/Port Morris,Manhattan,Bronx
2019-03-01 08:20:30,2019-03-01 08:35:40,1,5.5,8.7,0.44,0.05,12.16,yellow,cash,Union Sq,Middle Village,Manhattan,Queens
2019-03-09 23:14:56,2019-03-09 23:32:27,1,2.5,6.6,4.01,0.12,13.08,yellow,credit card,East Harlem North,Long Island City/Queens Plaza,Manhattan,Queens
2019-03-28 06:45:39,2019-03-28 07:00:55,1,3.41,10.6,2.32,0.24,17.37,yellow,cash,Kips Bay,Soundview/Bruckner,Manhattan,Bronx
2019-03-31 04:39:15,2019-03-31 04:53:30,1,5.29,8.1,0.52,0.16,9.9,yellow,credit card,Lenox Hill East,West Village,Manhattan,Manhattan
2019-03-23 03:21:02,2019-03-23 03:35:55,1,1.55,10.4,0.33,0.13,30.06,yellow,cash,Lincoln Square East,Steinway,Manhattan,Queens
2019-03-19 14:50:37,2019-03-19 15:05:56,3,0.34,12.97,1.03,0.01,19.4,yellow,credit card,Upper West Side South,Flatbush/Ditmas Park,Manhattan,Brooklyn
2019-03-16 05:48:18,2019-03-16 06:04:51,1,2.25,7.9,0.17,0.01,9.58,yellow,cash,Midtown Center,Bushwick North,Manhattan,Brooklyn
2019-03-13 23:21:23,2019-03-13 23:35:03,1,0.54,24.93,2.22,1.35,56.2,yellow,credit card,Elmhurst,Prospect Park,Queens,Brooklyn
2019-03-21 03:16:12,2019-03-21 03:31:12,2,6.44,12.8,2.18,0.21,15.06,yellow,cash,East Harlem North,Soundview/Bruckner,Manhattan,Bronx
2019-03-05 04:12:06,2019-03-05 04:27:39,1,0.06,30.07,2.22,0.45,57.2,yellow,credit card,Clinton East,Stapleton,Manhattan,Staten Island
2019-03-30 15:10:08,2019-03-30 15:24:12,1,0.16,8.0,0.46,0.28,16.7,yellow,cash,Times Sq/Theatre District,East Flatbush/Farragut,Manhattan,Brooklyn
2019-03-21 20:43:22,2019-03-21 20:57:28,1,17.39,5.0,1.53,0.73,13.22,yellow,credit card,LaGuardia Airport,Eastchester,Queens,Bronx
2019-03-06 06:33:35,2019-03-06 06:47:38,3,9.93,19.9,1.45,0.33,22.9,yellow,cash,Greenwich Village South,Murray Hill,Manhattan,Manhattan
2019-03-04 10:59:21,2019-03-04 11:12:43,1,6.74,10.36,0.69,0.1,16.3,yellow,credit card,Midtown Center,South Ozone Park,Manhattan,Queens
2019-03-26 15:15:50,2019-03-26 15:30:31,6,2.5,6.9,2.09,0.06,15.47,yellow,cash,Upper West Side South,Stuyvesant Heights,Manhattan,Brooklyn
2019-03-01 03:47:23,2019-03-01 04:02:54,1,4.14,6.8,0.24,0.03,13.31,yellow,credit card,Midtown East,South Jamaica,Manhattan,Queens
2019-03-23 20:25:16,2019-03-23 20:42:12,1,4.37,7.2,2.53,0.01,10.02,yellow,cash,Midtown North,Financial District South,Manhattan,Manhattan
2019-03-01 08:45:29,2019-03-01 09:01:19,1,0.81,6.84,0.84,0.74,29.7,yellow,credit card,World Trade Center,Central Harlem,Manhattan,Manhattan
2019-03-29 15:51:08,2019-03-29 16:07:35,2,0.16,2.2,1.16,0.2,10.66,yellow,cash,East Harlem North,Clinton East,Manhattan,Manhattan
2019-03-03 08:14:51,2019-03-03 08:29:59,1,0.8,6.2,0.02,0.07,17.74,yellow,credit card,Upper East Side South,Springfield Gardens South,Manhattan,Queens
2019-03-14 13:14:16,2019-03-14 13:27:13,1,1.39,4.6,2.4,0.09,18.24,yellow,cash,Lincoln Square West,Ocean Hill,Manhattan,Brooklyn
2019-03-20 19:40:36,2019-03-20 19:53:53,3,22.17,13.0,6.6,1.52,16.29,yellow,credit card,Maspeth,Bedford Park,Queens,Bronx
2019-03-07 12:36:37,2019-03-07 12:51:50,2,0.56,4.3,0.31,0.05,27.86,yellow,cash,Clinton East,Upper East Side South,Manhattan,Manhattan
2019-03-25 06:30:02,2019-03-25 06:46:56,6,0.03,7.41,2.81,0.04,12.6,yellow,credit card,Bloomingdale,West Village,Manhattan,Manhattan
2019-03-18 19:51:23,2019-03-18 20:05:41,1,0.99,17.3,2.35,0.21,34.66,yellow,cash,Greenwich Village North,Midwood,Manhattan,Brooklyn
2019-03-05 09:14:37,2019-03-05 09:26:58,2,2.9,5.5,0.14,0.08,17.82,yellow,credit card,Times Sq/Theatre District,Columbia Street,Manhattan,Brooklyn
2019-02-28 23:56:26,2019-03-01 00:09:37,4,1.98,9.57,2.62,0.04,18.2,yellow,cash,Murray Hill,Central Harlem North,Manhattan,Manhattan
2019-03-15 19:22:07,2019-03-15 19:34:16,1,13.48,8.7,0.96,0.1,14.81,yellow,credit card,Kips Bay,Upper East Side North,Manhattan,Manhattan
2019-03-09 06:58:28,2019-03-09 07:10:36,3,5.2,5.52,3.55,0.02,24.6,yellow,cash,Meatpacking/West Village West,Baisley Park,Manhattan,Queens
2019-03-13 21:52:03,2019-03-13 22:04:44,1,2.07,5.5,1.38,0.02,8.97,yellow,credit card,Upper West Side South,Manhattan Valley,Manhattan,Manhattan
2019-03-06 02:50:28,2019-03-06 03:04:01,1,0.91,8.0,1.28,0.01,23.64,yellow,cash,Union Sq,Murray Hill,Manhattan,Manhattan
2019-03-08 17:52:08,2019-03-08 18:05:05,1,0.08,9.1,0.16,0.41,11.54,yellow,credit card,Upper West Side South,Hamilton Heights,Manhattan,Manhattan
2019-03-28 16:20:49,2019-03-28 16:34:58,2,12.29,9.36,4.29,2.14,28.9,yellow,cash,Jackson Heights,Inwood,Queens,Manhattan
2019-03-10 05:34:00,2019-03-10 05:49:06,1,12.85,13.2,0.03,0.21,18.36,yellow,credit card,East Tremont,Douglaston,Bronx,Queens
2019-03-22 19:29:43,2019-03-22 19:41:58,2,0.21,7.6,1.51,0.23,7.86,yellow,cash,Lenox Hill East,LaGuardia Airport,Manhattan,Queens
2019-03-07 05:47:11,2019-03-07 06:01:30,1,2.14,14.2,2.06,0.41,16.63,yellow,credit card,Upper East Side South,East Village,Manhattan,Manhattan
2019-03-22 00:58:48,2019-03-22 01:11:33,1,0.68,7.92,2.62,0.17,8.0,yellow,cash,Meatpacking/West Village West,Midwood,Manhattan,Brooklyn
2019-03-13 00:46:05,2019-03-13 00:58:34,1,6.12,11.72,1.26,0.09,16.2,yellow,credit card,Upper West Side North,Inwood,Manhattan,Manhattan
2019-03-13 06:30:00,2019-03-13 06:41:49,2,1.18,12.5,0.86,0.06,13.17,yellow,cash,UN/Turtle Bay South,Melrose South,Manhattan,Bronx
2019-03-30 07:37:57,2019-03-30 07:52:27,1,11.9,1.9,1.37,0.07,32.42,yellow,credit card,UN/Turtle Bay South,Crotona Park East,Manhattan,Bronx
2019-03-03 09:44:34,2019-03-03 09:58:25,2,0.89,9.31,4.64,0.23,13.1,yellow,cash,Penn Station/Madison Sq West,Bloomingdale,Manhattan,Manhattan
2019-03-24 04:07:30,2019-03-24 04:21:50,1,9.11,10.54,0.41,0.17,14.0,yellow,credit card,DUMBO/Vinegar Hill,Murray Hill,Brooklyn,Manhattan
2019-03-25 22:53:10,2019-03-25 23:07:46,1,2.61,15.3,1.07,0.24,18.57,yellow,cash,Penn Station/Madison Sq West,Garment District,Manhattan,Manhattan
2019-03-23 19:27:39,2019-03-23 19:42:27,1,0.89,13.67,0.01,0.32,14.7,yellow,credit card,East Village,Stuyvesant Heights,Manhattan,Brooklyn
2019-03-22 05:56:44,2019-03-22 06:12:31,3,1.89,9.0,2.06,0.02,12.12,yellow,cash,Penn Station/Madison Sq West,Queens Village,Manhattan,Queens
2019-03-11 18:12:10,2019-03-11 18:25:29,1,1.82,6.2,1.44,0.08,20.37,yellow,credit card,Central Park,Bedford Park,Manhattan,Bronx
2019-03-06 14:58:03,2019-03-06 15:11:52,2,0.48,4.9,3.78,0.1,13.27,yellow,cash,Lincoln Square East,East Tremont,Manhattan,Bronx
2019-03-23 13:16:31,2019-03-23 13:31:44,1,3.46,6.5,0.15,0.21,14.65,yellow,credit card,East Chelsea,Greenwich Village North,Manhattan,Manhattan
2019-03-07 04:10:35,2019-03-07 04:25:14,1,2.53,8.7,0.61,0.01,24.28,yellow,cash,Yorkville East,Claremont/Bathgate,Manhattan,Bronx
2019-03-06 23:45:09,2019-03-06 23:58:14,1,4.42,10.4,0.47,0.15,24.47,yellow,credit card,Midtown South,Battery Park City,Manhattan,Manhattan
2019-03-13 22:08:10,2019-03-13 22:20:46,1,13.69,9.3,0.95,0.3,19.23,yellow,cash,Lincoln Square West,Clinton West,Manhattan,Manhattan
2019-03-08 23:32:09,2019-03-08 23:46:06,2,0.6,4.8,0.35,0.02,11.33,yellow,credit card,Union Sq,University Heights/Morris Heights,Manhattan,Bronx
2019-03-30 03:37:58,2019-03-30 03:51:03,1,2.92,8.0,0.58,0.05,18.04,yellow,cash,Upper West Side North,Briarwood/Jamaica Hills,Manhattan,Queens
2019-03-20 03:04:12,2019-03-20 03:17:45,1,6.04,4.3,1.08,0.09,21.53,yellow,credit card,Upper West Side North,Bath Beach,Manhattan,Brooklyn
2019-03-21 01:22:20,2019-03-21 01:37:39,1,3.25,10.0,3.4,0.07,15.81,yellow,cash,Times Sq/Theatre District,Prospect-Lefferts Gardens,Manhattan,Brooklyn
2019-03-30 20:18:46,2019-03-30 20:31:45,2,3.75,12.3,0.38,0.04,22.24,yellow,credit card,SoHo,Flatbush/Ditmas Park,Manhattan,Brooklyn
2019-03-15 01:15:52,2019-03-15 01:31:25,1,2.93,5.5,1.34,0.14,8.68,yellow,cash,Fort Greene,Kingsbridge Heights,Brooklyn,Bronx
2019-03-23 18:00:39,2019-03-23 18:14:55,3,0.15,11.09,0.07,0.14,13.9,yellow,credit card,Midtown East,Seaport,Manhattan,Manhattan
2019-03-26 10:53:16,2019-03-26 11:09:57,1,5.27,8.39,1.58,0.14,15.1,yellow,cash,Crown Heights South,Rosedale,Brooklyn,Queens
2019-03-22 22:09:19,2019-03-22 22:23:01,1,0.09,8.7,1.37,0.04,10.62,yellow,credit card,Lincoln Square East,East Flatbush/Remsen Village,Manhattan,Brooklyn
2019-03-06 15:17:37,2019-03-06 15:34:29,2,0.95,4.2,1.01,0.02,7.6,yellow,cash,Clinton East,Manhattan Valley,Manhattan,Manhattan
2019-03-18 19:28:10,2019-03-18 19:42:38,1,2.42,7.42,4.4,0.15,15.1,yellow,credit card,Gramercy,Belmont,Manhattan,Bronx
2019-03-09 05:44:21,2019-03-09 05:56:57,3,0.5,9.3,0.46,0.14,20.02,yellow,cash,Morningside Heights,Riverdale/North Riverdale/Fieldston,Manhattan,Bronx
2019-03-07 03:25:44,2019-03-07 03:40:39,1,1.55,11.0,1.01,0.94,15.72,yellow,credit card,Upper West Side North,Midtown North,Manhattan,Manhattan
2019-02-28 22:12:39,2019-02-28 22:25:45,1,0.72,11.8,0.21,0.07,23.87,yellow,cash,East Village,North Corona,Manhattan,Queens
2019-03-15 20:51:54,2019-03-15 21:08:45,5,2.17,8.5,3.61,0.16,10.44,yellow,credit card,Upper East Side North,Bath Beach,Manhattan,Brooklyn
2019-03-07 19:53:03,2019-03-07 20:08:12,1,4.87,9.8,3.58,0.17,16.04,yellow,cash,West Village,Inwood,Manhattan,Manhattan
2019-03-08 23:50:29,2019-03-09 00:02:58,6,0.26,8.26,0.77,0.32,10.0,yellow,credit card,Hudson Sq,LaGuardia Airport,Manhattan,Queens
2019-03-16 09:58:19,2019-03-16 10:11:59,1,11.04,3.7,0.2,0.32,11.35,yellow,cash,Jamaica,Financial District North,Queens,Manhattan
2019-03-05 13:57:56,2019-03-05 14:12:49,4,11.85,5.0,0.09,0.13,5.17,yellow,credit card,Upper East Side North,Lower East Side,Manhattan,Manhattan
2019-03-01 16:04:14,2019-03-01 16:18:58,2,0.59,9.4,4.8,0.17,10.19,yellow,cash,Greenwich Village North,Parkchester,Manhattan,Bronx
2019-03-27 05:58:57,2019-03-27 06:14:49,2,0.62,9.7,8.6,0.56,14.75,yellow,credit card,Little Italy/NoLiTa,World Trade Center,Manhattan,Manhattan
2019-03-01 11:08:30,2019-03-01 11:21:53,1,3.98,7.1,0.45,0.07,17.22,yellow,cash,Lincoln Square West,Bushwick North,Manhattan,Brooklyn
2019-03-18 07:24:12,2019-03-18 07:38:55,1,0.96,6.58,4.26,0.06,19.6,yellow,credit card,Penn Station/Madison Sq West,Financial District South,Manhattan,Manhattan
2019-03-24 04:17:49,2019-03-24 04:33:05,1,6.9,10.77,0.86,0.86,15.5,yellow,cash,JFK Airport,South Williamsburg,Queens,Brooklyn
2019-03-07 20:33:53,2019-03-07 20:49:37,1,0.58,5.58,7.0,0.15,10.6,yellow,credit card,Murray Hill,Woodhaven,Manhattan,Queens
2019-03-20 14:24:26,2019-03-20 14:38:17,6,0.94,19.99,0.71,0.01,23.3,yellow,cash,Greenwich Village North,East Harlem South,Manhattan,Manhattan
2019-03-24 20:56:12,2019-03-24 21:10:28,1,2.31,5.6,0.82,0.02,10.22,yellow,credit card,Murray Hill,Midtown South,Manhattan,Manhattan
2019-02-28 17:26:45,2019-02-28 17:40:49,1,8.73,16.5,2.23,0.22,17.52,yellow,cash,Lenox Hill West,Brownsville,Manhattan,Brooklyn
2019-03-27 00:11:56,2019-03-27 00:26:21,1,1.02,6.98,2.8,0.07,15.5,yellow,credit card,Clinton West,Flushing,Manhattan,Queens
2019-03-11 08:29:50,2019-03-11 08:44:08,1,11.81,8.0,3.88,0.3,66.64,yellow,cash,Long Island City/Hunters Point,Ridgewood,Queens,Queens
2019-03-23 03:57:06,2019-03-23 04:11:59,1,3.5,4.0,1.16,0.06,23.57,yellow,credit card,TriBeCa/Civic Center,Co-Op City,Manhattan,Bronx
2019-03-12 09:58:28,2019-03-12 10:08:08,1,0.4,8.3,2.32,0.09,20.66,yellow,cash,Central Park,Brooklyn Navy Yard,Manhattan,Brooklyn
2019-03-09 03:00:08,2019-03-09 03:13:57,4,4.26,5.73,1.39,0.17,11.3,yellow,credit card,Midtown Center,Madison,Manhattan,Brooklyn
2019-03-29 22:07:26,2019-03-29 22:21:23,1,0.52,6.9,0.43,0.36,19.53,yellow,cash,Kips Bay,Brooklyn Navy Yard,Manhattan,Brooklyn
2019-03-07 15:49:36,2019-03-07 16:04:49,1,2.23,12.12,2.34,0.3,13.9,yellow,credit card,Garment District,JFK Airport,Manhattan,Queens
2019-02-28 09:23:57,2019-02-28 09:40:04,1,0.74,8.23,0.23,0.07,11.4,yellow,cash,Upper West Side South,Morningside Heights,Manhattan,Manhattan
2019-03-02 07:34:08,2019-03-02 07:49:17,1,0.03,15.4,0.42,0.04,17.7,yellow,credit card,Midtown South,Sheepshead Bay,Manhattan,Brooklyn
2019-03-11 12:12:47,2019-03-11 12:28:15,1,1.94,9.05,1.83,0.01,11.6,yellow,cash,Morningside Heights,Bay Ridge,Manhattan,Brooklyn
2019-03-17 09:11:35,2019-03-17 09:25:02,3,3.59,9.4,1.05,0.08,9.89,yellow,credit card,East Village,Crown Heights South,Manhattan,Brooklyn
2019-03-06 21:09:18,2019-03-06 21:23:53,1,1.79,8.4,5.13,0.04,11.22,yellow,cash,Sutton Place/Turtle Bay North,Park Slope,Manhattan,Brooklyn
2019-03-14 09:51:24,2019-03-14 10:07:05,1,0.31,9.4,1.28,0.04,16.06,yellow,credit card,Midtown North,Allerton/Pelham Gardens,Manhattan,Bronx
2019-03-04 12:27:11,2019-03-04 12:42:14,1,0.76,3.7,2.22,0.17,13.32,yellow,cash,Upper East Side South,SoHo,Manhattan,Manhattan
2019-03-31 10:37:27,2019-03-31 10:52:14,1,1.2,18.0,0.04,0.16,29.36,yellow,credit card,Midwood,Pelham Parkway,Brooklyn,Bronx
2019-03-28 13:38:42,2019-03-28 13:51:23,4,0.31,7.7,1.03,0.1,14.86,yellow,cash,Clinton East,Times Sq/Theatre District,Manhattan,Manhattan
2019-03-16 02:50:03,2019-03-16 03:04:48,1,1.88,9.8,3.34,0.24,11.79,yellow,credit card,Meatpacking/West Village West,East Elmhurst,Manhattan,Queens
2019-03-31 07:39:55,2019-03-31 07:54:04,2,6.83,33.2,0.64,1.9,38.05,yellow,cash,Steinway,East Harlem South,Queens,Manhattan
2019-03-07 15:59:15,2019-03-07 16:13:17,1,4.62,9.7,7.49,0.34,60.68,yellow,credit card,Gramercy,West Concourse,Manhattan,Bronx
2019-03-16 04:00:13,2019-03-16 04:16:06,1,1.58,17.74,0.08,0.1,18.1,yellow,cash,Times Sq/Theatre District,Bensonhurst East,Manhattan,Brooklyn
2019-03-30 16:33:21,2019-03-30 16:49:47,1,12.53,26.22,20.3,7.22,34.6,yellow,credit card,Queensbridge/Ravenswood,Long Island City/Hunters Point,Queens,Queens
2019-03-29 15:20:38,2019-03-29 15:35:37,1,6.9,11.1,2.76,2.63,16.89,yellow,cash,JFK Airport,Windsor Terrace,Queens,Brooklyn
2019-03-09 19:42:26,2019-03-09 19:55:52,5,0.68,18.1,0.75,0.01,24.0,yellow,credit card,Lincoln Square East,Kew Gardens Hills,Manhattan,Queens
2019-03-03 01:36:32,2019-03-03 01:51:01,1,3.05,7.9,4.9,0.68,11.51,yellow,cash,Financial District North,Woodside,Manhattan,Queens
2019-03-06 02:31:41,2019-03-06 02:45:52,1,5.09,8.4,2.27,0.47,9.38,yellow,credit card,Fort Greene,Greenwich Village North,Brooklyn,Manhattan
2019-03-01 08:50:40,2019-03-01 09:04:53,2,3.26,13.1,0.02,0.11,20.03,yellow,cash,Upper West Side North,Lenox Hill West,Manhattan,Manhattan
2019-03-20 05:44:41,2019-03-20 05:57:13,1,2.85,16.5,1.76,0.16,19.75,yellow,credit card,Central Park,Seaport,Manhattan,Manhattan
2019-03-02 13:46:24,2019-03-02 14:03:13,1,1.89,12.6,5.59,0.05,13.63,yellow,cash,Upper East Side South,Elmhurst,Manhattan,Queens
2019-03-15 22:11:44,2019-03-15 22:25:33,1,1.89,5.0,3.45,0.25,10.56,yellow,credit card,TriBeCa/Civic Center,Williamsbridge/Olinville,Manhattan,Bronx
2019-03-29 18:28:13,2019-03-29 18:42:13,1,5.58,11.75,1.32,1.84,32.1,yellow,cash,Bayside,Douglaston,Queens,Queens
2019-03-08 20:00:22,2019-03-08 20:15:32,1,6.14,11.9,0.61,0.31,34.86,yellow,credit card,Midtown South,Belmont,Manhattan,Bronx
2019-03-17 01:26:11,2019-03-17 01:38:29,2,4.75,8.3,0.74,0.0,10.4,yellow,cash,Yorkville West,Westchester Village/Unionport,Manhattan,Bronx
2019-03-09 08:03:21,2019-03-09 08:16:45,2,0.48,7.8,1.14,0.03,9.78,yellow,credit card,East Village,SoHo,Manhattan,Manhattan
2019-03-14 02:03:55,2019-03-14 02:17:55,1,2.5,7.61,2.17,0.06,27.2,yellow,cash,Sutton Place/Turtle Bay North,Rego Park,Manhattan,Queens
2019-03-21 10:20:56,2019-03-21 10:34:19,1,0.7,12.2,1.77,0.01,20.35,yellow,credit card,Midtown North,Brighton Beach,Manhattan,Brooklyn
2019-03-26 06:21:46,2019-03-26 06:40:35,1,1.3,24.3,5.47,2.27,51.05,yellow,cash,Woodside,Cambria Heights,Queens,Queens
2019-03-31 09:37:09,2019-03-31 09:52:44,1,3.16,7.3,0.37,0.04,14.81,yellow,credit card,East Village,Midtown Center,Manhattan,Manhattan
2019-03-30 10:53:32,2019-03-30 11:07:29,1,1.6,15.19,0.25,0.72,50.3,yellow,cash,Astoria,Woodlawn/Wakefield,Queens,Bronx
2019-03-21 20:46:29,2019-03-21 21:01:22,2,0.48,3.29,0.13,0.06,16.1,yellow,credit card,Upper East Side North,Bedford Park,Manhattan,Bronx
2019-03-04 17:12:48,2019-03-04 17:26:24,1,3.93,7.8,0.13,0.26,14.93,yellow,cash,East Chelsea,Bedford Park,Manhattan,Bronx
2019-03-19 15:13:11,2019-03-19 15:27:30,1,2.14,10.02,7.3,0.06,11.07,yellow,credit card,Midtown Center,Central Harlem North,Manhattan,Manhattan
2019-03-17 08:53:35,2019-03-17 09:09:54,1,0.3,7.25,3.27,0.03,13.7,yellow,cash,Penn Station/Madison Sq West,Williamsburg (North Side),Manhattan,Brooklyn
2019-03-23 20:05:38,2019-03-23 20:21:28,1,3.07,8.72,3.57,0.06,25.2,yellow,credit card,Midtown North,Sutton Place/Turtle Bay North,Manhattan,Manhattan
2019-03-14 01:26:53,2019-03-14 01:41:46,1,0.62,10.38,2.6,0.31,14.35,yellow,cash,Sutton Place/Turtle Bay North,Eastchester,Manhattan,Bronx
2019-03-11 14:12:37,2019-03-11 14:30:06,1,5.45,6.54,1.04,0.78,23.6,yellow,credit card,LaGuardia Airport,Highbridge,Queens,Bronx
2019-03-22 13:08:40,2019-03-22 13:22:57,1,2.23,14.26,3.65,3.06,16.0,yellow,cash,LaGuardia Airport,World Trade Center,Queens,Manhattan
2019-03-22 06:39:21,2019-03-22 06:53:40,2,2.93,6.5,0.86,0.07,19.97,yellow,credit card,Two Bridges/Seward Park,Dyker Heights,Manhattan,Brooklyn
2019-03-07 22:27:49,2019-03-07 22:42:32,1,0.12,5.7,0.77,0.34,27.16,yellow,cash,Lincoln Square East,University Heights/Morris Heights,Manhattan,Bronx
2019-03-27 00:05:32,2019-03-27 00:21:03,1,2.47,3.4,0.05,0.09,8.15,yellow,credit card,Lower East Side,Columbia Street,Manhattan,Brooklyn
2019-03-16 15:20:03,2019-03-16 15:33:48,2,0.11,8.2,6.07,0.11,22.29,yellow,cash,Hamilton Heights,Soundview/Castle Hill,Manhattan,Bronx
2019-03-18 16:29:14,2019-03-18 16:42:30,0,3.83,16.9,0.32,0.25,20.81,yellow,credit card,Little Italy/NoLiTa,JFK Airport,Manhattan,Queens
2019-03-30 11:06:47,2019-03-30 11:23:09,1,1.54,10.1,0.55,0.15,16.52,yellow,cash,Upper East Side South,Meatpacking/West Village West,Manhattan,Manhattan
2019-03-12 04:24:40,2019-03-12 04:40:11,2,1.95,16.47,0.95,0.05,22.1,yellow,credit card,East Harlem North,East Flushing,Manhattan,Queens
2019-03-20 20:41:47,2019-03-20 20:57:17,1,3.3,9.2,2.55,0.1,26.57,yellow,cash,Hudson Sq,Co-Op City,Manhattan,Bronx
2019-03-14 13:34:04,2019-03-14 13:50:14,1,2.17,11.0,0.56,0.12,23.03,yellow,credit card,Central Harlem,Middle Village,Manhattan,Queens
2019-03-05 13:49:23,2019-03-05 14:01:21,1,7.24,9.9,0.78,0.04,15.83,yellow,cash,Central Harlem,Flushing Meadows-Corona Park,Manhattan,Queens
2019-03-15 11:57:36,2019-03-15 12:12:54,1,6.05,17.9,1.17,0.05,39.97,yellow,credit card,Ridgewood,TriBeCa/Civic Center,Queens,Manhattan
2019-03-26 13:34:51,2019-03-26 13:48:18,1,3.13,6.48,0.9,0.14,9.0,yellow,cash,Midtown South,East Harlem South,Manhattan,Manhattan
2019-03-15 04:40:01,2019-03-15 04:51:59,1,1.19,10.2,0.06,0.86,25.45,yellow,credit card,Old Astoria,East Chelsea,Queens,Manhattan
2019-03-12 22:38:44,2019-03-12 22:52:21,2,1.63,8.33,2.18,0.04,9.5,yellow,cash,Upper West Side North,Morningside Heights,Manhattan,Manhattan
2019-03-13 17:33:11,2019-03-13 17:48:15,1,0.29,11.8,0.54,0.0,18.08,yellow,credit card,Murray Hill,West Brighton,Manhattan,Staten Island
2019-03-19 13:20:41,2019-03-19 13:34:31,1,0.23,11.8,2.78,0.14,15.4,yellow,cash,Sutton Place/Turtle Bay North,Manhattanville,Manhattan,Manhattan
2019-03-04 01:58:23,2019-03-04 02:12:15,1,4.17,8.1,0.79,0.24,20.13,yellow,credit card,Bloomingdale,Auburndale,Manhattan,Queens
2019-03-27 21:40:20,2019-03-27 21:53:10,6,4.52,14.01,0.79,0.21,25.0,yellow,cash,East Chelsea,West Chelsea/Hudson Yards,Manhattan,Manhattan
2019-03-29 01:58:44,2019-03-29 02:11:06,1,0.21,11.3,3.6,0.19,21.43,yellow,credit card,Yorkville West,Rego Park,Manhattan,Queens
2019-03-19 23:26:38,2019-03-19 23:40:44,1,0.03,6.4,4.7,0.32,22.25,yellow,cash,Midtown East,Lower East Side,Manhattan,Manhattan
2019-03-14 13:40:47,2019-03-14 13:55:47,3,3.11,8.64,2.72,0.16,14.1,yellow,credit card,Upper West Side South,JFK Airport,Manhattan,Queens
2019-03-13 11:15:33,2019-03-13 11:30:57,1,1.26,12.7,0.82,0.01,13.6,yellow,cash,West Village,Soundview/Castle Hill,Manhattan,Bronx
2019-03-18 10:05:32,2019-03-18 10:20:42,1,2.04,4.2,0.19,0.05,12.08,yellow,credit card,Central Harlem North,Lower East Side,Manhattan,Manhattan
2019-03-02 09:28:52,2019-03-02 09:43:05,1,0.31,7.8,1.6,0.2,19.48,yellow,cash,Lincoln Square West,Two Bridges/Seward Park,Manhattan,Manhattan
2019-02-28 10:07:37,2019-02-28 10:22:33,1,8.18,6.97,2.05,0.25,22.7,yellow,credit card,Long Island City/Hunters Point,Sheepshead Bay,Queens,Brooklyn
2019-03-20 23:45:25,2019-03-20 23:59:42,2,3.74,8.5,0.54,0.08,13.19,yellow,cash,Gramercy,Van Cortlandt Village,Manhattan,Bronx
2019-03-25 05:50:23,2019-03-25 06:07:10,1,0.51,15.97,1.68,0.25,22.6,yellow,credit card,East Village,Lenox Hill East,Manhattan,Manhattan
2019-03-11 10:41:31,2019-03-11 10:55:26,1,0.99,8.2,0.72,0.09,25.53,yellow,cash,Union Sq,Cambria Heights,Manhattan,Queens
2019-03-03 05:43:19,2019-03-03 05:57:50,1,1.08,8.3,8.21,0.01,29.94,yellow,credit card,Midtown East,Lincoln Square East,Manhattan,Manhattan
2019-03-06 06:04:35,2019-03-06 06:17:43,1,1.77,11.0,0.73,0.33,17.9,yellow,cash,Hudson Sq,Bloomingdale,Manhattan,Manhattan
2019-03-14 10:45:35,2019-03-14 11:00:35,1,0.5,14.3,0.64,0.11,23.68,yellow,credit card,Morningside Heights,Stuyvesant Heights,Manhattan,Brooklyn
2019-03-19 06:00:07,2019-03-19 06:13:51,1,3.94,9.65,0.94,0.0,22.9,yellow,cash,Penn Station/Madison Sq West,Fort Greene,Manhattan,Brooklyn
2019-03-10 09:50:17,2019-03-10 10:06:51,1,2.62,6.9,0.6,0.16,17.68,yellow,credit card,Gramercy,Inwood Hill Park,Manhattan,Manhattan
2019-03-29 01:35:02,2019-03-29 01:48:34,1,0.34,9.1,0.03,0.06,21.99,yellow,cash,Hudson Sq,Cambria Heights,Manhattan,Queens
2019-03-29 20:32:31,2019-03-29 20:45:37,1,6.44,5.93,1.8,0.14,6.55,yellow,credit card,Midtown Center,Central Park,Manhattan,Manhattan
2019-03-15 13:56:43,2019-03-15 14:10:28,1,0.65,7.04,1.11,0.0,10.6,yellow,cash,West Chelsea/Hudson Yards,Eastchester,Manhattan,Bronx
2019-03-11 22:05:45,2019-03-11 22:19:30,0,5.05,7.0,3.18,0.19,14.3,yellow,credit card,Upper West Side South,Midtown East,Manhattan,Manhattan
2019-03-11 04:02:16,2019-03-11 04:17:20,1,0.12,3.57,1.42,3.33,34.8,yellow,cash,Flushing Meadows-Corona Park,Bensonhurst West,Queens,Brooklyn
2019-03-23 09:34:43,2019-03-23 09:49:59,3,8.6,6.5,4.26,0.01,14.12,yellow,credit card,East Chelsea,Lincoln Square West,Manhattan,Manhattan
2019-02-28 11:55:48,2019-02-28 12:09:00,1,2.03,9.89,0.51,0.39,17.4,yellow,cash,East Village,Rego Park,Manhattan,Queens
2019-03-16 20:06:30,2019-03-16 20:20:30,1,2.4,10.8,8.25,0.51,16.36,yellow,credit card,TriBeCa/Civic Center,Penn Station/Madison Sq West,Manhattan,Manhattan
2019-03-13 23:56:34,2019-03-14 00:13:28,1,0.06,7.3,1.57,0.0,12.16,yellow,cash,Midtown South,Brooklyn Heights,Manhattan,Brooklyn
2019-03-13 20:24:12,2019-03-13 20:38:48,1,0.96,6.0,0.08,0.3,11.5,yellow,credit card,Kips Bay,Central Park,Manhattan,Manhattan
2019-03-16 19:12:04,2019-03-16 19:26:01,1,0.74,9.7,2.3,0.01,22.77,yellow,cash,Upper West Side South,Yorkville East,Manhattan,Manhattan
2019-03-09 12:47:59,2019-03-09 13:02:56,1,1.12,18.7,1.87,0.34,61.7,yellow,credit card,Park Slope,Brighton Beach,Brooklyn,Brooklyn
2019-03-13 20:41:20,2019-03-13 20:55:09,1,0.92,12.1,1.94,0.17,13.02,yellow,cash,Midtown North,Forest Hills,Manhattan,Queens
2019-03-15 13:33:27,2019-03-15 13:46:50,2,0.01,18.9,0.47,0.03,43.31,yellow,credit card,Lenox Hill West,Woodlawn/Wakefield,Manhattan,Bronx
2019-03-07 17:19:18,2019-03-07 17:33:49,1,1.27,19.2,3.73,0.06,27.03,yellow,cash,Manhattan Valley,Morningside Heights,Manhattan,Manhattan
2019-03-04 23:58:22,2019-03-05 00:12:32,1,4.46,19.05,0.64,0.05,23.8,yellow,credit card,Upper West Side North,Springfield Gardens South,Manhattan,Queens
2019-03-18 20:39:04,2019-03-18 20:50:59,1,10.99,14.49,0.09,0.36,15.2,yellow,cash,Park Slope,Clinton East,Brooklyn,Manhattan
2019-03-31 22:36:10,2019-03-31 22:53:01,1,0.19,12.87,2.57,0.05,21.0,yellow,credit card,Hamilton Heights,North Corona,Manhattan,Queens
2019-03-12 00:29:31,2019-03-12 00:43:43,4,2.39,11.5,1.01,0.24,20.16,yellow,cash,JFK Airport,Soundview/Castle Hill,Queens,Bronx
2019-03-04 19:30:32,2019-03-04 19:45:40,1,16.49,7.68,5.9,1.07,55.3,yellow,credit card,Sunnyside,Bronxdale,Queens,Bronx
2019-03-03 06:00:31,2019-03-03 06:11:56,1,2.11,7.5,0.15,0.04,13.24,yellow,cash,Union Sq,East Flushing,Manhattan,Queens
2019-03-19 01:47:31,2019-03-19 02:01:56,5,1.3,4.6,0.83,0.15,14.34,yellow,credit card,Lenox Hill East,Whitestone,Manhattan,Queens
2019-03-04 17:34:00,2019-03-04 17:47:45,1,6.21,32.0,3.83,2.89,60.04,yellow,cash,Astoria,Central Park,Queens,Manhattan
2019-03-11 03:20:58,2019-03-11 03:35:37,2,0.41,17.8,2.21,0.15,17.81,yellow,credit card,Upper East Side South,Springfield Gardens South,Manhattan,Queens
2019-03-01 11:56:06,2019-03-01 12:12:18,2,2.09,6.0,0.3,0.1,16.65,yellow,cash,Yorkville West,Carroll Gardens,Manhattan,Brooklyn
2019-03-03 05:55:39,2019-03-03 06:08:05,1,4.14,10.35,1.03,0.0,14.7,yellow,credit card,Murray Hill,Manhattan Beach,Manhattan,Brooklyn
2019-03-17 18:43:02,2019-03-17 18:56:57,1,1.42,18.5,0.11,0.05,30.86,yellow,cash,Union Sq,Clinton Hill,Manhattan,Brooklyn
2019-03-12 15:16:49,2019-03-12 15:26:46,1,2.34,7.1,1.59,0.26,10.88,yellow,credit card,Hudson Sq,East Chelsea,Manhattan,Manhattan
2019-03-29 04:03:11,2019-03-29 04:15:33,1,0.42,3.1,2.64,0.09,18.79,yellow,cash,Flatiron,Long Island City/Hunters Point,Manhattan,Queens
2019-03-23 05:52:42,2019-03-23 06:08:55,1,1.97,10.5,1.18,0.15,31.94,yellow,credit card,TriBeCa/Civic Center,South Jamaica,Manhattan,Queens
2019-03-13 19:11:36,2019-03-13 19:25:02,2,2.52,10.7,1.53,0.08,19.08,yellow,cash,Upper West Side North,Cobble Hill,Manhattan,Brooklyn
2019-03-15 15:56:24,2019-03-15 16:10:41,1,3.58,7.7,3.25,0.2,25.59,yellow,credit card,Clinton East,Sutton Place/Turtle Bay North,Manhattan,Manhattan
2019-03-14 05:42:09,2019-03-14 05:54:35,1,0.72,2.82,2.2,0.09,9.52,yellow,cash,Upper West Side South,Astoria,Manhattan,Queens
2019-03-08 13:33:56,2019-03-08 13:49:34,1,4.27,2.6,0.88,0.02,11.64,yellow,credit card,East Harlem South,Red Hook,Manhattan,Brooklyn
2019-03-24 18:23:21,2019-03-24 18:37:31,1,6.71,15.7,0.24,3.49,27.48,yellow,cash,Forest Hills,West Village,Queens,Manhattan
2019-03-27 05:26:33,2019-03-27 05:41:41,1,2.02,9.41,0.65,0.06,18.7,yellow,credit card,Times Sq/Theatre District,SoHo,Manhattan,Manhattan
2019-03-26 03:29:51,2019-03-26 03:45:51,4,4.3,14.8,0.03,0.35,64.48,yellow,cash,Claremont/Bathgate,Canarsie,Bronx,Brooklyn
2019-03-16 02:50:33,2019-03-16 03:06:13,2,2.31,6.8,0.4,0.27,25.17,yellow,credit card,Little Italy/NoLiTa,Stuy Town/Peter Cooper Village,Manhattan,Manhattan
2019-03-08 10:41:07,2019-03-08 10:53:41,1,0.2,17.1,2.55,0.04,21.06,yellow,cash,East Chelsea,Jamaica,Manhattan,Queens
2019-03-16 02:38:02,2019-03-16 02:53:52,6,0.17,7.7,1.33,0.21,10.67,yellow,credit card,Lower East Side,Briarwood/Jamaica Hills,Manhattan,Queens
2019-03-31 07:02:49,2019-03-31 07:16:28,1,0.13,15.6,0.86,0.64,16.09,yellow,cash,Bushwick South,Inwood Hill Park,Brooklyn,Manhattan
2019-03-06 08:34:33,2019-03-06 08:49:51,0,2.11,7.3,0.12,0.01,16.96,yellow,credit card,Midtown East,Prospect Heights,Manhattan,Brooklyn
2019-03-28 18:18:35,2019-03-28 18:31:20,1,0.89,3.7,1.76,0.19,16.09,yellow,cash,Lenox Hill West,Flushing Meadows-Corona Park,Manhattan,Queens
2019-03-04 09:38:03,2019-03-04 09:50:15,1,8.61,3.27,3.0,0.19,9.01,yellow,credit card,Sutton Place/Turtle Bay North,Greenpoint,Manhattan,Brooklyn
2019-03-10 03:41:42,2019-03-10 03:55:28,1,3.71,23.2,0.85,1.07,41.49,yellow,cash,LaGuardia Airport,Midtown North,Queens,Manhattan
2019-03-21 04:29:22,2019-03-21 04:43:53,1,1.65,14.0,2.48,0.63,20.46,yellow,credit card,Midtown South,Williamsburg (South Side),Manhattan,Brooklyn
2019-03-08 09:40:18,2019-03-08 09:52:43,1,0.22,11.5,5.65,0.15,19.34,yellow,cash,Lenox Hill East,Woodhaven,Manhattan,Queens
2019-03-02 03:39:49,2019-03-02 03:53:53,2,7.85,15.13,0.25,0.92,42.5,yellow,credit card,East Concourse/Concourse Village,Middle Village,Bronx,Queens
2019-03-22 15:46:08,2019-03-22 16:01:57,6,3.8,14.3,1.81,3.16,15.58,yellow,cash,LaGuardia Airport,Sunnyside,Queens,Queens
2019-03-24 00:03:51,2019-03-24 00:18:52,1,2.84,16.4,8.1,2.07,53.64,yellow,credit card,Astoria,Inwood,Queens,Manhattan
2019-03-15 08:57:57,2019-03-15 09:10:30,2,0.26,11.2,2.88,0.01,30.02,yellow,cash,Sutton Place/Turtle Bay North,Riverdale/North Riverdale/Fieldston,Manhattan,Bronx
2019-03-05 06:44:15,2019-03-05 06:58:55,1,2.32,9.4,6.2,0.04,14.66,yellow,credit card,Greenwich Village North,West Chelsea/Hudson Yards,Manhattan,Manhattan
2019-03-29 05:31:47,2019-03-29 05:45:26,1,2.41,12.9,1.22,0.03,16.49,yellow,cash,Upper West Side South,Washington Heights South,Manhattan,Manhattan
2019-03-17 15:56:50,2019-03-17 16:10:52,1,0.7,8.8,0.37,0.04,9.6,yellow,credit card,Upper East Side North,Saint Albans,Manhattan,Queens
2019-03-10 02:30:29,2019-03-10 02:43:11,1,0.46,7.4,0.1,0.17,11.27,yellow,cash,Union Sq,Gravesend,Manhattan,Brooklyn
2019-03-07 22:02:55,2019-03-07 22:19:23,1,1.28,9.9,0.86,0.15,29.47,yellow,credit card,Midtown South,Westchester Village/Unionport,Manhattan,Bronx
2019-03-01 21:48:04,2019-03-01 22:00:44,2,20.51,37.07,1.11,2.59,93.7,yellow,cash,JFK Airport,Parkchester,Queens,Bronx
2019-03-20 06:39:12,2019-03-20 06:51:14,6,0.45,6.6,0.02,0.11,13.58,yellow,credit card,Flatbush/Ditmas Park,Yorkville East,Brooklyn,Manhattan
2019-03-28 16:02:52,2019-03-28 16:15:06,1,2.04,11.2,0.22,0.02,17.01,yellow,cash,Lincoln Square East,Glendale,Manhattan,Queens
2019-03-19 07:08:34,2019-03-19 07:22:13,2,2.69,6.93,3.73,0.02,19.7,yellow,credit card,Clinton East,Manhattanville,Manhattan,Manhattan
2019-03-14 08:13:42,2019-03-14 08:27:30,2,4.74,14.65,3.9,4.65,26.4,yellow,cash,Elmhurst,Parkchester,Queens,Bronx
2019-03-16 12:38:53,2019-03-16 12:53:20,1,4.2,11.7,0.17,0.01,15.1,yellow,credit card,Yorkville East,Sunnyside,Manhattan,Queens
2019-03-24 15:23:58,2019-03-24 15:39:00,1,1.35,7.9,0.09,1.22,14.06,yellow,cash,Mott Haven/Port Morris,Washington Heights South,Bronx,Manhattan
2019-02-28 10:37:54,2019-02-28 10:51:09,1,0.53,6.5,1.07,0.05,19.01,yellow,credit card,Midtown South,Gowanus,Manhattan,Brooklyn
2019-03-14 21:23:16,2019-03-14 21:38:58,1,0.21,8.3,0.42,0.47,24.51,yellow,cash,Garment District,Westchester Village/Unionport,Manhattan,Bronx
2019-03-26 17:31:43,2019-03-26 17:46:39,5,4.89,15.75,2.72,0.32,37.4,yellow,credit card,Times Sq/Theatre District,Ozone Park,Manhattan,Queens
2019-03-28 07:28:50,2019-03-28 07:43:17,1,0.66,18.45,1.85,0.37,28.5,yellow,cash,Greenwich Village North,Queensboro Hill,Manhattan,Queens
2019-03-13 13:20:41,2019-03-13 13:33:41,1,2.4,10.8,1.12,0.01,19.4,yellow,credit card,Hudson Sq,Clinton Hill,Manhattan,Brooklyn
2019-03-15 19:20:23,2019-03-15 19:35:49,1,1.78,4.6,2.02,0.3,12.65,yellow,cash,Financial District North,Washington Heights North,Manhattan,Manhattan
2019-03-20 22:04:43,2019-03-20 22:18:26,1,10.15,7.5,1.13,2.39,20.02,yellow,credit card,Jamaica,Westchester Village/Unionport,Queens,Bronx
2019-03-19 01:04:21,2019-03-19 01:18:36,1,3.93,12.29,0.48,0.16,16.6,yellow,cash,Garment District,Williamsbridge/Olinville,Manhattan,Bronx
2019-03-03 14:53:49,2019-03-03 15:08:54,1,8.87,14.5,5.06,2.02,19.51,yellow,credit card,Elmhurst,Garment District,Queens,Manhattan
2019-03-29 11:02:25,2019-03-29 11:14:08,1,0.28,10.8,1.25,0.04,23.71,yellow,cash,Midtown East,Cambria Heights,Manhattan,Queens
2019-03-16 19:17:17,2019-03-16 19:29:06,1,0.49,7.5,0.15,0.34,14.21,yellow,credit card,East Chelsea,Woodside,Manhattan,Queens
2019-03-22 04:10:43,2019-03-22 04:28:41,1,7.48,11.7,8.66,3.59,16.47,yellow,cash,Steinway,Greenwich Village North,Queens,Manhattan
2019-03-12 02:32:24,2019-03-12 02:43:23,1,0.25,4.9,1.03,0.03,6.25,yellow,credit card,East Harlem North,Spuyten Duyvil/Kingsbridge,Manhattan,Bronx
2019-03-12 08:03:06,2019-03-12 08:17:42,1,0.17,18.78,0.77,0.07,23.4,yellow,cash,TriBeCa/Civic Center,Williamsburg (South Side),Manhattan,Brooklyn
2019-03-01 06:29:35,2019-03-01 06:44:52,4,2.45,5.9,0.11,0.13,8.15,yellow,credit card,East Chelsea,World Trade Center,Manhattan,Manhattan
2019-03-30 16:22:24,2019-03-30 16:36:34,1,3.66,16.95,5.26,1.53,20.2,yellow,cash,Jackson Heights,Norwood,Queens,Bronx
2019-03-14 11:25:44,2019-03-14 11:40:11,4,4.82,8.9,0.05,0.15,22.42,yellow,credit card,East Village,South Williamsburg,Manhattan,Brooklyn
2019-03-02 23:39:59,2019-03-02 23:54:55,1,1.49,4.12,4.1,0.36,23.88,yellow,cash,Battery Park City,Flushing,Manhattan,Queens
2019-03-07 21:21:57,2019-03-07 21:36:37,6,0.93,4.4,0.82,0.11,15.58,yellow,credit card,Bloomingdale,Whitestone,Manhattan,Queens
2019-03-24 15:24:16,2019-03-24 15:40:53,1,6.13,14.3,3.36,0.07,18.61,yellow,cash,Financial District North,Inwood,Manhattan,Manhattan
2019-03-19 11:25:07,2019-03-19 11:41:16,1,2.13,6.1,0.54,0.31,8.48,yellow,credit card,World Trade Center,South Williamsburg,Manhattan,Brooklyn
2019-03-05 01:54:28,2019-03-05 02:07:43,1,3.29,10.4,8.9,0.13,13.46,yellow,cash,Union Sq,Crotona Park East,Manhattan,Bronx
2019-03-15 22:55:52,2019-03-15 23:09:04,5,6.46,2.6,0.15,0.69,20.59,yellow,credit card,Belmont,Marine Park/Mill Basin,Bronx,Brooklyn
2019-03-02 23:56:35,2019-03-03 00:10:09,1,0.42,3.9,0.12,0.21,9.07,yellow,cash,West Chelsea/Hudson Yards,Clinton West,Manhattan,Manhattan
2019-03-16 01:10:19,2019-03-16 01:23:37,1,3.07,34.08,6.32,0.62,40.9,yellow,credit card,LaGuardia Airport,East Concourse/Concourse Village,Queens,Bronx
2019-03-23 17:31:12,2019-03-23 17:45:14,1,2.84,18.64,2.95,0.59,37.0,yellow,cash,Jackson Heights,East New York,Queens,Brooklyn
2019-03-05 09:35:22,2019-03-05 09:50:02,1,5.82,11.1,1.3,0.04,22.33,yellow,credit card,Upper East Side North,Briarwood/Jamaica Hills,Manhattan,Queens
2019-03-27 18:55:23,2019-03-27 19:10:20,1,2.65,3.3,0.54,0.04,20.65,yellow,cash,Midtown East,Lincoln Square East,Manhattan,Manhattan
2019-03-25 14:30:17,2019-03-25 14:44:27,1,4.49,24.6,0.24,0.23,36.2,yellow,credit card,LaGuardia Airport,Auburndale,Queens,Queens
2019-03-05 08:01:21,2019-03-05 08:14:48,1,2.27,2.63,2.6,0.08,14.27,yellow,cash,Union Sq,Belmont,Manhattan,Bronx
2019-03-11 22:37:10,2019-03-11 22:52:54,1,2.6,6.4,2.46,0.16,23.01,yellow,credit card,Lincoln Square East,Williamsburg (North Side),Manhattan,Brooklyn
2019-03-17 22:27:00,2019-03-17 22:40:30,1,6.09,12.3,0.05,1.74,21.5,yellow,cash,Forest Hills,Jamaica Estates,Queens,Queens
2019-03-11 18:50:01,2019-03-11 19:06:12,1,1.44,6.66,0.73,0.1,8.6,yellow,credit card,Union Sq,East Chelsea,Manhattan,Manhattan
2019-03-20 04:00:03,2019-03-20 04:14:45,1,4.96,11.4,0.43,0.02,14.74,yellow,cash,Times Sq/Theatre District,Upper West Side South,Manhattan,Manhattan
2019-03-06 12:08:40,2019-03-06 12:26:09,1,5.54,10.14,0.5,0.14,14.8,yellow,credit card,Clinton Hill,Hillcrest/Pomonok,Brooklyn,Queens
2019-03-17 12:28:12,2019-03-17 12:44:08,1,0.84,7.47,5.45,0.55,14.0,yellow,cash,Midtown Center,Flatbush/Ditmas Park,Manhattan,Brooklyn
2019-03-02 15:27:05,2019-03-02 15:39:37,1,1.38,6.0,5.87,0.22,17.4,yellow,credit card,Upper East Side South,Cambria Heights,Manhattan,Queens
2019-03-03 14:28:41,2019-03-03 14:44:41,2,4.33,10.34,0.6,0.98,14.4,yellow,cash,Cobble Hill,Roosevelt Island,Brooklyn,Manhattan
2019-03-13 22:28:48,2019-03-13 22:46:38,2,4.59,4.0,2.8,0.05,10.05,yellow,credit card,Yorkville East,Alphabet City,Manhattan,Manhattan
2019-03-16 16:15:02,2019-03-16 16:28:17,1,0.46,16.6,2.78,0.38,20.8,yellow,cash,Kips Bay,Gowanus,Manhattan,Brooklyn
2019-03-22 11:59:02,2019-03-22 12:12:18,1,2.0,12.0,2.08,0.03,21.37,yellow,credit card,East Harlem South,Maspeth,Manhattan,Queens
2019-03-27 09:39:21,2019-03-27 09:51:59,2,0.14,7.7,2.04,0.22,18.86,yellow,cash,East Village,Queensboro Hill,Manhattan,Queens
2019-03-23 21:42:55,2019-03-23 21:57:47,1,3.84,14.3,4.0,0.03,17.28,yellow,credit card,Lenox Hill East,Sutton Place/Turtle Bay North,Manhattan,Manhattan
2019-03-27 22:20:29,2019-03-27 22:35:37,1,6.35,6.0,0.2,0.08,19.81,yellow,cash,Upper West Side North,East Flatbush/Remsen Village,Manhattan,Brooklyn
2019-03-28 05:08:38,2019-03-28 05:22:27,1,0.15,9.2,3.7,0.05,10.87,yellow,credit card,Chinatown,Corona,Manhattan,Queens
2019-03-13 18:26:26,2019-03-13 18:39:20,0,2.94,5.3,1.22,0.2,25.61,yellow,cash,West Village,Midtown East,Manhattan,Manhattan
2019-03-31 20:40:21,2019-03-31 20:52:52,2,0.9,6.8,3.94,0.14,6.93,yellow,credit card,Sutton Place/Turtle Bay North,Morrisania/Melrose,Manhattan,Bronx
2019-03-16 05:42:49,2019-03-16 05:56:59,2,3.33,4.1,1.49,0.17,6.7,yellow,cash,Penn Station/Madison Sq West,Flushing,Manhattan,Queens
2019-03-01 09:07:19,2019-03-01 09:20:59,3,2.56,4.4,0.82,0.02,9.17,yellow,credit card,Yorkville East,JFK Airport,Manhattan,Queens
2019-03-14 05:27:50,2019-03-14 05:44:23,0,2.62,10.6,1.46,0.01,11.16,yellow,cash,Midtown Center,Union Sq,Manhattan,Manhattan
2019-03-05 16:41:05,2019-03-05 16:55:40,1,0.48,9.1,6.3,0.03,10.3,yellow,credit card,Gramercy,Upper East Side North,Manhattan,Manhattan
2019-03-05 08:23:50,2019-03-05 08:39:44,1,1.59,6.0,0.94,0.13,6.83,yellow,cash,Greenwich Village South,Old Astoria,Manhattan,Queens
2019-03-25 02:30:14,2019-03-25 02:45:00,1,1.53,8.8,1.25,0.07,27.0,yellow,credit card,Sutton Place/Turtle Bay North,Woodside,Manhattan,Queens
2019-03-15 16:35:11,2019-03-15 16:47:40,1,0.3,6.6,1.53,0.23,15.1,yellow,cash,Midtown Center,East Flushing,Manhattan,Queens
2019-03-04 10:05:25,2019-03-04 10:21:17,1,2.06,10.0,0.92,0.01,29.44,yellow,credit card,West Chelsea/Hudson Yards,Prospect Heights,Manhattan,Brooklyn
2019-03-11 18:44:09,2019-03-11 19:00:01,1,0.16,6.5,1.0,0.02,14.52,yellow,cash,Lincoln Square East,Manhattan Beach,Manhattan,Brooklyn
2019-03-02 05:21:30,2019-03-02 05:36:41,3,0.19,6.7,0.49,0.11,13.76,yellow,credit card,Midtown Center,Bushwick South,Manhattan,Brooklyn
2019-03-12 07:45:52,2019-03-12 08:00:17,1,7.5,6.89,1.28,0.33,14.3,yellow,cash,Midtown North,Belmont,Manhattan,Bronx
2019-03-06 01:41:45,2019-03-06 01:53:25,1,0.09,4.91,4.9,0.14,19.34,yellow,credit card,SoHo,Maspeth,Manhattan,Queens
2019-03-20 04:11:09,2019-03-20 04:25:38,5,2.83,6.1,2.55,0.03,10.71,yellow,cash,Midtown Center,Sutton Place/Turtle Bay North,Manhattan,Manhattan
2019-03-05 03:30:02,2019-03-05 03:44:35,1,8.29,10.9,0.14,0.02,23.22,yellow,credit card,Lower East Side,Morrisania/Melrose,Manhattan,Bronx
2019-03-10 13:02:44,2019-03-10 13:16:25,2,4.12,14.0,1.53,0.07,41.67,yellow,cash,Astoria,West Chelsea/Hudson Yards,Queens,Manhattan
2019-03-05 03:09:18,2019-03-05 03:23:11,1,1.33,8.6,1.03,0.07,19.28,yellow,credit card,Garment District,Elmhurst/Maspeth,Manhattan,Queens
2019-03-04 06:20:16,2019-03-04 06:33:15,1,0.5,5.32,0.96,0.55,7.9,yellow,cash,Clinton East,East Harlem South,Manhattan,Manhattan
2019-03-04 05:29:39,2019-03-04 05:43:08,1,0.96,3.2,0.35,0.01,12.14,yellow,credit card,Midtown East,Mount Hope,Manhattan,Bronx
2019-03-09 18:20:58,2019-03-09 18:36:42,1,4.25,8.5,1.04,0.15,35.01,yellow,cash,Fort Greene,Seaport,Brooklyn,Manhattan
2019-03-26 03:15:39,2019-03-26 03:28:30,1,3.14,12.6,0.34,0.17,13.18,yellow,credit card,Downtown Brooklyn/MetroTech,Bedford Park,Brooklyn,Bronx
2019-03-22 15:24:33,2019-03-22 15:40:19,1,12.97,9.15,1.32,1.06,9.3,yellow,cash,LaGuardia Airport,Crotona Park East,Queens,Bronx
2019-02-28 09:41:45,2019-02-28 09:58:33,1,1.63,8.1,0.91,0.01,12.03,yellow,credit card,Lincoln Square West,Flushing,Manhattan,Queens
2019-03-08 19:42:45,2019-03-08 19:57:33,1,1.34,10.4,0.12,0.14,13.9,yellow,cash,Midtown Center,Upper East Side North,Manhattan,Manhattan
2019-03-19 12:39:39,2019-03-19 12:54:08,1,1.86,14.1,1.77,0.0,16.76,yellow,credit card,Upper East Side South,Red Hook,Manhattan,Brooklyn
2019-02-28 06:04:05,2019-02-28 06:20:08,2,8.39,11.8,0.14,0.35,28.9,yellow,cash,Homecrest,Greenpoint,Brooklyn,Brooklyn
2019-03-24 17:48:01,2019-03-24 18:02:25,1,1.02,7.6,1.95,0.52,12.84,yellow,credit card,West Village,Greenwich Village North,Manhattan,Manhattan
2019-03-15 10:09:03,2019-03-15 10:24:30,0,7.24,9.09,1.69,0.1,14.6,yellow,cash,Lincoln Square East,Battery Park City,Manhattan,Manhattan
2019-03-12 00:53:21,2019-03-12 01:06:39,1,1.42,6.4,3.0,0.07,22.58,yellow,credit card,Lincoln Square East,Boerum Hill,Manhattan,Brooklyn
2019-03-21 07:33:48,2019-03-21 07:48:02,1,1.14,14.4,2.99,0.02,33.75,yellow,cash,Murray Hill,Greenwich Village South,Manhattan,Manhattan
2019-03-13 05:45:27,2019-03-13 05:59:27,1,5.08,8.0,0.54,0.02,12.75,yellow,credit card,Midtown East,Woodhaven,Manhattan,Queens
2019-03-18 22:07:27,2019-03-18 22:22:17,1,1.41,13.33,3.81,0.66,44.5,yellow,cash,JFK Airport,Woodhaven,Queens,Queens
2019-02-28 04:07:51,2019-02-28 04:23:37,2,5.09,15.6,3.56,0.02,20.66,yellow,credit card,Lenox Hill West,Gravesend,Manhattan,Brooklyn
2019-03-08 01:06:19,2019-03-08 01:19:35,1,0.82,6.3,0.09,0.21,21.84,yellow,cash,Penn Station/Madison Sq West,Brownsville,Manhattan,Brooklyn
2019-03-17 10:46:41,2019-03-17 11:00:17,3,0.5,3.7,2.0,0.13,9.47,yellow,credit card,Clinton East,Washington Heights North,Manhattan,Manhattan
2019-03-01 10:48:02,2019-03-01 11:01:17,1,1.34,9.1,1.93,0.18,14.33,yellow,cash,Clinton West,Forest Hills,Manhattan,Queens
2019-03-07 15:25:44,2019-03-07 15:39:30,1,5.41,2.2,0.52,0.13,3.75,yellow,credit card,Brooklyn Heights,East Concourse/Concourse Village,Brooklyn,Bronx
2019-03-24 18:37:16,2019-03-24 18:50:33,1,7.82,15.0,0.34,0.02,19.31,yellow,cash,Upper West Side South,Springfield Gardens South,Manhattan,Queens
2019-03-13 18:08:27,2019-03-13 18:20:29,1,1.41,4.4,0.29,0.13,7.23,yellow,credit card,Clinton East,Manhattanville,Manhattan,Manhattan
2019-03-07 11:57:41,2019-03-07 12:12:42,3,2.9,9.4,0.72,0.13,13.6,yellow,cash,Kips Bay,Prospect Park,Manhattan,Brooklyn
2019-03-30 14:44:52,2019-03-30 15:01:10,3,0.37,29.6,1.49,0.26,50.47,yellow,credit card,Crown Heights South,Auburndale,Brooklyn,Queens
2019-03-20 11:16:45,2019-03-20 11:31:02,1,2.0,8.6,1.15,0.06,24.07,yellow,cash,East Chelsea,Melrose South,Manhattan,Bronx
2019-03-10 21:03:18,2019-03-10 21:17:15,1,0.08,5.8,0.06,0.58,65.14,yellow,credit card,West Concourse,Queens Village,Bronx,Queens
2019-03-14 05:26:16,2019-03-14 05:41:24,1,3.52,11.3,2.4,0.1,14.21,yellow,cash,Union Sq,TriBeCa/Civic Center,Manhattan,Manhattan
2019-03-15 20:37:20,2019-03-15 20:51:15,1,2.2,11.73,3.93,0.02,12.2,yellow,credit card,Clinton East,Washington Heights North,Manhattan,Manhattan
2019-03-10 09:43:28,2019-03-10 10:00:07,2,3.62,10.1,3.59,0.27,14.49,yellow,cash,Upper East Side South,SoHo,Manhattan,Manhattan
2019-03-02 13:52:11,2019-03-02 14:04:09,1,0.14,15.64,1.48,0.21,20.6,yellow,credit card,Central Park,Sunset Park West,Manhattan,Brooklyn
2019-03-30 23:15:55,2019-03-30 23:32:17,2,0.33,9.0,3.64,0.18,31.88,yellow,cash,Midtown South,Highbridge,Manhattan,Bronx
2019-03-24 12:06:52,2019-03-24 12:20:35,1,1.63,14.5,4.27,0.2,15.25,yellow,credit card,East Village,Bushwick North,Manhattan,Brooklyn
2019-03-30 00:21:11,2019-03-30 00:37:10,1,2.43,5.3,0.26,0.25,6.55,yellow,cash,Yorkville West,Williamsbridge/Olinville,Manhattan,Bronx
2019-03-18 07:02:28,2019-03-18 07:18:08,2,5.33,21.1,2.01,0.21,73.72,yellow,credit card,Long Island City/Hunters Point,Windsor Terrace,Queens,Brooklyn
2019-03-26 23:43:22,2019-03-26 23:56:48,1,3.63,12.8,1.08,0.12,20.99,yellow,cash,Penn Station/Madison Sq West,Gravesend,Manhattan,Brooklyn
2019-03-02 15:02:57,2019-03-02 15:14:28,2,7.02,28.57,1.19,0.03,28.6,yellow,credit card,Upper West Side North,Inwood,Manhattan,Manhattan
2019-03-30 11:41:34,2019-03-30 11:56:44,1,0.81,15.4,0.51,0.2,17.3,yellow,cash,Clinton East,Murray Hill-Queens,Manhattan,Queens
2019-03-09 05:07:17,2019-03-09 05:22:51,1,3.58,5.7,2.89,1.42,12.89,yellow,credit card,Lincoln Square East,Canarsie,Manhattan,Brooklyn
2019-03-28 00:16:15,2019-03-28 00:31:00,6,0.27,14.55,1.52,0.25,43.5,yellow,cash,Midtown East,Soundview/Castle Hill,Manhattan,Bronx
2019-03-15 20:02:09,2019-03-15 20:13:59,1,0.67,17.95,3.23,0.02,18.8,yellow,credit card,West Chelsea/Hudson Yards,Stapleton,Manhattan,Staten Island
2019-03-22 23:51:00,2019-03-23 00:04:46,2,4.78,18.29,0.11,1.2,29.1,yellow,cash,Westchester Village/Unionport,Brownsville,Bronx,Brooklyn
2019-03-06 12:56:16,2019-03-06 13:10:17,1,2.16,5.3,4.0,0.24,7.41,yellow,credit card,Sutton Place/Turtle Bay North,Hunts Point,Manhattan,Bronx
2019-03-11 16:39:59,2019-03-11 16:55:09,1,5.81,4.7,1.25,0.15,12.76,yellow,cash,Sutton Place/Turtle Bay North,Sunnyside,Manhattan,Queens
2019-03-05 16:38:03,2019-03-05 16:55:26,1,2.39,6.2,0.72,0.06,12.81,yellow,credit card,Yorkville West,Van Nest/Morris Park,Manhattan,Bronx
2019-03-11 09:03:11,2019-03-11 09:15:20,3,2.52,7.8,1.82,0.22,9.37,yellow,cash,Chinatown,Garment District,Manhattan,Manhattan
2019-03-10 05:04:30,2019-03-10 05:19:49,2,0.03,21.6,0.06,0.76,81.21,yellow,credit card,LaGuardia Airport,Woodside,Queens,Queens
2019-03-20 04:48:31,2019-03-20 05:04:07,2,2.25,18.74,2.19,0.05,24.1,yellow,cash,Lincoln Square East,Ocean Hill,Manhattan,Brooklyn
2019-03-09 01:24:33,2019-03-09 01:37:39,1,0.79,11.9,4.78,0.05,22.32,yellow,credit card,Union Sq,Midtown Center,Manhattan,Manhattan
2019-03-14 01:07:17,2019-03-14 01:20:40,1,0.13,9.7,2.21,0.2,13.38,yellow,cash,Central Harlem North,West Concourse,Manhattan,Bronx
2019-03-22 18:24:05,2019-03-22 18:37:11,1,4.37,28.2,11.94,1.48,69.96,yellow,credit card,Astoria,Fresh Meadows,Queens,Queens
2019-03-27 02:50:35,2019-03-27 03:04:58,1,1.41,7.2,0.44,0.21,31.68,yellow,cash,Penn Station/Madison Sq West,Forest Hills,Manhattan,Queens
2019-03-20 14:43:33,2019-03-20 14:57:50,1,0.9,9.2,0.14,0.06,16.61,yellow,credit card,East Harlem South,DUMBO/Vinegar Hill,Manhattan,Brooklyn
2019-03-14 19:32:16,2019-03-14 19:45:35,1,0.06,8.77,0.02,0.03,11.5,yellow,cash,Upper West Side South,Manhattan Valley,Manhattan,Manhattan
2019-03-06 21:02:17,2019-03-06 21:17:38,5,3.56,7.8,0.25,0.0,16.57,yellow,credit card,Garment District,Whitestone,Manhattan,Queens
2019-03-10 10:28:43,2019-03-10 10:42:51,1,0.54,14.1,0.11,0.41,21.22,yellow,cash,Midtown Center,Astoria,Manhattan,Queens
2019-03-18 00:49:13,2019-03-18 01:02:43,1,1.27,17.18,0.93,0.45,18.3,yellow,credit card,Park Slope,Fresh Meadows,Brooklyn,Queens
2019-03-21 09:52:03,2019-03-21 10:05:39,1,0.08,6.7,0.14,0.0,15.44,yellow,cash,Midtown East,Carroll Gardens,Manhattan,Brooklyn
2019-03-08 09:25:00,2019-03-08 09:39:28,1,2.44,15.06,7.76,0.12,23.0,yellow,credit card,Times Sq/Theatre District,Cobble Hill,Manhattan,Brooklyn
2019-03-27 02:20:19,2019-03-27 02:36:48,1,3.14,11.6,3.03,0.2,15.03,yellow,cash,Midtown South,Williamsbridge/Olinville,Manhattan,Bronx
2019-03-01 10:59:57,2019-03-01 11:14:36,1,3.4,13.9,5.1,0.12,40.59,yellow,credit card,East Village,Mott Haven/Port Morris,Manhattan,Bronx
2019-03-26 17:22:48,2019-03-26 17:35:54,1,6.65,22.44,0.84,0.5,34.5,yellow,cash,South Jamaica,Windsor Terrace,Queens,Brooklyn
2019-03-30 14:33:41,2019-03-30 14:49:38,1,5.27,29.26,0.29,0.85,73.1,yellow,credit card,Downtown Brooklyn/MetroTech,Canarsie,Brooklyn,Brooklyn
2019-03-23 07:16:01,2019-03-23 07:31:29,1,5.4,3.32,3.36,4.49,25.9,yellow,cash,Forest Hills,Canarsie,Queens,Brooklyn
2019-03-23 13:13:41,2019-03-23 13:29:49,1,5.93,5.1,0.2,0.11,9.62,yellow,credit card,TriBeCa/Civic Center,East Elmhurst,Manhattan,Queens
2019-03-26 20:54:44,2019-03-26 21:09:51,5,3.18,10.3,0.42,0.31,14.48,yellow,cash,East Harlem South,Crown Heights South,Manhattan,Brooklyn
2019-03-16 16:24:19,2019-03-16 16:38:38,1,5.33,3.9,1.52,0.69,7.91,yellow,credit card,Brownsville,Rosedale,Brooklyn,Queens
2019-03-22 20:29:41,2019-03-22 20:42:46,1,1.71,7.2,2.18,0.26,8.55,yellow,cash,Brooklyn Heights,Norwood,Brooklyn,Bronx
2019-03-20 01:08:02,2019-03-20 01:21:19,1,3.36,4.9,1.44,0.01,11.54,yellow,credit card,Stuyvesant Heights,Crotona Park East,Brooklyn,Bronx
2019-03-23 12:21:52,2019-03-23 12:34:46,1,10.71,19.55,3.74,2.29,23.8,yellow,cash,LaGuardia Airport,Lincoln Square East,Queens,Manhattan
2019-03-31 17:31:08,2019-03-31 17:44:45,1,1.87,15.6,0.59,0.15,24.71,yellow,credit card,Morningside Heights,Corona,Manhattan,Queens
2019-03-01 10:55:11,2019-03-01 11:10:05,1,2.09,14.8,3.13,0.13,23.22,yellow,cash,Central Park,Eastchester,Manhattan,Bronx
2019-03-15 08:02:04,2019-03-15 08:16:49,1,1.8,8.4,0.65,0.14,10.57,yellow,credit card,Upper East Side North,Brighton Beach,Manhattan,Brooklyn
2019-03-04 16:16:40,2019-03-04 16:29:28,5,1.43,12.0,1.06,0.48,13.47,yellow,cash,Fort Greene,Lenox Hill East,Brooklyn,Manhattan
2019-03-10 01:37:47,2019-03-10 01:53:25,1,0.01,6.51,5.53,0.04,8.8,yellow,credit card,World Trade Center,Chinatown,Manhattan,Manhattan
2019-03-12 14:35:15,2019-03-12 14:51:57,1,1.96,6.1,0.0,0.12,6.7,yellow,cash,Midtown East,Dyker Heights,Manhattan,Brooklyn
2019-03-02 10:40:31,2019-03-02 10:54:14,1,0.06,5.1,2.8,0.05,11.49,yellow,credit card,East Village,Crown Heights South,Manhattan,Brooklyn
2019-03-16 17:37:37,2019-03-16 17:54:44,1,0.82,13.5,2.72,0.02,16.99,yellow,cash,Garment District,Woodside,Manhattan,Queens
2019-03-16 03:13:34,2019-03-16 03:28:17,1,0.73,3.6,0.87,0.16,6.45,yellow,credit card,Upper East Side North,Old Astoria,Manhattan,Queens
2019-03-11 23:50:29,2019-03-12 00:06:57,1,1.2,22.5,1.83,0.05,33.1,yellow,cash,Midtown Center,Auburndale,Manhattan,Queens
2019-03-03 18:59:27,2019-03-03 19:15:08,3,1.87,9.57,2.17,0.18,12.4,yellow,credit card,Central Harlem North,Flatiron,Manhattan,Manhattan
2019-03-03 03:48:28,2019-03-03 04:04:18,3,2.1,5.4,0.45,0.25,31.08,yellow,cash,Financial District North,Marble Hill,Manhattan,Manhattan
2019-03-10 22:12:38,2019-03-10 22:27:53,3,0.36,11.2,0.48,0.26,14.95,yellow,credit card,Williamsburg (South Side),Eastchester,Brooklyn,Bronx
2019-03-23 17:28:00,2019-03-23 17:43:11,2,4.87,7.6,0.79,0.04,23.32,yellow,cash,Midtown East,Brownsville,Manhattan,Brooklyn
2019-03-19 11:17:49,2019-03-19 11:30:34,2,5.88,12.08,5.69,0.06,14.2,yellow,credit card,Midtown South,Park Slope,Manhattan,Brooklyn
2019-03-20 00:15:05,2019-03-20 00:27:49,3,0.85,4.0,1.27,0.02,10.64,yellow,cash,Central Harlem,Chinatown,Manhattan,Manhattan
2019-03-08 07:14:09,2019-03-08 07:25:47,1,2.09,16.5,0.95,0.05,19.36,yellow,credit card,Clinton Hill,Long Island City/Queens Plaza,Brooklyn,Queens
2019-03-02 02:27:31,2019-03-02 02:41:50,1,0.53,2.8,0.01,0.49,14.16,yellow,cash,Garment District,Gowanus,Manhattan,Brooklyn
2019-03-22 07:05:23,2019-03-22 07:20:14,1,1.52,9.33,7.34,0.29,29.5,green,credit card,West Chelsea/Hudson Yards,Fort Greene,Manhattan,Brooklyn
2019-03-15 08:02:24,2019-03-15 08:17:38,0,0.89,10.08,0.86,0.09,13.9,green,cash,Clinton East,Inwood,Manhattan,Manhattan
2019-03-01 03:18:50,2019-03-01 03:35:37,1,0.9,11.4,1.25,0.21,21.6,green,cash,Gramercy,Financial District North,Manhattan,Manhattan
2019-02-28 06:50:06,2019-02-28 07:05:02,1,3.84,4.17,1.47,1.61,49.0,green,credit card,East Elmhurst,Manhattan Valley,Queens,Manhattan
2019-03-07 04:07:21,2019-03-07 04:19:46,1,1.43,9.64,1.28,0.13,18.8,green,cash,Times Sq/Theatre District,West Concourse,Manhattan,Bronx
2019-03-25 20:27:44,2019-03-25 20:41:34,1,3.02,9.93,0.68,0.03,16.8,green,cash,SoHo,Westchester Village/Unionport,Manhattan,Bronx
2019-03-10 02:22:51,2019-03-10 02:37:57,1,7.75,13.08,2.64,4.45,50.9,green,credit card,Astoria,East Flushing,Queens,Queens
2019-03-24 10:31:11,2019-03-24 10:45:39,5,0.55,8.9,0.98,0.04,14.22,green,credit card,Kips Bay,Midtown North,Manhattan,Manhattan
2019-03-25 04:21:04,2019-03-25 04:34:41,1,4.89,16.06,0.24,0.41,29.3,green,credit card,Upper East Side South,Morrisania/Melrose,Manhattan,Bronx
2019-03-20 03:26:55,2019-03-20 03:41:09,2,1.49,5.65,6.56,0.18,9.5,green,cash,East Village,UN/Turtle Bay South,Manhattan,Manhattan
2019-03-18 22:20:18,2019-03-18 22:33:24,1,0.61,2.7,2.11,0.11,8.94,green,cash,Lower East Side,North Corona,Manhattan,Queens
2019-03-07 23:59:44,2019-03-08 00:15:10,1,3.7,5.1,0.14,0.1,10.95,green,credit card,Lenox Hill East,East Tremont,Manhattan,Bronx
2019-03-12 09:55:54,2019-03-12 10:10:17,1,0.34,6.3,3.67,0.21,11.48,green,credit card,Yorkville West,Williamsburg (North Side),Manhattan,Brooklyn
2019-03-24 04:08:38,2019-03-24 04:23:26,1,1.73,15.56,3.37,0.32,23.1,green,cash,Lower East Side,Kew Gardens Hills,Manhattan,Queens
2019-03-10 00:50:23,2019-03-10 01:06:17,1,0.41,12.64,0.11,0.07,16.9,green,credit card,Penn Station/Madison Sq West,Clinton East,Manhattan,Manhattan
2019-03-20 08:13:18,2019-03-20 08:27:32,1,1.77,12.6,0.44,0.25,27.26,green,credit card,Two Bridges/Seward Park,Canarsie,Manhattan,Brooklyn
2019-03-29 19:56:17,2019-03-29 20:10:44,5,5.02,10.3,0.9,0.14,39.13,green,cash,Upper East Side North,Murray Hill-Queens,Manhattan,Queens
2019-03-28 17:17:52,2019-03-28 17:32:27,1,1.43,17.3,2.04,0.22,18.6,green,cash,Little Italy/NoLiTa,Woodside,Manhattan,Queens
2019-03-22 16:08:18,2019-03-22 16:24:09,1,6.88,13.79,0.29,0.06,16.3,green,cash,Lincoln Square East,Upper East Side North,Manhattan,Manhattan
2019-03-15 10:38:56,2019-03-15 10:53:49,2,0.41,12.9,0.74,0.09,32.62,green,credit card,West Chelsea/Hudson Yards,Morrisania/Melrose,Manhattan,Bronx
2019-03-19 20:01:17,2019-03-19 20:16:00,3,0.21,11.91,1.08,0.03,13.0,green,cash,Lincoln Square East,Upper West Side South,Manhattan,Manhattan
2019-03-25 14:24:11,2019-03-25 14:40:28,1,1.41,9.5,3.32,0.37,19.06,green,cash,Midtown South,Upper West Side North,Manhattan,Manhattan
2019-03-17 02:38:48,2019-03-17 02:54:45,1,1.57,10.65,5.38,0.17,14.2,green,credit card,Upper East Side South,Upper West Side South,Manhattan,Manhattan
2019-03-11 22:01:20,2019-03-11 22:14:45,1,0.35,5.1,4.58,0.07,11.36,green,credit card,Central Park,Upper West Side South,Manhattan,Manhattan
2019-03-26 20:19:25,2019-03-26 20:34:50,3,8.57,7.3,2.15,0.07,24.02,green,cash,Steinway,Kingsbridge Heights,Queens,Bronx
2019-03-08 07:23:34,2019-03-08 07:36:45,2,1.17,10.1,1.16,0.35,16.04,green,cash,Murray Hill,Homecrest,Manhattan,Brooklyn
2019-03-10 06:10:43,2019-03-10 06:21:22,2,1.14,4.0,0.07,0.03,8.19,green,cash,Financial District North,Seaport,Manhattan,Manhattan
2019-03-02 18:18:26,2019-03-02 18:33:43,1,0.25,16.38,0.01,6.4,31.9,green,credit card,LaGuardia Airport,Stapleton,Queens,Staten Island
2019-03-20 14:34:14,2019-03-20 14:49:08,1,2.8,8.1,0.44,0.22,9.63,green,credit card,Midtown South,Spuyten Duyvil/Kingsbridge,Manhattan,Bronx
2019-03-04 20:39:45,2019-03-04 20:53:15,5,3.73,29.65,0.03,0.13,49.8,green,cash,Mott Haven/Port Morris,Manhattan Beach,Bronx,Brooklyn
2019-03-27 01:20:52,2019-03-27 01:35:18,2,0.78,6.6,0.63,0.13,28.85,green,credit card,East Chelsea,Sutton Place/Turtle Bay North,Manhattan,Manhattan
2019-03-04 17:41:45,2019-03-04 17:59:28,1,0.19,16.8,3.16,0.02,25.75,green,credit card,Kips Bay,Jackson Heights,Manhattan,Queens
2019-03-15 21:47:50,2019-03-15 22:00:15,2,4.91,5.8,0.34,0.09,8.33,green,credit card,SoHo,Upper East Side North,Manhattan,Manhattan
2019-02-28 22:19:17,2019-02-28 22:31:31,1,0.17,21.45,0.23,0.1,35.8,green,cash,West Chelsea/Hudson Yards,Brooklyn Heights,Manhattan,Brooklyn
2019-03-24 02:49:18,2019-03-24 03:05:51,1,0.86,10.6,3.02,0.52,19.9,green,cash,TriBeCa/Civic Center,Long Island City/Hunters Point,Manhattan,Queens
2019-03-20 03:48:28,2019-03-20 04:05:55,2,0.55,32.09,5.77,0.03,42.0,green,credit card,Upper West Side North,Elmhurst/Maspeth,Manhattan,Queens
2019-03-21 21:57:23,2019-03-21 22:09:05,1,3.69,6.91,2.88,0.13,16.0,green,cash,Carroll Gardens,Randalls Island,Brooklyn,Manhattan
2019-03-07 13:31:19,2019-03-07 13:46:23,1,8.31,7.4,1.66,0.01,7.47,green,cash,Battery Park City,Woodlawn/Wakefield,Manhattan,Bronx
2019-03-01 19:04:38,2019-03-01 19:15:52,2,3.67,21.46,2.89,1.7,22.6,green,credit card,Astoria,Marine Park/Mill Basin,Queens,Brooklyn
2019-03-30 04:37:24,2019-03-30 04:51:49,1,2.04,3.7,0.66,0.12,18.47,green,credit card,Upper West Side North,East Concourse/Concourse Village,Manhattan,Bronx
2019-03-06 05:09:16,2019-03-06 05:23:58,1,0.77,10.0,2.32,0.29,14.31,green,credit card,Upper East Side South,Bay Ridge,Manhattan,Brooklyn
2019-03-23 16:29:16,2019-03-23 16:44:26,1,0.01,11.4,0.85,0.03,13.04,green,cash,Midtown Center,Midwood,Manhattan,Brooklyn
2019-03-18 11:46:50,2019-03-18 12:02:33,2,0.88,10.2,4.48,0.2,14.47,green,cash,Midtown East,Bedford,Manhattan,Brooklyn
2019-03-16 19:02:25,2019-03-16 19:17:07,1,8.21,9.19,1.13,0.01,9.3,green,credit card,Penn Station/Madison Sq West,Battery Park,Manhattan,Manhattan
2019-03-17 13:22:37,2019-03-17 13:34:27,1,5.0,19.99,0.77,0.26,21.9,green,credit card,West Chelsea/Hudson Yards,Steinway,Manhattan,Queens
2019-03-19 12:50:34,2019-03-19 13:07:00,1,8.3,25.4,0.36,0.19,28.37,green,cash,Upper East Side South,Westchester Village/Unionport,Manhattan,Bronx
2019-02-28 17:37:46,2019-02-28 17:50:32,1,2.4,15.99,2.98,0.13,24.8,green,credit card,Times Sq/Theatre District,Brooklyn Heights,Manhattan,Brooklyn
2019-03-15 19:00:31,2019-03-15 19:14:38,1,0.34,5.59,11.33,0.08,12.3,green,credit card,Yorkville West,Lincoln Square West,Manhattan,Manhattan
2019-03-31 06:49:58,2019-03-31 07:03:37,4,0.09,10.77,0.76,0.13,12.5,green,credit card,Garment District,JFK Airport,Manhattan,Queens
2019-03-22 23:26:01,2019-03-22 23:40:02,1,0.61,8.8,1.86,0.06,15.84,green,cash,Midtown East,Belmont,Manhattan,Bronx
2019-03-14 15:00:02,2019-03-14 15:13:38,4,1.81,6.34,3.4,0.21,6.55,green,cash,Midtown Center,World Trade Center,Manhattan,Manhattan
2019-03-25 06:13:05,2019-03-25 06:24:42,4,4.08,14.8,1.4,0.05,42.2,green,credit card,East Chelsea,Flatlands,Manhattan,Brooklyn
2019-03-10 11:43:39,2019-03-10 11:54:18,1,0.29,6.5,1.93,0.08,7.8,green,cash,Greenwich Village North,UN/Turtle Bay South,Manhattan,Manhattan
2019-03-05 21:01:54,2019-03-05 21:15:29,1,6.11,11.11,2.76,0.46,15.5,green,cash,LaGuardia Airport,LaGuardia Airport,Queens,Queens
2019-03-14 23:28:17,2019-03-14 23:45:46,1,3.1,7.68,0.96,0.65,22.8,green,credit card,Crown Heights North,Van Nest/Morris Park,Brooklyn,Bronx
2019-03-31 16:27:14,2019-03-31 16:42:21,2,0.62,11.86,0.77,0.02,18.8,green,credit card,East Chelsea,Kips Bay,Manhattan,Manhattan
2019-03-25 06:39:56,2019-03-25 06:56:04,1,0.42,8.94,1.19,0.12,15.1,green,cash,Yorkville East,Pelham Parkway,Manhattan,Bronx
2019-02-28 17:51:14,2019-02-28 18:05:49,1,0.81,14.2,1.21,0.05,17.8,green,cash,Lenox Hill East,Bedford,Manhattan,Brooklyn
2019-03-10 08:19:40,2019-03-10 08:31:47,5,4.83,4.15,1.91,0.0,34.9,green,cash,Boerum Hill,Queens Village,Brooklyn,Queens
2019-03-09 00:41:20,2019-03-09 00:55:02,4,1.63,13.5,9.75,0.09,17.34,green,credit card,Lenox Hill East,TriBeCa/Civic Center,Manhattan,Manhattan
2019-03-12 16:24:46,2019-03-12 16:36:36,1,2.89,4.1,2.85,0.32,33.47,green,credit card,Garment District,Yorkville East,Manhattan,Manhattan
2019-03-15 14:10:21,2019-03-15 14:24:10,1,0.39,11.2,1.28,0.01,31.09,green,cash,East Harlem North,JFK Airport,Manhattan,Queens
2019-03-14 07:34:17,2019-03-14 07:50:59,2,0.85,7.7,0.88,0.15,17.02,green,credit card,Times Sq/Theatre District,Auburndale,Manhattan,Queens
2019-03-11 08:17:31,2019-03-11 08:35:56,1,1.36,7.3,3.48,0.15,23.26,green,credit card,UN/Turtle Bay South,Midtown Center,Manhattan,Manhattan
2019-03-31 03:17:01,2019-03-31 03:32:08,1,0.4,12.8,5.05,0.11,23.3,green,cash,East Chelsea,Morningside Heights,Manhattan,Manhattan
2019-03-30 19:09:00,2019-03-30 19:23:59,1,0.94,6.4,2.04,0.01,11.47,green,cash,Midtown East,Midtown North,Manhattan,Manhattan
2019-03-26 13:31:04,2019-03-26 13:44:20,1,3.23,8.9,0.04,0.06,11.95,green,cash,Lincoln Square East,Chinatown,Manhattan,Manhattan
2019-03-15 16:56:27,2019-03-15 17:10:40,1,1.37,18.8,0.21,0.95,19.17,green,credit card,LaGuardia Airport,Washington Heights North,Queens,Manhattan
2019-03-30 01:23:14,2019-03-30 01:38:44,1,0.73,5.6,1.58,0.09,7.89,green,cash,Upper East Side North,Clinton Hill,Manhattan,Brooklyn
2019-02-28 20:10:19,2019-02-28 20:23:49,0,7.63,32.9,0.8,1.74,43.25,green,cash,JFK Airport,Prospect Park,Queens,Brooklyn
2019-03-02 08:23:21,2019-03-02 08:36:46,1,0.75,4.5,0.33,0.49,81.43,green,credit card,Cobble Hill,Greenwich Village South,Brooklyn,Manhattan
2019-03-21 22:50:35,2019-03-21 23:03:37,1,8.43,7.62,1.35,0.14,12.9,green,credit card,Upper East Side North,Bushwick North,Manhattan,Brooklyn
2019-03-15 19:38:09,2019-03-15 19:54:03,1,9.06,13.6,3.2,0.18,21.14,green,credit card,Hamilton Heights,Carroll Gardens,Manhattan,Brooklyn
2019-03-02 22:30:08,2019-03-02 22:43:26,1,3.64,3.0,0.75,0.35,18.49,green,cash,Lenox Hill West,Sunset Park West,Manhattan,Brooklyn
2019-03-29 10:57:25,2019-03-29 11:11:17,3,0.06,6.5,1.05,0.0,15.69,green,cash,Upper West Side North,Allerton/Pelham Gardens,Manhattan,Bronx
2019-03-21 03:32:24,2019-03-21 03:45:50,1,1.05,10.16,4.9,0.24,14.66,green,credit card,Times Sq/Theatre District,Marine Park/Mill Basin,Manhattan,Brooklyn
2019-03-25 14:10:55,2019-03-25 14:24:49,2,0.92,7.48,6.9,0.14,10.53,green,credit card,UN/Turtle Bay South,Flushing Meadows-Corona Park,Manhattan,Queens
2019-03-21 18:07:29,2019-03-21 18:22:54,1,2.63,15.74,9.51,0.6,16.8,green,cash,Upper West Side North,Stuy Town/Peter Cooper Village,Manhattan,Manhattan
2019-03-16 09:00:55,2019-03-16 09:15:47,1,5.34,14.6,5.35,0.01,18.28,green,credit card,Lincoln Square East,Cobble Hill,Manhattan,Brooklyn
2019-03-16 00:31:31,2019-03-16 00:43:49,2,3.58,11.3,0.38,0.18,13.21,green,credit card,Chinatown,Prospect Park,Manhattan,Brooklyn
2019-03-03 10:50:54,2019-03-03 11:02:34,3,2.18,11.4,1.28,0.19,19.59,green,credit card,East Harlem North,Belmont,Manhattan,Bronx
2019-03-31 00:18:24,2019-03-31 00:33:13,1,0.5,7.2,1.99,0.23,10.0,green,cash,Lenox Hill East,Flatlands,Manhattan,Brooklyn
2019-03-23 02:09:57,2019-03-23 02:22:52,1,1.66,33.0,0.92,0.04,49.79,green,cash,Midtown North,Douglaston,Manhattan,Queens
2019-03-01 02:30:14,2019-03-01 02:47:21,1,4.39,16.2,5.11,5.45,116.27,green,credit card,JFK Airport,Mott Haven/Port Morris,Queens,Bronx
2019-03-09 03:37:30,2019-03-09 03:51:10,1,1.46,7.21,0.67,0.07,7.3,green,cash,East Harlem South,East New York,Manhattan,Brooklyn
2019-03-03 18:53:23,2019-03-03 19:09:01,1,0.87,10.93,1.05,0.36,12.5,green,cash,Midtown East,Central Park,Manhattan,Manhattan
2019-03-20 22:24:14,2019-03-20 22:38:21,1,4.58,8.7,0.25,0.07,23.94,green,credit card,Upper East Side North,Flushing,Manhattan,Queens
2019-03-19 04:29:59,2019-03-19 04:44:32,1,4.54,4.85,0.05,0.1,5.7,green,credit card,TriBeCa/Civic Center,Upper West Side South,Manhattan,Manhattan
2019-03-04 03:17:02,2019-03-04 03:35:09,2,0.74,5.9,3.95,0.67,9.0,green,cash,Penn Station/Madison Sq West,Sunnyside,Manhattan,Queens
2019-03-18 00:52:52,2019-03-18 01:07:12,1,1.21,5.86,1.64,0.02,11.8,green,cash,Times Sq/Theatre District,Lincoln Square East,Manhattan,Manhattan
2019-03-22 16:43:36,2019-03-22 16:56:17,1,0.87,3.21,0.59,0.1,29.0,green,cash,Stuyvesant Heights,Bensonhurst East,Brooklyn,Brooklyn
2019-03-10 18:26:44,2019-03-10 18:40:01,1,1.11,20.3,1.07,0.05,33.18,green,credit card,Midtown Center,Alphabet City,Manhattan,Manhattan
2019-03-12 09:01:49,2019-03-12 09:14:46,1,0.94,9.6,0.82,0.1,16.1,green,credit card,Penn Station/Madison Sq West,Flatbush/Ditmas Park,Manhattan,Brooklyn
2019-03-09 20:09:51,2019-03-09 20:24:47,1,2.31,8.0,2.44,0.07,16.56,green,cash,Upper East Side South,Battery Park City,Manhattan,Manhattan
2019-03-05 07:26:07,2019-03-05 07:42:11,1,0.18,4.4,0.02,0.06,23.39,green,credit card,Greenwich Village South,Fresh Meadows,Manhattan,Queens
2019-03-17 13:56:53,2019-03-17 14:08:56,1,12.27,8.7,2.04,1.41,25.48,green,credit card,Astoria,Upper East Side South,Queens,Manhattan
2019-03-12 17:56:00,2019-03-12 18:10:32,2,2.95,15.0,2.72,0.15,17.57,green,credit card,Union Sq,SoHo,Manhattan,Manhattan
2019-03-02 01:36:48,2019-03-02 01:52:25,1,2.0,8.4,1.49,0.0,16.38,green,cash,Clinton East,Greenpoint,Manhattan,Brooklyn
2019-03-09 23:17:18,2019-03-09 23:32:11,2,0.17,7.8,3.21,0.12,21.51,green,cash,Midtown North,Auburndale,Manhattan,Queens
2019-03-16 12:40:29,2019-03-16 12:52:44,3,1.3,6.66,1.44,0.21,9.2,green,credit card,East Village,Central Harlem,Manhattan,Manhattan
2019-03-17 07:34:56,2019-03-17 07:49:26,1,1.89,4.4,0.83,0.04,24.24,green,cash,Lower East Side,Flushing Meadows-Corona Park,Manhattan,Queens
2019-02-28 12:12:54,2019-02-28 12:25:56,2,9.15,3.9,3.12,0.16,28.99,green,cash,Lincoln Square East,Columbia Street,Manhattan,Brooklyn
2019-03-21 00:18:33,2019-03-21 00:33:28,1,1.79,7.43,4.4,0.08,9.04,green,credit card,Lincoln Square East,Queensbridge/Ravenswood,Manhattan,Queens
2019-03-26 03:29:47,2019-03-26 03:43:02,1,1.27,5.0,3.42,0.04,13.0,green,credit card,Lincoln Square East,Stapleton,Manhattan,Staten Island
2019-03-07 20:43:42,2019-03-07 20:57:21,1,1.2,9.39,0.08,0.05,9.8,green,credit card,Midtown Center,Steinway,Manhattan,Queens
2019-03-01 20:02:01,2019-03-01 20:16:56,1,6.67,10.4,0.5,0.19,12.4,green,cash,Greenwich Village North,Midtown South,Manhattan,Manhattan
2019-03-30 12:21:41,2019-03-30 12:37:10,1,2.38,14.9,3.93,0.2,16.59,green,cash,Lower East Side,Ridgewood,Manhattan,Queens
2019-03-24 08:52:43,2019-03-24 09:06:55,1,0.7,10.6,0.75,0.02,13.74,green,credit card,Midtown East,Van Nest/Morris Park,Manhattan,Bronx
2019-03-27 15:59:08,2019-03-27 16:14:33,1,8.16,33.6,0.44,2.69,80.83,green,credit card,JFK Airport,Crown Heights North,Queens,Brooklyn
2019-03-28 12:42:11,2019-03-28 12:54:05,1,0.98,8.5,1.02,0.2,10.51,green,cash,Garment District,University Heights/Morris Heights,Manhattan,Bronx
2019-03-25 03:08:13,2019-03-25 03:23:40,1,0.27,17.63,4.1,0.07,20.9,green,credit card,Penn Station/Madison Sq West,Old Astoria,Manhattan,Queens
2019-03-19 04:47:49,2019-03-19 05:03:23,3,0.98,14.7,6.29,0.03,21.34,green,credit card,World Trade Center,Lenox Hill West,Manhattan,Manhattan
2019-03-27 06:54:30,2019-03-27 07:08:09,1,1.3,7.7,1.54,0.02,13.8,green,cash,Murray Hill,Bayside,Manhattan,Queens
2019-03-22 16:38:40,2019-03-22 16:54:50,1,0.32,16.1,1.18,0.71,20.46,green,cash,Brooklyn Heights,Woodlawn/Wakefield,Brooklyn,Bronx
2019-03-24 17:33:03,2019-03-24 17:47:46,1,2.02,6.0,4.85,0.4,13.17,green,cash,Morningside Heights,Morrisania/Melrose,Manhattan,Bronx
2019-03-23 04:24:32,2019-03-23 04:39:21,1,3.6,6.5,1.25,0.09,28.63,green,credit card,Little Italy/NoLiTa,Canarsie,Manhattan,Brooklyn
2019-03-19 05:28:21,2019-03-19 05:38:48,1,1.47,9.7,0.38,0.11,13.64,green,cash,Lenox Hill West,Kew Gardens,Manhattan,Queens
2019-03-31 13:50:40,2019-03-31 14:04:14,1,1.69,5.91,5.26,0.07,14.1,green,cash,Meatpacking/West Village West,Borough Park,Manhattan,Brooklyn
2019-03-06 13:48:08,2019-03-06 14:02:42,1,0.62,9.23,2.77,0.12,37.6,green,credit card,Sutton Place/Turtle Bay North,Midtown North,Manhattan,Manhattan
2019-03-27 01:38:00,2019-03-27 01:53:34,2,0.85,5.8,2.38,0.12,26.12,green,credit card,Times Sq/Theatre District,Yorkville West,Manhattan,Manhattan
2019-03-30 14:15:19,2019-03-30 14:30:16,1,1.51,13.68,0.0,0.08,15.6,green,cash,Boerum Hill,Madison,Brooklyn,Brooklyn
2019-03-15 02:01:09,2019-03-15 02:13:39,1,4.03,10.9,0.09,0.14,11.97,green,cash,Upper West Side South,Garment District,Manhattan,Manhattan
2019-03-29 19:51:27,2019-03-29 20:05:19,1,0.42,13.8,5.12,0.02,29.7,green,cash,Lincoln Square East,Greenpoint,Manhattan,Brooklyn
2019-03-09 01:12:21,2019-03-09 01:27:18,1,2.16,10.76,5.5,0.21,16.1,green,credit card,Financial District South,Washington Heights North,Manhattan,Manhattan
2019-03-10 07:08:19,2019-03-10 07:22:38,1,0.34,10.17,1.68,0.38,30.2,green,credit card,Downtown Brooklyn/MetroTech,Red Hook,Brooklyn,Brooklyn
2019-03-07 13:54:32,2019-03-07 14:10:58,1,0.26,15.74,2.57,0.01,17.0,green,cash,Lincoln Square East,Brooklyn Heights,Manhattan,Brooklyn
2019-03-15 06:58:34,2019-03-15 07:13:04,1,12.55,4.23,1.29,0.01,16.2,green,credit card,Yorkville East,Inwood,Manhattan,Manhattan
2019-03-24 22:33:13,2019-03-24 22:47:24,1,0.61,10.0,0.15,0.03,10.02,green,credit card,Yorkville West,Ocean Hill,Manhattan,Brooklyn
2019-03-20 06:33:53,2019-03-20 06:47:01,1,2.38,11.73,0.21,0.01,17.6,green,cash,Midtown Center,UN/Turtle Bay South,Manhattan,Manhattan
2019-03-13 21:17:24,2019-03-13 21:29:43,2,7.52,9.5,2.34,0.09,20.07,green,cash,Kips Bay,Lower East Side,Manhattan,Manhattan
2019-03-10 18:59:04,2019-03-10 19:14:48,1,2.37,6.6,2.47,0.26,24.89,green,cash,Penn Station/Madison Sq West,Spuyten Duyvil/Kingsbridge,Manhattan,Bronx
2019-03-22 06:08:31,2019-03-22 06:22:44,1,1.83,8.3,3.47,2.6,34.7,green,credit card,LaGuardia Airport,Canarsie,Queens,Brooklyn
2019-02-28 21:32:33,2019-02-28 21:44:59,6,0.18,2.7,1.75,0.07,22.14,green,cash,Times Sq/Theatre District,Central Park,Manhattan,Manhattan
2019-03-05 18:28:32,2019-03-05 18:39:38,4,3.68,10.54,0.63,0.02,12.5,green,cash,Midtown South,Gravesend,Manhattan,Brooklyn
2019-03-18 12:17:41,2019-03-18 12:30:04,6,3.71,16.9,1.75,0.11,19.54,green,credit card,Meatpacking/West Village West,Van Nest/Morris Park,Manhattan,Bronx
2019-03-09 05:22:15,2019-03-09 05:37:13,1,4.77,7.4,0.77,0.07,22.16,green,credit card,Penn Station/Madison Sq West,UN/Turtle Bay South,Manhattan,Manhattan
2019-03-07 06:11:02,2019-03-07 06:25:46,1,2.95,7.68,2.41,6.7,81.72,green,credit card,LaGuardia Airport,Financial District South,Queens,Manhattan
2019-03-25 14:13:26,2019-03-25 14:27:43,1,1.25,9.49,1.23,0.19,19.5,green,cash,Murray Hill,South Jamaica,Manhattan,Queens
2019-03-07 07:46:03,2019-03-07 08:00:29,1,0.49,3.9,3.11,0.69,13.61,green,cash,Flatiron,Sutton Place/Turtle Bay North,Manhattan,Manhattan
2019-03-04 09:42:32,2019-03-04 09:55:33,2,1.87,6.9,4.24,0.17,10.23,green,credit card,Midtown South,Pelham Parkway,Manhattan,Bronx
2019-03-04 10:55:21,2019-03-04 11:09:36,1,3.04,6.8,0.2,0.05,15.09,green,credit card,Clinton West,Williamsburg (South Side),Manhattan,Brooklyn
2019-03-07 03:42:45,2019-03-07 03:58:47,1,2.99,24.4,1.57,0.34,35.33,green,cash,Midtown North,Bloomingdale,Manhattan,Manhattan
2019-03-17 16:10:50,2019-03-17 16:25:43,1,0.35,5.43,0.56,0.01,9.0,green,credit card,Upper East Side North,East Flushing,Manhattan,Queens
2019-03-06 23:16:22,2019-03-06 23:28:37,1,1.32,5.43,0.99,0.02,15.1,green,credit card,Bensonhurst East,East Flushing,Brooklyn,Queens
2019-03-23 22:47:24,2019-03-23 23:03:02,1,2.02,4.2,0.88,0.02,18.17,green,cash,Seaport,Upper East Side North,Manhattan,Manhattan
2019-03-22 13:59:22,2019-03-22 14:14:08,1,8.89,25.9,8.2,0.47,28.91,green,cash,JFK Airport,Sutton Place/Turtle Bay North,Queens,Manhattan
2019-03-16 15:55:25,2019-03-16 16:10:31,1,0.36,13.9,1.35,0.37,18.36,green,cash,Upper East Side South,East Harlem North,Manhattan,Manhattan
2019-03-03 19:21:21,2019-03-03 19:32:38,1,3.91,6.7,3.08,0.14,23.23,green,credit card,West Village,Kew Gardens Hills,Manhattan,Queens
2019-03-11 21:35:35,2019-03-11 21:50:40,2,1.98,5.6,0.02,0.69,7.84,green,cash,Midwood,Bath Beach,Brooklyn,Brooklyn
2019-03-12 22:47:37,2019-03-12 23:01:14,2,1.68,11.9,0.22,0.15,14.21,green,cash,SoHo,Lenox Hill West,Manhattan,Manhattan
2019-03-17 10:25:05,2019-03-17 10:40:03,1,9.98,19.47,1.79,0.93,23.0,green,credit card,JFK Airport,East Harlem South,Queens,Manhattan
2019-03-02 22:47:38,2019-03-02 23:01:08,2,0.92,7.9,2.27,0.32,15.55,green,credit card,Greenwich Village North,Long Island City/Queens Plaza,Manhattan,Queens
2019-03-19 09:21:05,2019-03-19 09:33:37,2,1.04,4.3,0.94,0.88,12.85,green,cash,Lincoln Square East,Washington Heights North,Manhattan,Manhattan
2019-03-09 07:16:04,2019-03-09 07:30:09,1,4.62,5.3,0.59,0.22,11.49,green,cash,Upper East Side South,Meatpacking/West Village West,Manhattan,Manhattan
2019-03-01 16:46:27,2019-03-01 17:02:22,1,3.33,4.57,2.35,0.02,5.4,green,cash,Flatiron,Hudson Sq,Manhattan,Manhattan
2019-03-19 22:27:36,2019-03-19 22:43:49,1,1.1,15.6,0.08,1.57,23.01,green,credit card,Kingsbridge Heights,Bensonhurst West,Bronx,Brooklyn
2019-03-09 21:11:50,2019-03-09 21:25:10,1,1.69,8.7,1.25,0.02,18.24,green,credit card,Greenwich Village South,Sheepshead Bay,Manhattan,Brooklyn
2019-03-26 10:26:23,2019-03-26 10:38:47,1,2.91,8.3,3.94,0.04,10.95,green,cash,Clinton East,Hudson Sq,Manhattan,Manhattan
2019-03-28 20:38:55,2019-03-28 20:53:55,5,0.37,27.7,0.09,0.04,27.76,green,credit card,Upper East Side South,Kingsbridge Heights,Manhattan,Bronx
2019-03-18 09:04:58,2019-03-18 09:16:38,1,17.41,3.38,0.05,0.87,17.3,green,credit card,Queensbridge/Ravenswood,Claremont/Bathgate,Queens,Bronx
2019-03-06 21:43:28,2019-03-06 21:58:09,2,2.38,10.5,0.55,3.58,29.88,green,credit card,LaGuardia Airport,Upper West Side North,Queens,Manhattan
2019-03-03 02:27:32,2019-03-03 02:41:16,2,0.07,7.3,1.19,0.07,8.61,green,cash,Lincoln Square East,Union Sq,Manhattan,Manhattan
2019-03-21 05:47:40,2019-03-21 06:04:07,6,0.19,7.2,3.5,0.19,35.71,green,cash,Midtown East,Westchester Village/Unionport,Manhattan,Bronx
2019-03-06 02:31:50,2019-03-06 02:45:09,2,2.75,32.23,0.08,3.59,43.2,green,credit card,Soundview/Castle Hill,Steinway,Bronx,Queens
2019-03-22 03:17:12,2019-03-22 03:32:13,1,4.03,12.6,0.27,0.26,19.62,green,cash,East Village,Eastchester,Manhattan,Bronx
2019-03-26 21:59:28,2019-03-26 22:12:04,1,2.66,19.7,0.4,0.12,42.58,green,cash,Murray Hill,Hudson Sq,Manhattan,Manhattan
2019-03-14 07:43:35,2019-03-14 07:59:05,1,0.4,6.5,0.35,0.36,10.48,green,credit card,Kips Bay,Bedford,Manhattan,Brooklyn
2019-03-21 04:47:06,2019-03-21 05:02:38,1,8.12,3.12,1.67,0.69,3.4,green,credit card,Fort Greene,Upper East Side South,Brooklyn,Manhattan
2019-03-21 05:28:21,2019-03-21 05:44:40,1,0.65,6.2,3.76,0.23,27.98,green,credit card,Penn Station/Madison Sq West,West Village,Manhattan,Manhattan
2019-03-12 09:06:13,2019-03-12 09:22:02,1,4.92,9.47,0.04,1.21,52.8,green,cash,Mott Haven/Port Morris,Lower East Side,Bronx,Manhattan
2019-03-01 17:51:56,2019-03-01 18:06:04,1,7.41,4.5,4.22,0.01,19.34,green,cash,Times Sq/Theatre District,Woodside,Manhattan,Queens
2019-03-31 07:57:48,2019-03-31 08:15:17,2,6.18,16.6,1.54,0.19,20.96,green,credit card,Clinton East,Whitestone,Manhattan,Queens
2019-03-19 19:15:18,2019-03-19 19:29:58,1,2.55,9.6,2.8,0.95,20.49,green,credit card,East Flushing,Washington Heights North,Queens,Manhattan
2019-03-22 20:39:19,2019-03-22 20:53:50,2,0.83,13.6,4.34,0.11,29.43,green,cash,Union Sq,Greenwich Village North,Manhattan,Manhattan
2019-03-01 09:22:30,2019-03-01 09:35:36,1,3.0,5.1,1.47,0.04,20.35,green,credit card,East Harlem North,Soundview/Castle Hill,Manhattan,Bronx
2019-02-28 12:57:40,2019-02-28 13:12:03,6,0.74,3.0,0.5,0.12,22.12,green,credit card,Battery Park City,Lenox Hill East,Manhattan,Manhattan
2019-03-26 19:46:24,2019-03-26 20:03:37,1,0.3,3.2,0.65,0.07,11.37,green,cash,Central Park,Red Hook,Manhattan,Brooklyn
2019-03-15 22:06:27,2019-03-15 22:21:21,1,0.97,3.0,0.45,0.04,11.83,green,cash,Midtown Center,Upper East Side South,Manhattan,Manhattan
2019-03-28 02:29:28,2019-03-28 02:42:32,1,4.35,10.8,0.89,0.06,11.24,green,cash,Upper East Side North,Bayside,Manhattan,Queens
2019-03-03 12:08:31,2019-03-03 12:23:17,1,2.09,6.8,1.05,0.2,11.5,green,credit card,Morningside Heights,Prospect-Lefferts Gardens,Manhattan,Brooklyn
2019-03-10 15:28:43,2019-03-10 15:44:31,1,0.98,5.8,3.71,0.13,10.86,green,cash,East Harlem South,Homecrest,Manhattan,Brooklyn
2019-03-04 03:09:21,2019-03-04 03:23:28,2,0.37,10.88,5.59,0.38,36.2,green,cash,Flatiron,Norwood,Manhattan,Bronx
2019-03-01 08:52:23,2019-03-01 09:07:53,1,5.44,10.6,0.25,1.58,15.86,green,credit card,Rego Park,Co-Op City,Queens,Bronx
2019-02-28 17:34:56,2019-02-28 17:49:03,6,0.28,10.2,0.84,0.06,11.75,green,credit card,Clinton West,Cypress Hills,Manhattan,Brooklyn
2019-03-12 14:09:06,2019-03-12 14:22:19,1,3.03,10.2,0.97,0.16,15.46,green,cash,Midtown Center,Lenox Hill East,Manhattan,Manhattan
2019-02-28 16:52:00,2019-02-28 17:06:20,1,2.69,2.1,1.28,0.01,20.66,green,cash,Sutton Place/Turtle Bay North,Hamilton Heights,Manhattan,Manhattan
2019-03-09 01:35:15,2019-03-09 01:48:44,1,1.8,7.9,4.41,0.31,24.77,green,cash,Hudson Sq,Bushwick South,Manhattan,Brooklyn
2019-03-02 01:32:50,2019-03-02 01:46:59,1,0.91,6.12,0.05,0.19,15.6,green,credit card,Midtown South,Murray Hill-Queens,Manhattan,Queens
2019-03-12 10:59:56,2019-03-12 11:14:33,1,0.21,7.1,2.59,0.16,17.24,green,credit card,Little Italy/NoLiTa,Gowanus,Manhattan,Brooklyn
2019-03-09 03:56:21,2019-03-09 04:11:14,2,1.97,6.8,0.36,0.16,12.56,green,cash,West Village,Van Cortlandt Village,Manhattan,Bronx
2019-03-05 22:17:27,2019-03-05 22:32:46,1,0.11,5.0,1.05,0.1,13.69,green,credit card,Chinatown,Garment District,Manhattan,Manhattan
2019-03-30 00:34:13,2019-03-30 00:47:17,1,1.26,13.3,0.48,0.32,18.03,green,credit card,East Village,Canarsie,Manhattan,Brooklyn
2019-03-24 08:52:13,2019-03-24 09:06:04,1,2.03,17.7,1.08,0.02,27.24,green,cash,SoHo,Seaport,Manhattan,Manhattan
2019-03-11 15:49:16,2019-03-11 16:05:38,1,0.12,8.8,2.02,0.1,12.42,green,cash,UN/Turtle Bay South,Washington Heights South,Manhattan,Manhattan
2019-03-27 13:40:13,2019-03-27 13:54:48,2,1.9,5.94,2.77,0.12,9.4,green,cash,Seaport,Park Slope,Manhattan,Brooklyn
2019-03-04 02:30:30,2019-03-04 02:44:56,1,2.14,9.0,0.08,0.11,25.09,green,credit card,Cobble Hill,Kew Gardens,Brooklyn,Queens
2019-03-13 04:49:52,2019-03-13 05:05:11,1,4.13,17.91,11.49,2.16,25.4,green,cash,JFK Airport,South Ozone Park,Queens,Queens
2019-03-18 06:39:32,2019-03-18 06:54:31,1,1.7,9.7,0.65,0.39,12.71,green,cash,Times Sq/Theatre District,Battery Park City,Manhattan,Manhattan
2019-03-05 20:56:35,2019-03-05 21:10:28,1,0.66,15.03,0.24,0.1,15.9,green,credit card,Washington Heights South,College Point,Manhattan,Queens
2019-03-11 18:16:18,2019-03-11 18:30:09,3,1.31,8.9,2.83,0.58,9.35,green,credit card,Times Sq/Theatre District,Rosedale,Manhattan,Queens
2019-03-27 02:38:39,2019-03-27 02:52:25,1,13.46,23.0,3.33,0.83,27.06,green,credit card,LaGuardia Airport,Bushwick South,Queens,Brooklyn
2019-03-20 15:09:36,2019-03-20 15:24:23,1,0.94,5.1,0.41,0.2,16.67,green,cash,Manhattan Valley,Red Hook,Manhattan,Brooklyn
2019-03-30 15:34:51,2019-03-30 15:47:50,1,0.74,7.0,0.13,0.03,24.88,green,cash,Upper East Side South,Flatiron,Manhattan,Manhattan
2019-03-31 13:14:15,2019-03-31 13:33:59,1,3.23,9.1,0.12,0.26,14.44,green,credit card,Greenwich Village South,Gravesend,Manhattan,Brooklyn
2019-03-13 18:39:05,2019-03-13 18:52:08,1,2.77,12.8,0.34,0.1,41.74,green,credit card,Boerum Hill,Bushwick South,Brooklyn,Brooklyn
2019-03-15 03:19:57,2019-03-15 03:36:20,1,2.32,12.6,0.05,0.1,23.68,green,cash,Williamsburg (North Side),Morningside Heights,Brooklyn,Manhattan
2019-03-12 21:49:58,2019-03-12 22:04:32,5,3.69,17.87,2.77,0.13,18.8,green,credit card,Union Sq,Rosedale,Manhattan,Queens
2019-03-26 02:59:12,2019-03-26 03:11:52,2,0.52,9.22,0.52,0.24,9.5,green,credit card,East Harlem South,East Williamsburg,Manhattan,Brooklyn
2019-03-07 18:11:23,2019-03-07 18:26:23,1,3.33,10.91,4.24,0.37,14.0,green,credit card,Meatpacking/West Village West,Brooklyn Heights,Manhattan,Brooklyn
2019-03-27 21:56:04,2019-03-27 22:10:07,1,3.19,8.8,0.03,0.25,24.43,green,cash,West Chelsea/Hudson Yards,Bedford Park,Manhattan,Bronx
2019-03-13 01:45:02,2019-03-13 02:00:18,1,13.35,12.13,2.18,0.08,17.3,green,cash,Meatpacking/West Village West,Clinton West,Manhattan,Manhattan
2019-03-14 23:46:43,2019-03-14 23:58:39,2,6.92,7.2,0.7,0.04,14.69,green,credit card,Midtown Center,Central Harlem,Manhattan,Manhattan
2019-03-28 18:00:42,2019-03-28 18:17:11,1,3.11,9.72,0.36,0.04,16.9,green,cash,Hudson Sq,Flatbush/Ditmas Park,Manhattan,Brooklyn
2019-03-01 05:10:21,2019-03-01 05:24:00,1,3.63,7.5,0.59,0.06,9.51,green,cash,East Harlem North,Alphabet City,Manhattan,Manhattan
2019-03-06 06:01:13,2019-03-06 06:15:09,1,0.85,8.5,0.49,0.29,31.88,green,credit card,Times Sq/Theatre District,Greenwich Village South,Manhattan,Manhattan
2019-03-31 03:39:15,2019-03-31 03:53:24,2,0.64,8.7,0.62,0.14,9.14,green,credit card,East Flatbush/Remsen Village,Lenox Hill East,Brooklyn,Manhattan
2019-03-19 01:38:20,2019-03-19 01:51:41,2,1.13,12.1,0.68,0.32,13.52,green,cash,Penn Station/Madison Sq West,Melrose South,Manhattan,Bronx
2019-03-12 18:55:51,2019-03-12 19:10:41,1,0.46,8.14,0.53,0.4,24.6,green,cash,Garment District,Seaport,Manhattan,Manhattan
2019-03-26 01:42:46,2019-03-26 01:56:46,2,0.21,19.7,2.34,0.02,47.89,green,cash,Dyker Heights,Lower East Side,Brooklyn,Manhattan
2019-03-20 13:15:29,2019-03-20 13:30:19,1,6.23,7.53,6.8,0.17,16.23,green,credit card,Gramercy,Prospect-Lefferts Gardens,Manhattan,Brooklyn
2019-03-06 13:06:26,2019-03-06 13:19:56,5,2.6,6.4,0.93,0.01,24.15,green,credit card,Midtown Center,Howard Beach,Manhattan,Queens
2019-03-18 18:06:39,2019-03-18 18:20:14,4,1.37,27.13,1.71,2.54,53.4,green,cash,Jamaica Estates,West Brighton,Queens,Staten Island
2019-03-30 23:46:08,2019-03-30 23:57:55,1,6.03,9.08,1.55,0.23,32.7,green,credit card,DUMBO/Vinegar Hill,UN/Turtle Bay South,Brooklyn,Manhattan
2019-03-12 17:13:50,2019-03-12 17:27:32,1,3.07,6.6,2.79,0.31,22.3,green,credit card,Lincoln Square East,East Flushing,Manhattan,Queens
2019-03-13 05:38:54,2019-03-13 05:52:29,0,0.36,7.1,1.96,0.05,32.99,green,credit card,Flatiron,Woodhaven,Manhattan,Queens
2019-03-18 16:19:41,2019-03-18 16:30:39,1,1.81,7.01,5.3,0.09,8.07,green,cash,Midtown South,East Flatbush/Farragut,Manhattan,Brooklyn
2019-03-02 13:42:50,2019-03-02 13:57:42,1,0.43,13.3,0.43,0.07,33.12,green,cash,East Harlem South,East Harlem North,Manhattan,Manhattan
2019-03-10 02:58:30,2019-03-10 03:10:03,2,14.61,13.2,0.22,6.33,58.42,green,credit card,JFK Airport,Gravesend,Queens,Brooklyn
2019-03-12 00:08:29,2019-03-12 00:23:35,1,1.63,6.1,1.76,0.06,25.01,green,cash,Brownsville,Melrose South,Brooklyn,Bronx
2019-03-05 16:34:10,2019-03-05 16:45:55,1,2.96,11.46,0.17,0.78,31.1,green,cash,Bedford,East Harlem North,Brooklyn,Manhattan
2019-03-07 08:13:48,2019-03-07 08:26:20,2,1.94,8.1,1.08,0.03,11.74,green,credit card,Washington Heights South,Spuyten Duyvil/Kingsbridge,Manhattan,Bronx
2019-03-16 19:17:06,2019-03-16 19:33:58,1,0.5,6.2,4.74,0.17,6.85,green,credit card,Little Italy/NoLiTa,Howard Beach,Manhattan,Queens
2019-03-25 11:41:52,2019-03-25 11:58:03,1,2.98,12.8,2.48,0.02,16.07,green,credit card,Murray Hill,Upper West Side North,Manhattan,Manhattan
2019-03-20 01:24:53,2019-03-20 01:39:30,1,5.81,6.2,2.33,0.0,15.78,green,cash,Lincoln Square West,Cypress Hills,Manhattan,Brooklyn
2019-02-28 15:17:12,2019-02-28 15:33:42,1,0.01,7.01,2.84,0.03,9.5,green,cash,Times Sq/Theatre District,Chinatown,Manhattan,Manhattan
2019-03-15 02:19:21,2019-03-15 02:33:22,1,3.79,8.2,1.26,0.37,12.08,green,credit card,West Chelsea/Hudson Yards,Homecrest,Manhattan,Brooklyn
2019-03-20 23:36:46,2019-03-20 23:50:49,1,0.77,5.46,0.15,0.15,7.8,green,credit card,East Chelsea,Parkchester,Manhattan,Bronx
2019-03-02 16:01:08,2019-03-02 16:15:39,2,1.07,3.9,1.0,0.6,23.28,green,cash,Greenwich Village South,Starrett City,Manhattan,Brooklyn
2019-03-07 07:47:02,2019-03-07 07:59:07,1,5.9,7.72,1.98,0.01,29.9,green,credit card,Hamilton Heights,Midtown South,Manhattan,Manhattan
2019-03-16 17:09:34,2019-03-16 17:24:42,1,4.06,25.7,3.23,0.16,36.2,green,credit card,Yorkville West,Flatiron,Manhattan,Manhattan
2019-03-24 18:22:07,2019-03-24 18:35:08,1,1.54,12.06,1.24,0.06,42.0,green,credit card,Downtown Brooklyn/MetroTech,Saint Albans,Brooklyn,Queens
2019-03-26 09:33:51,2019-03-26 09:45:36,1,3.11,9.1,0.82,0.07,16.97,green,cash,West Chelsea/Hudson Yards,Meatpacking/West Village West,Manhattan,Manhattan
2019-03-23 10:37:36,2019-03-23 10:49:07,0,13.64,3.5,0.0,0.75,44.48,green,cash,Maspeth,Queensbridge/Ravenswood,Queens,Queens
2019-03-13 09:20:30,2019-03-13 09:33:59,1,1.96,12.18,1.55,0.01,13.0,green,credit card,Greenwich Village North,Central Harlem North,Manhattan,Manhattan
2019-03-04 12:01:08,2019-03-04 12:16:31,4,2.35,1.8,0.76,0.0,5.82,green,cash,Clinton Hill,Lenox Hill West,Brooklyn,Manhattan
2019-03-18 06:28:42,2019-03-18 06:43:10,1,0.88,12.3,4.81,0.04,18.7,green,cash,Upper East Side North,Greenwich Village North,Manhattan,Manhattan
2019-03-14 00:09:25,2019-03-14 00:25:00,2,1.7,13.8,1.55,0.02,20.96,green,credit card,Clinton East,East Williamsburg,Manhattan,Brooklyn
2019-03-16 04:21:00,2019-03-16 04:35:59,2,0.56,10.7,3.07,0.39,26.71,green,credit card,Lenox Hill West,Fort Greene,Manhattan,Brooklyn
2019-03-28 12:36:29,2019-03-28 12:52:12,1,3.57,7.3,0.42,0.23,21.64,green,cash,Garment District,Prospect Park,Manhattan,Brooklyn
2019-03-17 19:41:34,2019-03-17 19:54:29,5,0.83,7.4,0.89,0.04,7.96,green,cash,Upper East Side South,Pelham Parkway,Manhattan,Bronx
2019-03-17 09:49:41,2019-03-17 10:03:38,1,0.12,8.53,2.41,0.1,21.7,green,cash,Murray Hill,Kew Gardens Hills,Manhattan,Queens
2019-03-21 04:35:34,2019-03-21 04:50:37,1,0.28,8.9,1.77,0.02,9.68,green,credit card,Lenox Hill West,Homecrest,Manhattan,Brooklyn
2019-03-06 14:57:08,2019-03-06 15:11:31,5,0.28,5.2,0.49,0.07,12.7,green,credit card,Upper West Side North,Jamaica Estates,Manhattan,Queens
2019-03-31 05:31:00,2019-03-31 05:44:48,1,1.3,7.12,0.01,1.01,40.6,green,cash,University Heights/Morris Heights,Melrose South,Bronx,Bronx
2019-03-01 03:50:23,2019-03-01 04:04:20,1,7.1,12.93,1.81,0.17,38.7,green,credit card,Garment District,Bensonhurst East,Manhattan,Brooklyn
2019-03-02 19:00:47,2019-03-02 19:15:48,1,2.57,15.05,1.05,0.14,37.5,green,credit card,Penn Station/Madison Sq West,South Ozone Park,Manhattan,Queens
2019-03-24 16:11:37,2019-03-24 16:24:45,1,7.67,15.4,1.61,0.02,44.25,green,cash,LaGuardia Airport,Park Slope,Queens,Brooklyn
2019-03-03 20:52:08,2019-03-03 21:07:55,1,0.24,12.2,6.32,0.74,33.49,green,cash,Chinatown,Clinton East,Manhattan,Manhattan
2019-03-26 19:29:58,2019-03-26 19:43:23,1,1.25,12.3,3.11,0.25,12.72,green,cash,Lenox Hill West,Brighton Beach,Manhattan,Brooklyn
2019-03-18 01:30:50,2019-03-18 01:45:20,1,0.32,14.3,1.75,0.13,17.3,green,credit card,UN/Turtle Bay South,Borough Park,Manhattan,Brooklyn
2019-03-30 15:22:34,2019-03-30 15:37:28,1,3.18,7.6,0.81,0.4,61.2,green,cash,Brooklyn Heights,Downtown Brooklyn/MetroTech,Brooklyn,Brooklyn
2019-03-19 01:13:46,2019-03-19 01:28:45,1,2.64,13.85,0.61,0.16,14.4,green,cash,East Chelsea,South Williamsburg,Manhattan,Brooklyn
2019-03-18 20:08:55,2019-03-18 20:22:16,3,6.75,19.4,0.31,0.11,37.98,green,credit card,SoHo,Middle Village,Manhattan,Queens
2019-03-17 22:54:49,2019-03-17 23:09:38,2,0.61,9.7,5.44,0.17,11.6,green,credit card,Lenox Hill East,Van Cortlandt Village,Manhattan,Bronx
2019-03-24 19:28:18,2019-03-24 19:41:44,1,0.73,6.89,3.98,0.01,10.7,green,credit card,Times Sq/Theatre District,Woodhaven,Manhattan,Queens
2019-03-15 00:16:40,2019-03-15 00:30:59,1,2.78,11.7,0.4,0.33,18.87,green,cash,Soundview/Bruckner,Brighton Beach,Bronx,Brooklyn
2019-03-23 06:38:07,2019-03-23 06:51:29,1,5.4,31.6,7.28,0.68,43.13,green,cash,Astoria,Upper West Side South,Queens,Manhattan
2019-03-22 06:52:29,2019-03-22 07:07:08,1,4.33,17.38,0.68,0.23,18.6,green,credit card,Washington Heights South,Kew Gardens,Manhattan,Queens
2019-03-24 15:32:40,2019-03-24 15:47:19,1,4.04,8.33,3.87,0.02,13.9,green,credit card,West Village,Battery Park City,Manhattan,Manhattan
2019-03-20 19:44:20,2019-03-20 19:58:38,1,5.82,11.7,0.58,0.31,55.88,green,cash,LaGuardia Airport,Murray Hill,Queens,Manhattan
2019-03-22 01:49:17,2019-03-22 02:01:05,5,4.66,12.06,1.11,0.42,14.1,green,credit card,Sutton Place/Turtle Bay North,Seaport,Manhattan,Manhattan
2019-03-08 17:48:14,2019-03-08 18:02:25,1,1.46,9.4,4.11,0.05,38.33,green,credit card,East Harlem North,Borough Park,Manhattan,Brooklyn
2019-03-09 01:11:13,2019-03-09 01:26:20,1,0.09,13.5,1.01,0.1,21.57,green,cash,Meatpacking/West Village West,Yorkville West,Manhattan,Manhattan
2019-03-09 13:14:51,2019-03-09 13:27:57,5,0.17,13.1,0.38,0.02,23.23,green,cash,Penn Station/Madison Sq West,Battery Park,Manhattan,Manhattan
2019-03-12 12:21:12,2019-03-12 12:37:01,1,6.02,5.9,0.92,0.0,22.31,green,cash,Little Italy/NoLiTa,Morningside Heights,Manhattan,Manhattan
2019-03-07 04:50:35,2019-03-07 05:04:30,2,1.96,15.83,3.36,0.21,22.6,green,credit card,Upper West Side South,Van Cortlandt Village,Manhattan,Bronx
2019-03-13 02:22:09,2019-03-13 02:36:36,1,2.58,17.73,0.1,0.02,31.9,green,cash,Maspeth,Fort Greene,Queens,Brooklyn
2019-03-16 19:28:39,2019-03-16 19:43:53,6,0.57,5.91,0.96,0.2,12.0,green,cash,Midtown North,UN/Turtle Bay South,Manhattan,Manhattan
2019-03-12 08:04:30,2019-03-12 08:19:06,1,2.03,4.2,0.0,0.04,13.31,green,credit card,East Harlem North,Central Harlem,Manhattan,Manhattan
2019-03-01 23:00:12,2019-03-01 23:13:33,1,5.36,6.58,0.49,0.07,9.9,green,credit card,Upper West Side North,Park Slope,Manhattan,Brooklyn
2019-03-19 00:18:02,2019-03-19 00:34:47,1,17.24,16.41,1.45,0.07,21.2,green,cash,Clinton East,Upper East Side South,Manhattan,Manhattan
2019-03-05 13:12:53,2019-03-05 13:28:51,1,10.29,10.49,0.56,0.0,16.9,green,cash,Central Park,Middle Village,Manhattan,Queens
2019-03-07 15:12:30,2019-03-07 15:29:54,1,0.76,5.75,3.2,0.15,14.59,green,cash,East Harlem North,University Heights/Morris Heights,Manhattan,Bronx
2019-03-28 06:02:59,2019-03-28 06:16:31,1,1.95,5.1,0.92,0.22,28.56,green,credit card,Little Italy/NoLiTa,Brooklyn Heights,Manhattan,Brooklyn
2019-03-21 22:11:58,2019-03-21 22:24:53,1,0.03,16.3,0.11,0.08,25.43,green,credit card,Williamsburg (North Side),Sheepshead Bay,Brooklyn,Brooklyn
2019-03-16 00:31:06,2019-03-16 00:45:55,1,5.49,13.6,1.39,0.05,17.87,green,cash,West Village,Crown Heights South,Manhattan,Brooklyn
2019-03-17 17:10:53,2019-03-17 17:24:11,1,1.18,7.1,2.58,0.07,16.99,green,credit card,Murray Hill,Manhattan Valley,Manhattan,Manhattan
2019-03-23 01:54:29,2019-03-23 02:12:44,1,1.12,6.2,3.87,0.04,13.49,green,credit card,Little Italy/NoLiTa,Brighton Beach,Manhattan,Brooklyn
2019-03-21 13:07:02,2019-03-21 13:21:33,1,1.59,12.5,0.05,0.15,30.91,green,credit card,Midtown East,Chinatown,Manhattan,Manhattan
2019-03-16 00:51:56,2019-03-16 01:05:53,2,3.64,10.9,0.08,0.29,34.5,green,cash,Belmont,Baisley Park,Bronx,Queens
2019-02-28 08:14:49,2019-02-28 08:27:59,1,0.43,4.5,0.61,0.0,21.66,green,cash,Murray Hill,Mount Hope,Manhattan,Bronx
2019-03-15 01:47:20,2019-03-15 02:03:36,1,2.26,7.0,1.0,0.11,9.69,green,credit card,Financial District North,Sutton Place/Turtle Bay North,Manhattan,Manhattan
2019-03-19 07:45:11,2019-03-19 07:57:54,1,1.23,7.0,1.13,0.03,16.2,green,cash,Upper West Side South,SoHo,Manhattan,Manhattan
2019-03-19 21:43:13,2019-03-19 21:55:34,1,1.71,13.1,1.36,0.17,15.5,green,cash,Upper East Side South,Financial District South,Manhattan,Manhattan
2019-03-31 08:17:33,2019-03-31 08:32:28,2,4.72,11.98,0.21,0.06,16.1,green,credit card,Lenox Hill East,Midtown Center,Manhattan,Manhattan
2019-03-22 20:43:14,2019-03-22 20:57:21,2,0.2,2.8,0.43,0.11,10.94,green,credit card,Yorkville West,Manhattan Valley,Manhattan,Manhattan
2019-03-20 08:32:54,2019-03-20 08:49:16,1,5.4,6.23,6.53,2.16,15.0,green,credit card,JFK Airport,Glendale,Queens,Queens
2019-03-21 00:09:24,2019-03-21 00:22:38,1,0.69,14.09,2.75,0.05,14.1,green,cash,Midtown North,Clinton Hill,Manhattan,Brooklyn
2019-03-15 04:09:37,2019-03-15 04:23:52,1,0.4,9.4,1.87,0.03,30.39,green,cash,Union Sq,Clinton East,Manhattan,Manhattan
2019-03-29 10:41:32,2019-03-29 10:53:38,1,3.42,7.6,0.13,0.07,23.86,green,credit card,East Harlem North,Kew Gardens,Manhattan,Queens
2019-03-17 10:48:40,2019-03-17 11:05:11,1,1.42,9.4,1.01,0.26,32.97,green,credit card,Midtown South,Marine Park/Mill Basin,Manhattan,Brooklyn
2019-03-21 04:51:33,2019-03-21 05:06:21,2,0.3,7.84,0.65,0.56,9.5,green,cash,Gramercy,Melrose South,Manhattan,Bronx
2019-03-01 17:07:13,2019-03-01 17:20:27,1,0.65,14.59,0.96,0.18,17.2,green,credit card,Upper East Side South,Soundview/Bruckner,Manhattan,Bronx
2019-03-16 05:54:04,2019-03-16 06:09:28,1,1.64,13.5,0.27,0.06,17.32,green,credit card,Clinton East,Westchester Village/Unionport,Manhattan,Bronx
2019-03-27 14:10:26,2019-03-27 14:24:23,1,5.21,7.5,2.12,0.22,19.31,green,credit card,Union Sq,Kingsbridge Heights,Manhattan,Bronx
2019-03-31 13:12:43,2019-03-31 13:28:06,3,17.83,26.2,4.67,2.4,54.35,green,cash,Long Island City/Hunters Point,Williamsbridge/Olinville,Queens,Bronx
2019-03-16 23:02:22,2019-03-16 23:17:07,1,0.99,6.4,2.68,0.01,17.12,green,cash,West Chelsea/Hudson Yards,Inwood Hill Park,Manhattan,Manhattan
2019-03-08 19:44:19,2019-03-08 19:57:49,1,5.76,6.02,1.59,0.07,21.7,green,credit card,Little Italy/NoLiTa,Cambria Heights,Manhattan,Queens
2019-03-27 20:03:39,2019-03-27 20:17:22,1,11.28,5.8,1.54,1.14,59.23,green,cash,Jamaica,Kew Gardens,Queens,Queens
2019-03-30 10:25:57,2019-03-30 10:39:44,1,4.16,4.5,1.64,0.72,13.55,green,cash,JFK Airport,Two Bridges/Seward Park,Queens,Manhattan
2019-03-14 17:32:38,2019-03-14 17:47:57,1,2.04,4.6,2.85,0.2,19.41,green,credit card,Penn Station/Madison Sq West,Eastchester,Manhattan,Bronx
2019-03-14 23:19:55,2019-03-14 23:33:56,2,7.78,4.1,3.01,0.02,19.2,green,credit card,Times Sq/Theatre District,Manhattanville,Manhattan,Manhattan
2019-03-17 18:39:06,2019-03-17 18:52:06,1,2.61,11.96,0.1,0.03,15.6,green,cash,Lenox Hill West,Manhattanville,Manhattan,Manhattan
2019-03-17 20:01:35,2019-03-17 20:16:05,1,4.2,6.0,0.7,0.12,16.02,green,cash,East Village,North Corona,Manhattan,Queens
2019-03-12 08:30:18,2019-03-12 08:44:02,1,1.94,7.8,2.45,0.02,14.12,green,cash,Lincoln Square East,East Flushing,Manhattan,Queens
2019-03-15 10:03:17,2019-03-15 10:16:42,1,3.16,11.3,0.22,0.13,19.71,green,credit card,UN/Turtle Bay South,Bedford,Manhattan,Brooklyn
2019-03-14 18:25:05,2019-03-14 18:40:01,1,1.88,10.4,0.55,0.05,21.84,green,credit card,West Village,Cobble Hill,Manhattan,Brooklyn
2019-03-21 14:35:15,2019-03-21 14:48:50,2,3.43,4.2,0.38,0.06,20.68,green,cash,Midtown East,Gravesend,Manhattan,Brooklyn
2019-03-18 09:55:48,2019-03-18 10:10:30,1,1.7,5.4,4.83,0.02,15.53,green,credit card,Kips Bay,Melrose South,Manhattan,Bronx
2019-03-15 23:01:15,2019-03-15 23:16:11,1,3.01,8.94,0.01,0.1,11.5,green,credit card,Hudson Sq,Garment District,Manhattan,Manhattan
2019-03-03 21:03:57,2019-03-03 21:18:19,1,1.26,9.8,0.2,0.23,29.82,green,cash,Upper East Side North,Cambria Heights,Manhattan,Queens
2019-03-12 06:59:12,2019-03-12 07:12:37,1,2.67,5.83,0.2,0.3,10.6,green,cash,Fort Greene,Murray Hill,Brooklyn,Manhattan
2019-03-10 21:26:46,2019-03-10 21:40:47,4,6.69,8.4,1.28,0.02,16.44,green,cash,Upper West Side North,Rego Park,Manhattan,Queens
2019-03-06 00:38:50,2019-03-06 00:54:20,1,4.87,1.3,2.91,3.2,4.04,green,credit card,JFK Airport,Garment District,Queens,Manhattan
2019-03-15 03:20:25,2019-03-15 03:34:38,1,0.19,6.9,2.02,0.1,15.1,green,cash,Midtown East,Downtown Brooklyn/MetroTech,Manhattan,Brooklyn
2019-03-25 17:05:34,2019-03-25 17:21:22,0,4.94,17.1,0.09,0.32,23.48,green,cash,Midtown South,Yorkville West,Manhattan,Manhattan
2019-03-27 21:01:38,2019-03-27 21:14:48,1,5.13,7.5,1.69,4.4,8.77,green,credit card,Richmond Hill,LaGuardia Airport,Queens,Queens
2019-03-09 15:41:54,2019-03-09 15:56:43,2,0.1,18.67,0.22,1.83,32.8,green,credit card,Highbridge,Midtown South,Bronx,Manhattan
2019-03-15 22:58:12,2019-03-15 23:11:30,1,5.33,10.4,1.96,2.37,97.18,green,credit card,JFK Airport,East Harlem North,Queens,Manhattan
2019-03-01 10:20:59,2019-03-01 10:34:44,1,0.76,4.9,2.3,0.0,14.25,green,cash,East Harlem South,Oakland Gardens,Manhattan,Queens
2019-02-28 04:46:09,2019-02-28 05:03:03,1,3.12,2.4,0.08,0.26,19.84,green,cash,Morningside Heights,Long Island City/Queens Plaza,Manhattan,Queens
2019-03-30 21:08:36,2019-03-30 21:21:17,1,5.14,13.31,1.33,0.09,13.6,green,credit card,Gramercy,Manhattanville,Manhattan,Manhattan
2019-03-19 04:54:02,2019-03-19 05:09:23,1,0.22,5.7,0.44,0.06,7.15,green,credit card,Lenox Hill East,Flushing,Manhattan,Queens
2019-03-24 06:01:17,2019-03-24 06:14:00,1,1.59,3.4,1.91,0.02,45.23,green,cash,Lenox Hill West,Financial District North,Manhattan,Manhattan
2019-03-15 09:50:07,2019-03-15 10:05:10,1,9.1,7.2,1.56,0.16,24.83,green,credit card,Times Sq/Theatre District,Bath Beach,Manhattan,Brooklyn
2019-03-08 21:17:57,2019-03-08 21:34:11,2,9.76,23.2,1.6,0.16,60.31,green,credit card,North Corona,Corona,Queens,Queens
2019-03-20 23:50:18,2019-03-21 00:07:39,2,1.37,4.1,0.14,0.03,10.7,green,credit card,East Chelsea,Red Hook,Manhattan,Brooklyn
2019-03-20 17:44:35,2019-03-20 17:59:58,1,7.11,7.2,1.19,0.02,8.69,green,cash,Battery Park City,East Elmhurst,Manhattan,Queens
2019-02-28 07:51:16,2019-02-28 08:06:08,1,0.32,16.4,0.68,0.03,23.88,green,cash,Murray Hill,East Tremont,Manhattan,Bronx
2019-03-03 17:35:21,2019-03-03 17:50:10,1,0.75,7.8,1.04,0.16,23.1,green,credit card,Lower East Side,West Village,Manhattan,Manhattan
2019-03-25 02:13:55,2019-03-25 02:27:42,1,0.76,12.19,1.68,0.01,22.2,green,cash,Murray Hill,Mott Haven/Port Morris,Manhattan,Bronx
2019-03-04 16:59:34,2019-03-04 17:14:30,1,0.88,5.4,3.13,0.3,12.07,green,cash,Yorkville West,Gramercy,Manhattan,Manhattan
2019-03-15 22:02:33,2019-03-15 22:15:42,1,1.89,13.3,4.29,0.05,24.77,green,credit card,Midtown South,Roosevelt Island,Manhattan,Manhattan
2019-03-25 20:26:05,2019-03-25 20:42:09,1,0.48,7.7,0.53,0.21,17.14,green,credit card,East Harlem North,Queensbridge/Ravenswood,Manhattan,Queens
2019-03-28 14:48:24,2019-03-28 15:02:32,1,1.21,6.98,0.45,0.09,51.8,green,cash,Upper East Side South,Chinatown,Manhattan,Manhattan
2019-03-21 19:42:14,2019-03-21 19:55:22,1,1.98,4.1,2.4,0.03,7.07,green,cash,East Chelsea,Auburndale,Manhattan,Queens
2019-03-10 21:42:28,2019-03-10 21:56:55,1,0.07,7.1,0.04,0.1,10.44,green,cash,Flatiron,Central Harlem North,Manhattan,Manhattan
2019-03-31 21:26:17,2019-03-31 21:39:21,1,1.29,6.2,2.15,0.24,18.71,green,credit card,SoHo,JFK Airport,Manhattan,Queens
2019-03-03 16:17:53,2019-03-03 16:30:54,1,2.24,12.66,0.26,0.16,17.7,green,credit card,SoHo,Bronxdale,Manhattan,Bronx
2019-03-26 02:04:31,2019-03-26 02:19:21,1,0.67,10.9,0.24,0.19,12.53,green,cash,Financial District South,Astoria,Manhattan,Queens
2019-03-15 10:33:24,2019-03-15 10:47:46,1,2.62,5.9,0.3,0.11,33.1,green,credit card,Williamsburg (South Side),SoHo,Brooklyn,Manhattan
2019-03-18 02:47:33,2019-03-18 03:02:01,1,5.12,10.8,0.99,0.16,24.9,green,credit card,East Harlem North,Crown Heights South,Manhattan,Brooklyn
2019-03-27 05:55:56,2019-03-27 06:09:17,1,1.0,12.01,0.51,0.86,12.3,green,credit card,JFK Airport,TriBeCa/Civic Center,Queens,Manhattan
2019-03-31 15:34:45,2019-03-31 15:50:05,1,1.81,11.4,3.75,0.01,12.96,green,cash,Upper East Side South,Forest Hills,Manhattan,Queens
2019-03-28 19:27:00,2019-03-28 19:40:54,1,0.47,4.5,4.3,0.47,20.76,green,cash,Midtown South,Bloomingdale,Manhattan,Manhattan
2019-03-20 15:41:36,2019-03-20 15:58:12,1,5.08,7.8,2.42,0.05,26.3,green,credit card,Times Sq/Theatre District,Upper East Side North,Manhattan,Manhattan
2019-03-12 08:43:39,2019-03-12 08:58:00,1,1.21,8.4,7.13,0.26,19.0,green,cash,Penn Station/Madison Sq West,Mott Haven/Port Morris,Manhattan,Bronx
2019-03-31 18:12:04,2019-03-31 18:28:25,3,1.72,15.07,2.25,0.46,16.7,green,cash,Midtown South,Sunset Park West,Manhattan,Brooklyn
2019-03-06 10:27:40,2019-03-06 10:40:09,1,1.03,22.2,2.08,0.1,52.27,green,credit card,Midtown East,Midtown North,Manhattan,Manhattan
2019-03-30 00:02:49,2019-03-30 00:17:56,1,1.45,8.7,2.12,0.49,15.19,green,credit card,Times Sq/Theatre District,Garment District,Manhattan,Manhattan
2019-03-08 05:41:39,2019-03-08 05:55:49,1,2.8,11.2,0.84,0.04,17.29,green,credit card,Midtown Center,Flushing Meadows-Corona Park,Manhattan,Queens
2019-03-23 17:56:04,2019-03-23 18:12:47,1,1.45,6.4,4.61,0.09,10.76,green,cash,Midtown Center,South Jamaica,Manhattan,Queens
2019-03-03 10:10:44,2019-03-03 10:24:39,1,24.67,10.09,0.27,3.87,29.0,green,cash,Old Astoria,Clinton West,Queens,Manhattan
2019-03-11 02:13:11,2019-03-11 02:29:01,4,0.57,7.0,0.26,0.16,9.85,green,credit card,Crown Heights North,East Williamsburg,Brooklyn,Brooklyn
2019-03-07 14:04:59,2019-03-07 14:19:30,1,0.12,9.6,1.13,0.04,19.4,green,credit card,East Village,Inwood,Manhattan,Manhattan
2019-03-08 05:03:45,2019-03-08 05:16:26,1,0.56,8.2,4.24,0.15,22.6,green,cash,Midtown East,Van Cortlandt Village,Manhattan,Bronx
2019-03-30 00:58:27,2019-03-30 01:14:30,5,0.59,7.3,0.12,0.03,17.79,green,credit card,Flatiron,Elmhurst/Maspeth,Manhattan,Queens
2019-03-05 05:27:13,2019-03-05 05:42:03,1,0.82,9.54,1.45,0.02,15.5,green,credit card,Park Slope,Queensboro Hill,Brooklyn,Queens
2019-03-01 16:58:36,2019-03-01 17:14:11,1,1.02,7.34,0.1,1.38,14.7,green,credit card,East Tremont,Alphabet City,Bronx,Manhattan
2019-03-29 11:21:04,2019-03-29 11:32:55,2,6.89,7.03,1.11,0.02,11.2,green,cash,Midtown Center,Murray Hill-Queens,Manhattan,Queens
2019-03-13 08:14:58,2019-03-13 08:32:15,2,0.48,15.4,1.33,0.18,21.36,green,cash,Upper East Side North,Kips Bay,Manhattan,Manhattan
2019-03-18 01:27:28,2019-03-18 01:42:52,1,0.84,10.2,0.79,0.07,12.43,green,credit card,Central Park,Manhattan Beach,Manhattan,Brooklyn
2019-02-28 23:34:50,2019-02-28 23:49:51,3,10.16,17.44,1.01,0.13,23.1,green,cash,Upper East Side South,Pelham Parkway,Manhattan,Bronx
2019-03-02 17:02:58,2019-03-02 17:16:09,1,6.21,18.26,0.11,0.01,18.8,green,cash,Jackson Heights,Kew Gardens,Queens,Queens
2019-03-20 01:31:14,2019-03-20 01:47:23,1,2.82,2.9,0.53,0.18,32.81,green,credit card,Penn Station/Madison Sq West,Sunnyside,Manhattan,Queens
2019-03-07 06:47:56,2019-03-07 07:03:38,1,2.49,4.0,2.22,0.0,7.94,green,credit card,Midtown East,Flushing,Manhattan,Queens
2019-03-05 01:06:05,2019-03-05 01:21:43,5,2.26,20.84,2.26,0.07,27.0,green,cash,Gramercy,Melrose South,Manhattan,Bronx
2019-03-24 19:49:55,2019-03-24 20:06:17,5,4.95,5.1,0.11,0.05,10.2,green,cash,West Chelsea/Hudson Yards,Canarsie,Manhattan,Brooklyn
2019-03-17 20:46:29,2019-03-17 20:59:45,1,5.02,2.0,1.46,0.07,15.54,green,cash,Sutton Place/Turtle Bay North,Old Astoria,Manhattan,Queens
2019-03-02 23:25:41,2019-03-02 23:38:26,1,8.31,13.9,0.86,0.2,14.02,green,credit card,Clinton East,Central Harlem,Manhattan,Manhattan
2019-03-02 07:43:44,2019-03-02 07:57:59,1,2.2,11.0,1.21,0.19,11.38,green,credit card,Central Harlem North,Starrett City,Manhattan,Brooklyn
2019-03-01 14:06:59,2019-03-01 14:21:18,5,1.31,5.3,3.98,0.08,22.7,green,cash,Lincoln Square East,Marble Hill,Manhattan,Manhattan
2019-03-27 20:02:16,2019-03-27 20:16:50,1,1.92,4.5,0.03,0.09,14.45,green,credit card,Downtown Brooklyn/MetroTech,Prospect Park,Brooklyn,Brooklyn
2019-03-02 01:53:56,2019-03-02 02:07:10,1,1.14,12.45,1.21,0.04,13.6,green,credit card,UN/Turtle Bay South,Downtown Brooklyn/MetroTech,Manhattan,Brooklyn
2019-03-04 12:33:11,2019-03-04 12:48:35,1,2.25,13.09,3.49,0.15,22.2,green,cash,Upper West Side South,Battery Park,Manhattan,Manhattan
2019-03-02 21:52:49,2019-03-02 22:07:06,1,10.76,5.1,0.0,0.02,23.51,green,cash,Hamilton Heights,East Village,Manhattan,Manhattan
2019-03-15 05:58:12,2019-03-15 06:11:07,1,0.21,8.0,1.87,0.36,45.43,green,cash,Central Harlem North,Seaport,Manhattan,Manhattan
2019-02-28 17:02:04,2019-02-28 17:15:09,2,0.46,26.8,8.47,0.0,43.23,green,credit card,Clinton West,Sutton Place/Turtle Bay North,Manhattan,Manhattan
2019-03-07 14:06:07,2019-03-07 14:18:37,1,1.03,12.57,0.19,0.01,27.1,green,cash,East Chelsea,South Jamaica,Manhattan,Queens
2019-03-05 19:26:23,2019-03-05 19:39:21,0,0.05,17.61,1.04,0.02,21.4,green,cash,Yorkville West,Central Harlem North,Manhattan,Manhattan
2019-03-02 17:50:25,2019-03-02 18:04:23,3,6.59,8.1,2.01,0.08,10.81,green,credit card,Midtown South,Bushwick North,Manhattan,Brooklyn
2019-03-29 04:51:59,2019-03-29 05:05:54,1,2.29,5.8,0.06,0.06,8.72,green,credit card,Yorkville West,Upper West Side South,Manhattan,Manhattan
2019-03-18 09:05:32,2019-03-18 09:20:40,1,3.2,6.1,0.39,0.11,14.93,green,credit card,Union Sq,Co-Op City,Manhattan,Bronx
2019-03-07 21:02:01,2019-03-07 21:17:37,5,0.46,8.8,0.28,0.17,14.13,green,cash,Midtown East,Washington Heights South,Manhattan,Manhattan
2019-03-18 23:51:33,2019-03-19 00:06:02,1,3.6,9.8,1.67,0.22,36.02,green,cash,East Harlem South,East Harlem South,Manhattan,Manhattan
2019-03-30 03:43:38,2019-03-30 03:59:59,1,0.08,5.9,0.27,0.15,15.41,green,credit card,East Harlem South,Manhattanville,Manhattan,Manhattan
2019-03-23 22:28:34,2019-03-23 22:43:54,1,0.61,14.4,0.35,0.19,19.11,green,credit card,Kips Bay,Dyker Heights,Manhattan,Brooklyn
2019-03-30 01:50:12,2019-03-30 02:06:37,1,3.14,9.75,0.33,0.23,16.4,green,cash,TriBeCa/Civic Center,Bushwick South,Manhattan,Brooklyn
2019-03-06 00:46:28,2019-03-06 01:00:55,5,10.91,9.43,4.4,0.03,13.16,green,credit card,Midtown North,Middle Village,Manhattan,Queens
2019-02-28 10:37:06,2019-02-28 10:51:36,1,3.58,10.2,1.58,0.14,20.11,green,credit card,Greenwich Village North,Windsor Terrace,Manhattan,Brooklyn
2019-03-07 19:01:55,2019-03-07 19:16:45,1,3.25,5.9,0.05,0.23,19.88,green,cash,Penn Station/Madison Sq West,South Williamsburg,Manhattan,Brooklyn
2019-03-11 11:38:08,2019-03-11 11:52:18,1,3.81,7.5,1.6,0.08,16.2,green,cash,Gramercy,Norwood,Manhattan,Bronx
2019-03-20 08:02:46,2019-03-20 08:14:46,1,9.02,10.22,0.4,0.02,10.3,green,cash,Lenox Hill East,Springfield Gardens South,Manhattan,Queens
2019-03-08 12:16:55,2019-03-08 12:30:07,1,4.0,3.6,0.82,0.11,10.45,green,credit card,West Village,Alphabet City,Manhattan,Manhattan
2019-03-08 18:55:16,2019-03-08 19:08:42,1,1.23,17.53,1.29,0.56,18.2,green,cash,Lincoln Square East,Midwood,Manhattan,Brooklyn
2019-03-19 02:15:49,2019-03-19 02:29:55,1,1.97,9.03,2.42,0.16,9.9,green,cash,Midtown Center,Manhattanville,Manhattan,Manhattan
2019-03-08 02:05:06,2019-03-08 02:21:38,1,2.9,7.97,7.07,1.11,13.6,green,credit card,Jamaica,Manhattan Valley,Queens,Manhattan
2019-03-25 04:42:40,2019-03-25 04:55:32,4,1.27,6.9,3.4,0.16,19.46,green,credit card,Sutton Place/Turtle Bay North,Stuy Town/Peter Cooper Village,Manhattan,Manhattan
2019-03-23 16:13:05,2019-03-23 16:29:22,1,0.2,9.4,2.42,0.05,21.3,green,cash,East Flushing,Midtown Center,Queens,Manhattan
2019-03-04 11:01:14,2019-03-04 11:15:50,1,1.2,14.8,1.91,0.12,16.26,green,cash,Kips Bay,Washington Heights North,Manhattan,Manhattan
2019-03-04 04:54:14,2019-03-04 05:08:48,2,1.29,4.7,0.15,0.61,17.59,green,cash,Midtown South,Greenpoint,Manhattan,Brooklyn
2019-03-16 11:53:44,2019-03-16 12:06:35,1,2.99,5.7,0.51,0.28,13.95,green,credit card,Union Sq,Gravesend,Manhattan,Brooklyn
2019-03-12 02:25:58,2019-03-12 02:42:50,1,1.45,8.0,0.37,0.1,20.02,green,credit card,Lincoln Square East,Inwood Hill Park,Manhattan,Manhattan
2019-03-13 14:59:22,2019-03-13 15:12:25,1,0.24,11.7,1.04,0.02,16.3,green,cash,Lincoln Square West,DUMBO/Vinegar Hill,Manhattan,Brooklyn
2019-03-06 13:59:59,2019-03-06 14:13:02,2,1.52,7.1,6.65,0.02,31.59,green,credit card,Gramercy,Parkchester,Manhattan,Bronx
2019-03-31 09:57:07,2019-03-31 10:12:36,1,3.42,12.9,2.16,0.18,23.55,green,credit card,Midtown East,East Harlem South,Manhattan,Manhattan
2019-03-01 10:47:34,2019-03-01 11:01:34,1,0.19,3.1,1.14,0.03,8.59,green,credit card,Yorkville West,East Williamsburg,Manhattan,Brooklyn
2019-03-10 21:25:44,2019-03-10 21:39:58,1,7.64,5.6,1.69,0.16,17.4,green,cash,Times Sq/Theatre District,Spuyten Duyvil/Kingsbridge,Manhattan,Bronx
2019-03-11 15:00:00,2019-03-11 15:13:40,1,0.08,3.8,0.2,0.27,15.96,green,cash,Hamilton Heights,Dyker Heights,Manhattan,Brooklyn
2019-03-27 01:43:59,2019-03-27 01:57:30,1,3.54,3.7,2.53,0.16,25.53,green,credit card,Brooklyn Heights,Middle Village,Brooklyn,Queens
2019-03-04 20:56:41,2019-03-04 21:10:42,6,0.48,5.0,0.74,0.23,28.64,green,cash,Bedford,Union Sq,Brooklyn,Manhattan
2019-03-28 14:00:27,2019-03-28 14:11:37,2,1.25,10.5,0.58,0.34,17.37,green,cash,Lenox Hill West,DUMBO/Vinegar Hill,Manhattan,Brooklyn
2019-03-16 19:56:39,2019-03-16 20:11:34,1,1.98,7.9,2.63,0.01,13.21,green,credit card,Morningside Heights,South Williamsburg,Manhattan,Brooklyn
2019-03-03 00:54:27,2019-03-03 01:08:55,1,0.51,11.49,0.86,0.22,12.9,green,credit card,Lenox Hill West,Times Sq/Theatre District,Manhattan,Manhattan
2019-03-11 03:36:39,2019-03-11 03:49:02,1,0.47,12.46,1.18,0.05,12.5,green,credit card,TriBeCa/Civic Center,Middle Village,Manhattan,Queens
2019-03-06 13:38:25,2019-03-06 13:50:54,1,2.04,7.1,0.18,0.17,11.86,green,cash,West Village,East Village,Manhattan,Manhattan
2019-03-14 15:15:17,2019-03-14 15:29:31,2,2.45,10.84,0.43,0.09,11.2,green,cash,East Chelsea,University Heights/Morris Heights,Manhattan,Bronx
2019-03-09 05:15:03,2019-03-09 05:26:26,1,8.1,6.7,1.72,0.36,14.82,green,credit card,DUMBO/Vinegar Hill,Gowanus,Brooklyn,Brooklyn
2019-03-13 04:48:12,2019-03-13 05:01:10,1,0.33,13.7,1.2,0.03,23.56,green,credit card,Lenox Hill East,Highbridge,Manhattan,Bronx
2019-03-23 04:06:12,2019-03-23 04:18:29,2,3.14,11.5,0.52,0.14,20.43,green,cash,SoHo,Jackson Heights,Manhattan,Queens
2019-03-10 23:43:46,2019-03-10 23:56:33,2,0.47,44.98,0.38,0.2,50.2,green,credit card,LaGuardia Airport,Marine Park/Mill Basin,Queens,Brooklyn
2019-03-08 18:33:10,2019-03-08 18:46:28,1,6.04,15.9,0.4,0.38,20.54,green,credit card,Central Harlem,Crown Heights South,Manhattan,Brooklyn
2019-03-31 01:03:05,2019-03-31 01:18:57,2,0.87,5.2,1.52,0.1,11.41,green,cash,Midtown East,Springfield Gardens South,Manhattan,Queens
2019-03-22 01:59:23,2019-03-22 02:11:01,1,4.43,20.4,1.17,0.12,33.72,green,cash,Greenwich Village North,Cambria Heights,Manhattan,Queens
2019-03-19 03:23:46,2019-03-19 03:39:35,1,1.85,5.5,0.03,1.22,29.27,green,cash,Brooklyn Heights,Red Hook,Brooklyn,Brooklyn
2019-03-09 18:14:21,2019-03-09 18:26:35,1,0.62,12.3,2.15,0.1,20.58,green,credit card,East Village,Richmond Hill,Manhattan,Queens
2019-03-25 00:18:48,2019-03-25 00:36:05,5,0.11,9.0,0.83,0.27,9.26,green,cash,West Chelsea/Hudson Yards,Bath Beach,Manhattan,Brooklyn
2019-03-21 10:51:01,2019-03-21 11:07:25,1,0.5,5.98,4.9,0.11,16.97,green,cash,Central Harlem North,Marine Park/Mill Basin,Manhattan,Brooklyn
2019-03-26 18:15:23,2019-03-26 18:28:12,1,0.84,9.2,1.6,0.25,23.46,green,credit card,Upper East Side North,Flatiron,Manhattan,Manhattan
2019-03-25 01:47:07,2019-03-25 02:00:47,0,7.76,15.5,2.44,0.0,22.91,green,credit card,Greenwich Village North,College Point,Manhattan,Queens
2019-03-11 21:54:29,2019-03-11 22:07:07,1,1.17,8.8,1.6,0.18,14.43,green,cash,Kips Bay,Crown Heights North,Manhattan,Brooklyn
2019-03-28 14:17:21,2019-03-28 14:31:01,1,10.89,7.8,1.85,0.05,12.18,green,cash,Midtown South,Sunset Park West,Manhattan,Brooklyn
2019-02-28 11:34:42,2019-02-28 11:50:11,1,1.32,10.7,1.19,0.04,17.48,green,cash,Greenwich Village South,Pelham Parkway,Manhattan,Bronx
2019-03-04 03:48:03,2019-03-04 04:03:52,1,0.0,7.51,0.78,0.08,14.1,green,credit card,Little Italy/NoLiTa,Ozone Park,Manhattan,Queens
2019-03-03 06:45:31,2019-03-03 06:58:21,1,19.01,8.0,0.05,0.32,19.89,green,credit card,Williamsbridge/Olinville,South Williamsburg,Bronx,Brooklyn
2019-03-24 17:17:50,2019-03-24 17:33:46,1,1.62,8.59,4.57,0.31,9.1,green,cash,Midtown Center,Midwood,Manhattan,Brooklyn
2019-03-25 16:50:00,2019-03-25 17:03:50,1,2.09,5.9,1.75,0.12,14.96,green,credit card,Yorkville East,Upper West Side North,Manhattan,Manhattan
2019-03-16 07:43:08,2019-03-16 07:58:19,1,4.23,10.4,0.29,0.04,17.3,green,credit card,Midtown North,Flatbush/Ditmas Park,Manhattan,Brooklyn
2019-03-22 03:57:57,2019-03-22 04:11:29,2,1.0,9.4,1.42,0.39,16.64,green,cash,SoHo,Ozone Park,Manhattan,Queens
2019-03-27 05:32:07,2019-03-27 05:45:26,2,3.5,3.7,2.49,0.24,30.63,green,cash,East Village,Gravesend,Manhattan,Brooklyn
2019-03-25 15:57:02,2019-03-25 16:11:15,1,0.8,12.21,2.61,0.15,23.0,green,cash,Prospect Heights,Boerum Hill,Brooklyn,Brooklyn
2019-03-09 07:11:05,2019-03-09 07:24:59,1,2.57,14.2,1.2,0.38,26.27,green,credit card,Lincoln Square West,Yorkville West,Manhattan,Manhattan
2019-03-02 05:17:03,2019-03-02 05:30:59,1,3.53,6.3,1.17,0.13,9.68,green,cash,East Harlem South,Forest Hills,Manhattan,Queens
2019-03-26 09:13:53,2019-03-26 09:28:32,1,2.48,14.1,0.2,3.97,26.73,green,cash,Jamaica,Stuyvesant Heights,Queens,Brooklyn
2019-03-09 09:36:42,2019-03-09 09:52:14,1,3.83,54.45,0.03,0.08,61.1,green,credit card,Mott Haven/Port Morris,Manhattan Beach,Bronx,Brooklyn
2019-03-16 17:35:50,2019-03-16 17:50:27,2,1.22,3.1,0.93,0.41,18.56,green,credit card,Midtown South,West Chelsea/Hudson Yards,Manhattan,Manhattan
2019-03-07 09:13:29,2019-03-07 09:26:53,5,1.0,18.79,0.26,0.26,22.2,green,credit card,East Village,Van Nest/Morris Park,Manhattan,Bronx
2019-03-20 19:36:12,2019-03-20 19:50:29,1,3.1,3.3,0.5,0.09,21.81,green,cash,Greenwich Village South,Whitestone,Manhattan,Queens
2019-03-11 01:05:09,2019-03-11 01:18:54,1,9.44,5.4,1.97,0.06,30.19,green,cash,Midtown North,Hunts Point,Manhattan,Bronx
2019-03-24 17:07:22,2019-03-24 17:20:41,1,3.51,12.96,0.21,0.17,13.4,green,credit card,Midtown Center,Kew Gardens Hills,Manhattan,Queens
2019-03-02 23:37:29,2019-03-02 23:51:26,1,1.51,11.5,2.48,0.04,18.91,green,credit card,Upper East Side North,North Corona,Manhattan,Queens
2019-02-28 18:39:09,2019-02-28 18:55:14,6,4.04,24.6,9.05,0.39,34.97,green,cash,Midtown South,Park Slope,Manhattan,Brooklyn
2019-03-27 22:03:33,2019-03-27 22:16:44,1,0.72,4.7,0.85,0.04,20.06,green,credit card,Greenwich Village North,South Ozone Park,Manhattan,Queens
2019-03-23 09:21:05,2019-03-23 09:35:40,4,3.66,9.1,3.01,0.17,18.02,green,credit card,East Chelsea,Bensonhurst East,Manhattan,Brooklyn
2019-03-17 10:18:41,2019-03-17 10:32:35,1,6.7,8.8,5.02,0.09,12.44,green,credit card,Central Harlem,Dyker Heights,Manhattan,Brooklyn
2019-03-16 01:51:47,2019-03-16 02:07:29,1,0.25,10.0,0.34,0.13,13.9,green,cash,UN/Turtle Bay South,Crown Heights North,Manhattan,Brooklyn
2019-03-07 09:08:31,2019-03-07 09:21:31,1,2.17,6.4,1.48,0.07,27.29,green,cash,Midtown Center,Marine Park/Mill Basin,Manhattan,Brooklyn
2019-03-15 11:46:20,2019-03-15 12:00:11,1,1.31,7.1,2.36,0.0,20.31,green,credit card,Little Italy/NoLiTa,Pelham Parkway,Manhattan,Bronx
2019-03-13 17:09:17,2019-03-13 17:22:48,1,0.77,6.2,0.98,0.09,36.43,green,cash,Yorkville West,Lincoln Square West,Manhattan,Manhattan
2019-03-14 19:44:57,2019-03-14 19:59:02,1,2.92,10.9,0.01,0.0,14.43,green,cash,Union Sq,Parkchester,Manhattan,Bronx
2019-03-05 01:11:27,2019-03-05 01:26:50,1,21.53,33.2,3.28,0.77,52.33,green,credit card,JFK Airport,Jackson Heights,Queens,Queens
2019-03-18 15:45:00,2019-03-18 15:59:51,1,5.92,10.0,2.39,0.12,24.16,green,credit card,Upper East Side North,World Trade Center,Manhattan,Manhattan
2019-03-13 19:15:54,2019-03-13 19:33:26,2,0.63,6.5,6.48,0.2,13.18,green,cash,Morningside Heights,Clinton East,Manhattan,Manhattan
2019-03-18 09:02:45,2019-03-18 09:19:10,1,0.78,12.37,2.52,0.1,23.1,green,cash,Midtown North,Midtown Center,Manhattan,Manhattan
2019-03-08 00:37:32,2019-03-08 00:51:56,1,3.17,8.39,4.52,0.09,11.0,green,cash,Clinton East,JFK Airport,Manhattan,Queens
2019-03-08 03:41:53,2019-03-08 03:55:27,1,1.17,6.5,1.02,0.06,13.69,green,credit card,Union Sq,Woodlawn/Wakefield,Manhattan,Bronx
2019-03-14 22:31:09,2019-03-14 22:45:00,1,0.22,20.76,0.26,0.02,33.1,green,credit card,Union Sq,Borough Park,Manhattan,Brooklyn
2019-03-24 17:57:43,2019-03-24 18:13:21,1,4.81,14.6,4.11,0.08,18.64,green,cash,TriBeCa/Civic Center,Richmond Hill,Manhattan,Queens
2019-03-26 00:30:31,2019-03-26 00:43:42,1,1.94,7.29,3.0,0.03,10.78,green,credit card,Penn Station/Madison Sq West,Stapleton,Manhattan,Staten Island
2019-03-05 16:40:59,2019-03-05 16:53:32,2,1.96,3.2,0.0,0.25,9.49,green,credit card,Union Sq,Battery Park,Manhattan,Manhattan
2019-03-26 00:25:18,2019-03-26 00:39:39,2,0.29,19.84,2.95,0.44,24.8,green,credit card,Two Bridges/Seward Park,Union Sq,Manhattan,Manhattan
2019-03-26 13:03:39,2019-03-26 13:20:14,1,0.28,12.6,0.13,0.08,22.01,green,cash,Lincoln Square East,Saint Albans,Manhattan,Queens
2019-03-05 10:21:09,2019-03-05 10:34:33,1,2.89,16.8,1.32,0.09,18.49,green,cash,West Chelsea/Hudson Yards,Starrett City,Manhattan,Brooklyn
2019-03-05 19:31:00,2019-03-05 19:42:48,1,2.3,8.7,1.3,0.01,22.95,green,credit card,Clinton East,Mount Hope,Manhattan,Bronx
2019-03-06 14:24:15,2019-03-06 14:40:40,5,2.62,3.6,1.2,0.02,12.1,green,cash,UN/Turtle Bay South,Inwood,Manhattan,Manhattan
2019-03-05 05:52:08,2019-03-05 06:09:33,1,1.01,6.7,1.79,0.27,13.87,green,cash,TriBeCa/Civic Center,Bushwick South,Manhattan,Brooklyn
2019-03-21 10:45:50,2019-03-21 10:56:07,5,3.22,9.14,1.9,0.06,14.3,green,credit card,Clinton West,Canarsie,Manhattan,Brooklyn
2019-03-18 00:03:04,2019-03-18 00:16:55,6,0.5,8.3,2.2,0.06,17.12,green,credit card,Garment District,Bensonhurst West,Manhattan,Brooklyn
2019-03-23 07:03:53,2019-03-23 07:19:34,1,0.52,9.7,1.77,0.22,20.7,green,credit card,Murray Hill,East Flushing,Manhattan,Queens
2019-03-28 21:51:31,2019-03-28 22:06:26,1,4.16,12.93,0.29,3.97,27.6,green,cash,JFK Airport,Highbridge,Queens,Bronx
2019-03-27 13:45:49,2019-03-27 13:59:44,2,2.58,7.6,7.17,0.02,17.82,green,cash,Penn Station/Madison Sq West,Rego Park,Manhattan,Queens
2019-03-18 23:15:39,2019-03-18 23:30:30,1,13.01,8.0,0.93,0.01,15.4,green,credit card,Yorkville East,Flatlands,Manhattan,Brooklyn
2019-03-07 08:49:15,2019-03-07 09:03:52,1,2.34,37.9,13.87,0.66,47.71,green,credit card,Jamaica,Melrose South,Queens,Bronx
2019-03-15 08:44:25,2019-03-15 08:59:18,4,0.56,6.5,1.62,0.16,12.93,green,cash,Lincoln Square East,Glendale,Manhattan,Queens
2019-03-31 00:24:15,2019-03-31 00:37:33,5,0.51,5.2,2.15,0.11,12.86,green,credit card,East Village,Meatpacking/West Village West,Manhattan,Manhattan
2019-03-26 11:12:20,2019-03-26 11:26:06,1,6.65,5.6,0.07,0.19,10.53,green,credit card,Upper West Side North,Williamsburg (North Side),Manhattan,Brooklyn
2019-03-26 17:56:48,2019-03-26 18:10:36,1,8.24,10.66,1.77,0.59,27.3,green,cash,LaGuardia Airport,Marine Park/Mill Basin,Queens,Brooklyn
2019-03-04 17:19:02,2019-03-04 17:31:44,1,1.58,25.45,2.3,0.06,33.2,green,cash,JFK Airport,College Point,Queens,Queens
2019-03-13 11:13:06,2019-03-13 11:25:30,1,4.69,6.1,0.98,0.02,11.89,green,cash,Times Sq/Theatre District,Whitestone,Manhattan,Queens
2019-03-04 12:43:33,2019-03-04 12:57:51,1,6.13,8.2,1.48,0.14,21.96,green,credit card,West Village,Manhattan Valley,Manhattan,Manhattan
2019-03-12 21:24:13,2019-03-12 21:35:08,1,9.73,13.0,2.74,4.29,20.66,green,cash,Elmhurst,Park Slope,Queens,Brooklyn
2019-03-04 07:38:07,2019-03-04 07:53:11,1,0.61,8.5,0.46,0.49,43.71,green,cash,LaGuardia Airport,Rego Park,Queens,Queens
2019-03-04 19:15:56,2019-03-04 19:30:52,1,0.53,8.31,0.52,0.26,16.2,green,credit card,Times Sq/Theatre District,Penn Station/Madison Sq West,Manhattan,Manhattan
2019-03-22 00:49:10,2019-03-22 01:04:42,1,26.74,18.7,0.03,0.25,84.19,green,credit card,Mott Haven/Port Morris,Forest Hills,Bronx,Queens
2019-03-20 23:38:00,2019-03-20 23:53:39,1,1.43,27.8,2.71,2.23,137.67,green,cash,LaGuardia Airport,Times Sq/Theatre District,Queens,Manhattan
2019-03-20 14:50:29,2019-03-20 15:04:45,1,1.34,3.9,0.71,0.17,11.35,green,cash,Greenwich Village North,Mott Haven/Port Morris,Manhattan,Bronx
2019-03-10 10:44:23,2019-03-10 11:00:38,1,0.25,7.3,3.7,0.0,18.3,green,cash,Upper East Side South,Midtown South,Manhattan,Manhattan
2019-03-22 16:00:24,2019-03-22 16:15:51,1,3.19,16.23,1.73,0.41,17.3,green,credit card,Stuyvesant Heights,Marine Park/Mill Basin,Brooklyn,Brooklyn
2019-03-15 09:51:04,2019-03-15 10:04:04,2,1.19,5.9,2.98,0.34,12.58,green,credit card,Sutton Place/Turtle Bay North,Battery Park,Manhattan,Manhattan
2019-03-04 08:28:17,2019-03-04 08:42:03,5,1.96,11.7,0.11,0.05,16.49,green,cash,East New York,Bay Ridge,Brooklyn,Brooklyn
2019-03-10 23:34:02,2019-03-10 23:48:54,1,1.55,5.0,1.66,0.08,30.93,green,credit card,Midtown Center,Clinton West,Manhattan,Manhattan
2019-03-30 06:37:23,2019-03-30 06:53:02,2,1.53,7.2,6.67,0.02,12.81,green,credit card,East Harlem North,Prospect-Lefferts Gardens,Manhattan,Brooklyn
2019-03-27 19:44:37,2019-03-27 19:57:45,1,1.39,3.2,0.31,0.15,10.07,green,cash,East Village,Dyker Heights,Manhattan,Brooklyn
2019-03-12 19:15:33,2019-03-12 19:31:34,1,0.6,7.7,1.3,0.05,18.43,green,cash,World Trade Center,Boerum Hill,Manhattan,Brooklyn
2019-03-17 19:45:37,2019-03-17 19:58:44,1,3.5,13.52,1.23,0.06,33.6,green,cash,Upper West Side North,Lenox Hill East,Manhattan,Manhattan
2019-03-14 20:10:06,2019-03-14 20:25:08,1,0.57,16.9,0.14,0.07,22.59,green,credit card,East Chelsea,Eastchester,Manhattan,Bronx
2019-03-20 16:10:50,2019-03-20 16:26:10,1,4.43,10.04,0.19,0.31,26.0,green,cash,East Harlem South,Whitestone,Manhattan,Queens
2019-03-08 23:32:32,2019-03-08 23:48:23,0,1.55,12.9,0.05,0.34,29.23,green,cash,Greenwich Village North,East Concourse/Concourse Village,Manhattan,Bronx
2019-03-01 16:50:14,2019-03-01 17:04:17,1,7.15,9.89,1.17,0.24,17.7,green,credit card,Union Sq,Red Hook,Manhattan,Brooklyn
2019-03-11 18:57:00,2019-03-11 19:08:54,1,3.37,4.77,3.5,0.05,10.91,green,credit card,Midtown Center,JFK Airport,Manhattan,Queens
2019-03-17 03:34:19,2019-03-17 03:49:08,2,1.3,9.94,2.82,0.09,11.9,green,credit card,Upper West Side South,Pelham Parkway,Manhattan,Bronx
2019-03-07 10:47:03,2019-03-07 10:58:49,3,2.3,11.2,2.83,0.13,19.54,green,cash,Lenox Hill East,Hudson Sq,Manhattan,Manhattan
2019-03-06 09:09:24,2019-03-06 09:24:40,5,0.13,6.09,10.1,0.19,17.5,green,cash,Bloomingdale,Downtown Brooklyn/MetroTech,Manhattan,Brooklyn
2019-03-14 10:01:13,2019-03-14 10:14:54,1,0.78,8.7,3.68,0.28,16.3,green,credit card,Lower East Side,Midtown East,Manhattan,Manhattan
2019-03-07 12:22:16,2019-03-07 12:36:22,1,0.66,9.48,0.74,0.17,14.9,green,credit card,Midwood,Long Island City/Queens Plaza,Brooklyn,Queens
2019-03-01 23:33:54,2019-03-01 23:48:21,2,1.82,8.6,0.95,0.26,11.92,green,cash,Central Park,Lenox Hill East,Manhattan,Manhattan
2019-03-11 14:24:32,2019-03-11 14:40:48,1,1.51,5.26,4.1,0.07,8.89,green,credit card,East Chelsea,South Ozone Park,Manhattan,Queens
2019-03-02 20:56:47,2019-03-02 21:11:48,1,2.13,16.8,0.21,0.05,21.53,green,credit card,Clinton East,South Jamaica,Manhattan,Queens
2019-03-17 02:01:52,2019-03-17 02:15:39,1,3.34,7.1,1.24,0.2,12.23,green,cash,West Village,Melrose South,Manhattan,Bronx
2019-03-22 23:17:44,2019-03-22 23:32:46,1,3.9,9.7,0.33,0.09,10.79,green,cash,Gramercy,Douglaston,Manhattan,Queens
2019-03-29 11:03:34,2019-03-29 11:18:19,1,9.28,18.0,0.33,0.13,37.16,green,cash,Flatlands,Ozone Park,Brooklyn,Queens
2019-03-21 05:56:18,2019-03-21 06:10:28,1,5.78,5.8,0.0,0.87,68.0,green,credit card,Soundview/Castle Hill,Williamsbridge/Olinville,Bronx,Bronx
2019-03-04 13:16:36,2019-03-04 13:31:42,1,3.19,5.18,3.0,0.0,24.33,green,cash,Midtown North,Inwood,Manhattan,Manhattan
2019-03-20 12:43:03,2019-03-20 12:56:52,2,12.59,29.8,3.12,0.33,36.97,green,cash,LaGuardia Airport,Borough Park,Queens,Brooklyn
2019-03-08 11:53:59,2019-03-08 12:09:01,1,2.23,14.42,1.05,0.01,17.4,green,credit card,Bushwick South,Brighton Beach,Brooklyn,Brooklyn
2019-03-14 04:50:17,2019-03-14 05:03:19,1,7.11,9.2,1.16,0.03,16.25,green,credit card,Midtown South,Hamilton Heights,Manhattan,Manhattan
2019-03-11 09:47:21,2019-03-11 10:01:00,1,0.57,5.6,0.41,0.36,54.26,green,cash,Downtown Brooklyn/MetroTech,Bedford,Brooklyn,Brooklyn
2019-03-16 04:13:47,2019-03-16 04:29:25,1,0.92,6.9,0.21,0.17,15.5,green,cash,Midtown East,Hamilton Heights,Manhattan,Manhattan
2019-03-10 18:51:43,2019-03-10 19:05:20,1,5.25,14.2,0.02,0.09,20.7,green,cash,East Tremont,Marble Hill,Bronx,Manhattan
2019-03-15 06:41:05,2019-03-15 06:57:19,1,0.31,10.0,0.19,0.52,17.9,green,credit card,Chinatown,Prospect-Lefferts Gardens,Manhattan,Brooklyn
2019-03-11 08:29:00,2019-03-11 08:44:22,1,1.69,9.75,0.4,0.36,19.3,green,credit card,Sutton Place/Turtle Bay North,Inwood,Manhattan,Manhattan
2019-03-22 12:38:11,2019-03-22 12:52:33,5,7.98,14.1,0.23,0.4,18.88,green,cash,Park Slope,East Concourse/Concourse Village,Brooklyn,Bronx
2019-03-24 13:46:23,2019-03-24 14:00:57,1,3.72,7.2,2.39,0.06,8.7,green,credit card,Clinton East,Van Cortlandt Village,Manhattan,Bronx
2019-03-15 01:21:00,2019-03-15 01:33:18,1,1.46,17.7,1.51,0.39,42.56,green,credit card,Carroll Gardens,Melrose South,Brooklyn,Bronx
2019-03-10 08:00:47,2019-03-10 08:14:30,1,0.24,5.03,0.17,0.05,12.8,green,credit card,East Village,Old Astoria,Manhattan,Queens
2019-03-09 23:01:47,2019-03-09 23:14:07,2,2.15,13.9,0.14,2.74,19.79,green,cash,LaGuardia Airport,South Ozone Park,Queens,Queens
2019-03-15 08:07:43,2019-03-15 08:21:27,1,13.05,5.6,2.26,0.15,7.85,green,cash,Union Sq,Borough Park,Manhattan,Brooklyn
2019-03-17 04:52:52,2019-03-17 05:06:39,1,1.87,2.3,1.91,0.18,12.23,green,credit card,Upper East Side North,North Corona,Manhattan,Queens
2019-02-28 16:32:20,2019-02-28 16:45:44,1,0.3,2.4,0.2,0.12,9.22,green,cash,Yorkville West,Pelham Parkway,Manhattan,Bronx
2019-03-22 09:45:04,2019-03-22 10:00:32,1,0.33,6.6,2.43,0.01,9.84,green,cash,Penn Station/Madison Sq West,Murray Hill-Queens,Manhattan,Queens
2019-03-12 11:44:38,2019-03-12 11:58:12,1,11.76,9.1,0.18,0.01,11.94,green,credit card,Clinton East,Midtown North,Manhattan,Manhattan
2019-03-06 01:21:21,2019-03-06 01:34:12,1,0.57,7.7,0.19,0.03,10.0,green,credit card,Central Harlem North,Union Sq,Manhattan,Manhattan
2019-03-22 08:13:14,2019-03-22 08:26:23,4,3.61,5.1,0.51,0.81,13.89,green,credit card,Greenwich Village North,East Harlem North,Manhattan,Manhattan
2019-03-18 13:43:20,2019-03-18 13:57:36,2,0.19,4.8,0.72,0.16,16.31,green,cash,Lincoln Square West,Madison,Manhattan,Brooklyn
2019-03-08 06:56:08,2019-03-08 07:09:42,1,8.32,7.0,6.65,0.03,33.25,green,cash,Financial District South,Manhattan Beach,Manhattan,Brooklyn
2019-03-21 04:31:47,2019-03-21 04:46:06,1,1.26,9.7,2.44,0.0,12.36,green,credit card,Lenox Hill West,Ocean Hill,Manhattan,Brooklyn
2019-03-31 16:53:35,2019-03-31 17:07:58,1,5.28,9.7,1.38,0.07,14.79,green,credit card,Park Slope,Bensonhurst West,Brooklyn,Brooklyn
2019-03-08 16:51:40,2019-03-08 17:03:50,1,1.59,11.0,0.53,0.25,23.67,green,cash,Flatiron,Brooklyn Heights,Manhattan,Brooklyn
2019-03-13 03:21:48,2019-03-13 03:35:55,0,2.41,8.1,0.51,0.18,12.34,green,credit card,Midtown East,Lenox Hill West,Manhattan,Manhattan
2019-03-15 13:05:12,2019-03-15 13:18:30,6,0.08,3.6,2.87,0.15,4.6,green,credit card,Midtown South,College Point,Manhattan,Queens
2019-03-05 14:29:33,2019-03-05 14:43:30,1,2.67,9.1,1.39,0.09,16.55,green,credit card,Midtown North,Whitestone,Manhattan,Queens
2019-03-11 07:46:28,2019-03-11 08:02:16,1,7.19,6.4,1.51,0.14,14.56,green,cash,Upper East Side North,Fresh Meadows,Manhattan,Queens
2019-03-06 14:06:53,2019-03-06 14:20:55,2,1.19,8.2,0.3,0.21,15.4,green,cash,Kips Bay,Crotona Park East,Manhattan,Bronx
2019-03-29 22:22:22,2019-03-29 22:35:50,2,2.5,7.3,1.25,0.06,15.9,green,credit card,Upper West Side North,Greenwich Village South,Manhattan,Manhattan
2019-03-27 09:25:36,2019-03-27 09:37:38,5,0.39,7.3,1.68,0.01,12.94,green,cash,Central Harlem North,Washington Heights South,Manhattan,Manhattan
2019-03-22 08:51:58,2019-03-22 09:05:43,1,0.07,6.83,6.7,0.0,9.72,green,cash,Little Italy/NoLiTa,Greenwich Village North,Manhattan,Manhattan
2019-03-31 10:36:23,2019-03-31 10:49:52,1,3.43,7.4,1.22,0.13,12.84,green,credit card,Penn Station/Madison Sq West,Elmhurst,Manhattan,Queens
2019-03-27 03:50:16,2019-03-27 04:06:52,3,0.46,5.66,1.29,0.22,12.3,green,credit card,Murray Hill,Bronxdale,Manhattan,Bronx
2019-03-22 08:21:31,2019-03-22 08:36:51,1,0.77,16.6,3.9,0.01,25.86,green,cash,Union Sq,Brighton Beach,Manhattan,Brooklyn
2019-03-15 01:38:47,2019-03-15 01:50:46,1,1.22,7.33,0.74,0.06,11.5,green,cash,West Chelsea/Hudson Yards,Fresh Meadows,Manhattan,Queens
2019-03-04 14:58:19,2019-03-04 15:13:30,3,7.58,6.32,7.53,1.25,25.0,green,cash,LaGuardia Airport,Fort Greene,Queens,Brooklyn
2019-02-28 19:12:02,2019-02-28 19:24:59,3,2.37,8.4,0.22,0.03,28.66,green,credit card,Upper West Side South,Sutton Place/Turtle Bay North,Manhattan,Manhattan
2019-03-07 12:42:55,2019-03-07 12:56:59,1,2.07,8.62,4.23,0.12,17.0,green,credit card,Manhattan Valley,West Brighton,Manhattan,Staten Island
2019-03-11 14:37:29,2019-03-11 14:51:10,1,13.52,7.1,2.07,0.02,11.96,green,cash,Garment District,Starrett City,Manhattan,Brooklyn
2019-03-06 09:35:30,2019-03-06 09:49:12,2,1.7,7.4,0.28,0.01,26.8,green,credit card,Little Italy/NoLiTa,Brighton Beach,Manhattan,Brooklyn
2019-03-22 15:12:05,2019-03-22 15:24:19,1,2.43,13.1,3.03,3.91,33.96,green,credit card,JFK Airport,Woodside,Queens,Queens
2019-03-13 02:30:49,2019-03-13 02:44:00,3,3.76,9.4,0.62,0.01,11.71,green,cash,Manhattan Valley,Riverdale/North Riverdale/Fieldston,Manhattan,Bronx
2019-02-28 10:35:31,2019-02-28 10:51:00,1,2.61,9.68,2.73,0.31,24.7,green,cash,Fort Greene,Spuyten Duyvil/Kingsbridge,Brooklyn,Bronx
2019-03-12 08:56:54,2019-03-12 09:09:40,1,0.88,15.5,0.71,0.28,17.09,green,cash,Times Sq/Theatre District,Long Island City/Queens Plaza,Manhattan,Queens
2019-03-26 00:18:07,2019-03-26 00:30:49,1,0.97,10.3,1.33,0.28,14.44,green,credit card,Morningside Heights,Midwood,Manhattan,Brooklyn
2019-03-09 17:40:37,2019-03-09 17:55:59,1,1.17,17.3,0.38,0.0,22.96,green,cash,Upper East Side South,Financial District South,Manhattan,Manhattan
2019-03-20 13:56:46,2019-03-20 14:11:34,2,0.33,10.1,0.26,0.51,16.42,green,cash,Greenwich Village South,Bloomingdale,Manhattan,Manhattan
2019-03-25 14:11:52,2019-03-25 14:26:20,1,8.92,15.2,8.3,0.92,25.91,green,credit card,Steinway,Queensboro Hill,Queens,Queens
2019-02-28 04:54:43,2019-02-28 05:07:42,1,0.19,9.1,0.15,0.1,10.67,green,credit card,Washington Heights South,Lower East Side,Manhattan,Manhattan
2019-03-16 20:04:28,2019-03-16 20:18:35,1,1.97,6.5,1.79,0.16,19.31,green,credit card,Central Harlem,Lincoln Square West,Manhattan,Manhattan
2019-03-10 04:10:25,2019-03-10 04:24:41,1,0.4,4.58,1.7,4.24,76.44,green,cash,LaGuardia Airport,Auburndale,Queens,Queens
2019-03-10 15:57:27,2019-03-10 16:10:53,2,1.73,14.14,4.02,0.19,30.7,green,cash,East Chelsea,World Trade Center,Manhattan,Manhattan
2019-03-29 03:49:43,2019-03-29 04:06:06,5,3.7,4.1,0.2,0.12,16.64,green,credit card,Times Sq/Theatre District,Van Nest/Morris Park,Manhattan,Bronx
2019-03-13 07:40:34,2019-03-13 07:53:11,1,0.6,7.4,1.31,0.38,15.03,green,credit card,Midtown Center,Kingsbridge Heights,Manhattan,Bronx
2019-03-13 17:33:01,2019-03-13 17:46:05,2,0.08,10.35,2.32,0.41,13.4,green,cash,Upper West Side North,Central Harlem North,Manhattan,Manhattan
2019-03-04 23:37:36,2019-03-04 23:50:31,1,3.25,4.71,2.6,0.65,8.84,green,credit card,Long Island City/Hunters Point,Gowanus,Queens,Brooklyn
2019-03-11 16:37:35,2019-03-11 16:49:59,1,0.93,8.7,0.22,0.15,29.96,green,credit card,Upper West Side South,Auburndale,Manhattan,Queens
2019-03-12 07:06:45,2019-03-12 07:19:33,1,0.6,10.2,2.46,0.02,13.21,green,credit card,Sutton Place/Turtle Bay North,Flatiron,Manhattan,Manhattan
2019-03-04 04:07:41,2019-03-04 04:21:00,1,6.54,10.99,4.5,0.25,12.28,green,cash,Midtown East,East Chelsea,Manhattan,Manhattan
2019-03-15 03:23:55,2019-03-15 03:39:29,6,7.53,4.9,1.09,0.06,34.0,green,cash,Lincoln Square East,Sutton Place/Turtle Bay North,Manhattan,Manhattan
2019-03-03 06:35:28,2019-03-03 06:51:26,2,0.26,4.1,1.68,0.1,7.32,green,credit card,Upper West Side South,Alphabet City,Manhattan,Manhattan
2019-03-01 06:48:52,2019-03-01 06:59:51,2,2.24,11.9,0.75,0.06,14.89,green,cash,Upper West Side South,Midtown Center,Manhattan,Manhattan
2019-03-01 02:23:44,2019-03-01 02:37:38,2,1.89,12.67,1.74,0.41,20.0,green,cash,World Trade Center,Inwood Hill Park,Manhattan,Manhattan
2019-03-09 16:30:08,2019-03-09 16:44:31,1,0.26,7.73,6.44,0.36,12.1,green,credit card,East Village,Baisley Park,Manhattan,Queens
2019-03-31 19:53:49,2019-03-31 20:08:04,1,7.26,47.4,3.82,1.32,47.62,green,credit card,Elmhurst,East Concourse/Concourse Village,Queens,Bronx
2019-02-28 10:46:01,2019-02-28 10:58:50,4,0.94,8.8,3.15,0.06,20.5,green,cash,Upper East Side North,Greenpoint,Manhattan,Brooklyn
2019-03-25 22:37:06,2019-03-25 22:51:55,1,0.69,11.93,1.12,0.17,25.7,green,cash,Lower East Side,Lincoln Square West,Manhattan,Manhattan
2019-03-20 15:44:26,2019-03-20 15:58:01,1,3.29,11.1,0.28,0.04,17.63,green,cash,Midtown Center,Maspeth,Manhattan,Queens
2019-03-29 20:14:28,2019-03-29 20:30:26,5,4.32,10.49,0.35,0.27,17.6,green,credit card,Morrisania/Melrose,Madison,Bronx,Brooklyn
2019-03-28 12:49:07,2019-03-28 13:01:12,1,3.99,11.4,1.28,0.0,19.31,green,credit card,Upper East Side North,Cobble Hill,Manhattan,Brooklyn
2019-03-25 17:20:39,2019-03-25 17:33:35,2,0.11,11.9,1.44,0.1,12.71,green,cash,Upper East Side South,Douglaston,Manhattan,Queens
2019-03-09 13:38:02,2019-03-09 13:52:21,2,0.44,8.4,3.81,0.07,15.39,green,credit card,Central Park,Borough Park,Manhattan,Brooklyn
2019-03-12 05:44:16,2019-03-12 05:57:41,2,0.51,6.43,4.5,0.04,7.82,green,credit card,UN/Turtle Bay South,Two Bridges/Seward Park,Manhattan,Manhattan
2019-03-15 05:30:18,2019-03-15 05:43:29,3,2.33,9.6,1.28,0.01,17.83,green,credit card,Bloomingdale,Starrett City,Manhattan,Brooklyn
2019-03-17 05:45:27,2019-03-17 05:57:46,2,6.86,20.4,1.47,2.98,74.18,green,cash,JFK Airport,Bushwick North,Queens,Brooklyn
2019-03-29 23:58:19,2019-03-30 00:13:06,1,0.49,11.4,0.16,0.4,15.63,green,cash,Kips Bay,Sutton Place/Turtle Bay North,Manhattan,Manhattan
2019-03-30 06:16:00,2019-03-30 06:31:44,1,3.0,5.7,1.37,0.4,11.17,green,credit card,Upper East Side South,Bronxdale,Manhattan,Bronx
2019-03-07 21:25:35,2019-03-07 21:38:45,1,0.82,10.67,2.46,0.21,11.2,green,cash,Greenwich Village North,Flatbush/Ditmas Park,Manhattan,Brooklyn
2019-03-17 16:48:27,2019-03-17 17:01:30,5,4.53,6.5,3.12,1.15,8.54,green,cash,Forest Hills,Riverdale/North Riverdale/Fieldston,Queens,Bronx
2019-03-19 20:33:53,2019-03-19 20:49:00,1,0.16,5.4,0.55,0.38,7.68,green,credit card,Starrett City,World Trade Center,Brooklyn,Manhattan
2019-03-22 11:21:25,2019-03-22 11:35:20,1,2.14,6.3,2.43,0.27,11.76,green,credit card,Clinton East,South Williamsburg,Manhattan,Brooklyn
2019-03-27 15:57:52,2019-03-27 16:11:44,1,6.88,11.1,0.84,0.11,27.13,green,credit card,Fort Greene,North Corona,Brooklyn,Queens
2019-03-28 00:59:13,2019-03-28 01:14:00,2,4.71,12.8,0.0,0.12,40.6,green,cash,Williamsbridge/Olinville,Elmhurst,Bronx,Queens
2019-03-15 20:18:14,2019-03-15 20:32:04,1,3.49,2.39,2.2,0.95,48.75,green,cash,Astoria,East Chelsea,Queens,Manhattan
2019-03-30 17:48:29,2019-03-30 18:03:17,1,12.58,4.0,0.73,0.28,17.7,green,credit card,Fort Greene,Flatbush/Ditmas Park,Brooklyn,Brooklyn
2019-03-17 03:06:18,2019-03-17 03:19:44,1,3.67,9.2,1.3,0.35,13.67,green,credit card,Crown Heights North,Astoria,Brooklyn,Queens
2019-03-27 21:23:14,2019-03-27 21:36:51,2,5.5,3.4,2.7,0.13,17.28,green,cash,Sutton Place/Turtle Bay North,Seaport,Manhattan,Manhattan
2019-03-19 05:21:15,2019-03-19 05:31:45,1,0.31,9.3,1.33,0.09,25.57,green,credit card,Midtown Center,Washington Heights North,Manhattan,Manhattan
2019-03-01 03:19:32,2019-03-01 03:34:03,1,11.66,31.4,2.52,0.15,62.86,green,credit card,JFK Airport,Kingsbridge Heights,Queens,Bronx
2019-03-29 09:41:18,2019-03-29 09:55:44,1,2.84,9.04,0.86,6.29,16.0,green,credit card,JFK Airport,Woodlawn/Wakefield,Queens,Bronx
2019-03-29 05:49:57,2019-03-29 06:02:07,1,0.88,10.5,0.05,0.06,14.86,green,cash,Greenwich Village North,Morrisania/Melrose,Manhattan,Bronx
2019-03-07 23:04:28,2019-03-07 23:21:13,1,11.79,10.4,5.9,1.42,18.75,green,cash,Elmhurst,Parkchester,Queens,Bronx
2019-03-29 07:17:55,2019-03-29 07:32:02,1,2.74,8.8,0.49,0.57,28.4,green,credit card,Penn Station/Madison Sq West,Eastchester,Manhattan,Bronx
2019-03-19 05:30:03,2019-03-19 05:45:44,1,0.66,16.47,8.47,0.3,19.2,green,cash,East Village,Queensboro Hill,Manhattan,Queens
2019-03-06 20:29:51,2019-03-06 20:44:54,1,1.15,7.5,3.37,0.09,13.43,green,cash,Lenox Hill East,Cobble Hill,Manhattan,Brooklyn
2019-03-10 06:31:47,2019-03-10 06:45:48,1,1.09,5.9,1.1,0.01,35.89,green,credit card,East Chelsea,East Williamsburg,Manhattan,Brooklyn
2019-03-29 07:07:50,2019-03-29 07:21:11,1,7.65,3.0,1.04,0.01,12.54,green,credit card,West Village,Parkchester,Manhattan,Bronx
2019-03-28 14:38:04,2019-03-28 14:52:08,1,7.76,8.0,1.17,0.61,72.55,green,cash,Forest Hills,Lincoln Square West,Queens,Manhattan
2019-03-29 09:58:44,2019-03-29 10:15:25,1,1.38,12.0,0.68,0.02,20.22,green,cash,East Chelsea,Flatiron,Manhattan,Manhattan
2019-03-25 15:09:30,2019-03-25 15:22:57,1,2.76,12.7,1.81,0.4,35.89,green,cash,Erasmus,Bushwick South,Brooklyn,Brooklyn
2019-03-26 13:04:09,2019-03-26 13:17:50,1,2.22,11.8,1.09,0.06,26.99,green,credit card,Lenox Hill East,Lenox Hill East,Manhattan,Manhattan
2019-03-13 12:40:58,2019-03-13 12:53:30,1,3.21,10.7,3.02,0.34,20.86,green,credit card,Flatiron,Saint Albans,Manhattan,Queens
2019-03-13 22:01:33,2019-03-13 22:17:15,1,6.81,15.3,2.59,0.48,23.88,green,cash,LaGuardia Airport,Crown Heights North,Queens,Brooklyn
2019-03-27 17:13:10,2019-03-27 17:27:44,1,0.15,7.06,0.03,0.16,8.1,green,credit card,East Harlem North,Maspeth,Manhattan,Queens
2019-03-13 21:34:58,2019-03-13 21:49:03,1,1.34,6.7,4.91,0.02,7.7,green,credit card,Lenox Hill East,East Tremont,Manhattan,Bronx
2019-03-05 09:37:13,2019-03-05 09:49:38,1,1.78,4.4,3.93,3.1,5.59,green,cash,Woodside,Glendale,Queens,Queens
2019-03-12 02:33:01,2019-03-12 02:48:34,5,3.57,7.8,2.44,0.07,10.63,green,cash,Central Harlem North,SoHo,Manhattan,Manhattan
2019-03-16 07:23:57,2019-03-16 07:40:00,1,2.53,5.6,2.64,0.04,11.32,green,cash,Midtown South,Van Cortlandt Village,Manhattan,Bronx
2019-03-25 10:27:59,2019-03-25 10:41:17,1,2.6,6.8,1.0,0.32,22.57,green,credit card,Inwood,South Jamaica,Manhattan,Queens
2019-03-26 05:24:27,2019-03-26 05:38:53,1,0.19,10.71,0.11,0.0,15.5,green,cash,Sutton Place/Turtle Bay North,Columbia Street,Manhattan,Brooklyn
2019-03-08 21:27:32,2019-03-08 21:40:47,1,0.71,4.4,1.98,0.04,29.94,green,cash,Upper East Side North,East Tremont,Manhattan,Bronx
2019-03-11 11:42:52,2019-03-11 11:57:53,1,1.31,14.69,10.29,0.07,15.1,green,credit card,Midtown East,Woodlawn/Wakefield,Manhattan,Bronx
2019-03-31 05:35:44,2019-03-31 05:52:41,1,1.79,13.9,0.37,0.08,21.4,green,credit card,Central Harlem,South Ozone Park,Manhattan,Queens
2019-03-14 23:32:28,2019-03-14 23:43:49,1,7.21,13.8,0.45,0.46,14.78,green,credit card,Upper East Side South,Midtown East,Manhattan,Manhattan
2019-03-12 23:03:28,2019-03-12 23:17:47,3,11.2,4.56,0.52,0.13,47.6,green,cash,East Flatbush/Farragut,Alphabet City,Brooklyn,Manhattan
2019-03-12 01:18:06,2019-03-12 01:30:45,1,2.7,5.2,2.99,0.06,42.97,green,cash,Midtown Center,Oakland Gardens,Manhattan,Queens
2019-03-23 17:30:05,2019-03-23 17:45:03,1,5.56,5.3,1.4,0.0,14.46,green,credit card,Murray Hill,Manhattan Beach,Manhattan,Brooklyn
2019-03-20 14:35:03,2019-03-20 14:48:14,5,1.12,8.02,0.35,0.1,40.3,green,credit card,UN/Turtle Bay South,Astoria,Manhattan,Queens
2019-03-04 03:19:56,2019-03-04 03:34:50,1,0.67,6.8,1.39,0.1,12.94,green,cash,West Village,East Tremont,Manhattan,Bronx
2019-03-31 07:59:12,2019-03-31 08:13:54,2,0.92,12.61,1.03,0.11,20.5,green,credit card,Midtown East,Middle Village,Manhattan,Queens
2019-03-14 14:46:13,2019-03-14 15:01:19,1,1.39,9.0,0.24,0.0,19.15,green,credit card,Union Sq,Co-Op City,Manhattan,Bronx
2019-03-22 14:42:37,2019-03-22 14:55:43,1,2.51,7.1,6.55,0.1,15.96,green,cash,East Village,Flatbush/Ditmas Park,Manhattan,Brooklyn
2019-03-30 02:52:07,2019-03-30 03:06:49,1,1.6,14.6,0.64,0.02,39.01,green,cash,UN/Turtle Bay South,Queensboro Hill,Manhattan,Queens
2019-03-07 23:25:04,2019-03-07 23:38:59,1,0.28,18.0,3.7,0.22,21.52,green,cash,Times Sq/Theatre District,Flatlands,Manhattan,Brooklyn
2019-03-15 06:41:43,2019-03-15 06:54:31,2,5.54,6.5,0.62,0.15,7.7,green,credit card,West Village,Gowanus,Manhattan,Brooklyn
2019-03-27 12:25:04,2019-03-27 12:38:34,1,0.49,12.0,0.03,0.27,17.06,green,cash,Flatiron,Marine Park/Mill Basin,Manhattan,Brooklyn
2019-03-14 10:13:35,2019-03-14 10:30:32,1,0.97,10.1,0.56,0.11,18.68,green,cash,Greenwich Village South,Inwood Hill Park,Manhattan,Manhattan
2019-03-04 00:44:12,2019-03-04 00:58:13,1,2.27,9.5,1.25,0.25,11.62,green,credit card,Garment District,Red Hook,Manhattan,Brooklyn
2019-03-06 14:58:48,2019-03-06 15:13:47,5,3.91,9.4,2.83,0.19,15.71,green,credit card,Lenox Hill West,Randalls Island,Manhattan,Manhattan
2019-03-21 10:09:27,2019-03-21 10:22:27,1,2.18,18.4,0.56,0.01,28.34,green,cash,Lincoln Square East,Forest Hills,Manhattan,Queens
2019-03-15 22:36:50,2019-03-15 22:51:28,2,0.07,10.8,3.66,0.02,23.68,green,cash,East Chelsea,DUMBO/Vinegar Hill,Manhattan,Brooklyn
2019-03-24 00:19:52,2019-03-24 00:35:19,1,2.51,7.7,0.34,0.0,9.74,green,cash,Financial District South,Lower East Side,Manhattan,Manhattan
2019-03-30 01:28:36,2019-03-30 01:43:48,2,0.63,7.18,1.49,0.37,21.8,green,credit card,Chinatown,Prospect Park,Manhattan,Brooklyn
2019-03-07 10:15:42,2019-03-07 10:33:30,1,0.74,9.5,0.06,0.14,16.71,green,credit card,Williamsburg (South Side),Williamsbridge/Olinville,Brooklyn,Bronx
2019-03-02 05:18:18,2019-03-02 05:32:14,2,1.88,5.9,0.97,0.17,21.0,green,cash,Battery Park City,Greenpoint,Manhattan,Brooklyn
2019-03-01 01:57:00,2019-03-01 02:11:47,5,0.1,13.25,2.56,0.43,34.3,green,credit card,Steinway,East Harlem South,Queens,Manhattan
2019-03-30 20:28:54,2019-03-30 20:43:41,2,1.35,27.5,0.46,0.33,39.99,green,credit card,DUMBO/Vinegar Hill,Belmont,Brooklyn,Bronx
2019-03-07 11:30:19,2019-03-07 11:47:02,1,3.87,15.14,0.28,0.12,18.8,green,credit card,East Village,Whitestone,Manhattan,Queens
2019-03-06 15:10:37,2019-03-06 15:23:23,1,1.76,10.2,0.57,0.08,26.9,green,cash,Upper East Side North,Homecrest,Manhattan,Brooklyn
2019-03-01 18:37:40,2019-03-01 18:52:06,5,10.34,12.6,1.24,0.13,18.03,green,cash,West Village,Auburndale,Manhattan,Queens
2019-03-26 16:49:22,2019-03-26 17:02:38,1,1.97,3.1,0.61,0.11,22.63,green,credit card,East Chelsea,Financial District South,Manhattan,Manhattan
2019-03-18 05:25:15,2019-03-18 05:41:10,1,0.58,5.9,0.62,0.01,14.62,green,cash,Boerum Hill,Astoria,Brooklyn,Queens
2019-03-02 20:57:50,2019-03-02 21:11:50,0,8.35,11.3,0.34,1.9,11.53,green,cash,LaGuardia Airport,Queens Village,Queens,Queens
2019-03-11 16:24:01,2019-03-11 16:40:32,1,11.29,4.51,6.07,1.16,14.8,green,credit card,South Jamaica,Brooklyn Heights,Queens,Brooklyn
2019-03-31 15:32:28,2019-03-31 15:46:22,1,4.42,7.04,0.91,0.2,28.7,green,credit card,Carroll Gardens,Lower East Side,Brooklyn,Manhattan
2019-03-16 18:15:33,2019-03-16 18:29:26,1,1.31,4.3,2.42,0.05,15.6,green,credit card,Alphabet City,Springfield Gardens South,Manhattan,Queens
2019-03-14 09:13:17,2019-03-14 09:28:26,1,7.01,5.5,3.05,0.19,8.48,green,cash,Midtown South,Bloomingdale,Manhattan,Manhattan
2019-03-20 16:42:53,2019-03-20 16:54:17,1,0.83,9.5,1.11,0.03,23.85,green,cash,Central Harlem,Parkchester,Manhattan,Bronx
2019-03-02 11:34:58,2019-03-02 11:49:37,1,5.46,9.58,0.17,0.04,9.7,green,credit card,Morningside Heights,Yorkville East,Manhattan,Manhattan
2019-03-21 02:03:03,2019-03-21 02:14:57,1,6.95,5.4,4.2,1.92,35.59,green,credit card,Douglaston,Williamsbridge/Olinville,Queens,Bronx
2019-03-16 12:18:48,2019-03-16 12:34:55,1,2.62,18.33,2.0,0.24,28.1,green,cash,West Chelsea/Hudson Yards,Williamsburg (South Side),Manhattan,Brooklyn
2019-03-16 05:59:46,2019-03-16 06:14:07,1,6.41,6.1,1.01,0.02,12.86,green,credit card,Lincoln Square West,Flatbush/Ditmas Park,Manhattan,Brooklyn
2019-03-17 03:17:29,2019-03-17 03:31:00,6,2.73,8.25,7.58,0.59,14.2,green,credit card,Hudson Sq,Stuy Town/Peter Cooper Village,Manhattan,Manhattan
2019-03-05 00:03:19,2019-03-05 00:17:13,2,2.16,11.08,1.69,0.2,13.4,green,cash,Downtown Brooklyn/MetroTech,Prospect Heights,Brooklyn,Brooklyn
2019-03-26 20:35:47,2019-03-26 20:50:41,1,3.33,19.1,3.59,0.29,30.49,green,cash,Lower East Side,Co-Op City,Manhattan,Bronx
2019-03-19 06:00:33,2019-03-19 06:14:22,2,1.61,7.5,0.6,0.12,7.68,green,cash,Lower East Side,Co-Op City,Manhattan,Bronx
2019-03-06 09:39:02,2019-03-06 09:55:53,1,4.21,21.1,0.87,0.11,21.21,green,credit card,Manhattan Valley,Central Harlem,Manhattan,Manhattan
2019-03-15 06:33:48,2019-03-15 06:49:47,1,0.36,6.0,0.46,0.46,8.84,green,cash,Midtown South,Stuyvesant Heights,Manhattan,Brooklyn
2019-03-15 21:37:16,2019-03-15 21:50:41,1,1.07,9.82,9.59,0.06,13.0,green,cash,Lincoln Square West,Midtown Center,Manhattan,Manhattan
2019-03-04 08:34:56,2019-03-04 08:49:53,2,0.02,9.85,0.34,0.1,13.8,green,credit card,Midtown Center,Stapleton,Manhattan,Staten Island
2019-03-19 17:19:40,2019-03-19 17:32:13,1,1.76,13.41,1.9,0.05,16.5,green,credit card,Garment District,Brooklyn Heights,Manhattan,Brooklyn
2019-03-30 00:16:57,2019-03-30 00:32:49,1,2.35,5.7,0.06,0.15,11.32,green,cash,Mount Hope,Steinway,Bronx,Queens
2019-03-20 06:30:19,2019-03-20 06:44:51,1,1.5,10.7,2.08,0.02,16.37,green,cash,Penn Station/Madison Sq West,Flushing Meadows-Corona Park,Manhattan,Queens
2019-03-21 19:15:50,2019-03-21 19:29:52,1,0.73,8.7,0.41,0.18,16.16,green,cash,Clinton East,Bushwick North,Manhattan,Brooklyn
2019-03-24 04:05:00,2019-03-24 04:17:18,1,1.69,15.9,0.11,0.15,26.6,green,credit card,Midtown Center,Financial District South,Manhattan,Manhattan
2019-03-16 17:05:10,2019-03-16 17:20:45,1,1.87,7.6,0.51,0.01,9.2,green,credit card,East Village,World Trade Center,Manhattan,Manhattan
2019-03-06 14:23:17,2019-03-06 14:37:23,1,1.37,33.37,0.67,4.71,34.5,green,cash,South Jamaica,Prospect-Lefferts Gardens,Queens,Brooklyn
2019-03-14 05:03:45,2019-03-14 05:18:52,1,3.45,8.3,4.87,0.23,14.09,green,credit card,Penn Station/Madison Sq West,Ridgewood,Manhattan,Queens
2019-03-26 02:03:15,2019-03-26 02:17:37,2,1.65,5.0,0.21,0.06,21.02,green,credit card,Upper West Side South,Dyker Heights,Manhattan,Brooklyn
2019-03-19 01:13:28,2019-03-19 01:29:49,5,2.81,9.23,0.53,0.08,14.9,green,cash,East New York,Hillcrest/Pomonok,Brooklyn,Queens
2019-03-02 09:48:27,2019-03-02 10:04:01,2,1.22,5.5,4.68,0.07,10.53,green,cash,TriBeCa/Civic Center,Homecrest,Manhattan,Brooklyn
2019-03-09 09:19:08,2019-03-09 09:31:32,1,0.6,5.27,1.6,0.0,8.6,green,cash,Flatiron,Murray Hill-Queens,Manhattan,Queens
2019-03-18 21:37:55,2019-03-18 21:53:14,1,0.51,10.2,0.46,0.18,21.54,green,credit card,Park Slope,Brighton Beach,Brooklyn,Brooklyn
2019-03-30 09:46:15,2019-03-30 09:59:30,1,18.22,7.3,6.42,3.49,9.6,green,cash,Murray Hill-Queens,South Ozone Park,Queens,Queens
2019-03-20 17:58:35,2019-03-20 18:12:50,1,1.91,3.3,3.08,0.15,12.65,green,cash,Clinton East,Long Island City/Queens Plaza,Manhattan,Queens
2019-03-23 13:36:15,2019-03-23 13:50:34,1,1.15,8.1,0.36,0.08,8.99,green,credit card,Yorkville East,Glendale,Manhattan,Queens
2019-03-30 11:54:05,2019-03-30 12:07:15,1,6.95,8.3,1.74,0.17,9.37,green,credit card,Midtown North,Cobble Hill,Manhattan,Brooklyn
2019-03-12 08:46:41,2019-03-12 09:01:44,1,2.14,13.49,2.14,0.15,29.6,green,credit card,Elmhurst,Seaport,Queens,Manhattan
2019-03-10 04:14:44,2019-03-10 04:27:25,1,0.02,14.0,0.32,0.18,35.91,green,cash,Times Sq/Theatre District,South Williamsburg,Manhattan,Brooklyn
2019-03-27 17:39:49,2019-03-27 17:55:46,2,1.7,5.1,0.56,0.08,16.51,green,cash,Flatiron,Midtown North,Manhattan,Manhattan
2019-03-16 06:26:03,2019-03-16 06:39:43,1,6.49,10.2,4.17,0.04,11.13,green,credit card,Upper East Side South,Manhattan Valley,Manhattan,Manhattan
2019-03-12 11:04:21,2019-03-12 11:18:43,1,4.94,3.25,0.68,0.04,10.5,green,credit card,Midtown North,Bedford,Manhattan,Brooklyn
2019-03-30 03:24:40,2019-03-30 03:38:52,1,0.99,13.6,1.28,0.03,29.33,green,cash,Park Slope,Kew Gardens,Brooklyn,Queens
2019-03-17 16:17:18,2019-03-17 16:32:24,2,0.94,8.4,0.73,0.06,22.97,green,credit card,Meatpacking/West Village West,Carroll Gardens,Manhattan,Brooklyn
2019-03-25 03:00:12,2019-03-25 03:16:26,1,0.18,6.2,0.58,0.09,20.45,green,credit card,Upper East Side South,Greenwich Village South,Manhattan,Manhattan
2019-03-29 10:30:08,2019-03-29 10:45:05,1,0.2,12.56,1.38,0.44,17.4,green,credit card,Midtown North,Midtown South,Manhattan,Manhattan
2019-03-25 01:42:42,2019-03-25 01:56:25,1,4.51,13.78,3.66,0.49,15.4,green,cash,DUMBO/Vinegar Hill,Yorkville West,Brooklyn,Manhattan
2019-03-01 15:03:06,2019-03-01 15:19:52,2,0.12,15.98,2.01,0.15,19.5,green,cash,East Village,Brighton Beach,Manhattan,Brooklyn
2019-03-25 12:45:42,2019-03-25 12:58:22,1,0.05,7.4,3.49,0.03,18.4,green,credit card,Murray Hill,Ocean Hill,Manhattan,Brooklyn
2019-03-12 19:14:08,2019-03-12 19:28:46,1,4.81,6.8,1.42,0.13,18.43,green,cash,Midtown East,Hunts Point,Manhattan,Bronx
2019-03-20 07:28:06,2019-03-20 07:40:36,1,1.21,6.67,2.07,0.17,11.1,green,cash,Yorkville West,Bensonhurst West,Manhattan,Brooklyn
2019-03-07 08:01:36,2019-03-07 08:16:35,1,3.42,5.5,0.35,0.19,12.45,green,credit card,TriBeCa/Civic Center,Downtown Brooklyn/MetroTech,Manhattan,Brooklyn
2019-03-02 04:22:06,2019-03-02 04:36:46,1,4.09,7.89,1.68,0.06,11.4,green,credit card,East Village,Forest Hills,Manhattan,Queens
2019-02-28 01:03:37,2019-02-28 01:17:26,1,1.42,8.5,5.29,0.0,10.69,green,cash,Upper East Side South,Long Island City/Queens Plaza,Manhattan,Queens
2019-03-15 11:22:27,2019-03-15 11:35:20,1,1.21,11.9,0.26,0.3,20.72,green,cash,Upper West Side South,Baisley Park,Manhattan,Queens
2019-03-20 20:06:36,2019-03-20 20:22:29,1,0.9,11.1,1.47,0.16,15.99,green,cash,East Harlem South,Forest Hills,Manhattan,Queens
2019-03-04 09:09:12,2019-03-04 09:24:00,1,1.53,7.9,2.59,0.02,8.71,green,credit card,West Chelsea/Hudson Yards,Queens Village,Manhattan,Queens
2019-03-08 00:52:33,2019-03-08 01:08:36,1,0.27,8.4,1.23,0.13,11.42,green,credit card,Upper West Side South,Sheepshead Bay,Manhattan,Brooklyn
2019-03-26 13:57:23,2019-03-26 14:12:33,5,1.1,14.34,1.21,0.06,27.8,green,cash,Upper East Side North,Yorkville West,Manhattan,Manhattan
2019-03-15 00:17:59,2019-03-15 00:32:56,6,0.73,17.2,3.15,0.06,18.27,green,credit card,Greenwich Village South,Battery Park,Manhattan,Manhattan
2019-03-23 17:12:08,2019-03-23 17:28:20,1,0.78,4.1,2.15,0.05,11.6,green,credit card,Midtown South,Meatpacking/West Village West,Manhattan,Manhattan
2019-03-27 16:34:14,2019-03-27 16:50:07,1,13.6,45.56,2.15,4.23,50.3,green,credit card,LaGuardia Airport,Canarsie,Queens,Brooklyn
2019-03-19 21:55:36,2019-03-19 22:11:21,1,4.76,4.1,4.02,0.06,18.95,green,cash,World Trade Center,Battery Park City,Manhattan,Manhattan
2019-03-10 15:35:16,2019-03-10 15:47:59,1,1.73,15.88,0.6,0.17,20.0,green,cash,Murray Hill,Inwood Hill Park,Manhattan,Manhattan
2019-03-10 14:44:16,2019-03-10 14:59:12,1,1.75,13.6,1.93,0.19,17.49,green,credit card,Midtown East,College Point,Manhattan,Queens
2019-03-05 16:10:25,2019-03-05 16:24:31,1,7.22,4.6,3.91,0.03,6.04,green,cash,Midtown Center,East Flatbush/Remsen Village,Manhattan,Brooklyn
2019-03-22 15:06:45,2019-03-22 15:22:19,1,2.04,5.7,0.42,0.13,22.73,green,cash,Penn Station/Madison Sq West,Boerum Hill,Manhattan,Brooklyn
2019-03-30 01:52:17,2019-03-30 02:08:18,1,0.48,4.5,1.46,0.11,11.36,green,credit card,Times Sq/Theatre District,Jamaica Estates,Manhattan,Queens
2019-02-28 20:38:38,2019-02-28 20:51:24,1,1.96,10.3,2.5,0.04,20.62,green,credit card,Lower East Side,Prospect-Lefferts Gardens,Manhattan,Brooklyn
2019-03-29 21:48:12,2019-03-29 22:02:06,1,0.08,9.4,1.92,0.19,13.03,green,credit card,Clinton East,Belmont,Manhattan,Bronx
2019-03-19 20:41:33,2019-03-19 20:56:07,5,1.12,11.5,0.2,3.79,16.57,green,cash,Woodside,Flatlands,Queens,Brooklyn
2019-03-01 13:05:45,2019-03-01 13:19:42,2,1.34,11.13,0.5,0.58,11.9,green,cash,Upper East Side South,Cypress Hills,Manhattan,Brooklyn
2019-03-03 18:05:28,2019-03-03 18:20:30,1,4.05,9.5,0.18,0.12,17.94,green,credit card,East Harlem North,Pelham Parkway,Manhattan,Bronx
2019-03-10 02:52:03,2019-03-10 03:07:29,1,0.22,6.6,0.47,0.01,9.4,green,credit card,Lincoln Square East,Washington Heights North,Manhattan,Manhattan
2019-03-03 17:15:12,2019-03-03 17:31:51,1,1.7,25.75,0.09,0.88,53.5,green,cash,JFK Airport,Central Park,Queens,Manhattan
2019-03-15 19:06:06,2019-03-15 19:16:20,1,2.11,14.98,0.97,0.22,21.1,green,credit card,Madison,Hamilton Heights,Brooklyn,Manhattan
2019-03-17 22:27:57,2019-03-17 22:42:31,1,7.06,14.2,1.55,0.8,95.96,green,credit card,Jamaica,Stapleton,Queens,Staten Island
2019-03-01 08:16:13,2019-03-01 08:27:50,1,1.11,7.7,3.6,0.36,11.59,green,credit card,Midtown Center,Whitestone,Manhattan,Queens
2019-03-10 04:28:59,2019-03-10 04:43:26,1,2.76,6.0,1.37,0.01,13.13,green,cash,Yorkville West,Kew Gardens,Manhattan,Queens
2019-03-01 01:08:23,2019-03-01 01:23:53,1,0.87,4.6,0.36,0.1,27.67,green,cash,Midtown North,Murray Hill,Manhattan,Manhattan
2019-03-17 07:47:54,2019-03-17 08:01:40,1,2.54,4.2,2.22,0.19,20.15,green,credit card,Flatiron,Rosedale,Manhattan,Queens
2019-03-04 14:09:50,2019-03-04 14:22:24,1,3.44,9.8,0.04,0.0,14.63,green,cash,Cobble Hill,Van Nest/Morris Park,Brooklyn,Bronx
2019-03-24 14:55:18,2019-03-24 15:09:31,1,3.94,5.7,0.17,0.03,46.04,green,cash,Midtown North,Crown Heights North,Manhattan,Brooklyn
2019-03-11 04:43:30,2019-03-11 04:57:05,1,4.99,18.09,0.4,4.8,28.9,green,credit card,Flushing,Battery Park City,Queens,Manhattan
2019-03-03 04:59:19,2019-03-03 05:12:41,1,3.6,9.4,2.38,0.26,18.68,green,credit card,Clinton East,Downtown Brooklyn/MetroTech,Manhattan,Brooklyn
2019-03-28 14:31:36,2019-03-28 14:45:24,1,0.08,6.7,2.35,0.04,19.88,green,cash,TriBeCa/Civic Center,Melrose South,Manhattan,Bronx
2019-03-25 08:31:02,2019-03-25 08:45:46,1,0.22,16.4,1.91,0.58,19.25,green,cash,Midtown North,Battery Park,Manhattan,Manhattan
2019-02-28 10:05:17,2019-02-28 10:20:16,1,0.85,6.3,1.94,0.09,15.41,green,cash,TriBeCa/Civic Center,Murray Hill,Manhattan,Manhattan
2019-03-11 02:41:49,2019-03-11 02:55:30,2,2.27,7.7,1.46,0.11,11.58,green,credit card,Lower East Side,SoHo,Manhattan,Manhattan
2019-03-18 12:17:00,2019-03-18 12:31:47,1,0.08,14.18,0.05,0.01,14.7,green,credit card,Central Harlem,Van Cortlandt Village,Manhattan,Bronx
2019-03-01 03:52:08,2019-03-01 04:07:35,3,2.63,16.28,0.53,0.03,18.1,green,cash,Upper East Side North,Hunts Point,Manhattan,Bronx
2019-03-31 17:46:12,2019-03-31 18:00:34,1,4.76,11.22,0.94,0.26,16.9,green,credit card,Upper East Side North,Middle Village,Manhattan,Queens
2019-03-14 06:30:15,2019-03-14 06:43:26,1,8.86,29.8,0.16,0.41,46.95,green,credit card,Crotona Park East,Steinway,Bronx,Queens
2019-03-02 05:22:20,2019-03-02 05:38:52,1,6.35,7.1,1.57,0.21,9.25,green,cash,West Village,Midtown North,Manhattan,Manhattan
2019-03-17 02:23:31,2019-03-17 02:38:48,1,1.18,4.8,1.15,0.01,8.65,green,cash,Kips Bay,Bushwick South,Manhattan,Brooklyn
2019-03-11 17:32:43,2019-03-11 17:47:43,1,0.93,6.3,0.59,0.03,9.7,green,cash,Clinton East,Starrett City,Manhattan,Brooklyn
2019-03-01 16:50:56,2019-03-01 17:04:49,6,2.47,12.47,1.57,0.1,16.6,green,credit card,Upper East Side South,Washington Heights South,Manhattan,Manhattan
2019-03-16 16:01:43,2019-03-16 16:15:46,2,19.31,4.5,2.2,1.11,47.46,green,cash,JFK Airport,Bay Ridge,Queens,Brooklyn
2019-03-01 04:01:09,2019-03-01 04:14:31,1,6.09,8.23,2.12,0.04,13.9,green,cash,Lenox Hill East,Fresh Meadows,Manhattan,Queens
2019-03-03 10:28:35,2019-03-03 10:44:55,3,7.36,8.7,1.04,0.07,12.45,green,credit card,East Village,Starrett City,Manhattan,Brooklyn
2019-03-28 00:21:08,2019-03-28 00:33:45,1,6.72,13.3,3.82,0.1,13.83,green,credit card,Lenox Hill West,Midtown East,Manhattan,Manhattan
2019-03-08 23:32:41,2019-03-08 23:46:13,1,6.04,3.8,1.22,0.1,16.02,green,credit card,World Trade Center,Clinton Hill,Manhattan,Brooklyn
2019-03-16 17:11:14,2019-03-16 17:23:57,1,0.45,7.99,8.42,0.28,11.7,green,cash,Upper East Side South,Sunnyside,Manhattan,Queens
2019-03-18 17:28:46,2019-03-18 17:41:59,1,0.26,9.24,1.8,0.23,24.1,green,cash,Lincoln Square East,Union Sq,Manhattan,Manhattan
2019-03-25 19:39:12,2019-03-25 19:52:12,6,5.14,8.4,1.38,0.01,12.38,green,credit card,Gramercy,Midtown South,Manhattan,Manhattan
2019-03-14 21:05:29,2019-03-14 21:21:03,1,1.29,15.8,0.41,0.3,20.29,green,credit card,West Village,Mott Haven/Port Morris,Manhattan,Bronx
2019-03-14 22:56:19,2019-03-14 23:13:04,1,13.45,13.7,1.05,0.1,16.62,green,cash,Upper East Side North,Greenwich Village South,Manhattan,Manhattan
2019-03-16 19:45:56,2019-03-16 20:00:40,1,0.38,10.8,1.49,0.06,18.35,green,credit card,Gramercy,Stuyvesant Heights,Manhattan,Brooklyn
2019-03-21 08:23:27,2019-03-21 08:38:46,1,0.83,7.5,0.65,0.05,15.26,green,credit card,Battery Park City,College Point,Manhattan,Queens
2019-03-26 08:51:46,2019-03-26 09:05:19,1,2.03,10.2,0.85,0.03,24.48,green,cash,Clinton East,Glendale,Manhattan,Queens
2019-03-17 23:36:42,2019-03-17 23:49:16,1,3.44,8.3,1.63,0.17,21.17,green,cash,Flatiron,West Village,Manhattan,Manhattan
2019-03-15 23:00:01,2019-03-15 23:14:33,1,1.04,11.52,3.37,0.06,25.6,green,cash,Clinton West,Manhattanville,Manhattan,Manhattan
2019-02-28 05:21:42,2019-02-28 05:36:40,1,0.52,4.4,1.1,0.17,8.1,green,credit card,Murray Hill,Central Park,Manhattan,Manhattan
2019-03-31 06:59:18,2019-03-31 07:11:57,1,6.05,17.9,0.84,2.79,37.91,green,cash,Jackson Heights,Starrett City,Queens,Brooklyn
2019-03-12 05:49:16,2019-03-12 06:05:19,1,0.28,9.1,0.47,0.02,42.21,green,cash,Lincoln Square East,East Flatbush/Remsen Village,Manhattan,Brooklyn
2019-03-20 22:38:28,2019-03-20 22:52:39,1,7.54,12.24,1.03,0.07,14.6,green,credit card,Bedford,Howard Beach,Brooklyn,Queens
2019-03-07 15:44:08,2019-03-07 15:59:47,1,0.42,10.7,1.62,0.16,18.44,green,credit card,Yorkville West,Yorkville East,Manhattan,Manhattan
2019-03-07 09:05:31,2019-03-07 09:18:05,1,3.45,9.4,0.35,0.13,14.0,green,cash,Yorkville West,Midwood,Manhattan,Brooklyn
2019-03-31 12:53:14,2019-03-31 13:07:28,1,6.44,13.03,0.01,0.09,16.9,green,cash,Hamilton Heights,South Ozone Park,Manhattan,Queens
2019-02-28 18:18:41,2019-02-28 18:35:12,1,0.31,14.04,1.18,0.36,27.8,green,cash,Upper East Side South,Bensonhurst West,Manhattan,Brooklyn
2019-03-27 20:54:26,2019-03-27 21:08:15,1,2.42,52.1,1.74,1.86,90.17,green,credit card,JFK Airport,Soundview/Castle Hill,Queens,Bronx
2019-03-08 17:37:14,2019-03-08 17:51:11,1,2.0,9.9,0.05,0.17,16.81,green,credit card,East Chelsea,Melrose South,Manhattan,Bronx
2019-03-27 12:27:05,2019-03-27 12:43:58,2,1.38,14.83,1.9,0.0,24.6,green,cash,East Harlem South,Kips Bay,Manhattan,Manhattan
2019-03-07 03:37:23,2019-03-07 03:51:01,1,13.53,10.03,1.57,2.54,14.1,green,credit card,Forest Hills,Bloomingdale,Queens,Manhattan
2019-03-13 05:19:08,2019-03-13 05:35:43,3,0.72,9.3,0.07,0.32,23.25,green,credit card,Downtown Brooklyn/MetroTech,Washington Heights South,Brooklyn,Manhattan
2019-02-28 00:18:04,2019-02-28 00:31:13,1,1.65,4.03,2.0,1.09,45.78,green,credit card,LaGuardia Airport,Bensonhurst East,Queens,Brooklyn
2019-03-29 02:35:55,2019-03-29 02:46:43,1,3.5,8.7,2.23,0.14,15.6,green,cash,Midtown Center,Hunts Point,Manhattan,Bronx
2019-03-19 09:53:01,2019-03-19 10:08:55,5,2.11,6.4,2.31,0.0,13.33,green,cash,Lincoln Square West,Pelham Parkway,Manhattan,Bronx
2019-03-23 21:01:35,2019-03-23 21:14:22,1,1.58,6.0,3.22,0.08,12.34,green,credit card,Gramercy,Starrett City,Manhattan,Brooklyn
2019-03-21 19:19:24,2019-03-21 19:31:13,1,0.15,4.0,2.79,0.31,11.33,green,cash,Clinton East,Woodlawn/Wakefield,Manhattan,Bronx
2019-03-04 20:40:26,2019-03-04 20:54:44,2,0.01,6.87,1.07,0.26,10.9,green,cash,Penn Station/Madison Sq West,World Trade Center,Manhattan,Manhattan
2019-03-30 12:59:44,2019-03-30 13:13:05,1,1.27,4.1,0.94,0.01,29.54,green,credit card,Upper West Side South,Penn Station/Madison Sq West,Manhattan,Manhattan
2019-03-19 16:21:17,2019-03-19 16:35:12,1,0.45,9.5,0.9,0.07,26.26,green,credit card,Midtown South,Mott Haven/Port Morris,Manhattan,Bronx
2019-03-31 22:10:54,2019-03-31 22:26:52,1,2.64,5.77,0.27,0.0,10.6,green,credit card,Midtown Center,Queens Village,Manhattan,Queens
2019-03-10 05:11:01,2019-03-10 05:25:52,1,3.78,10.56,1.49,0.04,18.7,green,cash,Midtown South,Richmond Hill,Manhattan,Queens
2019-03-02 13:02:04,2019-03-02 13:16:34,2,6.75,15.23,1.13,0.29,17.1,green,cash,Flatiron,Meatpacking/West Village West,Manhattan,Manhattan
2019-03-06 01:28:00,2019-03-06 01:43:13,5,3.66,11.0,0.03,0.05,29.34,green,credit card,East Village,TriBeCa/Civic Center,Manhattan,Manhattan
2019-03-28 22:38:21,2019-03-28 22:54:52,1,1.28,7.9,1.38,1.03,9.97,green,credit card,Murray Hill,Upper East Side North,Manhattan,Manhattan
2019-03-04 20:10:19,2019-03-04 20:26:26,1,2.91,4.7,1.89,0.31,25.71,green,cash,Greenwich Village South,Mott Haven/Port Morris,Manhattan,Bronx
2019-03-08 09:01:37,2019-03-08 09:15:54,1,2.62,7.3,1.82,0.09,27.18,green,credit card,Lincoln Square West,Greenwich Village South,Manhattan,Manhattan
2019-03-08 11:26:00,2019-03-08 11:42:35,1,4.0,13.39,0.67,0.06,34.1,green,credit card,Upper East Side South,South Jamaica,Manhattan,Queens
2019-03-22 09:35:12,2019-03-22 09:51:00,1,0.97,6.65,2.94,0.07,12.1,green,credit card,Flatiron,Central Park,Manhattan,Manhattan
2019-03-24 07:08:18,2019-03-24 07:21:56,3,0.86,17.4,0.5,0.21,19.5,green,cash,East Harlem South,Steinway,Manhattan,Queens
2019-03-25 05:00:02,2019-03-25 05:14:46,1,0.21,29.23,0.35,0.49,32.6,green,cash,Central Harlem,Yorkville West,Manhattan,Manhattan
2019-03-05 12:54:06,2019-03-05 13:09:40,1,3.84,8.9,3.48,0.02,11.14,green,credit card,Central Park,Penn Station/Madison Sq West,Manhattan,Manhattan
2019-03-19 06:22:42,2019-03-19 06:39:24,1,1.92,10.0,3.17,0.02,29.1,green,cash,Clinton East,Claremont/Bathgate,Manhattan,Bronx
2019-03-25 21:28:14,2019-03-25 21:42:32,3,1.16,9.5,2.54,0.17,11.4,green,cash,Lincoln Square East,Clinton Hill,Manhattan,Brooklyn
2019-03-06 17:40:45,2019-03-06 17:57:53,2,0.61,6.67,0.1,0.16,26.8,green,credit card,Brooklyn Heights,East Williamsburg,Brooklyn,Brooklyn
2019-03-14 05:19:15,2019-03-14 05:34:38,1,0.32,9.5,0.52,0.22,35.73,green,credit card,Yorkville West,Bedford,Manhattan,Brooklyn
2019-03-04 21:39:17,2019-03-04 21:53:08,0,2.95,20.56,0.28,0.7,23.4,green,cash,Yorkville West,Flushing Meadows-Corona Park,Manhattan,Queens
2019-03-24 10:44:52,2019-03-24 11:01:28,1,0.26,7.7,0.02,0.05,20.3,green,cash,Times Sq/Theatre District,Flushing,Manhattan,Queens
2019-03-13 09:53:34,2019-03-13 10:09:03,0,0.4,7.2,2.01,0.12,20.94,green,cash,TriBeCa/Civic Center,Meatpacking/West Village West,Manhattan,Manhattan
2019-03-14 11:21:25,2019-03-14 11:35:15,3,6.39,6.95,8.49,0.81,46.4,green,credit card,Astoria,East Flatbush/Farragut,Queens,Brooklyn
2019-03-17 11:25:08,2019-03-17 11:43:07,1,0.86,5.9,0.32,0.17,12.15,green,credit card,Lincoln Square East,Elmhurst/Maspeth,Manhattan,Queens
2019-03-19 16:59:16,2019-03-19 17:13:28,1,1.29,2.9,2.33,0.27,26.88,green,cash,West Chelsea/Hudson Yards,Midwood,Manhattan,Brooklyn
2019-03-11 15:23:24,2019-03-11 15:38:20,1,5.86,9.6,2.46,0.0,26.49,green,credit card,East Village,Boerum Hill,Manhattan,Brooklyn
2019-02-28 04:37:57,2019-02-28 04:54:07,2,6.58,4.7,0.24,0.02,38.4,green,credit card,Jackson Heights,World Trade Center,Queens,Manhattan
2019-03-02 02:01:53,2019-03-02 02:16:04,1,2.93,12.75,4.34,0.24,15.6,green,cash,West Village,Roosevelt Island,Manhattan,Manhattan
2019-03-07 16:30:05,2019-03-07 16:45:23,1,1.27,6.1,4.78,0.38,26.03,green,cash,Upper West Side North,Fresh Meadows,Manhattan,Queens
2019-03-04 16:02:14,2019-03-04 16:17:07,1,2.67,6.6,1.15,0.01,18.58,green,cash,UN/Turtle Bay South,Fort Greene,Manhattan,Brooklyn
2019-03-02 10:31:36,2019-03-02 10:44:38,1,0.31,15.8,3.25,0.07,28.6,green,credit card,Times Sq/Theatre District,Ocean Hill,Manhattan,Brooklyn
2019-03-19 16:52:51,2019-03-19 17:08:42,3,0.38,6.1,4.92,0.03,20.49,green,cash,Gramercy,Mount Hope,Manhattan,Bronx
2019-03-02 03:14:44,2019-03-02 03:29:35,1,1.02,29.5,0.61,0.24,29.84,green,cash,DUMBO/Vinegar Hill,Midtown Center,Brooklyn,Manhattan
2019-03-23 18:21:27,2019-03-23 18:34:15,1,0.3,8.2,0.13,0.02,20.0,green,credit card,Midtown East,Manhattan Valley,Manhattan,Manhattan
2019-03-13 17:44:46,2019-03-13 17:59:36,5,1.62,25.6,1.2,2.06,26.38,green,credit card,Long Island City/Hunters Point,Upper West Side South,Queens,Manhattan
2019-03-20 22:59:01,2019-03-20 23:14:06,1,2.64,7.6,2.9,0.1,14.32,green,credit card,Midtown North,Midtown East,Manhattan,Manhattan
2019-03-04 16:40:59,2019-03-04 16:54:29,1,0.1,12.0,0.57,0.32,29.76,green,cash,Central Park,Jackson Heights,Manhattan,Queens
2019-03-16 02:27:01,2019-03-16 02:44:46,4,5.64,8.26,7.69,0.03,23.5,green,cash,Midtown East,Carroll Gardens,Manhattan,Brooklyn
2019-03-22 16:56:23,2019-03-22 17:11:15,1,0.22,7.38,6.5,0.14,17.1,green,credit card,Penn Station/Madison Sq West,Woodside,Manhattan,Queens
2019-03-09 17:13:08,2019-03-09 17:26:49,1,0.87,10.5,4.91,0.23,14.32,green,credit card,Little Italy/NoLiTa,Queensboro Hill,Manhattan,Queens
2019-03-07 00:22:48,2019-03-07 00:33:32,2,2.04,7.6,3.7,0.05,12.09,green,cash,UN/Turtle Bay South,Kips Bay,Manhattan,Manhattan
2019-03-30 12:53:19,2019-03-30 13:09:12,1,3.34,11.4,3.01,0.12,19.86,green,credit card,Times Sq/Theatre District,North Corona,Manhattan,Queens
2019-03-13 22:18:02,2019-03-13 22:31:23,1,0.43,17.5,1.22,0.26,20.68,green,credit card,Midtown South,Pelham Parkway,Manhattan,Bronx
2019-03-28 10:10:16,2019-03-28 10:26:45,1,4.46,18.5,0.26,2.82,31.93,green,credit card,JFK Airport,Ocean Hill,Queens,Brooklyn
2019-03-15 16:12:37,2019-03-15 16:26:03,1,0.59,4.9,0.47,0.3,10.63,green,cash,Upper West Side North,Melrose South,Manhattan,Bronx
2019-03-04 15:14:14,2019-03-04 15:31:08,1,0.72,8.9,0.24,0.02,27.6,green,cash,Hudson Sq,Hudson Sq,Manhattan,Manhattan
2019-03-19 12:49:33,2019-03-19 13:04:02,5,3.93,10.3,0.36,0.7,10.75,green,credit card,Manhattan Valley,Starrett City,Manhattan,Brooklyn
2019-03-19 08:23:37,2019-03-19 08:40:19,1,1.55,9.1,2.52,0.3,25.96,green,cash,Upper West Side North,Red Hook,Manhattan,Brooklyn
2019-03-29 03:44:56,2019-03-29 04:03:02,5,0.12,13.6,1.31,0.16,18.11,green,cash,Murray Hill,Spuyten Duyvil/Kingsbridge,Manhattan,Bronx
2019-03-12 14:08:43,2019-03-12 14:23:00,1,2.32,28.4,3.73,0.51,42.93,green,credit card,JFK Airport,Corona,Queens,Queens
2019-03-10 05:23:37,2019-03-10 05:36:55,1,10.29,3.7,0.45,0.08,16.74,green,credit card,Central Harlem,Brownsville,Manhattan,Brooklyn
2019-03-11 22:36:45,2019-03-11 22:49:34,4,0.16,4.3,0.03,0.14,22.82,green,cash,Lower East Side,Prospect Heights,Manhattan,Brooklyn
2019-03-05 12:45:58,2019-03-05 12:59:49,2,6.44,15.62,0.87,0.18,18.1,green,cash,Times Sq/Theatre District,Canarsie,Manhattan,Brooklyn
2019-03-04 12:45:59,2019-03-04 12:58:56,1,1.61,7.7,0.53,0.21,10.23,green,cash,Lenox Hill West,Marine Park/Mill Basin,Manhattan,Brooklyn
2019-03-03 13:35:30,2019-03-03 13:52:07,1,0.5,13.6,4.82,0.35,15.24,green,credit card,Gramercy,Financial District South,Manhattan,Manhattan
2019-03-18 20:41:34,2019-03-18 20:55:10,1,0.75,10.2,0.68,0.37,11.04,green,credit card,Lenox Hill East,Stuy Town/Peter Cooper Village,Manhattan,Manhattan
2019-03-09 04:43:55,2019-03-09 04:56:50,1,12.7,20.2,0.78,0.12,82.93,green,cash,Brooklyn Heights,Williamsburg (North Side),Brooklyn,Brooklyn
2019-03-22 01:54:11,2019-03-22 02:08:27,1,1.93,10.6,1.6,0.38,12.94,green,credit card,Midtown South,Little Italy/NoLiTa,Manhattan,Manhattan
2019-03-23 08:31:34,2019-03-23 08:45:15,1,3.21,5.16,2.3,0.04,20.83,green,credit card,Greenwich Village South,SoHo,Manhattan,Manhattan
2019-03-21 02:06:11,2019-03-21 02:21:10,1,0.56,6.7,3.75,0.0,15.63,green,credit card,East Village,Middle Village,Manhattan,Queens
2019-03-01 22:59:36,2019-03-01 23:15:18,5,1.52,8.5,3.35,0.15,12.69,green,cash,Meatpacking/West Village West,Belmont,Manhattan,Bronx
2019-03-12 16:28:48,2019-03-12 16:42:10,2,2.94,8.2,4.74,0.04,14.0,green,cash,Union Sq,Queensbridge/Ravenswood,Manhattan,Queens
2019-03-17 07:58:47,2019-03-17 08:14:08,2,0.04,14.48,3.28,0.11,24.1,green,credit card,Union Sq,Murray Hill-Queens,Manhattan,Queens
2019-03-12 10:42:24,2019-03-12 10:57:32,3,2.39,9.12,1.36,0.32,10.8,green,cash,Lincoln Square East,Chinatown,Manhattan,Manhattan
2019-03-26 11:27:26,2019-03-26 11:41:04,1,0.25,11.9,0.03,3.55,30.95,green,cash,Soundview/Castle Hill,Two Bridges/Seward Park,Bronx,Manhattan
2019-03-09 13:07:02,2019-03-09 13:22:31,1,2.83,5.5,3.56,0.04,6.46,green,credit card,East Village,East Williamsburg,Manhattan,Brooklyn
2019-03-30 18:38:14,2019-03-30 18:52:12,1,16.42,20.7,2.94,0.44,26.4,green,credit card,JFK Airport,Lower East Side,Queens,Manhattan
2019-03-20 15:48:39,2019-03-20 16:02:33,1,7.14,5.5,0.84,0.16,12.42,green,credit card,Lincoln Square East,University Heights/Morris Heights,Manhattan,Bronx
2019-03-13 11:07:02,2019-03-13 11:17:22,1,0.24,7.7,4.71,0.36,14.4,green,cash,Yorkville East,Steinway,Manhattan,Queens
2019-03-27 20:31:05,2019-03-27 20:46:42,1,12.07,11.14,5.33,0.29,52.6,green,cash,JFK Airport,Upper East Side North,Queens,Manhattan
2019-03-05 22:29:05,2019-03-05 22:44:01,1,7.96,17.6,0.46,0.23,22.5,green,credit card,Park Slope,South Williamsburg,Brooklyn,Brooklyn
2019-03-29 21:47:56,2019-03-29 22:02:31,2,0.43,3.08,0.54,1.28,14.1,green,credit card,Downtown Brooklyn/MetroTech,Saint Albans,Brooklyn,Queens
2019-03-03 23:02:08,2019-03-03 23:17:05,1,2.07,10.9,0.96,0.08,22.11,green,cash,East Village,Maspeth,Manhattan,Queens
2019-03-30 22:09:23,2019-03-30 22:25:36,2,0.68,15.02,2.31,0.11,20.6,green,credit card,Midtown Center,Hamilton Heights,Manhattan,Manhattan
2019-03-17 09:24:18,2019-03-17 09:38:28,2,1.12,2.32,2.3,0.08,11.18,green,credit card,Garment District,Crotona Park East,Manhattan,Bronx
2019-03-24 13:11:36,2019-03-24 13:25:26,1,1.42,12.8,0.27,0.09,35.25,green,cash,Yorkville East,Riverdale/North Riverdale/Fieldston,Manhattan,Bronx
2019-03-24 18:23:03,2019-03-24 18:36:04,2,3.55,10.0,5.56,0.28,19.22,green,cash,Chinatown,Bedford,Manhattan,Brooklyn
2019-03-03 09:49:49,2019-03-03 10:05:52,3,8.87,8.2,2.75,0.03,8.5,green,cash,Financial District North,Greenwich Village South,Manhattan,Manhattan
2019-03-15 12:06:53,2019-03-15 12:22:56,1,2.51,8.0,1.19,0.04,34.55,green,credit card,Upper East Side South,Woodside,Manhattan,Queens
2019-03-20 07:42:44,2019-03-20 07:56:39,2,3.6,8.7,0.49,0.05,12.56,green,cash,Lenox Hill East,Sheepshead Bay,Manhattan,Brooklyn
2019-03-24 18:19:53,2019-03-24 18:34:55,2,0.44,1.92,1.9,0.24,5.2,green,cash,Lincoln Square East,Brighton Beach,Manhattan,Brooklyn
2019-03-12 14:45:43,2019-03-12 14:59:32,1,2.42,14.4,2.44,0.42,16.7,green,credit card,Garment District,Madison,Manhattan,Brooklyn
2019-03-29 09:24:54,2019-03-29 09:37:31,1,2.68,8.3,0.35,0.13,15.62,green,credit card,Greenwich Village North,Long Island City/Hunters Point,Manhattan,Queens
2019-03-23 05:09:15,2019-03-23 05:23:42,1,2.62,12.61,0.37,0.26,23.2,green,cash,Upper West Side South,Bay Ridge,Manhattan,Brooklyn
2019-03-13 02:15:45,2019-03-13 02:29:16,1,1.67,5.72,5.4,0.01,10.29,green,cash,East Harlem South,DUMBO/Vinegar Hill,Manhattan,Brooklyn
2019-03-24 02:06:39,2019-03-24 02:19:12,1,3.88,13.49,3.46,0.44,20.1,green,cash,Greenwich Village North,Jackson Heights,Manhattan,Queens
2019-03-16 02:46:03,2019-03-16 03:01:08,1,0.76,6.4,3.14,0.58,15.7,green,credit card,Sutton Place/Turtle Bay North,Sunset Park West,Manhattan,Brooklyn
2019-03-22 02:33:42,2019-03-22 02:47:16,1,0.4,7.82,2.75,0.09,24.1,green,credit card,Clinton East,Maspeth,Manhattan,Queens
2019-03-24 06:24:23,2019-03-24 06:36:39,1,0.05,9.1,3.55,0.1,14.62,green,cash,Hudson Sq,Financial District South,Manhattan,Manhattan
2019-03-17 07:57:34,2019-03-17 08:13:56,1,17.45,4.86,0.85,5.0,15.1,green,credit card,Astoria,East Harlem South,Queens,Manhattan
2019-03-25 02:43:16,2019-03-25 02:56:38,2,0.01,5.8,0.67,0.03,32.6,green,credit card,SoHo,Gramercy,Manhattan,Manhattan
2019-03-20 21:10:50,2019-03-20 21:25:20,1,0.52,8.4,0.59,0.07,13.06,green,cash,Sutton Place/Turtle Bay North,Inwood,Manhattan,Manhattan
2019-03-14 20:32:15,2019-03-14 20:46:33,2,0.39,3.37,13.07,0.48,14.7,green,cash,Elmhurst,Washington Heights North,Queens,Manhattan
2019-03-08 01:00:50,2019-03-08 01:13:34,3,10.68,14.9,3.13,0.11,25.64,green,cash,Kips Bay,Bushwick North,Manhattan,Brooklyn
2019-03-16 19:51:10,2019-03-16 20:06:21,5,12.66,11.3,0.73,0.19,40.14,green,credit card,Boerum Hill,Morrisania/Melrose,Brooklyn,Bronx
2019-03-10 05:16:01,2019-03-10 05:32:23,1,0.9,10.6,1.8,0.31,35.08,green,cash,Central Park,Sunset Park West,Manhattan,Brooklyn
2019-03-13 17:27:22,2019-03-13 17:43:28,1,0.35,11.0,5.02,0.11,14.96,green,cash,Lenox Hill West,Two Bridges/Seward Park,Manhattan,Manhattan
2019-03-11 22:20:14,2019-03-11 22:35:02,2,2.07,11.2,0.36,0.22,15.3,green,credit card,West Village,Times Sq/Theatre District,Manhattan,Manhattan
2019-03-14 00:49:05,2019-03-14 01:03:54,1,4.46,7.3,1.91,0.03,18.01,green,credit card,Garment District,Yorkville West,Manhattan,Manhattan
2019-03-14 15:12:07,2019-03-14 15:24:17,1,0.36,17.6,0.71,0.2,21.01,green,credit card,Gravesend,Flushing,Brooklyn,Queens
2019-03-06 00:54:51,2019-03-06 01:09:41,1,2.59,11.1,0.81,0.0,19.01,green,cash,Upper West Side South,College Point,Manhattan,Queens
2019-03-14 12:41:39,2019-03-14 12:52:54,1,5.01,17.89,0.09,0.63,19.5,green,cash,Soundview/Castle Hill,Hamilton Heights,Bronx,Manhattan
2019-03-02 12:13:31,2019-03-02 12:28:11,1,2.02,5.2,3.24,0.42,20.17,green,credit card,Lenox Hill East,Astoria,Manhattan,Queens
2019-03-26 08:23:33,2019-03-26 08:38:24,1,3.89,23.8,2.1,0.14,33.6,green,credit card,Kew Gardens,Red Hook,Queens,Brooklyn
2019-03-26 00:22:41,2019-03-26 00:39:03,5,4.78,10.3,1.83,0.2,26.41,green,cash,Downtown Brooklyn/MetroTech,West Concourse,Brooklyn,Bronx
2019-03-04 10:09:12,2019-03-04 10:22:18,1,0.46,8.0,0.03,0.04,28.13,green,credit card,East Chelsea,Manhattan Valley,Manhattan,Manhattan
2019-03-26 03:43:49,2019-03-26 03:57:38,1,4.84,13.8,2.32,0.01,14.8,green,credit card,Upper East Side South,Manhattan Beach,Manhattan,Brooklyn
2019-03-13 01:56:13,2019-03-13 02:12:57,1,1.14,10.9,1.97,0.04,14.9,green,cash,West Village,LaGuardia Airport,Manhattan,Queens
2019-03-24 03:35:26,2019-03-24 03:51:09,2,4.44,8.5,0.28,0.66,17.86,green,cash,Little Italy/NoLiTa,Parkchester,Manhattan,Bronx
2019-03-28 03:29:01,2019-03-28 03:40:52,1,6.43,5.8,0.7,0.11,6.05,green,cash,Clinton East,West Village,Manhattan,Manhattan
2019-03-17 16:30:22,2019-03-17 16:44:58,1,1.65,3.7,0.11,0.02,28.51,green,credit card,Penn Station/Madison Sq West,Eastchester,Manhattan,Bronx
2019-02-28 22:46:53,2019-02-28 23:03:12,1,4.23,10.05,0.27,0.02,15.6,green,cash,Sutton Place/Turtle Bay North,Cobble Hill,Manhattan,Brooklyn
2019-03-27 08:10:39,2019-03-27 08:28:19,0,5.38,4.2,2.58,0.5,12.63,green,cash,Bushwick South,Seaport,Brooklyn,Manhattan
2019-03-11 13:21:04,2019-03-11 13:37:22,1,0.19,18.12,2.5,0.67,54.3,green,credit card,JFK Airport,Marine Park/Mill Basin,Queens,Brooklyn
2019-03-08 21:34:40,2019-03-08 21:48:50,1,2.25,15.2,2.93,0.21,20.35,green,credit card,Upper West Side South,Mott Haven/Port Morris,Manhattan,Bronx
2019-03-29 02:12:36,2019-03-29 02:29:01,0,0.45,17.08,2.0,0.18,17.6,green,cash,Little Italy/NoLiTa,Brooklyn Heights,Manhattan,Brooklyn
2019-03-30 19:22:03,2019-03-30 19:36:11,4,1.23,7.8,4.7,0.22,12.99,green,cash,West Chelsea/Hudson Yards,West Brighton,Manhattan,Staten Island
2019-03-20 20:19:55,2019-03-20 20:34:38,1,3.65,6.9,1.02,4.04,15.62,green,cash,LaGuardia Airport,Norwood,Queens,Bronx
2019-03-23 05:51:54,2019-03-23 06:04:48,1,3.97,3.69,1.42,0.43,68.2,green,credit card,LaGuardia Airport,Lower East Side,Queens,Manhattan
2019-03-27 06:51:39,2019-03-27 07:06:17,1,2.56,39.7,1.87,0.75,42.09,green,credit card,Murray Hill-Queens,Lincoln Square West,Queens,Manhattan
2019-03-24 00:31:50,2019-03-24 00:45:17,1,0.75,16.0,0.51,0.06,19.7,green,cash,Yorkville West,Forest Hills,Manhattan,Queens
2019-03-24 14:38:13,2019-03-24 14:55:38,1,3.96,12.77,0.62,0.02,23.1,green,credit card,West Chelsea/Hudson Yards,South Ozone Park,Manhattan,Queens
2019-03-30 22:44:25,2019-03-30 22:58:50,2,0.39,15.7,0.71,0.06,29.92,green,credit card,Clinton East,Auburndale,Manhattan,Queens
2019-03-02 00:48:40,2019-03-02 01:04:04,1,5.78,5.34,1.52,0.07,10.5,green,credit card,Clinton West,Woodlawn/Wakefield,Manhattan,Bronx
2019-03-16 14:03:57,2019-03-16 14:18:23,1,13.63,15.54,6.06,0.14,33.4,green,cash,Boerum Hill,Bensonhurst West,Brooklyn,Brooklyn
2019-03-09 15:57:08,2019-03-09 16:11:28,1,6.07,7.55,5.38,0.05,16.8,green,cash,Battery Park City,Mott Haven/Port Morris,Manhattan,Bronx
2019-03-12 12:22:33,2019-03-12 12:35:46,2,2.81,9.0,1.99,0.11,33.64,green,credit card,Midtown North,Elmhurst,Manhattan,Queens
2019-03-21 13:25:12,2019-03-21 13:40:37,1,1.29,15.83,0.08,0.06,24.8,green,cash,Midtown East,Williamsbridge/Olinville,Manhattan,Bronx
2019-03-13 10:24:35,2019-03-13 10:38:12,2,5.53,9.92,1.71,0.07,18.1,green,cash,Flatiron,Jackson Heights,Manhattan,Queens
2019-03-10 09:06:01,2019-03-10 09:23:13,1,1.42,7.23,1.35,0.03,17.1,green,credit card,Lower East Side,SoHo,Manhattan,Manhattan
2019-03-01 01:47:18,2019-03-01 02:02:04,1,5.81,3.7,1.59,0.06,16.41,green,credit card,Sutton Place/Turtle Bay North,Starrett City,Manhattan,Brooklyn
2019-03-21 23:00:35,2019-03-21 23:14:17,2,7.11,4.2,1.32,0.1,9.33,green,credit card,SoHo,Lenox Hill West,Manhattan,Manhattan
2019-02-28 12:47:09,2019-02-28 13:00:30,1,2.16,8.8,0.47,0.19,12.61,green,cash,Greenwich Village South,Fresh Meadows,Manhattan,Queens
2019-03-10 22:02:54,2019-03-10 22:17:20,1,10.02,11.49,0.41,0.04,26.1,green,cash,Flatiron,Red Hook,Manhattan,Brooklyn
2019-03-13 16:42:29,2019-03-13 16:58:41,6,3.53,7.0,1.54,0.13,22.66,green,credit card,Fort Greene,Bushwick North,Brooklyn,Brooklyn
2019-03-16 07:10:32,2019-03-16 07:25:39,2,0.3,14.0,2.34,0.45,14.57,green,credit card,Clinton East,Roosevelt Island,Manhattan,Manhattan
2019-03-07 19:28:21,2019-03-07 19:43:09,1,0.91,17.7,5.88,0.02,34.19,green,cash,Lenox Hill West,Oakland Gardens,Manhattan,Queens
2019-03-21 21:56:25,2019-03-21 22:12:29,1,1.49,7.1,0.49,0.04,33.58,green,credit card,Murray Hill,Carroll Gardens,Manhattan,Brooklyn
2019-03-19 20:42:01,2019-03-19 20:57:53,1,1.18,27.96,0.97,0.87,32.0,green,credit card,Steinway,Dyker Heights,Queens,Brooklyn
2019-03-26 02:06:25,2019-03-26 02:19:48,1,3.23,4.9,2.04,0.06,14.72,green,cash,Little Italy/NoLiTa,West Chelsea/Hudson Yards,Manhattan,Manhattan
2019-03-12 19:05:01,2019-03-12 19:21:01,1,1.96,5.2,0.5,0.16,13.57,green,cash,Morningside Heights,University Heights/Morris Heights,Manhattan,Bronx
2019-03-30 11:55:06,2019-03-30 12:09:01,1,1.37,4.2,2.66,0.0,7.78,green,cash,Midtown East,Melrose South,Manhattan,Bronx
2019-03-09 16:23:30,2019-03-09 16:38:37,1,0.59,5.7,0.53,0.07,10.38,green,credit card,Upper West Side South,East Elmhurst,Manhattan,Queens
2019-03-12 13:10:00,2019-03-12 13:24:35,1,0.84,6.0,0.14,0.02,10.35,green,cash,Clinton East,Carroll Gardens,Manhattan,Brooklyn
2019-03-28 22:40:55,2019-03-28 22:55:21,1,1.57,8.37,0.36,0.12,11.0,green,cash,Upper West Side North,JFK Airport,Manhattan,Queens
2019-03-24 17:38:22,2019-03-24 17:52:45,1,0.58,6.89,1.73,0.04,13.6,green,credit card,Lower East Side,Williamsbridge/Olinville,Manhattan,Bronx
2019-02-28 08:00:42,2019-02-28 08:16:51,1,3.85,6.2,3.46,0.06,19.47,green,credit card,Midtown East,Greenpoint,Manhattan,Brooklyn
2019-03-19 00:32:11,2019-03-19 00:44:38,6,0.1,12.4,4.56,0.27,14.53,green,cash,Midtown Center,Roosevelt Island,Manhattan,Manhattan
2019-03-20 15:57:23,2019-03-20 16:10:56,2,0.05,5.43,1.34,0.13,6.3,green,cash,Penn Station/Madison Sq West,Greenwich Village North,Manhattan,Manhattan
2019-03-24 18:16:34,2019-03-24 18:29:50,1,3.2,10.88,0.03,0.04,14.6,green,cash,Yorkville East,Parkchester,Manhattan,Bronx
2019-03-30 10:04:40,2019-03-30 10:18:58,1,7.64,8.24,2.66,0.08,9.8,green,credit card,Penn Station/Madison Sq West,Two Bridges/Seward Park,Manhattan,Manhattan
2019-03-19 12:14:45,2019-03-19 12:29:11,2,7.43,19.02,0.63,0.18,22.7,green,credit card,Central Harlem,Chinatown,Manhattan,Manhattan
2019-03-14 11:41:25,2019-03-14 11:54:42,1,1.58,7.73,0.44,0.02,10.2,green,cash,Lenox Hill West,Lenox Hill West,Manhattan,Manhattan
2019-03-22 09:07:39,2019-03-22 09:25:36,2,1.23,5.0,0.29,0.37,16.01,green,credit card,Lincoln Square East,Ozone Park,Manhattan,Queens
2019-03-12 17:17:02,2019-03-12 17:31:49,1,0.97,8.44,5.34,0.07,28.9,green,credit card,Upper West Side South,Inwood Hill Park,Manhattan,Manhattan
2019-03-23 23:54:28,2019-03-24 00:08:56,1,5.32,6.26,3.2,0.08,13.69,green,cash,East Harlem South,Elmhurst/Maspeth,Manhattan,Queens
2019-03-07 11:47:04,2019-03-07 12:00:24,1,0.5,15.3,5.02,0.05,18.4,green,cash,Upper West Side South,Prospect Park,Manhattan,Brooklyn
2019-03-21 22:56:32,2019-03-21 23:11:06,1,3.48,15.2,0.76,0.35,17.37,green,cash,East Chelsea,Times Sq/Theatre District,Manhattan,Manhattan
2019-03-27 10:03:16,2019-03-27 10:16:29,1,18.35,12.28,0.06,0.34,19.7,green,credit card,Fort Greene,East New York,Brooklyn,Brooklyn
2019-03-13 04:12:53,2019-03-13 04:27:03,5,8.0,11.3,1.85,0.17,22.58,green,cash,Union Sq,East Chelsea,Manhattan,Manhattan
2019-03-21 10:42:33,2019-03-21 10:57:17,1,5.57,6.2,2.28,0.14,9.74,green,cash,Flatiron,Fresh Meadows,Manhattan,Queens
2019-03-06 11:05:29,2019-03-06 11:18:49,2,0.47,5.9,1.22,0.03,29.77,green,credit card,Sutton Place/Turtle Bay North,Eastchester,Manhattan,Bronx
2019-03-08 03:22:54,2019-03-08 03:36:56,0,0.12,7.9,1.46,0.1,8.76,green,credit card,Midtown South,Crotona Park East,Manhattan,Bronx
2019-03-24 12:51:27,2019-03-24 13:06:33,1,3.29,8.0,1.41,0.02,20.84,green,credit card,Manhattan Valley,Manhattan Valley,Manhattan,Manhattan
2019-03-26 07:03:48,2019-03-26 07:18:17,2,0.57,6.54,3.3,0.0,11.61,green,cash,Murray Hill,Madison,Manhattan,Brooklyn
2019-03-03 19:51:37,2019-03-03 20:07:55,1,0.95,5.3,2.44,0.21,13.55,green,cash,West Chelsea/Hudson Yards,Sheepshead Bay,Manhattan,Brooklyn
2019-03-27 23:20:07,2019-03-27 23:34:34,1,3.19,8.7,1.95,0.05,16.36,green,credit card,Lincoln Square West,Inwood Hill Park,Manhattan,Manhattan
2019-03-27 09:52:10,2019-03-27 10:08:18,2,2.19,3.3,1.74,0.06,26.45,green,credit card,Erasmus,Central Harlem North,Brooklyn,Manhattan
2019-03-15 16:32:05,2019-03-15 16:45:17,6,7.4,16.34,0.61,0.03,21.0,green,cash,Manhattan Valley,Bath Beach,Manhattan,Brooklyn
2019-03-10 12:59:32,2019-03-10 13:12:50,1,7.94,4.4,2.16,0.08,28.38,green,credit card,Upper West Side South,Battery Park,Manhattan,Manhattan
2019-03-01 23:44:05,2019-03-01 23:56:15,1,3.03,5.0,2.77,0.52,10.45,green,credit card,Upper West Side South,Clinton West,Manhattan,Manhattan
2019-03-26 23:47:18,2019-03-27 00:02:31,1,2.1,17.3,0.36,0.41,39.32,green,credit card,Midtown Center,JFK Airport,Manhattan,Queens
2019-03-03 15:19:11,2019-03-03 15:33:51,1,7.06,7.8,2.61,0.13,9.84,green,cash,East Harlem South,Ocean Hill,Manhattan,Brooklyn
2019-03-17 20:51:21,2019-03-17 21:05:01,1,0.06,19.1,1.4,0.09,20.5,green,cash,Battery Park City,Brooklyn Navy Yard,Manhattan,Brooklyn
2019-03-29 05:17:32,2019-03-29 05:33:23,1,1.21,17.73,0.55,0.31,25.6,green,credit card,Midtown Center,East Elmhurst,Manhattan,Queens
2019-03-16 21:52:14,2019-03-16 22:07:34,1,4.07,3.9,2.49,2.72,57.05,green,cash,Long Island City/Queens Plaza,Upper West Side North,Queens,Manhattan
2019-03-02 16:46:47,2019-03-02 17:02:45,2,5.71,8.5,0.03,0.01,17.3,green,cash,Midtown North,East Chelsea,Manhattan,Manhattan
2019-03-27 11:17:52,2019-03-27 11:31:39,1,0.42,18.06,1.7,0.03,19.6,green,credit card,Financial District North,Queensbridge/Ravenswood,Manhattan,Queens
2019-03-07 17:15:02,2019-03-07 17:28:08,1,4.51,13.0,0.24,0.03,26.44,green,credit card,Times Sq/Theatre District,Windsor Terrace,Manhattan,Brooklyn
2019-03-04 22:44:56,2019-03-04 22:58:55,1,5.04,5.8,1.04,0.07,15.07,green,cash,Midtown East,Flatlands,Manhattan,Brooklyn
2019-03-31 14:02:34,2019-03-31 14:17:13,2,1.62,9.2,4.76,0.17,11.89,green,cash,Lower East Side,Battery Park,Manhattan,Manhattan
2019-03-15 23:08:50,2019-03-15 23:21:23,3,0.1,11.17,6.35,0.08,18.0,green,cash,Lenox Hill East,Ridgewood,Manhattan,Queens
2019-03-01 19:14:14,2019-03-01 19:26:44,1,0.04,10.9,0.82,0.02,39.02,green,credit card,East Chelsea,Madison,Manhattan,Brooklyn
2019-03-16 02:18:57,2019-03-16 02:34:44,2,1.07,10.5,0.36,0.1,10.66,green,credit card,Lower East Side,Battery Park,Manhattan,Manhattan
2019-03-17 14:27:27,2019-03-17 14:40:19,1,1.98,8.2,3.09,0.02,8.65,green,cash,Gramercy,Brooklyn Heights,Manhattan,Brooklyn
2019-02-28 13:24:57,2019-02-28 13:38:59,5,6.88,25.75,3.7,0.48,74.5,green,credit card,Long Island City/Hunters Point,Claremont/Bathgate,Queens,Bronx
2019-03-13 21:43:14,2019-03-13 21:55:33,2,1.24,18.75,0.0,0.04,19.1,green,credit card,Van Cortlandt Village,Fort Greene,Bronx,Brooklyn
2019-03-25 14:46:33,2019-03-25 15:01:33,6,6.39,6.7,0.89,0.1,12.5,green,credit card,Midtown North,Rego Park,Manhattan,Queens
2019-03-15 01:55:07,2019-03-15 02:09:12,3,0.22,14.17,0.85,0.01,17.5,green,cash,Penn Station/Madison Sq West,Crown Heights North,Manhattan,Brooklyn
2019-03-19 11:41:28,2019-03-19 11:53:10,1,1.67,4.4,0.1,0.01,9.16,green,cash,TriBeCa/Civic Center,Long Island City/Queens Plaza,Manhattan,Queens
2019-03-05 03:42:37,2019-03-05 03:58:01,1,0.6,21.24,17.58,0.28,50.5,green,credit card,Flushing,Greenwich Village South,Queens,Manhattan
2019-03-27 00:41:39,2019-03-27 00:55:35,2,0.36,8.7,0.35,0.09,26.04,green,cash,Clinton East,Douglaston,Manhattan,Queens
2019-03-07 08:35:09,2019-03-07 08:50:46,1,4.8,5.7,0.23,0.74,18.78,green,cash,Sheepshead Bay,Belmont,Brooklyn,Bronx
2019-03-31 23:35:34,2019-03-31 23:48:34,6,1.52,5.8,3.36,0.03,23.36,green,credit card,Greenwich Village South,Penn Station/Madison Sq West,Manhattan,Manhattan
2019-03-25 21:11:41,2019-03-25 21:26:44,2,0.08,12.2,1.6,0.0,13.44,green,credit card,Flatiron,Financial District South,Manhattan,Manhattan
2019-03-07 20:49:56,2019-03-07 21:03:38,1,2.46,5.6,0.95,0.19,12.27,green,credit card,TriBeCa/Civic Center,Ocean Hill,Manhattan,Brooklyn
2019-03-01 06:07:43,2019-03-01 06:22:48,1,0.0,10.2,2.57,0.02,19.22,green,cash,Kips Bay,Flatiron,Manhattan,Manhattan
2019-03-25 23:24:35,2019-03-25 23:39:40,1,2.67,2.2,0.02,0.45,17.57,green,cash,Garment District,Clinton East,Manhattan,Manhattan
2019-03-31 23:13:18,2019-03-31 23:27:47,1,1.33,3.6,0.52,0.02,13.22,green,credit card,Clinton East,Lenox Hill East,Manhattan,Manhattan
2019-03-12 17:13:56,2019-03-12 17:25:45,1,2.0,9.2,5.98,0.15,20.84,green,credit card,Midtown North,Sheepshead Bay,Manhattan,Brooklyn
2019-03-28 16:18:34,2019-03-28 16:32:44,1,0.51,8.1,0.32,0.04,18.28,green,cash,Times Sq/Theatre District,Red Hook,Manhattan,Brooklyn
2019-03-10 08:46:08,2019-03-10 08:59:25,1,0.99,6.0,4.25,0.01,9.38,green,credit card,Yorkville East,Garment District,Manhattan,Manhattan
2019-03-21 18:29:12,2019-03-21 18:45:10,1,0.59,5.2,0.12,0.09,30.27,green,credit card,West Village,Bensonhurst East,Manhattan,Brooklyn
2019-03-16 04:38:53,2019-03-16 04:54:18,1,6.94,18.23,0.56,0.08,24.0,green,cash,East Chelsea,Bedford Park,Manhattan,Bronx
2019-03-04 12:22:15,2019-03-04 12:36:26,1,1.44,6.6,0.11,0.06,39.76,green,cash,East Concourse/Concourse Village,Parkchester,Bronx,Bronx
2019-03-27 16:06:45,2019-03-27 16:22:30,1,0.06,9.4,1.09,0.01,37.71,green,cash,East Harlem South,SoHo,Manhattan,Manhattan
2019-03-10 12:40:19,2019-03-10 12:54:36,1,9.92,15.5,0.95,1.41,53.37,green,credit card,Forest Hills,Baisley Park,Queens,Queens
2019-02-28 23:25:28,2019-02-28 23:41:13,1,4.45,17.8,3.43,5.08,32.2,green,cash,JFK Airport,Lenox Hill West,Queens,Manhattan
2019-03-22 13:04:50,2019-03-22 13:20:33,1,1.29,7.9,3.21,0.13,13.88,green,cash,Little Italy/NoLiTa,East New York,Manhattan,Brooklyn
2019-03-03 02:43:48,2019-03-03 02:58:10,3,3.39,31.63,1.09,0.07,32.4,green,credit card,LaGuardia Airport,Pelham Parkway,Queens,Bronx
2019-03-21 06:40:50,2019-03-21 06:55:44,0,4.16,5.92,5.27,0.07,11.6,green,credit card,East Harlem North,Union Sq,Manhattan,Manhattan
2019-03-23 03:47:47,2019-03-23 04:02:16,1,1.22,10.4,0.41,0.03,15.38,green,cash,Clinton East,Glendale,Manhattan,Queens
2019-03-11 13:48:08,2019-03-11 14:03:26,1,3.08,9.5,1.95,0.0,22.51,green,cash,Midtown North,Hunts Point,Manhattan,Bronx
2019-03-27 18:50:47,2019-03-27 19:04:41,1,1.46,17.0,2.85,0.31,17.32,green,cash,West Village,JFK Airport,Manhattan,Queens
2019-02-28 11:49:26,2019-02-28 12:03:53,1,1.99,7.7,2.54,0.03,24.9,green,credit card,Midtown Center,Melrose South,Manhattan,Bronx
2019-03-20 01:50:13,2019-03-20 02:03:45,1,5.52,14.88,4.6,0.39,17.6,green,credit card,Starrett City,Murray Hill-Queens,Brooklyn,Queens
2019-03-13 18:01:00,2019-03-13 18:15:04,1,2.44,7.44,3.9,0.01,14.4,green,cash,Manhattan Valley,UN/Turtle Bay South,Manhattan,Manhattan
2019-03-14 01:54:12,2019-03-14 02:06:42,1,3.8,7.4,1.19,0.68,30.2,green,credit card,Sutton Place/Turtle Bay North,Midwood,Manhattan,Brooklyn
2019-03-19 22:22:29,2019-03-19 22:36:26,1,1.86,2.6,2.08,0.03,15.93,green,credit card,Union Sq,West Brighton,Manhattan,Staten Island
2019-03-12 04:52:46,2019-03-12 05:07:21,1,10.5,8.2,1.64,0.36,46.78,green,cash,Crown Heights North,Richmond Hill,Brooklyn,Queens
2019-03-21 22:18:38,2019-03-21 22:33:12,1,0.77,11.3,0.46,0.01,18.71,green,cash,Williamsburg (North Side),Homecrest,Brooklyn,Brooklyn
2019-03-15 23:42:44,2019-03-15 23:58:48,1,0.37,16.4,0.1,0.08,37.81,green,cash,Fordham South,Madison,Bronx,Brooklyn
2019-03-02 09:03:15,2019-03-02 09:18:30,5,0.7,6.62,9.34,0.92,19.2,green,credit card,JFK Airport,Hudson Sq,Queens,Manhattan
2019-03-24 23:31:48,2019-03-24 23:47:21,1,6.0,13.54,1.3,0.22,28.6,green,cash,Starrett City,Norwood,Brooklyn,Bronx
2019-03-02 18:47:21,2019-03-02 19:02:22,1,5.35,6.1,0.17,0.19,13.09,green,cash,Union Sq,Van Nest/Morris Park,Manhattan,Bronx
2019-03-02 19:18:43,2019-03-02 19:34:53,1,1.63,4.4,0.95,0.34,16.92,green,credit card,Yorkville West,Sheepshead Bay,Manhattan,Brooklyn
2019-03-18 20:13:26,2019-03-18 20:23:54,1,2.26,4.8,1.25,0.15,18.84,green,credit card,Midtown North,Central Harlem North,Manhattan,Manhattan
2019-03-22 15:40:52,2019-03-22 15:54:21,1,1.08,5.08,2.2,0.04,13.33,green,credit card,Kips Bay,Mount Hope,Manhattan,Bronx
2019-03-02 13:16:19,2019-03-02 13:29:57,1,3.82,7.6,0.19,0.12,24.52,green,cash,Fort Greene,Times Sq/Theatre District,Brooklyn,Manhattan
2019-03-24 19:39:55,2019-03-24 19:58:56,2,0.21,13.68,2.5,0.13,17.4,green,cash,Union Sq,Belmont,Manhattan,Bronx
2019-03-01 06:09:41,2019-03-01 06:21:29,3,0.26,5.9,0.11,0.09,10.88,green,credit card,Greenwich Village South,DUMBO/Vinegar Hill,Manhattan,Brooklyn
2019-03-09 22:38:35,2019-03-09 22:54:01,1,8.42,19.6,2.48,2.92,23.8,green,credit card,LaGuardia Airport,Two Bridges/Seward Park,Queens,Manhattan
2019-03-22 19:49:13,2019-03-22 20:01:52,1,0.84,16.6,3.1,0.05,17.17,green,cash,Gramercy,Rego Park,Manhattan,Queens
2019-03-23 04:35:37,2019-03-23 04:50:32,1,3.08,9.2,0.29,0.09,11.24,green,credit card,Midtown East,Clinton Hill,Manhattan,Brooklyn
2019-03-18 03:11:16,2019-03-18 03:28:09,1,1.77,13.65,2.62,0.08,16.1,green,credit card,West Village,Woodlawn/Wakefield,Manhattan,Bronx
2019-03-31 09:45:35,2019-03-31 09:56:23,1,1.12,8.7,3.46,0.26,15.06,green,cash,East Village,Flushing,Manhattan,Queens
2019-03-13 12:38:41,2019-03-13 12:56:23,1,3.95,4.4,0.48,0.04,5.3,green,cash,Crown Heights South,Bensonhurst East,Brooklyn,Brooklyn
2019-03-15 22:45:27,2019-03-15 23:03:14,2,1.85,10.2,0.0,0.33,25.29,green,cash,Greenwich Village South,Rosedale,Manhattan,Queens
2019-02-28 11:52:30,2019-02-28 12:06:42,2,2.03,7.1,2.35,0.02,21.05,green,credit card,West Chelsea/Hudson Yards,Bensonhurst West,Manhattan,Brooklyn
2019-03-13 09:22:57,2019-03-13 09:37:27,1,1.31,6.4,3.56,0.55,73.98,green,cash,LaGuardia Airport,Times Sq/Theatre District,Queens,Manhattan
2019-03-03 08:24:10,2019-03-03 08:37:00,1,2.99,11.5,0.7,0.1,33.85,green,cash,Union Sq,Manhattanville,Manhattan,Manhattan
2019-03-23 02:42:50,2019-03-23 02:54:24,2,0.09,7.5,0.82,0.07,11.12,green,credit card,Upper East Side North,Kingsbridge Heights,Manhattan,Bronx
2019-03-11 14:03:06,2019-03-11 14:15:40,1,2.04,10.48,0.23,0.01,11.9,green,credit card,Times Sq/Theatre District,Mount Hope,Manhattan,Bronx
2019-03-22 22:29:04,2019-03-22 22:43:07,1,1.52,7.1,3.62,0.25,12.43,green,cash,East Harlem North,Stapleton,Manhattan,Staten Island
2019-03-15 12:24:06,2019-03-15 12:38:17,3,0.92,13.3,1.04,0.26,18.3,green,cash,Woodside,Richmond Hill,Queens,Queens
2019-03-16 13:06:42,2019-03-16 13:23:01,1,2.04,5.8,0.85,0.06,11.17,green,cash,Little Italy/NoLiTa,Cobble Hill,Manhattan,Brooklyn
2019-03-29 20:13:07,2019-03-29 20:24:43,1,4.8,3.41,3.4,0.03,12.48,green,credit card,Upper East Side North,Lenox Hill East,Manhattan,Manhattan
2019-03-11 19:22:41,2019-03-11 19:38:27,2,1.22,4.51,3.1,0.24,18.98,green,credit card,Penn Station/Madison Sq West,Queensbridge/Ravenswood,Manhattan,Queens
2019-03-07 21:43:01,2019-03-07 21:57:05,2,0.85,19.2,0.76,0.21,50.82,green,cash,Union Sq,Flatbush/Ditmas Park,Manhattan,Brooklyn
2019-03-10 07:43:29,2019-03-10 07:57:57,1,0.76,6.57,0.61,0.03,10.6,green,credit card,Lincoln Square East,TriBeCa/Civic Center,Manhattan,Manhattan
2019-03-04 06:40:02,2019-03-04 06:53:48,3,1.11,11.9,1.48,0.14,14.14,green,credit card,Upper East Side North,Penn Station/Madison Sq West,Manhattan,Manhattan
2019-03-24 12:08:08,2019-03-24 12:23:23,1,0.72,25.0,0.12,0.18,61.81,green,credit card,Cambria Heights,Prospect Heights,Queens,Brooklyn
2019-03-20 15:22:58,2019-03-20 15:39:21,2,2.05,12.1,0.92,0.18,12.67,green,cash,Greenwich Village North,Bay Ridge,Manhattan,Brooklyn
2019-03-20 06:55:13,2019-03-20 07:11:43,1,0.99,2.62,2.4,0.38,22.52,green,cash,Lincoln Square East,East Village,Manhattan,Manhattan
2019-03-14 15:08:58,2019-03-14 15:23:48,3,1.26,5.8,2.24,0.01,10.61,green,credit card,East Village,South Jamaica,Manhattan,Queens
2019-03-18 08:05:01,2019-03-18 08:18:24,2,2.55,3.6,0.25,0.11,11.51,green,cash,Alphabet City,Marble Hill,Manhattan,Manhattan
2019-03-04 03:41:27,2019-03-04 03:50:49,1,1.05,7.6,0.38,0.07,16.04,green,cash,Hamilton Heights,Union Sq,Manhattan,Manhattan
2019-03-16 10:55:41,2019-03-16 11:09:43,1,0.88,9.9,0.1,0.04,11.88,green,credit card,East Village,Battery Park,Manhattan,Manhattan
2019-03-03 13:33:22,2019-03-03 13:46:29,1,1.32,15.99,0.48,0.11,30.6,green,credit card,Garment District,East Harlem South,Manhattan,Manhattan
2019-03-11 06:59:48,2019-03-11 07:13:13,1,3.71,6.1,0.12,0.25,24.41,green,credit card,Midtown North,University Heights/Morris Heights,Manhattan,Bronx
2019-03-05 00:06:27,2019-03-05 00:18:46,5,11.37,28.63,0.37,0.18,50.4,green,cash,Downtown Brooklyn/MetroTech,Sutton Place/Turtle Bay North,Brooklyn,Manhattan
2019-03-04 02:39:25,2019-03-04 02:53:07,1,2.17,12.45,2.8,0.18,17.0,green,cash,East Chelsea,Central Harlem North,Manhattan,Manhattan
2019-03-08 09:00:50,2019-03-08 09:16:51,1,2.54,6.7,1.72,0.09,22.59,green,credit card,Upper West Side South,Sutton Place/Turtle Bay North,Manhattan,Manhattan
2019-03-16 12:45:13,2019-03-16 13:00:03,1,0.34,12.12,2.07,0.02,14.5,green,credit card,Morningside Heights,Stuy Town/Peter Cooper Village,Manhattan,Manhattan
2019-03-01 22:21:31,2019-03-01 22:35:56,1,12.87,10.7,0.72,0.07,12.05,green,cash,DUMBO/Vinegar Hill,East Concourse/Concourse Village,Brooklyn,Bronx
2019-03-13 15:54:07,2019-03-13 16:08:13,2,0.07,7.1,4.3,0.19,17.14,green,credit card,Flatiron,Financial District North,Manhattan,Manhattan
2019-03-21 09:41:00,2019-03-21 09:56:09,1,5.7,19.7,0.44,0.09,37.75,green,credit card,South Williamsburg,Hillcrest/Pomonok,Brooklyn,Queens
2019-03-21 00:10:08,2019-03-21 00:25:27,1,5.11,6.4,3.36,0.04,8.08,green,credit card,East Harlem North,Boerum Hill,Manhattan,Brooklyn
2019-03-03 00:28:43,2019-03-03 00:42:08,1,2.0,5.9,0.83,0.23,21.23,green,cash,Times Sq/Theatre District,Windsor Terrace,Manhattan,Brooklyn
2019-03-11 20:26:13,2019-03-11 20:41:46,1,5.02,13.3,1.81,0.19,14.34,green,cash,Union Sq,DUMBO/Vinegar Hill,Manhattan,Brooklyn
2019-03-28 09:00:38,2019-03-28 09:14:18,1,1.03,13.2,0.23,0.09,13.85,green,credit card,Bloomingdale,East New York,Manhattan,Brooklyn
2019-03-12 23:22:30,2019-03-12 23:40:08,1,2.29,6.3,2.07,0.27,6.85,green,cash,East Village,Manhattan Valley,Manhattan,Manhattan
2019-03-12 22:34:07,2019-03-12 22:47:11,6,0.62,2.3,0.66,0.42,20.08,green,cash,Clinton East,World Trade Center,Manhattan,Manhattan
2019-03-08 23:26:16,2019-03-08 23:41:38,1,3.91,8.49,0.7,0.21,11.0,green,credit card,Times Sq/Theatre District,Rego Park,Manhattan,Queens
2019-03-25 16:36:27,2019-03-25 16:50:28,1,0.73,10.1,2.59,0.08,12.92,green,credit card,Penn Station/Madison Sq West,Lincoln Square East,Manhattan,Manhattan
2019-03-23 17:20:38,2019-03-23 17:35:15,2,4.37,16.5,0.84,0.06,16.68,green,cash,Lincoln Square West,Norwood,Manhattan,Bronx
2019-03-14 00:59:35,2019-03-14 01:13:06,1,1.48,9.0,3.8,0.04,12.11,green,cash,Lincoln Square East,Downtown Brooklyn/MetroTech,Manhattan,Brooklyn
2019-03-31 10:57:52,2019-03-31 11:13:16,1,0.42,3.77,1.12,0.34,21.9,green,cash,Flatlands,Borough Park,Brooklyn,Brooklyn
2019-03-11 05:18:29,2019-03-11 05:34:11,2,2.72,23.5,5.97,0.2,30.06,green,credit card,Midtown East,Flatlands,Manhattan,Brooklyn
2019-03-19 01:39:24,2019-03-19 01:56:07,1,3.39,9.2,4.16,0.44,19.45,green,credit card,Yorkville West,Midtown Center,Manhattan,Manhattan
2019-03-02 04:42:07,2019-03-02 04:54:51,2,0.0,9.0,1.3,0.06,12.81,green,cash,Midtown Center,Elmhurst,Manhattan,Queens
2019-03-09 18:53:33,2019-03-09 19:09:44,1,0.18,6.9,0.51,0.09,9.49,green,credit card,West Village,Sutton Place/Turtle Bay North,Manhattan,Manhattan
2019-03-29 19:22:02,2019-03-29 19:37:06,2,7.05,14.1,0.12,0.09,24.13,green,credit card,JFK Airport,Westchester Village/Unionport,Queens,Bronx
2019-03-03 08:30:41,2019-03-03 08:46:54,1,4.77,7.5,5.25,0.19,12.22,green,cash,Hudson Sq,Kew Gardens,Manhattan,Queens
2019-03-24 21:00:19,2019-03-24 21:12:08,5,1.73,10.5,0.82,0.03,18.09,green,cash,Upper East Side North,Bath Beach,Manhattan,Brooklyn
2019-03-18 22:55:46,2019-03-18 23:10:15,2,2.62,2.9,1.43,0.16,9.4,green,cash,Greenwich Village North,South Ozone Park,Manhattan,Queens
2019-03-12 02:46:43,2019-03-12 03:02:40,1,1.31,14.1,3.82,0.1,18.23,green,credit card,Penn Station/Madison Sq West,Lincoln Square West,Manhattan,Manhattan
2019-03-10 12:12:40,2019-03-10 12:25:45,1,1.49,13.9,2.22,0.11,18.91,green,cash,Central Harlem North,Washington Heights South,Manhattan,Manhattan
2019-03-14 17:46:04,2019-03-14 17:59:55,1,1.7,6.85,4.67,0.01,11.4,green,cash,Midtown East,Parkchester,Manhattan,Bronx
2019-03-05 11:11:39,2019-03-05 11:24:32,1,1.64,9.0,0.9,0.1,11.35,green,credit card,Upper West Side North,Midtown North,Manhattan,Manhattan
2019-03-18 16:40:17,2019-03-18 16:54:42,2,1.13,9.16,8.6,0.03,20.94,green,credit card,Upper West Side North,Central Harlem North,Manhattan,Manhattan
2019-03-06 06:55:29,2019-03-06 07:10:19,1,9.47,13.8,1.2,0.05,15.76,green,credit card,East Village,Crown Heights North,Manhattan,Brooklyn
2019-03-03 11:46:04,2019-03-03 12:01:02,1,1.38,8.5,1.47,0.08,32.16,green,cash,East Chelsea,Canarsie,Manhattan,Brooklyn
2019-02-28 17:59:36,2019-02-28 18:13:15,1,3.64,13.86,0.34,0.25,22.9,green,cash,Upper East Side North,College Point,Manhattan,Queens
2019-03-10 22:35:00,2019-03-10 22:49:34,1,0.75,9.8,3.29,0.04,27.02,green,credit card,Times Sq/Theatre District,Clinton West,Manhattan,Manhattan
2019-03-16 13:47:35,2019-03-16 14:01:03,1,0.6,11.5,1.72,0.26,18.4,green,credit card,Upper East Side North,Battery Park City,Manhattan,Manhattan
2019-03-12 05:04:52,2019-03-12 05:17:57,1,0.1,11.99,8.1,1.37,17.25,green,cash,Jackson Heights,Stuyvesant Heights,Queens,Brooklyn
2019-03-22 07:09:37,2019-03-22 07:24:33,1,0.0,8.8,0.72,0.04,12.15,green,credit card,Bushwick South,Brownsville,Brooklyn,Brooklyn
2019-02-28 15:03:05,2019-02-28 15:17:10,1,0.66,7.4,1.02,0.02,11.6,green,credit card,Clinton West,Dyker Heights,Manhattan,Brooklyn
2019-02-28 20:16:34,2019-02-28 20:28:56,6,0.71,13.9,3.46,0.06,27.05,green,credit card,Central Harlem North,East Village,Manhattan,Manhattan
2019-03-30 09:06:43,2019-03-30 09:20:00,0,0.68,12.09,0.08,0.04,14.3,green,cash,Upper East Side North,East Flushing,Manhattan,Queens
2019-03-07 20:15:57,2019-03-07 20:28:06,1,0.46,4.8,3.09,0.03,16.09,green,cash,West Chelsea/Hudson Yards,Central Harlem,Manhattan,Manhattan
2019-03-05 20:29:02,2019-03-05 20:44:00,3,3.41,10.3,0.21,0.46,45.18,green,credit card,Murray Hill,Bath Beach,Manhattan,Brooklyn
2019-03-14 20:18:59,2019-03-14 20:33:53,1,2.35,3.9,0.36,0.09,14.33,green,cash,Central Harlem North,Midwood,Manhattan,Brooklyn
2019-03-10 06:00:42,2019-03-10 06:13:33,1,0.12,7.3,0.65,0.1,12.26,green,cash,Clinton West,SoHo,Manhattan,Manhattan
2019-03-03 20:28:23,2019-03-03 20:39:28,5,18.39,4.5,1.01,4.12,52.15,green,credit card,LaGuardia Airport,Hudson Sq,Queens,Manhattan
2019-03-19 00:24:01,2019-03-19 00:36:50,1,0.97,7.3,0.45,0.15,14.32,green,credit card,Greenwich Village South,Central Harlem North,Manhattan,Manhattan
2019-03-19 09:10:59,2019-03-19 09:24:25,1,4.8,7.7,0.1,0.01,15.34,green,cash,Gramercy,Lower East Side,Manhattan,Manhattan
2019-03-16 06:22:58,2019-03-16 06:36:03,1,7.0,19.8,1.54,2.64,23.89,green,cash,LaGuardia Airport,Highbridge,Queens,Bronx
2019-03-25 14:08:48,2019-03-25 14:25:31,1,2.01,14.4,0.46,0.18,14.49,green,cash,Central Park,Bushwick South,Manhattan,Brooklyn
2019-03-12 23:16:01,2019-03-12 23:31:00,3,1.87,6.1,0.96,0.01,15.72,green,credit card,Manhattan Valley,Roosevelt Island,Manhattan,Manhattan
2019-03-23 17:02:23,2019-03-23 17:14:11,1,0.37,7.9,0.13,0.28,8.5,green,credit card,Morningside Heights,Carroll Gardens,Manhattan,Brooklyn
2019-03-13 22:06:12,2019-03-13 22:21:47,1,0.89,10.0,1.03,0.29,16.49,green,cash,Midtown Center,Van Nest/Morris Park,Manhattan,Bronx
2019-03-07 06:27:19,2019-03-07 06:41:57,1,0.81,3.6,0.35,0.03,9.48,green,credit card,Midtown Center,Van Cortlandt Village,Manhattan,Bronx
2019-03-22 20:06:06,2019-03-22 20:19:26,1,0.38,8.1,0.43,0.02,16.95,green,credit card,Penn Station/Madison Sq West,Middle Village,Manhattan,Queens
2019-03-12 03:58:04,2019-03-12 04:08:16,1,1.91,7.7,5.61,0.05,12.0,green,credit card,Midtown South,Bath Beach,Manhattan,Brooklyn
2019-03-01 20:38:12,2019-03-01 20:51:16,1,2.74,5.3,1.8,0.04,14.52,green,cash,Upper East Side North,Borough Park,Manhattan,Brooklyn
2019-03-12 21:15:03,2019-03-12 21:31:31,1,4.88,8.55,1.65,0.19,8.7,green,cash,Flatiron,Borough Park,Manhattan,Brooklyn
2019-03-20 08:55:42,2019-03-20 09:10:21,1,0.34,9.6,0.28,0.02,22.7,green,credit card,Greenwich Village North,Riverdale/North Riverdale/Fieldston,Manhattan,Bronx
2019-03-06 16:36:38,2019-03-06 16:52:10,1,0.28,12.4,2.4,0.08,15.93,green,cash,Union Sq,Clinton Hill,Manhattan,Brooklyn
2019-03-23 04:10:57,2019-03-23 04:24:27,1,3.79,4.5,2.65,0.17,13.47,green,cash,Yorkville West,Lincoln Square West,Manhattan,Manhattan
2019-03-09 06:18:04,2019-03-09 06:30:08,1,2.14,3.9,1.94,0.3,13.73,green,credit card,Lincoln Square East,South Ozone Park,Manhattan,Queens
2019-03-23 18:30:07,2019-03-23 18:42:47,2,1.21,9.31,0.27,0.12,13.3,green,credit card,Times Sq/Theatre District,Queens Village,Manhattan,Queens
2019-03-05 08:13:34,2019-03-05 08:27:24,1,4.73,9.07,0.12,0.18,10.1,green,credit card,Central Harlem,Meatpacking/West Village West,Manhattan,Manhattan
2019-03-24 00:22:06,2019-03-24 00:38:28,1,4.54,13.4,1.96,0.05,23.74,green,cash,Central Harlem North,Union Sq,Manhattan,Manhattan
2019-03-29 21:17:56,2019-03-29 21:32:12,1,1.29,15.5,1.87,0.02,18.0,green,cash,Chinatown,Manhattan Beach,Manhattan,Brooklyn
2019-03-09 05:04:52,2019-03-09 05:20:10,1,1.44,6.5,0.8,0.51,12.59,green,credit card,Lincoln Square East,Mott Haven/Port Morris,Manhattan,Bronx
2019-03-06 20:07:48,2019-03-06 20:23:14,1,0.1,7.4,3.25,0.23,14.93,green,credit card,Central Park,Fort Greene,Manhattan,Brooklyn
2019-03-15 23:13:41,2019-03-15 23:29:56,0,11.93,7.5,4.39,0.1,10.84,green,cash,Greenwich Village South,Bayside,Manhattan,Queens
2019-03-14 13:24:49,2019-03-14 13:40:33,1,1.36,4.2,0.45,0.11,25.13,green,credit card,Battery Park,East New York,Manhattan,Brooklyn
2019-03-12 16:00:38,2019-03-12 16:15:41,1,3.38,15.22,4.25,0.02,23.3,green,credit card,East Chelsea,Hudson Sq,Manhattan,Manhattan
2019-03-24 17:58:50,2019-03-24 18:12:06,1,0.12,9.0,0.27,0.07,23.1,green,cash,Greenwich Village North,Auburndale,Manhattan,Queens
2019-03-01 03:06:38,2019-03-01 03:20:54,1,0.01,1.6,1.48,1.56,22.78,green,cash,LaGuardia Airport,Douglaston,Queens,Queens
2019-03-21 05:19:01,2019-03-21 05:32:42,2,1.5,4.6,4.43,0.1,10.09,green,cash,Sutton Place/Turtle Bay North,Upper East Side North,Manhattan,Manhattan
2019-03-03 19:32:15,2019-03-03 19:46:19,0,1.11,9.4,1.09,0.01,23.17,green,credit card,Manhattan Valley,UN/Turtle Bay South,Manhattan,Manhattan
2019-02-28 12:01:34,2019-02-28 12:17:06,1,0.88,12.1,0.84,0.28,31.95,green,cash,Fort Greene,Yorkville East,Brooklyn,Manhattan
2019-03-31 02:21:12,2019-03-31 02:33:55,1,8.29,4.8,0.58,0.3,16.65,green,cash,Murray Hill,Norwood,Manhattan,Bronx
2019-03-04 22:28:19,2019-03-04 22:43:45,2,3.61,9.69,7.91,0.01,25.2,green,credit card,SoHo,Central Park,Manhattan,Manhattan
2019-03-16 19:18:17,2019-03-16 19:30:58,1,0.08,15.6,0.7,0.1,15.87,green,credit card,Yorkville West,East Flatbush/Remsen Village,Manhattan,Brooklyn
2019-03-10 18:56:08,2019-03-10 19:11:24,2,3.47,6.0,0.37,0.01,12.35,green,cash,Lower East Side,Greenwich Village North,Manhattan,Manhattan
2019-03-27 06:19:57,2019-03-27 06:34:51,1,0.11,15.1,0.03,0.04,27.12,green,cash,Upper East Side North,Cypress Hills,Manhattan,Brooklyn
2019-03-04 23:07:07,2019-03-04 23:20:30,2,1.1,11.7,1.47,0.26,30.58,green,cash,Lincoln Square East,Central Harlem,Manhattan,Manhattan
2019-03-29 06:19:31,2019-03-29 06:35:58,1,9.56,38.11,1.53,0.73,49.3,green,credit card,JFK Airport,Canarsie,Queens,Brooklyn
2019-03-01 02:37:38,2019-03-01 02:52:32,1,2.35,12.5,0.1,0.06,17.69,green,credit card,Murray Hill,Little Italy/NoLiTa,Manhattan,Manhattan
2019-03-14 09:02:55,2019-03-14 09:17:42,1,0.01,10.0,1.0,0.01,25.06,green,cash,Murray Hill,East Harlem North,Manhattan,Manhattan
2019-03-14 08:47:20,2019-03-14 09:00:01,2,6.67,21.5,0.03,0.21,23.3,green,credit card,Gramercy,East Harlem North,Manhattan,Manhattan
2019-03-03 10:25:02,2019-03-03 10:38:49,5,0.23,7.6,0.64,0.14,14.69,green,credit card,Yorkville West,Cambria Heights,Manhattan,Queens
2019-03-22 21:59:05,2019-03-22 22:14:41,1,3.21,13.4,0.84,0.01,21.16,green,cash,Union Sq,Sheepshead Bay,Manhattan,Brooklyn
2019-03-24 18:10:22,2019-03-24 18:26:43,2,0.78,3.3,0.73,0.58,12.8,green,cash,Lower East Side,Highbridge,Manhattan,Bronx
2019-02-28 17:03:16,2019-02-28 17:19:39,4,2.21,7.78,0.97,0.07,9.8,green,cash,Greenwich Village South,Soundview/Bruckner,Manhattan,Bronx
2019-03-15 04:41:53,2019-03-15 04:57:11,5,3.96,13.5,7.92,0.02,23.84,green,credit card,Penn Station/Madison Sq West,Upper West Side North,Manhattan,Manhattan
2019-03-30 03:15:57,2019-03-30 03:30:50,2,9.38,20.7,7.97,5.88,20.72,green,cash,LaGuardia Airport,Flatbush/Ditmas Park,Queens,Brooklyn
2019-03-12 13:29:18,2019-03-12 13:44:43,5,10.69,21.85,0.09,0.1,22.9,green,cash,Van Cortlandt Village,Brownsville,Bronx,Brooklyn
2019-03-05 13:30:16,2019-03-05 13:41:04,1,0.16,11.2,0.11,0.03,12.41,green,credit card,Union Sq,Sunset Park West,Manhattan,Brooklyn
2019-03-15 06:56:36,2019-03-15 07:12:11,1,3.38,8.29,2.32,0.0,13.0,green,credit card,UN/Turtle Bay South,College Point,Manhattan,Queens
2019-03-15 16:52:13,2019-03-15 17:07:59,1,2.09,5.9,0.81,0.39,12.72,green,credit card,Midtown Center,Bronxdale,Manhattan,Bronx
2019-03-14 01:27:26,2019-03-14 01:41:11,1,3.19,31.0,2.09,0.09,31.31,green,cash,East New York,Manhattanville,Brooklyn,Manhattan
2019-03-26 01:38:15,2019-03-26 01:50:55,1,1.0,7.1,5.2,0.64,9.67,green,cash,Yorkville West,Bay Ridge,Manhattan,Brooklyn
2019-03-13 12:08:40,2019-03-13 12:23:44,1,2.06,7.27,2.12,1.52,25.1,green,credit card,Long Island City/Hunters Point,Forest Hills,Queens,Queens
2019-03-25 01:46:27,2019-03-25 02:04:16,1,0.07,3.7,1.72,0.06,18.66,green,credit card,Midtown Center,Homecrest,Manhattan,Brooklyn
2019-03-02 15:21:48,2019-03-02 15:36:08,1,5.45,10.0,4.67,0.42,24.0,green,cash,Little Italy/NoLiTa,DUMBO/Vinegar Hill,Manhattan,Brooklyn
2019-03-06 18:52:02,2019-03-06 19:06:50,1,0.34,7.4,0.72,0.1,24.99,green,credit card,East Chelsea,Prospect Park,Manhattan,Brooklyn
2019-03-05 02:53:24,2019-03-05 03:06:07,1,0.8,3.7,2.33,0.15,20.0,green,credit card,Upper West Side South,Williamsburg (South Side),Manhattan,Brooklyn
2019-03-31 11:03:48,2019-03-31 11:19:27,6,3.3,15.1,0.82,0.01,30.61,green,cash,Midtown North,Claremont/Bathgate,Manhattan,Bronx
2019-03-23 18:30:02,2019-03-23 18:43:18,4,3.83,18.0,0.13,0.3,27.49,green,cash,Prospect Heights,Parkchester,Brooklyn,Bronx
2019-02-28 04:10:05,2019-02-28 04:26:01,1,1.35,7.9,0.29,0.17,22.35,green,cash,Upper East Side North,Prospect-Lefferts Gardens,Manhattan,Brooklyn
2019-03-27 15:58:07,2019-03-27 16:12:02,2,1.41,5.3,2.82,0.03,19.74,green,credit card,SoHo,Greenwich Village South,Manhattan,Manhattan
2019-03-23 04:09:20,2019-03-23 04:20:54,1,1.94,3.9,3.0,0.03,13.24,green,cash,Penn Station/Madison Sq West,Bedford Park,Manhattan,Bronx
2019-03-09 05:14:24,2019-03-09 05:26:41,1,6.54,33.9,7.12,1.91,41.87,green,cash,LaGuardia Airport,Williamsbridge/Olinville,Queens,Bronx
2019-03-31 03:41:39,2019-03-31 03:55:04,1,0.0,17.4,0.47,0.2,21.6,green,credit card,Times Sq/Theatre District,Middle Village,Manhattan,Queens
2019-03-05 18:39:55,2019-03-05 18:54:40,1,8.12,8.7,0.76,0.6,35.57,green,credit card,JFK Airport,Gramercy,Queens,Manhattan
2019-03-13 05:37:56,2019-03-13 05:51:43,1,0.0,10.9,4.24,0.06,14.32,green,cash,UN/Turtle Bay South,Rego Park,Manhattan,Queens
2019-03-22 12:55:23,2019-03-22 13:06:41,1,3.43,7.1,1.47,0.13,17.08,green,cash,East Chelsea,Bensonhurst West,Manhattan,Brooklyn
2019-03-07 19:25:45,2019-03-07 19:38:56,1,1.31,9.4,3.16,0.17,13.06,green,cash,Greenwich Village North,Chinatown,Manhattan,Manhattan
2019-03-16 19:48:05,2019-03-16 20:04:08,1,3.52,25.23,0.08,0.99,38.0,green,credit card,Van Cortlandt Village,Gravesend,Bronx,Brooklyn
2019-03-27 11:41:56,2019-03-27 11:57:31,1,0.99,7.1,0.91,0.16,21.65,green,credit card,Lenox Hill East,Two Bridges/Seward Park,Manhattan,Manhattan
2019-03-31 11:09:40,2019-03-31 11:27:17,1,2.26,13.19,1.91,0.34,26.2,green,cash,Morningside Heights,Upper East Side South,Manhattan,Manhattan
2019-03-14 19:29:26,2019-03-14 19:43:27,1,4.68,14.64,2.83,0.14,17.3,green,credit card,Upper East Side North,Clinton East,Manhattan,Manhattan
2019-03-08 19:23:08,2019-03-08 19:38:08,1,7.39,8.3,4.11,0.01,17.86,green,credit card,Hudson Sq,Manhattan Valley,Manhattan,Manhattan
2019-03-26 16:53:26,2019-03-26 17:06:59,2,4.55,7.7,1.86,0.03,27.3,green,credit card,West Chelsea/Hudson Yards,Norwood,Manhattan,Bronx
2019-03-31 16:09:17,2019-03-31 16:24:46,1,1.53,10.8,1.49,0.19,13.66,green,cash,Upper East Side North,Howard Beach,Manhattan,Queens
2019-03-31 01:46:39,2019-03-31 02:00:20,1,8.58,44.8,0.06,0.82,84.31,green,cash,Morrisania/Melrose,Dyker Heights,Bronx,Brooklyn
2019-03-13 04:06:23,2019-03-13 04:19:35,5,0.31,19.2,1.12,0.07,68.83,green,credit card,Midtown North,Midtown South,Manhattan,Manhattan
2019-03-17 15:43:35,2019-03-17 15:56:58,6,0.5,4.1,3.78,0.25,18.42,green,cash,Yorkville East,Brooklyn Heights,Manhattan,Brooklyn
2019-03-04 15:29:59,2019-03-04 15:42:52,6,2.69,7.6,6.09,0.2,19.52,green,cash,Penn Station/Madison Sq West,University Heights/Morris Heights,Manhattan,Bronx
2019-03-05 19:44:44,2019-03-05 20:01:00,1,1.64,9.0,1.26,0.16,34.75,green,credit card,Upper West Side North,Dyker Heights,Manhattan,Brooklyn
2019-03-04 09:08:58,2019-03-04 09:23:59,3,5.48,9.33,0.31,0.05,11.1,green,credit card,Midtown South,Rosedale,Manhattan,Queens
2019-03-09 13:49:53,2019-03-09 14:05:25,1,1.7,11.7,1.72,0.0,21.47,green,credit card,Midtown Center,Old Astoria,Manhattan,Queens
2019-03-03 13:54:40,2019-03-03 14:09:40,1,1.43,16.2,0.57,0.08,23.9,green,cash,Boerum Hill,Chinatown,Brooklyn,Manhattan
2019-03-22 01:57:23,2019-03-22 02:09:54,1,12.53,10.86,1.74,0.34,26.5,green,cash,LaGuardia Airport,Flushing Meadows-Corona Park,Queens,Queens
2019-03-13 03:54:37,2019-03-13 04:08:47,2,0.32,14.29,1.41,0.09,26.9,green,credit card,Manhattan Valley,Midwood,Manhattan,Brooklyn
2019-03-10 10:40:25,2019-03-10 10:53:49,1,2.68,25.3,0.06,0.2,51.56,green,credit card,Williamsbridge/Olinville,Jamaica Estates,Bronx,Queens
2019-03-22 12:34:05,2019-03-22 12:45:57,2,2.67,19.4,6.23,1.11,71.77,green,cash,JFK Airport,Sunnyside,Queens,Queens
2019-03-17 20:58:33,2019-03-17 21:11:19,1,4.63,15.1,0.17,0.08,20.94,green,credit card,Sutton Place/Turtle Bay North,Allerton/Pelham Gardens,Manhattan,Bronx
2019-03-30 21:11:12,2019-03-30 21:25:46,1,0.79,8.7,3.79,0.17,21.91,green,credit card,Midtown East,Woodside,Manhattan,Queens
2019-03-14 14:02:41,2019-03-14 14:16:47,1,0.16,8.2,1.41,0.02,17.78,green,cash,Lenox Hill West,Dyker Heights,Manhattan,Brooklyn
2019-03-07 08:14:12,2019-03-07 08:26:51,1,4.9,12.9,0.32,0.11,34.76,green,cash,Midwood,Bushwick North,Brooklyn,Brooklyn
2019-03-19 04:52:19,2019-03-19 05:05:49,2,3.81,8.52,0.05,0.58,13.0,green,cash,Parkchester,Brighton Beach,Bronx,Brooklyn
2019-03-13 05:46:51,2019-03-13 05:59:11,3,3.18,7.0,1.91,0.01,7.88,green,credit card,Midtown South,Hunts Point,Manhattan,Bronx
2019-03-13 11:55:53,2019-03-13 12:11:25,1,6.76,14.14,1.96,0.03,20.8,green,cash,UN/Turtle Bay South,Roosevelt Island,Manhattan,Manhattan
2019-03-03 03:58:32,2019-03-03 04:11:07,1,1.39,3.7,0.65,0.38,8.45,green,cash,Central Park,Central Park,Manhattan,Manhattan
2019-03-29 20:52:32,2019-03-29 21:09:23,4,1.87,10.5,0.98,0.05,11.21,green,credit card,Stuy Town/Peter Cooper Village,Fresh Meadows,Manhattan,Queens
2019-03-20 11:41:34,2019-03-20 11:56:38,5,0.63,6.8,4.47,0.07,39.63,green,credit card,Union Sq,East Williamsburg,Manhattan,Brooklyn
2019-03-19 09:57:52,2019-03-19 10:09:37,1,13.48,18.15,0.44,0.67,23.3,green,cash,Carroll Gardens,University Heights/Morris Heights,Brooklyn,Bronx
2019-03-02 21:23:29,2019-03-02 21:36:22,1,5.45,20.27,4.76,0.11,23.7,green,cash,Murray Hill,Mount Hope,Manhattan,Bronx
2019-03-06 23:29:02,2019-03-06 23:40:44,3,2.14,10.3,1.14,0.02,11.55,green,cash,Garment District,Ocean Hill,Manhattan,Brooklyn
2019-03-29 16:27:44,2019-03-29 16:39:46,4,12.68,34.13,4.64,3.06,40.7,green,credit card,JFK Airport,West Village,Queens,Manhattan
2019-03-10 00:39:10,2019-03-10 00:55:29,1,2.98,11.15,1.41,0.37,47.7,green,credit card,Flatbush/Ditmas Park,Old Astoria,Brooklyn,Queens
2019-03-06 20:08:46,2019-03-06 20:24:16,1,22.97,16.5,2.82,0.96,32.43,green,cash,Forest Hills,Ocean Hill,Queens,Brooklyn
2019-03-25 13:20:15,2019-03-25 13:33:36,1,7.35,17.7,0.48,0.13,29.22,green,credit card,Williamsburg (South Side),Financial District South,Brooklyn,Manhattan
2019-03-22 23:50:36,2019-03-23 00:05:01,1,5.25,4.94,0.59,0.39,8.1,green,credit card,Midwood,Bushwick North,Brooklyn,Brooklyn
2019-03-07 04:52:18,2019-03-07 05:07:55,1,0.41,8.8,2.56,0.03,20.16,green,cash,Central Harlem,Gravesend,Manhattan,Brooklyn
2019-03-25 04:22:53,2019-03-25 04:37:33,1,11.49,23.8,0.76,1.85,77.09,green,cash,Douglaston,Flatbush/Ditmas Park,Queens,Brooklyn
2019-03-20 05:08:51,2019-03-20 05:24:31,1,3.9,2.6,2.17,0.33,20.23,green,cash,Midtown Center,Central Park,Manhattan,Manhattan
2019-03-21 13:33:39,2019-03-21 13:47:49,1,0.12,11.4,0.18,0.05,29.81,green,credit card,Union Sq,Sheepshead Bay,Manhattan,Brooklyn
2019-03-06 17:20:29,2019-03-06 17:37:40,3,3.18,6.68,4.02,0.09,9.1,green,cash,Central Park,Borough Park,Manhattan,Brooklyn
2019-03-17 16:52:16,2019-03-17 17:05:18,2,0.09,15.8,1.13,0.39,16.9,green,cash,Lincoln Square West,Springfield Gardens South,Manhattan,Queens
2019-03-17 22:53:15,2019-03-17 23:07:00,2,1.28,5.26,4.3,0.18,18.31,green,credit card,Upper East Side North,Gramercy,Manhattan,Manhattan
2019-03-03 03:07:43,2019-03-03 03:21:58,1,6.16,6.86,0.34,2.0,26.07,green,credit card,Queensbridge/Ravenswood,Hunts Point,Queens,Bronx
2019-03-11 09:03:10,2019-03-11 09:18:03,1,3.92,3.8,2.52,0.37,16.67,green,credit card,Morningside Heights,Bayside,Manhattan,Queens
2019-03-24 13:26:57,2019-03-24 13:41:16,1,4.09,6.8,2.22,0.14,18.65,green,cash,Upper East Side South,Spuyten Duyvil/Kingsbridge,Manhattan,Bronx
2019-03-27 07:58:46,2019-03-27 08:13:10,5,12.76,14.48,0.75,0.43,22.8,green,cash,Boerum Hill,Starrett City,Brooklyn,Brooklyn
2019-03-25 10:08:05,2019-03-25 10:21:01,5,1.76,8.4,0.06,0.09,9.96,green,credit card,Upper East Side North,Jamaica Estates,Manhattan,Queens
2019-03-31 09:16:26,2019-03-31 09:31:54,1,0.06,10.4,2.49,0.01,13.17,green,credit card,Midtown Center,Financial District South,Manhattan,Manhattan
2019-03-14 04:12:27,2019-03-14 04:27:08,1,0.05,3.2,0.05,0.67,19.15,green,cash,Greenwich Village South,Crown Heights North,Manhattan,Brooklyn
2019-03-01 11:35:09,2019-03-01 11:47:55,1,0.23,15.4,3.61,0.21,20.66,green,credit card,Lower East Side,Jackson Heights,Manhattan,Queens
2019-03-28 07:23:30,2019-03-28 07:38:18,1,1.37,10.0,2.92,0.04,20.88,green,credit card,Lenox Hill West,Queensbridge/Ravenswood,Manhattan,Queens
2019-03-07 14:40:51,2019-03-07 14:56:19,1,0.56,4.8,0.03,0.2,10.8,green,credit card,Upper East Side North,Homecrest,Manhattan,Brooklyn
2019-03-23 09:08:54,2019-03-23 09:22:09,1,1.28,14.9,3.69,0.3,17.82,green,cash,Yorkville West,Woodlawn/Wakefield,Manhattan,Bronx
2019-03-07 10:18:38,2019-03-07 10:33:48,1,2.88,8.89,4.1,0.1,27.42,green,cash,Midtown East,Murray Hill,Manhattan,Manhattan
2019-03-02 01:28:41,2019-03-02 01:42:26,1,7.57,6.2,0.19,0.02,18.36,green,credit card,Midtown Center,East Flatbush/Remsen Village,Manhattan,Brooklyn
2019-03-03 00:32:47,2019-03-03 00:48:12,1,0.83,21.09,2.68,0.28,21.3,green,cash,Clinton East,Prospect Park,Manhattan,Brooklyn
2019-03-12 13:14:41,2019-03-12 13:29:19,1,3.76,8.03,0.31,0.35,14.2,green,cash,Hamilton Heights,Co-Op City,Manhattan,Bronx
2019-03-27 03:34:35,2019-03-27 03:49:41,1,0.86,8.0,0.96,0.24,16.02,green,credit card,Washington Heights South,Bushwick South,Manhattan,Brooklyn
2019-03-14 19:57:44,2019-03-14 20:12:43,1,4.85,8.41,0.36,0.52,9.3,green,credit card,Lincoln Square East,Sutton Place/Turtle Bay North,Manhattan,Manhattan
2019-03-10 04:03:52,2019-03-10 04:17:39,1,2.41,8.0,0.61,0.0,21.55,green,cash,Kips Bay,Battery Park,Manhattan,Manhattan
2019-02-28 14:02:22,2019-02-28 14:18:16,1,2.24,10.3,4.52,0.22,16.65,green,cash,Midtown South,Little Italy/NoLiTa,Manhattan,Manhattan
2019-03-21 12:15:21,2019-03-21 12:32:00,1,0.13,5.8,0.5,0.44,18.77,green,cash,Brooklyn Heights,Douglaston,Brooklyn,Queens
2019-03-19 03:08:09,2019-03-19 03:22:11,5,1.74,9.2,0.3,0.17,34.32,green,credit card,SoHo,Manhattan Valley,Manhattan,Manhattan
2019-03-30 00:01:35,2019-03-30 00:15:09,1,0.24,6.4,0.93,0.33,37.35,green,credit card,Greenwich Village North,Bath Beach,Manhattan,Brooklyn
2019-03-05 20:15:49,2019-03-05 20:28:49,1,5.4,11.3,2.56,0.15,23.58,green,cash,Upper East Side South,Manhattanville,Manhattan,Manhattan
2019-03-12 16:14:35,2019-03-12 16:29:21,1,2.6,7.2,2.62,0.17,15.8,green,credit card,Midtown North,Jamaica,Manhattan,Queens
2019-03-13 23:57:48,2019-03-14 00:09:52,0,10.7,22.92,1.65,2.56,35.6,green,credit card,Old Astoria,Claremont/Bathgate,Queens,Bronx
2019-03-10 00:20:56,2019-03-10 00:32:28,2,7.43,9.0,1.21,0.02,14.58,green,credit card,Prospect Park,Borough Park,Brooklyn,Brooklyn
2019-02-28 18:30:42,2019-02-28 18:43:53,1,2.69,11.98,1.43,0.37,15.9,green,cash,Cobble Hill,Queensboro Hill,Brooklyn,Queens
2019-03-16 12:04:20,2019-03-16 12:19:35,1,2.34,17.55,0.99,0.28,23.8,green,cash,Chinatown,Howard Beach,Manhattan,Queens
2019-03-20 15:34:42,2019-03-20 15:48:29,1,6.83,7.2,1.13,0.14,27.43,green,credit card,Penn Station/Madison Sq West,Borough Park,Manhattan,Brooklyn
2019-03-11 08:47:22,2019-03-11 09:03:04,1,0.32,12.3,2.41,0.11,28.2,green,cash,Union Sq,Washington Heights South,Manhattan,Manhattan
2019-03-29 19:53:41,2019-03-29 20:09:46,1,19.67,72.0,4.63,5.27,88.69,green,cash,Long Island City/Hunters Point,Bronxdale,Queens,Bronx
2019-03-16 10:49:05,2019-03-16 11:03:00,2,12.24,21.11,1.74,2.0,24.2,green,credit card,JFK Airport,Steinway,Queens,Queens
2019-03-03 21:19:16,2019-03-03 21:33:04,1,2.38,14.37,5.5,0.1,40.0,green,credit card,Gramercy,East Tremont,Manhattan,Bronx
2019-03-14 22:26:42,2019-03-14 22:38:41,1,0.99,3.7,2.14,0.03,15.14,green,credit card,Midtown East,Flushing,Manhattan,Queens
2019-03-10 13:24:13,2019-03-10 13:40:22,3,4.35,7.7,6.73,0.05,24.29,green,cash,Midtown East,Rosedale,Manhattan,Queens
2019-03-24 10:51:41,2019-03-24 11:06:41,1,0.82,11.1,3.66,0.05,24.47,green,cash,Upper East Side North,Lincoln Square East,Manhattan,Manhattan
2019-03-05 04:19:01,2019-03-05 04:31:55,1,1.25,3.5,0.27,0.19,15.63,green,credit card,West Chelsea/Hudson Yards,Whitestone,Manhattan,Queens
2019-03-06 00:38:00,2019-03-06 00:49:52,0,0.67,13.0,0.84,0.15,47.75,green,credit card,Upper East Side South,JFK Airport,Manhattan,Queens
2019-03-12 05:15:34,2019-03-12 05:27:43,1,5.74,9.0,3.55,0.08,18.66,green,cash,Murray Hill,Jamaica,Manhattan,Queens
2019-03-24 15:17:40,2019-03-24 15:30:53,1,1.37,13.23,0.47,0.44,19.0,green,credit card,Boerum Hill,Homecrest,Brooklyn,Brooklyn
2019-03-17 13:06:00,2019-03-17 13:18:44,1,0.19,3.2,1.49,0.21,6.93,green,credit card,Gramercy,JFK Airport,Manhattan,Queens
2019-03-03 08:21:19,2019-03-03 08:34:39,1,1.1,8.7,0.2,0.0,27.87,green,credit card,Midtown North,Lenox Hill West,Manhattan,Manhattan
2019-03-11 22:14:55,2019-03-11 22:29:41,1,4.8,15.4,9.6,0.07,28.87,green,cash,Yorkville East,Starrett City,Manhattan,Brooklyn
2019-03-20 05:55:07,2019-03-20 06:07:41,1,1.37,9.0,0.87,1.28,26.54,green,cash,Jackson Heights,South Jamaica,Queens,Queens
2019-03-12 19:12:20,2019-03-12 19:25:55,1,0.12,8.57,1.75,0.14,10.5,green,credit card,Bloomingdale,East Village,Manhattan,Manhattan
2019-03-05 18:47:59,2019-03-05 19:03:42,1,4.7,11.4,0.02,0.0,22.48,green,cash,East Chelsea,Middle Village,Manhattan,Queens
2019-03-19 05:07:53,2019-03-19 05:22:25,1,1.99,8.3,4.33,0.41,20.76,green,cash,East Village,Little Italy/NoLiTa,Manhattan,Manhattan
2019-03-02 06:54:38,2019-03-02 07:10:30,1,1.83,11.3,0.66,0.27,15.74,green,credit card,Greenwich Village South,Union Sq,Manhattan,Manhattan
2019-03-07 04:15:44,2019-03-07 04:29:55,2,5.42,8.6,4.62,0.04,9.07,green,credit card,Upper West Side South,Hamilton Heights,Manhattan,Manhattan
2019-03-12 12:50:13,2019-03-12 13:05:01,5,3.17,8.0,2.43,0.21,18.56,green,cash,Midtown Center,Queensboro Hill,Manhattan,Queens
2019-03-06 16:12:02,2019-03-06 16:28:55,1,2.81,4.7,4.14,0.26,12.27,green,cash,Central Harlem,East Flatbush/Farragut,Manhattan,Brooklyn
2019-03-25 08:02:41,2019-03-25 08:16:27,1,3.68,2.1,0.74,0.29,17.99,green,cash,Upper East Side South,Manhattan Beach,Manhattan,Brooklyn
2019-03-12 23:43:30,2019-03-12 23:55:52,1,7.87,11.6,1.79,0.03,32.7,green,credit card,East Chelsea,Melrose South,Manhattan,Bronx
2019-03-10 12:50:30,2019-03-10 13:03:51,1,1.94,3.8,1.12,0.48,13.69,green,credit card,Yorkville East,Inwood Hill Park,Manhattan,Manhattan
2019-03-31 01:30:31,2019-03-31 01:43:56,2,0.07,6.8,1.74,0.07,15.63,green,cash,Midtown Center,Prospect-Lefferts Gardens,Manhattan,Brooklyn
2019-03-22 10:20:16,2019-03-22 10:34:31,1,4.01,10.1,2.7,0.0,25.11,green,credit card,Union Sq,Midwood,Manhattan,Brooklyn
2019-03-18 23:45:52,2019-03-19 00:01:57,2,5.18,5.2,0.87,0.06,13.62,green,credit card,Garment District,Midtown North,Manhattan,Manhattan
2019-03-26 01:56:56,2019-03-26 02:12:44,1,0.47,10.4,0.2,0.24,29.17,green,cash,East Tremont,Downtown Brooklyn/MetroTech,Bronx,Brooklyn
2019-03-07 18:22:29,2019-03-07 18:37:53,1,0.67,14.0,0.6,0.06,56.3,green,cash,Midwood,Rosedale,Brooklyn,Queens
2019-03-31 02:09:08,2019-03-31 02:24:11,1,4.74,22.2,4.09,0.18,26.7,green,cash,JFK Airport,Pelham Parkway,Queens,Bronx
2019-03-09 18:37:09,2019-03-09 18:53:40,1,2.5,7.5,5.33,0.01,30.83,green,credit card,Midtown Center,Alphabet City,Manhattan,Manhattan
2019-03-30 09:33:49,2019-03-30 09:44:46,1,4.62,10.5,0.37,0.01,21.3,green,cash,Yorkville East,Washington Heights North,Manhattan,Manhattan
2019-03-06 16:02:25,2019-03-06 16:16:47,2,0.97,7.1,0.14,0.01,13.76,green,cash,Midtown South,Gramercy,Manhattan,Manhattan
2019-03-20 08:52:19,2019-03-20 09:04:57,1,3.94,12.5,0.15,0.01,25.82,green,credit card,Manhattan Valley,Meatpacking/West Village West,Manhattan,Manhattan
2019-03-10 16:25:22,2019-03-10 16:38:11,1,1.9,12.05,0.29,0.01,13.7,green,credit card,Midtown North,West Chelsea/Hudson Yards,Manhattan,Manhattan
2019-03-25 16:48:23,2019-03-25 17:01:04,2,0.07,31.14,2.27,1.82,41.3,green,credit card,Astoria,Soundview/Bruckner,Queens,Bronx
2019-03-10 21:15:44,2019-03-10 21:30:12,2,9.18,19.7,4.87,1.07,144.2,green,cash,Sunnyside,Bedford Park,Queens,Bronx
2019-03-12 06:18:13,2019-03-12 06:31:57,2,0.75,4.7,0.39,0.29,6.4,green,cash,Flatiron,Flushing,Manhattan,Queens
2019-03-18 07:31:33,2019-03-18 07:44:21,1,2.86,27.8,9.44,0.24,42.8,green,credit card,JFK Airport,Downtown Brooklyn/MetroTech,Queens,Brooklyn
2019-03-03 08:02:11,2019-03-03 08:15:59,1,5.6,10.08,1.08,0.23,18.1,green,credit card,Upper East Side South,East Flatbush/Remsen Village,Manhattan,Brooklyn
2019-03-25 12:57:08,2019-03-25 13:10:19,1,3.41,7.5,5.13,0.33,23.21,green,cash,Lincoln Square West,East Chelsea,Manhattan,Manhattan
2019-03-10 05:45:37,2019-03-10 05:58:21,3,0.27,11.74,1.15,0.33,17.7,green,credit card,Lenox Hill East,Hudson Sq,Manhattan,Manhattan
2019-03-25 15:16:28,2019-03-25 15:31:42,1,4.71,13.4,0.19,0.18,18.04,green,credit card,West Village,Downtown Brooklyn/MetroTech,Manhattan,Brooklyn
2019-03-11 06:23:52,2019-03-11 06:38:02,1,0.46,9.0,3.88,0.03,26.66,green,cash,Times Sq/Theatre District,LaGuardia Airport,Manhattan,Queens
2019-03-14 18:51:36,2019-03-14 19:07:09,5,10.6,5.9,3.54,0.33,22.97,green,cash,Flatbush/Ditmas Park,Cambria Heights,Brooklyn,Queens
2019-03-03 23:11:26,2019-03-03 23:26:30,1,4.76,7.79,1.02,0.15,19.0,green,cash,Lower East Side,South Ozone Park,Manhattan,Queens
2019-03-10 06:41:40,2019-03-10 06:54:02,1,2.94,7.9,0.31,0.13,18.54,green,credit card,Upper East Side South,Columbia Street,Manhattan,Brooklyn
2019-03-09 14:56:26,2019-03-09 15:13:13,1,3.39,6.3,1.2,0.02,18.18,green,cash,Central Park,Clinton Hill,Manhattan,Brooklyn
2019-03-18 18:41:12,2019-03-18 18:56:35,1,3.47,7.1,0.19,0.7,19.26,green,cash,University Heights/Morris Heights,Forest Hills,Bronx,Queens
2019-03-17 08:59:50,2019-03-17 09:14:47,1,3.57,9.5,0.32,0.0,59.8,green,credit card,Flatiron,Springfield Gardens South,Manhattan,Queens
2019-03-23 03:50:01,2019-03-23 04:07:14,2,0.39,11.72,3.87,0.03,23.6,green,credit card,Manhattan Valley,Prospect Heights,Manhattan,Brooklyn
2019-03-02 17:39:11,2019-03-02 17:53:57,1,2.69,4.7,1.77,0.13,19.8,green,cash,Union Sq,Brooklyn Heights,Manhattan,Brooklyn
2019-03-11 03:14:56,2019-03-11 03:29:56,2,1.16,8.2,0.57,0.67,9.04,green,cash,Battery Park City,Flatiron,Manhattan,Manhattan
2019-03-12 01:42:57,2019-03-12 01:56:52,1,1.62,11.2,3.55,0.06,13.86,green,cash,Financial District North,Washington Heights South,Manhattan,Manhattan
2019-03-25 13:13:25,2019-03-25 13:24:28,2,1.0,5.1,1.49,0.08,13.45,green,credit card,East Village,West Chelsea/Hudson Yards,Manhattan,Manhattan
2019-03-24 11:54:26,2019-03-24 12:06:50,1,0.94,5.6,0.86,0.3,23.46,green,credit card,East Harlem North,Times Sq/Theatre District,Manhattan,Manhattan
2019-02-28 18:47:59,2019-02-28 19:04:08,1,7.42,9.8,2.96,0.13,10.6,green,cash,TriBeCa/Civic Center,East Williamsburg,Manhattan,Brooklyn
2019-03-10 20:21:44,2019-03-10 20:37:20,2,3.69,8.77,4.12,0.15,13.7,green,credit card,Midtown South,Springfield Gardens South,Manhattan,Queens
2019-03-11 11:55:44,2019-03-11 12:09:23,1,0.1,11.4,2.56,0.26,19.56,green,credit card,SoHo,Long Island City/Queens Plaza,Manhattan,Queens
2019-03-29 03:18:54,2019-03-29 03:33:14,1,0.92,5.8,3.41,0.12,12.13,green,credit card,Lincoln Square East,Homecrest,Manhattan,Brooklyn
2019-03-16 19:30:11,2019-03-16 19:46:10,5,2.38,9.7,0.86,0.04,55.99,green,cash,Fort Greene,Carroll Gardens,Brooklyn,Brooklyn
2019-03-10 08:14:45,2019-03-10 08:27:39,1,0.2,4.9,2.95,0.01,5.57,green,cash,East Harlem North,Battery Park,Manhattan,Manhattan
2019-03-26 18:32:35,2019-03-26 18:45:19,1,0.29,6.6,1.17,0.16,10.87,green,credit card,Battery Park City,Upper West Side North,Manhattan,Manhattan
2019-02-28 05:45:18,2019-02-28 05:58:50,1,1.09,7.7,0.76,0.16,17.01,green,cash,Upper West Side North,Crown Heights North,Manhattan,Brooklyn
2019-03-24 18:17:24,2019-03-24 18:30:29,2,3.65,9.5,5.15,0.14,22.2,green,cash,Central Park,Lincoln Square West,Manhattan,Manhattan
2019-03-30 13:58:05,2019-03-30 14:11:26,1,0.75,8.0,1.63,0.1,17.38,green,credit card,Times Sq/Theatre District,West Brighton,Manhattan,Staten Island
2019-03-24 03:57:28,2019-03-24 04:11:06,0,0.43,8.9,2.95,0.09,20.76,green,credit card,Lenox Hill East,Brighton Beach,Manhattan,Brooklyn
2019-03-25 10:36:36,2019-03-25 10:48:15,3,2.3,16.6,0.06,1.18,53.3,green,credit card,Co-Op City,Upper East Side South,Bronx,Manhattan
2019-03-24 02:14:41,2019-03-24 02:30:21,1,0.02,12.87,3.23,0.32,18.0,green,cash,West Chelsea/Hudson Yards,Chinatown,Manhattan,Manhattan
2019-03-09 03:36:52,2019-03-09 03:49:21,2,0.26,6.8,1.75,0.04,7.05,green,cash,Lenox Hill East,Middle Village,Manhattan,Queens
2019-03-18 03:55:38,2019-03-18 04:08:17,1,2.7,13.1,1.04,0.13,14.96,green,credit card,West Chelsea/Hudson Yards,East Village,Manhattan,Manhattan
2019-03-18 01:02:27,2019-03-18 01:16:07,1,0.57,5.3,1.57,0.16,7.04,green,credit card,Flatiron,East Chelsea,Manhattan,Manhattan
2019-03-15 02:04:33,2019-03-15 02:21:25,1,8.82,12.2,2.21,0.17,32.63,green,cash,West Chelsea/Hudson Yards,East Flushing,Manhattan,Queens
2019-03-06 05:38:47,2019-03-06 05:52:05,3,1.46,14.1,0.71,0.04,22.55,green,credit card,Lincoln Square West,Eastchester,Manhattan,Bronx
2019-03-18 19:19:58,2019-03-18 19:33:12,1,1.82,7.78,0.02,0.07,9.2,green,credit card,Penn Station/Madison Sq West,Bay Ridge,Manhattan,Brooklyn
2019-03-14 21:32:53,2019-03-14 21:46:15,1,0.16,8.0,1.94,0.27,20.88,green,credit card,Times Sq/Theatre District,Lincoln Square West,Manhattan,Manhattan
2019-03-28 04:20:26,2019-03-28 04:33:22,1,3.69,7.6,1.56,0.09,12.44,green,cash,Lincoln Square East,South Williamsburg,Manhattan,Brooklyn
2019-03-02 02:42:35,2019-03-02 02:55:34,1,1.17,6.6,0.25,0.35,11.63,green,cash,Upper West Side North,Stuy Town/Peter Cooper Village,Manhattan,Manhattan
2019-03-08 13:39:09,2019-03-08 13:55:27,3,1.64,3.5,3.24,0.06,4.05,green,credit card,Greenwich Village South,East Concourse/Concourse Village,Manhattan,Bronx
2019-03-25 20:10:02,2019-03-25 20:25:36,2,11.47,14.46,0.23,0.39,23.4,green,cash,Park Slope,World Trade Center,Brooklyn,Manhattan
2019-03-20 19:07:47,2019-03-20 19:22:04,1,9.68,3.8,0.51,1.62,69.18,green,cash,JFK Airport,Glendale,Queens,Queens
2019-03-27 11:19:07,2019-03-27 11:32:55,1,8.15,5.8,0.69,0.59,22.18,green,credit card,Downtown Brooklyn/MetroTech,Pelham Parkway,Brooklyn,Bronx
2019-03-03 02:50:47,2019-03-03 03:04:46,2,1.02,6.6,3.56,0.03,11.12,green,credit card,West Village,Williamsburg (North Side),Manhattan,Brooklyn
2019-03-03 11:50:05,2019-03-03 12:04:38,1,3.07,6.8,2.1,0.16,9.0,green,cash,Greenwich Village South,Alphabet City,Manhattan,Manhattan
2019-03-15 13:38:43,2019-03-15 13:53:54,1,1.69,11.3,4.47,0.07,11.69,green,cash,Sutton Place/Turtle Bay North,Stapleton,Manhattan,Staten Island
2019-03-19 23:40:45,2019-03-19 23:56:04,1,2.9,3.5,0.02,0.29,23.2,green,cash,Clinton Hill,Washington Heights North,Brooklyn,Manhattan
2019-03-23 19:58:33,2019-03-23 20:10:55,1,0.98,3.8,1.0,0.29,21.36,green,credit card,Clinton East,Seaport,Manhattan,Manhattan
2019-03-23 15:51:52,2019-03-23 16:03:39,2,9.3,14.5,3.3,0.23,64.18,green,credit card,JFK Airport,TriBeCa/Civic Center,Queens,Manhattan
2019-03-05 20:53:15,2019-03-05 21:09:08,1,0.17,2.1,1.67,0.08,10.51,green,cash,Penn Station/Madison Sq West,Spuyten Duyvil/Kingsbridge,Manhattan,Bronx
2019-03-22 17:28:32,2019-03-22 17:44:45,1,3.32,8.51,0.96,0.18,24.2,green,credit card,Central Harlem North,Stuy Town/Peter Cooper Village,Manhattan,Manhattan
2019-03-08 13:40:36,2019-03-08 13:55:42,2,12.3,8.3,0.52,0.01,16.45,green,credit card,Fort Greene,Maspeth,Brooklyn,Queens
2019-03-30 23:29:07,2019-03-30 23:46:25,1,1.32,4.2,2.14,0.09,9.15,green,cash,Greenwich Village South,Central Harlem,Manhattan,Manhattan
2019-03-25 10:26:24,2019-03-25 10:41:21,1,5.72,5.0,3.63,0.01,24.39,green,cash,West Chelsea/Hudson Yards,Highbridge,Manhattan,Bronx
2019-03-04 07:44:49,2019-03-04 08:01:08,1,10.04,10.7,0.55,0.11,59.17,green,cash,Fort Greene,Briarwood/Jamaica Hills,Brooklyn,Queens
2019-03-07 16:28:26,2019-03-07 16:40:19,1,0.25,9.4,0.89,0.35,27.63,green,credit card,Fort Greene,Flushing,Brooklyn,Queens
2019-03-23 15:25:32,2019-03-23 15:40:41,1,10.71,7.0,0.71,0.07,9.17,green,cash,Dyker Heights,Gravesend,Brooklyn,Brooklyn
2019-03-15 13:47:04,2019-03-15 13:58:16,4,7.17,11.7,3.75,0.91,97.21,green,cash,Rego Park,Baisley Park,Queens,Queens
2019-03-06 16:16:42,2019-03-06 16:33:33,1,4.56,7.19,7.0,0.12,9.95,green,credit card,Penn Station/Madison Sq West,Prospect Park,Manhattan,Brooklyn
2019-03-09 15:22:13,2019-03-09 15:36:17,1,1.33,12.5,0.05,0.65,21.1,green,credit card,TriBeCa/Civic Center,Manhattan Beach,Manhattan,Brooklyn
2019-03-10 23:13:31,2019-03-10 23:26:28,1,2.59,8.3,1.24,0.23,15.98,green,credit card,Central Harlem,Yorkville West,Manhattan,Manhattan
2019-03-20 18:01:54,2019-03-20 18:14:50,1,1.35,7.3,0.5,0.02,22.76,green,cash,Clinton East,Bedford,Manhattan,Brooklyn
2019-03-17 19:08:08,2019-03-17 19:24:38,1,2.44,21.7,0.36,0.19,30.13,green,cash,DUMBO/Vinegar Hill,Central Park,Brooklyn,Manhattan
2019-03-23 03:12:03,2019-03-23 03:26:55,5,5.22,17.2,3.2,0.01,20.94,green,credit card,Penn Station/Madison Sq West,Seaport,Manhattan,Manhattan
2019-03-29 14:07:05,2019-03-29 14:18:43,1,2.08,11.4,1.39,0.04,16.29,green,credit card,Midtown Center,Kew Gardens,Manhattan,Queens
2019-03-20 12:43:22,2019-03-20 12:56:04,2,1.79,32.2,0.94,0.58,41.46,green,cash,South Jamaica,Prospect-Lefferts Gardens,Queens,Brooklyn
2019-03-01 15:50:32,2019-03-01 16:07:46,1,0.51,22.78,0.32,1.05,36.5,green,credit card,Astoria,Morningside Heights,Queens,Manhattan
2019-03-30 04:34:20,2019-03-30 04:50:14,4,0.52,14.51,5.97,0.11,16.7,green,credit card,Upper East Side North,Bensonhurst East,Manhattan,Brooklyn
2019-03-10 03:45:37,2019-03-10 03:59:35,6,0.49,8.4,0.82,0.01,8.64,green,credit card,Midtown North,Forest Hills,Manhattan,Queens
2019-03-12 14:01:16,2019-03-12 14:18:22,2,3.09,7.7,1.66,0.08,12.51,green,cash,Central Park,East New York,Manhattan,Brooklyn
2019-03-15 16:32:21,2019-03-15 16:45:33,1,0.23,10.9,0.57,0.07,11.66,green,cash,Flatiron,West Village,Manhattan,Manhattan
2019-03-11 00:33:10,2019-03-11 00:48:06,2,0.27,2.41,1.5,0.04,25.31,green,credit card,East Harlem North,Long Island City/Hunters Point,Manhattan,Queens
2019-03-18 16:21:29,2019-03-18 16:33:53,1,0.16,9.08,3.04,0.09,10.6,green,cash,Meatpacking/West Village West,Cypress Hills,Manhattan,Brooklyn
2019-03-27 17:00:50,2019-03-27 17:14:17,3,3.47,21.4,5.24,0.03,23.24,green,cash,East Harlem South,Sunnyside,Manhattan,Queens
2019-03-17 02:05:08,2019-03-17 02:18:49,1,13.94,7.5,4.9,0.87,83.21,green,credit card,Long Island City/Queens Plaza,Hunts Point,Queens,Bronx
2019-03-08 16:39:29,2019-03-08 16:53:55,5,7.75,5.2,3.82,0.03,17.97,green,credit card,LaGuardia Airport,Flushing,Queens,Queens
2019-03-11 18:22:39,2019-03-11 18:37:15,1,1.94,11.6,0.66,0.02,13.0,green,cash,Times Sq/Theatre District,Dyker Heights,Manhattan,Brooklyn
2019-03-27 19:26:19,2019-03-27 19:39:11,1,1.53,6.1,1.62,0.05,15.76,green,cash,West Village,Chinatown,Manhattan,Manhattan
2019-03-12 22:47:01,2019-03-12 23:02:19,1,1.38,8.0,0.43,0.09,28.23,green,cash,Upper East Side South,Penn Station/Madison Sq West,Manhattan,Manhattan
2019-03-08 17:42:26,2019-03-08 17:58:29,1,2.95,5.4,5.1,0.28,15.83,green,credit card,Sutton Place/Turtle Bay North,Jamaica Estates,Manhattan,Queens
2019-03-20 18:37:13,2019-03-20 18:52:14,1,0.0,11.56,3.45,0.13,13.9,green,credit card,Clinton East,Dyker Heights,Manhattan,Brooklyn
2019-03-05 08:34:57,2019-03-05 08:49:55,5,1.65,6.1,0.5,0.15,9.49,green,cash,Lenox Hill East,Lower East Side,Manhattan,Manhattan
2019-02-28 20:42:36,2019-02-28 20:57:45,2,1.24,9.3,0.7,0.03,22.92,green,credit card,Midtown East,Parkchester,Manhattan,Bronx
2019-03-14 16:28:29,2019-03-14 16:42:47,2,7.17,5.8,0.42,0.0,13.68,green,credit card,Midtown Center,Kew Gardens Hills,Manhattan,Queens
2019-03-15 03:44:57,2019-03-15 04:00:02,1,1.06,20.1,1.76,0.22,20.22,green,credit card,Little Italy/NoLiTa,Yorkville West,Manhattan,Manhattan
2019-03-28 11:11:57,2019-03-28 11:28:02,1,4.24,12.8,1.15,0.16,22.63,green,cash,Times Sq/Theatre District,Baisley Park,Manhattan,Queens
2019-03-15 14:46:01,2019-03-15 15:00:25,1,10.45,15.5,2.81,0.2,19.59,green,cash,Seaport,Cambria Heights,Manhattan,Queens
2019-03-07 10:50:16,2019-03-07 11:02:56,1,0.12,7.2,1.17,0.12,15.84,green,credit card,Lincoln Square West,Bay Ridge,Manhattan,Brooklyn
2019-03-19 16:21:48,2019-03-19 16:36:01,1,0.32,11.32,3.32,0.28,27.6,green,cash,Union Sq,Auburndale,Manhattan,Queens
2019-03-25 08:48:32,2019-03-25 09:03:32,1,0.84,7.7,1.02,0.06,23.24,green,cash,Midtown East,Crown Heights South,Manhattan,Brooklyn
2019-03-14 09:03:42,2019-03-14 09:18:01,1,1.97,6.8,2.15,0.09,12.21,green,credit card,Central Park,Maspeth,Manhattan,Queens
2019-03-06 05:57:50,2019-03-06 06:11:52,0,1.94,48.83,2.52,2.54,85.3,green,credit card,Saint Albans,Downtown Brooklyn/MetroTech,Queens,Brooklyn
2019-03-28 06:31:23,2019-03-28 06:46:36,1,2.27,9.9,0.68,0.19,11.86,green,credit card,Battery Park City,Long Island City/Queens Plaza,Manhattan,Queens
2019-03-14 16:33:40,2019-03-14 16:46:32,1,5.26,8.2,0.11,0.01,9.45,green,cash,UN/Turtle Bay South,Co-Op City,Manhattan,Bronx
2019-03-03 21:29:34,2019-03-03 21:44:24,1,0.28,7.9,1.16,0.01,9.02,green,cash,Murray Hill,East Elmhurst,Manhattan,Queens
2019-03-02 08:33:26,2019-03-02 08:49:18,1,0.03,6.6,1.08,0.1,7.43,green,credit card,Lenox Hill West,Flushing,Manhattan,Queens
2019-03-22 19:03:59,2019-03-22 19:17:49,1,1.2,15.8,0.83,0.03,17.12,green,credit card,West Village,Crotona Park East,Manhattan,Bronx
2019-03-21 17:39:49,2019-03-21 17:53:57,1,2.11,7.0,0.15,0.09,23.47,green,cash,Murray Hill,Norwood,Manhattan,Bronx
2019-03-15 08:03:22,2019-03-15 08:18:35,1,6.85,7.93,2.53,1.99,10.0,green,credit card,Bayside,Bensonhurst East,Queens,Brooklyn
2019-03-14 01:22:38,2019-03-14 01:39:12,1,0.3,8.38,0.22,0.18,11.5,green,credit card,Upper West Side North,University Heights/Morris Heights,Manhattan,Bronx
2019-03-02 16:55:01,2019-03-02 17:08:13,1,1.22,9.17,0.14,0.36,31.3,green,cash,Van Cortlandt Village,West Chelsea/Hudson Yards,Bronx,Manhattan
2019-03-02 03:00:47,2019-03-02 03:14:59,1,4.29,12.87,0.98,0.23,22.2,green,cash,Downtown Brooklyn/MetroTech,Crotona Park East,Brooklyn,Bronx
2019-03-15 10:14:21,2019-03-15 10:28:09,1,9.09,7.84,0.08,2.02,18.3,green,cash,South Jamaica,Elmhurst,Queens,Queens
2019-03-23 20:26:28,2019-03-23 20:39:29,2,0.32,8.0,4.22,0.03,31.18,green,credit card,Financial District South,North Corona,Manhattan,Queens
2019-03-01 01:01:50,2019-03-01 01:15:37,0,1.18,12.03,1.77,0.28,32.3,green,cash,Stuyvesant Heights,Gowanus,Brooklyn,Brooklyn
2019-03-14 16:07:39,2019-03-14 16:20:51,1,1.61,9.2,0.25,0.49,15.17,green,cash,Midtown East,Westchester Village/Unionport,Manhattan,Bronx
2019-03-17 02:01:18,2019-03-17 02:15:14,6,13.79,9.3,2.0,0.23,37.58,green,credit card,Washington Heights South,Marble Hill,Manhattan,Manhattan
2019-03-13 15:42:21,2019-03-13 15:56:03,1,6.99,11.52,3.98,0.08,22.3,green,credit card,Midtown East,Sheepshead Bay,Manhattan,Brooklyn
2019-03-16 18:14:53,2019-03-16 18:27:21,1,0.77,7.2,1.05,0.01,11.98,green,cash,Borough Park,Boerum Hill,Brooklyn,Brooklyn
2019-03-20 18:49:29,2019-03-20 19:04:28,1,3.01,3.9,0.18,0.06,24.31,green,cash,Murray Hill,Old Astoria,Manhattan,Queens
2019-03-25 20:15:50,2019-03-25 20:29:56,1,14.19,31.8,1.39,0.23,44.84,green,cash,LaGuardia Airport,Melrose South,Queens,Bronx
2019-03-18 01:55:40,2019-03-18 02:10:05,3,1.97,10.3,0.34,0.07,23.06,green,credit card,Lenox Hill East,Queensboro Hill,Manhattan,Queens
2019-03-22 12:47:56,2019-03-22 13:01:24,3,2.69,8.0,0.21,0.14,78.7,green,credit card,East Flatbush/Remsen Village,Fresh Meadows,Brooklyn,Queens
2019-03-13 08:33:06,2019-03-13 08:45:52,2,0.97,11.59,0.78,0.02,34.0,green,cash,Central Harlem North,Union Sq,Manhattan,Manhattan
2019-03-30 05:13:17,2019-03-30 05:28:17,2,0.37,5.0,1.18,0.01,26.06,green,credit card,Midtown South,Norwood,Manhattan,Bronx
2019-03-02 15:51:24,2019-03-02 16:04:19,1,8.84,13.4,0.46,2.36,38.68,green,credit card,Jackson Heights,Hunts Point,Queens,Bronx
2019-03-10 21:23:18,2019-03-10 21:36:30,1,3.54,10.06,0.08,0.08,35.4,green,cash,Upper West Side South,Midtown North,Manhattan,Manhattan
2019-03-15 17:35:32,2019-03-15 17:48:25,1,0.02,9.0,0.53,0.21,21.16,green,cash,Yorkville West,Queens Village,Manhattan,Queens
2019-03-02 23:57:19,2019-03-03 00:12:29,1,1.34,12.41,0.14,0.27,19.6,green,cash,Alphabet City,Norwood,Manhattan,Bronx
2019-02-28 19:18:46,2019-02-28 19:32:23,1,7.0,13.26,0.02,2.22,150.0,green,credit card,Mott Haven/Port Morris,Financial District South,Bronx,Manhattan
2019-03-10 09:14:21,2019-03-10 09:26:18,1,1.26,11.3,0.77,0.21,16.13,green,cash,Midtown East,South Jamaica,Manhattan,Queens
2019-03-15 06:19:58,2019-03-15 06:31:47,1,7.53,17.3,0.39,0.09,22.97,green,cash,DUMBO/Vinegar Hill,Fort Greene,Brooklyn,Brooklyn
2019-03-31 10:07:46,2019-03-31 10:20:16,1,8.57,6.0,0.1,0.11,42.46,green,credit card,Yorkville East,Springfield Gardens South,Manhattan,Queens
2019-03-23 17:24:28,2019-03-23 17:37:25,1,1.82,10.6,0.63,0.14,16.79,green,credit card,Midtown South,Forest Hills,Manhattan,Queens
2019-03-09 18:43:26,2019-03-09 18:57:32,6,1.93,8.4,0.53,0.04,15.85,green,credit card,Yorkville West,Morningside Heights,Manhattan,Manhattan
2019-03-08 18:47:25,2019-03-08 19:01:46,1,0.12,8.02,1.08,0.06,9.0,green,cash,Midtown North,Hillcrest/Pomonok,Manhattan,Queens
2019-03-19 09:46:06,2019-03-19 09:58:19,1,2.36,5.34,5.1,0.2,13.34,green,cash,East Chelsea,Financial District South,Manhattan,Manhattan
2019-03-03 17:52:10,2019-03-03 18:08:56,1,0.48,7.28,2.37,0.01,17.9,green,credit card,West Village,East Elmhurst,Manhattan,Queens
2019-03-15 05:34:19,2019-03-15 05:49:58,1,0.05,16.9,0.26,0.45,21.9,green,credit card,Park Slope,Hillcrest/Pomonok,Brooklyn,Queens
2019-02-28 16:13:20,2019-02-28 16:27:29,1,2.28,12.9,0.21,0.16,14.5,green,cash,Murray Hill,Dyker Heights,Manhattan,Brooklyn
2019-02-28 06:03:55,2019-02-28 06:19:35,1,0.02,4.2,1.15,0.05,31.82,green,credit card,Clinton East,College Point,Manhattan,Queens
2019-03-13 03:41:25,2019-03-13 03:54:37,1,1.32,9.2,2.31,0.28,16.56,green,credit card,Midtown Center,West Chelsea/Hudson Yards,Manhattan,Manhattan
2019-03-27 08:26:43,2019-03-27 08:42:05,1,1.84,8.09,2.51,0.02,10.9,green,cash,Lenox Hill West,TriBeCa/Civic Center,Manhattan,Manhattan
2019-03-05 17:29:28,2019-03-05 17:40:30,1,0.26,15.6,4.69,0.03,22.88,green,cash,SoHo,Van Nest/Morris Park,Manhattan,Bronx
2019-02-28 09:47:51,2019-02-28 10:00:58,5,2.26,11.9,1.77,0.18,13.14,green,cash,Greenwich Village North,Lenox Hill East,Manhattan,Manhattan
2019-03-13 04:29:53,2019-03-13 04:43:47,4,1.94,8.8,0.45,0.54,14.64,green,credit card,Seaport,Williamsburg (South Side),Manhattan,Brooklyn
2019-03-26 02:28:25,2019-03-26 02:42:46,1,6.45,20.6,0.75,0.08,82.36,green,cash,Long Island City/Hunters Point,Bensonhurst East,Queens,Brooklyn
2019-03-21 21:57:21,2019-03-21 22:10:00,6,6.69,12.1,7.8,0.19,26.06,green,cash,Financial District North,Prospect-Lefferts Gardens,Manhattan,Brooklyn
2019-03-27 22:55:05,2019-03-27 23:10:46,2,1.52,4.0,1.33,0.15,17.74,green,credit card,Penn Station/Madison Sq West,Rego Park,Manhattan,Queens
2019-03-17 00:53:12,2019-03-17 01:07:05,1,4.16,9.2,0.16,0.28,12.24,green,credit card,Lincoln Square East,Flatbush/Ditmas Park,Manhattan,Brooklyn
2019-03-11 21:03:44,2019-03-11 21:19:30,1,1.82,5.7,0.28,0.03,22.31,green,cash,Midtown North,Hamilton Heights,Manhattan,Manhattan
2019-03-30 00:21:40,2019-03-30 00:36:26,1,3.81,6.3,3.5,0.14,18.82,green,cash,Midtown Center,Brooklyn Heights,Manhattan,Brooklyn
2019-03-18 17:36:18,2019-03-18 17:49:13,3,0.43,8.1,1.67,0.44,20.61,green,cash,Meatpacking/West Village West,Gowanus,Manhattan,Brooklyn
2019-03-20 22:49:59,2019-03-20 23:04:31,2,6.26,27.5,0.78,0.54,57.26,green,credit card,JFK Airport,Carroll Gardens,Queens,Brooklyn
2019-03-14 16:36:46,2019-03-14 16:52:20,1,5.04,3.0,0.29,0.16,21.16,green,credit card,Greenwich Village North,South Jamaica,Manhattan,Queens
2019-03-04 23:09:28,2019-03-04 23:21:36,1,14.01,10.0,6.72,0.32,17.21,green,cash,Upper East Side North,Elmhurst,Manhattan,Queens
2019-03-18 18:27:07,2019-03-18 18:42:20,1,0.67,5.7,1.36,0.16,52.06,green,credit card,Yorkville East,Woodhaven,Manhattan,Queens
2019-03-08 04:07:06,2019-03-08 04:22:01,1,0.39,5.8,1.31,0.06,10.77,green,credit card,Financial District North,Van Nest/Morris Park,Manhattan,Bronx
2019-03-26 19:24:44,2019-03-26 19:38:26,6,5.6,3.15,0.1,2.3,145.35,green,credit card,Sunnyside,Cobble Hill,Queens,Brooklyn
2019-03-17 16:53:04,2019-03-17 17:06:46,4,5.93,6.5,0.51,0.32,10.32,green,cash,Union Sq,Long Island City/Queens Plaza,Manhattan,Queens
2019-03-24 16:29:01,2019-03-24 16:43:33,1,2.14,7.0,1.15,0.02,24.74,green,cash,Upper West Side North,Downtown Brooklyn/MetroTech,Manhattan,Brooklyn
2019-03-27 01:41:19,2019-03-27 01:55:21,1,13.2,10.08,0.98,0.12,18.3,green,credit card,Upper West Side North,Bushwick South,Manhattan,Brooklyn
2019-03-26 16:56:07,2019-03-26 17:08:37,2,5.77,52.1,0.93,2.26,71.45,green,cash,LaGuardia Airport,Windsor Terrace,Queens,Brooklyn
2019-03-15 11:06:49,2019-03-15 11:22:20,5,1.4,2.1,0.26,0.04,9.06,green,cash,Upper East Side South,Gravesend,Manhattan,Brooklyn
2019-03-23 17:50:42,2019-03-23 18:05:11,5,4.35,11.7,3.8,0.13,16.06,green,credit card,East Harlem North,Middle Village,Manhattan,Queens
2019-03-28 06:29:08,2019-03-28 06:44:36,1,1.24,8.7,0.57,0.37,19.86,green,credit card,Times Sq/Theatre District,Stuyvesant Heights,Manhattan,Brooklyn
2019-03-01 02:51:00,2019-03-01 03:03:31,2,0.87,4.2,0.15,0.05,26.98,green,credit card,Gramercy,East Flushing,Manhattan,Queens
2019-03-11 08:06:23,2019-03-11 08:21:13,1,0.28,15.1,1.61,0.14,21.6,green,cash,Clinton East,Maspeth,Manhattan,Queens
2019-03-13 16:51:29,2019-03-13 17:05:55,1,1.11,10.3,0.62,0.05,21.02,green,cash,Central Harlem North,Whitestone,Manhattan,Queens
2019-03-04 15:11:34,2019-03-04 15:25:21,1,36.7,3.6,3.73,3.72,15.7,green,credit card,JFK Airport,Flushing Meadows-Corona Park,Queens,Queens
2019-03-22 14:30:03,2019-03-22 14:43:13,1,0.68,8.2,2.31,0.01,14.5,green,credit card,Midtown Center,Rosedale,Manhattan,Queens
2019-03-04 16:31:38,2019-03-04 16:45:22,3,1.87,5.4,1.45,0.06,7.63,green,cash,Greenwich Village South,Starrett City,Manhattan,Brooklyn
2019-03-19 04:55:10,2019-03-19 05:08:24,1,0.71,13.4,0.28,0.09,13.47,green,credit card,Upper West Side South,East Harlem North,Manhattan,Manhattan
2019-03-30 15:35:48,2019-03-30 15:49:28,1,0.19,12.5,0.14,0.21,14.58,green,credit card,West Village,Bedford Park,Manhattan,Bronx
2019-03-05 07:01:56,2019-03-05 07:14:31,1,0.47,8.9,2.04,0.12,20.56,green,cash,Midtown Center,Woodside,Manhattan,Queens
2019-03-14 13:08:31,2019-03-14 13:23:22,1,5.49,3.8,0.73,0.15,12.61,green,cash,Clinton West,University Heights/Morris Heights,Manhattan,Bronx
2019-03-07 20:39:19,2019-03-07 20:51:50,1,1.47,14.5,0.1,0.04,15.56,green,cash,Central Park,Canarsie,Manhattan,Brooklyn
2019-03-17 07:11:50,2019-03-17 07:23:48,2,0.3,11.7,4.22,0.09,12.2,green,credit card,Lenox Hill East,Clinton Hill,Manhattan,Brooklyn
2019-03-12 18:08:11,2019-03-12 18:21:29,1,1.46,7.04,1.39,0.19,19.1,green,cash,Central Harlem,Pelham Parkway,Manhattan,Bronx
2019-03-09 01:17:28,2019-03-09 01:29:28,1,0.12,10.67,0.21,0.54,19.5,green,cash,East Chelsea,Bay Ridge,Manhattan,Brooklyn
2019-03-22 23:02:10,2019-03-22 23:14:31,1,1.78,18.2,0.98,0.22,19.1,green,credit card,Meatpacking/West Village West,Flatiron,Manhattan,Manhattan
2019-03-28 02:01:24,2019-03-28 02:18:48,1,0.14,5.9,0.54,0.11,22.76,green,credit card,Lincoln Square East,Williamsburg (North Side),Manhattan,Brooklyn
2019-03-19 20:42:03,2019-03-19 20:55:29,1,1.31,4.9,0.94,0.03,13.99,green,cash,Midtown Center,Times Sq/Theatre District,Manhattan,Manhattan
2019-03-10 14:04:16,2019-03-10 14:19:50,1,0.03,10.8,1.17,0.09,22.29,green,cash,Lincoln Square East,Fresh Meadows,Manhattan,Queens
2019-03-19 04:38:35,2019-03-19 04:52:57,1,1.0,9.3,3.91,0.14,14.05,green,cash,Upper East Side North,Kingsbridge Heights,Manhattan,Bronx
2019-03-22 17:21:28,2019-03-22 17:36:11,1,4.01,11.2,1.09,0.3,14.8,green,credit card,Clinton East,Cypress Hills,Manhattan,Brooklyn
2019-02-28 21:02:33,2019-02-28 21:15:35,1,3.59,10.98,1.53,0.43,14.2,green,credit card,Sheepshead Bay,Van Cortlandt Village,Brooklyn,Bronx
2019-03-15 18:34:46,2019-03-15 18:47:53,1,8.13,23.5,0.01,0.62,47.44,green,cash,West Concourse,Williamsburg (North Side),Bronx,Brooklyn
2019-03-08 22:06:00,2019-03-08 22:19:04,1,0.36,15.8,1.33,0.13,17.7,green,credit card,East Village,East Elmhurst,Manhattan,Queens
2019-03-05 16:34:32,2019-03-05 16:48:44,1,0.77,17.2,1.56,0.07,20.36,green,credit card,Ridgewood,Central Harlem,Queens,Manhattan
2019-03-10 13:35:11,2019-03-10 13:50:15,6,1.32,5.8,0.75,0.0,24.73,green,cash,Gramercy,Yorkville West,Manhattan,Manhattan
2019-03-27 14:22:31,2019-03-27 14:33:48,1,2.43,11.72,1.73,0.2,19.4,green,cash,Midtown Center,UN/Turtle Bay South,Manhattan,Manhattan
2019-03-26 06:29:30,2019-03-26 06:44:49,1,6.12,11.0,3.4,0.47,18.07,green,cash,Flatiron,Sunset Park West,Manhattan,Brooklyn
2019-03-13 22:47:24,2019-03-13 23:03:04,1,2.3,7.4,3.06,0.01,18.26,green,credit card,Greenwich Village North,Park Slope,Manhattan,Brooklyn
2019-03-29 00:50:36,2019-03-29 01:03:10,1,2.32,2.67,2.65,1.11,28.5,green,cash,Elmhurst,Clinton Hill,Queens,Brooklyn
2019-02-28 22:04:23,2019-02-28 22:17:38,1,2.6,5.0,2.97,0.19,16.01,green,cash,Lincoln Square East,Marble Hill,Manhattan,Manhattan
2019-03-23 22:14:00,2019-03-23 22:28:17,1,1.68,7.7,4.6,0.1,11.65,green,credit card,Washington Heights South,Greenpoint,Manhattan,Brooklyn
2019-03-24 02:08:33,2019-03-24 02:23:24,5,0.32,7.8,1.24,0.12,15.58,green,credit card,Greenwich Village South,Belmont,Manhattan,Bronx
2019-03-19 17:20:08,2019-03-19 17:34:30,1,3.33,3.9,0.31,0.16,25.7,green,credit card,Central Park,Borough Park,Manhattan,Brooklyn
2019-03-10 19:17:09,2019-03-10 19:31:13,1,2.74,7.8,1.94,0.01,13.25,green,cash,Central Harlem,Battery Park,Manhattan,Manhattan
2019-03-31 21:39:24,2019-03-31 21:53:25,2,4.54,7.14,7.0,0.94,26.56,green,cash,Kew Gardens,Two Bridges/Seward Park,Queens,Manhattan
2019-02-28 13:21:42,2019-02-28 13:38:39,4,4.24,11.0,0.21,0.13,14.26,green,credit card,Fort Greene,LaGuardia Airport,Brooklyn,Queens
2019-03-09 08:22:49,2019-03-09 08:37:25,1,0.83,5.3,0.1,0.28,11.73,green,credit card,Sheepshead Bay,Sunnyside,Brooklyn,Queens
2019-03-27 14:19:37,2019-03-27 14:33:16,2,1.39,8.0,0.96,0.29,11.21,green,cash,Midtown East,Flatbush/Ditmas Park,Manhattan,Brooklyn
2019-03-28 20:17:36,2019-03-28 20:32:23,2,0.27,4.3,2.41,0.08,8.4,green,credit card,Midtown East,Sheepshead Bay,Manhattan,Brooklyn
2019-03-03 18:53:49,2019-03-03 19:05:54,2,5.08,10.6,3.1,0.13,18.24,green,credit card,Garment District,World Trade Center,Manhattan,Manhattan
2019-03-04 13:33:48,2019-03-04 13:48:30,5,0.49,9.49,0.73,0.14,18.1,green,credit card,Yorkville East,Howard Beach,Manhattan,Queens
2019-03-07 04:05:46,2019-03-07 04:18:09,1,0.6,5.8,5.17,0.02,18.6,green,cash,Gramercy,Brooklyn Navy Yard,Manhattan,Brooklyn
2019-03-13 12:59:15,2019-03-13 13:13:06,6,0.84,5.1,1.18,0.01,31.82,green,cash,Gramercy,South Jamaica,Manhattan,Queens
2019-03-17 07:56:08,2019-03-17 08:10:03,4,0.66,6.7,3.22,0.46,16.41,green,credit card,Penn Station/Madison Sq West,Maspeth,Manhattan,Queens
2019-03-02 07:34:53,2019-03-02 07:51:10,1,10.72,3.63,1.87,2.43,47.2,green,cash,LaGuardia Airport,South Ozone Park,Queens,Queens
2019-03-24 16:28:06,2019-03-24 16:42:01,0,0.37,6.61,0.37,0.0,19.9,green,cash,Upper East Side North,Battery Park City,Manhattan,Manhattan
2019-03-17 19:45:14,2019-03-17 19:58:27,2,6.34,7.9,1.15,0.13,13.47,green,credit card,Midtown East,Canarsie,Manhattan,Brooklyn
2019-03-22 12:40:25,2019-03-22 12:54:58,2,0.46,9.0,3.23,0.2,15.03,green,credit card,UN/Turtle Bay South,Clinton East,Manhattan,Manhattan
2019-03-07 14:22:14,2019-03-07 14:37:21,1,1.89,6.3,2.53,0.17,24.86,green,cash,UN/Turtle Bay South,Battery Park,Manhattan,Manhattan
2019-03-13 06:25:29,2019-03-13 06:38:51,1,1.26,10.9,1.33,0.26,12.84,green,cash,UN/Turtle Bay South,Bay Ridge,Manhattan,Brooklyn
2019-03-07 07:33:35,2019-03-07 07:50:10,2,1.99,7.24,0.04,0.24,11.5,green,cash,Times Sq/Theatre District,Ozone Park,Manhattan,Queens
2019-03-07 14:32:02,2019-03-07 14:47:46,5,0.54,6.4,0.6,0.1,27.35,green,credit card,Midtown Center,Upper West Side North,Manhattan,Manhattan
2019-03-26 19:32:59,2019-03-26 19:48:37,1,0.56,24.8,2.8,0.0,26.49,green,credit card,Yorkville East,Union Sq,Manhattan,Manhattan
2019-03-29 22:13:11,2019-03-29 22:28:24,1,12.45,10.89,1.02,0.06,14.8,green,cash,Stuyvesant Heights,Flatiron,Brooklyn,Manhattan
2019-03-26 18:29:31,2019-03-26 18:41:55,1,0.2,3.9,2.19,0.59,20.07,green,credit card,Midtown North,East Flatbush/Remsen Village,Manhattan,Brooklyn
2019-03-06 18:57:24,2019-03-06 19:12:50,1,0.27,8.4,0.49,0.32,26.16,green,credit card,Penn Station/Madison Sq West,East Flatbush/Remsen Village,Manhattan,Brooklyn
2019-03-06 23:41:44,2019-03-06 23:56:04,5,0.68,7.2,4.25,0.05,9.73,green,credit card,UN/Turtle Bay South,Bedford Park,Manhattan,Bronx
2019-02-28 04:52:42,2019-02-28 05:08:16,6,1.94,11.62,4.76,0.05,14.9,green,cash,Lower East Side,Carroll Gardens,Manhattan,Brooklyn
2019-03-18 16:30:38,2019-03-18 16:44:41,1,13.65,42.2,1.4,3.54,57.54,green,cash,JFK Airport,Cambria Heights,Queens,Queens
2019-03-27 23:07:34,2019-03-27 23:23:16,1,3.35,4.3,0.42,0.1,28.51,green,credit card,Little Italy/NoLiTa,Canarsie,Manhattan,Brooklyn
2019-03-02 20:48:58,2019-03-02 21:02:53,2,2.36,9.2,1.02,0.03,14.22,green,cash,Midtown North,Queens Village,Manhattan,Queens
2019-03-01 10:17:51,2019-03-01 10:31:26,1,0.74,5.0,1.11,0.23,9.26,green,cash,Yorkville East,Seaport,Manhattan,Manhattan
2019-03-03 17:40:51,2019-03-03 17:55:43,1,1.46,8.9,0.38,0.1,12.17,green,credit card,Midtown Center,Richmond Hill,Manhattan,Queens
2019-03-06 22:21:22,2019-03-06 22:35:30,1,2.8,4.6,0.87,0.06,7.75,green,credit card,SoHo,Inwood Hill Park,Manhattan,Manhattan
2019-03-26 16:13:30,2019-03-26 16:27:44,1,3.02,10.0,1.21,3.92,20.47,green,credit card,Astoria,Inwood Hill Park,Queens,Manhattan
2019-03-10 22:43:50,2019-03-10 22:56:45,1,2.77,12.83,1.07,0.14,17.8,green,cash,Hudson Sq,Glendale,Manhattan,Queens
2019-03-02 03:54:04,2019-03-02 04:08:37,1,2.84,15.15,2.35,0.12,17.7,green,cash,Penn Station/Madison Sq West,Bayside,Manhattan,Queens
2019-03-24 00:11:23,2019-03-24 00:26:58,1,1.95,4.1,3.7,0.15,6.97,green,credit card,Flatiron,Jackson Heights,Manhattan,Queens
2019-03-24 13:01:20,2019-03-24 13:17:12,1,9.42,10.51,2.13,0.12,12.3,green,credit card,East Harlem South,Prospect Heights,Manhattan,Brooklyn
2019-03-28 14:01:35,2019-03-28 14:14:03,1,3.52,3.61,0.31,0.04,9.3,green,cash,Upper East Side North,Elmhurst/Maspeth,Manhattan,Queens
2019-03-10 08:50:04,2019-03-10 09:02:49,1,3.96,13.22,2.71,1.45,54.3,green,credit card,Springfield Gardens North,Pelham Parkway,Queens,Bronx
2019-03-16 16:41:42,2019-03-16 16:53:23,1,10.17,10.5,1.58,0.09,18.88,green,credit card,Union Sq,Upper East Side North,Manhattan,Manhattan
2019-03-02 19:20:33,2019-03-02 19:34:53,1,1.68,11.61,2.17,0.01,13.9,green,cash,East Village,Hunts Point,Manhattan,Bronx
2019-03-29 18:04:43,2019-03-29 18:19:04,1,1.38,18.03,0.14,0.38,28.4,green,cash,Midtown Center,Bayside,Manhattan,Queens
2019-03-14 14:06:55,2019-03-14 14:23:40,3,1.35,6.4,1.36,0.1,15.04,green,cash,Greenwich Village North,Brooklyn Navy Yard,Manhattan,Brooklyn
2019-03-29 05:00:19,2019-03-29 05:16:25,3,0.83,9.3,0.2,0.07,23.59,green,credit card,Yorkville West,Westchester Village/Unionport,Manhattan,Bronx
2019-03-11 13:46:55,2019-03-11 14:02:52,0,3.56,9.5,3.74,0.19,36.71,green,cash,Lenox Hill East,Mott Haven/Port Morris,Manhattan,Bronx
2019-03-31 03:41:52,2019-03-31 03:55:17,2,0.95,8.7,0.33,0.0,26.42,green,cash,Murray Hill,Hillcrest/Pomonok,Manhattan,Queens
2019-03-06 06:02:03,2019-03-06 06:15:58,2,5.83,22.8,1.76,0.29,41.31,green,credit card,World Trade Center,Midwood,Manhattan,Brooklyn
2019-03-22 14:09:56,2019-03-22 14:22:51,3,0.61,7.9,1.33,0.07,22.4,green,credit card,West Chelsea/Hudson Yards,Flushing Meadows-Corona Park,Manhattan,Queens
2019-03-14 02:20:54,2019-03-14 02:37:25,1,0.74,8.4,2.51,0.15,8.93,green,cash,East Chelsea,Central Harlem,Manhattan,Manhattan
2019-03-12 14:22:23,2019-03-12 14:36:04,2,1.78,9.4,0.8,0.04,16.57,green,cash,East Chelsea,Co-Op City,Manhattan,Bronx
2019-03-18 04:50:48,2019-03-18 05:07:17,1,1.74,10.5,5.57,0.11,15.39,green,cash,Central Harlem,Yorkville West,Manhattan,Manhattan
2019-03-21 08:58:54,2019-03-21 09:13:24,1,0.84,8.6,1.25,0.05,25.84,green,credit card,Penn Station/Madison Sq West,Murray Hill-Queens,Manhattan,Queens
2019-03-08 08:52:58,2019-03-08 09:06:43,1,11.25,4.01,4.0,0.04,13.74,green,credit card,Times Sq/Theatre District,Bronxdale,Manhattan,Bronx
2019-03-16 07:05:27,2019-03-16 07:20:13,1,3.19,5.5,0.81,0.1,13.3,green,cash,Hudson Sq,Windsor Terrace,Manhattan,Brooklyn
2019-03-28 02:33:08,2019-03-28 02:47:00,1,3.59,13.41,2.63,0.48,16.0,green,credit card,Astoria,East Flatbush/Farragut,Queens,Brooklyn
2019-03-11 16:29:30,2019-03-11 16:42:38,1,4.9,9.4,3.6,0.36,14.9,green,credit card,Clinton West,Williamsbridge/Olinville,Manhattan,Bronx
2019-03-21 10:20:13,2019-03-21 10:32:37,1,0.09,8.4,1.8,0.07,22.22,green,cash,Upper West Side South,Pelham Parkway,Manhattan,Bronx
2019-03-20 23:20:36,2019-03-20 23:35:12,1,3.89,4.5,3.52,0.29,18.31,green,cash,Kips Bay,Penn Station/Madison Sq West,Manhattan,Manhattan
2019-03-15 19:36:01,2019-03-15 19:50:35,1,1.77,8.4,0.94,0.02,11.24,green,cash,Clinton East,Sunnyside,Manhattan,Queens
2019-03-16 14:21:30,2019-03-16 14:33:56,1,1.76,17.4,1.18,0.01,22.92,green,credit card,Midtown East,Long Island City/Hunters Point,Manhattan,Queens
2019-03-30 13:49:59,2019-03-30 14:03:01,0,7.75,12.08,1.7,0.02,12.4,green,cash,Midtown North,Queensboro Hill,Manhattan,Queens
2019-03-08 09:47:09,2019-03-08 10:02:11,1,3.68,6.8,1.55,0.05,15.93,green,cash,Penn Station/Madison Sq West,Stuy Town/Peter Cooper Village,Manhattan,Manhattan
2019-03-03 08:32:25,2019-03-03 08:45:45,1,5.85,9.4,8.57,0.16,24.0,green,credit card,Kips Bay,Sutton Place/Turtle Bay North,Manhattan,Manhattan
2019-03-11 16:12:04,2019-03-11 16:27:58,1,4.46,25.2,2.27,0.25,31.82,green,credit card,Midtown South,Norwood,Manhattan,Bronx
2019-03-09 04:04:05,2019-03-09 04:15:26,1,1.33,5.8,0.13,0.05,10.71,green,credit card,Yorkville West,Oakland Gardens,Manhattan,Queens
2019-03-07 10:16:06,2019-03-07 10:27:41,1,1.63,3.5,2.12,0.07,16.86,green,cash,Lenox Hill West,Upper West Side South,Manhattan,Manhattan
2019-03-18 08:50:32,2019-03-18 09:05:17,3,5.22,7.9,0.51,0.12,28.12,green,cash,Little Italy/NoLiTa,Flushing Meadows-Corona Park,Manhattan,Queens
2019-03-28 07:32:50,2019-03-28 07:47:12,1,0.79,16.2,0.24,0.03,20.76,green,credit card,Morningside Heights,Clinton West,Manhattan,Manhattan
2019-03-06 04:08:55,2019-03-06 04:23:35,1,8.64,13.9,0.11,0.25,17.65,green,credit card,Park Slope,Gowanus,Brooklyn,Brooklyn
2019-03-26 14:44:02,2019-03-26 14:57:14,3,4.01,8.1,2.77,0.15,17.16,green,cash,Midtown North,Midtown East,Manhattan,Manhattan
2019-03-01 16:53:23,2019-03-01 17:07:46,1,0.2,17.3,1.81,0.08,25.32,green,credit card,Kips Bay,Clinton East,Manhattan,Manhattan
2019-03-08 03:12:34,2019-03-08 03:27:08,1,1.77,5.3,3.81,0.01,6.69,green,credit card,TriBeCa/Civic Center,Garment District,Manhattan,Manhattan
2019-03-21 03:32:36,2019-03-21 03:48:36,1,4.84,6.09,0.62,0.13,7.4,green,cash,Williamsburg (North Side),Washington Heights South,Brooklyn,Manhattan
2019-03-14 00:26:38,2019-03-14 00:40:52,1,0.51,11.5,1.16,0.31,17.78,green,cash,Union Sq,Dyker Heights,Manhattan,Brooklyn
2019-03-20 14:19:28,2019-03-20 14:34:58,1,1.42,12.85,2.1,0.02,13.7,green,cash,Lower East Side,Saint Albans,Manhattan,Queens
2019-03-25 00:41:21,2019-03-25 00:55:27,1,3.18,11.0,0.44,0.45,17.22,green,credit card,Carroll Gardens,Manhattan Beach,Brooklyn,Brooklyn
2019-03-27 04:38:40,2019-03-27 04:51:56,1,2.54,3.7,2.72,0.44,8.53,green,cash,Upper West Side South,Times Sq/Theatre District,Manhattan,Manhattan
2019-03-21 14:07:49,2019-03-21 14:19:16,1,5.9,3.06,7.15,0.23,56.2,green,cash,Queensbridge/Ravenswood,Spuyten Duyvil/Kingsbridge,Queens,Bronx
2019-03-05 17:29:42,2019-03-05 17:46:32,1,1.53,9.66,1.93,0.15,10.7,green,credit card,East Harlem South,Gowanus,Manhattan,Brooklyn
2019-03-03 18:52:17,2019-03-03 19:08:13,1,3.15,14.0,2.68,0.06,24.08,green,credit card,East Chelsea,Yorkville West,Manhattan,Manhattan
2019-02-28 09:40:08,2019-02-28 09:53:44,2,0.09,12.2,0.68,0.06,13.82,green,cash,Flatiron,Bloomingdale,Manhattan,Manhattan
2019-03-25 21:16:19,2019-03-25 21:32:49,2,8.77,11.29,0.19,0.07,24.9,green,cash,Fort Greene,Bensonhurst East,Brooklyn,Brooklyn
2019-03-19 05:12:13,2019-03-19 05:28:45,2,0.67,5.7,0.02,0.16,11.74,green,cash,Yorkville West,Prospect-Lefferts Gardens,Manhattan,Brooklyn
2019-03-07 23:15:50,2019-03-07 23:30:14,1,5.95,20.5,1.39,7.58,86.02,green,credit card,Flushing,Bronxdale,Queens,Bronx
2019-03-07 03:13:03,2019-03-07 03:25:34,5,6.42,4.9,2.04,0.0,19.84,green,credit card,Central Harlem,University Heights/Morris Heights,Manhattan,Bronx
2019-03-20 23:07:33,2019-03-20 23:20:13,1,0.71,6.8,0.63,0.05,8.51,green,cash,Garment District,Central Harlem,Manhattan,Manhattan
2019-03-21 05:05:01,2019-03-21 05:18:18,1,1.55,9.3,3.89,0.15,22.48,green,credit card,East Chelsea,Williamsburg (North Side),Manhattan,Brooklyn
2019-03-19 20:14:55,2019-03-19 20:29:23,1,3.14,10.2,0.0,0.15,22.41,green,credit card,Parkchester,Windsor Terrace,Bronx,Brooklyn
2019-03-19 15:41:09,2019-03-19 15:54:22,1,2.99,5.5,1.98,0.34,16.14,green,credit card,Times Sq/Theatre District,JFK Airport,Manhattan,Queens
2019-03-22 14:48:57,2019-03-22 15:04:02,1,2.11,16.3,2.63,0.33,18.74,green,cash,TriBeCa/Civic Center,Long Island City/Hunters Point,Manhattan,Queens
2019-03-11 08:46:00,2019-03-11 09:01:40,1,10.66,10.0,1.73,0.12,11.67,green,cash,Yorkville West,Kew Gardens Hills,Manhattan,Queens
2019-03-13 18:20:35,2019-03-13 18:36:47,1,3.4,11.22,9.23,0.33,15.4,green,credit card,Penn Station/Madison Sq West,Richmond Hill,Manhattan,Queens
2019-03-29 06:46:10,2019-03-29 07:00:47,1,0.6,17.4,1.35,0.32,23.83,green,cash,Midtown Center,College Point,Manhattan,Queens
2019-03-25 17:06:31,2019-03-25 17:22:49,2,7.37,10.09,1.75,0.03,56.0,green,cash,Murray Hill,Jamaica,Manhattan,Queens
2019-03-08 11:44:20,2019-03-08 11:59:52,2,1.27,7.36,3.09,0.28,12.3,green,credit card,Upper East Side South,Queens Village,Manhattan,Queens
2019-03-11 08:13:36,2019-03-11 08:26:38,1,0.64,28.0,2.77,0.24,36.65,green,credit card,Greenwich Village North,Prospect Park,Manhattan,Brooklyn
2019-03-15 15:06:01,2019-03-15 15:21:17,1,7.24,12.8,1.74,0.08,14.04,green,credit card,Penn Station/Madison Sq West,Central Harlem,Manhattan,Manhattan
2019-03-05 10:20:59,2019-03-05 10:35:25,1,5.39,14.0,1.9,0.26,16.28,green,cash,West Village,East Concourse/Concourse Village,Manhattan,Bronx
2019-03-31 04:42:09,2019-03-31 04:55:06,2,7.72,4.33,3.15,1.28,5.0,green,cash,Howard Beach,East Chelsea,Queens,Manhattan
2019-03-05 11:03:04,2019-03-05 11:18:15,1,0.56,5.2,2.45,0.07,26.13,green,credit card,Flatbush/Ditmas Park,Queens Village,Brooklyn,Queens
2019-03-26 16:43:46,2019-03-26 16:59:11,1,1.68,19.5,3.19,0.05,25.11,green,credit card,West Village,Prospect Heights,Manhattan,Brooklyn
2019-03-24 15:36:05,2019-03-24 15:52:12,1,5.66,9.5,0.92,0.02,15.57,green,cash,Union Sq,Columbia Street,Manhattan,Brooklyn
2019-03-10 17:58:58,2019-03-10 18:11:49,1,2.84,16.8,0.44,0.12,26.59,green,credit card,Flatiron,Madison,Manhattan,Brooklyn
2019-03-04 01:37:35,2019-03-04 01:53:50,2,6.42,12.55,1.5,7.86,46.5,green,credit card,Long Island City/Hunters Point,Madison,Queens,Brooklyn
2019-03-04 22:42:25,2019-03-04 22:55:28,1,0.59,6.3,4.76,0.31,11.27,green,credit card,Clinton East,Gramercy,Manhattan,Manhattan
2019-03-18 02:35:42,2019-03-18 02:47:53,1,1.15,2.31,2.3,0.01,8.6,green,cash,Lincoln Square West,DUMBO/Vinegar Hill,Manhattan,Brooklyn
2019-03-03 22:33:33,2019-03-03 22:48:09,3,8.55,5.5,1.64,0.1,7.32,green,cash,East Harlem South,Riverdale/North Riverdale/Fieldston,Manhattan,Bronx
2019-03-17 15:22:06,2019-03-17 15:36:36,1,6.04,11.7,1.01,0.1,25.11,green,credit card,Midtown North,Hillcrest/Pomonok,Manhattan,Queens
2019-03-26 19:14:29,2019-03-26 19:29:31,1,0.96,6.3,2.05,0.17,25.93,green,cash,East Village,Baisley Park,Manhattan,Queens
2019-03-31 09:01:26,2019-03-31 09:15:08,2,5.29,11.5,0.25,0.19,14.89,green,cash,Cobble Hill,West Village,Brooklyn,Manhattan
2019-03-18 04:47:37,2019-03-18 05:01:15,1,3.57,5.0,0.58,0.05,7.4,green,credit card,West Chelsea/Hudson Yards,Springfield Gardens South,Manhattan,Queens
2019-03-14 13:13:10,2019-03-14 13:27:11,1,11.93,20.7,2.04,0.86,88.74,green,credit card,Long Island City/Hunters Point,Claremont/Bathgate,Queens,Bronx
2019-03-13 15:59:18,2019-03-13 16:14:59,1,3.05,3.1,0.65,0.74,40.42,green,cash,Flushing,Union Sq,Queens,Manhattan
2019-03-12 06:35:49,2019-03-12 06:47:53,1,0.49,11.77,3.46,0.02,20.0,green,cash,Clinton East,Forest Hills,Manhattan,Queens
2019-03-30 15:13:09,2019-03-30 15:25:35,1,2.44,9.0,1.45,0.04,47.62,green,cash,Gramercy,Upper West Side North,Manhattan,Manhattan
2019-03-14 07:14:27,2019-03-14 07:29:36,1,2.99,3.2,0.88,0.12,10.92,green,credit card,West Village,Fort Greene,Manhattan,Brooklyn
2019-03-01 09:00:00,2019-03-01 09:14:52,1,6.01,5.88,1.94,0.03,12.5,green,credit card,Upper East Side South,Midtown Center,Manhattan,Manhattan
2019-03-02 23:47:07,2019-03-03 00:03:07,1,5.45,40.8,3.2,0.94,59.0,green,cash,Elmhurst/Maspeth,Alphabet City,Queens,Manhattan
2019-03-26 15:14:49,2019-03-26 15:28:44,1,2.67,10.3,2.97,0.14,28.6,green,credit card,Lenox Hill West,Ridgewood,Manhattan,Queens
2019-03-29 14:25:29,2019-03-29 14:39:02,5,8.2,26.56,0.26,0.02,26.8,green,credit card,Flatlands,Midtown East,Brooklyn,Manhattan
2019-02-28 01:39:15,2019-02-28 01:52:15,1,3.99,13.2,1.58,0.03,14.31,green,cash,Times Sq/Theatre District,Williamsburg (South Side),Manhattan,Brooklyn
2019-03-20 02:16:13,2019-03-20 02:30:06,1,0.71,10.69,0.27,0.21,15.0,green,cash,Upper East Side North,Prospect-Lefferts Gardens,Manhattan,Brooklyn
2019-03-17 11:42:52,2019-03-17 11:59:22,2,3.76,5.4,0.52,0.03,43.12,green,cash,East Flatbush/Remsen Village,South Jamaica,Brooklyn,Queens
2019-03-01 18:46:30,2019-03-01 19:01:34,2,0.31,10.85,0.7,0.23,18.8,green,credit card,Lenox Hill West,West Chelsea/Hudson Yards,Manhattan,Manhattan
2019-03-13 06:59:59,2019-03-13 07:14:39,1,4.12,9.9,0.66,0.03,12.56,green,cash,Midtown North,Astoria,Manhattan,Queens
2019-03-01 11:37:07,2019-03-01 11:51:27,1,0.62,8.3,2.84,0.2,14.38,green,cash,Lenox Hill East,Roosevelt Island,Manhattan,Manhattan
2019-02-28 21:58:38,2019-02-28 22:12:52,1,0.28,6.6,1.59,0.06,10.98,green,credit card,Union Sq,Howard Beach,Manhattan,Queens
2019-03-25 15:48:30,2019-03-25 16:05:08,2,3.1,6.98,3.73,0.08,7.2,green,credit card,Midtown Center,Meatpacking/West Village West,Manhattan,Manhattan
2019-02-28 06:55:34,2019-02-28 07:12:39,1,2.28,7.0,1.26,0.1,10.84,green,credit card,Flatbush/Ditmas Park,East Elmhurst,Brooklyn,Queens
2019-03-06 01:20:41,2019-03-06 01:35:08,1,0.28,13.4,0.22,0.05,21.64,green,cash,Flatiron,Meatpacking/West Village West,Manhattan,Manhattan
2019-03-09 20:02:06,2019-03-09 20:18:57,1,2.08,11.7,1.06,0.29,33.57,green,cash,West Village,Financial District South,Manhattan,Manhattan
2019-03-12 10:42:03,2019-03-12 10:57:04,1,8.62,13.1,0.45,1.59,29.69,green,credit card,Queensboro Hill,Prospect Park,Queens,Brooklyn
2019-03-08 12:53:53,2019-03-08 13:05:37,2,2.25,8.3,2.56,0.03,10.47,green,credit card,Garment District,Boerum Hill,Manhattan,Brooklyn
2019-03-02 03:31:43,2019-03-02 03:48:41,1,1.37,6.9,3.28,0.02,22.59,green,cash,Union Sq,Upper East Side North,Manhattan,Manhattan
2019-03-25 16:28:53,2019-03-25 16:43:43,1,0.3,10.0,2.33,0.39,21.68,green,credit card,Lenox Hill West,Norwood,Manhattan,Bronx
2019-03-05 21:07:06,2019-03-05 21:22:15,6,3.64,10.2,6.0,0.14,41.61,green,credit card,Times Sq/Theatre District,Greenwich Village South,Manhattan,Manhattan
2019-03-16 07:12:35,2019-03-16 07:28:23,1,2.45,10.3,1.1,0.14,22.6,green,credit card,West Chelsea/Hudson Yards,Crotona Park East,Manhattan,Bronx
2019-03-28 20:46:16,2019-03-28 21:00:45,1,11.73,11.89,1.66,0.02,18.3,green,cash,Flatiron,Riverdale/North Riverdale/Fieldston,Manhattan,Bronx
2019-03-18 04:08:45,2019-03-18 04:22:32,1,0.12,2.4,1.18,0.09,12.42,green,cash,West Village,Jamaica Estates,Manhattan,Queens
2019-03-28 09:30:40,2019-03-28 09:42:37,1,2.57,11.57,1.76,0.41,15.1,green,credit card,Clinton East,Boerum Hill,Manhattan,Brooklyn
2019-03-28 02:19:18,2019-03-28 02:35:43,1,0.44,11.2,4.46,0.04,13.72,green,cash,Midtown East,Murray Hill,Manhattan,Manhattan
2019-03-03 11:39:17,2019-03-03 11:50:58,1,4.52,15.5,0.15,0.57,21.24,green,cash,Morrisania/Melrose,Van Cortlandt Village,Bronx,Bronx
2019-03-20 15:26:26,2019-03-20 15:45:35,1,2.23,34.85,3.05,1.49,36.4,green,credit card,East Flushing,Inwood Hill Park,Queens,Manhattan
2019-03-10 10:58:46,2019-03-10 11:11:04,1,0.52,12.11,2.65,0.13,12.7,green,credit card,Midtown South,Forest Hills,Manhattan,Queens
2019-03-18 19:50:48,2019-03-18 20:05:11,5,0.8,6.2,3.24,0.13,19.91,green,cash,Lenox Hill East,Prospect-Lefferts Gardens,Manhattan,Brooklyn
2019-03-27 22:10:42,2019-03-27 22:25:39,1,11.56,7.8,3.08,0.06,22.49,green,cash,Flatiron,Manhattanville,Manhattan,Manhattan
2019-03-16 05:40:34,2019-03-16 05:54:29,1,1.02,6.0,0.11,0.29,11.18,green,cash,Murray Hill,Crown Heights North,Manhattan,Brooklyn
2019-03-15 10:28:21,2019-03-15 10:43:54,1,0.58,8.6,0.68,0.39,26.87,green,credit card,SoHo,Prospect-Lefferts Gardens,Manhattan,Brooklyn
2019-03-17 06:24:30,2019-03-17 06:38:09,1,4.45,16.27,0.53,0.0,20.2,green,credit card,Upper West Side South,Mott Haven/Port Morris,Manhattan,Bronx
2019-03-02 13:00:05,2019-03-02 13:15:03,4,3.51,10.15,0.57,0.26,20.3,green,cash,West Village,Hillcrest/Pomonok,Manhattan,Queens
2019-03-11 00:29:30,2019-03-11 00:44:24,1,1.67,11.2,1.35,0.03,22.06,green,credit card,DUMBO/Vinegar Hill,Midtown Center,Brooklyn,Manhattan
2019-03-24 06:33:27,2019-03-24 06:50:41,5,3.37,7.2,1.61,0.01,8.8,green,credit card,Midtown Center,Bensonhurst West,Manhattan,Brooklyn
2019-03-13 09:06:43,2019-03-13 09:21:01,4,0.26,11.2,0.85,0.06,19.34,green,credit card,East Harlem South,Roosevelt Island,Manhattan,Manhattan
2019-03-29 05:38:57,2019-03-29 05:53:20,2,5.13,4.5,3.18,1.17,24.23,green,cash,Long Island City/Hunters Point,Astoria,Queens,Queens
2019-03-01 07:55:41,2019-03-01 08:12:05,1,0.08,4.2,2.72,0.32,15.06,green,cash,Midtown Center,DUMBO/Vinegar Hill,Manhattan,Brooklyn
2019-03-30 20:27:59,2019-03-30 20:44:18,1,0.19,17.2,0.69,0.15,22.19,green,credit card,Central Park,Murray Hill-Queens,Manhattan,Queens
2019-03-18 18:17:48,2019-03-18 18:30:55,1,0.93,2.8,0.47,0.08,17.89,green,cash,East Harlem North,Riverdale/North Riverdale/Fieldston,Manhattan,Bronx
2019-03-27 07:27:05,2019-03-27 07:42:08,1,4.66,13.81,2.82,0.02,18.1,green,cash,Union Sq,Inwood,Manhattan,Manhattan
2019-03-10 12:26:53,2019-03-10 12:41:13,1,0.13,12.0,1.64,0.14,19.21,green,credit card,West Chelsea/Hudson Yards,Queensbridge/Ravenswood,Manhattan,Queens
2019-03-21 08:20:56,2019-03-21 08:36:22,1,0.37,3.8,1.58,0.03,17.76,green,credit card,Lower East Side,North Corona,Manhattan,Queens
2019-03-12 15:12:43,2019-03-12 15:27:29,1,1.62,3.8,3.15,0.1,7.42,green,credit card,Central Harlem North,East Village,Manhattan,Manhattan
2019-03-28 13:56:26,2019-03-28 14:12:39,5,0.52,16.78,6.4,0.21,24.5,green,cash,Sunnyside,Corona,Queens,Queens
2019-03-21 16:38:51,2019-03-21 16:54:11,1,0.05,34.71,1.93,0.13,58.9,green,cash,Rego Park,Brooklyn Heights,Queens,Brooklyn
2019-03-23 08:49:33,2019-03-23 09:03:32,1,2.12,4.53,2.1,0.07,10.05,green,credit card,Upper East Side South,Prospect Heights,Manhattan,Brooklyn
2019-03-24 22:59:05,2019-03-24 23:14:55,2,1.83,12.63,1.08,0.1,15.3,green,credit card,Battery Park City,Williamsburg (South Side),Manhattan,Brooklyn
2019-02-28 19:31:44,2019-02-28 19:46:41,1,2.6,9.85,1.32,0.01,9.9,green,cash,TriBeCa/Civic Center,East Harlem South,Manhattan,Manhattan
2019-03-16 14:39:56,2019-03-16 14:53:31,3,7.53,6.3,2.38,0.02,10.35,green,credit card,Manhattanville,East Harlem South,Manhattan,Manhattan
2019-03-13 08:08:23,2019-03-13 08:22:21,1,3.56,14.24,0.01,0.22,41.4,green,credit card,East Harlem North,DUMBO/Vinegar Hill,Manhattan,Brooklyn
2019-03-16 13:28:12,2019-03-16 13:46:32,1,0.52,5.45,1.61,0.07,6.3,green,credit card,Yorkville East,Borough Park,Manhattan,Brooklyn
2019-03-09 03:17:48,2019-03-09 03:32:25,1,1.29,9.6,0.89,0.06,12.2,green,cash,Midtown North,Seaport,Manhattan,Manhattan
2019-03-05 23:30:01,2019-03-05 23:44:39,1,0.35,8.1,4.18,0.01,13.02,green,cash,Morningside Heights,Clinton West,Manhattan,Manhattan
2019-03-12 23:10:32,2019-03-12 23:26:26,1,0.17,7.0,0.1,0.02,12.83,green,credit card,Clinton East,Garment District,Manhattan,Manhattan
2019-03-12 16:48:47,2019-03-12 17:03:30,1,2.03,8.92,2.11,0.14,18.4,green,cash,Lower East Side,South Williamsburg,Manhattan,Brooklyn
2019-03-20 22:36:47,2019-03-20 22:49:46,1,1.52,7.2,0.43,0.13,24.41,green,cash,Upper West Side North,Saint Albans,Manhattan,Queens
2019-03-25 20:48:35,2019-03-25 21:05:14,1,0.36,11.39,2.62,0.0,12.1,green,credit card,Manhattan Valley,Whitestone,Manhattan,Queens
2019-03-26 07:38:21,2019-03-26 07:48:36,1,1.37,8.28,2.39,0.05,24.9,green,credit card,Times Sq/Theatre District,Midtown Center,Manhattan,Manhattan
2019-03-07 03:07:58,2019-03-07 03:24:44,1,1.78,20.64,0.91,0.04,25.2,green,cash,Yorkville West,East Flatbush/Farragut,Manhattan,Brooklyn
2019-03-31 15:11:16,2019-03-31 15:28:15,1,1.6,16.2,1.67,0.1,18.37,green,cash,Manhattanville,Little Italy/NoLiTa,Manhattan,Manhattan
2019-03-24 06:16:39,2019-03-24 06:30:17,4,18.99,2.88,2.73,0.11,21.6,green,cash,JFK Airport,Rego Park,Queens,Queens
2019-03-15 07:25:57,2019-03-15 07:41:50,1,4.28,4.39,1.58,0.69,16.6,green,credit card,LaGuardia Airport,Briarwood/Jamaica Hills,Queens,Queens
2019-03-18 16:49:13,2019-03-18 17:02:58,1,2.11,15.62,2.49,0.03,21.6,green,credit card,West Village,UN/Turtle Bay South,Manhattan,Manhattan
2019-03-27 08:04:01,2019-03-27 08:16:51,6,0.78,9.1,1.26,0.03,10.13,green,cash,Central Park,Bensonhurst West,Manhattan,Brooklyn
2019-03-07 15:40:39,2019-03-07 15:57:36,2,4.04,5.4,0.44,0.03,13.06,green,credit card,Times Sq/Theatre District,Yorkville West,Manhattan,Manhattan
2019-03-09 05:08:57,2019-03-09 05:22:59,1,1.94,10.6,0.17,0.03,13.81,green,credit card,Penn Station/Madison Sq West,Crown Heights South,Manhattan,Brooklyn
2019-03-29 18:55:33,2019-03-29 19:09:04,1,2.76,8.91,0.6,0.03,45.9,green,cash,Brooklyn Heights,Inwood,Brooklyn,Manhattan
2019-03-09 06:10:18,2019-03-09 06:22:06,1,1.66,12.11,0.32,0.49,17.2,green,cash,Murray Hill,Carroll Gardens,Manhattan,Brooklyn
2019-03-20 05:30:09,2019-03-20 05:43:37,1,1.97,9.6,1.91,0.07,26.47,green,cash,West Village,Van Nest/Morris Park,Manhattan,Bronx
2019-03-22 19:54:48,2019-03-22 20:06:09,2,2.05,8.3,2.56,0.06,12.75,green,credit card,West Chelsea/Hudson Yards,Washington Heights North,Manhattan,Manhattan
2019-03-03 16:02:16,2019-03-03 16:16:01,1,15.15,4.6,1.11,1.48,27.89,green,cash,Elmhurst,Bayside,Queens,Queens
2019-03-10 08:29:54,2019-03-10 08:43:40,1,4.1,13.9,4.72,0.04,30.92,green,cash,Kips Bay,Bedford Park,Manhattan,Bronx
2019-03-28 19:15:38,2019-03-28 19:29:21,1,0.59,8.3,0.44,0.04,13.24,green,credit card,Two Bridges/Seward Park,East New York,Manhattan,Brooklyn
2019-03-30 05:37:11,2019-03-30 05:50:02,1,4.43,4.1,0.55,0.06,13.76,green,credit card,Midtown North,Steinway,Manhattan,Queens
2019-03-22 18:22:46,2019-03-22 18:37:04,4,1.43,6.66,0.87,0.12,6.7,green,credit card,Penn Station/Madison Sq West,Morningside Heights,Manhattan,Manhattan
2019-03-02 19:44:38,2019-03-02 19:58:09,1,4.0,5.3,0.88,0.01,10.05,green,cash,Upper East Side North,Riverdale/North Riverdale/Fieldston,Manhattan,Bronx
2019-03-02 13:49:51,2019-03-02 14:04:10,1,0.76,13.7,4.06,0.26,21.8,green,cash,Financial District South,Springfield Gardens South,Manhattan,Queens
2019-03-29 17:54:54,2019-03-29 18:09:13,2,2.75,12.7,0.01,0.03,21.33,green,credit card,Upper East Side North,SoHo,Manhattan,Manhattan
2019-03-13 12:11:26,2019-03-13 12:26:24,1,9.12,6.9,0.01,0.17,21.95,green,credit card,Lenox Hill West,Greenpoint,Manhattan,Brooklyn
2019-03-04 15:51:58,2019-03-04 16:04:33,1,2.65,7.87,7.33,0.09,8.4,green,cash,Midtown South,East Village,Manhattan,Manhattan
2019-03-28 09:12:26,2019-03-28 09:25:22,1,7.72,4.1,1.2,0.15,18.91,green,credit card,UN/Turtle Bay South,West Brighton,Manhattan,Staten Island
2019-03-13 21:52:43,2019-03-13 22:07:27,1,1.04,12.24,3.27,0.03,15.4,green,credit card,Central Harlem North,Murray Hill-Queens,Manhattan,Queens
2019-03-30 12:39:31,2019-03-30 12:54:23,1,2.17,8.1,2.71,0.01,13.23,green,cash,Upper West Side South,Morningside Heights,Manhattan,Manhattan
2019-03-13 23:16:40,2019-03-13 23:29:35,1,1.55,18.5,1.96,0.16,31.63,green,cash,Greenwich Village South,Financial District South,Manhattan,Manhattan
2019-03-27 10:03:53,2019-03-27 10:17:12,1,2.6,5.41,4.6,0.19,8.11,green,cash,Lenox Hill East,Bedford,Manhattan,Brooklyn
2019-03-24 12:09:11,2019-03-24 12:26:33,2,0.21,6.24,0.42,0.16,8.4,green,credit card,TriBeCa/Civic Center,Stapleton,Manhattan,Staten Island
2019-02-28 01:24:57,2019-02-28 01:40:08,1,4.12,9.5,0.4,1.92,24.44,green,cash,Forest Hills,Douglaston,Queens,Queens
2019-03-20 23:37:06,2019-03-20 23:50:52,1,1.56,5.8,1.46,0.39,19.92,green,cash,Yorkville East,Midtown East,Manhattan,Manhattan
2019-03-08 15:19:58,2019-03-08 15:34:04,6,0.0,9.83,2.94,0.02,10.9,green,credit card,Midtown East,JFK Airport,Manhattan,Queens
2019-03-31 17:33:36,2019-03-31 17:47:41,1,0.77,5.9,0.15,0.2,17.61,green,credit card,Hudson Sq,Madison,Manhattan,Brooklyn
2019-03-25 14:08:07,2019-03-25 14:23:06,1,0.38,8.79,0.82,0.1,13.3,green,cash,Battery Park City,Williamsburg (South Side),Manhattan,Brooklyn
2019-03-07 16:22:34,2019-03-07 16:38:33,2,1.15,11.7,0.04,0.13,13.3,green,cash,Upper West Side South,Saint Albans,Manhattan,Queens
2019-03-23 07:16:44,2019-03-23 07:30:51,2,1.28,18.78,0.11,3.43,26.5,green,cash,Jackson Heights,Eastchester,Queens,Bronx
2019-03-08 16:38:36,2019-03-08 16:53:33,3,2.33,13.07,11.1,0.08,22.6,green,credit card,Greenwich Village South,Dyker Heights,Manhattan,Brooklyn
2019-03-28 09:25:04,2019-03-28 09:40:31,1,0.95,7.41,3.6,0.53,52.0,green,credit card,Elmhurst,Inwood,Queens,Manhattan
2019-03-30 01:55:19,2019-03-30 02:12:27,1,6.35,2.5,1.28,0.68,7.84,green,cash,Starrett City,Brooklyn Heights,Brooklyn,Brooklyn
2019-03-30 09:23:06,2019-03-30 09:36:21,1,5.31,10.5,0.05,0.31,14.47,green,credit card,Little Italy/NoLiTa,Madison,Manhattan,Brooklyn
2019-03-11 20:53:42,2019-03-11 21:08:16,1,0.99,10.7,3.9,0.05,16.84,green,credit card,Lenox Hill East,Downtown Brooklyn/MetroTech,Manhattan,Brooklyn
2019-03-05 19:36:02,2019-03-05 19:51:48,1,10.58,56.5,1.75,3.53,74.73,green,credit card,Sunnyside,Dyker Heights,Queens,Brooklyn
2019-03-08 10:18:08,2019-03-08 10:31:48,1,1.12,9.0,0.9,0.05,13.4,green,cash,Battery Park City,Cypress Hills,Manhattan,Brooklyn
2019-03-12 15:38:25,2019-03-12 15:50:44,1,2.71,4.2,3.07,0.01,12.12,green,cash,Manhattan Valley,East Elmhurst,Manhattan,Queens
2019-03-28 08:57:37,2019-03-28 09:10:59,0,2.0,9.53,1.1,0.11,14.7,green,credit card,East Harlem North,Saint Albans,Manhattan,Queens
2019-03-13 05:50:21,2019-03-13 06:06:20,1,1.2,7.2,0.58,0.25,17.18,green,cash,Lower East Side,Washington Heights South,Manhattan,Manhattan
2019-03-14 07:21:28,2019-03-14 07:38:07,1,7.97,4.4,2.37,0.19,6.15,green,cash,Greenwich Village South,Sheepshead Bay,Manhattan,Brooklyn
2019-03-16 08:13:57,2019-03-16 08:28:26,1,0.37,5.6,0.28,0.32,18.71,green,credit card,West Chelsea/Hudson Yards,Midtown South,Manhattan,Manhattan
2019-03-20 16:45:04,2019-03-20 16:57:04,1,29.46,10.2,2.53,4.93,10.3,green,credit card,JFK Airport,East Harlem North,Queens,Manhattan
2019-03-27 02:54:59,2019-03-27 03:08:30,1,2.13,16.04,0.62,0.01,22.7,green,credit card,West Chelsea/Hudson Yards,Maspeth,Manhattan,Queens
2019-03-10 02:18:08,2019-03-10 02:29:13,1,1.61,5.8,0.21,0.34,19.48,green,cash,Flatiron,Crotona Park East,Manhattan,Bronx
2019-03-08 02:46:41,2019-03-08 02:58:52,1,6.77,3.0,0.1,0.03,35.97,green,cash,Lincoln Square East,Long Island City/Queens Plaza,Manhattan,Queens
2019-03-19 13:17:54,2019-03-19 13:32:54,3,4.56,9.0,5.2,0.3,41.97,green,credit card,Lenox Hill West,Eastchester,Manhattan,Bronx
2019-03-08 03:02:06,2019-03-08 03:16:04,2,7.69,8.4,0.26,0.05,11.55,green,credit card,East Harlem South,East Williamsburg,Manhattan,Brooklyn
2019-03-12 13:32:34,2019-03-12 13:46:48,2,10.5,3.8,0.77,0.51,6.57,green,cash,LaGuardia Airport,Williamsburg (South Side),Queens,Brooklyn
2019-03-22 09:18:15,2019-03-22 09:31:21,1,0.4,7.2,1.43,0.18,11.9,green,credit card,UN/Turtle Bay South,Soundview/Bruckner,Manhattan,Bronx
2019-03-15 12:00:58,2019-03-15 12:19:18,1,0.34,15.41,7.9,0.24,45.3,green,credit card,Times Sq/Theatre District,Cypress Hills,Manhattan,Brooklyn
2019-03-15 21:06:52,2019-03-15 21:19:48,1,15.92,10.2,1.05,8.07,24.55,green,cash,Old Astoria,JFK Airport,Queens,Queens
2019-03-04 12:39:23,2019-03-04 12:57:12,1,0.38,7.87,0.48,0.14,9.4,green,cash,Midtown East,Middle Village,Manhattan,Queens
2019-03-12 05:14:29,2019-03-12 05:29:18,0,5.07,7.4,5.92,0.4,30.28,green,cash,UN/Turtle Bay South,Elmhurst/Maspeth,Manhattan,Queens
2019-03-12 23:58:13,2019-03-13 00:11:47,1,3.44,8.1,3.55,0.06,15.89,green,credit card,Midtown East,Van Cortlandt Village,Manhattan,Bronx
2019-03-22 11:12:24,2019-03-22 11:27:38,2,4.34,3.7,0.62,3.6,5.8,green,cash,JFK Airport,Red Hook,Queens,Brooklyn
2019-03-14 04:03:07,2019-03-14 04:19:05,1,2.22,13.4,0.01,0.08,14.38,green,cash,Upper East Side North,Middle Village,Manhattan,Queens
2019-03-14 01:05:33,2019-03-14 01:17:49,6,1.02,6.2,1.8,0.27,17.81,green,credit card,Upper East Side North,Sutton Place/Turtle Bay North,Manhattan,Manhattan
2019-03-04 07:21:29,2019-03-04 07:34:05,1,3.53,12.03,7.46,1.87,14.1,green,credit card,JFK Airport,Central Harlem,Queens,Manhattan
2019-03-12 06:44:56,2019-03-12 06:58:45,3,2.14,10.72,3.7,0.25,14.4,green,cash,Yorkville East,Van Nest/Morris Park,Manhattan,Bronx
2019-03-26 19:09:31,2019-03-26 19:26:07,2,2.18,6.7,0.33,0.15,15.02,green,cash,Midtown East,East Harlem South,Manhattan,Manhattan
2019-03-18 04:00:11,2019-03-18 04:14:32,1,0.52,31.5,2.39,4.74,70.61,green,cash,Auburndale,Prospect-Lefferts Gardens,Queens,Brooklyn
2019-03-18 01:54:42,2019-03-18 02:08:22,1,4.99,11.7,0.32,0.63,21.34,green,credit card,Prospect-Lefferts Gardens,Hunts Point,Brooklyn,Bronx
2019-03-20 03:49:48,2019-03-20 04:03:56,1,1.0,6.2,0.95,0.02,22.13,green,credit card,Central Harlem North,Upper West Side South,Manhattan,Manhattan
2019-03-14 15:52:42,2019-03-14 16:05:58,2,2.73,5.6,1.98,0.09,8.62,green,cash,Midtown East,Madison,Manhattan,Brooklyn
2019-03-29 16:23:28,2019-03-29 16:37:50,2,1.71,7.3,0.64,0.34,20.9,green,credit card,Washington Heights South,Whitestone,Manhattan,Queens
2019-03-12 17:28:34,2019-03-12 17:44:12,1,15.23,46.0,7.77,2.12,52.51,green,credit card,JFK Airport,Rego Park,Queens,Queens
2019-03-14 21:00:20,2019-03-14 21:13:57,1,1.49,6.2,1.9,0.42,8.36,green,cash,Upper East Side North,Midtown South,Manhattan,Manhattan
2019-03-10 02:41:50,2019-03-10 02:57:00,1,2.74,8.6,0.5,0.89,8.68,green,cash,Prospect-Lefferts Gardens,Eastchester,Brooklyn,Bronx
2019-03-23 17:25:39,2019-03-23 17:39:49,1,1.53,3.9,0.03,0.03,9.0,green,cash,Lenox Hill East,Meatpacking/West Village West,Manhattan,Manhattan
2019-03-30 07:33:10,2019-03-30 07:49:40,1,2.61,10.2,1.52,0.31,12.17,green,credit card,East Village,Steinway,Manhattan,Queens
2019-03-06 07:04:14,2019-03-06 07:17:31,1,9.22,8.61,9.13,0.92,28.2,green,cash,Forest Hills,Flatiron,Queens,Manhattan
2019-03-02 09:13:39,2019-03-02 09:26:35,2,1.79,6.7,0.41,0.06,13.36,green,cash,Midtown Center,Upper West Side South,Manhattan,Manhattan
2019-03-06 17:06:38,2019-03-06 17:20:45,1,1.94,22.6,0.24,4.91,49.21,green,credit card,LaGuardia Airport,Upper East Side South,Queens,Manhattan
2019-03-29 02:56:05,2019-03-29 03:06:34,1,2.99,8.96,1.44,0.08,12.8,green,credit card,Midtown South,Homecrest,Manhattan,Brooklyn
2019-03-15 20:34:10,2019-03-15 20:45:35,2,0.69,10.78,1.23,0.22,19.3,green,credit card,Prospect-Lefferts Gardens,Williamsburg (South Side),Brooklyn,Brooklyn
2019-03-01 01:04:04,2019-03-01 01:20:53,1,0.9,15.2,4.25,0.33,23.02,green,cash,Flatiron,Queensboro Hill,Manhattan,Queens
2019-03-29 12:04:30,2019-03-29 12:17:56,1,6.69,7.2,0.19,0.25,11.31,green,cash,Gramercy,Randalls Island,Manhattan,Manhattan
2019-03-11 17:13:22,2019-03-11 17:25:03,2,2.86,9.01,0.35,0.05,13.6,green,credit card,TriBeCa/Civic Center,Bedford Park,Manhattan,Bronx
2019-03-26 07:35:53,2019-03-26 07:50:49,1,2.03,6.8,3.54,0.09,24.07,green,credit card,Lower East Side,Rego Park,Manhattan,Queens
2019-03-11 15:08:11,2019-03-11 15:20:58,1,0.17,10.5,0.81,0.15,23.71,green,cash,Murray Hill,East New York,Manhattan,Brooklyn
2019-03-23 20:24:55,2019-03-23 20:40:27,6,2.38,6.1,0.71,0.48,58.26,green,credit card,Brooklyn Heights,Sunset Park West,Brooklyn,Brooklyn
2019-03-29 12:57:59,2019-03-29 13:11:40,1,2.54,9.55,1.89,0.06,13.8,green,credit card,Lower East Side,Columbia Street,Manhattan,Brooklyn
2019-03-20 11:46:12,2019-03-20 12:00:17,1,0.31,5.3,1.34,0.19,9.61,green,credit card,East Harlem North,Park Slope,Manhattan,Brooklyn
2019-03-03 23:27:01,2019-03-03 23:40:36,2,2.57,7.7,0.32,0.44,16.53,green,cash,Lincoln Square East,East Harlem North,Manhattan,Manhattan
2019-03-24 17:22:58,2019-03-24 17:38:15,2,1.74,7.2,3.43,0.28,20.48,green,cash,East Harlem North,Fort Greene,Manhattan,Brooklyn
2019-03-28 03:36:27,2019-03-28 03:49:22,1,1.05,3.3,0.68,0.07,8.27,green,credit card,Greenwich Village North,Morrisania/Melrose,Manhattan,Bronx
2019-03-10 00:14:41,2019-03-10 00:31:46,1,0.41,8.6,5.82,0.05,15.56,green,cash,West Chelsea/Hudson Yards,Roosevelt Island,Manhattan,Manhattan
2019-03-06 18:38:35,2019-03-06 18:52:26,1,0.63,9.86,1.23,0.54,12.4,green,cash,Gramercy,Howard Beach,Manhattan,Queens
2019-03-16 23:28:10,2019-03-16 23:42:41,1,0.21,12.26,3.06,0.19,24.7,green,credit card,Garment District,Jackson Heights,Manhattan,Queens
2019-03-01 19:13:41,2019-03-01 19:29:08,1,4.33,12.2,0.43,0.04,29.54,green,credit card,Seaport,Madison,Manhattan,Brooklyn
2019-03-27 06:12:50,2019-03-27 06:25:13,1,1.13,8.8,4.95,0.08,16.11,green,cash,Upper East Side South,Morrisania/Melrose,Manhattan,Bronx
2019-03-29 21:36:54,2019-03-29 21:50:50,3,14.27,7.8,1.91,1.47,20.71,green,cash,Astoria,Parkchester,Queens,Bronx
2019-03-24 10:45:57,2019-03-24 11:02:16,1,0.27,7.0,0.06,0.17,18.82,green,cash,Midtown Center,Bushwick North,Manhattan,Brooklyn
2019-03-11 02:29:01,2019-03-11 02:43:53,4,2.14,8.0,0.52,0.4,13.2,green,credit card,World Trade Center,East Flushing,Manhattan,Queens
2019-03-20 20:34:28,2019-03-20 20:47:52,1,17.32,5.24,3.11,7.09,21.7,green,credit card,Astoria,Co-Op City,Queens,Bronx
2019-03-15 06:20:52,2019-03-15 06:34:34,1,1.33,7.4,5.36,0.26,22.5,green,cash,Greenwich Village South,Flatiron,Manhattan,Manhattan
2019-03-13 02:40:40,2019-03-13 02:56:30,1,0.41,3.5,1.16,0.02,15.65,green,credit card,Central Harlem,Rego Park,Manhattan,Queens
2019-03-07 03:47:47,2019-03-07 04:03:45,2,10.75,10.2,0.59,0.01,25.4,green,credit card,Union Sq,Sunnyside,Manhattan,Queens
2019-03-01 17:59:03,2019-03-01 18:13:03,1,0.95,20.7,0.7,0.24,54.57,green,credit card,Boerum Hill,South Ozone Park,Brooklyn,Queens
2019-03-16 10:00:13,2019-03-16 10:13:07,1,0.62,9.55,0.19,0.04,23.2,green,cash,East Harlem North,Jamaica Estates,Manhattan,Queens
2019-02-28 04:33:45,2019-02-28 04:49:08,1,4.13,5.1,3.45,0.01,7.57,green,cash,Penn Station/Madison Sq West,Flatiron,Manhattan,Manhattan
2019-03-09 07:29:16,2019-03-09 07:43:37,1,6.28,7.8,2.67,0.14,21.14,green,credit card,Central Harlem North,Bushwick North,Manhattan,Brooklyn
2019-03-10 04:30:57,2019-03-10 04:46:17,1,4.14,18.5,0.16,0.13,35.85,green,cash,Lincoln Square West,College Point,Manhattan,Queens
2019-03-27 06:18:15,2019-03-27 06:32:18,1,0.77,7.8,2.2,0.09,16.15,green,cash,Manhattan Valley,Lenox Hill West,Manhattan,Manhattan
2019-03-29 16:29:25,2019-03-29 16:41:21,1,1.17,8.3,1.53,0.25,17.08,green,credit card,Bloomingdale,Whitestone,Manhattan,Queens
2019-03-27 23:13:32,2019-03-27 23:26:16,1,2.44,10.2,7.93,0.27,20.28,green,credit card,Lenox Hill East,Woodside,Manhattan,Queens
2019-03-29 23:29:59,2019-03-29 23:45:41,6,2.05,12.5,2.18,0.54,27.68,green,credit card,Lincoln Square East,Old Astoria,Manhattan,Queens
2019-03-17 11:46:33,2019-03-17 11:59:16,1,6.05,9.3,0.56,0.04,14.3,green,cash,West Village,East Elmhurst,Manhattan,Queens
2019-03-12 14:36:21,2019-03-12 14:49:12,1,1.93,12.3,0.76,0.05,21.04,green,cash,West Chelsea/Hudson Yards,Bushwick South,Manhattan,Brooklyn
2019-03-31 11:31:21,2019-03-31 11:46:37,1,6.38,12.83,0.55,0.01,24.0,green,credit card,Washington Heights South,Sunset Park West,Manhattan,Brooklyn
2019-03-26 11:25:30,2019-03-26 11:40:56,5,2.04,11.83,0.15,0.23,14.8,green,credit card,Financial District North,Sutton Place/Turtle Bay North,Manhattan,Manhattan
2019-03-19 16:07:17,2019-03-19 16:20:33,1,12.96,6.02,2.73,0.03,6.9,green,cash,Hudson Sq,Flatiron,Manhattan,Manhattan
2019-03-03 02:00:17,2019-03-03 02:13:57,5,0.25,8.4,1.97,0.64,16.49,green,credit card,Woodside,JFK Airport,Queens,Queens
2019-03-02 10:09:13,2019-03-02 10:22:11,1,3.13,6.4,3.48,0.1,8.9,green,credit card,Stuy Town/Peter Cooper Village,JFK Airport,Manhattan,Queens
2019-03-02 13:19:45,2019-03-02 13:33:20,2,3.6,7.0,4.41,0.01,10.88,green,credit card,Midtown East,Morningside Heights,Manhattan,Manhattan
2019-03-02 03:28:49,2019-03-02 03:44:40,1,0.04,12.98,0.6,1.31,13.1,green,cash,Morrisania/Melrose,East Harlem North,Bronx,Manhattan
2019-03-04 23:11:36,2019-03-04 23:25:17,1,12.8,27.4,2.3,0.37,59.1,green,cash,Elmhurst,Kips Bay,Queens,Manhattan
2019-03-12 03:56:33,2019-03-12 04:12:36,1,3.24,5.9,3.67,0.09,36.34,green,credit card,Morningside Heights,Lenox Hill East,Manhattan,Manhattan
2019-03-25 22:50:09,2019-03-25 23:03:01,1,0.27,7.8,1.92,0.01,13.54,green,cash,Upper West Side North,Springfield Gardens South,Manhattan,Queens
2019-03-17 04:21:04,2019-03-17 04:35:09,1,0.47,11.7,0.21,0.04,14.43,green,cash,Chinatown,Lenox Hill West,Manhattan,Manhattan
2019-03-15 02:47:06,2019-03-15 03:02:30,2,1.0,10.14,0.08,0.09,13.4,green,credit card,Morningside Heights,North Corona,Manhattan,Queens
2019-02-28 10:05:23,2019-02-28 10:20:53,1,4.43,27.25,0.52,0.98,38.5,green,credit card,Ridgewood,South Ozone Park,Queens,Queens
2019-02-28 07:07:45,2019-02-28 07:23:11,1,2.6,8.79,1.86,0.2,14.4,green,cash,Clinton East,Woodside,Manhattan,Queens
2019-03-25 16:55:03,2019-03-25 17:11:08,0,5.52,8.37,7.1,0.1,31.15,green,cash,Union Sq,Queensbridge/Ravenswood,Manhattan,Queens
2019-03-02 04:20:59,2019-03-02 04:33:20,2,1.04,10.8,3.25,0.23,15.74,green,cash,Midtown East,Elmhurst/Maspeth,Manhattan,Queens
2019-03-19 15:09:14,2019-03-19 15:23:37,1,1.93,5.54,1.0,1.45,7.13,green,credit card,LaGuardia Airport,Woodside,Queens,Queens
2019-03-06 08:03:15,2019-03-06 08:17:16,2,4.25,5.6,0.28,0.27,20.8,green,credit card,Lincoln Square East,Belmont,Manhattan,Bronx
2019-03-15 11:20:21,2019-03-15 11:34:26,2,10.07,16.27,0.24,1.62,18.2,green,cash,Van Nest/Morris Park,SoHo,Bronx,Manhattan
2019-03-13 13:10:20,2019-03-13 13:25:03,1,2.94,8.3,6.39,0.12,15.54,green,credit card,East Harlem North,North Corona,Manhattan,Queens
2019-03-17 09:22:55,2019-03-17 09:34:11,1,4.77,6.1,0.31,0.01,13.05,green,credit card,Upper West Side South,Brownsville,Manhattan,Brooklyn
2019-03-27 18:48:05,2019-03-27 19:01:31,1,24.54,35.47,2.2,1.2,84.9,green,cash,Jackson Heights,Hunts Point,Queens,Bronx
2019-03-01 05:33:08,2019-03-01 05:46:38,1,0.97,17.8,1.49,0.19,19.5,green,cash,Morningside Heights,Central Harlem North,Manhattan,Manhattan
2019-03-19 01:30:59,2019-03-19 01:48:46,4,0.23,3.51,0.68,0.38,6.8,green,cash,Financial District North,Kips Bay,Manhattan,Manhattan
2019-03-24 21:48:21,2019-03-24 22:00:48,1,0.02,12.2,0.37,0.08,12.77,green,credit card,Flatiron,Sunnyside,Manhattan,Queens
2019-03-08 20:29:05,2019-03-08 20:42:10,1,2.92,19.7,0.77,0.96,29.34,green,cash,Brooklyn Heights,Brooklyn Navy Yard,Brooklyn,Brooklyn
2019-03-28 05:31:25,2019-03-28 05:45:49,1,2.18,6.4,2.86,0.03,12.09,green,cash,West Village,Alphabet City,Manhattan,Manhattan
2019-03-21 19:24:49,2019-03-21 19:39:48,1,2.26,12.54,0.9,0.2,25.3,green,credit card,Gramercy,Flatbush/Ditmas Park,Manhattan,Brooklyn
2019-03-15 09:27:40,2019-03-15 09:43:19,1,2.79,3.1,1.88,0.14,14.33,green,credit card,World Trade Center,Greenwich Village North,Manhattan,Manhattan
2019-03-27 04:16:21,2019-03-27 04:30:01,1,0.2,7.9,0.12,0.05,15.83,green,credit card,Clinton East,Richmond Hill,Manhattan,Queens
2019-03-07 15:50:33,2019-03-07 16:03:11,1,4.44,5.5,1.99,0.32,23.08,green,cash,Times Sq/Theatre District,University Heights/Morris Heights,Manhattan,Bronx
2019-03-23 05:46:06,2019-03-23 06:00:04,1,0.74,5.3,0.7,0.35,13.11,green,cash,Lenox Hill East,Park Slope,Manhattan,Brooklyn
2019-03-12 15:57:49,2019-03-12 16:13:03,1,1.77,4.0,1.13,0.23,15.53,green,credit card,Lincoln Square East,Gowanus,Manhattan,Brooklyn
2019-03-03 14:46:19,2019-03-03 15:02:00,1,1.36,3.8,0.46,0.43,21.5,green,credit card,Penn Station/Madison Sq West,Midwood,Manhattan,Brooklyn
2019-03-07 21:55:04,2019-03-07 22:09:34,1,0.41,10.6,0.53,0.21,18.02,green,cash,Lower East Side,Battery Park City,Manhattan,Manhattan
2019-03-04 20:28:35,2019-03-04 20:44:49,1,4.66,16.4,0.03,0.05,18.7,green,credit card,Penn Station/Madison Sq West,East Flushing,Manhattan,Queens
2019-03-31 11:52:49,2019-03-31 12:03:28,1,20.56,16.99,2.69,0.95,27.8,green,credit card,Jamaica,West Chelsea/Hudson Yards,Queens,Manhattan
2019-02-28 23:10:54,2019-02-28 23:27:31,1,14.71,5.1,0.16,0.31,16.7,green,cash,Little Italy/NoLiTa,Prospect Park,Manhattan,Brooklyn
2019-03-12 09:33:14,2019-03-12 09:49:49,1,2.11,6.13,2.18,0.08,19.1,green,cash,Lenox Hill East,Midtown East,Manhattan,Manhattan
2019-03-29 17:45:38,2019-03-29 18:02:49,1,11.59,11.2,1.92,0.01,14.16,green,cash,East Village,Highbridge,Manhattan,Bronx
2019-03-20 10:52:05,2019-03-20 11:06:07,1,1.89,11.0,1.19,0.2,16.26,green,credit card,Penn Station/Madison Sq West,UN/Turtle Bay South,Manhattan,Manhattan
2019-03-25 17:20:03,2019-03-25 17:33:40,1,1.87,7.6,2.86,0.18,14.37,green,cash,East Village,Ridgewood,Manhattan,Queens
2019-03-02 16:31:16,2019-03-02 16:46:37,1,1.74,4.9,4.72,0.0,20.1,green,cash,Midtown Center,Brooklyn Heights,Manhattan,Brooklyn
2019-03-24 11:47:26,2019-03-24 12:01:28,1,1.66,24.0,0.27,0.1,24.98,green,credit card,Flatiron,East Flushing,Manhattan,Queens
2019-03-07 22:32:36,2019-03-07 22:46:50,6,4.27,9.4,1.47,0.1,11.4,green,credit card,Midtown Center,Bensonhurst East,Manhattan,Brooklyn
2019-03-02 14:51:41,2019-03-02 15:03:36,0,1.84,13.4,0.28,0.02,37.68,green,cash,Sutton Place/Turtle Bay North,Astoria,Manhattan,Queens
2019-03-26 14:30:47,2019-03-26 14:47:18,6,4.01,7.9,1.41,0.03,18.75,green,cash,Times Sq/Theatre District,Brighton Beach,Manhattan,Brooklyn
2019-03-24 01:00:24,2019-03-24 01:14:17,1,8.39,6.57,1.39,0.39,19.2,green,cash,Downtown Brooklyn/MetroTech,Melrose South,Brooklyn,Bronx
2019-03-30 22:01:26,2019-03-30 22:16:01,1,10.15,5.8,0.42,0.0,14.67,green,credit card,Garment District,Bath Beach,Manhattan,Brooklyn
2019-03-18 13:17:07,2019-03-18 13:31:09,1,3.46,7.1,0.11,0.16,9.1,green,credit card,Union Sq,Central Park,Manhattan,Manhattan
2019-03-17 06:19:33,2019-03-17 06:33:49,1,0.36,13.74,2.1,0.53,21.7,green,cash,Clinton East,Prospect Heights,Manhattan,Brooklyn
2019-03-21 06:50:43,2019-03-21 07:05:42,1,10.95,3.49,3.4,0.82,40.62,green,credit card,Jackson Heights,Woodhaven,Queens,Queens
2019-03-20 08:28:59,2019-03-20 08:43:49,2,13.6,25.1,10.8,0.27,43.71,green,credit card,JFK Airport,Astoria,Queens,Queens
2019-03-12 15:23:11,2019-03-12 15:37:57,1,4.42,7.9,1.44,0.04,14.77,green,credit card,Midtown East,Bedford,Manhattan,Brooklyn
2019-03-06 06:30:22,2019-03-06 06:44:49,1,5.99,9.03,3.88,0.07,21.9,green,cash,Manhattanville,Sunnyside,Manhattan,Queens
2019-03-27 11:24:50,2019-03-27 11:40:04,1,0.2,4.86,4.3,0.07,9.38,green,cash,Midtown Center,Marble Hill,Manhattan,Manhattan
2019-03-07 12:09:29,2019-03-07 12:26:09,1,2.63,8.66,1.12,0.46,9.0,green,credit card,East Village,Red Hook,Manhattan,Brooklyn
2019-03-25 11:01:41,2019-03-25 11:17:31,1,3.66,3.8,0.18,0.02,11.96,green,cash,Meatpacking/West Village West,Briarwood/Jamaica Hills,Manhattan,Queens
2019-03-31 13:05:21,2019-03-31 13:22:18,1,1.0,4.4,0.97,0.01,23.47,green,cash,Midtown North,Lenox Hill West,Manhattan,Manhattan
2019-03-16 15:24:17,2019-03-16 15:40:07,1,1.27,3.8,0.2,0.13,16.98,green,credit card,Penn Station/Madison Sq West,Brooklyn Navy Yard,Manhattan,Brooklyn
2019-03-14 04:04:27,2019-03-14 04:21:26,1,2.45,6.82,0.61,0.15,8.8,green,credit card,Murray Hill,East Flatbush/Farragut,Manhattan,Brooklyn
2019-03-23 13:11:48,2019-03-23 13:28:51,1,3.05,6.36,1.07,0.09,19.8,green,credit card,Upper East Side South,Sunset Park West,Manhattan,Brooklyn
2019-03-19 23:30:21,2019-03-19 23:44:48,1,2.31,7.2,4.82,0.01,32.23,green,cash,Yorkville West,Jamaica,Manhattan,Queens
2019-03-23 23:01:44,2019-03-23 23:18:40,1,0.53,4.1,1.58,0.05,21.89,green,cash,Midtown Center,Briarwood/Jamaica Hills,Manhattan,Queens
2019-03-21 02:53:15,2019-03-21 03:05:17,1,1.23,8.97,6.2,0.46,10.6,green,credit card,Yorkville East,Fresh Meadows,Manhattan,Queens
2019-03-22 06:05:31,2019-03-22 06:21:37,1,8.97,43.7,0.04,3.23,59.91,green,credit card,Sunnyside,Washington Heights North,Queens,Manhattan
2019-03-17 05:00:02,2019-03-17 05:15:35,1,3.05,7.7,1.86,0.25,23.92,green,cash,Clinton East,Manhattanville,Manhattan,Manhattan
2019-03-10 18:53:32,2019-03-10 19:09:52,5,10.23,4.19,1.86,0.23,43.6,green,credit card,Downtown Brooklyn/MetroTech,Fresh Meadows,Brooklyn,Queens
2019-03-22 06:09:12,2019-03-22 06:24:22,1,13.46,19.72,3.16,0.92,32.0,green,credit card,LaGuardia Airport,Prospect-Lefferts Gardens,Queens,Brooklyn
2019-03-28 07:34:53,2019-03-28 07:50:42,1,4.03,7.4,2.09,0.04,20.96,green,credit card,Penn Station/Madison Sq West,Windsor Terrace,Manhattan,Brooklyn
2019-03-29 07:07:32,2019-03-29 07:20:49,1,2.78,6.2,2.35,0.08,12.12,green,cash,Lincoln Square West,Meatpacking/West Village West,Manhattan,Manhattan
2019-03-06 18:57:47,2019-03-06 19:13:04,1,1.46,9.2,0.01,0.02,11.81,green,cash,Lincoln Square West,Borough Park,Manhattan,Brooklyn
2019-03-14 05:56:29,2019-03-14 06:10:49,1,0.52,6.88,0.68,0.03,11.4,green,credit card,Battery Park City,Bushwick South,Manhattan,Brooklyn
2019-03-22 20:42:59,2019-03-22 20:59:14,1,0.94,6.1,2.98,0.06,10.22,green,cash,Gramercy,Midtown South,Manhattan,Manhattan
2019-03-07 18:54:22,2019-03-07 19:06:51,1,1.28,5.5,0.83,0.07,23.72,green,cash,Clinton East,Fresh Meadows,Manhattan,Queens
2019-03-07 15:33:30,2019-03-07 15:46:39,3,0.02,13.78,2.1,0.89,22.2,green,credit card,Downtown Brooklyn/MetroTech,Belmont,Brooklyn,Bronx
2019-03-29 14:08:31,2019-03-29 14:23:51,1,1.57,5.2,0.69,0.04,15.8,green,credit card,Washington Heights South,Jamaica,Manhattan,Queens
2019-03-04 17:56:34,2019-03-04 18:11:49,1,1.99,11.6,0.01,0.15,18.13,green,cash,Claremont/Bathgate,Bensonhurst West,Bronx,Brooklyn
2019-03-31 05:37:31,2019-03-31 05:52:39,1,0.33,16.8,5.22,3.23,24.38,green,cash,LaGuardia Airport,Midtown North,Queens,Manhattan
2019-03-21 04:16:31,2019-03-21 04:29:08,2,2.12,7.2,0.18,0.32,24.18,green,cash,Boerum Hill,East Flatbush/Remsen Village,Brooklyn,Brooklyn
2019-03-27 12:14:02,2019-03-27 12:30:23,1,0.55,6.76,0.02,0.04,9.3,green,credit card,Meatpacking/West Village West,Gowanus,Manhattan,Brooklyn
2019-03-23 21:59:19,2019-03-23 22:12:43,1,0.67,3.1,2.56,0.08,23.22,green,credit card,Times Sq/Theatre District,Downtown Brooklyn/MetroTech,Manhattan,Brooklyn
2019-03-25 16:50:51,2019-03-25 17:06:03,4,0.92,6.12,2.2,0.8,14.28,green,cash,Lenox Hill West,Steinway,Manhattan,Queens
2019-03-28 03:25:53,2019-03-28 03:40:22,1,1.36,16.0,2.25,0.06,27.46,green,credit card,Penn Station/Madison Sq West,Woodhaven,Manhattan,Queens
2019-03-09 14:13:59,2019-03-09 14:30:06,1,1.41,8.2,4.05,0.17,10.58,green,credit card,Midtown East,Inwood Hill Park,Manhattan,Manhattan
2019-03-05 15:32:04,2019-03-05 15:47:03,2,1.17,11.51,0.03,0.12,27.1,green,cash,Williamsburg (North Side),East Tremont,Brooklyn,Bronx
2019-03-08 03:38:10,2019-03-08 03:52:02,1,5.5,12.32,0.76,0.07,13.3,green,cash,East Village,Maspeth,Manhattan,Queens
2019-03-29 14:17:48,2019-03-29 14:32:19,1,2.08,12.95,3.45,0.25,22.8,green,cash,Midtown South,Hillcrest/Pomonok,Manhattan,Queens
2019-03-21 16:48:53,2019-03-21 17:03:39,1,10.63,11.0,1.31,0.38,19.2,green,credit card,Times Sq/Theatre District,Highbridge,Manhattan,Bronx
2019-03-07 05:23:20,2019-03-07 05:36:58,3,1.21,4.3,0.05,0.35,6.78,green,cash,Flatiron,Claremont/Bathgate,Manhattan,Bronx
2019-03-11 09:42:33,2019-03-11 09:56:08,1,0.78,10.99,4.9,0.86,22.9,green,cash,Forest Hills,Bensonhurst East,Queens,Brooklyn
2019-03-31 11:30:56,2019-03-31 11:46:51,2,2.86,18.52,2.51,0.29,66.2,green,credit card,Williamsburg (South Side),Elmhurst,Brooklyn,Queens
2019-03-01 23:12:16,2019-03-01 23:24:16,1,0.86,35.36,6.53,1.01,62.4,green,credit card,Jackson Heights,Flatiron,Queens,Manhattan
2019-02-28 14:18:49,2019-02-28 14:32:15,1,3.37,9.8,0.65,0.06,25.13,green,credit card,Fort Greene,Penn Station/Madison Sq West,Brooklyn,Manhattan
2019-03-13 14:06:10,2019-03-13 14:20:28,1,3.23,13.5,1.59,2.86,45.62,green,cash,JFK Airport,Sutton Place/Turtle Bay North,Queens,Manhattan
2019-02-28 13:29:34,2019-02-28 13:43:32,1,7.22,11.11,1.36,0.15,17.0,green,cash,Boerum Hill,Hudson Sq,Brooklyn,Manhattan
2019-03-06 04:46:48,2019-03-06 04:59:44,1,0.23,9.9,0.08,0.02,27.6,green,credit card,Upper East Side South,Queensbridge/Ravenswood,Manhattan,Queens
2019-03-02 14:50:17,2019-03-02 15:04:56,1,3.83,9.07,0.16,0.25,12.8,green,credit card,Midtown North,Bedford,Manhattan,Brooklyn
2019-03-15 13:00:31,2019-03-15 13:15:25,1,2.76,12.97,3.63,0.04,13.0,green,cash,Yorkville West,Gowanus,Manhattan,Brooklyn
2019-03-28 04:08:41,2019-03-28 04:24:07,1,2.59,16.7,0.04,0.14,26.51,green,credit card,Union Sq,East New York,Manhattan,Brooklyn
2019-03-11 12:24:39,2019-03-11 12:39:07,1,0.9,8.4,1.17,0.03,9.6,green,credit card,East Harlem South,Downtown Brooklyn/MetroTech,Manhattan,Brooklyn
2019-03-28 17:40:18,2019-03-28 17:55:56,2,1.54,9.9,1.21,0.04,20.82,green,credit card,Fort Greene,Williamsburg (South Side),Brooklyn,Brooklyn
2019-03-10 17:07:57,2019-03-10 17:20:56,1,2.23,6.7,4.88,0.15,11.9,green,cash,Midtown East,West Brighton,Manhattan,Staten Island
2019-03-21 07:25:52,2019-03-21 07:42:13,1,3.8,4.1,1.43,0.01,12.23,green,cash,Upper East Side South,Midtown East,Manhattan,Manhattan
2019-03-05 15:54:15,2019-03-05 16:06:56,1,2.6,6.46,0.39,0.06,7.9,green,credit card,Yorkville West,Flatlands,Manhattan,Brooklyn
2019-03-18 16:03:36,2019-03-18 16:19:09,1,0.32,5.4,0.04,0.02,11.5,green,cash,Penn Station/Madison Sq West,Steinway,Manhattan,Queens
2019-03-11 12:57:33,2019-03-11 13:13:11,1,0.15,10.79,9.1,0.06,31.94,green,cash,Murray Hill,Jamaica,Manhattan,Queens
2019-03-02 10:51:32,2019-03-02 11:05:16,2,3.15,4.8,2.64,0.02,16.42,green,credit card,TriBeCa/Civic Center,Roosevelt Island,Manhattan,Manhattan
2019-03-22 16:59:25,2019-03-22 17:15:56,2,2.64,11.9,2.89,2.09,16.1,green,credit card,Forest Hills,Jamaica,Queens,Queens
2019-03-13 18:19:57,2019-03-13 18:32:03,1,1.82,22.7,2.29,0.17,32.31,green,cash,World Trade Center,Crown Heights North,Manhattan,Brooklyn
2019-03-01 13:34:41,2019-03-01 13:51:23,1,1.9,8.29,0.86,0.08,14.0,green,cash,Midtown East,Rego Park,Manhattan,Queens
2019-03-12 00:26:15,2019-03-12 00:40:25,1,1.64,6.3,0.02,0.78,11.56,green,cash,Dyker Heights,Howard Beach,Brooklyn,Queens
2019-03-22 15:43:34,2019-03-22 15:58:00,1,0.61,13.0,0.18,0.24,14.73,green,credit card,Union Sq,Lenox Hill East,Manhattan,Manhattan
2019-03-27 03:45:25,2019-03-27 03:59:14,2,3.46,17.0,0.33,0.12,17.52,green,credit card,Midwood,Hillcrest/Pomonok,Brooklyn,Queens
2019-03-24 13:25:47,2019-03-24 13:41:02,1,5.99,6.17,0.63,0.5,11.4,green,cash,Williamsburg (North Side),World Trade Center,Brooklyn,Manhattan
2019-03-27 13:29:26,2019-03-27 13:43:35,1,3.62,4.9,0.04,0.81,15.8,green,credit card,Mount Hope,Van Nest/Morris Park,Bronx,Bronx
2019-03-15 10:44:55,2019-03-15 10:57:21,1,0.58,10.52,1.28,0.34,15.6,green,credit card,Murray Hill,Van Nest/Morris Park,Manhattan,Bronx
2019-03-14 19:02:15,2019-03-14 19:18:39,2,3.3,7.31,4.5,0.04,11.99,green,credit card,Garment District,Oakland Gardens,Manhattan,Queens
2019-03-12 22:30:53,2019-03-12 22:47:14,1,4.54,14.4,0.16,0.17,61.84,green,cash,LaGuardia Airport,Eastchester,Queens,Bronx
2019-03-22 20:22:04,2019-03-22 20:37:34,1,4.07,7.43,4.31,0.05,12.6,green,cash,SoHo,Glendale,Manhattan,Queens
2019-03-12 20:35:22,2019-03-12 20:50:11,1,0.37,3.28,2.8,0.11,21.52,green,credit card,Clinton West,Brooklyn Navy Yard,Manhattan,Brooklyn
2019-03-28 12:55:02,2019-03-28 13:10:14,2,15.52,4.91,4.15,1.61,15.1,green,cash,Astoria,Long Island City/Hunters Point,Queens,Queens
2019-03-30 23:31:57,2019-03-30 23:47:28,1,0.48,13.83,2.3,0.0,16.4,green,cash,Midtown South,Greenwich Village North,Manhattan,Manhattan
2019-03-09 09:49:22,2019-03-09 10:05:40,1,1.96,12.8,3.16,0.17,27.28,green,credit card,Lenox Hill East,Bath Beach,Manhattan,Brooklyn
2019-03-13 11:42:02,2019-03-13 11:57:34,1,4.93,9.0,1.71,0.42,21.48,green,credit card,Central Park,Stuy Town/Peter Cooper Village,Manhattan,Manhattan
2019-03-22 17:57:51,2019-03-22 18:11:44,1,2.23,6.4,0.83,0.23,10.37,green,credit card,Midtown North,Soundview/Castle Hill,Manhattan,Bronx
2019-03-07 23:56:31,2019-03-08 00:11:14,1,3.13,9.93,0.0,0.1,10.1,green,cash,Yorkville West,University Heights/Morris Heights,Manhattan,Bronx
2019-03-22 08:32:06,2019-03-22 08:49:37,1,0.87,8.29,1.38,0.13,11.3,green,cash,Upper West Side North,Prospect-Lefferts Gardens,Manhattan,Brooklyn
2019-03-18 12:41:59,2019-03-18 12:56:47,2,13.74,27.8,0.65,0.39,40.12,green,credit card,Long Island City/Hunters Point,Lincoln Square West,Queens,Manhattan
2019-03-17 21:18:24,2019-03-17 21:31:35,2,8.32,20.97,2.87,0.48,39.6,green,credit card,LaGuardia Airport,Clinton East,Queens,Manhattan
2019-03-22 06:22:28,2019-03-22 06:36:07,1,0.26,11.67,0.47,0.12,13.2,green,cash,Sutton Place/Turtle Bay North,Greenpoint,Manhattan,Brooklyn
2019-03-12 19:17:59,2019-03-12 19:30:51,1,2.33,4.9,3.26,0.34,7.1,green,credit card,Sutton Place/Turtle Bay North,Hamilton Heights,Manhattan,Manhattan
2019-02-28 17:33:33,2019-02-28 17:47:25,1,0.54,2.9,2.57,0.03,17.54,green,credit card,Midtown North,Forest Hills,Manhattan,Queens
2019-03-15 15:00:17,2019-03-15 15:14:10,1,0.04,6.9,0.36,0.06,8.82,green,cash,Central Harlem North,East New York,Manhattan,Brooklyn
2019-03-24 12:04:48,2019-03-24 12:20:42,2,4.38,13.4,0.52,0.01,29.02,green,cash,Central Harlem North,Stuyvesant Heights,Manhattan,Brooklyn
2019-03-24 19:09:07,2019-03-24 19:21:19,1,1.56,6.2,0.42,0.22,16.73,green,cash,Yorkville East,World Trade Center,Manhattan,Manhattan
2019-03-23 22:19:05,2019-03-23 22:34:02,1,1.92,9.59,0.93,0.01,12.8,green,credit card,Clinton East,Eastchester,Manhattan,Bronx
2019-03-17 18:41:51,2019-03-17 18:54:46,1,0.09,5.1,1.71,0.26,11.53,green,cash,Kips Bay,Bedford Park,Manhattan,Bronx
2019-03-07 04:01:21,2019-03-07 04:17:25,2,6.38,6.2,1.51,0.13,12.75,green,cash,Penn Station/Madison Sq West,East Harlem South,Manhattan,Manhattan
2019-03-19 03:52:30,2019-03-19 04:05:56,1,0.78,4.02,0.37,0.01,7.8,green,credit card,Union Sq,Westchester Village/Unionport,Manhattan,Bronx
2019-03-29 19:32:38,2019-03-29 19:49:14,1,0.87,4.43,4.1,0.08,11.73,green,credit card,Midtown Center,Bushwick South,Manhattan,Brooklyn
2019-03-08 06:14:33,2019-03-08 06:28:24,1,3.67,18.49,3.84,0.87,39.5,green,cash,Springfield Gardens North,Gravesend,Queens,Brooklyn
2019-03-20 01:16:37,2019-03-20 01:31:01,2,4.22,11.7,0.13,0.09,12.92,green,cash,World Trade Center,Brooklyn Heights,Manhattan,Brooklyn
2019-03-09 12:50:35,2019-03-09 13:03:51,1,1.73,9.97,1.78,0.01,12.4,green,cash,Times Sq/Theatre District,UN/Turtle Bay South,Manhattan,Manhattan
2019-03-01 16:10:40,2019-03-01 16:25:23,1,5.58,29.72,0.01,0.99,65.3,green,credit card,Crotona Park East,Midwood,Bronx,Brooklyn
2019-03-01 17:29:56,2019-03-01 17:43:29,1,0.15,9.1,0.81,0.0,22.31,green,credit card,Sutton Place/Turtle Bay North,Steinway,Manhattan,Queens
2019-03-31 04:07:30,2019-03-31 04:19:55,2,0.41,4.1,2.4,0.29,18.17,green,cash,Central Park,Bay Ridge,Manhattan,Brooklyn
2019-03-09 00:26:51,2019-03-09 00:42:05,1,1.38,20.78,0.54,0.04,39.0,green,credit card,Greenwich Village South,Kips Bay,Manhattan,Manhattan
2019-03-06 04:15:04,2019-03-06 04:28:40,1,0.7,9.1,0.05,0.24,10.09,green,credit card,Central Harlem North,Belmont,Manhattan,Bronx
2019-03-26 14:55:02,2019-03-26 15:09:31,2,1.94,4.03,2.29,0.03,9.3,green,cash,Midtown Center,Windsor Terrace,Manhattan,Brooklyn
2019-03-12 04:00:40,2019-03-12 04:15:29,1,0.23,11.0,0.09,0.1,12.14,green,cash,Lincoln Square West,Yorkville West,Manhattan,Manhattan
2019-03-07 19:26:15,2019-03-07 19:39:31,2,4.53,8.26,1.31,0.18,9.2,green,cash,Fort Greene,East Village,Brooklyn,Manhattan
2019-03-16 11:55:26,2019-03-16 12:07:13,1,1.29,13.1,0.27,0.2,15.31,green,credit card,Penn Station/Madison Sq West,South Ozone Park,Manhattan,Queens
2019-03-05 12:54:17,2019-03-05 13:08:28,1,5.81,12.1,0.1,0.05,13.6,green,cash,West Village,UN/Turtle Bay South,Manhattan,Manhattan
2019-03-15 03:07:26,2019-03-15 03:21:04,1,0.06,15.7,0.88,0.08,17.72,green,cash,Midtown South,Briarwood/Jamaica Hills,Manhattan,Queens
2019-03-04 16:11:06,2019-03-04 16:26:09,1,0.76,9.97,2.48,0.15,11.6,green,credit card,Lower East Side,Kew Gardens Hills,Manhattan,Queens
2019-03-25 14:07:04,2019-03-25 14:20:35,2,0.53,3.4,2.07,0.14,12.09,green,credit card,Midtown East,Bensonhurst East,Manhattan,Brooklyn
2019-03-10 02:08:51,2019-03-10 02:19:10,1,1.01,10.3,1.03,0.01,23.14,green,credit card,Midtown East,Midtown Center,Manhattan,Manhattan
2019-03-23 00:16:55,2019-03-23 00:33:01,1,1.07,18.78,1.47,0.51,25.2,green,cash,Murray Hill,Sheepshead Bay,Manhattan,Brooklyn
2019-03-06 02:08:08,2019-03-06 02:23:32,1,5.04,13.7,4.23,0.35,15.42,green,cash,Upper East Side North,Howard Beach,Manhattan,Queens
2019-03-08 14:45:31,2019-03-08 15:01:09,1,3.99,4.4,3.7,0.17,14.87,green,credit card,Upper East Side South,Oakland Gardens,Manhattan,Queens
2019-03-30 14:02:07,2019-03-30 14:16:57,1,3.9,13.64,1.62,0.42,30.0,green,credit card,Bushwick North,Union Sq,Brooklyn,Manhattan
2019-03-03 01:05:28,2019-03-03 01:20:33,3,0.72,8.9,1.12,0.04,20.17,green,cash,Midtown North,Bloomingdale,Manhattan,Manhattan
2019-03-17 05:58:01,2019-03-17 06:11:15,2,8.22,14.0,3.29,0.23,24.03,green,credit card,Upper East Side South,DUMBO/Vinegar Hill,Manhattan,Brooklyn
2019-03-28 10:33:57,2019-03-28 10:49:20,1,3.28,8.97,3.24,0.08,14.7,green,credit card,Bloomingdale,Battery Park City,Manhattan,Manhattan
2019-03-02 19:21:12,2019-03-02 19:36:17,1,3.17,14.1,3.66,0.09,24.75,green,cash,Lincoln Square East,Fort Greene,Manhattan,Brooklyn
2019-03-27 14:31:48,2019-03-27 14:45:11,1,2.71,10.5,0.42,0.14,13.11,green,cash,Lenox Hill East,Fresh Meadows,Manhattan,Queens
2019-02-28 07:22:26,2019-02-28 07:37:09,1,1.88,14.9,0.75,0.06,24.11,green,cash,Midtown South,Brighton Beach,Manhattan,Brooklyn
2019-03-25 01:11:52,2019-03-25 01:25:10,1,2.87,13.0,0.14,0.36,16.32,green,credit card,Clinton East,UN/Turtle Bay South,Manhattan,Manhattan
2019-03-02 06:23:03,2019-03-02 06:37:05,1,0.31,6.3,2.57,0.16,19.95,green,cash,Penn Station/Madison Sq West,Midtown North,Manhattan,Manhattan
2019-03-28 17:43:59,2019-03-28 17:57:15,1,1.56,12.71,6.0,0.25,14.4,green,cash,UN/Turtle Bay South,Washington Heights South,Manhattan,Manhattan
2019-03-09 22:05:49,2019-03-09 22:19:25,1,7.18,12.49,0.76,0.36,26.0,green,credit card,TriBeCa/Civic Center,Spuyten Duyvil/Kingsbridge,Manhattan,Bronx
2019-03-27 11:42:25,2019-03-27 11:56:37,1,0.6,11.2,0.74,0.11,17.04,green,credit card,TriBeCa/Civic Center,Gramercy,Manhattan,Manhattan
2019-03-31 15:09:32,2019-03-31 15:25:15,4,5.74,5.7,0.74,0.0,15.08,green,cash,Times Sq/Theatre District,Crotona Park East,Manhattan,Bronx
2019-03-12 19:07:30,2019-03-12 19:20:34,1,1.65,10.1,1.45,0.12,12.67,green,cash,Lincoln Square West,Gravesend,Manhattan,Brooklyn
2019-03-14 11:22:57,2019-03-14 11:39:02,1,0.89,7.0,1.09,0.0,31.7,green,cash,Yorkville West,Upper East Side North,Manhattan,Manhattan
2019-03-05 04:36:36,2019-03-05 04:52:34,1,1.55,5.7,1.02,0.04,11.85,green,credit card,Lincoln Square East,East New York,Manhattan,Brooklyn
2019-03-26 00:39:11,2019-03-26 00:54:24,1,0.22,10.2,4.72,0.12,30.46,green,credit card,Gramercy,JFK Airport,Manhattan,Queens
2019-03-25 07:21:16,2019-03-25 07:35:15,1,0.68,8.6,2.21,0.17,18.47,green,cash,Midtown Center,Woodlawn/Wakefield,Manhattan,Bronx
2019-03-02 17:54:00,2019-03-02 18:09:05,0,0.37,12.04,0.03,0.11,17.9,green,credit card,Sheepshead Bay,Hamilton Heights,Brooklyn,Manhattan
2019-03-29 02:34:30,2019-03-29 02:47:19,3,0.26,4.5,0.86,0.01,14.21,green,credit card,Lincoln Square East,Kips Bay,Manhattan,Manhattan
2019-03-13 15:43:12,2019-03-13 15:54:59,1,0.16,4.4,1.89,0.11,8.98,green,credit card,Midtown North,Gravesend,Manhattan,Brooklyn
2019-02-28 10:41:21,2019-02-28 10:55:36,1,12.79,8.9,0.04,0.04,11.81,green,cash,Brooklyn Heights,Flushing Meadows-Corona Park,Brooklyn,Queens
2019-03-28 12:13:41,2019-03-28 12:26:12,1,1.18,6.4,0.16,0.23,7.49,green,cash,Penn Station/Madison Sq West,Starrett City,Manhattan,Brooklyn
2019-03-26 15:37:41,2019-03-26 15:52:45,1,1.92,8.32,1.45,0.03,11.3,green,credit card,Hudson Sq,Cambria Heights,Manhattan,Queens
2019-03-26 21:20:04,2019-03-26 21:34:17,1,9.99,20.23,0.73,0.96,58.3,green,cash,LaGuardia Airport,Brighton Beach,Queens,Brooklyn
2019-03-22 13:49:18,2019-03-22 14:04:19,1,2.36,13.28,1.09,0.01,13.4,green,cash,Garment District,Flatbush/Ditmas Park,Manhattan,Brooklyn
2019-03-15 18:16:57,2019-03-15 18:31:48,2,3.32,7.6,3.53,0.27,17.89,green,credit card,Upper West Side North,Clinton West,Manhattan,Manhattan
2019-03-14 16:11:02,2019-03-14 16:24:41,1,8.43,24.0,7.2,2.61,27.88,green,credit card,Springfield Gardens North,Sunset Park West,Queens,Brooklyn
2019-03-16 11:48:05,2019-03-16 12:03:28,1,2.55,15.23,2.26,0.12,16.8,green,credit card,Midtown Center,Auburndale,Manhattan,Queens
2019-03-10 13:53:52,2019-03-10 14:07:44,2,6.73,14.9,0.03,0.3,22.3,green,cash,Spuyten Duyvil/Kingsbridge,East Harlem South,Bronx,Manhattan
2019-03-14 23:46:43,2019-03-15 00:00:16,1,0.63,8.9,0.77,0.02,30.62,green,cash,Lenox Hill East,Morrisania/Melrose,Manhattan,Bronx
2019-03-10 18:18:52,2019-03-10 18:32:04,1,3.58,7.63,5.91,0.03,10.8,green,credit card,SoHo,Hunts Point,Manhattan,Bronx
2019-03-21 15:26:10,2019-03-21 15:41:41,2,8.2,15.35,1.54,0.18,16.1,green,credit card,Times Sq/Theatre District,Ocean Hill,Manhattan,Brooklyn
2019-03-25 15:58:13,2019-03-25 16:11:58,1,0.37,11.6,3.64,0.07,20.76,green,cash,Midtown North,Ozone Park,Manhattan,Queens
2019-03-12 04:17:34,2019-03-12 04:32:23,6,0.89,3.9,1.2,0.01,22.37,green,credit card,Upper West Side South,Central Harlem,Manhattan,Manhattan
2019-03-17 01:26:29,2019-03-17 01:38:53,1,0.31,2.91,2.71,0.57,18.1,green,credit card,LaGuardia Airport,Hamilton Heights,Queens,Manhattan
2019-03-05 13:25:35,2019-03-05 13:39:32,1,0.8,9.6,0.85,0.46,12.3,green,cash,Penn Station/Madison Sq West,Ocean Hill,Manhattan,Brooklyn
2019-03-17 18:35:58,2019-03-17 18:50:37,3,2.0,23.3,2.23,1.91,46.4,green,cash,LaGuardia Airport,North Corona,Queens,Queens
2019-03-24 10:48:17,2019-03-24 11:01:32,1,1.75,10.24,2.7,0.09,10.4,green,cash,SoHo,Fort Greene,Manhattan,Brooklyn
2019-03-20 09:39:16,2019-03-20 09:54:50,5,0.3,15.44,0.14,0.25,30.1,green,credit card,Midtown South,Brownsville,Manhattan,Brooklyn
2019-03-10 06:10:18,2019-03-10 06:24:06,1,3.28,10.5,6.85,8.16,45.69,green,cash,LaGuardia Airport,Upper East Side South,Queens,Manhattan
2019-03-03 04:36:42,2019-03-03 04:51:48,1,7.86,9.2,1.81,0.24,13.98,green,cash,Times Sq/Theatre District,Randalls Island,Manhattan,Manhattan
2019-02-28 22:46:21,2019-02-28 23:01:20,1,16.08,21.78,3.52,1.46,26.3,green,credit card,LaGuardia Airport,Upper East Side South,Queens,Manhattan
2019-03-13 20:53:42,2019-03-13 21:07:18,2,0.23,6.57,0.7,0.13,8.5,green,credit card,Gramercy,Van Cortlandt Village,Manhattan,Bronx
2019-03-14 16:22:24,2019-03-14 16:36:23,3,0.65,7.3,4.69,0.16,21.98,green,cash,Penn Station/Madison Sq West,Baisley Park,Manhattan,Queens
2019-03-19 01:58:54,2019-03-19 02:10:46,6,2.43,8.81,10.24,0.04,13.4,green,cash,Clinton East,Prospect Heights,Manhattan,Brooklyn
2019-03-11 12:20:41,2019-03-11 12:35:18,2,1.41,5.86,3.02,0.02,16.1,green,cash,Midtown East,Crown Heights North,Manhattan,Brooklyn
2019-03-02 10:59:15,2019-03-02 11:14:18,4,2.4,7.56,3.98,0.0,36.0,green,credit card,UN/Turtle Bay South,Kew Gardens Hills,Manhattan,Queens
2019-03-14 19:23:21,2019-03-14 19:36:33,2,8.76,12.6,1.22,0.2,21.6,green,credit card,Midtown Center,Crown Heights North,Manhattan,Brooklyn
2019-03-01 10:54:19,2019-03-01 11:07:46,1,1.84,10.12,3.09,0.28,10.8,green,cash,West Village,Upper East Side South,Manhattan,Manhattan
2019-03-16 08:51:57,2019-03-16 09:06:16,1,0.52,4.0,0.96,0.03,8.85,green,credit card,Greenwich Village North,Flatbush/Ditmas Park,Manhattan,Brooklyn
2019-03-04 16:05:11,2019-03-04 16:16:30,2,2.92,8.2,4.58,0.01,10.88,green,credit card,Washington Heights North,UN/Turtle Bay South,Manhattan,Manhattan
2019-03-05 05:57:15,2019-03-05 06:09:41,2,0.18,10.3,1.95,0.06,14.23,green,cash,Little Italy/NoLiTa,Woodhaven,Manhattan,Queens
2019-03-23 09:16:53,2019-03-23 09:32:23,2,9.1,12.33,5.1,0.13,14.32,green,cash,Woodside,DUMBO/Vinegar Hill,Queens,Brooklyn
2019-03-09 10:52:02,2019-03-09 11:04:06,2,2.01,8.3,2.8,0.04,15.59,green,cash,East Chelsea,Times Sq/Theatre District,Manhattan,Manhattan
2019-03-27 07:52:09,2019-03-27 08:04:30,1,2.58,6.04,0.93,0.03,10.7,green,credit card,Kips Bay,Woodside,Manhattan,Queens
2019-03-27 09:04:49,2019-03-27 09:19:33,2,1.25,4.5,1.16,0.02,24.65,green,cash,Two Bridges/Seward Park,Cypress Hills,Manhattan,Brooklyn
2019-03-19 20:31:13,2019-03-19 20:46:15,1,8.14,5.0,0.66,0.24,14.3,green,cash,East Harlem North,World Trade Center,Manhattan,Manhattan
2019-03-17 15:03:31,2019-03-17 15:19:39,1,0.28,15.3,3.28,0.12,16.91,green,credit card,Yorkville East,Two Bridges/Seward Park,Manhattan,Manhattan
2019-03-19 19:36:13,2019-03-19 19:50:29,1,2.81,5.9,4.0,0.24,15.34,green,credit card,Midtown South,Stuy Town/Peter Cooper Village,Manhattan,Manhattan
2019-03-28 00:27:51,2019-03-28 00:38:33,1,7.13,11.85,0.87,0.41,29.7,green,credit card,Cobble Hill,Two Bridges/Seward Park,Brooklyn,Manhattan
2019-03-06 06:16:45,2019-03-06 06:32:31,1,2.25,11.7,1.73,0.07,42.27,green,cash,Union Sq,Inwood,Manhattan,Manhattan
2019-03-25 08:11:11,2019-03-25 08:27:25,1,0.21,5.7,0.93,0.06,16.33,green,cash,East Village,Yorkville West,Manhattan,Manhattan
2019-03-12 22:37:44,2019-03-12 22:52:37,1,3.25,10.2,1.89,0.04,14.31,green,credit card,Upper East Side South,Hudson Sq,Manhattan,Manhattan
2019-03-31 04:52:39,2019-03-31 05:07:41,2,1.76,10.33,9.1,0.07,25.1,green,credit card,Murray Hill,Richmond Hill,Manhattan,Queens
2019-03-17 23:41:13,2019-03-17 23:54:50,2,2.45,17.2,0.41,0.1,17.77,green,cash,East Harlem North,Astoria,Manhattan,Queens
2019-03-05 13:45:58,2019-03-05 13:59:07,2,9.19,13.3,3.27,0.23,18.34,green,credit card,Midtown Center,Bedford,Manhattan,Brooklyn
2019-03-04 04:15:40,2019-03-04 04:27:38,1,7.57,8.6,1.12,0.01,11.35,green,credit card,Erasmus,World Trade Center,Brooklyn,Manhattan
2019-03-19 22:58:49,2019-03-19 23:14:12,1,3.18,10.05,0.81,0.01,10.3,green,credit card,Midtown Center,Clinton Hill,Manhattan,Brooklyn
2019-03-14 23:11:26,2019-03-14 23:26:47,1,0.57,3.1,0.73,0.0,9.95,green,cash,East Harlem South,Washington Heights South,Manhattan,Manhattan
2019-03-31 19:48:28,2019-03-31 20:04:50,1,1.25,4.4,0.44,0.15,17.02,green,cash,Greenwich Village South,Claremont/Bathgate,Manhattan,Bronx
2019-03-22 07:23:00,2019-03-22 07:35:44,1,32.47,16.2,3.69,4.45,42.1,green,credit card,JFK Airport,Meatpacking/West Village West,Queens,Manhattan
2019-03-24 23:40:33,2019-03-24 23:52:47,1,0.69,4.1,2.0,0.12,30.42,green,cash,West Village,Maspeth,Manhattan,Queens
2019-03-29 06:50:43,2019-03-29 07:02:54,1,5.01,2.09,0.71,0.07,6.9,green,cash,Glendale,Belmont,Queens,Bronx
2019-03-01 07:19:19,2019-03-01 07:36:01,2,3.29,10.3,0.3,0.25,15.66,green,credit card,Midtown East,East Williamsburg,Manhattan,Brooklyn
2019-03-16 11:23:47,2019-03-16 11:38:32,1,2.61,12.6,2.31,0.14,13.79,green,credit card,Yorkville East,Brooklyn Heights,Manhattan,Brooklyn
2019-03-11 23:18:35,2019-03-11 23:34:05,1,7.5,13.9,0.04,0.66,35.56,green,cash,Mount Hope,DUMBO/Vinegar Hill,Bronx,Brooklyn
2019-03-03 01:12:46,2019-03-03 01:26:05,2,4.47,8.13,1.7,0.01,8.7,green,cash,Flatiron,Roosevelt Island,Manhattan,Manhattan
2019-03-25 06:35:49,2019-03-25 06:51:34,2,0.14,7.86,3.85,0.02,18.9,green,cash,Murray Hill,Claremont/Bathgate,Manhattan,Bronx
2019-03-08 03:00:34,2019-03-08 03:14:33,1,2.55,9.0,0.58,0.14,32.44,green,credit card,TriBeCa/Civic Center,Soundview/Castle Hill,Manhattan,Bronx
2019-03-01 02:06:49,2019-03-01 02:20:50,1,1.47,10.3,2.83,0.11,19.62,green,credit card,Penn Station/Madison Sq West,Springfield Gardens South,Manhattan,Queens
2019-03-25 19:08:49,2019-03-25 19:23:19,1,0.39,7.8,1.25,0.17,16.94,green,cash,Yorkville West,Manhattan Valley,Manhattan,Manhattan
2019-03-11 16:58:18,2019-03-11 17:13:16,1,0.3,6.0,2.37,0.11,7.96,green,credit card,Flatiron,Gowanus,Manhattan,Brooklyn
2019-03-07 19:13:35,2019-03-07 19:28:38,1,0.18,2.5,0.2,0.16,22.47,green,credit card,Upper West Side North,Long Island City/Queens Plaza,Manhattan,Queens
2019-03-28 00:49:56,2019-03-28 01:03:26,2,1.14,6.5,3.62,0.38,16.63,green,credit card,Upper West Side South,Clinton East,Manhattan,Manhattan
2019-03-10 07:15:09,2019-03-10 07:29:38,1,7.36,11.2,1.63,0.4,12.01,green,cash,Midtown South,Prospect Park,Manhattan,Brooklyn
2019-03-16 15:23:28,2019-03-16 15:35:57,1,3.33,5.0,0.69,0.15,29.53,green,cash,Upper East Side North,Parkchester,Manhattan,Bronx
2019-03-29 13:12:44,2019-03-29 13:25:39,1,0.81,9.2,0.36,0.25,14.37,green,credit card,Yorkville East,Woodside,Manhattan,Queens
2019-03-03 23:40:58,2019-03-03 23:55:13,3,1.84,9.9,2.82,1.82,18.47,green,cash,Elmhurst,Prospect-Lefferts Gardens,Queens,Brooklyn
2019-03-02 18:56:19,2019-03-02 19:12:27,5,0.25,9.7,2.35,0.16,23.65,green,cash,Meatpacking/West Village West,West Concourse,Manhattan,Bronx
2019-03-01 01:52:52,2019-03-01 02:05:16,2,2.52,12.52,0.34,0.04,31.4,green,credit card,Manhattan Valley,Baisley Park,Manhattan,Queens
2019-03-27 06:26:19,2019-03-27 06:40:08,1,4.26,1.3,1.8,1.55,5.71,green,credit card,Forest Hills,Seaport,Queens,Manhattan
2019-03-24 18:37:19,2019-03-24 18:52:19,1,0.93,11.67,0.92,0.02,13.3,green,credit card,Yorkville East,East New York,Manhattan,Brooklyn
2019-03-13 16:12:36,2019-03-13 16:28:01,1,0.81,5.1,4.82,0.03,22.07,green,cash,Yorkville East,East Elmhurst,Manhattan,Queens
2019-03-13 04:15:06,2019-03-13 04:27:18,1,1.73,10.6,0.28,0.09,11.45,green,cash,Times Sq/Theatre District,Gramercy,Manhattan,Manhattan
2019-03-21 03:36:16,2019-03-21 03:49:36,1,13.67,42.5,0.97,4.67,70.21,green,credit card,JFK Airport,Prospect Heights,Queens,Brooklyn
2019-03-22 09:55:35,2019-03-22 10:11:38,1,0.25,10.29,1.42,0.46,14.2,green,credit card,Morningside Heights,Canarsie,Manhattan,Brooklyn
2019-03-22 23:31:33,2019-03-22 23:48:19,1,6.25,8.5,0.22,0.18,46.21,green,cash,Hamilton Heights,Old Astoria,Manhattan,Queens
2019-03-04 03:27:07,2019-03-04 03:42:14,5,0.26,8.9,1.62,0.46,10.21,green,credit card,Central Harlem,East New York,Manhattan,Brooklyn
2019-03-26 07:27:52,2019-03-26 07:43:58,1,2.94,6.0,1.16,0.07,11.97,green,credit card,East Village,Windsor Terrace,Manhattan,Brooklyn
2019-03-09 00:19:29,2019-03-09 00:32:14,1,0.97,6.2,0.81,0.35,8.85,green,cash,East Village,Times Sq/Theatre District,Manhattan,Manhattan
2019-03-15 01:19:45,2019-03-15 01:36:36,2,1.95,5.2,2.86,0.2,12.52,green,cash,Central Harlem,LaGuardia Airport,Manhattan,Queens
2019-03-30 21:55:51,2019-03-30 22:11:10,1,2.1,18.6,0.37,3.74,40.82,green,cash,LaGuardia Airport,East Concourse/Concourse Village,Queens,Bronx
2019-03-08 02:38:46,2019-03-08 02:52:41,1,6.35,5.3,0.81,0.04,30.93,green,credit card,Lower East Side,Greenwich Village South,Manhattan,Manhattan
2019-03-22 22:23:20,2019-03-22 22:38:06,1,3.38,8.2,1.5,0.12,17.52,green,cash,Lenox Hill East,Park Slope,Manhattan,Brooklyn
2019-03-22 23:53:26,2019-03-23 00:06:52,1,0.49,8.23,2.19,0.0,10.4,green,cash,Midtown South,Washington Heights North,Manhattan,Manhattan
2019-03-15 03:30:51,2019-03-15 03:45:37,1,20.87,8.11,1.66,0.01,34.1,green,credit card,Carroll Gardens,Bushwick North,Brooklyn,Brooklyn
2019-03-17 20:37:37,2019-03-17 20:52:33,1,11.43,7.7,3.14,0.29,35.48,green,credit card,Auburndale,Long Island City/Queens Plaza,Queens,Queens
2019-03-29 09:23:00,2019-03-29 09:38:07,2,0.31,8.7,2.0,0.09,9.74,green,cash,Yorkville West,Battery Park City,Manhattan,Manhattan
2019-03-04 12:37:45,2019-03-04 12:52:15,1,3.03,3.8,0.03,0.33,61.78,green,cash,Williamsbridge/Olinville,Upper East Side North,Bronx,Manhattan
2019-03-30 10:21:36,2019-03-30 10:35:41,2,1.52,8.0,1.56,0.03,12.93,green,cash,Midtown South,Baisley Park,Manhattan,Queens
2019-03-28 10:18:55,2019-03-28 10:35:13,1,1.29,6.4,3.09,0.23,18.85,green,credit card,West Chelsea/Hudson Yards,Bedford,Manhattan,Brooklyn
2019-03-29 20:36:15,2019-03-29 20:48:48,1,8.16,34.64,8.13,0.39,36.3,green,credit card,LaGuardia Airport,Chinatown,Queens,Manhattan
2019-03-10 07:33:26,2019-03-10 07:47:59,1,1.56,7.3,0.39,0.12,23.43,green,cash,Manhattan Valley,Borough Park,Manhattan,Brooklyn
2019-03-24 23:44:18,2019-03-24 23:59:14,1,4.47,4.1,1.75,0.03,25.72,green,credit card,Clinton East,Dyker Heights,Manhattan,Brooklyn
2019-03-06 11:43:57,2019-03-06 11:58:36,1,3.98,9.34,0.74,0.12,25.2,green,credit card,Central Park,Cambria Heights,Manhattan,Queens
2019-03-16 03:44:46,2019-03-16 03:58:11,1,0.83,10.1,3.55,0.06,32.04,green,cash,Midtown East,Corona,Manhattan,Queens
2019-03-12 11:51:25,2019-03-12 12:08:08,2,0.46,7.3,2.57,0.14,17.1,green,cash,East Village,Manhattan Valley,Manhattan,Manhattan
2019-03-31 20:41:48,2019-03-31 20:55:22,1,3.21,13.6,0.63,0.11,15.63,green,cash,Lincoln Square East,UN/Turtle Bay South,Manhattan,Manhattan
2019-03-17 11:35:36,2019-03-17 11:48:53,1,6.84,5.9,8.41,0.23,14.1,green,credit card,Jackson Heights,Meatpacking/West Village West,Queens,Manhattan
2019-03-19 19:12:39,2019-03-19 19:28:19,2,0.41,10.15,0.92,0.23,12.0,green,cash,Greenwich Village North,Woodside,Manhattan,Queens
2019-03-02 21:52:13,2019-03-02 22:05:43,1,5.46,10.2,5.22,0.02,16.68,green,cash,Greenwich Village South,Queens Village,Manhattan,Queens
2019-03-17 03:58:59,2019-03-17 04:15:11,1,11.42,7.77,7.01,0.26,35.9,green,credit card,LaGuardia Airport,Greenpoint,Queens,Brooklyn
2019-03-24 07:18:29,2019-03-24 07:31:41,1,0.04,2.87,1.9,0.11,9.66,green,credit card,Upper East Side North,Marble Hill,Manhattan,Manhattan
2019-03-29 16:42:55,2019-03-29 16:56:41,1,1.32,14.05,2.13,0.1,17.1,green,credit card,Lincoln Square East,Williamsbridge/Olinville,Manhattan,Bronx
2019-03-08 10:46:03,2019-03-08 10:59:10,3,0.74,12.39,0.06,0.08,13.3,green,cash,SoHo,Crown Heights North,Manhattan,Brooklyn
2019-03-22 20:47:18,2019-03-22 21:02:22,1,4.68,4.5,0.71,0.01,18.33,green,cash,Washington Heights South,Soundview/Bruckner,Manhattan,Bronx
2019-03-22 05:34:43,2019-03-22 05:48:32,1,1.21,13.39,0.61,0.23,22.9,green,credit card,Sutton Place/Turtle Bay North,Battery Park,Manhattan,Manhattan
2019-03-30 10:19:49,2019-03-30 10:34:13,1,9.41,16.8,2.9,0.07,26.13,green,credit card,Financial District North,Williamsburg (South Side),Manhattan,Brooklyn
2019-03-22 01:47:52,2019-03-22 02:02:23,1,0.37,6.8,1.27,0.07,9.43,green,cash,Greenwich Village South,Jamaica Estates,Manhattan,Queens
2019-03-20 02:23:46,2019-03-20 02:38:58,1,0.19,13.7,4.36,0.75,21.6,green,credit card,Murray Hill,Gramercy,Manhattan,Manhattan
2019-03-01 22:03:15,2019-03-01 22:19:09,1,1.23,8.7,0.52,0.04,10.87,green,credit card,Union Sq,Borough Park,Manhattan,Brooklyn
2019-03-11 13:03:06,2019-03-11 13:18:28,1,3.87,10.11,0.42,0.06,13.1,green,cash,Upper West Side South,Baisley Park,Manhattan,Queens
2019-03-01 15:35:55,2019-03-01 15:50:24,1,0.07,21.8,1.63,0.28,40.95,green,cash,Forest Hills,Bensonhurst East,Queens,Brooklyn
2019-03-18 06:33:36,2019-03-18 06:47:26,1,13.35,24.6,0.01,2.88,24.62,green,cash,University Heights/Morris Heights,Pelham Parkway,Bronx,Bronx
2019-03-05 14:27:09,2019-03-05 14:39:56,2,2.19,19.79,0.09,0.23,29.6,green,credit card,TriBeCa/Civic Center,University Heights/Morris Heights,Manhattan,Bronx
2019-03-25 08:04:37,2019-03-25 08:19:36,1,2.47,14.6,4.28,0.06,30.05,green,cash,UN/Turtle Bay South,Clinton West,Manhattan,Manhattan
2019-03-20 04:42:21,2019-03-20 05:00:29,1,4.65,5.6,2.11,0.1,30.46,green,cash,Gramercy,Melrose South,Manhattan,Bronx
2019-03-21 15:00:45,2019-03-21 15:16:32,1,0.09,8.8,1.32,0.03,12.41,green,credit card,Erasmus,Jamaica,Brooklyn,Queens
2019-03-27 23:08:33,2019-03-27 23:19:51,1,1.08,10.0,1.92,0.04,18.7,green,credit card,Midtown North,Washington Heights South,Manhattan,Manhattan
2019-03-02 15:51:50,2019-03-02 16:08:59,1,4.13,7.2,1.84,0.35,31.5,green,cash,Elmhurst,South Jamaica,Queens,Queens
2019-03-28 12:25:02,2019-03-28 12:38:47,1,2.3,3.7,1.06,0.08,15.11,green,cash,Central Park,Park Slope,Manhattan,Brooklyn
2019-03-28 20:26:57,2019-03-28 20:41:14,0,1.43,6.3,0.43,0.03,16.63,green,cash,Lincoln Square West,Inwood Hill Park,Manhattan,Manhattan
2019-03-04 00:33:51,2019-03-04 00:46:23,2,5.77,9.3,0.52,0.23,11.24,green,credit card,Fort Greene,Greenpoint,Brooklyn,Brooklyn
2019-03-17 10:42:18,2019-03-17 10:55:08,1,1.46,4.3,0.49,0.09,15.63,green,credit card,Yorkville West,Hudson Sq,Manhattan,Manhattan
2019-03-19 22:48:46,2019-03-19 23:01:15,1,0.53,9.32,0.17,0.04,12.2,green,cash,East Harlem North,Williamsburg (North Side),Manhattan,Brooklyn
2019-03-23 02:10:40,2019-03-23 02:26:14,1,0.81,9.5,0.13,0.61,13.37,green,credit card,Fort Greene,Two Bridges/Seward Park,Brooklyn,Manhattan
2019-03-13 19:31:05,2019-03-13 19:46:03,1,4.71,5.7,0.74,0.1,6.88,green,credit card,Upper East Side South,Bronxdale,Manhattan,Bronx
2019-03-27 19:46:33,2019-03-27 20:01:32,1,0.88,6.71,0.98,0.11,55.5,green,credit card,LaGuardia Airport,Dyker Heights,Queens,Brooklyn
2019-03-14 16:54:04,2019-03-14 17:10:05,4,3.59,9.23,0.14,0.21,36.1,green,cash,Williamsburg (South Side),Financial District North,Brooklyn,Manhattan
2019-03-06 05:38:58,2019-03-06 05:51:40,2,7.7,8.8,0.55,0.04,19.93,green,cash,Clinton East,Yorkville West,Manhattan,Manhattan
2019-03-21 10:46:13,2019-03-21 11:00:12,1,5.13,5.0,0.18,0.05,15.45,green,credit card,Financial District North,West Concourse,Manhattan,Bronx
2019-03-09 01:09:59,2019-03-09 01:24:16,5,7.49,22.4,1.46,0.92,26.82,green,cash,Forest Hills,Highbridge,Queens,Bronx
2019-03-26 23:40:31,2019-03-26 23:55:43,1,1.01,13.07,0.39,0.3,17.6,green,cash,Upper East Side South,Kips Bay,Manhattan,Manhattan
2019-03-05 17:38:17,2019-03-05 17:50:58,1,1.04,18.7,4.82,0.13,35.19,green,credit card,Financial District North,Flatbush/Ditmas Park,Manhattan,Brooklyn
2019-03-21 02:51:50,2019-03-21 03:06:07,1,2.39,7.0,3.89,0.04,17.78,green,credit card,Clinton East,World Trade Center,Manhattan,Manhattan
2019-03-07 09:59:24,2019-03-07 10:13:45,1,2.0,5.6,1.2,0.0,44.65,green,credit card,Lower East Side,Hudson Sq,Manhattan,Manhattan
2019-03-24 05:27:07,2019-03-24 05:41:53,3,0.98,9.2,4.0,0.43,16.3,green,cash,Times Sq/Theatre District,Bloomingdale,Manhattan,Manhattan
2019-02-28 12:35:27,2019-02-28 12:50:20,1,7.26,5.5,1.28,1.07,26.27,green,cash,JFK Airport,Midtown South,Queens,Manhattan
2019-03-29 20:10:47,2019-03-29 20:23:56,1,0.01,11.47,2.28,0.27,13.5,green,credit card,Upper East Side South,Rosedale,Manhattan,Queens
2019-03-07 01:57:47,2019-03-07 02:11:15,3,0.91,9.8,1.71,0.01,11.99,green,credit card,Lincoln Square West,Park Slope,Manhattan,Brooklyn
2019-03-23 23:09:57,2019-03-23 23:25:52,2,6.97,8.32,1.86,0.06,20.5,green,cash,Yorkville East,Queensboro Hill,Manhattan,Queens
2019-02-28 08:10:25,2019-02-28 08:26:17,1,9.84,21.1,4.3,3.82,43.71,green,credit card,Steinway,Stuy Town/Peter Cooper Village,Queens,Manhattan
2019-03-27 08:08:08,2019-03-27 08:20:10,1,2.29,9.85,0.54,0.09,13.6,green,credit card,Financial District South,UN/Turtle Bay South,Manhattan,Manhattan
2019-03-16 05:48:34,2019-03-16 06:01:30,1,0.13,9.7,0.05,0.39,18.03,green,credit card,West Chelsea/Hudson Yards,Steinway,Manhattan,Queens
2019-03-08 15:49:37,2019-03-08 16:05:28,0,13.43,35.9,5.38,1.15,66.91,green,cash,Long Island City/Hunters Point,Riverdale/North Riverdale/Fieldston,Queens,Bronx
2019-03-02 16:31:56,2019-03-02 16:44:11,1,2.06,5.01,0.83,0.13,11.5,green,cash,Midtown South,Midtown South,Manhattan,Manhattan
2019-03-27 09:33:18,2019-03-27 09:48:53,1,0.9,13.4,0.85,0.1,13.55,green,credit card,Midtown East,Penn Station/Madison Sq West,Manhattan,Manhattan
2019-03-17 14:40:52,2019-03-17 14:53:56,6,2.48,3.5,0.2,0.02,20.86,green,cash,Clinton East,Midtown North,Manhattan,Manhattan
2019-03-16 02:02:19,2019-03-16 02:13:07,1,1.08,4.7,0.28,0.4,8.01,green,cash,TriBeCa/Civic Center,Madison,Manhattan,Brooklyn
2019-03-25 16:19:10,2019-03-25 16:34:32,1,0.89,12.46,2.95,0.09,22.2,green,credit card,Midtown East,Williamsburg (South Side),Manhattan,Brooklyn
2019-03-16 07:04:41,2019-03-16 07:19:01,1,0.81,18.0,0.16,0.17,49.99,green,credit card,East Flatbush/Farragut,Mott Haven/Port Morris,Brooklyn,Bronx
2019-03-08 20:14:30,2019-03-08 20:29:28,1,2.77,10.9,1.66,0.11,19.59,green,cash,Upper East Side North,Upper West Side South,Manhattan,Manhattan
2019-03-08 19:00:04,2019-03-08 19:13:49,3,7.96,8.6,0.55,0.19,13.73,green,cash,Upper West Side North,Randalls Island,Manhattan,Manhattan
2019-03-30 00:13:55,2019-03-30 00:28:17,6,1.95,5.85,2.97,0.01,12.3,green,cash,Meatpacking/West Village West,Long Island City/Queens Plaza,Manhattan,Queens
2019-03-25 09:07:44,2019-03-25 09:19:52,1,2.63,8.1,7.23,0.03,10.1,green,credit card,Clinton West,Red Hook,Manhattan,Brooklyn
2019-03-14 22:13:57,2019-03-14 22:30:12,2,3.6,7.5,1.63,0.01,11.72,green,credit card,Hudson Sq,Bedford Park,Manhattan,Bronx
2019-03-19 11:25:49,2019-03-19 11:40:52,2,0.34,9.3,0.06,0.14,9.36,green,cash,Midtown Center,Soundview/Castle Hill,Manhattan,Bronx
2019-03-08 09:08:56,2019-03-08 09:23:08,1,7.14,24.36,0.59,1.06,60.1,green,credit card,LaGuardia Airport,Long Island City/Hunters Point,Queens,Queens
2019-03-06 08:19:25,2019-03-06 08:35:24,1,0.08,5.4,0.86,0.01,11.96,green,credit card,Upper West Side South,Hamilton Heights,Manhattan,Manhattan
2019-03-05 04:32:23,2019-03-05 04:45:45,1,4.7,3.8,0.6,1.81,31.22,green,cash,Queensbridge/Ravenswood,Manhattan Beach,Queens,Brooklyn
2019-03-11 06:31:44,2019-03-11 06:44:36,1,4.68,4.3,0.64,0.01,36.7,green,cash,Yorkville West,Financial District North,Manhattan,Manhattan
2019-03-30 16:56:17,2019-03-30 17:11:56,2,5.09,7.56,0.18,3.76,26.3,green,cash,Claremont/Bathgate,Cypress Hills,Bronx,Brooklyn
2019-03-05 23:36:27,2019-03-05 23:52:28,5,2.88,4.18,0.9,0.2,12.6,green,credit card,Flatiron,Eastchester,Manhattan,Bronx
2019-03-19 18:58:02,2019-03-19 19:09:37,2,1.32,3.1,2.49,0.16,13.46,green,cash,Brooklyn Heights,Chinatown,Brooklyn,Manhattan
2019-03-04 06:44:05,2019-03-04 06:59:25,1,14.23,17.93,1.54,4.48,28.4,green,cash,Long Island City/Hunters Point,Bronxdale,Queens,Bronx
2019-03-08 02:54:29,2019-03-08 03:06:19,1,0.33,9.6,0.57,0.05,33.85,green,credit card,Greenwich Village North,Hillcrest/Pomonok,Manhattan,Queens
2019-03-23 12:14:01,2019-03-23 12:27:01,5,3.35,7.6,1.65,0.03,20.31,green,credit card,Gramercy,Washington Heights South,Manhattan,Manhattan
2019-03-14 22:14:14,2019-03-14 22:27:44,1,3.9,40.87,1.33,1.51,86.7,green,credit card,JFK Airport,Fresh Meadows,Queens,Queens
2019-03-05 10:34:59,2019-03-05 10:48:11,1,0.56,6.9,0.84,0.1,13.35,green,cash,Lincoln Square East,Williamsburg (South Side),Manhattan,Brooklyn
2019-03-26 22:25:20,2019-03-26 22:36:47,1,0.47,9.85,0.55,0.01,28.3,green,cash,Lenox Hill East,Eastchester,Manhattan,Bronx
2019-03-31 14:32:03,2019-03-31 14:46:48,1,0.11,5.5,4.91,0.02,15.12,green,credit card,Upper East Side North,Midtown Center,Manhattan,Manhattan
2019-03-16 21:01:34,2019-03-16 21:13:16,1,0.52,7.1,2.72,0.01,11.35,green,credit card,Greenwich Village North,Morrisania/Melrose,Manhattan,Bronx
2019-03-31 00:10:08,2019-03-31 00:26:03,1,5.32,7.3,1.74,0.02,35.9,green,cash,Murray Hill,East Harlem South,Manhattan,Manhattan
2019-03-19 20:55:37,2019-03-19 21:09:58,1,0.71,12.0,3.64,5.13,47.3,green,credit card,Rego Park,East Harlem South,Queens,Manhattan
2019-03-30 15:29:41,2019-03-30 15:42:56,1,2.27,6.79,1.9,0.0,24.08,green,credit card,Midtown East,East Concourse/Concourse Village,Manhattan,Bronx
2019-03-05 23:55:37,2019-03-06 00:09:01,1,0.7,6.16,0.53,0.09,7.3,green,credit card,Central Harlem,East Chelsea,Manhattan,Manhattan
2019-03-24 10:46:15,2019-03-24 11:03:07,3,5.19,9.48,2.94,0.22,13.5,green,cash,Union Sq,Prospect Park,Manhattan,Brooklyn
2019-03-31 01:02:04,2019-03-31 01:15:12,1,2.67,11.62,1.9,0.09,24.44,green,cash,Union Sq,Clinton West,Manhattan,Manhattan
2019-03-28 21:18:32,2019-03-28 21:31:59,1,0.46,10.29,0.71,0.18,11.6,green,credit card,Times Sq/Theatre District,Flatiron,Manhattan,Manhattan
2019-03-13 14:07:06,2019-03-13 14:23:52,2,1.75,7.8,0.94,0.18,15.76,green,cash,Murray Hill,Gowanus,Manhattan,Brooklyn
2019-03-14 01:55:56,2019-03-14 02:11:28,6,5.49,11.6,1.35,0.11,16.24,green,cash,Union Sq,Jackson Heights,Manhattan,Queens
2019-03-31 13:10:22,2019-03-31 13:25:47,1,2.26,6.1,0.78,0.35,12.89,green,credit card,Midtown South,Upper East Side North,Manhattan,Manhattan
2019-03-20 14:46:40,2019-03-20 14:59:49,1,5.65,9.4,1.38,0.45,20.38,green,credit card,Upper West Side South,Mount Hope,Manhattan,Bronx
2019-03-31 16:02:09,2019-03-31 16:15:02,1,2.95,7.9,3.22,0.25,21.15,green,cash,East Chelsea,Red Hook,Manhattan,Brooklyn
2019-03-05 13:27:49,2019-03-05 13:43:58,2,0.98,14.8,0.23,0.2,17.43,green,cash,Flatiron,Van Nest/Morris Park,Manhattan,Bronx
2019-03-21 01:38:16,2019-03-21 01:53:54,1,11.08,7.02,2.32,0.07,8.6,green,cash,West Village,Lower East Side,Manhattan,Manhattan
2019-03-08 02:33:44,2019-03-08 02:50:21,2,0.34,3.3,1.03,0.02,21.0,green,credit card,Union Sq,Cambria Heights,Manhattan,Queens
2019-03-06 13:14:16,2019-03-06 13:28:03,2,2.02,6.78,2.96,0.1,13.3,green,credit card,Upper West Side South,Gravesend,Manhattan,Brooklyn
2019-03-15 07:45:56,2019-03-15 08:03:31,5,2.8,8.7,3.3,0.15,12.9,green,cash,Midtown East,East Village,Manhattan,Manhattan
2019-03-19 05:32:42,2019-03-19 05:46:42,1,0.54,5.1,0.02,0.07,14.21,green,credit card,Midtown Center,Bedford,Manhattan,Brooklyn
2019-03-04 07:53:33,2019-03-04 08:06:50,1,4.1,5.9,1.45,0.13,14.72,green,credit card,Midtown East,Bensonhurst West,Manhattan,Brooklyn
2019-03-08 05:24:38,2019-03-08 05:39:55,1,2.9,5.2,0.57,0.14,8.36,green,credit card,Midtown South,Financial District South,Manhattan,Manhattan
2019-03-26 12:48:40,2019-03-26 13:05:26,1,1.08,3.7,2.03,0.02,19.0,green,cash,Midtown Center,Saint Albans,Manhattan,Queens
2019-03-19 10:02:25,2019-03-19 10:15:00,1,2.36,15.71,0.53,0.25,23.6,green,cash,Park Slope,Briarwood/Jamaica Hills,Brooklyn,Queens
2019-03-31 15:30:23,2019-03-31 15:43:30,1,0.47,7.12,3.8,0.03,15.51,green,credit card,Midtown East,Lower East Side,Manhattan,Manhattan
2019-03-10 17:48:13,2019-03-10 18:01:18,2,6.36,11.79,4.06,0.01,19.0,green,cash,Clinton East,Columbia Street,Manhattan,Brooklyn
2019-03-04 04:04:35,2019-03-04 04:18:33,1,1.66,10.2,1.27,0.39,22.19,green,cash,Kips Bay,Elmhurst,Manhattan,Queens
2019-02-28 02:23:49,2019-02-28 02:37:09,1,7.17,2.7,1.23,0.14,10.13,green,credit card,UN/Turtle Bay South,Union Sq,Manhattan,Manhattan
2019-03-06 16:23:21,2019-03-06 16:36:00,1,3.92,4.4,0.59,0.29,13.4,green,credit card,TriBeCa/Civic Center,Crotona Park East,Manhattan,Bronx
2019-03-14 06:34:50,2019-03-14 06:53:05,1,0.93,7.1,1.01,0.15,10.54,green,credit card,Financial District South,Sunset Park West,Manhattan,Brooklyn
2019-03-21 05:42:21,2019-03-21 05:56:53,1,13.14,26.1,0.09,0.17,55.28,green,cash,Mount Hope,TriBeCa/Civic Center,Bronx,Manhattan
2019-03-07 05:51:10,2019-03-07 06:04:14,1,1.89,16.61,0.06,0.11,19.3,green,cash,Little Italy/NoLiTa,Park Slope,Manhattan,Brooklyn
2019-03-30 15:19:30,2019-03-30 15:33:19,1,1.08,14.9,1.42,0.44,33.02,green,credit card,Washington Heights South,Queensboro Hill,Manhattan,Queens
2019-03-11 02:27:24,2019-03-11 02:39:33,2,0.07,23.4,5.09,0.22,30.7,green,credit card,Flatiron,Canarsie,Manhattan,Brooklyn
2019-03-14 06:05:42,2019-03-14 06:23:24,1,3.12,6.2,1.46,0.0,8.68,green,cash,Murray Hill,East Flatbush/Remsen Village,Manhattan,Brooklyn
2019-03-24 10:46:18,2019-03-24 11:00:34,1,0.61,8.0,0.19,0.26,14.31,green,credit card,Central Park,Manhattanville,Manhattan,Manhattan
2019-03-15 11:31:45,2019-03-15 11:43:47,1,0.45,8.8,1.71,0.13,34.72,green,credit card,Union Sq,Cambria Heights,Manhattan,Queens
2019-03-15 19:19:43,2019-03-15 19:30:09,1,0.33,6.9,3.02,0.19,17.02,green,cash,East Chelsea,Westchester Village/Unionport,Manhattan,Bronx
2019-03-12 06:22:12,2019-03-12 06:34:07,1,4.64,5.2,0.88,0.0,10.8,green,cash,Greenwich Village South,Manhattanville,Manhattan,Manhattan
2019-03-30 01:26:05,2019-03-30 01:38:04,1,1.4,6.3,2.14,0.21,13.6,green,cash,Flatiron,Starrett City,Manhattan,Brooklyn
2019-03-10 02:20:25,2019-03-10 02:38:04,1,2.43,11.5,1.26,0.05,16.49,green,credit card,Penn Station/Madison Sq West,East Flushing,Manhattan,Queens
2019-03-23 05:07:20,2019-03-23 05:22:34,1,6.66,8.42,6.4,0.02,10.0,green,cash,Sutton Place/Turtle Bay North,Red Hook,Manhattan,Brooklyn
2019-03-21 12:57:38,2019-03-21 13:11:11,1,0.4,7.4,2.39,0.09,8.93,green,cash,Clinton East,Middle Village,Manhattan,Queens
2019-03-08 03:33:36,2019-03-08 03:48:37,5,1.48,14.1,1.9,0.05,14.22,green,credit card,Midtown East,Hamilton Heights,Manhattan,Manhattan
2019-03-31 21:16:09,2019-03-31 21:29:11,6,2.93,11.06,1.16,0.0,26.5,green,credit card,East Village,Mount Hope,Manhattan,Bronx
2019-03-17 09:02:57,2019-03-17 09:16:47,1,2.93,13.9,2.64,0.33,32.26,green,cash,Midtown East,Clinton West,Manhattan,Manhattan
2019-03-29 01:07:43,2019-03-29 01:23:08,1,0.69,28.94,0.2,0.16,94.5,green,cash,Downtown Brooklyn/MetroTech,Flatiron,Brooklyn,Manhattan
2019-03-31 05:34:02,2019-03-31 05:46:48,1,0.12,11.05,0.56,0.48,18.3,green,cash,Upper East Side South,Long Island City/Hunters Point,Manhattan,Queens
2019-03-09 16:55:00,2019-03-09 17:10:10,1,0.98,14.3,0.48,0.08,17.26,green,credit card,Seaport,Financial District South,Manhattan,Manhattan
2019-03-07 23:24:25,2019-03-07 23:38:58,4,0.31,13.08,3.25,0.1,15.8,green,credit card,Morningside Heights,Crown Heights North,Manhattan,Brooklyn
2019-03-07 10:05:01,2019-03-07 10:18:41,1,0.84,17.2,2.18,0.06,20.16,green,cash,Midtown East,Yorkville West,Manhattan,Manhattan
2019-03-19 09:17:31,2019-03-19 09:32:26,2,0.15,8.8,0.63,0.13,11.83,green,credit card,Washington Heights South,East Flatbush/Farragut,Manhattan,Brooklyn
2019-03-08 22:27:15,2019-03-08 22:40:58,1,0.45,5.1,0.45,0.02,13.25,green,credit card,West Village,SoHo,Manhattan,Manhattan
2019-03-13 20:53:57,2019-03-13 21:08:35,2,0.36,7.7,7.6,0.06,17.14,green,cash,Meatpacking/West Village West,DUMBO/Vinegar Hill,Manhattan,Brooklyn
2019-03-06 12:50:28,2019-03-06 13:05:19,1,6.99,3.4,0.03,0.83,31.07,green,cash,Van Cortlandt Village,Sunnyside,Bronx,Queens
2019-03-19 09:37:03,2019-03-19 09:52:50,1,2.68,6.3,1.26,0.15,23.31,green,cash,Kips Bay,Clinton East,Manhattan,Manhattan
2019-03-12 18:41:36,2019-03-12 18:55:46,1,3.9,7.0,11.85,0.07,12.4,green,credit card,Yorkville West,West Village,Manhattan,Manhattan
2019-03-10 18:35:06,2019-03-10 18:49:32,1,0.29,9.8,0.3,0.06,11.49,green,cash,Greenpoint,Queensbridge/Ravenswood,Brooklyn,Queens
2019-03-13 08:51:40,2019-03-13 09:07:02,1,3.04,6.51,6.1,0.14,13.94,green,cash,Hamilton Heights,Elmhurst,Manhattan,Queens
2019-03-11 13:54:24,2019-03-11 14:10:04,1,4.41,3.4,0.13,0.04,8.36,green,credit card,Midtown North,Lenox Hill East,Manhattan,Manhattan
2019-03-29 01:14:26,2019-03-29 01:28:36,1,1.47,14.4,0.43,0.36,26.46,green,credit card,Midtown Center,SoHo,Manhattan,Manhattan
2019-03-31 23:44:51,2019-04-01 00:00:56,1,0.01,10.2,0.69,0.19,14.36,green,credit card,SoHo,Garment District,Manhattan,Manhattan
2019-03-18 05:54:29,2019-03-18 06:09:48,1,0.37,8.2,0.61,0.11,22.94,green,cash,Lenox Hill East,Lenox Hill East,Manhattan,Manhattan
2019-03-10 13:37:27,2019-03-10 13:48:59,1,0.1,21.55,2.27,0.07,25.7,green,cash,Yorkville East,Old Astoria,Manhattan,Queens
2019-03-25 07:12:45,2019-03-25 07:29:50,1,0.46,2.5,2.26,0.19,25.16,green,credit card,Yorkville East,Woodhaven,Manhattan,Queens
2019-03-30 21:55:03,2019-03-30 22:11:02,1,4.89,5.95,2.43,0.08,29.5,green,credit card,LaGuardia Airport,Glendale,Queens,Queens
2019-03-16 04:45:26,2019-03-16 04:59:58,1,2.55,8.53,1.29,0.24,10.7,green,cash,Lenox Hill East,Bath Beach,Manhattan,Brooklyn
2019-03-29 01:41:24,2019-03-29 01:54:26,1,0.94,24.1,0.65,0.44,46.0,green,credit card,LaGuardia Airport,Stuy Town/Peter Cooper Village,Queens,Manhattan
2019-03-09 15:54:47,2019-03-09 16:07:30,1,0.89,7.1,1.74,0.01,11.64,green,credit card,Central Harlem,Bensonhurst West,Manhattan,Brooklyn
2019-03-21 15:34:38,2019-03-21 15:50:53,1,4.27,14.6,1.53,0.4,16.0,green,cash,Jackson Heights,Bedford Park,Queens,Bronx
2019-03-08 14:46:08,2019-03-08 15:02:06,1,0.11,15.1,0.22,0.45,18.02,green,cash,West Farms/Bronx River,Alphabet City,Bronx,Manhattan
2019-03-17 20:09:20,2019-03-17 20:21:30,6,1.11,4.7,1.31,0.02,10.88,green,cash,Greenwich Village North,Gowanus,Manhattan,Brooklyn
2019-03-11 23:26:15,2019-03-11 23:42:24,1,10.65,5.5,3.84,0.04,8.51,green,credit card,Greenwich Village South,Sunset Park West,Manhattan,Brooklyn
2019-03-27 22:55:15,2019-03-27 23:06:55,6,2.94,12.1,0.55,0.19,16.7,green,cash,East Harlem North,Inwood Hill Park,Manhattan,Manhattan
2019-03-06 07:46:09,2019-03-06 08:02:17,6,0.63,3.4,1.38,0.05,8.31,green,cash,Upper East Side South,Williamsbridge/Olinville,Manhattan,Bronx
2019-03-20 17:39:07,2019-03-20 17:51:37,1,7.38,12.79,0.4,0.31,31.9,green,credit card,Bushwick North,Melrose South,Brooklyn,Bronx
2019-03-15 21:56:51,2019-03-15 22:08:31,6,2.14,7.17,2.21,0.31,19.7,green,credit card,Financial District North,Bedford,Manhattan,Brooklyn
2019-03-07 17:44:30,2019-03-07 17:59:05,1,0.59,8.8,0.71,0.01,13.6,green,cash,Sutton Place/Turtle Bay North,Mott Haven/Port Morris,Manhattan,Bronx
2019-03-06 20:56:14,2019-03-06 21:09:07,1,0.84,9.32,2.62,0.48,11.8,green,cash,East Harlem North,Battery Park,Manhattan,Manhattan
2019-03-03 20:03:30,2019-03-03 20:19:03,1,0.32,6.6,0.8,0.05,12.17,green,cash,Lincoln Square West,Cambria Heights,Manhattan,Queens
2019-03-08 08:09:55,2019-03-08 08:23:44,1,10.52,10.2,3.79,0.11,15.3,green,credit card,Gramercy,Eastchester,Manhattan,Bronx
2019-03-26 22:59:26,2019-03-26 23:14:01,1,0.92,13.89,0.73,0.05,13.9,green,credit card,West Chelsea/Hudson Yards,Homecrest,Manhattan,Brooklyn
2019-03-15 04:59:06,2019-03-15 05:13:39,1,3.65,4.1,1.08,0.34,13.92,green,cash,East Harlem South,Ozone Park,Manhattan,Queens
2019-03-04 22:03:31,2019-03-04 22:16:31,1,0.81,8.1,1.48,0.1,8.88,green,credit card,UN/Turtle Bay South,Melrose South,Manhattan,Bronx
2019-03-10 16:46:22,2019-03-10 16:59:54,5,2.29,11.71,3.62,0.05,25.0,green,credit card,East Harlem South,UN/Turtle Bay South,Manhattan,Manhattan
2019-03-21 19:16:41,2019-03-21 19:32:19,1,1.05,10.6,2.39,0.06,46.91,green,credit card,West Chelsea/Hudson Yards,Glendale,Manhattan,Queens
2019-03-15 22:32:17,2019-03-15 22:46:18,5,2.23,6.8,1.82,0.23,13.95,green,cash,Lenox Hill East,TriBeCa/Civic Center,Manhattan,Manhattan
2019-03-07 16:22:27,2019-03-07 16:39:03,1,2.74,39.56,0.3,0.37,79.4,green,cash,JFK Airport,Spuyten Duyvil/Kingsbridge,Queens,Bronx
2019-03-21 20:32:31,2019-03-21 20:46:53,1,0.01,6.8,0.22,0.1,7.3,green,credit card,Clinton East,Times Sq/Theatre District,Manhattan,Manhattan
2019-03-10 09:17:56,2019-03-10 09:33:00,1,2.11,9.91,1.42,0.04,24.0,green,cash,Manhattan Valley,Williamsburg (South Side),Manhattan,Brooklyn
2019-03-15 12:49:06,2019-03-15 13:06:29,1,0.13,5.1,0.14,0.07,25.79,green,cash,Hudson Sq,Sunnyside,Manhattan,Queens
2019-03-07 23:28:13,2019-03-07 23:43:03,6,1.11,6.3,0.21,0.07,12.46,green,credit card,Lenox Hill West,Sunnyside,Manhattan,Queens
2019-03-10 01:24:19,2019-03-10 01:38:02,1,0.48,17.4,11.68,1.84,23.4,green,credit card,Elmhurst/Maspeth,SoHo,Queens,Manhattan
2019-03-28 01:27:02,2019-03-28 01:43:39,1,4.34,12.8,2.38,0.06,46.27,green,credit card,East Chelsea,Williamsbridge/Olinville,Manhattan,Bronx
2019-03-31 01:10:48,2019-03-31 01:25:10,1,17.73,20.29,2.64,0.05,33.9,green,cash,Jackson Heights,Bensonhurst West,Queens,Brooklyn
2019-03-28 19:55:22,2019-03-28 20:11:15,1,1.56,5.69,0.03,0.68,30.8,green,cash,Astoria,Sutton Place/Turtle Bay North,Queens,Manhattan
2019-03-19 09:55:07,2019-03-19 10:10:42,1,15.34,10.8,0.82,2.01,52.27,green,credit card,Jamaica,Crotona Park East,Queens,Bronx
2019-03-22 08:54:41,2019-03-22 09:08:42,1,1.42,16.3,0.26,0.2,38.33,green,credit card,DUMBO/Vinegar Hill,Brooklyn Heights,Brooklyn,Brooklyn
2019-03-26 17:52:52,2019-03-26 18:08:11,1,3.35,13.3,1.51,0.36,16.18,green,cash,Downtown Brooklyn/MetroTech,Kingsbridge Heights,Brooklyn,Bronx
2019-03-06 17:19:02,2019-03-06 17:33:54,2,2.37,15.46,1.24,0.01,18.6,green,credit card,Lenox Hill East,Co-Op City,Manhattan,Bronx
2019-03-01 13:12:06,2019-03-01 13:25:20,2,2.23,10.0,0.13,0.41,39.42,green,credit card,Union Sq,UN/Turtle Bay South,Manhattan,Manhattan
2019-03-21 19:54:59,2019-03-21 20:09:06,1,0.1,6.0,3.82,0.02,8.18,green,cash,Upper East Side South,Financial District North,Manhattan,Manhattan
2019-02-28 14:38:08,2019-02-28 14:55:12,1,0.97,5.0,0.75,0.13,34.63,green,cash,Midtown Center,Alphabet City,Manhattan,Manhattan
2019-03-20 16:15:05,2019-03-20 16:29:02,3,0.13,10.6,5.43,0.14,15.83,green,cash,Union Sq,Crown Heights North,Manhattan,Brooklyn
2019-03-07 22:25:57,2019-03-07 22:41:31,1,2.01,1.9,0.77,0.18,7.3,green,credit card,Upper East Side South,Kew Gardens,Manhattan,Queens
2019-02-28 07:32:16,2019-02-28 07:45:47,1,0.58,3.6,0.62,0.09,12.35,green,cash,Starrett City,Spuyten Duyvil/Kingsbridge,Brooklyn,Bronx
2019-03-20 17:00:53,2019-03-20 17:16:16,1,1.71,6.9,0.33,0.1,8.75,green,cash,Lower East Side,Financial District South,Manhattan,Manhattan
2019-03-18 16:09:45,2019-03-18 16:22:58,1,0.63,3.9,2.54,0.03,8.95,green,credit card,Clinton East,Fort Greene,Manhattan,Brooklyn
2019-02-28 15:02:02,2019-02-28 15:17:25,1,7.63,30.7,1.83,2.34,69.78,green,credit card,Rego Park,Battery Park City,Queens,Manhattan
2019-03-29 13:25:50,2019-03-29 13:41:00,1,19.9,40.5,5.52,0.89,51.34,green,cash,LaGuardia Airport,Clinton Hill,Queens,Brooklyn
2019-03-14 08:13:50,2019-03-14 08:28:11,0,4.36,13.53,2.19,0.0,15.0,green,cash,Upper East Side North,Inwood,Manhattan,Manhattan
2019-03-10 08:48:06,2019-03-10 09:03:18,1,1.57,7.12,0.11,0.05,17.1,green,cash,Battery Park City,Soundview/Castle Hill,Manhattan,Bronx
2019-03-08 14:56:33,2019-03-08 15:11:44,1,0.72,18.4,2.81,0.06,19.63,green,credit card,UN/Turtle Bay South,Central Harlem,Manhattan,Manhattan
2019-02-28 23:37:16,2019-02-28 23:51:00,1,0.57,15.0,6.9,0.07,23.26,green,credit card,UN/Turtle Bay South,Midtown South,Manhattan,Manhattan
2019-03-31 14:17:13,2019-03-31 14:33:32,1,3.18,7.8,0.55,0.04,47.95,green,cash,Penn Station/Madison Sq West,Red Hook,Manhattan,Brooklyn
2019-03-30 03:56:21,2019-03-30 04:12:34,1,3.48,17.2,3.69,0.24,19.2,green,credit card,West Village,Red Hook,Manhattan,Brooklyn
2019-03-08 02:10:52,2019-03-08 02:26:06,1,15.94,12.0,1.81,0.8,16.51,green,credit card,Ozone Park,Parkchester,Queens,Bronx
2019-03-13 17:17:01,2019-03-13 17:31:15,1,3.34,3.0,0.45,0.09,18.5,green,cash,Upper East Side North,DUMBO/Vinegar Hill,Manhattan,Brooklyn
2019-03-16 05:24:00,2019-03-16 05:37:24,1,3.92,17.59,8.85,0.07,57.8,green,cash,Sutton Place/Turtle Bay North,Crown Heights North,Manhattan,Brooklyn
2019-03-01 22:41:33,2019-03-01 22:54:49,1,1.7,13.6,0.12,0.04,23.07,green,cash,Flatiron,TriBeCa/Civic Center,Manhattan,Manhattan
2019-02-28 03:10:22,2019-02-28 03:24:03,2,0.3,3.9,3.36,0.01,18.62,green,credit card,Gramercy,Williamsburg (North Side),Manhattan,Brooklyn
2019-03-05 12:03:35,2019-03-05 12:17:58,1,1.27,6.97,5.5,0.02,8.78,green,cash,Greenwich Village South,East Concourse/Concourse Village,Manhattan,Bronx
2019-03-08 01:01:39,2019-03-08 01:17:49,1,6.01,2.9,1.04,0.04,27.13,green,cash,Central Park,Downtown Brooklyn/MetroTech,Manhattan,Brooklyn
2019-03-06 11:02:31,2019-03-06 11:17:29,5,4.15,11.3,5.94,0.28,13.74,green,credit card,Morningside Heights,Queens Village,Manhattan,Queens
2019-03-16 06:02:17,2019-03-16 06:15:48,1,0.21,4.1,2.45,0.04,11.74,green,credit card,Penn Station/Madison Sq West,West Chelsea/Hudson Yards,Manhattan,Manhattan
2019-03-10 13:02:00,2019-03-10 13:15:44,1,1.04,3.54,3.5,0.01,22.4,green,credit card,UN/Turtle Bay South,Oakland Gardens,Manhattan,Queens
2019-03-26 08:33:57,2019-03-26 08:49:35,1,9.6,10.26,0.8,0.23,10.3,green,cash,Union Sq,Bronxdale,Manhattan,Bronx
2019-03-18 07:50:16,2019-03-18 08:03:53,3,7.0,21.8,5.2,0.32,28.9,green,cash,Long Island City/Queens Plaza,Bushwick North,Queens,Brooklyn
2019-03-16 11:14:54,2019-03-16 11:28:29,1,18.09,25.04,0.2,3.19,47.9,green,credit card,LaGuardia Airport,Hamilton Heights,Queens,Manhattan
2019-03-07 02:10:39,2019-03-07 02:25:00,1,8.51,7.7,3.67,2.87,10.5,green,credit card,Jamaica,Cambria Heights,Queens,Queens
2019-03-15 10:59:33,2019-03-15 11:10:42,1,0.04,9.3,2.2,0.0,15.45,green,cash,Midtown East,College Point,Manhattan,Queens
2019-03-02 12:22:10,2019-03-02 12:35:54,1,0.41,7.0,0.5,0.22,15.35,green,credit card,Washington Heights North,Lower East Side,Manhattan,Manhattan
2019-03-27 19:38:12,2019-03-27 19:51:56,4,2.48,22.02,3.68,0.33,32.1,green,credit card,West Chelsea/Hudson Yards,South Ozone Park,Manhattan,Queens
2019-03-06 22:39:31,2019-03-06 22:53:05,1,0.13,17.53,3.49,0.2,20.1,green,credit card,Midtown East,Howard Beach,Manhattan,Queens
2019-03-24 11:59:01,2019-03-24 12:12:49,1,1.65,24.3,0.45,0.05,42.21,green,cash,Prospect-Lefferts Gardens,Starrett City,Brooklyn,Brooklyn
2019-03-26 14:40:40,2019-03-26 14:52:18,1,4.73,7.9,0.58,0.43,11.51,green,cash,Manhattanville,Old Astoria,Manhattan,Queens
2019-03-31 04:30:07,2019-03-31 04:44:24,1,0.94,19.0,2.07,0.04,25.54,green,credit card,Kips Bay,Madison,Manhattan,Brooklyn
2019-03-04 09:39:10,2019-03-04 09:51:47,1,0.73,7.1,0.89,0.09,15.97,green,cash,West Village,Stuy Town/Peter Cooper Village,Manhattan,Manhattan
2019-03-29 17:53:30,2019-03-29 18:08:19,1,0.32,10.8,5.19,0.17,17.01,green,cash,Penn Station/Madison Sq West,Cambria Heights,Manhattan,Queens
2019-03-07 06:02:30,2019-03-07 06:13:40,4,1.94,14.02,0.37,0.08,23.5,green,credit card,Carroll Gardens,Belmont,Brooklyn,Bronx
2019-03-25 01:52:08,2019-03-25 02:04:59,1,0.18,7.33,3.12,0.01,10.8,green,credit card,Times Sq/Theatre District,Roosevelt Island,Manhattan,Manhattan
2019-03-17 11:38:55,2019-03-17 11:52:57,1,4.09,7.7,0.36,1.18,8.18,green,cash,Crown Heights North,East Elmhurst,Brooklyn,Queens
2019-03-23 20:30:21,2019-03-23 20:41:57,4,10.38,6.79,2.21,0.11,10.1,green,cash,West Village,Flatiron,Manhattan,Manhattan
2019-03-25 09:05:15,2019-03-25 09:20:04,1,1.52,6.3,4.19,0.05,15.56,green,cash,Central Park,Queensbridge/Ravenswood,Manhattan,Queens
2019-03-04 13:43:31,2019-03-04 13:57:05,4,1.91,15.38,6.77,0.09,29.7,green,credit card,Clinton East,Murray Hill-Queens,Manhattan,Queens
2019-03-13 10:12:15,2019-03-13 10:27:30,1,1.22,7.5,1.52,0.0,15.83,green,credit card,Garment District,Auburndale,Manhattan,Queens
2019-03-19 02:17:16,2019-03-19 02:32:38,3,0.17,12.8,0.93,0.08,15.37,green,cash,Penn Station/Madison Sq West,Lincoln Square East,Manhattan,Manhattan
2019-03-21 20:48:47,2019-03-21 21:02:29,1,3.11,14.6,0.77,0.02,23.06,green,credit card,Upper East Side South,Crown Heights South,Manhattan,Brooklyn
2019-03-22 17:51:52,2019-03-22 18:06:05,1,2.4,7.9,2.29,0.05,22.58,green,credit card,East Harlem South,Melrose South,Manhattan,Bronx
2019-03-16 07:18:13,2019-03-16 07:29:53,1,0.59,9.52,0.85,0.13,15.3,green,credit card,Midtown North,Jamaica,Manhattan,Queens
2019-03-06 12:31:37,2019-03-06 12:45:09,1,10.61,6.09,0.99,0.25,17.6,green,cash,East Flatbush/Farragut,Stuy Town/Peter Cooper Village,Brooklyn,Manhattan
2019-03-06 01:07:01,2019-03-06 01:20:30,5,1.13,7.8,0.66,0.04,8.61,green,cash,Penn Station/Madison Sq West,Rosedale,Manhattan,Queens
2019-03-16 18:52:10,2019-03-16 19:06:49,1,3.01,19.06,1.52,3.37,53.4,green,credit card,LaGuardia Airport,Elmhurst/Maspeth,Queens,Queens
2019-03-14 01:57:27,2019-03-14 02:11:12,4,10.95,9.79,0.21,0.4,10.7,green,cash,Upper East Side South,Cobble Hill,Manhattan,Brooklyn
2019-03-27 13:47:49,2019-03-27 14:03:00,3,5.27,5.1,0.33,0.01,30.02,green,cash,Lincoln Square East,UN/Turtle Bay South,Manhattan,Manhattan
2019-03-19 11:57:24,2019-03-19 12:10:31,5,1.79,9.32,1.42,0.02,19.0,green,credit card,East Harlem South,Rego Park,Manhattan,Queens
2019-03-22 08:21:06,2019-03-22 08:36:48,1,0.83,12.24,0.89,0.17,13.9,green,credit card,Upper West Side North,Roosevelt Island,Manhattan,Manhattan
2019-02-28 09:00:44,2019-02-28 09:15:17,1,1.34,8.4,0.34,0.54,13.85,green,credit card,Flatiron,DUMBO/Vinegar Hill,Manhattan,Brooklyn
2019-03-14 17:18:10,2019-03-14 17:31:49,1,1.46,8.6,1.36,0.03,8.63,green,cash,Midtown Center,Flatbush/Ditmas Park,Manhattan,Brooklyn
2019-03-27 03:25:38,2019-03-27 03:40:45,1,1.83,7.4,0.91,0.16,23.24,green,cash,Greenwich Village South,Allerton/Pelham Gardens,Manhattan,Bronx
2019-03-02 06:52:43,2019-03-02 07:06:13,1,5.2,16.7,0.07,1.31,22.54,green,credit card,Parkchester,Greenwich Village North,Bronx,Manhattan
2019-02-28 11:09:36,2019-02-28 11:23:44,1,6.54,3.7,1.48,0.39,7.18,green,credit card,Gramercy,Ocean Hill,Manhattan,Brooklyn
2019-03-03 17:54:48,2019-03-03 18:09:22,2,0.67,7.1,1.09,0.38,29.6,green,cash,Midtown East,Queensboro Hill,Manhattan,Queens
2019-03-07 06:44:56,2019-03-07 06:58:59,1,1.25,10.7,3.34,0.29,18.43,green,credit card,Lincoln Square East,Washington Heights South,Manhattan,Manhattan
2019-03-05 22:57:26,2019-03-05 23:09:16,3,0.39,9.81,1.65,0.0,23.3,green,credit card,Homecrest,Westchester Village/Unionport,Brooklyn,Bronx
2019-03-26 10:26:42,2019-03-26 10:40:45,1,2.57,11.7,0.09,0.24,17.12,green,credit card,Clinton East,East Village,Manhattan,Manhattan
2019-03-28 13:14:44,2019-03-28 13:29:19,0,0.65,11.05,4.77,0.25,11.1,green,cash,Times Sq/Theatre District,Seaport,Manhattan,Manhattan
2019-03-09 10:21:17,2019-03-09 10:36:02,1,0.7,6.9,0.73,0.12,6.95,green,cash,Battery Park City,Woodlawn/Wakefield,Manhattan,Bronx
2019-03-09 11:28:02,2019-03-09 11:41:58,1,1.77,8.2,0.22,0.1,13.87,green,credit card,West Chelsea/Hudson Yards,Sheepshead Bay,Manhattan,Brooklyn
2019-03-17 20:08:32,2019-03-17 20:27:45,2,0.58,16.98,2.37,0.0,18.4,green,cash,Penn Station/Madison Sq West,Washington Heights North,Manhattan,Manhattan
2019-03-06 08:16:57,2019-03-06 08:32:17,3,1.1,7.2,5.26,0.02,19.02,green,cash,Kips Bay,Manhattan Valley,Manhattan,Manhattan
2019-03-15 14:56:30,2019-03-15 15:13:33,1,0.97,10.89,0.1,0.07,12.9,green,credit card,Penn Station/Madison Sq West,Times Sq/Theatre District,Manhattan,Manhattan
2019-03-28 18:34:57,2019-03-28 18:47:59,1,4.54,3.9,0.15,0.06,9.31,green,credit card,Lincoln Square East,Midtown East,Manhattan,Manhattan
2019-03-13 21:12:10,2019-03-13 21:27:24,6,5.76,6.23,0.88,0.17,15.1,green,cash,Midtown South,Gravesend,Manhattan,Brooklyn
2019-03-05 16:03:27,2019-03-05 16:16:43,1,4.87,13.76,0.27,0.68,28.9,green,cash,JFK Airport,Fort Greene,Queens,Brooklyn
2019-03-17 10:07:31,2019-03-17 10:21:42,1,4.07,4.4,1.69,0.08,11.27,green,cash,Clinton West,Saint Albans,Manhattan,Queens
2019-03-27 16:20:25,2019-03-27 16:37:02,1,0.03,4.6,0.0,0.12,11.64,green,credit card,Inwood,Allerton/Pelham Gardens,Manhattan,Bronx
2019-03-23 10:02:15,2019-03-23 10:16:55,1,0.83,9.87,4.82,0.04,23.1,green,credit card,TriBeCa/Civic Center,Ocean Hill,Manhattan,Brooklyn
2019-02-28 01:42:00,2019-02-28 01:54:19,1,0.15,7.22,1.99,0.24,10.3,green,cash,Upper West Side North,Homecrest,Manhattan,Brooklyn
2019-03-08 13:58:24,2019-03-08 14:12:12,1,1.19,8.83,0.34,0.05,9.7,green,credit card,Lincoln Square West,West Village,Manhattan,Manhattan
2019-03-30 18:08:32,2019-03-30 18:23:22,1,2.07,11.57,1.02,0.03,14.4,green,credit card,UN/Turtle Bay South,East New York,Manhattan,Brooklyn
2019-03-05 22:29:34,2019-03-05 22:47:03,1,2.23,7.5,1.27,0.1,20.78,green,cash,Union Sq,Westchester Village/Unionport,Manhattan,Bronx
2019-03-05 11:55:13,2019-03-05 12:11:00,1,0.84,21.8,1.47,0.03,22.03,green,cash,Yorkville West,Williamsbridge/Olinville,Manhattan,Bronx
2019-03-13 00:36:55,2019-03-13 00:50:01,1,0.92,5.7,3.24,0.06,28.27,green,cash,Lincoln Square East,Fort Greene,Manhattan,Brooklyn
2019-03-03 13:12:38,2019-03-03 13:29:14,1,0.24,9.7,4.99,0.04,16.95,green,credit card,Midtown North,Columbia Street,Manhattan,Brooklyn
2019-02-28 04:22:57,2019-02-28 04:35:56,1,2.14,8.8,0.44,0.02,9.49,green,cash,Yorkville West,Downtown Brooklyn/MetroTech,Manhattan,Brooklyn
2019-03-01 01:30:31,2019-03-01 01:44:54,1,12.91,5.6,2.69,1.26,35.22,green,cash,Briarwood/Jamaica Hills,Starrett City,Queens,Brooklyn
2019-03-22 02:18:38,2019-03-22 02:32:17,3,0.2,5.1,0.28,0.26,13.12,green,credit card,Lincoln Square East,East New York,Manhattan,Brooklyn
2019-03-30 13:38:14,2019-03-30 13:52:17,6,0.82,14.7,0.02,0.03,16.21,green,credit card,Seaport,Central Harlem,Manhattan,Manhattan
2019-03-21 14:26:57,2019-03-21 14:40:37,1,4.15,7.9,5.07,0.18,68.75,green,credit card,South Jamaica,Kew Gardens Hills,Queens,Queens
2019-03-12 19:09:36,2019-03-12 19:23:33,1,8.75,4.0,0.18,0.09,13.62,green,cash,Manhattan Valley,Hamilton Heights,Manhattan,Manhattan
2019-03-25 10:04:23,2019-03-25 10:20:33,1,0.15,12.87,1.26,0.03,14.9,green,cash,East Village,Roosevelt Island,Manhattan,Manhattan
2019-03-29 05:44:48,2019-03-29 06:00:12,1,1.14,5.2,0.51,0.01,26.25,green,credit card,Lenox Hill West,Brownsville,Manhattan,Brooklyn
2019-03-18 17:46:18,2019-03-18 18:00:32,1,2.58,7.9,0.24,0.03,11.18,green,credit card,Upper East Side North,Old Astoria,Manhattan,Queens
2019-03-23 16:12:35,2019-03-23 16:30:21,3,0.01,4.8,2.45,0.51,10.92,green,cash,Central Harlem North,Murray Hill-Queens,Manhattan,Queens
2019-03-28 19:26:19,2019-03-28 19:40:12,1,0.05,8.25,1.45,0.14,10.0,green,credit card,Clinton East,Williamsburg (South Side),Manhattan,Brooklyn
2019-03-29 12:30:48,2019-03-29 12:42:53,1,0.22,7.8,2.54,0.06,24.85,green,credit card,Union Sq,East Tremont,Manhattan,Bronx
2019-03-04 13:32:38,2019-03-04 13:47:50,1,3.62,6.4,3.46,0.25,9.79,green,cash,Garment District,Mount Hope,Manhattan,Bronx
2019-03-01 10:01:55,2019-03-01 10:15:35,1,4.33,5.08,3.25,1.43,26.6,green,cash,Sunnyside,Bushwick North,Queens,Brooklyn
2019-03-03 17:54:42,2019-03-03 18:08:02,1,5.4,46.4,6.03,0.91,68.67,green,cash,Woodside,Garment District,Queens,Manhattan
2019-03-23 00:04:40,2019-03-23 00:17:27,2,1.92,9.7,0.11,0.05,9.79,green,credit card,East Village,South Williamsburg,Manhattan,Brooklyn
2019-03-15 15:00:00,2019-03-15 15:13:22,1,0.43,10.5,0.86,0.16,15.69,green,cash,Brooklyn Heights,Midtown Center,Brooklyn,Manhattan
2019-03-13 04:33:30,2019-03-13 04:47:08,1,0.5,14.3,0.38,0.08,27.31,green,cash,Stuy Town/Peter Cooper Village,Clinton West,Manhattan,Manhattan
2019-03-07 15:56:50,2019-03-07 16:12:12,1,1.62,9.2,1.77,0.18,19.39,green,credit card,Midtown East,Bronxdale,Manhattan,Bronx
2019-03-17 12:29:29,2019-03-17 12:44:06,1,0.83,13.1,1.08,0.11,15.48,green,credit card,Lower East Side,Upper West Side North,Manhattan,Manhattan
2019-03-19 16:26:42,2019-03-19 16:44:22,1,2.41,16.1,2.3,3.31,39.74,green,cash,Kew Gardens,East Harlem North,Queens,Manhattan
2019-03-25 22:12:23,2019-03-25 22:27:40,1,5.69,5.1,4.28,0.05,17.45,green,cash,Midtown South,Washington Heights South,Manhattan,Manhattan
2019-03-24 22:28:42,2019-03-24 22:43:32,2,2.9,10.72,1.83,0.23,13.5,green,cash,Clinton Hill,West Concourse,Brooklyn,Bronx
2019-03-19 08:00:56,2019-03-19 08:15:41,1,4.59,2.55,2.3,0.47,30.53,green,credit card,Murray Hill,Kew Gardens Hills,Manhattan,Queens
2019-03-30 06:19:50,2019-03-30 06:32:31,2,11.06,4.8,1.18,0.31,23.26,green,credit card,East Harlem South,Garment District,Manhattan,Manhattan
2019-03-31 18:50:22,2019-03-31 19:03:31,1,6.49,6.0,1.37,0.23,12.24,green,cash,Lincoln Square East,Bath Beach,Manhattan,Brooklyn
2019-03-23 07:19:13,2019-03-23 07:32:51,1,5.09,12.0,1.31,0.05,19.32,green,credit card,Lincoln Square East,Queensboro Hill,Manhattan,Queens
2019-03-09 21:50:07,2019-03-09 22:04:29,1,0.98,7.4,1.22,0.03,11.6,green,credit card,Central Park,Dyker Heights,Manhattan,Brooklyn
2019-03-24 03:53:54,2019-03-24 04:09:36,1,0.96,6.5,4.86,0.07,34.5,green,credit card,Midtown North,Melrose South,Manhattan,Bronx
2019-03-13 17:01:18,2019-03-13 17:15:47,2,0.33,6.5,2.02,0.06,22.71,green,cash,TriBeCa/Civic Center,Mott Haven/Port Morris,Manhattan,Bronx
2019-03-22 09:51:31,2019-03-22 10:04:05,1,1.82,7.94,3.26,0.12,20.0,green,cash,Midtown North,Eastchester,Manhattan,Bronx
2019-02-28 19:04:32,2019-02-28 19:19:01,1,1.17,6.3,0.32,0.01,37.08,green,credit card,Central Park,East Concourse/Concourse Village,Manhattan,Bronx
2019-03-14 08:34:57,2019-03-14 08:51:15,1,2.45,8.3,0.39,0.2,22.49,green,cash,Gramercy,East Chelsea,Manhattan,Manhattan
2019-03-18 11:08:20,2019-03-18 11:24:56,1,1.7,5.7,0.63,0.45,13.62,green,cash,TriBeCa/Civic Center,East New York,Manhattan,Brooklyn
2019-03-24 08:11:00,2019-03-24 08:24:53,2,1.74,5.72,3.44,0.21,6.2,green,credit card,Midtown East,Van Cortlandt Village,Manhattan,Bronx
2019-03-03 21:17:39,2019-03-03 21:33:13,1,5.18,3.7,0.28,0.0,34.55,green,credit card,UN/Turtle Bay South,Sunnyside,Manhattan,Queens
2019-03-09 21:09:35,2019-03-09 21:22:36,5,0.15,7.44,0.21,0.14,7.5,green,credit card,Gowanus,Van Nest/Morris Park,Brooklyn,Bronx
2019-03-24 14:07:46,2019-03-24 14:19:12,1,5.06,10.48,0.42,0.07,17.1,green,cash,Marble Hill,Fresh Meadows,Manhattan,Queens
2019-03-27 01:02:46,2019-03-27 01:18:14,5,7.45,11.62,2.6,2.66,51.26,green,cash,LaGuardia Airport,Randalls Island,Queens,Manhattan
2019-03-03 01:23:45,2019-03-03 01:38:59,5,36.7,9.96,0.03,1.18,26.8,green,credit card,Crotona Park East,Morningside Heights,Bronx,Manhattan
2019-03-20 04:36:37,2019-03-20 04:53:07,5,3.23,8.7,0.32,0.27,25.35,green,credit card,Garment District,Lenox Hill East,Manhattan,Manhattan
2019-03-11 02:22:07,2019-03-11 02:34:21,1,12.94,2.7,1.0,0.03,10.5,green,cash,Hudson Sq,Springfield Gardens South,Manhattan,Queens
2019-03-09 01:17:27,2019-03-09 01:30:36,1,8.92,12.6,0.88,0.0,23.39,green,credit card,Upper West Side North,Crown Heights North,Manhattan,Brooklyn
2019-03-05 14:25:14,2019-03-05 14:41:14,1,0.19,11.9,1.12,0.2,12.9,green,credit card,Lincoln Square East,Norwood,Manhattan,Bronx
2019-03-10 03:02:53,2019-03-10 03:15:27,2,2.53,1.9,1.37,0.1,11.83,green,credit card,Lower East Side,Saint Albans,Manhattan,Queens
2019-03-25 00:45:12,2019-03-25 01:02:39,5,2.64,7.66,3.05,0.03,16.0,green,cash,Midtown Center,Ridgewood,Manhattan,Queens
2019-03-31 02:23:28,2019-03-31 02:38:34,1,20.26,14.0,9.3,2.22,25.49,green,cash,Astoria,Brighton Beach,Queens,Brooklyn
2019-02-28 02:47:15,2019-02-28 02:59:25,1,0.85,10.69,3.18,0.0,18.6,green,credit card,Greenwich Village South,Borough Park,Manhattan,Brooklyn
2019-03-19 14:03:09,2019-03-19 14:18:06,2,0.17,13.72,0.04,0.05,14.6,green,cash,Mott Haven/Port Morris,West Chelsea/Hudson Yards,Bronx,Manhattan
2019-03-08 07:18:40,2019-03-08 07:30:59,1,1.81,10.7,5.89,0.49,15.91,green,cash,Upper East Side South,Kingsbridge Heights,Manhattan,Bronx
2019-03-04 21:01:02,2019-03-04 21:16:55,1,0.52,13.7,0.52,0.25,20.49,green,credit card,Penn Station/Madison Sq West,Yorkville East,Manhattan,Manhattan
2019-03-29 02:07:01,2019-03-29 02:21:22,1,12.46,27.12,2.12,1.74,33.2,green,credit card,Sunnyside,Rosedale,Queens,Queens
2019-03-20 01:17:53,2019-03-20 01:32:39,1,0.36,3.55,2.3,0.03,8.61,green,cash,Times Sq/Theatre District,Windsor Terrace,Manhattan,Brooklyn
2019-03-27 08:45:45,2019-03-27 08:58:52,5,0.19,17.9,1.82,0.0,33.1,green,cash,Kips Bay,Auburndale,Manhattan,Queens
2019-03-27 18:56:31,2019-03-27 19:10:25,1,2.83,34.9,6.66,2.47,42.69,green,cash,Sunnyside,Madison,Queens,Brooklyn
2019-03-09 12:09:20,2019-03-09 12:22:24,2,2.43,3.6,0.43,0.35,22.04,green,credit card,Times Sq/Theatre District,Inwood,Manhattan,Manhattan
2019-02-28 12:38:05,2019-02-28 12:52:16,1,6.04,7.9,1.38,0.16,15.46,green,credit card,Central Harlem North,Carroll Gardens,Manhattan,Brooklyn
2019-03-22 16:09:56,2019-03-22 16:23:07,1,0.01,6.5,2.92,0.17,13.48,green,cash,Midtown East,Maspeth,Manhattan,Queens
2019-03-07 23:57:19,2019-03-08 00:13:01,1,0.89,8.8,2.89,0.06,30.74,green,credit card,East Harlem North,Allerton/Pelham Gardens,Manhattan,Bronx
2019-03-19 15:45:15,2019-03-19 15:59:57,1,0.84,44.0,1.73,0.35,55.9,green,credit card,Elmhurst,Van Cortlandt Village,Queens,Bronx
2019-03-29 15:57:29,2019-03-29 16:12:09,1,1.36,6.1,1.63,0.1,7.52,green,cash,West Village,Bushwick South,Manhattan,Brooklyn
2019-03-23 15:17:23,2019-03-23 15:31:11,1,1.68,9.6,1.59,0.43,12.98,green,cash,Bloomingdale,Times Sq/Theatre District,Manhattan,Manhattan
2019-03-27 06:10:04,2019-03-27 06:27:38,2,1.9,7.5,0.91,0.19,12.54,green,cash,East Harlem South,Manhattan Valley,Manhattan,Manhattan
2019-03-16 03:46:06,2019-03-16 04:01:15,5,2.6,6.7,1.27,0.18,10.1,green,credit card,Clinton East,Bayside,Manhattan,Queens
2019-03-25 08:47:41,2019-03-25 09:00:51,1,0.15,8.0,0.88,0.36,22.5,green,cash,Penn Station/Madison Sq West,Bloomingdale,Manhattan,Manhattan
2019-03-11 05:27:45,2019-03-11 05:40:42,1,2.16,11.5,1.68,0.32,11.59,green,cash,Times Sq/Theatre District,Columbia Street,Manhattan,Brooklyn
2019-03-02 18:12:26,2019-03-02 18:25:41,2,0.78,7.8,0.08,0.85,10.86,green,credit card,Central Harlem,Bensonhurst West,Manhattan,Brooklyn
2019-03-21 22:33:00,2019-03-21 22:48:27,1,0.83,6.43,8.9,0.11,10.29,green,credit card,UN/Turtle Bay South,Sutton Place/Turtle Bay North,Manhattan,Manhattan
2019-03-09 11:32:44,2019-03-09 11:50:25,4,3.58,7.68,2.43,0.02,16.7,green,credit card,Central Harlem North,Woodlawn/Wakefield,Manhattan,Bronx
2019-03-22 23:41:36,2019-03-22 23:52:58,1,4.29,9.0,0.6,0.21,18.75,green,cash,Times Sq/Theatre District,Bronxdale,Manhattan,Bronx
2019-03-19 18:16:04,2019-03-19 18:30:24,0,2.13,15.5,1.01,0.15,24.4,green,cash,Times Sq/Theatre District,Whitestone,Manhattan,Queens
2019-03-25 18:44:25,2019-03-25 18:58:28,1,9.9,75.4,3.56,0.9,159.64,green,credit card,Elmhurst,Elmhurst/Maspeth,Queens,Queens
2019-03-28 23:31:45,2019-03-28 23:45:57,1,1.17,22.12,1.61,2.28,23.3,green,credit card,Elmhurst,Ozone Park,Queens,Queens
2019-03-21 11:55:17,2019-03-21 12:11:53,1,1.67,4.1,1.76,0.31,12.34,green,cash,Garment District,East Flushing,Manhattan,Queens
2019-03-16 09:25:01,2019-03-16 09:37:20,1,1.49,9.1,0.42,0.1,10.43,green,credit card,Midtown East,Highbridge,Manhattan,Bronx
2019-03-07 17:14:50,2019-03-07 17:30:15,1,2.49,9.91,3.7,0.04,13.7,green,credit card,Hudson Sq,East Tremont,Manhattan,Bronx
2019-03-01 17:50:21,2019-03-01 18:03:49,1,22.15,7.4,5.45,3.69,96.37,green,credit card,JFK Airport,Bushwick North,Queens,Brooklyn
2019-03-22 11:15:58,2019-03-22 11:30:04,2,1.99,5.9,3.67,0.06,6.68,green,cash,Midtown Center,JFK Airport,Manhattan,Queens
2019-03-18 19:47:49,2019-03-18 20:00:05,1,2.73,7.5,3.34,0.16,10.78,green,cash,Manhattan Valley,Greenwich Village South,Manhattan,Manhattan
2019-03-09 19:59:02,2019-03-09 20:10:49,1,5.63,26.1,2.61,0.32,26.1,green,credit card,Astoria,Alphabet City,Queens,Manhattan
2019-03-28 06:23:12,2019-03-28 06:37:15,1,3.62,6.2,0.32,0.12,34.7,green,cash,Gramercy,Flatlands,Manhattan,Brooklyn
2019-03-12 05:57:35,2019-03-12 06:12:29,1,12.22,5.2,1.71,0.09,16.1,green,cash,Downtown Brooklyn/MetroTech,Flushing,Brooklyn,Queens
2019-03-27 06:58:53,2019-03-27 07:10:24,1,5.42,12.9,3.9,0.07,19.08,green,credit card,Lincoln Square West,West Chelsea/Hudson Yards,Manhattan,Manhattan
2019-03-12 03:43:50,2019-03-12 03:59:09,1,1.38,7.51,0.77,0.02,12.6,green,credit card,Central Park,Bedford Park,Manhattan,Bronx
2019-03-23 04:46:40,2019-03-23 04:59:17,1,2.37,3.3,0.73,0.17,9.93,green,cash,Greenwich Village North,Melrose South,Manhattan,Bronx
2019-03-13 16:22:45,2019-03-13 16:38:22,1,1.3,7.3,1.52,0.16,8.96,green,cash,Penn Station/Madison Sq West,Canarsie,Manhattan,Brooklyn
2019-03-09 00:10:10,2019-03-09 00:23:31,1,1.53,5.9,0.84,0.16,13.81,green,cash,TriBeCa/Civic Center,East Elmhurst,Manhattan,Queens
2019-02-28 18:46:10,2019-02-28 18:59:22,1,4.34,2.8,0.7,2.37,78.91,green,credit card,Long Island City/Hunters Point,Gowanus,Queens,Brooklyn
2019-03-14 21:19:28,2019-03-14 21:33:59,2,5.51,1.81,1.51,1.52,8.8,green,credit card,Jackson Heights,Oakland Gardens,Queens,Queens
2019-03-02 15:22:37,2019-03-02 15:36:16,1,0.85,4.6,0.94,0.0,5.64,green,cash,Yorkville East,Carroll Gardens,Manhattan,Brooklyn
2019-03-18 22:28:44,2019-03-18 22:43:14,1,5.31,7.62,3.62,0.01,13.1,green,credit card,East Chelsea,Queens Village,Manhattan,Queens
2019-03-26 05:15:12,2019-03-26 05:32:30,2,0.52,13.64,7.52,0.17,18.6,green,credit card,Times Sq/Theatre District,Crown Heights South,Manhattan,Brooklyn
2019-03-15 21:33:39,2019-03-15 21:48:18,1,0.31,9.23,1.04,0.22,13.8,green,credit card,Times Sq/Theatre District,West Concourse,Manhattan,Bronx
2019-03-27 06:32:55,2019-03-27 06:45:30,1,1.17,8.83,2.32,0.04,14.5,green,cash,Alphabet City,Inwood Hill Park,Manhattan,Manhattan
2019-03-15 09:03:24,2019-03-15 09:18:13,5,8.31,15.7,0.46,0.51,33.04,green,cash,Pelham Parkway,Queens Village,Bronx,Queens
2019-03-29 13:18:32,2019-03-29 13:32:51,1,0.48,19.3,0.21,0.51,26.95,green,credit card,Whitestone,College Point,Queens,Queens
2019-03-02 16:02:16,2019-03-02 16:15:45,1,0.04,3.8,2.44,0.15,21.31,green,cash,Murray Hill,Long Island City/Hunters Point,Manhattan,Queens
2019-03-27 13:36:21,2019-03-27 13:51:24,1,0.89,4.9,0.99,0.04,16.87,green,cash,Upper East Side North,Randalls Island,Manhattan,Manhattan
2019-03-15 09:25:15,2019-03-15 09:42:15,1,0.24,8.78,0.15,0.13,16.6,green,credit card,Kips Bay,Mott Haven/Port Morris,Manhattan,Bronx
2019-03-29 09:21:30,2019-03-29 09:34:39,1,1.5,10.16,0.83,0.17,18.8,green,credit card,Times Sq/Theatre District,Queens Village,Manhattan,Queens
2019-03-17 04:38:10,2019-03-17 04:52:33,6,2.05,5.4,0.35,0.07,22.66,green,credit card,East Chelsea,Queens Village,Manhattan,Queens
2019-03-27 07:21:43,2019-03-27 07:35:57,1,2.46,7.36,5.4,0.21,8.07,green,cash,Upper West Side North,Homecrest,Manhattan,Brooklyn
2019-03-10 11:54:26,2019-03-10 12:05:53,1,1.37,16.45,1.83,0.05,29.6,green,cash,West Chelsea/Hudson Yards,Roosevelt Island,Manhattan,Manhattan
2019-03-30 16:37:34,2019-03-30 16:54:03,1,2.18,24.67,2.23,1.71,47.6,green,credit card,LaGuardia Airport,Westchester Village/Unionport,Queens,Bronx
2019-03-01 11:20:01,2019-03-01 11:35:03,2,2.68,14.7,2.04,0.12,33.76,green,credit card,Hamilton Heights,Queensbridge/Ravenswood,Manhattan,Queens
2019-03-29 23:22:07,2019-03-29 23:37:01,1,3.2,9.4,1.19,0.08,19.2,green,cash,Boerum Hill,Prospect-Lefferts Gardens,Brooklyn,Brooklyn
2019-03-01 23:21:33,2019-03-01 23:35:19,1,8.41,30.04,3.84,0.67,32.3,green,credit card,Elmhurst,Van Cortlandt Village,Queens,Bronx
2019-03-31 14:36:24,2019-03-31 14:51:55,1,1.06,3.55,0.18,3.3,101.84,green,credit card,JFK Airport,Williamsbridge/Olinville,Queens,Bronx
2019-03-31 07:20:01,2019-03-31 07:34:55,1,2.52,18.7,0.83,0.0,29.35,green,credit card,Sutton Place/Turtle Bay North,East Flatbush/Farragut,Manhattan,Brooklyn
2019-03-10 19:22:01,2019-03-10 19:37:37,1,0.37,14.94,2.18,0.07,19.2,green,cash,Greenwich Village North,East Village,Manhattan,Manhattan
2019-02-28 11:35:02,2019-02-28 11:49:03,1,2.38,13.2,8.18,0.31,14.47,green,cash,East Harlem North,Stapleton,Manhattan,Staten Island
2019-03-09 22:45:52,2019-03-09 23:01:54,1,0.37,10.59,1.83,0.3,12.7,green,credit card,Upper West Side North,Claremont/Bathgate,Manhattan,Bronx
2019-03-12 01:10:12,2019-03-12 01:23:29,1,3.86,31.7,5.85,0.32,52.6,green,cash,LaGuardia Airport,Financial District North,Queens,Manhattan
2019-03-01 09:08:58,2019-03-01 09:21:49,1,2.96,11.62,0.35,0.09,15.7,green,cash,East Village,Woodhaven,Manhattan,Queens
2019-03-23 07:54:06,2019-03-23 08:08:59,1,0.39,13.8,0.77,0.0,28.82,green,credit card,Morningside Heights,Little Italy/NoLiTa,Manhattan,Manhattan
2019-03-12 11:05:56,2019-03-12 11:18:51,1,1.03,8.9,1.01,0.05,29.8,green,credit card,Seaport,Mount Hope,Manhattan,Bronx
2019-03-10 09:57:18,2019-03-10 10:11:19,1,0.26,6.1,4.36,0.14,26.93,green,cash,Upper West Side South,Old Astoria,Manhattan,Queens
2019-03-17 19:56:02,2019-03-17 20:07:41,1,0.94,16.1,6.6,0.04,26.34,green,cash,Midtown East,Cobble Hill,Manhattan,Brooklyn
2019-03-03 19:16:24,2019-03-03 19:31:26,1,2.51,14.74,1.81,0.46,30.6,green,cash,Midwood,Fresh Meadows,Brooklyn,Queens
2019-03-19 12:55:38,2019-03-19 13:09:48,6,3.12,9.67,7.4,0.03,27.35,green,credit card,Midtown North,Greenwich Village North,Manhattan,Manhattan
2019-03-24 17:48:41,2019-03-24 18:04:13,1,0.09,12.2,1.32,0.13,44.71,green,credit card,Central Harlem,East Concourse/Concourse Village,Manhattan,Bronx
2019-03-13 22:35:31,2019-03-13 22:49:49,1,4.48,21.46,0.1,0.17,29.4,green,cash,Midtown East,Upper East Side North,Manhattan,Manhattan
2019-03-08 12:07:57,2019-03-08 12:22:59,1,1.63,7.7,1.01,0.05,13.17,green,credit card,Clinton West,Bushwick North,Manhattan,Brooklyn
2019-03-09 03:28:25,2019-03-09 03:42:14,1,11.97,11.5,1.58,0.07,17.41,green,credit card,East Harlem South,Kingsbridge Heights,Manhattan,Bronx
2019-03-18 05:13:18,2019-03-18 05:27:32,1,0.64,11.6,4.2,0.01,19.05,green,cash,East Village,Kingsbridge Heights,Manhattan,Bronx
2019-03-15 05:14:36,2019-03-15 05:27:53,1,4.67,25.9,2.45,0.6,35.97,green,cash,Clinton East,College Point,Manhattan,Queens
2019-03-21 20:39:40,2019-03-21 20:56:06,1,0.71,8.7,2.28,0.14,14.24,green,cash,Central Park,East Williamsburg,Manhattan,Brooklyn
2019-03-07 20:01:03,2019-03-07 20:15:15,1,6.77,13.5,0.63,0.04,47.06,green,credit card,Williamsburg (North Side),North Corona,Brooklyn,Queens
2019-03-14 13:11:18,2019-03-14 13:25:01,1,1.8,8.3,2.23,0.09,9.34,green,cash,Washington Heights North,Crown Heights North,Manhattan,Brooklyn
2019-03-04 06:10:39,2019-03-04 06:23:27,1,0.96,9.61,2.29,0.08,25.0,green,cash,Bloomingdale,Lenox Hill East,Manhattan,Manhattan
2019-03-09 07:04:15,2019-03-09 07:18:41,1,2.17,10.45,0.74,0.1,13.3,green,credit card,East Village,Bushwick South,Manhattan,Brooklyn
2019-03-23 07:45:34,2019-03-23 08:01:35,2,4.39,6.8,2.0,0.02,9.19,green,credit card,East Village,Stapleton,Manhattan,Staten Island
2019-03-31 14:18:16,2019-03-31 14:31:35,1,2.2,5.9,1.37,0.03,16.56,green,credit card,East Chelsea,Fresh Meadows,Manhattan,Queens
2019-03-15 22:51:03,2019-03-15 23:04:20,2,0.98,3.1,1.46,0.02,12.0,green,cash,Greenwich Village South,Canarsie,Manhattan,Brooklyn
2019-03-31 12:22:19,2019-03-31 12:36:04,2,11.84,5.39,1.21,0.49,12.5,green,cash,Fort Greene,Flatlands,Brooklyn,Brooklyn
2019-03-12 13:59:41,2019-03-12 14:11:08,6,1.78,11.8,4.05,0.07,17.98,green,credit card,Gramercy,Gramercy,Manhattan,Manhattan
2019-03-15 04:18:33,2019-03-15 04:34:05,1,1.48,5.2,4.57,0.03,9.2,green,credit card,Gramercy,West Brighton,Manhattan,Staten Island
2019-03-13 09:06:06,2019-03-13 09:19:57,1,0.7,11.9,0.45,0.07,12.86,green,cash,Lincoln Square East,Whitestone,Manhattan,Queens
2019-03-19 17:24:24,2019-03-19 17:40:48,2,0.62,6.3,0.25,0.27,10.93,green,credit card,Hudson Sq,UN/Turtle Bay South,Manhattan,Manhattan
2019-03-23 14:49:06,2019-03-23 15:04:10,1,1.57,9.5,1.91,0.4,19.07,green,credit card,Upper West Side South,Crown Heights South,Manhattan,Brooklyn
2019-03-25 15:45:06,2019-03-25 15:57:59,1,1.33,6.9,0.46,0.2,14.43,green,cash,Murray Hill,College Point,Manhattan,Queens
2019-03-09 07:58:02,2019-03-09 08:11:07,1,0.21,5.84,5.7,0.06,9.9,green,cash,Yorkville East,Greenwich Village South,Manhattan,Manhattan
2019-03-14 23:48:16,2019-03-15 00:04:17,1,1.89,4.5,3.24,0.18,7.5,green,cash,Midtown Center,Marine Park/Mill Basin,Manhattan,Brooklyn
2019-03-09 13:16:42,2019-03-09 13:31:04,1,1.52,4.3,1.4,0.12,9.34,green,credit card,Upper East Side North,West Brighton,Manhattan,Staten Island
2019-03-10 20:45:46,2019-03-10 21:00:52,2,6.1,11.3,1.06,0.24,24.7,green,cash,Lincoln Square West,Steinway,Manhattan,Queens
2019-03-05 11:37:23,2019-03-05 11:52:49,1,1.42,6.8,0.39,0.17,14.36,green,cash,Lincoln Square East,Stuy Town/Peter Cooper Village,Manhattan,Manhattan
2019-03-24 15:34:58,2019-03-24 15:50:13,1,0.57,6.4,0.44,0.12,29.51,green,credit card,West Village,Financial District South,Manhattan,Manhattan
2019-03-31 19:22:53,2019-03-31 19:35:02,4,4.57,26.9,1.66,1.45,34.52,green,credit card,Middle Village,Williamsburg (North Side),Queens,Brooklyn
2019-03-16 03:42:04,2019-03-16 03:54:45,1,0.43,12.2,5.92,0.05,12.59,green,cash,Union Sq,Morningside Heights,Manhattan,Manhattan
2019-03-01 04:32:58,2019-03-01 04:48:29,1,0.56,3.8,1.55,0.17,9.03,green,cash,East Village,Ozone Park,Manhattan,Queens
2019-03-16 09:21:48,2019-03-16 09:36:15,3,4.13,16.8,0.34,0.02,19.62,green,cash,Upper East Side North,Roosevelt Island,Manhattan,Manhattan
2019-03-17 05:43:11,2019-03-17 05:54:15,1,4.39,12.07,8.32,0.15,31.5,green,credit card,Penn Station/Madison Sq West,East Flatbush/Farragut,Manhattan,Brooklyn
2019-03-19 12:05:02,2019-03-19 12:18:18,2,0.54,8.6,2.41,1.03,16.16,green,credit card,Sunnyside,Greenwich Village North,Queens,Manhattan
2019-03-01 11:09:04,2019-03-01 11:21:57,1,1.74,14.3,2.79,0.51,47.18,green,cash,JFK Airport,Briarwood/Jamaica Hills,Queens,Queens
2019-03-04 01:50:51,2019-03-04 02:05:17,2,2.43,5.4,1.61,0.02,20.07,green,credit card,Lincoln Square East,West Chelsea/Hudson Yards,Manhattan,Manhattan
2019-03-19 07:06:25,2019-03-19 07:21:25,1,6.87,20.8,2.92,0.01,21.76,green,credit card,West Chelsea/Hudson Yards,Park Slope,Manhattan,Brooklyn
2019-03-02 23:20:10,2019-03-02 23:37:18,1,0.89,11.06,0.94,0.43,25.6,green,credit card,Clinton West,Cypress Hills,Manhattan,Brooklyn
2019-03-22 08:31:54,2019-03-22 08:47:40,2,3.54,15.1,1.36,0.06,17.43,green,cash,East Harlem South,Greenpoint,Manhattan,Brooklyn
2019-03-16 14:05:22,2019-03-16 14:17:22,1,0.53,3.8,1.68,0.01,9.18,green,cash,Times Sq/Theatre District,Riverdale/North Riverdale/Fieldston,Manhattan,Bronx
2019-03-02 13:11:36,2019-03-02 13:28:11,5,0.74,6.84,1.9,0.09,14.9,green,credit card,Upper West Side South,Prospect Heights,Manhattan,Brooklyn
2019-03-15 19:45:17,2019-03-15 19:57:37,4,2.91,5.91,2.15,0.16,17.8,green,cash,Clinton East,Seaport,Manhattan,Manhattan
2019-03-17 11:37:59,2019-03-17 11:53:55,1,0.06,5.1,0.78,0.04,24.0,green,cash,East Harlem North,Bayside,Manhattan,Queens
2019-03-20 02:35:05,2019-03-20 02:51:12,1,3.56,6.9,1.32,0.1,21.08,green,credit card,Greenwich Village South,Hunts Point,Manhattan,Bronx
2019-03-06 15:52:35,2019-03-06 16:07:24,2,2.06,6.65,2.54,0.1,11.2,green,credit card,SoHo,Battery Park City,Manhattan,Manhattan
2019-03-05 00:47:14,2019-03-05 01:02:58,1,5.84,13.0,1.27,0.45,28.57,green,credit card,Kips Bay,Prospect Park,Manhattan,Brooklyn
2019-03-07 10:38:06,2019-03-07 10:51:48,1,0.14,5.2,0.66,0.31,16.89,green,cash,Upper East Side North,Randalls Island,Manhattan,Manhattan
2019-03-19 06:41:55,2019-03-19 06:56:07,1,1.15,14.92,2.81,0.05,22.2,green,cash,Union Sq,Lincoln Square West,Manhattan,Manhattan
2019-03-03 22:47:56,2019-03-03 23:05:05,5,0.42,4.5,3.29,0.15,19.02,green,credit card,Union Sq,Financial District South,Manhattan,Manhattan
2019-03-15 15:17:12,2019-03-15 15:32:04,2,0.45,7.3,2.17,0.1,11.78,green,credit card,Midtown North,Maspeth,Manhattan,Queens
2019-03-22 15:04:44,2019-03-22 15:18:58,1,2.75,8.3,1.11,0.03,26.41,green,cash,Manhattan Valley,Crown Heights North,Manhattan,Brooklyn
2019-03-20 17:03:07,2019-03-20 17:16:59,1,3.55,8.92,4.49,0.3,21.7,green,credit card,Woodside,Times Sq/Theatre District,Queens,Manhattan
2019-03-25 11:35:48,2019-03-25 11:49:41,1,1.11,8.6,0.65,0.02,11.92,green,credit card,Upper East Side North,Greenwich Village North,Manhattan,Manhattan
2019-03-23 05:33:53,2019-03-23 05:45:44,1,0.02,15.34,7.82,0.18,17.1,green,cash,Union Sq,East Village,Manhattan,Manhattan
2019-03-15 10:33:40,2019-03-15 10:49:31,3,5.2,5.7,2.87,0.08,10.11,green,cash,Clinton East,Bensonhurst East,Manhattan,Brooklyn
2019-03-23 01:27:35,2019-03-23 01:43:25,2,0.14,5.0,1.96,0.03,14.74,green,cash,Midtown Center,Claremont/Bathgate,Manhattan,Bronx
2019-03-10 02:28:33,2019-03-10 02:45:50,1,4.47,12.03,0.59,0.23,12.9,green,credit card,Clinton East,Seaport,Manhattan,Manhattan
2019-03-05 22:39:19,2019-03-05 22:52:52,3,1.01,2.5,2.27,0.05,27.48,green,cash,Union Sq,Sunnyside,Manhattan,Queens
2019-03-13 00:02:56,2019-03-13 00:16:28,1,1.17,8.52,6.8,0.12,32.2,green,cash,Yorkville West,Hudson Sq,Manhattan,Manhattan
2019-03-02 03:49:07,2019-03-02 04:03:42,1,7.6,30.1,0.57,1.16,39.44,green,credit card,South Jamaica,Murray Hill-Queens,Queens,Queens
2019-03-19 01:31:13,2019-03-19 01:47:47,1,0.15,7.0,0.27,0.66,29.98,green,credit card,East Chelsea,Gowanus,Manhattan,Brooklyn
2019-03-01 03:03:26,2019-03-01 03:19:16,1,1.17,8.22,0.18,0.07,11.7,green,cash,Gramercy,Bay Ridge,Manhattan,Brooklyn
2019-03-07 00:00:14,2019-03-07 00:15:34,1,6.55,5.8,4.36,0.53,10.12,green,cash,Stuyvesant Heights,Bloomingdale,Brooklyn,Manhattan
2019-03-18 06:45:07,2019-03-18 06:58:16,1,6.65,14.0,0.33,0.16,18.16,green,cash,TriBeCa/Civic Center,Woodside,Manhattan,Queens
2019-03-01 10:25:06,2019-03-01 10:39:16,1,5.09,13.6,0.54,0.01,74.07,green,credit card,Boerum Hill,Jamaica,Brooklyn,Queens
2019-03-12 22:29:11,2019-03-12 22:43:58,1,15.06,16.6,1.74,0.01,18.99,green,credit card,Meatpacking/West Village West,Clinton Hill,Manhattan,Brooklyn
2019-03-09 20:13:00,2019-03-09 20:27:49,1,0.81,8.0,3.0,0.26,17.73,green,cash,Lincoln Square East,World Trade Center,Manhattan,Manhattan
2019-03-07 03:19:31,2019-03-07 03:31:33,5,11.85,32.2,0.49,4.65,33.35,green,credit card,Astoria,Battery Park City,Queens,Manhattan
2019-03-03 01:58:03,2019-03-03 02:10:05,1,8.19,4.9,2.46,0.29,7.36,green,credit card,Midtown North,Central Harlem North,Manhattan,Manhattan
2019-03-12 12:04:55,2019-03-12 12:19:27,1,3.73,12.6,1.4,0.02,18.0,green,cash,East Village,Bayside,Manhattan,Queens
2019-03-16 18:12:34,2019-03-16 18:27:01,1,0.64,8.4,3.68,0.06,22.61,green,cash,Lower East Side,Queensboro Hill,Manhattan,Queens
2019-03-30 05:51:42,2019-03-30 06:04:36,1,2.88,7.2,0.54,0.01,13.37,green,cash,East Harlem South,Battery Park,Manhattan,Manhattan
2019-03-24 07:56:53,2019-03-24 08:11:25,1,0.48,10.6,0.35,0.05,16.37,green,credit card,Penn Station/Madison Sq West,Soundview/Bruckner,Manhattan,Bronx
2019-03-16 01:03:14,2019-03-16 01:17:07,1,6.78,47.37,8.88,1.83,51.5,green,cash,LaGuardia Airport,Gravesend,Queens,Brooklyn
2019-03-06 08:47:35,2019-03-06 09:01:16,2,0.45,21.46,2.34,0.67,22.7,green,cash,Union Sq,Melrose South,Manhattan,Bronx
2019-03-18 01:04:40,2019-03-18 01:17:44,1,9.88,2.94,4.76,1.88,15.4,green,credit card,Long Island City/Hunters Point,Central Park,Queens,Manhattan
2019-03-17 23:24:24,2019-03-17 23:39:42,1,3.62,31.2,3.6,0.66,39.23,green,credit card,Elmhurst,Ozone Park,Queens,Queens
2019-03-11 23:53:09,2019-03-12 00:09:17,2,0.11,10.01,0.98,0.06,17.9,green,credit card,Yorkville West,Long Island City/Queens Plaza,Manhattan,Queens
2019-03-20 12:02:52,2019-03-20 12:15:46,1,0.44,52.8,4.16,0.43,68.15,green,cash,Jamaica,Battery Park City,Queens,Manhattan
2019-03-19 06:46:12,2019-03-19 06:59:51,1,0.09,10.7,9.32,0.25,12.19,green,cash,Meatpacking/West Village West,Mount Hope,Manhattan,Bronx
2019-02-28 07:56:49,2019-02-28 08:08:18,5,2.14,10.56,1.54,0.07,16.9,green,credit card,SoHo,Penn Station/Madison Sq West,Manhattan,Manhattan
2019-03-26 16:46:04,2019-03-26 17:02:20,1,1.45,10.1,6.43,0.26,15.76,green,credit card,Midtown East,Bushwick North,Manhattan,Brooklyn
2019-03-28 03:06:27,2019-03-28 03:22:10,5,3.52,10.7,0.1,0.03,13.73,green,cash,Hudson Sq,Midwood,Manhattan,Brooklyn
2019-03-29 17:55:03,2019-03-29 18:06:25,1,5.61,19.06,0.4,1.23,29.6,green,credit card,Soundview/Bruckner,Roosevelt Island,Bronx,Manhattan
2019-03-27 16:40:00,2019-03-27 16:54:33,1,0.75,12.4,0.64,0.12,15.22,green,credit card,Financial District North,Park Slope,Manhattan,Brooklyn
2019-03-08 13:20:42,2019-03-08 13:35:15,1,5.03,7.57,0.01,0.01,29.2,green,credit card,Melrose South,Greenpoint,Bronx,Brooklyn
2019-03-28 14:59:58,2019-03-28 15:17:33,3,1.78,15.2,0.91,0.25,28.3,green,cash,East Harlem South,Homecrest,Manhattan,Brooklyn
2019-03-12 06:25:44,2019-03-12 06:39:02,1,1.72,6.97,6.3,0.04,10.65,green,cash,East Chelsea,East Harlem North,Manhattan,Manhattan
2019-03-01 19:29:29,2019-03-01 19:44:25,1,0.3,8.9,1.2,0.08,18.6,green,credit card,Fort Greene,Garment District,Brooklyn,Manhattan
2019-03-04 17:45:37,2019-03-04 17:58:16,1,0.02,13.04,1.05,0.2,16.9,green,cash,Union Sq,Park Slope,Manhattan,Brooklyn
2019-03-19 21:24:11,2019-03-19 21:37:49,1,0.96,10.7,5.74,0.04,29.39,green,cash,Clinton East,Maspeth,Manhattan,Queens
2019-02-28 20:57:04,2019-02-28 21:12:00,6,0.46,5.6,0.83,0.05,43.68,green,credit card,Clinton East,Garment District,Manhattan,Manhattan
2019-03-26 08:00:38,2019-03-26 08:13:56,1,0.9,9.5,3.89,0.26,14.13,green,credit card,Lenox Hill East,Greenwich Village South,Manhattan,Manhattan
2019-03-18 06:25:51,2019-03-18 06:40:31,1,4.87,9.5,1.29,0.1,16.71,green,cash,Fort Greene,DUMBO/Vinegar Hill,Brooklyn,Brooklyn
2019-03-13 18:08:08,2019-03-13 18:22:28,1,0.31,8.39,2.43,0.13,16.3,green,cash,Lincoln Square East,Lincoln Square East,Manhattan,Manhattan
2019-03-29 20:49:51,2019-03-29 21:04:18,1,2.71,18.3,1.25,0.09,21.21,green,cash,Central Harlem North,Bushwick South,Manhattan,Brooklyn
2019-03-14 05:01:07,2019-03-14 05:14:09,1,1.23,9.1,2.7,0.11,15.6,green,credit card,Battery Park City,Sutton Place/Turtle Bay North,Manhattan,Manhattan
2019-03-20 17:09:07,2019-03-20 17:24:41,2,3.25,2.52,2.1,0.2,14.46,green,credit card,Gramercy,Crown Heights South,Manhattan,Brooklyn
2019-03-05 22:55:26,2019-03-05 23:11:18,6,0.83,9.81,0.7,0.04,13.7,green,cash,Central Harlem North,Williamsbridge/Olinville,Manhattan,Bronx
2019-03-23 10:38:57,2019-03-23 10:53:44,1,0.2,8.0,1.71,0.04,14.4,green,credit card,Central Harlem,Lenox Hill West,Manhattan,Manhattan
2019-03-25 11:54:23,2019-03-25 12:08:52,1,6.83,11.34,3.69,0.12,24.0,green,credit card,Penn Station/Madison Sq West,Queensbridge/Ravenswood,Manhattan,Queens
2019-03-20 12:36:12,2019-03-20 12:52:37,6,2.76,10.4,1.56,0.22,25.91,green,credit card,Upper West Side South,Long Island City/Queens Plaza,Manhattan,Queens
2019-03-15 02:50:48,2019-03-15 03:06:48,1,2.76,33.85,2.26,1.87,64.7,green,cash,LaGuardia Airport,Bedford Park,Queens,Bronx
2019-03-19 07:22:00,2019-03-19 07:34:49,1,1.95,13.1,1.14,0.03,23.73,green,cash,TriBeCa/Civic Center,Brooklyn Heights,Manhattan,Brooklyn
2019-03-07 16:25:53,2019-03-07 16:41:29,1,0.03,7.69,4.09,0.46,8.5,green,credit card,Times Sq/Theatre District,Manhattan Beach,Manhattan,Brooklyn
2019-02-28 18:20:31,2019-02-28 18:35:22,1,1.03,9.0,0.89,0.13,12.4,green,cash,Morningside Heights,East Flushing,Manhattan,Queens
2019-03-20 08:39:09,2019-03-20 08:54:33,1,0.95,4.9,2.63,0.21,26.05,green,cash,Flatiron,North Corona,Manhattan,Queens
2019-03-10 15:02:16,2019-03-10 15:17:00,1,0.02,10.02,1.62,0.17,11.1,green,credit card,Windsor Terrace,Marble Hill,Brooklyn,Manhattan
2019-03-26 07:16:01,2019-03-26 07:29:40,2,2.08,9.6,0.71,0.68,19.37,green,credit card,Yorkville West,Lenox Hill East,Manhattan,Manhattan
2019-03-27 14:46:40,2019-03-27 15:01:49,4,6.23,9.6,0.29,0.12,22.77,green,credit card,Upper West Side North,Co-Op City,Manhattan,Bronx
2019-03-07 21:40:28,2019-03-07 21:54:36,1,1.73,15.28,0.96,0.21,15.8,green,cash,Union Sq,Briarwood/Jamaica Hills,Manhattan,Queens
2019-03-01 04:21:32,2019-03-01 04:33:23,1,10.63,9.0,0.05,0.04,17.13,green,cash,Meatpacking/West Village West,Greenwich Village North,Manhattan,Manhattan
2019-03-26 19:08:29,2019-03-26 19:21:27,1,4.99,15.9,0.72,0.01,39.6,green,credit card,Upper East Side North,Alphabet City,Manhattan,Manhattan
2019-03-08 08:15:45,2019-03-08 08:31:31,1,0.02,9.5,2.68,0.04,14.95,green,credit card,Washington Heights North,Upper West Side South,Manhattan,Manhattan
2019-03-26 02:09:25,2019-03-26 02:23:27,1,2.03,12.8,0.3,0.04,17.15,green,cash,Lenox Hill East,Cambria Heights,Manhattan,Queens
2019-03-08 23:28:29,2019-03-08 23:43:05,1,2.61,8.66,1.49,0.33,18.5,green,credit card,Union Sq,Manhattan Beach,Manhattan,Brooklyn
2019-03-27 20:25:56,2019-03-27 20:39:45,2,0.83,7.9,0.03,0.0,19.72,green,credit card,Midtown East,Springfield Gardens South,Manhattan,Queens
2019-02-28 20:01:08,2019-02-28 20:16:25,1,12.53,6.03,1.03,0.04,7.9,green,cash,Midtown South,Chinatown,Manhattan,Manhattan
2019-03-26 15:35:34,2019-03-26 15:49:53,1,8.87,2.8,1.8,0.84,23.28,green,cash,Long Island City/Queens Plaza,East Flatbush/Farragut,Queens,Brooklyn
2019-03-07 22:27:59,2019-03-07 22:43:58,1,2.59,10.58,1.75,0.07,12.0,green,cash,Times Sq/Theatre District,Belmont,Manhattan,Bronx
2019-03-08 10:15:14,2019-03-08 10:32:40,1,7.84,6.5,2.18,0.07,15.26,green,credit card,Kips Bay,Columbia Street,Manhattan,Brooklyn
2019-03-16 22:59:36,2019-03-16 23:14:11,1,0.43,4.9,1.81,0.28,7.19,green,cash,SoHo,Bushwick South,Manhattan,Brooklyn
2019-03-24 16:20:00,2019-03-24 16:34:17,1,3.57,9.88,0.58,1.94,24.9,green,cash,LaGuardia Airport,Oakland Gardens,Queens,Queens
2019-03-26 00:11:15,2019-03-26 00:25:20,3,1.56,13.6,1.24,0.13,24.18,green,credit card,Upper West Side South,LaGuardia Airport,Manhattan,Queens
2019-03-12 00:14:13,2019-03-12 00:25:30,4,2.61,10.3,2.85,0.08,19.31,green,credit card,East Chelsea,Norwood,Manhattan,Bronx
2019-03-19 08:44:07,2019-03-19 08:58:43,1,2.6,12.4,2.27,0.16,15.88,green,cash,Morningside Heights,South Jamaica,Manhattan,Queens
2019-02-28 01:40:20,2019-02-28 01:52:02,1,1.47,22.22,0.74,0.0,24.1,green,cash,Manhattan Valley,Whitestone,Manhattan,Queens
2019-03-03 01:59:37,2019-03-03 02:14:12,2,0.16,13.1,1.33,0.0,19.69,green,cash,Lincoln Square East,Middle Village,Manhattan,Queens
2019-03-29 22:34:32,2019-03-29 22:48:15,2,6.29,6.9,0.92,0.0,9.17,green,credit card,Penn Station/Madison Sq West,Hamilton Heights,Manhattan,Manhattan
2019-03-25 15:01:10,2019-03-25 15:14:37,2,0.93,7.4,0.56,0.06,17.65,green,credit card,Midtown Center,Lower East Side,Manhattan,Manhattan
2019-03-03 02:31:37,2019-03-03 02:44:46,1,6.59,9.52,0.87,0.11,12.1,green,cash,Chinatown,Middle Village,Manhattan,Queens
2019-03-22 06:27:16,2019-03-22 06:42:52,1,0.45,5.5,0.23,0.02,17.0,green,credit card,Upper East Side North,Spuyten Duyvil/Kingsbridge,Manhattan,Bronx
2019-03-31 11:57:10,2019-03-31 12:14:33,1,0.46,5.9,0.82,0.1,20.8,green,credit card,Lincoln Square East,Bensonhurst East,Manhattan,Brooklyn
2019-03-09 15:01:14,2019-03-09 15:15:11,1,1.94,15.0,4.33,0.08,24.71,green,cash,Lenox Hill West,Van Cortlandt Village,Manhattan,Bronx
2019-03-16 14:27:20,2019-03-16 14:41:55,1,5.01,12.4,0.01,0.06,18.84,green,cash,Washington Heights North,Claremont/Bathgate,Manhattan,Bronx
2019-03-02 04:19:29,2019-03-02 04:33:07,1,2.41,57.43,1.69,5.01,82.1,green,cash,Woodside,Ozone Park,Queens,Queens
2019-03-12 20:10:39,2019-03-12 20:26:23,1,0.83,6.9,2.09,0.03,6.96,green,credit card,Lincoln Square East,Middle Village,Manhattan,Queens
2019-03-21 16:49:02,2019-03-21 17:02:57,0,3.61,11.6,2.93,0.14,17.71,green,cash,Yorkville West,East New York,Manhattan,Brooklyn
2019-03-16 03:27:06,2019-03-16 03:40:05,1,2.38,9.2,1.05,0.71,15.66,green,cash,Fort Greene,Auburndale,Brooklyn,Queens
2019-03-11 05:02:38,2019-03-11 05:16:05,2,1.05,7.1,2.32,0.1,9.01,green,credit card,West Village,West Concourse,Manhattan,Bronx
2019-03-21 12:40:43,2019-03-21 12:55:11,1,1.87,7.0,0.58,0.43,18.9,green,credit card,Greenwich Village North,Clinton East,Manhattan,Manhattan
2019-03-11 00:18:54,2019-03-11 00:32:59,1,3.28,6.9,0.53,0.11,8.44,green,credit card,Upper West Side South,Bedford Park,Manhattan,Bronx
2019-03-07 10:52:11,2019-03-07 11:05:25,1,19.0,8.14,1.3,0.2,26.83,green,cash,Woodside,Ridgewood,Queens,Queens
2019-03-18 06:47:19,2019-03-18 07:01:37,0,4.42,4.2,2.43,0.09,8.89,green,cash,West Chelsea/Hudson Yards,Little Italy/NoLiTa,Manhattan,Manhattan
2019-03-10 23:35:59,2019-03-10 23:50:00,1,0.19,2.9,1.41,0.58,9.44,green,credit card,Downtown Brooklyn/MetroTech,Flatbush/Ditmas Park,Brooklyn,Brooklyn
2019-03-12 22:14:17,2019-03-12 22:29:48,3,4.14,11.0,1.81,0.11,19.49,green,credit card,Bedford,Spuyten Duyvil/Kingsbridge,Brooklyn,Bronx
2019-03-26 12:11:09,2019-03-26 12:28:28,1,7.27,4.1,0.19,0.01,12.22,green,cash,Upper West Side South,Bronxdale,Manhattan,Bronx
2019-02-28 16:21:06,2019-02-28 16:37:25,1,10.3,15.7,0.97,0.2,25.94,green,credit card,Greenwich Village North,Lenox Hill East,Manhattan,Manhattan
2019-03-15 15:05:36,2019-03-15 15:19:32,1,0.94,7.9,4.37,0.22,16.16,green,credit card,East Village,Woodside,Manhattan,Queens
2019-03-19 20:20:48,2019-03-19 20:34:25,1,1.73,33.8,0.1,2.07,53.9,green,cash,East Tremont,East Concourse/Concourse Village,Bronx,Bronx
2019-03-04 17:23:19,2019-03-04 17:37:31,2,2.16,2.9,1.74,0.17,17.02,green,cash,Alphabet City,Flushing Meadows-Corona Park,Manhattan,Queens
2019-03-20 21:53:33,2019-03-20 22:09:01,1,3.31,11.3,5.34,1.04,48.1,green,cash,Jackson Heights,Cobble Hill,Queens,Brooklyn
2019-03-28 13:46:34,2019-03-28 14:02:02,1,1.01,7.9,7.18,0.27,13.3,green,credit card,Lenox Hill East,East Harlem South,Manhattan,Manhattan
2019-03-20 01:36:47,2019-03-20 01:53:02,1,4.86,6.9,0.59,0.31,11.64,green,cash,Canarsie,Brighton Beach,Brooklyn,Brooklyn
2019-03-15 22:10:03,2019-03-15 22:23:36,1,1.9,6.49,1.82,0.32,16.6,green,cash,Murray Hill,East Flushing,Manhattan,Queens
2019-03-20 03:14:31,2019-03-20 03:28:24,1,0.97,13.8,6.87,0.12,36.41,green,credit card,Midtown East,North Corona,Manhattan,Queens
2019-03-23 03:48:42,2019-03-23 04:01:26,2,0.19,9.63,0.38,0.04,10.2,green,credit card,Kips Bay,Elmhurst/Maspeth,Manhattan,Queens
2019-03-19 04:29:13,2019-03-19 04:43:47,1,5.05,12.2,0.6,0.08,15.2,green,cash,East Chelsea,East Concourse/Concourse Village,Manhattan,Bronx
2019-03-12 04:00:53,2019-03-12 04:15:53,1,1.32,11.14,1.37,0.36,34.9,green,cash,Yorkville East,Bedford,Manhattan,Brooklyn
2019-03-25 02:43:21,2019-03-25 02:58:20,1,1.14,10.8,2.65,0.07,15.49,green,cash,World Trade Center,Carroll Gardens,Manhattan,Brooklyn
2019-03-28 17:34:44,2019-03-28 17:49:39,1,1.37,6.2,1.9,2.96,98.81,green,credit card,Jamaica,West Chelsea/Hudson Yards,Queens,Manhattan
2019-03-14 02:19:56,2019-03-14 02:31:44,1,1.58,11.11,0.8,0.29,13.9,green,credit card,Gramercy,Eastchester,Manhattan,Bronx
2019-03-27 11:59:54,2019-03-27 12:14:48,1,0.25,10.0,3.97,0.07,11.73,green,cash,Murray Hill,Jamaica,Manhattan,Queens
2019-03-11 13:55:33,2019-03-11 14:11:14,1,1.31,13.8,2.75,0.14,13.93,green,credit card,Upper West Side North,Williamsbridge/Olinville,Manhattan,Bronx
2019-03-17 04:03:21,2019-03-17 04:21:20,1,0.99,16.61,3.75,0.38,21.2,green,credit card,West Village,Kew Gardens,Manhattan,Queens
2019-03-20 14:55:41,2019-03-20 15:09:11,1,3.44,7.4,2.04,0.04,14.53,green,credit card,East Village,Oakland Gardens,Manhattan,Queens
2019-03-30 00:17:32,2019-03-30 00:30:42,1,3.42,17.9,5.82,1.09,64.19,green,cash,Murray Hill-Queens,Mott Haven/Port Morris,Queens,Bronx
2019-03-12 15:09:18,2019-03-12 15:23:40,1,0.65,9.0,0.68,0.0,32.71,green,cash,Midtown East,Canarsie,Manhattan,Brooklyn
2019-03-21 18:57:45,2019-03-21 19:14:53,1,0.41,6.5,0.13,0.1,15.48,green,credit card,Sutton Place/Turtle Bay North,Mount Hope,Manhattan,Bronx
2019-03-01 13:24:33,2019-03-01 13:37:04,6,2.1,20.13,2.11,0.25,20.2,green,cash,Lenox Hill East,Greenpoint,Manhattan,Brooklyn
2019-03-07 01:09:41,2019-03-07 01:25:49,1,2.37,18.38,0.29,0.23,18.8,green,cash,Upper East Side North,West Village,Manhattan,Manhattan
2019-03-22 15:04:09,2019-03-22 15:18:45,1,0.75,15.19,1.77,0.01,16.2,green,credit card,Lenox Hill West,JFK Airport,Manhattan,Queens
2019-03-02 17:10:19,2019-03-02 17:27:04,1,3.37,7.14,0.24,0.22,8.4,green,credit card,Upper East Side North,Windsor Terrace,Manhattan,Brooklyn
2019-02-28 12:30:43,2019-02-28 12:47:14,1,3.7,5.4,0.15,0.03,13.5,green,credit card,Greenwich Village South,Downtown Brooklyn/MetroTech,Manhattan,Brooklyn
2019-03-29 20:12:22,2019-03-29 20:28:06,1,3.0,13.5,6.21,4.59,26.96,green,cash,Forest Hills,Mount Hope,Queens,Bronx
2019-02-28 07:47:35,2019-02-28 08:02:56,1,0.89,5.2,0.37,0.68,9.5,green,cash,Upper East Side South,Parkchester,Manhattan,Bronx
2019-03-13 14:04:07,2019-03-13 14:17:01,1,4.89,4.8,0.07,0.39,13.76,green,credit card,Union Sq,TriBeCa/Civic Center,Manhattan,Manhattan
2019-03-15 22:49:27,2019-03-15 23:04:41,1,0.82,9.8,4.8,0.24,25.77,green,credit card,East Chelsea,Hamilton Heights,Manhattan,Manhattan
2019-02-28 01:06:16,2019-02-28 01:20:50,1,0.02,11.0,0.13,0.01,13.32,green,cash,Garment District,Sutton Place/Turtle Bay North,Manhattan,Manhattan
2019-02-28 21:16:32,2019-02-28 21:29:21,2,1.99,15.7,1.57,0.24,20.43,green,credit card,Gramercy,Union Sq,Manhattan,Manhattan
2019-03-02 20:47:39,2019-03-02 21:03:26,1,0.71,21.78,13.67,4.28,41.3,green,credit card,JFK Airport,Bushwick South,Queens,Brooklyn
2019-03-03 00:08:11,2019-03-03 00:22:50,1,0.22,5.9,2.17,0.05,15.3,green,credit card,Upper West Side South,Starrett City,Manhattan,Brooklyn
2019-03-15 19:57:57,2019-03-15 20:11:07,1,3.17,6.1,1.47,0.39,10.3,green,cash,Upper East Side South,Hudson Sq,Manhattan,Manhattan
2019-03-09 00:47:41,2019-03-09 01:02:31,1,5.07,5.71,0.88,0.11,12.8,green,cash,Midtown North,Oakland Gardens,Manhattan,Queens
2019-03-16 09:48:36,2019-03-16 10:03:40,1,1.01,4.7,3.61,0.03,7.96,green,credit card,East Chelsea,Kips Bay,Manhattan,Manhattan
2019-03-23 18:04:29,2019-03-23 18:17:35,1,0.83,9.32,1.58,0.01,12.4,green,cash,West Chelsea/Hudson Yards,Eastchester,Manhattan,Bronx
2019-03-19 22:01:10,2019-03-19 22:15:07,1,8.16,3.7,0.07,0.05,13.35,green,cash,Murray Hill,West Chelsea/Hudson Yards,Manhattan,Manhattan
2019-03-28 07:05:01,2019-03-28 07:18:00,1,0.41,7.47,2.19,0.13,9.6,green,credit card,Midtown East,World Trade Center,Manhattan,Manhattan
2019-03-05 20:16:03,2019-03-05 20:30:31,2,1.69,9.86,2.78,0.02,31.8,green,credit card,Midtown East,Co-Op City,Manhattan,Bronx
2019-03-28 18:03:12,2019-03-28 18:15:45,1,1.58,13.7,0.91,0.15,25.67,green,cash,Upper West Side South,Hillcrest/Pomonok,Manhattan,Queens
2019-03-05 00:25:31,2019-03-05 00:38:31,3,3.5,8.63,2.18,0.06,9.8,green,cash,Greenwich Village North,Douglaston,Manhattan,Queens
2019-03-25 02:16:12,2019-03-25 02:30:45,1,6.83,8.8,0.16,0.77,14.85,green,cash,Bronxdale,Lenox Hill East,Bronx,Manhattan
2019-03-08 15:07:13,2019-03-08 15:20:36,2,3.54,12.68,1.56,2.63,45.6,green,credit card,JFK Airport,Bedford Park,Queens,Bronx
2019-03-16 04:57:32,2019-03-16 05:10:56,2,1.91,19.2,2.4,0.11,23.92,green,credit card,Financial District South,Prospect-Lefferts Gardens,Manhattan,Brooklyn
2019-03-08 08:11:14,2019-03-08 08:26:40,1,0.79,6.3,5.07,0.06,15.32,green,cash,Alphabet City,Homecrest,Manhattan,Brooklyn
2019-03-28 17:54:59,2019-03-28 18:07:57,1,9.7,17.0,6.03,2.59,39.91,green,credit card,Flushing,Flushing,Queens,Queens
2019-03-07 22:41:40,2019-03-07 22:57:55,1,1.03,9.22,5.26,0.06,22.0,green,credit card,Clinton East,Murray Hill,Manhattan,Manhattan
2019-03-14 10:35:59,2019-03-14 10:51:10,1,0.22,6.41,0.68,0.01,12.4,green,cash,Midtown North,Boerum Hill,Manhattan,Brooklyn
2019-03-07 23:26:49,2019-03-07 23:43:30,1,0.05,8.0,3.95,0.22,11.9,green,cash,Sutton Place/Turtle Bay North,Jamaica Estates,Manhattan,Queens
2019-03-24 14:57:09,2019-03-24 15:11:22,1,0.23,11.41,2.11,0.04,20.9,green,cash,Lincoln Square East,Rosedale,Manhattan,Queens
2019-03-24 02:10:56,2019-03-24 02:25:58,1,3.4,15.34,1.97,0.01,18.4,green,credit card,UN/Turtle Bay South,Inwood,Manhattan,Manhattan
2019-03-17 01:24:02,2019-03-17 01:38:15,1,2.22,13.8,0.85,0.07,22.7,green,cash,Upper East Side North,Lenox Hill East,Manhattan,Manhattan
2019-03-15 20:29:43,2019-03-15 20:42:48,3,1.13,5.6,1.55,0.03,25.39,green,cash,Midtown East,Red Hook,Manhattan,Brooklyn
2019-03-22 21:53:33,2019-03-22 22:07:52,4,9.99,10.25,1.1,2.5,28.22,green,credit card,Astoria,College Point,Queens,Queens
2019-03-25 05:14:18,2019-03-25 05:27:58,1,0.18,10.5,0.45,0.13,23.75,green,credit card,Little Italy/NoLiTa,West Village,Manhattan,Manhattan
2019-03-23 21:43:35,2019-03-23 21:59:22,1,6.03,5.3,0.27,1.14,21.06,green,credit card,JFK Airport,East Harlem North,Queens,Manhattan
2019-03-10 22:54:50,2019-03-10 23:09:35,1,0.06,5.7,1.5,0.35,6.77,green,cash,Union Sq,Upper East Side South,Manhattan,Manhattan
2019-03-18 22:53:26,2019-03-18 23:06:23,1,1.61,2.9,1.83,0.1,10.84,green,cash,Central Park,Baisley Park,Manhattan,Queens
2019-02-28 07:38:20,2019-02-28 07:50:33,1,9.2,21.5,3.08,3.06,41.97,green,credit card,Steinway,Hudson Sq,Queens,Manhattan
2019-03-09 14:48:34,2019-03-09 15:00:13,1,2.89,12.6,4.3,1.23,15.99,green,credit card,Brownsville,Manhattan Beach,Brooklyn,Brooklyn
2019-03-08 04:47:08,2019-03-08 05:02:28,1,3.83,7.1,0.42,0.39,30.59,green,cash,East Village,Cypress Hills,Manhattan,Brooklyn
2019-03-18 14:01:10,2019-03-18 14:17:12,1,1.01,5.5,0.09,0.01,37.7,green,credit card,Midtown South,East Tremont,Manhattan,Bronx
2019-03-15 22:33:38,2019-03-15 22:47:58,2,1.57,5.1,1.79,0.02,9.08,green,credit card,Union Sq,Dyker Heights,Manhattan,Brooklyn
2019-03-30 00:04:14,2019-03-30 00:19:58,1,0.87,4.0,2.64,0.19,13.87,green,credit card,Garment District,Washington Heights North,Manhattan,Manhattan
2019-03-17 20:40:32,2019-03-17 20:58:37,0,7.37,18.2,4.17,0.05,19.3,green,cash,East Chelsea,Cobble Hill,Manhattan,Brooklyn
2019-03-10 18:59:40,2019-03-10 19:14:17,1,2.92,7.2,5.07,1.66,34.36,green,cash,JFK Airport,Bushwick South,Queens,Brooklyn
2019-03-16 02:12:23,2019-03-16 02:24:41,1,0.84,11.79,2.13,0.02,14.2,green,credit card,West Village,Times Sq/Theatre District,Manhattan,Manhattan
2019-03-26 14:45:13,2019-03-26 14:59:19,1,2.54,6.4,1.19,0.01,38.16,green,cash,Upper West Side South,Bushwick North,Manhattan,Brooklyn
2019-03-28 21:44:56,2019-03-28 21:59:24,1,0.26,5.2,2.75,0.07,13.9,green,cash,Morningside Heights,Columbia Street,Manhattan,Brooklyn
2019-03-07 14:52:19,2019-03-07 15:07:31,1,0.44,20.14,7.66,0.02,29.2,green,credit card,Lower East Side,Brooklyn Heights,Manhattan,Brooklyn
2019-03-12 19:11:15,2019-03-12 19:27:16,1,2.36,12.5,4.43,0.19,23.82,green,credit card,Midtown Center,Sunset Park West,Manhattan,Brooklyn
2019-03-01 00:04:38,2019-03-01 00:19:02,1,2.5,13.6,0.98,0.25,22.87,green,cash,Brooklyn Heights,Whitestone,Brooklyn,Queens
2019-03-08 01:12:37,2019-03-08 01:25:37,1,0.43,8.7,3.04,0.1,11.74,green,cash,Clinton East,Mount Hope,Manhattan,Bronx
2019-02-28 06:59:03,2019-02-28 07:13:29,1,1.22,5.4,2.08,0.37,14.08,green,cash,Midtown South,Manhattan Beach,Manhattan,Brooklyn
2019-03-02 04:35:44,2019-03-02 04:50:52,1,28.58,34.3,0.25,2.17,41.29,green,credit card,LaGuardia Airport,Parkchester,Queens,Bronx
2019-03-07 12:00:27,2019-03-07 12:13:26,5,0.37,8.73,0.79,0.04,16.5,green,credit card,West Chelsea/Hudson Yards,Columbia Street,Manhattan,Brooklyn
2019-03-24 13:51:38,2019-03-24 14:04:33,1,0.75,16.08,0.25,0.05,24.0,green,cash,UN/Turtle Bay South,Manhattan Beach,Manhattan,Brooklyn
2019-03-26 06:51:11,2019-03-26 07:05:03,2,1.34,4.0,2.29,0.24,8.15,green,credit card,Greenwich Village North,Brooklyn Heights,Manhattan,Brooklyn
2019-03-27 13:31:35,2019-03-27 13:44:39,1,1.42,6.6,2.4,0.2,13.46,green,credit card,East Harlem South,College Point,Manhattan,Queens
2019-03-26 11:16:17,2019-03-26 11:30:27,1,0.67,8.0,3.41,0.14,11.38,green,credit card,Penn Station/Madison Sq West,Homecrest,Manhattan,Brooklyn
2019-03-15 21:05:57,2019-03-15 21:19:30,2,1.1,15.7,0.21,0.13,17.35,green,cash,East Village,Cobble Hill,Manhattan,Brooklyn
2019-03-18 22:20:46,2019-03-18 22:36:07,1,2.63,4.6,1.56,0.05,12.6,green,cash,Clinton East,Crown Heights North,Manhattan,Brooklyn
2019-03-19 17:48:05,2019-03-19 18:01:37,1,6.88,6.0,2.57,0.08,27.19,green,credit card,East Village,Claremont/Bathgate,Manhattan,Bronx
2019-03-30 18:48:21,2019-03-30 19:02:21,2,1.04,21.4,2.22,0.32,31.88,green,cash,Carroll Gardens,Manhattanville,Brooklyn,Manhattan
2019-03-14 18:05:59,2019-03-14 18:19:21,5,1.29,4.82,0.88,0.1,15.4,green,cash,Upper East Side North,Yorkville West,Manhattan,Manhattan
2019-03-13 19:21:28,2019-03-13 19:37:48,1,4.5,4.6,1.2,0.06,6.11,green,credit card,Central Harlem,Kew Gardens Hills,Manhattan,Queens
2019-03-22 07:24:05,2019-03-22 07:40:03,1,0.02,16.66,0.59,0.23,20.8,green,credit card,Midtown Center,Baisley Park,Manhattan,Queens
2019-03-18 06:35:19,2019-03-18 06:50:03,1,1.58,5.6,1.45,0.14,28.17,green,credit card,Yorkville West,Crown Heights North,Manhattan,Brooklyn
2019-03-31 13:57:46,2019-03-31 14:12:07,2,0.52,14.1,0.72,0.27,14.39,green,cash,Gowanus,East Harlem South,Brooklyn,Manhattan
2019-03-10 18:49:09,2019-03-10 19:04:53,1,0.74,6.0,1.13,0.14,14.19,green,cash,Penn Station/Madison Sq West,Sunset Park West,Manhattan,Brooklyn
2019-03-11 22:57:57,2019-03-11 23:11:47,6,1.33,20.2,4.02,0.14,24.86,green,credit card,Lincoln Square East,Midtown North,Manhattan,Manhattan
2019-03-26 18:51:28,2019-03-26 19:07:16,1,4.67,5.5,0.33,0.24,10.4,green,credit card,East Harlem North,Richmond Hill,Manhattan,Queens
2019-03-19 12:16:51,2019-03-19 12:32:57,1,2.77,16.08,2.01,0.01,17.1,green,cash,Hamilton Heights,Lincoln Square West,Manhattan,Manhattan
2019-03-11 09:57:18,2019-03-11 10:10:29,1,1.62,6.7,4.72,0.01,9.82,green,credit card,Upper West Side North,Central Harlem North,Manhattan,Manhattan
2019-03-31 04:32:58,2019-03-31 04:47:33,1,3.77,19.2,1.04,0.01,20.38,green,credit card,Sutton Place/Turtle Bay North,East Concourse/Concourse Village,Manhattan,Bronx
2019-03-19 08:15:01,2019-03-19 08:27:00,1,1.61,11.4,0.25,0.23,45.02,green,credit card,UN/Turtle Bay South,Borough Park,Manhattan,Brooklyn
2019-03-27 21:41:30,2019-03-27 21:57:40,3,6.88,29.4,22.05,0.22,59.78,green,cash,LaGuardia Airport,Flatiron,Queens,Manhattan
2019-03-20 10:37:44,2019-03-20 10:54:09,1,11.01,14.9,4.7,0.66,30.35,green,cash,LaGuardia Airport,Lincoln Square East,Queens,Manhattan
2019-03-17 04:53:42,2019-03-17 05:09:34,1,0.53,5.7,2.95,0.06,17.14,green,credit card,Yorkville East,Glendale,Manhattan,Queens
2019-03-11 20:11:26,2019-03-11 20:27:54,1,2.76,18.1,0.11,0.03,18.22,green,cash,Times Sq/Theatre District,East Harlem North,Manhattan,Manhattan
2019-03-15 03:24:26,2019-03-15 03:38:19,5,5.21,20.88,0.55,0.78,39.5,green,cash,Astoria,UN/Turtle Bay South,Queens,Manhattan
2019-03-26 08:06:13,2019-03-26 08:20:52,1,0.55,5.9,0.87,0.48,33.12,green,credit card,Murray Hill,Prospect Park,Manhattan,Brooklyn
2019-03-29 03:31:50,2019-03-29 03:48:09,1,0.01,3.9,0.72,0.03,11.14,green,credit card,Sunset Park West,Briarwood/Jamaica Hills,Brooklyn,Queens
2019-03-06 02:12:41,2019-03-06 02:29:56,2,4.1,4.9,0.62,0.01,5.98,green,cash,East Village,Bay Ridge,Manhattan,Brooklyn
2019-03-17 13:43:16,2019-03-17 13:59:37,1,0.73,14.1,1.76,0.03,18.97,green,cash,Midtown North,West Village,Manhattan,Manhattan
2019-03-23 04:29:55,2019-03-23 04:43:00,2,5.43,8.3,7.57,0.04,15.74,green,cash,East Chelsea,Sheepshead Bay,Manhattan,Brooklyn
2019-03-18 09:18:44,2019-03-18 09:29:45,1,13.36,11.3,2.99,0.1,11.6,green,credit card,Midtown Center,Midtown South,Manhattan,Manhattan
2019-03-05 07:30:12,2019-03-05 07:44:33,1,1.14,11.65,2.61,0.4,25.6,green,credit card,Clinton East,Glendale,Manhattan,Queens
2019-02-28 04:52:45,2019-02-28 05:06:06,4,0.33,9.31,0.62,0.17,13.3,green,cash,Lincoln Square West,Flushing,Manhattan,Queens
2019-03-04 12:11:34,2019-03-04 12:23:56,1,0.48,3.9,0.98,0.25,11.79,green,credit card,Lenox Hill West,Windsor Terrace,Manhattan,Brooklyn
2019-03-14 09:25:51,2019-03-14 09:42:53,2,2.08,7.2,2.27,0.03,18.2,green,credit card,Lincoln Square West,Crown Heights North,Manhattan,Brooklyn
2019-03-24 10:33:38,2019-03-24 10:49:26,0,3.29,7.1,0.73,0.05,13.22,green,cash,Midwood,Cypress Hills,Brooklyn,Brooklyn
2019-03-01 07:02:07,2019-03-01 07:15:31,1,0.79,4.6,1.06,0.18,21.17,green,cash,Washington Heights South,Springfield Gardens South,Manhattan,Queens
2019-03-10 15:05:06,2019-03-10 15:18:37,2,4.94,10.2,2.55,0.0,25.92,green,cash,Midtown East,JFK Airport,Manhattan,Queens
2019-03-14 08:46:33,2019-03-14 08:58:40,0,2.31,5.8,4.36,0.03,29.76,green,credit card,Clinton East,Seaport,Manhattan,Manhattan
2019-03-15 02:36:59,2019-03-15 02:52:08,2,0.41,5.7,2.75,0.11,17.21,green,cash,Hamilton Heights,Clinton Hill,Manhattan,Brooklyn
2019-03-22 16:36:56,2019-03-22 16:53:09,2,6.87,25.2,0.47,0.84,47.9,green,cash,JFK Airport,Midtown South,Queens,Manhattan
2019-03-26 11:29:05,2019-03-26 11:43:27,1,3.51,12.3,6.73,0.13,37.73,green,credit card,Midtown Center,Van Cortlandt Village,Manhattan,Bronx
2019-03-28 22:41:15,2019-03-28 22:55:12,1,5.19,15.2,1.19,0.1,16.96,green,credit card,Lenox Hill West,Greenwich Village South,Manhattan,Manhattan
2019-03-19 17:51:11,2019-03-19 18:05:40,5,1.01,4.4,0.75,0.2,13.17,green,credit card,Bushwick North,Two Bridges/Seward Park,Brooklyn,Manhattan
2019-03-24 20:35:38,2019-03-24 20:51:34,2,0.87,11.18,0.19,0.1,13.3,green,cash,Morningside Heights,West Concourse,Manhattan,Bronx
2019-03-24 12:47:54,2019-03-24 13:00:44,1,5.14,8.07,0.76,0.2,61.6,green,cash,Downtown Brooklyn/MetroTech,Meatpacking/West Village West,Brooklyn,Manhattan
2019-03-12 22:29:00,2019-03-12 22:43:52,2,2.95,10.9,2.59,0.17,22.67,green,credit card,Garment District,Long Island City/Hunters Point,Manhattan,Queens
2019-03-09 01:13:39,2019-03-09 01:29:03,1,3.04,11.3,3.06,0.31,19.42,green,credit card,SoHo,Cypress Hills,Manhattan,Brooklyn
2019-03-29 17:14:38,2019-03-29 17:27:58,1,0.65,10.8,0.35,0.02,15.7,green,cash,Bloomingdale,Melrose South,Manhattan,Bronx
2019-03-20 20:54:29,2019-03-20 21:05:49,1,1.11,6.24,3.19,0.05,13.2,green,credit card,Yorkville West,Fort Greene,Manhattan,Brooklyn
2019-03-14 13:32:56,2019-03-14 13:44:51,1,0.92,16.07,1.05,0.01,16.7,green,credit card,Yorkville East,Allerton/Pelham Gardens,Manhattan,Bronx
2019-03-15 15:30:37,2019-03-15 15:44:32,1,1.19,9.7,3.13,0.57,16.19,green,cash,Sutton Place/Turtle Bay North,East Williamsburg,Manhattan,Brooklyn
2019-03-30 03:54:38,2019-03-30 04:08:16,3,3.87,9.1,2.06,0.59,11.14,green,cash,West Village,Hudson Sq,Manhattan,Manhattan
2019-03-14 14:24:36,2019-03-14 14:38:51,2,1.36,7.5,0.59,0.05,21.94,green,cash,Battery Park City,Ridgewood,Manhattan,Queens
2019-03-17 19:23:03,2019-03-17 19:35:05,1,0.68,10.62,1.93,0.22,14.9,green,credit card,Penn Station/Madison Sq West,Hillcrest/Pomonok,Manhattan,Queens
2019-02-28 21:14:05,2019-02-28 21:28:25,1,6.46,10.1,7.78,0.57,20.4,green,cash,Elmhurst,Brooklyn Navy Yard,Queens,Brooklyn
2019-03-26 08:32:32,2019-03-26 08:43:59,3,0.93,12.9,0.05,0.12,23.78,green,cash,Lincoln Square East,East Williamsburg,Manhattan,Brooklyn
2019-03-20 15:00:42,2019-03-20 15:14:09,1,6.81,15.0,0.83,0.11,17.32,green,credit card,Midtown North,East Harlem North,Manhattan,Manhattan
2019-03-12 15:41:19,2019-03-12 15:53:16,1,3.58,9.2,0.79,0.17,10.9,green,credit card,Fort Greene,Hamilton Heights,Brooklyn,Manhattan
2019-03-23 08:47:57,2019-03-23 09:03:15,1,3.11,3.5,2.87,0.5,11.38,green,cash,Union Sq,Murray Hill,Manhattan,Manhattan
2019-03-01 17:40:10,2019-03-01 17:52:50,1,8.09,21.7,0.71,1.65,38.94,green,cash,Allerton/Pelham Gardens,Van Nest/Morris Park,Bronx,Bronx
2019-03-19 12:48:30,2019-03-19 13:04:41,3,2.69,9.89,0.14,2.23,16.6,green,cash,Williamsbridge/Olinville,Upper East Side North,Bronx,Manhattan
2019-03-25 17:20:21,2019-03-25 17:34:17,1,4.18,6.5,2.69,0.07,24.0,green,credit card,World Trade Center,Ozone Park,Manhattan,Queens
2019-03-23 09:36:59,2019-03-23 09:53:08,1,1.4,9.4,0.57,0.46,30.97,green,credit card,Clinton East,East Flatbush/Farragut,Manhattan,Brooklyn
2019-03-04 08:00:21,2019-03-04 08:15:00,1,1.68,4.2,3.31,0.08,13.26,green,cash,Financial District North,Jamaica Estates,Manhattan,Queens
2019-03-03 18:41:13,2019-03-03 18:56:14,1,0.44,8.1,0.66,0.35,12.53,green,credit card,East Harlem South,Kingsbridge Heights,Manhattan,Bronx
2019-03-17 06:04:52,2019-03-17 06:19:00,1,5.73,8.14,4.61,0.37,35.0,green,credit card,West Village,Williamsburg (North Side),Manhattan,Brooklyn
2019-03-16 11:57:43,2019-03-16 12:14:00,1,3.18,13.13,0.9,0.05,32.1,green,credit card,SoHo,Boerum Hill,Manhattan,Brooklyn
2019-03-31 16:58:14,2019-03-31 17:13:00,1,0.21,8.9,0.32,0.01,15.4,green,cash,Midtown South,East Village,Manhattan,Manhattan
2019-03-25 23:01:40,2019-03-25 23:15:39,1,1.17,11.61,1.23,0.22,15.8,green,cash,Penn Station/Madison Sq West,Cypress Hills,Manhattan,Brooklyn
2019-03-22 20:54:23,2019-03-22 21:08:57,5,1.17,8.1,0.05,0.22,24.72,green,credit card,Penn Station/Madison Sq West,Bensonhurst East,Manhattan,Brooklyn
2019-03-26 01:33:09,2019-03-26 01:50:01,1,0.29,6.9,5.94,0.36,10.09,green,cash,Union Sq,Inwood,Manhattan,Manhattan
2019-03-27 07:09:43,2019-03-27 07:23:08,1,2.23,9.8,0.56,0.0,16.09,green,cash,Manhattanville,South Ozone Park,Manhattan,Queens
2019-03-04 12:30:05,2019-03-04 12:45:59,1,0.18,12.8,0.84,0.23,25.14,green,credit card,Murray Hill,Alphabet City,Manhattan,Manhattan
2019-03-26 10:07:12,2019-03-26 10:20:01,1,0.46,8.6,0.34,0.04,15.66,green,credit card,Upper West Side South,Kips Bay,Manhattan,Manhattan
2019-03-09 10:23:19,2019-03-09 10:38:47,2,4.21,9.85,1.09,0.53,12.8,green,credit card,Hamilton Heights,Clinton West,Manhattan,Manhattan
2019-03-10 08:53:48,2019-03-10 09:07:31,2,2.79,5.4,0.06,0.08,13.4,green,cash,Upper West Side South,Queens Village,Manhattan,Queens
2019-03-04 22:05:41,2019-03-04 22:21:50,1,1.19,4.08,0.34,0.06,10.6,green,cash,East Village,Bushwick South,Manhattan,Brooklyn
2019-03-26 19:09:58,2019-03-26 19:24:35,2,1.74,2.88,2.0,0.02,9.68,green,credit card,Lenox Hill West,Co-Op City,Manhattan,Bronx
2019-03-04 14:17:21,2019-03-04 14:30:19,1,6.61,13.98,2.82,0.04,33.6,green,credit card,Upper East Side South,West Village,Manhattan,Manhattan
2019-03-26 08:11:35,2019-03-26 08:26:49,2,4.19,7.2,0.08,0.08,13.23,green,cash,Lincoln Square East,Ozone Park,Manhattan,Queens
2019-03-22 13:10:23,2019-03-22 13:25:56,2,1.39,4.1,0.09,0.15,23.81,green,credit card,Lenox Hill East,Stuy Town/Peter Cooper Village,Manhattan,Manhattan
2019-03-24 04:43:24,2019-03-24 04:58:31,1,6.81,7.0,0.18,0.06,8.05,green,credit card,Midtown Center,Lenox Hill East,Manhattan,Manhattan
2019-03-04 12:59:36,2019-03-04 13:09:58,1,1.67,9.72,4.04,0.38,15.9,green,cash,Murray Hill,DUMBO/Vinegar Hill,Manhattan,Brooklyn
2019-03-06 08:04:20,2019-03-06 08:22:24,1,1.94,7.1,3.27,0.02,8.7,green,cash,Midtown East,Old Astoria,Manhattan,Queens
2019-03-15 09:24:43,2019-03-15 09:40:04,1,4.01,5.3,3.16,0.24,18.97,green,cash,Bloomingdale,Hillcrest/Pomonok,Manhattan,Queens
2019-03-08 09:10:19,2019-03-08 09:23:36,2,2.58,4.23,0.48,0.11,7.6,green,credit card,Murray Hill,Carroll Gardens,Manhattan,Brooklyn
2019-03-20 07:39:15,2019-03-20 07:51:47,1,4.14,5.1,1.22,0.07,12.23,green,cash,Meatpacking/West Village West,Lincoln Square West,Manhattan,Manhattan
2019-03-19 04:19:40,2019-03-19 04:34:04,1,1.37,11.82,0.0,0.36,27.7,green,cash,Midtown East,DUMBO/Vinegar Hill,Manhattan,Brooklyn
2019-03-28 17:22:20,2019-03-28 17:37:38,1,1.73,3.91,0.13,0.01,18.8,green,credit card,Riverdale/North Riverdale/Fieldston,Mott Haven/Port Morris,Bronx,Bronx
2019-03-14 00:14:12,2019-03-14 00:27:44,1,4.18,8.32,3.16,0.26,17.7,green,credit card,Midtown Center,West Village,Manhattan,Manhattan
2019-03-09 12:03:31,2019-03-09 12:17:14,1,0.17,12.0,0.61,0.15,21.47,green,cash,East Harlem South,Inwood Hill Park,Manhattan,Manhattan
2019-03-25 21:29:18,2019-03-25 21:44:34,1,2.93,8.12,0.83,0.41,12.0,green,cash,West Chelsea/Hudson Yards,Elmhurst,Manhattan,Queens
2019-03-06 05:58:59,2019-03-06 06:12:27,4,1.33,18.51,0.77,0.49,25.7,green,cash,Penn Station/Madison Sq West,Clinton West,Manhattan,Manhattan
2019-03-06 09:48:42,2019-03-06 10:03:13,1,0.44,5.34,4.1,0.02,7.5,green,credit card,Upper East Side South,Borough Park,Manhattan,Brooklyn
2019-03-05 11:29:38,2019-03-05 11:42:25,5,3.88,11.97,0.4,0.04,15.7,green,credit card,Penn Station/Madison Sq West,West Village,Manhattan,Manhattan
2019-03-07 14:11:25,2019-03-07 14:29:51,1,1.62,7.8,5.17,0.13,12.95,green,cash,Greenwich Village North,Prospect Park,Manhattan,Brooklyn
2019-03-20 08:50:39,2019-03-20 09:06:11,2,0.34,8.9,0.93,0.28,18.74,green,credit card,Garment District,Manhattanville,Manhattan,Manhattan
2019-03-10 14:23:37,2019-03-10 14:39:00,1,2.1,11.7,0.4,0.06,14.48,green,credit card,Penn Station/Madison Sq West,Morrisania/Melrose,Manhattan,Bronx
2019-03-23 06:49:24,2019-03-23 07:05:17,1,1.68,8.6,1.0,0.11,12.18,green,cash,UN/Turtle Bay South,Yorkville East,Manhattan,Manhattan
2019-03-10 16:10:42,2019-03-10 16:27:48,1,5.34,7.9,1.43,0.02,24.1,green,cash,Murray Hill,Bay Ridge,Manhattan,Brooklyn
2019-03-06 04:53:27,2019-03-06 05:06:41,1,4.2,8.1,2.72,0.12,9.64,green,cash,West Village,Howard Beach,Manhattan,Queens
2019-03-06 04:09:33,2019-03-06 04:19:43,1,0.39,15.35,1.06,0.11,20.1,green,credit card,Manhattan Valley,Seaport,Manhattan,Manhattan
2019-03-15 00:25:06,2019-03-15 00:41:36,1,2.63,15.2,2.38,0.11,17.45,green,cash,Lower East Side,Richmond Hill,Manhattan,Queens
2019-03-10 08:25:30,2019-03-10 08:39:22,1,5.0,6.56,5.6,0.47,13.04,green,cash,Morningside Heights,Greenwich Village South,Manhattan,Manhattan
2019-03-11 17:05:29,2019-03-11 17:17:05,1,1.05,6.7,0.77,0.21,40.98,green,credit card,Flatiron,Sheepshead Bay,Manhattan,Brooklyn
2019-03-04 23:58:57,2019-03-05 00:15:00,5,0.2,19.95,3.04,5.09,24.2,green,credit card,Long Island City/Queens Plaza,Baisley Park,Queens,Queens
2019-03-17 20:50:02,2019-03-17 21:03:54,1,2.46,31.8,0.67,0.2,55.41,green,credit card,JFK Airport,South Williamsburg,Queens,Brooklyn
2019-03-26 13:20:16,2019-03-26 13:34:50,1,2.31,6.7,2.42,0.25,32.59,green,cash,Midtown Center,East Tremont,Manhattan,Bronx
2019-03-20 00:59:19,2019-03-20 01:12:18,4,4.92,3.11,4.7,0.4,5.07,green,cash,Long Island City/Queens Plaza,Roosevelt Island,Queens,Manhattan
2019-03-14 06:17:22,2019-03-14 06:33:24,1,1.97,5.9,0.38,0.03,16.04,green,credit card,Lenox Hill East,Manhattanville,Manhattan,Manhattan
2019-03-30 19:58:34,2019-03-30 20:15:46,1,2.27,8.2,0.75,0.26,22.91,green,credit card,Yorkville West,Morningside Heights,Manhattan,Manhattan
2019-03-03 09:55:47,2019-03-03 10:09:43,1,0.02,8.09,7.67,0.04,8.6,green,cash,Upper West Side North,Washington Heights North,Manhattan,Manhattan
2019-03-08 07:37:50,2019-03-08 07:52:09,1,2.74,15.51,1.25,0.78,40.6,green,credit card,Penn Station/Madison Sq West,Flushing Meadows-Corona Park,Manhattan,Queens
2019-03-02 16:36:40,2019-03-02 16:51:12,1,11.01,4.9,0.46,0.04,9.13,green,credit card,East Village,Parkchester,Manhattan,Bronx
2019-03-24 04:24:53,2019-03-24 04:35:56,1,4.4,5.9,3.29,0.06,8.85,green,credit card,East Chelsea,Woodside,Manhattan,Queens
2019-03-12 21:07:46,2019-03-12 21:22:18,5,9.59,10.87,1.46,0.1,28.0,green,cash,LaGuardia Airport,Middle Village,Queens,Queens
2019-03-14 13:32:18,2019-03-14 13:46:59,1,8.85,9.7,2.44,0.26,12.2,green,cash,Midtown North,Bay Ridge,Manhattan,Brooklyn
2019-02-28 01:57:03,2019-02-28 02:14:01,3,0.28,5.9,1.02,0.13,7.62,green,credit card,Murray Hill,East Harlem South,Manhattan,Manhattan
2019-03-13 03:46:24,2019-03-13 04:02:22,1,2.47,10.0,0.24,0.01,12.85,green,cash,Penn Station/Madison Sq West,Jamaica,Manhattan,Queens
2019-03-25 09:46:25,2019-03-25 10:02:51,3,1.31,14.7,1.35,0.15,29.9,green,cash,Downtown Brooklyn/MetroTech,Mott Haven/Port Morris,Brooklyn,Bronx
2019-03-22 01:28:37,2019-03-22 01:42:46,1,4.75,13.55,0.81,0.06,30.9,green,credit card,Upper West Side South,Highbridge,Manhattan,Bronx
2019-03-14 01:25:36,2019-03-14 01:37:59,2,1.27,13.5,2.04,0.19,96.25,green,credit card,Cambria Heights,Greenwich Village South,Queens,Manhattan
2019-03-12 00:33:46,2019-03-12 00:48:22,1,2.2,7.0,2.77,0.02,14.52,green,cash,TriBeCa/Civic Center,Greenwich Village South,Manhattan,Manhattan
2019-03-01 03:40:05,2019-03-01 03:54:47,1,3.2,8.2,0.1,0.61,10.71,green,cash,Midtown East,Ridgewood,Manhattan,Queens
2019-03-23 08:58:28,2019-03-23 09:13:04,2,3.85,4.2,0.37,0.16,14.59,green,cash,Clinton West,Hamilton Heights,Manhattan,Manhattan
2019-03-25 08:43:44,2019-03-25 08:56:05,1,2.19,12.8,2.25,0.29,27.6,green,credit card,Battery Park City,Gramercy,Manhattan,Manhattan
2019-03-09 20:47:40,2019-03-09 21:00:47,1,2.55,9.37,0.31,0.14,11.7,green,credit card,Greenwich Village South,Gowanus,Manhattan,Brooklyn
2019-03-01 14:23:02,2019-03-01 14:39:53,2,4.9,7.3,0.32,0.13,11.25,green,cash,Murray Hill,Brooklyn Navy Yard,Manhattan,Brooklyn
2019-03-28 09:52:22,2019-03-28 10:08:23,4,1.73,9.3,1.87,0.21,11.01,green,credit card,Lower East Side,Queensboro Hill,Manhattan,Queens
2019-03-24 18:47:46,2019-03-24 19:05:40,1,0.91,7.1,3.5,0.11,12.0,green,credit card,Bloomingdale,Maspeth,Manhattan,Queens
2019-03-12 02:28:47,2019-03-12 02:41:49,4,0.28,5.0,4.35,0.4,7.28,green,credit card,Union Sq,Flatlands,Manhattan,Brooklyn
2019-03-25 06:15:24,2019-03-25 06:31:20,1,0.78,9.83,0.99,0.17,15.1,green,cash,Lower East Side,Alphabet City,Manhattan,Manhattan
2019-03-16 23:10:22,2019-03-16 23:25:07,1,9.44,4.4,0.06,0.6,21.64,green,cash,East Concourse/Concourse Village,Lenox Hill West,Bronx,Manhattan
2019-03-20 15:12:51,2019-03-20 15:27:08,1,1.19,5.8,1.46,0.1,17.05,green,credit card,Lincoln Square West,Clinton Hill,Manhattan,Brooklyn
2019-03-07 01:54:58,2019-03-07 02:10:10,1,3.89,9.2,4.09,0.25,12.32,green,cash,Upper West Side North,Steinway,Manhattan,Queens
2019-03-18 04:30:07,2019-03-18 04:43:09,1,0.6,4.9,0.6,0.15,11.2,green,cash,Kips Bay,Rego Park,Manhattan,Queens
2019-03-02 15:19:51,2019-03-02 15:35:19,1,4.35,12.8,0.5,0.25,21.09,green,credit card,Greenpoint,Yorkville East,Brooklyn,Manhattan
2019-03-30 10:46:17,2019-03-30 11:03:01,6,3.3,12.3,2.98,0.26,16.36,green,credit card,Lincoln Square East,Dyker Heights,Manhattan,Brooklyn
2019-03-05 00:05:59,2019-03-05 00:18:52,3,0.05,9.0,2.0,0.05,16.35,green,credit card,Manhattan Valley,UN/Turtle Bay South,Manhattan,Manhattan
2019-03-10 14:58:06,2019-03-10 15:12:16,2,0.3,11.5,0.94,0.02,18.3,green,cash,East Chelsea,East Flatbush/Farragut,Manhattan,Brooklyn
2019-03-10 06:07:04,2019-03-10 06:23:03,1,1.39,12.9,1.21,0.6,31.05,green,cash,Downtown Brooklyn/MetroTech,East New York,Brooklyn,Brooklyn
2019-03-13 19:55:12,2019-03-13 20:12:55,1,7.04,10.3,3.23,0.51,25.04,green,credit card,Midtown Center,Crown Heights North,Manhattan,Brooklyn
2019-03-17 14:10:15,2019-03-17 14:23:59,1,0.91,16.08,0.69,0.08,30.7,green,credit card,East Harlem South,East Williamsburg,Manhattan,Brooklyn
2019-03-18 12:47:17,2019-03-18 13:02:47,5,2.38,6.46,1.05,0.0,9.6,green,cash,Times Sq/Theatre District,Old Astoria,Manhattan,Queens
2019-03-16 04:14:40,2019-03-16 04:29:01,1,0.87,8.61,0.34,0.03,11.5,green,credit card,Garment District,Cobble Hill,Manhattan,Brooklyn
2019-03-30 20:17:31,2019-03-30 20:33:07,2,8.54,7.4,1.23,0.34,8.58,green,credit card,Yorkville West,Spuyten Duyvil/Kingsbridge,Manhattan,Bronx
2019-03-18 03:51:33,2019-03-18 04:04:29,1,1.08,10.8,0.87,0.1,18.12,green,credit card,Midtown East,Brooklyn Heights,Manhattan,Brooklyn
2019-03-22 01:34:38,2019-03-22 01:46:41,1,7.4,12.3,0.7,0.01,29.57,green,cash,Midtown South,Financial District South,Manhattan,Manhattan
2019-03-23 00:54:47,2019-03-23 01:09:22,1,0.25,14.2,0.87,0.05,15.53,green,cash,Central Park,Brownsville,Manhattan,Brooklyn
2019-03-03 13:49:04,2019-03-03 14:03:06,1,0.31,4.05,4.0,0.04,7.24,green,credit card,Lenox Hill West,Gowanus,Manhattan,Brooklyn
2019-03-19 12:48:57,2019-03-19 13:03:17,1,0.92,7.6,0.91,0.09,17.21,green,cash,Upper East Side South,Queens Village,Manhattan,Queens
2019-03-28 04:04:44,2019-03-28 04:20:22,1,7.41,5.3,2.33,0.3,14.37,green,cash,Upper West Side South,Corona,Manhattan,Queens
2019-03-30 05:45:54,2019-03-30 05:59:45,3,5.86,13.6,1.02,0.24,13.7,green,credit card,Lenox Hill West,Washington Heights North,Manhattan,Manhattan
2019-03-06 10:17:33,2019-03-06 10:34:34,2,0.79,9.5,1.82,0.06,19.63,green,credit card,Upper West Side South,Flatbush/Ditmas Park,Manhattan,Brooklyn
2019-03-02 17:47:12,2019-03-02 18:03:43,2,1.29,7.3,4.18,0.04,16.48,green,cash,UN/Turtle Bay South,Van Cortlandt Village,Manhattan,Bronx
2019-03-04 01:44:30,2019-03-04 01:58:21,0,1.25,9.4,2.93,0.17,11.84,green,cash,Gramercy,Sheepshead Bay,Manhattan,Brooklyn
2019-03-14 14:31:27,2019-03-14 14:43:03,5,0.37,17.57,1.6,0.28,44.1,green,cash,Meatpacking/West Village West,Marine Park/Mill Basin,Manhattan,Brooklyn
2019-03-02 03:53:40,2019-03-02 04:08:19,1,1.1,12.2,1.17,0.0,16.73,green,credit card,Union Sq,East Flatbush/Farragut,Manhattan,Brooklyn
2019-03-06 08:16:22,2019-03-06 08:27:49,1,1.31,10.2,4.46,0.2,14.97,green,credit card,Midtown South,Mott Haven/Port Morris,Manhattan,Bronx
2019-03-03 20:26:03,2019-03-03 20:41:58,2,0.34,10.7,2.93,0.07,18.57,green,cash,Gramercy,Bay Ridge,Manhattan,Brooklyn
2019-03-14 02:50:36,2019-03-14 03:05:16,1,5.12,11.1,0.47,0.32,12.33,green,credit card,Lenox Hill East,East Flatbush/Remsen Village,Manhattan,Brooklyn
2019-03-27 08:27:11,2019-03-27 08:42:01,6,1.57,18.9,2.8,0.08,28.78,green,credit card,Clinton East,Prospect Heights,Manhattan,Brooklyn
2019-03-30 11:46:44,2019-03-30 11:59:06,1,1.43,37.0,0.09,1.47,78.23,green,cash,Queensbridge/Ravenswood,Glendale,Queens,Queens
2019-03-29 23:03:24,2019-03-29 23:16:00,1,0.4,7.9,0.75,0.11,18.3,green,cash,Midtown South,Clinton Hill,Manhattan,Brooklyn
2019-03-10 00:08:46,2019-03-10 00:21:30,1,2.63,7.2,0.44,0.44,12.34,green,cash,Upper West Side North,East Flushing,Manhattan,Queens
2019-03-20 14:56:45,2019-03-20 15:11:14,1,4.65,8.6,0.44,0.02,28.24,green,credit card,Penn Station/Madison Sq West,Elmhurst,Manhattan,Queens
2019-03-28 04:07:25,2019-03-28 04:23:20,0,0.61,5.2,3.98,0.05,19.02,green,cash,UN/Turtle Bay South,Yorkville West,Manhattan,Manhattan
2019-03-25 14:25:12,2019-03-25 14:41:28,2,4.38,22.1,0.1,0.4,106.29,green,cash,Soundview/Bruckner,Chinatown,Bronx,Manhattan
2019-03-19 14:47:51,2019-03-19 15:03:01,1,1.61,25.76,0.31,0.89,29.5,green,credit card,Woodside,Washington Heights South,Queens,Manhattan
2019-03-12 09:18:54,2019-03-12 09:32:29,1,3.14,7.31,0.65,0.07,18.3,green,credit card,Greenwich Village South,Long Island City/Hunters Point,Manhattan,Queens
2019-03-13 00:06:33,2019-03-13 00:22:33,2,6.02,5.26,3.86,2.8,38.8,green,credit card,JFK Airport,Mott Haven/Port Morris,Queens,Bronx
2019-03-22 09:30:17,2019-03-22 09:43:39,1,8.07,4.2,1.61,0.34,24.9,green,cash,Crown Heights North,Sutton Place/Turtle Bay North,Brooklyn,Manhattan
2019-03-02 05:43:35,2019-03-02 05:58:47,5,8.06,14.37,0.2,0.37,18.9,green,cash,Williamsburg (North Side),Prospect-Lefferts Gardens,Brooklyn,Brooklyn
2019-03-08 10:00:31,2019-03-08 10:13:18,1,0.55,8.48,0.1,0.29,23.0,green,credit card,Yorkville West,Flushing,Manhattan,Queens
2019-03-29 23:56:31,2019-03-30 00:11:37,1,0.41,4.4,2.2,0.32,19.68,green,credit card,Sutton Place/Turtle Bay North,East Harlem North,Manhattan,Manhattan
2019-03-28 23:31:20,2019-03-28 23:46:04,1,0.34,4.3,0.34,0.19,9.49,green,cash,Penn Station/Madison Sq West,Ocean Hill,Manhattan,Brooklyn
2019-03-07 14:08:45,2019-03-07 14:22:57,2,3.27,11.5,5.42,0.12,17.73,green,credit card,Manhattan Valley,Melrose South,Manhattan,Bronx
2019-03-23 00:04:18,2019-03-23 00:18:52,1,0.93,10.0,1.96,0.29,14.59,green,credit card,Upper West Side South,East New York,Manhattan,Brooklyn
2019-03-01 23:23:25,2019-03-01 23:41:04,1,0.84,22.03,1.69,0.01,23.1,green,cash,Midtown Center,Flushing,Manhattan,Queens
2019-03-12 16:44:22,2019-03-12 16:59:55,1,2.41,16.3,1.98,0.16,21.27,green,cash,West Village,Union Sq,Manhattan,Manhattan
2019-03-25 19:06:35,2019-03-25 19:20:13,1,9.85,13.9,5.58,3.42,19.04,green,cash,Jackson Heights,Clinton West,Queens,Manhattan
2019-03-24 19:14:25,2019-03-24 19:29:15,2,1.1,8.07,2.48,0.04,9.8,green,credit card,Gramercy,Ocean Hill,Manhattan,Brooklyn
2019-03-27 07:22:55,2019-03-27 07:36:26,1,0.4,4.2,1.69,0.13,13.61,green,cash,Clinton West,Meatpacking/West Village West,Manhattan,Manhattan
2019-03-28 06:10:53,2019-03-28 06:24:32,1,1.8,11.98,1.56,2.12,21.5,green,cash,LaGuardia Airport,Boerum Hill,Queens,Brooklyn
2019-03-09 16:14:15,2019-03-09 16:31:12,1,1.99,5.7,2.11,0.0,10.87,green,credit card,World Trade Center,Central Harlem,Manhattan,Manhattan
2019-03-01 08:55:51,2019-03-01 09:09:37,1,2.54,3.6,1.18,0.05,20.71,green,credit card,Midtown Center,East Chelsea,Manhattan,Manhattan
2019-03-03 08:30:42,2019-03-03 08:44:24,1,24.83,6.08,0.03,0.48,22.1,green,cash,Boerum Hill,Yorkville West,Brooklyn,Manhattan
2019-03-28 23:38:05,2019-03-28 23:50:34,1,0.54,8.99,1.08,0.08,20.9,green,cash,East Village,East Chelsea,Manhattan,Manhattan
2019-03-24 12:28:05,2019-03-24 12:42:45,1,1.11,4.5,1.61,0.01,10.58,green,cash,Central Harlem North,Columbia Street,Manhattan,Brooklyn
2019-03-11 19:55:05,2019-03-11 20:11:40,1,1.77,10.9,1.34,0.05,20.93,green,credit card,East Chelsea,East Village,Manhattan,Manhattan
2019-03-10 20:06:04,2019-03-10 20:20:11,4,0.54,5.2,4.77,0.03,5.32,green,credit card,Times Sq/Theatre District,Central Harlem North,Manhattan,Manhattan
2019-03-02 01:39:40,2019-03-02 01:53:05,1,1.92,12.1,0.79,0.42,17.2,green,cash,Midtown Center,Inwood,Manhattan,Manhattan
2019-03-27 14:02:58,2019-03-27 14:16:01,3,0.82,11.06,0.22,0.1,22.1,green,credit card,Lower East Side,Kew Gardens Hills,Manhattan,Queens
2019-03-28 11:23:54,2019-03-28 11:36:30,2,1.49,15.43,1.25,2.91,29.8,green,credit card,JFK Airport,Forest Hills,Queens,Queens
2019-03-09 20:51:51,2019-03-09 21:08:10,1,0.12,10.8,0.46,0.21,14.49,green,credit card,Penn Station/Madison Sq West,Flatbush/Ditmas Park,Manhattan,Brooklyn
2019-03-22 01:30:45,2019-03-22 01:45:09,1,0.18,5.29,3.8,1.39,36.68,green,cash,LaGuardia Airport,Brighton Beach,Queens,Brooklyn
2019-03-20 12:57:55,2019-03-20 13:14:05,6,2.97,11.6,3.85,0.12,27.44,green,cash,Flatiron,Murray Hill-Queens,Manhattan,Queens
2019-03-26 05:38:32,2019-03-26 05:53:44,1,4.03,8.88,5.23,2.91,19.5,green,credit card,LaGuardia Airport,Cypress Hills,Queens,Brooklyn
2019-03-20 03:04:17,2019-03-20 03:18:25,1,1.57,4.7,0.46,0.01,9.83,green,cash,East Village,Clinton East,Manhattan,Manhattan
2019-03-09 02:25:43,2019-03-09 02:40:45,1,0.46,5.8,0.06,0.03,15.11,green,cash,Gramercy,Lenox Hill East,Manhattan,Manhattan
2019-03-18 13:54:49,2019-03-18 14:07:17,1,0.47,20.97,1.59,0.06,21.9,green,credit card,Penn Station/Madison Sq West,South Williamsburg,Manhattan,Brooklyn
2019-03-15 13:29:07,2019-03-15 13:45:17,1,1.53,20.1,4.0,0.12,23.36,green,credit card,Union Sq,Sunset Park West,Manhattan,Brooklyn
2019-03-02 06:45:09,2019-03-02 06:59:02,1,0.59,14.9,3.08,0.07,17.28,green,credit card,Penn Station/Madison Sq West,Prospect-Lefferts Gardens,Manhattan,Brooklyn
2019-03-19 02:52:18,2019-03-19 03:07:28,2,6.59,6.4,3.75,0.41,7.73,green,cash,Union Sq,Sunnyside,Manhattan,Queens
2019-03-06 04:13:22,2019-03-06 04:25:41,1,1.5,14.6,1.22,0.85,38.9,green,cash,Howard Beach,Union Sq,Queens,Manhattan
2019-03-23 19:21:22,2019-03-23 19:37:00,1,2.15,8.5,0.99,0.16,18.16,green,credit card,Upper West Side South,Spuyten Duyvil/Kingsbridge,Manhattan,Bronx
2019-03-09 18:36:44,2019-03-09 18:50:00,1,2.21,5.3,2.06,0.18,18.53,green,credit card,Greenwich Village North,JFK Airport,Manhattan,Queens
2019-03-14 01:00:25,2019-03-14 01:13:10,1,0.97,4.3,0.22,0.03,12.88,green,cash,Upper West Side North,Steinway,Manhattan,Queens
2019-03-27 11:48:34,2019-03-27 12:03:31,1,0.61,8.1,0.75,0.12,20.03,green,credit card,East Harlem North,Soundview/Castle Hill,Manhattan,Bronx
2019-03-06 17:55:58,2019-03-06 18:09:53,1,2.13,7.2,4.62,0.12,7.42,green,credit card,Times Sq/Theatre District,Ridgewood,Manhattan,Queens
2019-03-25 04:44:17,2019-03-25 04:59:57,1,16.04,7.9,0.03,0.94,35.96,green,credit card,Morrisania/Melrose,UN/Turtle Bay South,Bronx,Manhattan
2019-03-05 02:32:39,2019-03-05 02:46:33,1,10.3,5.8,0.21,0.92,12.29,green,cash,Fort Greene,Flatiron,Brooklyn,Manhattan
2019-03-26 14:44:02,2019-03-26 14:57:33,1,0.08,6.9,3.09,0.03,19.81,green,cash,Clinton East,Upper West Side North,Manhattan,Manhattan
2019-03-17 07:11:32,2019-03-17 07:26:52,1,3.92,10.3,3.21,0.36,15.14,green,credit card,Times Sq/Theatre District,Bushwick North,Manhattan,Brooklyn
2019-03-02 13:15:49,2019-03-02 13:28:15,2,3.4,7.1,0.7,0.43,18.64,green,cash,Downtown Brooklyn/MetroTech,Auburndale,Brooklyn,Queens
2019-03-01 07:23:06,2019-03-01 07:38:59,1,2.53,6.9,1.73,0.04,49.88,green,cash,Bushwick South,Lincoln Square West,Brooklyn,Manhattan
2019-03-08 20:38:15,2019-03-08 20:55:30,1,0.3,8.8,3.27,0.4,13.53,green,credit card,Greenwich Village North,South Williamsburg,Manhattan,Brooklyn
2019-02-28 02:33:11,2019-02-28 02:48:32,1,0.59,11.1,1.28,0.26,25.01,green,credit card,Lower East Side,Yorkville West,Manhattan,Manhattan
2019-03-25 01:10:19,2019-03-25 01:25:30,1,5.57,15.1,0.96,0.51,20.68,green,cash,East Harlem South,Dyker Heights,Manhattan,Brooklyn
2019-03-26 03:58:22,2019-03-26 04:13:45,6,0.78,10.39,7.3,0.01,19.5,green,cash,East Harlem North,Bath Beach,Manhattan,Brooklyn
2019-03-25 12:42:56,2019-03-25 12:56:39,3,6.58,8.0,1.72,0.38,92.08,green,cash,Park Slope,Madison,Brooklyn,Brooklyn
2019-03-03 19:46:56,2019-03-03 19:57:50,2,5.24,6.36,2.09,0.03,11.9,green,credit card,Sutton Place/Turtle Bay North,East Concourse/Concourse Village,Manhattan,Bronx
2019-03-05 23:58:21,2019-03-06 00:12:25,1,1.1,9.0,1.91,0.44,15.82,green,credit card,Midtown Center,Kips Bay,Manhattan,Manhattan
2019-03-15 22:44:34,2019-03-15 22:58:31,1,3.37,4.6,0.63,0.12,15.27,green,cash,Crown Heights South,Bushwick South,Brooklyn,Brooklyn
2019-03-17 05:53:06,2019-03-17 06:07:45,1,4.21,10.9,0.46,0.02,15.56,green,credit card,Sutton Place/Turtle Bay North,Chinatown,Manhattan,Manhattan
2019-03-10 23:27:06,2019-03-10 23:41:53,1,0.96,7.3,3.03,0.08,12.91,green,credit card,Midtown Center,University Heights/Morris Heights,Manhattan,Bronx
2019-03-06 12:34:24,2019-03-06 12:47:41,2,1.45,10.7,1.4,0.36,14.31,green,cash,East Harlem South,Brooklyn Navy Yard,Manhattan,Brooklyn
2019-03-28 22:02:53,2019-03-28 22:18:23,1,4.78,8.3,0.33,0.38,32.62,green,cash,Washington Heights South,Hunts Point,Manhattan,Bronx
2019-03-20 07:37:10,2019-03-20 07:49:55,1,12.23,28.65,4.64,0.71,51.0,green,cash,Richmond Hill,Bushwick South,Queens,Brooklyn
2019-03-30 06:01:35,2019-03-30 06:15:07,1,5.53,12.7,6.02,3.16,86.07,green,credit card,Woodside,Lower East Side,Queens,Manhattan
2019-02-28 10:51:20,2019-02-28 11:06:08,1,3.71,15.4,0.16,0.03,19.9,green,cash,Battery Park City,Ozone Park,Manhattan,Queens
2019-03-01 10:50:38,2019-03-01 11:03:20,3,0.02,5.76,0.8,0.29,10.3,green,cash,Midtown Center,Eastchester,Manhattan,Bronx
2019-03-04 11:01:30,2019-03-04 11:17:13,2,4.88,4.1,1.81,0.06,7.87,green,credit card,Midtown East,Briarwood/Jamaica Hills,Manhattan,Queens
2019-03-28 15:45:07,2019-03-28 15:58:31,1,4.39,9.8,0.54,0.04,16.58,green,credit card,Upper East Side South,Prospect Heights,Manhattan,Brooklyn
2019-03-29 00:25:05,2019-03-29 00:38:07,2,8.23,5.87,0.74,0.19,50.9,green,credit card,Brooklyn Heights,Times Sq/Theatre District,Brooklyn,Manhattan
2019-03-26 02:10:42,2019-03-26 02:27:09,1,1.74,4.1,1.3,0.28,25.61,green,cash,Upper East Side South,Long Island City/Queens Plaza,Manhattan,Queens
2019-03-17 06:38:49,2019-03-17 06:52:23,1,4.4,8.22,0.37,0.21,9.8,green,cash,Brooklyn Heights,Chinatown,Brooklyn,Manhattan
2019-03-26 20:28:16,2019-03-26 20:43:02,1,1.23,7.9,0.02,0.26,26.29,green,credit card,Midtown Center,Long Island City/Queens Plaza,Manhattan,Queens
2019-03-19 17:22:53,2019-03-19 17:36:57,1,2.71,19.23,2.6,0.63,58.6,green,credit card,Long Island City/Hunters Point,Manhattanville,Queens,Manhattan
2019-03-01 22:33:30,2019-03-01 22:48:08,5,0.48,6.0,1.69,0.09,10.42,green,cash,Central Park,Greenwich Village North,Manhattan,Manhattan
2019-03-07 17:52:34,2019-03-07 18:08:29,1,9.4,10.9,0.62,0.13,28.31,green,credit card,Murray Hill,Greenpoint,Manhattan,Brooklyn
2019-03-20 15:53:27,2019-03-20 16:07:09,1,2.93,17.24,3.47,0.26,27.5,green,credit card,Greenwich Village North,Lincoln Square West,Manhattan,Manhattan
2019-02-28 04:18:04,2019-02-28 04:34:36,4,2.76,6.0,3.41,0.15,10.02,green,credit card,Kips Bay,Flatiron,Manhattan,Manhattan
2019-03-13 17:06:36,2019-03-13 17:19:05,1,2.2,15.4,2.49,0.56,25.68,green,cash,Lincoln Square East,Randalls Island,Manhattan,Manhattan
2019-03-05 18:07:43,2019-03-05 18:21:26,5,9.73,12.43,6.57,0.1,12.8,green,cash,Upper West Side North,DUMBO/Vinegar Hill,Manhattan,Brooklyn
2019-03-04 05:23:24,2019-03-04 05:36:23,1,2.0,1.9,0.38,0.04,11.95,green,credit card,Lenox Hill East,Little Italy/NoLiTa,Manhattan,Manhattan
2019-03-24 18:17:07,2019-03-24 18:28:47,1,0.08,11.4,0.71,0.08,19.86,green,cash,Lower East Side,West Village,Manhattan,Manhattan
2019-02-28 12:21:53,2019-02-28 12:37:27,1,4.87,13.8,1.41,0.6,15.76,green,cash,Upper East Side North,West Brighton,Manhattan,Staten Island
2019-03-25 08:39:21,2019-03-25 08:57:00,3,0.23,9.22,1.44,0.14,10.8,green,credit card,East Chelsea,Yorkville East,Manhattan,Manhattan
2019-03-30 11:26:16,2019-03-30 11:40:46,1,0.31,7.0,0.84,0.03,7.22,green,credit card,Two Bridges/Seward Park,Bath Beach,Manhattan,Brooklyn
2019-03-13 10:23:34,2019-03-13 10:39:25,1,0.18,16.3,1.42,0.11,27.91,green,cash,Yorkville East,Stuy Town/Peter Cooper Village,Manhattan,Manhattan
2019-03-13 20:08:45,2019-03-13 20:21:48,5,0.27,33.5,3.38,0.39,39.95,green,cash,Greenwich Village North,Bronxdale,Manhattan,Bronx
2019-03-02 16:06:18,2019-03-02 16:22:08,2,1.53,24.22,4.55,0.04,27.1,green,cash,Yorkville East,Upper East Side North,Manhattan,Manhattan
2019-03-08 20:53:46,2019-03-08 21:06:53,0,4.87,3.3,1.64,0.05,21.36,green,credit card,East Chelsea,World Trade Center,Manhattan,Manhattan
2019-03-27 11:42:42,2019-03-27 11:55:59,6,2.22,5.6,3.51,0.33,19.37,green,credit card,Penn Station/Madison Sq West,Saint Albans,Manhattan,Queens
2019-02-28 18:52:16,2019-02-28 19:05:51,0,0.03,10.83,0.67,0.37,13.3,green,cash,Bloomingdale,Carroll Gardens,Manhattan,Brooklyn
2019-03-20 13:39:05,2019-03-20 13:53:06,2,3.12,14.67,2.62,0.36,20.0,green,credit card,Hudson Sq,Madison,Manhattan,Brooklyn
2019-03-23 22:11:26,2019-03-23 22:26:51,1,1.33,13.13,8.07,0.23,49.1,green,credit card,JFK Airport,Hamilton Heights,Queens,Manhattan
2019-03-12 09:35:13,2019-03-12 09:49:42,6,1.2,5.6,1.41,3.88,16.78,green,credit card,Forest Hills,Madison,Queens,Brooklyn
2019-03-31 08:07:43,2019-03-31 08:23:58,1,6.17,8.4,0.59,0.03,22.69,green,cash,Murray Hill,Hudson Sq,Manhattan,Manhattan
2019-03-25 02:57:16,2019-03-25 03:11:27,1,1.66,25.19,2.31,0.03,32.1,green,cash,Midtown East,Financial District South,Manhattan,Manhattan
2019-03-07 18:26:46,2019-03-07 18:41:26,1,1.36,5.1,1.22,0.15,7.25,green,credit card,Clinton East,Corona,Manhattan,Queens
2019-03-11 23:13:29,2019-03-11 23:28:58,1,1.07,11.4,0.5,0.23,12.57,green,cash,Kips Bay,Gramercy,Manhattan,Manhattan
2019-03-29 16:04:48,2019-03-29 16:19:12,1,0.26,8.68,1.09,0.23,11.4,green,cash,Sutton Place/Turtle Bay North,Belmont,Manhattan,Bronx
2019-03-05 11:45:32,2019-03-05 12:02:14,1,0.44,7.07,0.62,0.33,50.3,green,credit card,Woodside,Carroll Gardens,Queens,Brooklyn
2019-03-30 21:12:33,2019-03-30 21:27:36,1,0.29,8.9,0.22,0.11,16.67,green,credit card,Midtown East,East Flatbush/Remsen Village,Manhattan,Brooklyn
2019-03-28 15:50:06,2019-03-28 16:04:03,1,4.92,10.0,2.93,0.02,13.94,green,credit card,Midtown North,Flatiron,Manhattan,Manhattan
2019-03-01 08:00:24,2019-03-01 08:16:20,1,15.11,25.6,3.5,8.8,46.23,green,cash,Steinway,Prospect-Lefferts Gardens,Queens,Brooklyn
2019-03-07 17:40:57,2019-03-07 17:56:25,1,12.34,5.2,1.36,0.02,18.48,green,cash,Clinton West,Van Nest/Morris Park,Manhattan,Bronx
2019-03-16 04:12:36,2019-03-16 04:29:14,1,0.08,11.6,0.96,0.28,12.83,green,credit card,Penn Station/Madison Sq West,Co-Op City,Manhattan,Bronx
2019-03-07 20:40:09,2019-03-07 20:56:28,1,2.46,4.09,4.48,0.14,27.7,green,credit card,LaGuardia Airport,LaGuardia Airport,Queens,Queens
2019-03-30 09:09:33,2019-03-30 09:23:47,1,8.68,12.47,5.0,1.01,63.8,green,cash,JFK Airport,West Brighton,Queens,Staten Island
2019-03-18 19:05:47,2019-03-18 19:20:11,1,0.71,6.5,1.94,0.17,12.9,green,credit card,Upper East Side North,Bedford Park,Manhattan,Bronx
2019-03-13 01:23:48,2019-03-13 01:38:41,0,0.15,3.3,0.77,0.12,11.85,green,credit card,Greenwich Village South,Bronxdale,Manhattan,Bronx
2019-03-22 06:14:18,2019-03-22 06:27:50,2,4.34,8.4,1.35,0.31,17.03,green,credit card,Greenwich Village South,Windsor Terrace,Manhattan,Brooklyn
2019-03-24 09:20:17,2019-03-24 09:35:58,1,6.55,5.2,0.3,0.02,10.66,green,cash,Midtown Center,Elmhurst/Maspeth,Manhattan,Queens
2019-03-05 23:56:23,2019-03-06 00:09:52,1,0.77,14.5,3.51,0.41,17.69,green,cash,Lincoln Square West,Sunnyside,Manhattan,Queens
2019-03-17 05:04:33,2019-03-17 05:20:13,1,0.79,8.5,0.44,0.26,38.62,green,credit card,DUMBO/Vinegar Hill,East Flushing,Brooklyn,Queens
2019-03-31 20:54:22,2019-03-31 21:09:18,1,0.04,8.8,5.18,0.1,20.0,green,cash,Lower East Side,Flatiron,Manhattan,Manhattan
2019-03-25 20:06:15,2019-03-25 20:23:43,1,0.83,6.6,1.68,0.04,7.71,green,cash,Upper East Side North,Murray Hill-Queens,Manhattan,Queens
2019-03-25 22:35:35,2019-03-25 22:51:00,1,0.33,12.17,4.88,0.36,27.8,green,credit card,Times Sq/Theatre District,Inwood,Manhattan,Manhattan
2019-03-07 12:31:23,2019-03-07 12:45:05,1,4.12,5.2,0.28,0.01,14.66,green,credit card,Penn Station/Madison Sq West,Long Island City/Hunters Point,Manhattan,Queens
2019-03-27 12:37:00,2019-03-27 12:50:18,1,1.46,18.89,1.4,0.05,25.0,green,cash,Times Sq/Theatre District,Kew Gardens,Manhattan,Queens
2019-03-10 01:59:10,2019-03-10 02:12:43,1,1.23,7.1,3.0,0.29,39.89,green,cash,Upper West Side North,Sunset Park West,Manhattan,Brooklyn
2019-03-18 04:44:26,2019-03-18 04:58:26,1,1.36,14.14,0.72,0.1,22.5,green,cash,Bloomingdale,Morningside Heights,Manhattan,Manhattan
2019-03-06 00:46:43,2019-03-06 01:03:02,1,1.56,11.01,0.39,0.16,14.5,green,credit card,Morningside Heights,Norwood,Manhattan,Bronx
2019-03-19 11:51:25,2019-03-19 12:04:01,1,1.02,11.0,3.81,0.08,14.19,green,credit card,West Chelsea/Hudson Yards,Little Italy/NoLiTa,Manhattan,Manhattan
2019-03-16 09:11:26,2019-03-16 09:26:56,1,3.5,4.8,2.77,0.01,29.07,green,cash,Penn Station/Madison Sq West,Greenwich Village North,Manhattan,Manhattan
2019-03-18 11:13:14,2019-03-18 11:27:12,1,0.83,8.2,0.65,0.34,12.19,green,credit card,Upper East Side North,East Village,Manhattan,Manhattan
2019-03-30 16:35:15,2019-03-30 16:50:22,1,0.81,19.6,1.42,0.04,21.1,green,credit card,Kips Bay,Saint Albans,Manhattan,Queens
2019-03-22 20:17:57,2019-03-22 20:31:22,1,0.59,7.57,4.9,0.09,23.66,green,cash,Flatiron,University Heights/Morris Heights,Manhattan,Bronx
2019-02-28 20:41:18,2019-02-28 20:55:47,1,1.54,10.8,1.82,0.13,13.77,green,cash,Little Italy/NoLiTa,Whitestone,Manhattan,Queens
2019-03-01 05:46:56,2019-03-01 06:01:30,2,1.31,5.28,0.2,0.28,9.7,green,cash,Bloomingdale,Bensonhurst East,Manhattan,Brooklyn
2019-03-18 22:31:27,2019-03-18 22:45:17,1,28.12,21.6,1.33,3.49,46.1,green,credit card,Astoria,Van Nest/Morris Park,Queens,Bronx
2019-03-06 10:21:08,2019-03-06 10:38:25,1,1.48,6.9,0.78,0.01,16.66,green,cash,Kips Bay,Springfield Gardens South,Manhattan,Queens
2019-03-21 01:48:20,2019-03-21 02:04:14,1,0.48,11.01,0.43,0.06,39.3,green,cash,Erasmus,Inwood Hill Park,Brooklyn,Manhattan
2019-03-14 23:38:05,2019-03-14 23:53:10,1,0.72,4.4,2.06,0.34,31.12,green,credit card,Lower East Side,Carroll Gardens,Manhattan,Brooklyn
2019-03-31 03:35:40,2019-03-31 03:51:15,1,0.4,13.7,1.2,0.17,27.12,green,credit card,East Harlem North,Yorkville East,Manhattan,Manhattan
2019-03-11 18:07:48,2019-03-11 18:23:25,1,4.71,12.56,1.76,0.18,18.1,green,credit card,Clinton West,Kips Bay,Manhattan,Manhattan
2019-03-31 20:08:47,2019-03-31 20:24:11,1,1.25,12.74,0.08,0.08,40.6,green,cash,Bedford,Upper West Side South,Brooklyn,Manhattan
2019-03-10 04:22:22,2019-03-10 04:39:07,1,2.47,13.89,0.38,0.05,15.9,green,cash,Central Park,Midtown East,Manhattan,Manhattan
2019-03-01 06:09:21,2019-03-01 06:25:50,1,0.74,16.08,1.88,0.41,16.3,green,credit card,Meatpacking/West Village West,Sunset Park West,Manhattan,Brooklyn
2019-03-29 04:13:54,2019-03-29 04:29:24,1,0.23,14.82,2.8,0.07,21.7,green,credit card,JFK Airport,Flatiron,Queens,Manhattan
2019-02-28 08:55:52,2019-02-28 09:10:49,1,4.94,11.5,0.42,0.26,20.92,green,cash,Central Park,Canarsie,Manhattan,Brooklyn
2019-03-26 10:19:26,2019-03-26 10:35:48,1,3.02,3.9,3.87,0.03,22.87,green,credit card,Central Park,Kingsbridge Heights,Manhattan,Bronx
2019-03-02 13:41:05,2019-03-02 13:55:59,1,0.27,14.43,0.66,0.15,29.2,green,credit card,Central Harlem North,East Chelsea,Manhattan,Manhattan
2019-03-22 08:48:28,2019-03-22 09:02:12,2,6.72,5.0,2.0,0.38,5.5,green,cash,Lincoln Square East,Melrose South,Manhattan,Bronx
2019-03-07 21:39:39,2019-03-07 21:54:31,1,0.33,10.8,1.37,0.17,25.87,green,cash,Midtown Center,College Point,Manhattan,Queens
2019-03-10 12:48:44,2019-03-10 13:04:00,3,0.19,8.1,6.96,0.28,74.51,green,cash,LaGuardia Airport,Flatiron,Queens,Manhattan
2019-03-10 19:08:36,2019-03-10 19:22:28,1,2.4,13.1,1.85,0.04,16.49,green,credit card,Penn Station/Madison Sq West,Pelham Parkway,Manhattan,Bronx
2019-03-25 05:52:19,2019-03-25 06:05:35,1,7.28,15.6,1.57,0.16,30.98,green,cash,Starrett City,Little Italy/NoLiTa,Brooklyn,Manhattan
2019-03-22 19:37:15,2019-03-22 19:53:12,6,5.8,18.92,1.18,0.0,25.9,green,cash,Yorkville West,Hamilton Heights,Manhattan,Manhattan
2019-03-01 17:48:42,2019-03-01 18:01:54,1,0.04,2.8,0.16,0.11,12.18,green,credit card,Midtown North,Flatlands,Manhattan,Brooklyn
2019-03-17 19:12:48,2019-03-17 19:27:27,1,8.62,6.4,0.91,0.27,24.97,green,credit card,Midtown East,Allerton/Pelham Gardens,Manhattan,Bronx
2019-03-12 02:29:13,2019-03-12 02:43:24,1,2.44,15.1,0.09,0.08,19.92,green,cash,Upper East Side North,Washington Heights South,Manhattan,Manhattan
2019-02-28 15:30:23,2019-02-28 15:44:53,1,2.67,4.5,0.18,0.09,11.46,green,cash,East Chelsea,Douglaston,Manhattan,Queens
2019-03-26 10:04:59,2019-03-26 10:20:49,1,3.81,12.94,2.96,0.06,14.7,green,cash,Upper East Side North,East Williamsburg,Manhattan,Brooklyn
2019-03-06 17:01:27,2019-03-06 17:18:23,3,1.53,6.51,5.2,0.22,28.51,green,credit card,Kips Bay,Clinton West,Manhattan,Manhattan
2019-03-05 10:41:02,2019-03-05 10:55:20,1,0.4,5.8,1.43,0.02,19.57,green,credit card,Times Sq/Theatre District,Bushwick North,Manhattan,Brooklyn
2019-03-05 09:23:51,2019-03-05 09:38:22,1,0.68,11.2,1.86,0.3,17.92,green,cash,Upper East Side South,Hamilton Heights,Manhattan,Manhattan
2019-03-20 06:12:13,2019-03-20 06:25:25,1,0.12,8.1,4.57,0.0,13.18,green,credit card,Gramercy,Manhattan Valley,Manhattan,Manhattan
2019-03-07 06:03:38,2019-03-07 06:13:46,1,4.28,3.4,1.04,1.88,47.69,green,credit card,Sunnyside,Lincoln Square West,Queens,Manhattan
2019-03-12 11:23:29,2019-03-12 11:36:22,1,1.44,11.0,1.13,0.23,17.92,green,credit card,West Village,Brighton Beach,Manhattan,Brooklyn
2019-03-22 02:54:11,2019-03-22 03:08:20,1,34.09,44.3,5.8,0.42,107.12,green,cash,Astoria,Sunset Park West,Queens,Brooklyn
2019-03-03 10:07:04,2019-03-03 10:20:45,1,0.26,13.8,1.95,0.22,14.4,green,cash,Yorkville West,Brownsville,Manhattan,Brooklyn
2019-03-18 02:47:07,2019-03-18 02:59:55,1,0.06,7.05,2.79,0.01,31.9,green,credit card,Lincoln Square East,Williamsburg (North Side),Manhattan,Brooklyn
2019-03-09 11:08:19,2019-03-09 11:24:06,1,0.65,27.1,3.56,0.06,52.28,green,cash,Upper East Side South,Van Cortlandt Village,Manhattan,Bronx
2019-03-26 21:41:46,2019-03-26 21:55:30,1,3.91,12.3,1.78,0.1,12.83,green,cash,Little Italy/NoLiTa,Times Sq/Theatre District,Manhattan,Manhattan
2019-03-13 10:22:21,2019-03-13 10:36:18,1,0.75,14.4,4.83,2.19,28.62,green,credit card,JFK Airport,East Harlem South,Queens,Manhattan
2019-03-24 07:40:09,2019-03-24 07:55:16,1,1.34,5.6,2.9,0.21,15.14,green,credit card,East Harlem North,Van Cortlandt Village,Manhattan,Bronx
2019-03-27 23:54:33,2019-03-28 00:08:17,1,0.22,15.3,3.05,0.06,16.5,green,credit card,Battery Park City,Roosevelt Island,Manhattan,Manhattan
2019-03-14 05:36:13,2019-03-14 05:53:00,2,2.22,9.8,0.08,0.15,22.72,green,cash,Sutton Place/Turtle Bay North,Kingsbridge Heights,Manhattan,Bronx
2019-03-04 14:13:11,2019-03-04 14:25:28,1,0.33,4.3,2.81,0.11,14.51,green,cash,Battery Park City,UN/Turtle Bay South,Manhattan,Manhattan
2019-03-20 23:57:04,2019-03-21 00:12:14,1,1.86,6.9,3.08,0.19,14.5,green,credit card,Midtown East,Sunnyside,Manhattan,Queens
2019-03-01 03:50:11,2019-03-01 04:04:36,2,0.33,9.2,3.32,0.03,14.14,green,credit card,Union Sq,Bensonhurst West,Manhattan,Brooklyn
2019-03-12 20:18:05,2019-03-12 20:33:24,1,2.04,11.15,0.37,0.06,26.7,green,cash,Clinton East,Sutton Place/Turtle Bay North,Manhattan,Manhattan
2019-03-03 03:54:34,2019-03-03 04:08:09,1,10.95,8.9,0.05,0.03,20.8,green,credit card,Murray Hill,Boerum Hill,Manhattan,Brooklyn
2019-03-01 06:06:37,2019-03-01 06:21:45,1,4.26,4.2,1.0,0.45,19.29,green,credit card,Penn Station/Madison Sq West,Pelham Parkway,Manhattan,Bronx
2019-03-11 22:02:34,2019-03-11 22:16:01,1,3.42,7.7,0.17,0.02,16.85,green,cash,Greenwich Village North,Fresh Meadows,Manhattan,Queens
2019-03-16 05:57:27,2019-03-16 06:13:17,1,6.06,11.74,7.02,0.1,14.4,green,cash,Lincoln Square East,Co-Op City,Manhattan,Bronx
2019-03-06 23:19:07,2019-03-06 23:32:03,2,8.45,8.6,0.95,0.01,13.06,green,cash,Lower East Side,Van Cortlandt Village,Manhattan,Bronx
2019-03-09 21:13:00,2019-03-09 21:29:20,1,21.18,21.37,3.06,0.11,21.6,green,credit card,LaGuardia Airport,South Jamaica,Queens,Queens
2019-03-10 03:32:40,2019-03-10 03:44:35,1,4.51,34.7,1.03,1.49,49.86,green,cash,LaGuardia Airport,Belmont,Queens,Bronx
2019-03-31 10:30:10,2019-03-31 10:43:21,0,3.13,7.0,3.0,0.04,7.61,green,cash,Two Bridges/Seward Park,Prospect Park,Manhattan,Brooklyn
2019-03-25 00:29:34,2019-03-25 00:45:09,1,0.78,13.3,0.91,0.03,22.44,green,credit card,UN/Turtle Bay South,Little Italy/NoLiTa,Manhattan,Manhattan
2019-03-20 01:02:28,2019-03-20 01:17:20,1,3.58,5.3,0.25,0.18,5.56,green,credit card,Yorkville East,Allerton/Pelham Gardens,Manhattan,Bronx
2019-03-30 06:45:47,2019-03-30 06:57:10,1,0.6,7.8,3.57,0.35,16.25,green,cash,Gramercy,Bayside,Manhattan,Queens
2019-03-25 13:14:09,2019-03-25 13:30:13,5,0.88,4.9,1.64,0.11,16.57,green,cash,Hamilton Heights,Greenpoint,Manhattan,Brooklyn
2019-03-06 01:25:48,2019-03-06 01:39:43,2,12.26,3.1,0.16,0.71,32.43,green,cash,East Williamsburg,Richmond Hill,Brooklyn,Queens
2019-03-01 15:26:13,2019-03-01 15:41:45,0,2.19,7.5,0.19,0.01,37.04,green,credit card,Meatpacking/West Village West,Middle Village,Manhattan,Queens
2019-03-14 17:39:44,2019-03-14 17:55:24,6,1.8,10.2,1.84,0.07,15.74,green,credit card,Central Harlem North,Clinton Hill,Manhattan,Brooklyn
2019-03-08 22:19:36,2019-03-08 22:31:58,1,0.78,5.5,1.81,0.02,12.33,green,cash,Lincoln Square East,Greenwich Village North,Manhattan,Manhattan
2019-03-11 12:58:18,2019-03-11 13:12:51,1,3.6,6.8,0.2,0.03,8.87,green,credit card,Upper West Side South,Gramercy,Manhattan,Manhattan
2019-03-11 07:22:57,2019-03-11 07:36:06,5,3.72,6.85,1.65,0.19,14.6,green,credit card,Lincoln Square West,Little Italy/NoLiTa,Manhattan,Manhattan
2019-03-22 23:41:13,2019-03-22 23:52:57,1,8.69,21.3,0.43,1.36,42.33,green,cash,Saint Albans,Allerton/Pelham Gardens,Queens,Bronx
2019-03-04 04:53:21,2019-03-04 05:08:09,1,1.32,9.25,0.17,0.14,11.2,green,cash,Flatiron,Van Nest/Morris Park,Manhattan,Bronx
2019-03-14 15:11:30,2019-03-14 15:26:10,1,1.37,23.2,0.57,0.32,69.05,green,cash,JFK Airport,Greenwich Village South,Queens,Manhattan
2019-03-04 02:49:26,2019-03-04 03:04:02,6,0.75,5.9,1.7,0.04,20.41,green,credit card,Murray Hill,Midtown Center,Manhattan,Manhattan
2019-03-09 04:38:58,2019-03-09 04:55:43,1,4.95,14.7,1.73,0.18,29.54,green,cash,Greenwich Village South,Kew Gardens,Manhattan,Queens
2019-02-28 23:21:57,2019-02-28 23:34:32,1,6.12,40.22,1.46,0.33,75.4,green,cash,LaGuardia Airport,Washington Heights North,Queens,Manhattan
2019-03-19 02:56:31,2019-03-19 03:10:31,1,1.51,2.2,0.84,0.48,24.64,green,credit card,West Chelsea/Hudson Yards,Highbridge,Manhattan,Bronx
2019-03-01 17:53:18,2019-03-01 18:08:29,4,0.89,4.1,0.32,0.05,18.44,green,credit card,Upper West Side North,Gowanus,Manhattan,Brooklyn
2019-03-05 22:40:27,2019-03-05 22:55:58,2,1.42,8.0,1.49,0.13,11.14,green,credit card,Upper East Side North,Crown Heights South,Manhattan,Brooklyn
2019-03-25 21:04:51,2019-03-25 21:20:01,6,1.58,15.3,2.26,0.13,29.69,green,cash,Downtown Brooklyn/MetroTech,Whitestone,Brooklyn,Queens
2019-03-18 11:43:32,2019-03-18 11:58:04,1,2.3,36.32,5.59,0.39,44.1,green,cash,Springfield Gardens North,Clinton West,Queens,Manhattan
2019-02-28 15:34:01,2019-02-28 15:44:38,1,3.51,10.73,3.36,0.1,12.9,green,credit card,Alphabet City,Marine Park/Mill Basin,Manhattan,Brooklyn
2019-03-21 05:33:04,2019-03-21 05:49:42,1,0.57,6.7,1.52,0.96,7.69,green,credit card,Downtown Brooklyn/MetroTech,Boerum Hill,Brooklyn,Brooklyn
2019-03-31 08:26:34,2019-03-31 08:39:35,1,2.35,7.1,2.23,0.04,19.59,green,cash,Clinton East,Riverdale/North Riverdale/Fieldston,Manhattan,Bronx
2019-03-10 07:07:35,2019-03-10 07:19:19,1,1.57,15.4,0.87,0.18,81.61,green,credit card,Midtown North,Marble Hill,Manhattan,Manhattan
2019-03-10 19:23:54,2019-03-10 19:36:20,1,2.67,3.7,0.47,0.18,11.56,green,credit card,Morningside Heights,Whitestone,Manhattan,Queens
2019-03-18 11:00:54,2019-03-18 11:13:44,1,0.94,10.6,1.41,0.18,15.45,green,credit card,Central Harlem,Hamilton Heights,Manhattan,Manhattan
2019-03-01 06:25:00,2019-03-01 06:37:07,1,7.57,6.17,3.18,0.31,24.5,green,cash,LaGuardia Airport,Bushwick South,Queens,Brooklyn
2019-03-19 00:21:11,2019-03-19 00:35:41,2,1.0,5.8,3.02,0.23,17.8,green,cash,Murray Hill,Gowanus,Manhattan,Brooklyn
2019-03-09 15:42:18,2019-03-09 15:54:55,4,0.31,5.0,0.86,0.0,14.32,green,credit card,Meatpacking/West Village West,Queensbridge/Ravenswood,Manhattan,Queens
2019-03-05 07:33:24,2019-03-05 07:48:16,1,8.48,17.72,1.09,0.03,22.3,green,cash,Upper West Side South,Lenox Hill West,Manhattan,Manhattan
2019-02-28 10:17:07,2019-02-28 10:29:34,2,1.99,17.0,0.84,0.33,19.58,green,cash,Upper East Side South,Battery Park City,Manhattan,Manhattan
2019-03-28 06:31:00,2019-03-28 06:45:54,1,0.28,7.95,0.04,0.03,10.6,green,credit card,Hudson Sq,East Flushing,Manhattan,Queens
2019-03-24 19:14:26,2019-03-24 19:28:58,1,1.91,10.1,3.64,0.08,42.81,green,credit card,East Village,Gowanus,Manhattan,Brooklyn
2019-03-26 08:33:17,2019-03-26 08:46:30,5,5.12,13.7,0.27,0.91,44.09,green,cash,Whitestone,Fresh Meadows,Queens,Queens
2019-03-05 20:11:52,2019-03-05 20:24:45,1,3.58,16.3,9.08,0.49,41.54,green,cash,JFK Airport,Clinton East,Queens,Manhattan
2019-03-18 19:38:02,2019-03-18 19:51:39,1,0.12,5.21,2.4,0.12,7.72,green,cash,Times Sq/Theatre District,Soundview/Bruckner,Manhattan,Bronx
2019-03-25 06:34:14,2019-03-25 06:46:32,1,1.43,14.77,0.27,0.42,19.5,green,credit card,Central Harlem North,Midtown East,Manhattan,Manhattan
2019-03-12 13:00:49,2019-03-12 13:15:48,1,7.91,3.0,0.49,0.05,19.06,green,credit card,Two Bridges/Seward Park,East Williamsburg,Manhattan,Brooklyn
2019-03-08 06:42:38,2019-03-08 06:58:07,1,5.9,8.5,0.27,2.0,40.71,green,cash,Melrose South,Kew Gardens Hills,Bronx,Queens
2019-03-27 19:58:53,2019-03-27 20:13:08,1,4.01,8.1,1.02,0.09,9.19,green,credit card,Manhattan Valley,Baisley Park,Manhattan,Queens
2019-03-10 15:24:37,2019-03-10 15:41:06,1,0.15,6.93,0.41,0.01,29.8,green,credit card,West Village,Hudson Sq,Manhattan,Manhattan
2019-02-28 08:41:07,2019-02-28 08:59:06,2,16.79,17.8,5.86,0.06,19.74,green,credit card,Upper East Side South,Central Harlem,Manhattan,Manhattan
2019-03-01 07:46:21,2019-03-01 08:02:09,4,0.27,17.1,0.13,0.42,19.58,green,cash,Lenox Hill East,Flatiron,Manhattan,Manhattan
2019-03-23 13:50:01,2019-03-23 14:04:41,2,3.35,11.4,0.95,0.17,18.0,green,cash,Gramercy,SoHo,Manhattan,Manhattan
2019-03-13 03:24:43,2019-03-13 03:38:07,1,0.58,22.51,2.12,0.01,45.1,green,credit card,Hudson Sq,Carroll Gardens,Manhattan,Brooklyn
2019-03-19 12:07:41,2019-03-19 12:19:46,1,2.84,10.39,0.02,0.01,23.8,green,cash,East Harlem South,Sutton Place/Turtle Bay North,Manhattan,Manhattan
2019-03-27 18:59:50,2019-03-27 19:13:54,1,3.57,16.16,0.33,0.03,37.4,green,cash,Times Sq/Theatre District,Lincoln Square East,Manhattan,Manhattan
2019-03-18 01:50:33,2019-03-18 02:06:14,1,3.45,7.4,0.66,0.01,20.56,green,credit card,East Williamsburg,Springfield Gardens South,Brooklyn,Queens
2019-03-11 23:41:50,2019-03-11 23:55:58,1,0.47,7.4,0.58,0.06,11.3,green,credit card,East Village,Bloomingdale,Manhattan,Manhattan
2019-03-26 20:46:49,2019-03-26 21:01:43,1,1.8,13.15,0.05,0.11,13.5,green,credit card,Belmont,Soundview/Bruckner,Bronx,Bronx
2019-03-05 03:55:48,2019-03-05 04:07:28,3,2.03,4.83,1.85,4.2,43.22,green,cash,LaGuardia Airport,Soundview/Castle Hill,Queens,Bronx
2019-03-29 04:23:55,2019-03-29 04:35:51,1,5.88,12.3,0.4,0.28,22.84,green,cash,Clinton East,Alphabet City,Manhattan,Manhattan
2019-03-08 19:32:37,2019-03-08 19:45:57,1,0.36,4.8,1.25,0.03,25.07,green,credit card,Lincoln Square West,Two Bridges/Seward Park,Manhattan,Manhattan
2019-03-15 17:16:45,2019-03-15 17:32:04,1,1.27,4.9,1.64,0.21,11.62,green,credit card,Sutton Place/Turtle Bay North,Bedford,Manhattan,Brooklyn
2019-03-05 02:16:31,2019-03-05 02:30:01,2,2.64,8.0,0.29,0.24,14.14,green,cash,Hudson Sq,Alphabet City,Manhattan,Manhattan
2019-02-28 18:08:14,2019-02-28 18:24:58,1,0.13,9.78,1.19,0.05,21.3,green,credit card,Battery Park City,Astoria,Manhattan,Queens
2019-03-21 02:35:30,2019-03-21 02:49:41,6,5.09,6.0,0.53,0.21,12.46,green,credit card,East Harlem North,Bronxdale,Manhattan,Bronx
2019-03-07 00:31:30,2019-03-07 00:46:02,1,0.72,6.5,0.51,0.09,12.03,green,cash,Midtown Center,Marble Hill,Manhattan,Manhattan
2019-03-13 08:42:16,2019-03-13 08:56:40,1,5.38,15.1,2.81,0.22,22.45,green,cash,Union Sq,Jamaica,Manhattan,Queens
2019-03-27 12:14:37,2019-03-27 12:26:48,2,1.28,11.6,2.61,0.2,13.43,green,cash,Upper East Side North,JFK Airport,Manhattan,Queens
2019-03-11 22:15:26,2019-03-11 22:29:17,1,0.3,8.3,3.01,0.03,16.93,green,credit card,Midtown Center,Boerum Hill,Manhattan,Brooklyn
2019-03-02 03:20:16,2019-03-02 03:35:56,1,0.0,9.7,3.43,0.27,14.32,green,cash,Times Sq/Theatre District,Kew Gardens,Manhattan,Queens
2019-03-20 05:04:44,2019-03-20 05:18:24,1,3.55,17.4,1.65,0.4,22.57,green,cash,Greenwich Village North,Sutton Place/Turtle Bay North,Manhattan,Manhattan
2019-03-29 09:00:29,2019-03-29 09:15:17,1,3.41,17.37,1.72,0.13,22.2,green,credit card,West Chelsea/Hudson Yards,Chinatown,Manhattan,Manhattan
2019-03-05 00:29:15,2019-03-05 00:43:11,1,3.49,7.2,0.91,0.3,9.11,green,credit card,Midtown Center,Bensonhurst East,Manhattan,Brooklyn
2019-03-03 21:17:56,2019-03-03 21:34:31,1,0.54,7.89,0.38,0.1,11.0,green,cash,Sutton Place/Turtle Bay North,Cobble Hill,Manhattan,Brooklyn
2019-03-11 05:58:19,2019-03-11 06:13:08,1,6.64,12.8,2.64,0.28,77.44,green,cash,JFK Airport,Bedford,Queens,Brooklyn
2019-03-18 21:00:03,2019-03-18 21:14:26,1,2.0,4.9,0.01,0.35,22.63,green,cash,East Village,Bensonhurst East,Manhattan,Brooklyn
2019-03-17 10:28:37,2019-03-17 10:46:08,1,5.76,9.2,0.06,0.17,9.81,green,credit card,Upper West Side South,Jamaica,Manhattan,Queens
2019-03-02 20:04:31,2019-03-02 20:20:22,1,19.71,41.9,2.85,0.21,44.48,green,credit card,Elmhurst,Lenox Hill East,Queens,Manhattan
2019-03-22 09:45:59,2019-03-22 10:01:08,1,7.1,8.5,0.37,0.05,12.72,green,cash,Meatpacking/West Village West,Boerum Hill,Manhattan,Brooklyn
2019-03-07 09:15:38,2019-03-07 09:27:09,1,1.95,4.4,1.27,0.07,6.99,green,credit card,Sheepshead Bay,Elmhurst,Brooklyn,Queens
2019-03-18 12:00:33,2019-03-18 12:13:31,2,8.17,3.61,1.5,0.96,36.42,green,credit card,Steinway,Manhattanville,Queens,Manhattan
2019-03-11 07:27:32,2019-03-11 07:40:32,2,2.44,9.2,1.21,0.08,13.26,green,cash,Midtown Center,West Village,Manhattan,Manhattan
2019-03-22 23:53:28,2019-03-23 00:08:30,4,1.77,7.58,0.99,0.15,20.2,green,cash,Clinton East,Central Harlem North,Manhattan,Manhattan
2019-03-18 22:25:21,2019-03-18 22:40:25,3,0.11,6.38,1.21,0.21,14.4,green,cash,Battery Park City,North Corona,Manhattan,Queens
2019-03-30 09:44:18,2019-03-30 09:58:39,2,2.97,20.02,0.79,0.5,26.7,green,credit card,Forest Hills,Midtown South,Queens,Manhattan
2019-03-15 06:07:43,2019-03-15 06:21:44,5,0.24,5.8,0.05,0.09,17.37,green,cash,Lincoln Square East,Old Astoria,Manhattan,Queens
2019-03-04 21:29:50,2019-03-04 21:44:35,5,4.28,9.7,3.69,0.36,21.94,green,cash,Yorkville East,Penn Station/Madison Sq West,Manhattan,Manhattan
2019-03-21 17:53:20,2019-03-21 18:07:25,2,5.76,3.5,0.96,0.09,19.75,green,credit card,Murray Hill,Dyker Heights,Manhattan,Brooklyn
2019-02-28 15:38:53,2019-02-28 15:52:56,1,4.83,7.6,2.61,0.32,19.3,green,credit card,Central Harlem North,Battery Park City,Manhattan,Manhattan
2019-03-28 07:37:34,2019-03-28 07:52:29,1,2.0,5.08,5.0,0.09,10.83,green,credit card,Lower East Side,Kingsbridge Heights,Manhattan,Bronx
2019-03-05 17:14:16,2019-03-05 17:29:05,1,0.39,38.28,0.29,0.63,41.8,green,cash,Co-Op City,Stuy Town/Peter Cooper Village,Bronx,Manhattan
2019-03-30 06:49:17,2019-03-30 07:03:18,1,1.42,9.9,1.14,0.21,16.34,green,cash,Midtown East,Battery Park City,Manhattan,Manhattan
2019-03-20 06:30:21,2019-03-20 06:42:20,1,5.29,12.6,1.93,0.32,24.32,green,credit card,Murray Hill,Woodlawn/Wakefield,Manhattan,Bronx
2019-03-11 12:22:16,2019-03-11 12:36:57,1,0.16,11.8,0.25,0.01,20.63,green,credit card,Lenox Hill West,East Harlem South,Manhattan,Manhattan
2019-02-28 16:58:38,2019-02-28 17:14:33,1,1.16,7.52,0.76,0.03,12.9,green,cash,Lincoln Square East,Jamaica Estates,Manhattan,Queens
2019-03-24 17:15:08,2019-03-24 17:27:25,1,2.14,5.8,0.13,0.1,8.1,green,credit card,Crown Heights North,Kips Bay,Brooklyn,Manhattan
2019-03-18 05:40:01,2019-03-18 05:55:52,1,6.33,44.69,0.08,4.63,65.9,green,credit card,Middle Village,Columbia Street,Queens,Brooklyn
2019-03-20 18:50:44,2019-03-20 19:04:54,2,1.27,8.1,0.86,1.38,50.02,green,cash,Jackson Heights,East Williamsburg,Queens,Brooklyn
2019-03-17 01:46:44,2019-03-17 02:02:38,0,4.83,8.1,1.5,0.0,23.7,green,cash,Downtown Brooklyn/MetroTech,Windsor Terrace,Brooklyn,Brooklyn
2019-03-07 16:53:15,2019-03-07 17:10:04,1,1.25,5.6,0.45,0.5,12.28,green,cash,East Harlem North,Eastchester,Manhattan,Bronx
2019-02-28 21:41:23,2019-02-28 21:56:30,5,2.56,8.1,2.5,0.07,20.23,green,credit card,Midtown Center,Windsor Terrace,Manhattan,Brooklyn
2019-03-25 19:10:48,2019-03-25 19:23:03,1,1.45,7.43,1.64,0.37,11.4,green,cash,Yorkville West,West Concourse,Manhattan,Bronx
2019-03-29 20:26:52,2019-03-29 20:38:24,1,1.9,22.6,0.6,0.39,36.59,green,cash,Financial District North,Kew Gardens Hills,Manhattan,Queens
2019-03-29 19:52:07,2019-03-29 20:06:18,1,2.27,11.36,0.54,0.19,18.8,green,credit card,Sutton Place/Turtle Bay North,Westchester Village/Unionport,Manhattan,Bronx
2019-03-21 12:52:48,2019-03-21 13:06:03,1,0.11,10.7,0.8,0.28,20.63,green,credit card,Union Sq,Gramercy,Manhattan,Manhattan
2019-03-11 06:26:35,2019-03-11 06:42:20,4,4.46,8.31,0.41,0.25,16.4,green,cash,Morningside Heights,Central Harlem North,Manhattan,Manhattan
2019-03-03 19:41:53,2019-03-03 19:57:07,2,1.48,12.0,3.48,0.01,22.67,green,cash,East Village,Clinton West,Manhattan,Manhattan
2019-03-11 10:46:08,2019-03-11 11:00:39,1,0.02,4.99,0.07,0.15,11.6,green,cash,Fort Greene,East Flatbush/Farragut,Brooklyn,Brooklyn
2019-03-07 10:29:59,2019-03-07 10:41:27,5,0.67,6.74,0.02,0.1,15.7,green,credit card,Yorkville East,Kips Bay,Manhattan,Manhattan
2019-03-02 21:49:11,2019-03-02 22:00:58,1,0.13,4.03,0.26,0.01,14.0,green,credit card,Lincoln Square West,Williamsburg (South Side),Manhattan,Brooklyn
2019-03-17 00:54:22,2019-03-17 01:07:17,2,2.86,6.47,2.84,0.09,11.6,green,cash,TriBeCa/Civic Center,Chinatown,Manhattan,Manhattan
2019-03-30 18:40:34,2019-03-30 18:56:57,1,1.12,8.3,0.15,0.02,24.88,green,credit card,Garment District,Whitestone,Manhattan,Queens
2019-03-15 19:00:20,2019-03-15 19:16:15,1,0.87,8.63,2.17,0.4,14.9,green,credit card,Lincoln Square West,Murray Hill-Queens,Manhattan,Queens
2019-03-09 03:24:06,2019-03-09 03:40:24,2,7.04,8.98,0.11,0.03,13.1,green,credit card,Midtown Center,Times Sq/Theatre District,Manhattan,Manhattan
2019-03-28 16:07:05,2019-03-28 16:21:12,1,0.58,3.7,0.12,0.27,16.84,green,cash,East Village,Brooklyn Heights,Manhattan,Brooklyn
2019-03-02 04:07:53,2019-03-02 04:20:38,1,2.96,9.0,1.3,0.06,21.32,green,cash,Yorkville West,Elmhurst/Maspeth,Manhattan,Queens
2019-03-23 20:15:26,2019-03-23 20:32:20,1,3.2,8.77,0.34,0.45,12.4,green,credit card,Park Slope,Midtown East,Brooklyn,Manhattan
2019-03-06 01:14:03,2019-03-06 01:29:56,1,9.24,17.22,1.21,0.86,20.1,green,cash,Downtown Brooklyn/MetroTech,Union Sq,Brooklyn,Manhattan
2019-03-01 16:32:56,2019-03-01 16:49:13,1,7.01,4.1,1.17,0.12,10.11,green,cash,Midtown North,Bensonhurst West,Manhattan,Brooklyn
2019-03-28 22:02:59,2019-03-28 22:19:43,1,4.27,11.5,3.94,0.03,14.9,green,credit card,Yorkville West,Inwood,Manhattan,Manhattan
2019-03-13 10:10:29,2019-03-13 10:22:25,1,3.4,8.1,1.67,0.46,14.1,green,credit card,Lenox Hill West,East Elmhurst,Manhattan,Queens
2019-03-26 21:53:17,2019-03-26 22:09:08,1,1.13,8.7,3.91,0.03,31.05,green,credit card,Yorkville East,Marble Hill,Manhattan,Manhattan
2019-03-12 04:51:45,2019-03-12 05:05:05,3,1.11,9.1,1.01,0.31,20.83,green,cash,Financial District North,Ridgewood,Manhattan,Queens
2019-03-20 23:49:34,2019-03-21 00:03:00,1,1.13,6.9,0.76,0.18,15.4,green,cash,Greenwich Village North,West Brighton,Manhattan,Staten Island
2019-03-19 02:03:21,2019-03-19 02:17:41,1,1.44,5.5,4.89,0.19,28.91,green,credit card,Lenox Hill East,Soundview/Bruckner,Manhattan,Bronx
2019-03-16 01:23:18,2019-03-16 01:36:07,1,1.11,7.3,1.14,0.07,15.35,green,credit card,Yorkville East,Boerum Hill,Manhattan,Brooklyn
2019-03-14 22:44:33,2019-03-14 23:00:33,1,1.97,14.23,1.0,0.05,15.8,green,cash,Morningside Heights,Garment District,Manhattan,Manhattan
2019-03-01 11:26:49,2019-03-01 11:42:49,1,1.61,8.3,0.86,0.08,21.77,green,credit card,Union Sq,Flushing Meadows-Corona Park,Manhattan,Queens
2019-03-21 19:32:32,2019-03-21 19:45:57,1,1.53,7.1,6.2,0.14,12.94,green,credit card,Manhattan Valley,Sutton Place/Turtle Bay North,Manhattan,Manhattan
2019-03-26 16:52:11,2019-03-26 17:05:06,1,3.11,11.72,1.66,0.25,16.7,green,credit card,Flatiron,Van Cortlandt Village,Manhattan,Bronx
2019-03-17 05:52:40,2019-03-17 06:05:45,1,0.93,12.5,0.03,0.1,13.37,green,cash,Garment District,Rosedale,Manhattan,Queens
2019-03-23 11:48:23,2019-03-23 12:02:30,1,1.07,10.7,1.02,0.08,20.76,green,cash,Lincoln Square East,Upper West Side South,Manhattan,Manhattan
2019-03-21 13:57:40,2019-03-21 14:11:07,1,0.26,11.9,3.3,0.03,15.72,green,credit card,TriBeCa/Civic Center,Bushwick South,Manhattan,Brooklyn
2019-03-16 08:54:20,2019-03-16 09:11:03,1,2.91,11.6,0.14,0.06,15.5,green,cash,Upper East Side North,Stapleton,Manhattan,Staten Island
2019-03-21 13:30:48,2019-03-21 13:48:24,1,0.33,25.14,0.11,0.09,36.0,green,cash,Murray Hill,Stuyvesant Heights,Manhattan,Brooklyn
2019-03-22 15:17:13,2019-03-22 15:31:16,2,4.63,10.9,3.52,0.16,22.5,green,credit card,Midtown North,Kew Gardens Hills,Manhattan,Queens
2019-03-24 03:06:22,2019-03-24 03:20:30,1,1.15,8.0,0.49,0.26,18.35,green,credit card,Yorkville West,Cambria Heights,Manhattan,Queens
2019-03-21 10:36:26,2019-03-21 10:50:07,1,1.84,7.0,1.1,0.16,15.3,green,cash,Sutton Place/Turtle Bay North,Mount Hope,Manhattan,Bronx
2019-03-22 21:24:20,2019-03-22 21:41:42,1,4.82,10.3,0.05,0.02,18.32,green,cash,Park Slope,Steinway,Brooklyn,Queens
2019-03-13 08:54:57,2019-03-13 09:10:40,6,2.65,8.5,3.01,0.31,11.55,green,cash,Yorkville East,Melrose South,Manhattan,Bronx
2019-03-07 19:46:13,2019-03-07 20:00:46,2,3.25,10.0,2.39,0.02,18.17,green,credit card,Midtown South,Woodlawn/Wakefield,Manhattan,Bronx
2019-03-02 19:26:51,2019-03-02 19:41:19,3,5.3,10.6,1.3,0.0,11.55,green,credit card,Downtown Brooklyn/MetroTech,Central Harlem North,Brooklyn,Manhattan
2019-03-16 06:31:00,2019-03-16 06:44:45,3,0.11,7.7,0.61,0.55,10.46,green,cash,Midtown South,Stuyvesant Heights,Manhattan,Brooklyn
2019-03-22 02:23:44,2019-03-22 02:39:02,5,5.62,5.31,0.27,0.44,13.8,green,credit card,Brooklyn Heights,Bath Beach,Brooklyn,Brooklyn
2019-03-07 22:24:10,2019-03-07 22:38:09,1,0.58,5.0,0.81,0.09,16.7,green,credit card,Yorkville West,East Village,Manhattan,Manhattan
2019-03-29 12:20:03,2019-03-29 12:33:10,1,0.51,8.1,0.01,0.4,9.34,green,cash,World Trade Center,Yorkville East,Manhattan,Manhattan
2019-03-26 04:41:11,2019-03-26 04:57:23,1,0.5,5.8,1.94,0.01,14.53,green,cash,Lower East Side,Alphabet City,Manhattan,Manhattan
2019-03-19 03:52:17,2019-03-19 04:07:55,1,0.25,19.64,0.71,0.08,23.9,green,cash,Midtown East,Springfield Gardens South,Manhattan,Queens
2019-03-28 20:12:29,2019-03-28 20:27:03,1,1.17,17.81,6.82,0.05,28.3,green,credit card,East Harlem South,Sutton Place/Turtle Bay North,Manhattan,Manhattan
2019-03-04 06:15:33,2019-03-04 06:31:19,1,2.56,30.65,0.61,0.25,76.6,green,cash,LaGuardia Airport,Midwood,Queens,Brooklyn
2019-03-05 19:21:23,2019-03-05 19:36:45,1,4.05,8.3,2.01,4.51,12.77,green,cash,LaGuardia Airport,East Harlem South,Queens,Manhattan
2019-03-12 04:31:17,2019-03-12 04:45:09,1,0.86,9.55,0.45,0.08,9.8,green,credit card,East Village,Middle Village,Manhattan,Queens
2019-03-18 03:06:51,2019-03-18 03:23:44,2,0.7,24.0,0.59,0.35,26.78,green,credit card,Midtown Center,Flatbush/Ditmas Park,Manhattan,Brooklyn
2019-03-17 11:24:10,2019-03-17 11:40:10,2,1.35,4.3,0.36,0.12,45.51,green,credit card,Downtown Brooklyn/MetroTech,Midwood,Brooklyn,Brooklyn
2019-03-28 13:32:18,2019-03-28 13:45:37,1,4.22,8.0,3.41,0.2,19.83,green,cash,Brooklyn Heights,Washington Heights South,Brooklyn,Manhattan
2019-03-06 02:38:46,2019-03-06 02:55:40,1,4.76,15.06,0.09,0.07,20.9,green,cash,Midtown East,Central Park,Manhattan,Manhattan
2019-03-21 17:42:36,2019-03-21 17:56:10,1,0.44,2.7,0.21,0.17,17.45,green,credit card,Lincoln Square East,East New York,Manhattan,Brooklyn
2019-03-09 18:45:25,2019-03-09 18:58:19,2,0.12,15.4,0.18,0.02,18.06,green,credit card,Midtown East,Jamaica,Manhattan,Queens
2019-03-27 09:53:41,2019-03-27 10:08:12,1,3.55,17.95,0.72,0.22,30.2,green,cash,Lower East Side,East Harlem North,Manhattan,Manhattan
2019-03-03 20:09:15,2019-03-03 20:23:35,1,2.38,17.7,1.02,0.34,19.79,green,credit card,Flatiron,Queensboro Hill,Manhattan,Queens
2019-03-21 01:56:25,2019-03-21 02:09:45,1,3.2,10.76,2.65,0.18,16.1,green,credit card,Washington Heights South,Claremont/Bathgate,Manhattan,Bronx
2019-03-13 21:15:22,2019-03-13 21:31:00,1,3.87,18.26,5.24,0.77,28.7,green,credit card,Sunnyside,Middle Village,Queens,Queens
2019-03-20 17:11:57,2019-03-20 17:26:36,1,0.27,7.9,1.49,0.01,12.11,green,cash,Greenwich Village North,East Harlem South,Manhattan,Manhattan
2019-03-12 15:36:01,2019-03-12 15:49:39,1,0.09,8.3,7.69,0.32,22.22,green,cash,Union Sq,Alphabet City,Manhattan,Manhattan
2019-03-20 14:18:30,2019-03-20 14:32:39,1,1.81,10.7,0.79,0.19,24.83,green,credit card,Times Sq/Theatre District,Midtown North,Manhattan,Manhattan
2019-03-30 05:32:20,2019-03-30 05:46:11,1,2.2,6.4,1.21,0.24,19.1,green,cash,Financial District North,Upper East Side North,Manhattan,Manhattan
2019-03-18 14:13:29,2019-03-18 14:29:17,1,0.71,6.2,1.43,0.21,10.66,green,cash,Upper West Side South,Union Sq,Manhattan,Manhattan
2019-03-02 04:33:30,2019-03-02 04:47:59,1,1.0,13.06,9.7,0.08,15.98,green,credit card,Penn Station/Madison Sq West,Rosedale,Manhattan,Queens
2019-03-04 10:39:39,2019-03-04 10:53:18,1,6.74,8.5,0.97,2.23,24.33,green,credit card,Long Island City/Hunters Point,Sunset Park West,Queens,Brooklyn
2019-02-28 05:52:29,2019-02-28 06:05:46,5,1.99,5.7,1.75,0.0,10.72,green,cash,Penn Station/Madison Sq West,Columbia Street,Manhattan,Brooklyn
2019-03-09 04:16:18,2019-03-09 04:31:58,1,1.44,3.7,2.14,0.06,33.33,green,cash,Hudson Sq,Yorkville West,Manhattan,Manhattan
2019-03-10 01:38:48,2019-03-10 01:55:09,1,0.51,7.8,1.11,0.53,13.04,green,cash,Union Sq,Cobble Hill,Manhattan,Brooklyn
2019-03-24 07:25:41,2019-03-24 07:41:12,2,3.56,4.1,3.67,0.08,16.94,green,credit card,Meatpacking/West Village West,Lincoln Square East,Manhattan,Manhattan
2019-03-16 04:20:54,2019-03-16 04:37:02,2,15.38,19.4,6.85,0.57,19.94,green,credit card,Cobble Hill,Central Harlem North,Brooklyn,Manhattan
2019-03-12 16:20:53,2019-03-12 16:34:25,1,6.26,5.54,1.02,0.12,12.6,green,cash,Brooklyn Heights,Soundview/Bruckner,Brooklyn,Bronx
2019-03-31 01:32:42,2019-03-31 01:47:06,6,6.47,8.3,0.99,0.19,12.37,green,credit card,Flatiron,East Village,Manhattan,Manhattan
2019-03-06 18:28:20,2019-03-06 18:41:30,1,2.44,8.4,4.19,0.07,22.2,green,credit card,Murray Hill,Marine Park/Mill Basin,Manhattan,Brooklyn
2019-03-10 08:29:44,2019-03-10 08:46:54,1,0.86,5.6,0.71,0.06,17.72,green,credit card,East Chelsea,Riverdale/North Riverdale/Fieldston,Manhattan,Bronx
2019-02-28 09:11:44,2019-02-28 09:27:44,1,7.6,28.07,6.86,0.1,72.6,green,cash,Elmhurst,East Williamsburg,Queens,Brooklyn
2019-03-15 10:08:28,2019-03-15 10:24:38,2,2.82,5.38,2.1,3.91,68.5,green,cash,Elmhurst,South Ozone Park,Queens,Queens
2019-03-25 13:49:28,2019-03-25 14:06:16,1,2.14,3.9,0.13,0.42,10.96,green,credit card,Midtown South,Cobble Hill,Manhattan,Brooklyn
2019-03-01 16:52:38,2019-03-01 17:11:16,1,0.99,12.3,4.1,0.29,24.27,green,cash,Central Harlem,Brighton Beach,Manhattan,Brooklyn
2019-03-27 18:13:50,2019-03-27 18:28:38,2,2.22,10.59,0.33,0.18,24.1,green,cash,Gravesend,Sunset Park West,Brooklyn,Brooklyn
2019-03-23 22:41:44,2019-03-23 22:56:08,2,8.87,3.4,1.83,0.1,13.08,green,credit card,Midtown North,Roosevelt Island,Manhattan,Manhattan
2019-03-23 09:19:14,2019-03-23 09:33:21,2,4.2,7.2,3.81,0.06,17.38,green,credit card,East Village,Briarwood/Jamaica Hills,Manhattan,Queens
2019-03-28 15:17:36,2019-03-28 15:33:25,1,5.66,7.87,2.24,0.2,8.1,green,credit card,Central Harlem North,West Chelsea/Hudson Yards,Manhattan,Manhattan
2019-03-18 03:48:02,2019-03-18 03:59:50,2,1.81,8.1,2.53,0.01,13.33,green,cash,Morningside Heights,Crown Heights North,Manhattan,Brooklyn
2019-03-24 17:50:59,2019-03-24 18:03:34,6,5.65,10.1,10.02,0.21,53.78,green,cash,Astoria,Lenox Hill East,Queens,Manhattan
2019-03-03 03:19:34,2019-03-03 03:33:30,1,0.88,7.69,1.5,0.36,22.7,green,credit card,Gramercy,Corona,Manhattan,Queens
2019-03-03 08:51:20,2019-03-03 09:04:33,1,1.16,8.1,0.11,0.04,21.62,green,credit card,Gramercy,Queensboro Hill,Manhattan,Queens
2019-03-06 13:02:38,2019-03-06 13:17:14,5,5.02,10.78,0.78,0.05,14.4,green,cash,Midtown North,Greenpoint,Manhattan,Brooklyn
2019-03-23 09:41:27,2019-03-23 09:53:47,2,0.28,6.44,0.72,0.09,12.3,green,credit card,Times Sq/Theatre District,East Chelsea,Manhattan,Manhattan
2019-03-07 04:17:40,2019-03-07 04:29:27,2,3.94,9.5,0.51,0.07,12.88,green,credit card,Bloomingdale,Bayside,Manhattan,Queens
2019-03-23 03:33:15,2019-03-23 03:49:03,1,5.11,6.0,2.38,0.08,29.78,green,cash,East Harlem South,Morningside Heights,Manhattan,Manhattan
2019-03-03 19:53:44,2019-03-03 20:08:33,1,4.58,6.2,0.93,0.08,22.25,green,cash,East Chelsea,East Tremont,Manhattan,Bronx
2019-03-29 05:00:58,2019-03-29 05:12:39,1,2.0,17.2,8.91,0.07,24.04,green,cash,World Trade Center,Crown Heights North,Manhattan,Brooklyn
2019-03-12 07:24:03,2019-03-12 07:40:50,5,4.72,7.1,0.37,0.28,22.33,green,credit card,Clinton East,Parkchester,Manhattan,Bronx
2019-03-31 12:57:34,2019-03-31 13:13:01,1,0.13,8.5,2.38,0.11,22.08,green,cash,Union Sq,Central Harlem,Manhattan,Manhattan
2019-03-25 10:01:13,2019-03-25 10:19:10,1,0.9,5.7,0.12,0.05,10.66,green,cash,Lower East Side,Madison,Manhattan,Brooklyn
2019-03-17 12:16:48,2019-03-17 12:31:52,1,1.36,10.3,1.11,0.09,21.93,green,credit card,Upper West Side North,Queens Village,Manhattan,Queens
2019-03-27 07:56:44,2019-03-27 08:09:57,1,4.82,7.4,1.02,0.52,48.62,green,credit card,Union Sq,Flatiron,Manhattan,Manhattan
2019-03-29 14:53:22,2019-03-29 15:06:06,1,2.06,5.7,0.27,0.05,13.06,green,cash,Union Sq,Alphabet City,Manhattan,Manhattan
2019-03-17 01:10:58,2019-03-17 01:26:24,1,1.05,6.82,0.39,0.1,18.3,green,cash,Crown Heights North,Allerton/Pelham Gardens,Brooklyn,Bronx
2019-03-29 14:09:35,2019-03-29 14:25:23,2,0.29,16.2,2.7,0.4,21.08,green,cash,Lincoln Square East,Parkchester,Manhattan,Bronx
2019-03-02 04:13:14,2019-03-02 04:27:45,1,0.67,7.9,2.09,0.01,10.37,green,credit card,Lincoln Square West,Midwood,Manhattan,Brooklyn
2019-03-30 01:20:19,2019-03-30 01:34:06,1,1.65,23.4,2.99,3.23,43.02,green,credit card,Queensboro Hill,South Williamsburg,Queens,Brooklyn
2019-03-08 22:34:43,2019-03-08 22:48:20,1,0.73,3.0,0.83,0.03,30.5,green,cash,TriBeCa/Civic Center,Manhattan Beach,Manhattan,Brooklyn
2019-03-16 23:24:53,2019-03-16 23:41:02,6,1.58,4.3,1.17,0.19,28.32,green,credit card,Morningside Heights,Boerum Hill,Manhattan,Brooklyn
2019-03-20 14:06:24,2019-03-20 14:20:08,1,30.02,8.9,6.35,0.24,36.1,green,credit card,Astoria,Parkchester,Queens,Bronx
2019-03-25 08:28:14,2019-03-25 08:45:32,5,2.15,6.4,2.0,0.18,31.73,green,cash,East New York,South Jamaica,Brooklyn,Queens
2019-03-21 02:51:25,2019-03-21 03:06:23,4,6.29,9.8,0.08,0.23,16.45,green,cash,Downtown Brooklyn/MetroTech,Two Bridges/Seward Park,Brooklyn,Manhattan
2019-03-30 15:11:01,2019-03-30 15:23:50,1,18.56,22.18,2.12,2.59,53.2,green,cash,Forest Hills,Bath Beach,Queens,Brooklyn
2019-03-16 03:00:24,2019-03-16 03:15:40,1,4.66,17.83,4.87,0.07,25.5,green,credit card,East Harlem South,LaGuardia Airport,Manhattan,Queens
2019-03-16 11:19:45,2019-03-16 11:32:57,1,2.09,12.1,3.86,0.09,18.36,green,cash,Times Sq/Theatre District,Brooklyn Heights,Manhattan,Brooklyn
2019-03-03 16:31:53,2019-03-03 16:46:18,3,0.27,10.5,1.73,0.13,20.52,green,cash,Upper West Side North,Morningside Heights,Manhattan,Manhattan
2019-03-27 02:18:19,2019-03-27 02:33:33,1,2.68,8.1,0.58,0.03,16.66,green,credit card,West Village,Lower East Side,Manhattan,Manhattan
2019-02-28 04:31:30,2019-02-28 04:46:38,1,5.29,4.9,1.14,0.06,29.43,green,credit card,Gramercy,Bushwick North,Manhattan,Brooklyn
2019-03-02 05:19:05,2019-03-02 05:34:12,0,2.43,7.01,0.27,0.21,35.1,green,credit card,Upper East Side South,Van Nest/Morris Park,Manhattan,Bronx
2019-03-29 00:56:21,2019-03-29 01:11:51,3,2.15,16.9,3.75,0.02,17.7,green,cash,Lincoln Square East,Belmont,Manhattan,Bronx
2019-03-14 18:45:09,2019-03-14 18:59:52,1,0.18,8.6,0.02,0.2,11.98,green,cash,Chinatown,Hamilton Heights,Manhattan,Manhattan
2019-03-26 05:24:46,2019-03-26 05:38:44,1,2.08,25.19,1.94,0.57,41.3,green,credit card,Woodside,Flushing Meadows-Corona Park,Queens,Queens
2019-03-10 00:18:55,2019-03-10 00:33:19,1,0.35,6.7,1.75,0.01,18.91,green,credit card,East Village,Greenwich Village South,Manhattan,Manhattan
2019-03-24 13:35:58,2019-03-24 13:47:00,1,2.86,9.55,0.4,0.11,12.3,green,cash,Central Harlem,Murray Hill,Manhattan,Manhattan
2019-03-18 19:33:13,2019-03-18 19:47:36,1,3.19,15.58,0.05,0.11,15.7,green,credit card,East Village,Queensbridge/Ravenswood,Manhattan,Queens
2019-03-29 00:21:52,2019-03-29 00:35:52,1,3.99,8.43,0.06,0.13,9.0,green,cash,Upper West Side North,Cypress Hills,Manhattan,Brooklyn
