sentence1,sentence2,label,idx
Military plane crashes in south France: authorities,A flag is waving.,3.022800993056984,1492
I prefer to run the second half 1-2 minutes faster then the first.,A man is at a farmers market.,3.166331300537349,1397
Pakistan's Musharraf charged over Bhutto murder,"""The other guy, he's ashamed of his party, and I don't blame him.",1.651936565687344,36
"""What they have done is a thinly veiled attempt to do an end run around the Constitution,"" she said.",Music industry mourns Whitney Houston,4.345778509037355,487
The Question is (from Hinduism); do you exist because of pregnancy?,Egyptians wait for key presidential vote results,0.092934043479972,525
A man is playing flute.,I don't think the burden of proof is on positive or negative versions.,3.61125057863513,1498
Protests after George Zimmerman acquitted in Trayvon Martin case,"While the 'first-past-the-post system favours two parties, it certainly doesn't guarantee the marginalization of third parties.",0.651448513188302,472
The plane was estimated to be within 100 pounds of its maximum takeoff weight.,"Chiron and Aventis Pasteur together made about 80 million doses, ordinarily enough for U.S. demand, The Associated Press reported.",1.960102379048601,197
"Under the U.S. Constitution, the other chamber of Congress, the House of Representatives, does not vote on foreign alliances.",A young boy is running toward and from the ocean waves.,0.735101599144088,90
Residents near Gaza instructed to stay near shelter,Romney taped at secret donor talk,2.225288303474939,984
Deaths confirmed after helicopter crashes into Scottish pub,"Shares of BioReliance sold at $47.98 at the close of market yesterday, down 2 cents.",4.282411207373414,238
"First of all, as a general matter of fact you suppose to change your workout routine in every 3-4 weeks.",A woman and dog are walking together.,2.388085964993811,1063
"Barbini said the union may reach a compromise with the United States but it wants a system for labeling such foods, something the industry successfully fought here.",a man walks along walkway to the store,3.033853950479984,132
A dog walks along a beach with breaking waves.,A black dog runs through the water.,4.593429968779108,575
A man is playing the drums.,"The most common side effects after getting the nasal spray were nasal congestion, runny nose, sore throat and cough.",2.422521793945811,682
A tiger is playing with his trainer.,Hong Kong set for huge democracy rally,0.857099292527508,294
The boy in the orange shirt is throwing the ball.,Two federal agencies are investigating telecommunications gear maker Lucent Technologies for possible violations of U.S. bribery laws in its operations in Saudi Arabia.,1.827129124500792,1171
"Buoyed by some of the advice imparted by Nicklaus, Howell shot an 8-under 64 for a one-stroke lead over Kenny Perry.",A laptop and a PC at a workstation.,2.281233178800989,1361
FRIENDS of Robert De Niro yesterday rallied around him after he was diagnosed with prostate cancer.,A man is giving a woman a massage.,1.474937978293532,574
Dark colored dog standing in grassy field.,You can get a rough estimate from using an online calorie estimation website.,2.730594478852694,4
I don't think there are likely to be any standards that address this issue specifically.,"Clinton: US, Europe Must Work to Defeat Tyrants",3.115730229279695,409
"Quotes from leaders, family at Mandela memorial",People are near water.,2.914150736178598,590
The company claims it's the largest single Apple VAR Xserve sale to date.,Three women in brightly colored dresses.,1.687344845094696,379
"The company will launch 800 hot spots, or ""Wi-Fi Zones,"" later this summer, and plans to have more than 2,100 by the end of the year.",Two women are singing.,3.849931590215491,247
"Gainer said the two staff aides are ""very sorry this all happened,"" and the security personnel had performed ""well within standards.""","Best Minister, Scrimshaw, and Ten Most Wanted all had workouts on Monday morning.",4.547898191095715,1433
"""IT is the only vehicle on which established economies will be able to compete,"" Barrett said.",A dog is barking at a fly.,4.931982981132272,1283
"No, you don't need to have taken classes or earned a degree in your area.",I have done quite a bit of technical writing for healthcare information systems.,3.800683265045496,722
A group of people stand in the sand looking out at the water.,The woman is on her way to a date.,0.277348211109182,943
Queen pays tribute to Nelson Mandela,"Razali Ismail met for 90 minutes with Suu Kyi, a 1991 winner of the Nobel Peace Prize, at her lakeside home, where she is under house arrest.",0.701040885801465,726
A group of people are in the water.,"In November, Jeffrey Brabakow, the chief executive at the time, said the company used aggressive pricing to get higher payments for the sickest Medicare patients.",2.761176193301818,167
The man is wearing a black shirt and hat and smiling.,The man jumping is not wearing a shirt.,1.922396801974585,665
Three humans are walking a dog.,Two women are sitting in a cafe.,1.11688349391701,198
A man plays an acoustic guitar.,The man is skiing down a snowy hill.,3.224187624212439,1405
A lady with a yellow outfit is in the air above the bed in a yellow room.,"As bikeboy389 said, you can learn a lot by looking at students' native languages.",3.643457074572432,533
"""I started crying and yelling at him, 'What do you mean, what are you saying, why did you lie to me?'""",A woman is applying cosmetics to her eyelid.,2.469367336406547,915
A toddler walks down a hallway.,"sufficient is an upper bound, necessary is a lower bound.",1.144069120126257,862
Young baby girl sitting on table.,A dog is trying to get through his dog door.,2.576600205979014,282
Two cats are close together inside and black and white furry enclosure.,A man on a boat getting ready to pull in his net to see what he caught.,3.24270573704019,106
"According to security sources, London Metropolitan Police Commissioner John Stevens placed his force on its highest state of alert last week following the warning.","Halliburton shares fell 54 cents, or 2.4 percent, to $21.76 a share in midday New York Stock Exchange trade.",2.441987196730371,92
We have two parallel worlds in collision or maybe more.,Bulgarian president tries to break election stalemate,2.479796766808671,1418
Protests for kidnapped girls banned in Nigerian capital,"Bulger's brother, a former FBI informant, is now on the law enforcement agency's ""10 Most Wanted"" list.",1.895397812674206,1334
"In Russian, for example, animacy is not clear-cut in the distinction animate/inanimate.",The short answer is that evolution couldn't create gills in humans.,1.10359883661414,1302
English works everywhere with people buying and selling things and in the hospitality and tourism busniness.,Two children lying in the snow making snow angels,0.947053709471682,737
A woman peels a potato.,A white cat looking out of a window.,4.007573278939763,1371
A dog is stealing food from a refrigerator.,The team in blue is playing a game against the team in white,2.572227764593194,931
A woman is mixing eggs in the bowl.,Singapore stocks close 0.54 pct higher,1.13333158850801,362
"Same here, I've the 50mm f/1.4, and as my fastest lens I couldn't live without it for concerts and low-light photography.",Two dogs play in the grass.,4.361843186898549,1218
A person is chopping an herb.,"Mr. Bush did not discuss this when he issued a brief statement yesterday thanking the commission for its work, and saying, ""Our journey into space will go on.""",1.895697012878409,109
"As I understand it, nothing that can be changed, or broken down into smaller parts is inherently real.",Two medical professionals in green look on at something.,4.791398423202413,1002
Chances are picking the seeds once it's gone to seed isn't going to actually encourage new growth.,"The church's lawyer, Shirley Phelps-Roper, was clear: ""What they have done is a thinly veiled attempt to do an end run around the constitution,"" she said.",3.795069027585271,634
"PM in Tehran, asks NAM to take clear stand on Syria",Buy a 3 panel screen and use it to separate the work area from the sleeping area.,4.411297349418505,348
http://en.wikipedia.org/wiki/History_of_Delhi#Early_history shows that the city was called Delhi (or Dilli) at least since the 12/13th century.,A man in printed board shorts is doing a yoga pose on the beach.,3.993707332826149,1312
A woman is applying makeup.,A lion tries to climb over a wall.,2.717653502795222,1144
A man is on a rooftop,Over 120 dead in Pakistan factory blaze,0.875444495348494,505
The boy in the orange shirt is throwing the ball.,Two women are running.,1.094459007815732,1304
A dog is chasing cows.,"Having fairly recently taken up the sport myself, I feel your discomfort.",3.764811608077139,1352
Queen pays tribute to Nelson Mandela,Any breed of dog can be perfectly safe or extremely dangerous.,0.582782947948529,1102
Two women sitting in lawn chairs.,A dog is being squirted with a hose as it jumps into a paddling pool.,0.41568447992778,910
Someone is shredding cabbage leaves with a knife.,"The Note's Must-Reads for Friday, July 12, 2013",1.378919105131789,751
Oil falls in Asian trade,Australia cuts interest rates to record low,1.591679645166968,566
The girl is very skilled and practices a lot.,A convicted killer and two other inmates cut through two fences topped with razor wire and escaped from a state prison on a busy street.,3.890867899023144,354
The woman is waiting for her date.,Israel launches air strikes near Damascus,0.739166398858611,741
New Japan govt hints at joining Pacific trade pact: Report,"I've tried many of the things mentioned above, but they never really worked for me.",2.695426326252543,1089
A man is eating food.,"Dotson, 21, was subsequently charged with Dennehy's murder.",3.181189691914913,456
"A black hole (briefly), is nothing more than a dead star whose mass was more than 3 solar masses.","The above advice is quite good, just wanted to add on thing to consider regarding food in bear country.",0.390424779771112,1476
A man plays the guitar and sings.,Hollande arrives for US state visit,2.448227328444613,638
"Let me share my opinion as Ukrainian citizen, from Kharkiv, eastern Ukraine.",It is always difficult when parents refuse to see what seems obvious to a teacher.,3.388468093969993,713
A man and a woman are riding bikes on a street.,Three men are on stage playing guitars.,2.72657653643061,1099
US drone strike kills 8 militants,IAF strikes Gaza terror cell; 1 dead,1.855216973730621,324
There are four snowboarders going off a jump and that are in the air.,A woman is cooking something.,2.503256326337604,347
China detains city workers after fruit seller dies,A dog jumps through a hoop.,4.520642386461499,494
Support is good for eggplants as the fruit may become heavy and can even break the branches.,The women are in a play,0.530616605994029,1412
"A federal appeals court ruled Tuesday that the government was free to withhold the names of more than 700 people detained in the aftermath of Sept. 11, 2001.","Thursday morning, PeopleSoft's board rejected the Oracle takeover offer.",3.867909542519942,754
The group of hikers is resting in front of a mountain.,A man is cutting up carrots.,3.680173626955204,1370
Poll: Cory Booker takes early lead for N.J. Senate,A man is playing flute.,2.956253486064233,314
A woman equestrian riding a horse.,A band is playing onstage.,3.75384917530171,646
A tiger is walking around his cage.,I agree with others that tracking your time is fundamental to the solution.,2.126253565296489,1273
I've stored pancakes in the freezer for over two month and not had any freezer burn.,Hundreds dead or injured in China quake,3.023371344851015,1416
"For the entire season, the average five-day forecast track error was 259 miles, Franklin said.",Two grey dogs are carrying a stick in the water.,1.563659723713826,418
"Stout previously worked for General Electric subsidiary GE Capital Service Inc., where he was vice president and chief technology and information officer.",A young boy stands over a bridge with a fishing pole.,4.564488576847268,1187
A man is eating food.,"sufficient is an upper bound, necessary is a lower bound.",0.565207559484153,562
Three guys in speedos have their feet up on the railing of a boat getting a tan.,Police treat suspicious object at Tel Aviv bus station,3.427092217339651,1290
"While Queen may refer to both Queen regent (sovereign) or Queen consort, the King has always been the sovereign.",A boy with an oar walks out of the surf and onto a beach.,3.242760138826707,722
The blaze then spread to several surrounding structures on the property and destroyed them.,A small boy laying on a sofa with a dog.,4.234764204284055,154
"US Military Aircraft Hit in S. Sudan, 4 Wounded",Select images from Bangladesh building collapse,4.312614418406814,1138
According to Shia Muslims specially Iran state and Hezbollah a country called Israel does not exist.,The objects you are refering to are actually two different objects: asteroids and comets.,4.651954529032181,1158
One football player tries to tackle a player on the opposing team.,The man is sitting drinking coffee.,0.251931101523978,1192
"Nylon dries fast, is resistant to ripping and tearing, and fairly breathable.",The form insofar is American English; the standard form in British and other English is 'in so far'.,1.682052196182232,735
The woman is holding the hands of the man.,The form insofar is American English; the standard form in British and other English is 'in so far'.,0.947228554591468,817
Spectators taking pictures of a rally car.,"Just for reference, I ended up writing simple web-based lexical decision task software myself.",4.265746740848016,675
"As others have mentioned, the iRobot Roomba is an excellent example of a household robot which does meaningful work.",A woman is putting flour onto some meat.,2.553517886344744,801
Several televisions are on the floor and stacked up on top of one another.,Your own theory is bad because it seems to follow from a Lamarkian interpretation of evolutionary theory.,2.050515034744109,1360
A target is being hit with gun fire.,"""Ten of six"" probably means 5:50 but I have not heard it before.",2.491097962074013,872
A woman is adding some mushrooms and liquid to a pot.,Two women are posing for the camera and giving the thumbs up sign.,4.996637566563433,943
"""They were tossed around like feathers,"" Gordon said.",Activists: Syrian troops kill dozens near Damascus,3.461118021474519,734
"Bush turned out a statement yesterday thanking the commission for its work, and said, ""Our journey into space will go on.""",Absolutely ok; we have incorporated coffee grounds into our plant food and many of those grounds included the paper filter.,1.198891192173781,978
The man without a shirt is jumping.,Two men in fleeces and hats looking at the camera.,3.449422069016365,138
A person uses a blowtorch on two cameras.,"The decision is ""clearly incorrect,"" FTC Chairman Tim Muris said.",2.35026036124832,607
A man plays a guitar.,A girl poses with her head upside down.,2.216813897920963,1193
A person drops a camera down an escelator.,A dog is trying to get through his dog door.,2.44300491329788,1401
Maldives begins to vote in controversy-ridden presidential poll,The woman reported that she felt threatened and obtained a warrant for Stackhouse's arrest from the local magistrate's office.,3.290343791161783,394
The two dogs are playing fetch in the snow.,The woman is riding on the brown horse.,0.685090316558152,623
A seated young woman in a hat is reading at a coffee shop.,Crews worked to install a new culvert and repave the highway so motorists could use the eastbound lanes for travel.,3.530773513182638,711
"The short answer is: we are made from the ""stuff"" contributed by many stars.",A girl dances like a man in costume,1.075110219610799,949
"As mentioned in the other comments, ANOVA is problematic when mixing types of predictor variables.",a black and white dog walking through the grass with a long stick in his mouth.,0.395102486401405,883
A pair of men walk along the beach.,Annan urges end to Syrian violence,3.353957169762151,982
Blast on Indian train kills one,"The word ""cable"" has its origins in the days of the telegraph.",3.253731514900845,1243
Orange shares jumped as much as 15 percent.,A grey cat laying on a dining table.,3.728273497165382,1144
A woman is riding on a horse.,The dog took something out of the refrigerator.,3.311799438122404,311
I don't think that positivism is a position of mostly leftist philosophers.,There are both physiological and neurological reasons to build in rest.,0.120698841848106,291
"To paraphrase a common saying, ""One man's weed is another man's lawn"".","The Han Dynasty came after the Qin Dyansty, after the government under Shi Huang Di collapsed.",2.304271011879861,291
A woman paints a picture of a large building which can be seen in the background.,"Your pile will compost without turning it, but it goes faster if you turn it.",4.712791473779275,1254
"""I started crying and yelling at him, 'What do you mean, what are you saying, why did you lie to me?'""",PG&E's shares gained 24 cents to $15.44 during Tuesday's trading on the New York Stock Exchange.,4.685978456616528,130
Guatemala arrests software guru John McAfee,It may be possible for a solar system like ours to exist outside of a galaxy.,4.715035819364044,560
"Another million barrels, bought by Spanish refiner Cepsa SA, was to be loaded onto a Spanish tanker, the Sandra Tapias.",Low reps with high weights don't add mass because the duration of the exercise is kept short.,1.366948414042609,454
Obama endorses same-sex marriage,"Three televisions, on on the floor, the other two on a box.",0.455426758015078,738
A woman and a man are amused by headphones.,A sheep in the morning mist with trees in the background.,4.163316260640628,1236
"Calvin Hollins Jr.'s attorney, Thomas Royce, has repeatedly said his client had no link with the company that owned and operated E2.",A naked little girl being thrown into the air.,1.279863541234575,1026
A man is speaking.,A pack of sled dogs pulling a sled through a town.,4.059964144705434,164
A wonderful woman I know has the Habenera bag by REI (link).,A woman puts on sunglasses.,1.861296771712782,590
The cook is kneading the flour.,"Trans fats are created when vegetable oil has been partially hydrogenated, solidifying it and increasing the shelf life of certain products.",0.07103551084119,790
"""I feel that people that are sending these messages are infringing on my rights and everyone else's rights to use their computers,"" said McKechnie.","It will cost about $20,000 per average course of treatment -16 to 17 weeks.",3.70028476206851,1296
"Shares of Halliburton fell 71 cents, or 3 percent, to close at $21.59 yesterday on the New York Stock Exchange.","This is still a representational form of gov't, but with a unique twist.",0.533371765732139,601
A man is eating a pizza.,"Apart from what has been said, your need of water also depends on what you eat.",1.203723934214947,831
He allowed two runs in seven innings and struck out six.,"Barbini said the EU may reach a compromise but it wants a system for labeling such foods, something the industry has resisted.",3.903434494892738,657
'Around 100 dead or injured' after China earthquake,Secretary of State Colin Powell said yesterday that contacts with Iran would continue.,4.447455402380555,724
A woman is putting on sun glasses.,Iran says Israel lying about rockets,0.984041983510674,1399
A group of people in boats racing towards the shore.,"As someone who has always travelled with a lot of prescription medication, I always declare it.",0.146966018762555,720
Matt Smith quits BBC‚Äôs Doctor Who,"Fatalities in rollover crashes accounted for 82 percent of the increase in 2002, NHTSA said.",3.848529329634837,87
Two people are walking by the ocean.,A skateboarder attempts to do a trick over a homemade ramp.,2.89186223751312,300
I would recommend asking questions in a way that doesn't require a yes or no answer.,A man is riding a horse in the desert.,2.354841418480248,1136
I have a standing/sitting desk at work and really like it.,The woman is eating.,0.005344860962653,672
A man doing a jumping bike trick surrounded by trees.,Iran diplomat: progress being made in expert-level talks,1.174393897950319,765
A boy is riding a horse.,Connolly said FBI agents in San Diego and abroad spent thousands of hours investigating al-Bayoumi.,2.869135339724304,593
A man jumping his dirt bike.,A man is eating a food.,0.01234547119732,336
The lady cracked an egg for the mixer.,A black and white cat is high up on tree branches.,2.282776088315565,179
"Police believe Wilson shot Reynolds, then her mother once in the head before fatally turning the gun on herself.",A motorcycle is parked by a mural of a city in the evening.,0.520699902968146,1177
"Remember, from the Fleet's point of view, the rest of the galaxy is what's moving and experiencing time dilation.",He later found out the alarming incident had been caused by Concorde's powerful sonic boom.,4.431757908879348,9
A plane rides on a road.,"43 killed, 86 wounded in attacks in Iraq",2.060175732130437,1311
Our current vehicles will be in museums when everyone has their own aircraft.,The lady fried the breaded meat in hot oil.,1.336749964075506,979
We always put it crushed up in a bit of butter or on a sardine.,"The broad Standard & Poor's 500 Index .SPX was up 8.79 points, or 0.96 percent, at 929.06.",2.597931053320343,1322
Red double decker bus on side of street.,The dispute has led Ukrainian president Leonid Kuchma to cut short a state visit to Latin America.,2.826245794431977,837
Three humans are walking a dog.,A hockey player during a game.,3.325262955830954,1108
"In two weeks, he'll probably send out Peace Rules in the Preakness.","The U.S. women, who are defending champions, will play on Sept. 25 in Philadelphia and conclude group competition on Sept. 28 in Columbus, Ohio.",4.204522593040228,1053
We always put it crushed up in a bit of butter or on a sardine.,"This is indeed possible, but I haven't seen it done experimentally for reasons other than feasibility.",2.697105127112366,89
"It is possible, but it will have to be a docile female betta and a bigish tank.","BA said the second quarter, which included unofficial industrial action at Heathrow, had been difficult.",4.300485914021675,1223
The WHO says the latest case does not fit its profile of SARS and is not a public health concern.,"The Laws of Cricket say that you can declare any innings, no matter what the agreed length is.",1.610930687973576,999
"One killed, 40 injured in Mexico candy factory blast",A cat looking at the camera.,4.022575251155678,604
It is simply the number of balls bowled divided by the number of wickets taken.,A black and white photo of a man standing next to a bus.,3.592367849151429,1493
A lady with a yellow outfit is in the air above the bed in a yellow room.,Supermarket chains are accusing union leaders of breaking off contract talks prematurely over the weekend as grocery clerks gear up for a possible strike.,2.173106135261442,1188
There are people out on the street.,But skeptics are concerned about the ease at which these hardware-based security features could be used to set digital rights management policies by vendors.,3.852068602846227,1013
I don't think there are likely to be any standards that address this issue specifically.,A dog is pulling a girl down a hill.,1.264648989575229,1264
"Crohn's disease causes inflammation of the intestine and symptoms include diarrhea, pain, weight loss and tiredness.",The lady sang into the microphone.,0.765024799967697,771
A man is peeling a banana.,A helicopter flies over water.,2.8563364618696,350
Three people stand in an outdoor glass structure.,FAA lifts ban on U.S. flights to Israel,3.455181443547606,898
A ballet dancer is performing on stage.,"Sirius recently began carrying National Public Radio, a deal pooh-poohed by XM because it doesn't include popular shows like All Things Considered and Morning Edition.",3.715823546273462,1031
"Agnew said Pinellas began baiting when rabies cases ""went from zero to 30"" in 1995.",Pakistan's Musharraf Charged In Bhutto Death,1.59968321649527,187
"Break the bulb into cloves, breaking off the bottom and the dry stick that goes up the middle.",A man in a tux on a white horse.,1.99252085799336,912
"In these days of googling, it's sloppy to not find the source of a quotation.","First, the turtles are eating the fish because fish are food, not friends.",1.026531175636414,772
Our current vehicles will be in museums when everyone has their own aircraft.,A convicted killer and two other inmates cut through two fences topped with razor wire and escaped from a state prison on a busy street.,1.224493639069431,568
2 Pussy Riot Members Reunited in Krasnoyarsk,"Basically, what you do is you compare each age group IQ to the standardization sample.",3.441774220091651,1239
A bicycle in front of some ruins.,The people are entering the plane.,3.632150934019473,234
A grey house with a red door.,Two smiling little girls playing in a fountain with other people.,3.647571054865477,1466
In the past it has grown almost like a weed in our pots on our deck here in North Texas.,He later found out the alarming incident had been caused by Concorde's powerful sonic boom.,3.318453569515917,111
In some cases the implication could even be that Tom does not love her.,A man is getting into a car in a garage.,1.420227154730253,555
Yemen: Fighting in north kills over 120,"Robber steals $53 million worth of jewels in Cannes, police say",4.908010963532069,660
You'll need to check the particular policies of each publisher to see what is allowed and what is not allowed.,"But Vincent Weafer, security director with Symantec Security Response, said all the virus did was visit a pornography site.",3.793099422381246,17
'Around 100 dead or injured' after China earthquake,Accessibility is determined by the axioms of the modal logic you're working within.,2.39368795877966,1438
I have a standing/sitting desk at work and really like it.,A couple are eating a meal and talking.,0.905677203730031,1404
"Calvin Hollins Jr.'s attorney, Thomas Royce, has repeatedly said his client had no link with the company that owned and operated E2.",The science behind superheroes might shed some light on this topic.,4.750339583761284,1077
The company claims it's the largest single Apple VAR Xserve sale to date.,A person is brushing a cat.,4.009282268611594,592
The company said it would cut the wholesale price of most top-line CDs to $9.09 from $12.02.,A black cow and a brown cow stands in a plain in front of an uprooted tree.,3.373019638345874,932
A group of people sitting on a small sofa next to a kitchen.,A man in a white shirt and black pants is smiling.,2.805714240805025,226
I don't think that positivism is a position of mostly leftist philosophers.,Our intrepid heroes also didn't pursue the child who was in the spacesuit.,0.583756730882914,658
A helicopter is getting ready to take off.,The plane is getting ready to take off.,4.802323483143476,360
A close-up of a brown horse.,"I reccomend ""Monkey Grass"" because it is like a slow growing weed that reproduces slowly and looks nice!",0.9444613889396,86
A close-up of a brown horse.,The black and tan dog is chasing something he has spotted.,2.113980564012424,969
Feel the fear... And do it anyway The book recommends to feel the fear.,"Yes, it is accepted practice to wash new Semi-Static rope (or Single Rope Technique/SRT Rope as it is known by cavers).",4.722567114544041,753
I've used Paint Shop Pro and DxO Optics Pro on Windows.,A man and woman sit on a park bench.,1.35154811262346,671
"The Dow Jones Industrial Average fell 0.7 per cent to 9,547.43 while the S&P 500 was 0.8 per cent weaker at 1,025.79.",A woman is placing skewered food onto a cooker.,2.191645675438844,300
http://en.wikipedia.org/wiki/History_of_Delhi#Early_history shows that the city was called Delhi (or Dilli) at least since the 12/13th century.,"""Fins"" on real spacecraft are usually for one of two purposes: solar panels or thermal radiators.",4.871653631276283,782
People rock jumping into water while people fish in the background.,Hong Kong set for huge democracy rally,1.461130595328703,113
Older man wearing beret with mountains in background.,Men jump in a river.,3.375107880654359,1069
Black bird sitting on a concrete slab.,Green Lantern to be relaunched as gay superhero,0.988109613882333,950
According to Shia Muslims specially Iran state and Hezbollah a country called Israel does not exist.,Obama urges no new sanctions on Iran,4.729010338709828,142
Libya asks UN Security Council for help,Stocks close 2.47% higher,3.661251707187995,1101
You are safe to use the bottles as long as they have been properly sterilised.,"Families stuck on the highway were being urged to remain in their cars, and to use their cell phones only in case of emergency.",1.699771690407841,78
A man with long hair is looking through a camera.,"Alright, there are several different issues here that we must be sure to address.",3.388587229586429,47
I've started my own tool since I didn't like yWriter and Storybook.,Research does indicate that sleeping after studying is a pretty good rule-of-thumb.,2.571174098347099,882
The lamb is looking at the camera.,The girl trotted the horse.,1.365850634812299,1387
I would say the best thing for me is to have a proper and consistent sleep schedule.,Two racers are coming to a turn.,4.283054589009028,1325
FRIENDS of Robert De Niro yesterday rallied around him after he was diagnosed with prostate cancer.,A grey cat laying on a dining table.,2.024092099869837,1471
Spectators taking pictures of a rally car.,Obama backs same-sex marriage,2.520413700678417,699
The man without a shirt is jumping.,A woman is going on a walk with her dog.,4.787507688989699,12
"The mock explosion, the first event in the drill, occurred in a car in industrial south Seattle.",The federal courts have ruled that the monument violates the constitutional ban against state-established religion.,1.421262707181801,897
A man dressed in black wearing a hat and glasses in front of a red wall.,The couple was on the bed.,3.041364926427044,1114
I have been doing a lot of my outlining/pre-writing work in Workflowy.,I've seen guys that are still very flexable while lifting weights.,3.679733017074947,1285
At least 15 killed in Nigeria church attack,Zambrano pitched seven innings and allowed two runs on five hits and four walks.,2.141648867868986,682
A baby is crawling happily.,Freeman said not having a driver license has been a burden.,0.572058156177658,1192
A woman posing by a pillar with a U2 sign.,1 Killed in Bangladesh Protest,1.705425411777162,80
It was before the season began because Amy saw the woman before the Silence took her.,"The last round of presidential elections in Russia was held on March 4th, 2012 and December 4th, 2011 for the Duma.",4.975417539721595,1239
Someone is pouring chicken broth into a pot.,Constellations are human constructs to make sense of the night sky.,3.616343521410018,501
A man is pressing microwave buttons.,"Probably subjective, but ... Good clad stainless steel will give you much better cooking performance per dollar than copper.",1.238811066355267,1476
"A young woman with outstretched arms stands in front of a ""Going Places"" bus.",A woman is sitting in an office.,2.060651499409633,1139
Turkish police mass near Istanbul park protest area,Australia cuts interest rates to record low,3.447681551629216,1431
Business Week's online edition reported on Friday that WorldCom and the SEC could announce a settlement as early as Monday.,"In my experience, when the final production will be in sRGB, use that color profile from start to finish.",2.708210765314144,332
Someone is beating an egg.,A trick I did was to grab and hold my cats close if they disturbed me during the night.,1.198471893028417,1451
A man is cutting a potato.,US Senate Confirms Janet Yellen as New Central Bank Chief,4.053591425771995,1217
A red and white plane flying on a sunny day.,You'll always want to add fish into a tank slowly.,3.0727686657537,1202
A kitchen with wood cabinets and dining table.,Neuromuscular Activation and Dynamic Stretching Here is an excellent video on a dynamic stretching routine for running.,1.499030427058472,730
"An incremental step reported by researchers at the University of California, San Francisco, is the latest in a decade-long effort.","Nine seconds later, SpaceShipOne broke the sound barrier, the company said.",2.734741476648011,1191
Government promises action on Heathrow queues,Sylvester Stallone's Son Found Dead At Home,4.898406438139872,1294
A bus drives down a busy road.,A woman is sitting in an office.,4.931434373080381,330
The cougar is chasing the bear.,A man is playing a wooden flute.,2.641766560528094,992
In some cases the implication could even be that Tom does not love her.,A small white dog running,2.477150391534183,567
A group of people having a meal outside.,The woman is in a bathroom.,0.648011434646216,740
The main cause of the allergies is proteins in the saliva.,"""I had mainly been"" is fine, in the context you're using it.",3.74918432440738,1167
A baby rhino is walking around his pen with his mother.,A girl and a lady both looking through a microscope.,1.816002189326566,1285
Federal DOMA does not test the full faith and credit clause so much as the 9th and 10th Amendments to the Constitution.,My motivation is that I like to look at things from their roots and go up.,0.710083553830316,3
The man is hiking in the woods.,A girl stands high on an obstacle course platform.,1.245540088153747,1109
"But JT was careful to clarify that it was ""not certain about the outcome of the discussion at this moment"".","Russia, China veto UN resolution on Syria killings",3.756844068082013,1219
If a statement is not provable an inconsistency or self-contradiction may or will develop that invalidates the system.,"A girl in a blue dress and another girl in a purple dress, both smiling.",1.042188128169722,1222
Playing doctor is something all kids want to try at some point.,"A girl in a blue dress and another girl in a purple dress, both smiling.",1.913972375606831,1419
English works everywhere with people buying and selling things and in the hospitality and tourism busniness.,"The benchmark 10-year note US10YT=RR lost 11/32 in price, taking its yield to 3.21 percent from 3.17 percent late on Monday.",0.751315728289357,988
Eurozone backs Greek bailout,A lion tries to climb over a wall.,1.452160934046181,1123
A child runs into and out of the ocean waves.,London Marathon observes silence for Boston victims,2.592055668821395,189
"I have a few Nikon lenses, and a Sigma 10-20mm for super-wide shots.",A woman posing by a pillar with a U2 sign.,1.492750181582333,1172
The udders of a dairy cow that is standing in a pasture near a large building.,"The report shows that drugs sold in Canadian pharmacies are manufactured in facilities approved by Health Canada, which serves a similar role as the FDA for the Canadian government.",0.764290607798787,872
China Yuan Strengthens to 6.168 against USD Monday,The bomb exploded while authorities waited for a bomb squad to arrive.,0.63381743760602,567
The best approach is play with your cat each night in the evening before bedtime.,A young man on a beach is performing skateboard stunts.,2.528728349166349,1133
"Pardon the brevity of this answer, but I would say ""named"" is preferred within the context of your example.",Two children lying in the snow making snow angels,1.207900137425532,938
A woman is carrying a boy.,Scott Dixon eventually made winning the Honda Indy 225 look easy Sunday at Pikes Peak International Raceway.,3.004649547627012,290
He claimed Red Hat and the Free Software Foundation with trying to undermine U.S. copyright and patent law.,"Bulger's brother, a former FBI informant, is now on the law enforcement agency's ""10 Most Wanted"" list.",3.922518413171466,280
Teams of inspectors walked into a restricted area at one park without being stopped; others took pictures of sensitive areas without being challenged.,"Last week, former chief financial officer Franklyn Bergonzi pleaded guilty to one count of conspiracy and agreed to cooperate with the government's investigation.",0.494765670712556,7
Thai police use tear gas against protesters,"In a 6-3 ruling, the justices said such anti-psychotic drugs can be used only in ""limited circumstances.""",3.052372403438858,1318
I'd suggest you look to the constructions of the native language(s) of your students.,A social gathering of people in a restaurant.,0.616562414010102,876
A person sitting in an office takes a picture.,"There is always ""transitional authority"" by virtue of the writing of regulations.",1.475104173771964,459
The boy is playing the piano.,A man is kicking a ball.,1.272865479176998,958
A cat looking at the camera.,"The governor is going to Jackson, where 13 people were killed.",1.12988871595334,318
Suspicious object found in Tel Aviv not explosive device,You'll always want to add fish into a tank slowly.,2.814680537846536,646
A baby rhino is walking around his pen with his mother.,A man breaks cinder blocks on another man.,2.037257232465954,1355
The man cut up an onion.,The artists say the plan will harm French culture and punish those who need help most - performers who have a hard time lining up work.,1.926563129866952,601
"Why is the speed of light 299,792,458 m/s, and not (for instance) 3,1 or 4,3 x 10^44 m/s?",There was no influence from China to the culture of Greece.,3.663069240218711,891
Crews worked to install a new culvert and prepare the highway so motorists could use the eastbound lanes for travel as storm clouds threatened to dump more rain.,Some researchers believe domestic cats never really mentally grow up completely and they always look at you like their mom.,0.620074174732476,305
A young boy has a red fishing pole.,Greece looks set for repeat election,2.738183963610536,423
"Properly executed weight training will increase, not decrease, your flexibility and mobility.",The short answer is that evolution couldn't create gills in humans.,3.408944579755604,732
"About 25 governments have signed in the last four months, about half of those in the last three weeks.","I agree with Kate Sherwood, you should be able to attribute most quotes these days by simple fact checking.",2.112057395788538,469
A woman is dancing.,There's an iPhone app called Groups which might be helpful.,0.874542577962133,874
Greece votes in crucial election,People are out on the street.,3.611325629450344,146
"A long-haired man with a hat standing between two large, half-empty Coke bottles.",Here is an interesting article on wikipedia to give overview of pressure related injuries.,0.351533250883858,187
New video shows US police officers beating mentally-ill man,I'd say the expression I don't got... is generally rare in spoken AmE.,4.693794514857531,1257
It is not recommended to use greywater on vegetables that you will eat directly.,This is about my experience in computer engineering I found that reading for breadth was the more important approach.,0.151589094683338,1343
A chef is preparing some food.,"If you don't mind hosting your files online, SlideShare is a good solution.",1.832145511345188,572
Thai government says elections Feb. 2,Another disadvantage of the dew factor is that it makes hitting boundaries difficult.,4.407986435819153,604
A man puts some cheese on a pizza.,Accessibility is determined by the axioms of the modal logic you're working within.,3.724049158163823,131
"Marc Garber, Whitley's attorney, had a different view.","Two baby kittens are sitting inside a cow-schemed, fur-covered dome.",3.9668615710844,796
A man is riding on a horse.,Japan thanks Taiwan for quake aid,0.522115710747207,928
Colorado shooting suspect was in therapy,Fartlek is not more effective than any proper interval training - just more fun!,3.160636527348064,1498
Train going down the tracks.,"a dog with a Frisbee in its mouth, jumps over a man.",3.79523814656244,577
Germans account for more than 40 percent of foreign visitors coming to Italy.,"The technology-laced Nasdaq Composite Index <.IXIC> climbed 19.11 points, or 1.2 percent, to 1,615.02.",1.105705840909361,126
The point of aerating your pile is to get oxygen to the microbes that break down the organic matter.,A little girl is walking down the street.,1.844880526400501,918
Brooks pleads not guilty to hacking charges,Lossless / nondestructive edits are reversible and would entail transforming and/or appending the data in a way that could be reversed.,2.859988534749336,1388
A black and white photo of an old train station.,Two women are posing for the camera and giving the thumbs up sign.,4.627034169067614,134
A tiger club is playing with a ball.,I will be specific to answering the part regarding the prediction of solar flares.,4.246860390094844,1126
A man plays the piano.,A group wading across a ditch,3.348900919721775,925
A white plane on the runway.,A tennis player in the middle of a game.,3.408053368495423,36
A boy skateboards down the railing of some graffiti stairs,A man is beating two eggs in a bowl with a fork.,1.948219702207724,969
"The appropriate pH level of the water does vary a bit by fish, but too acidic can definitely kill them.",The girl is playing the guitar.,3.153869297770451,735
A young child is riding a horse.,A person is scuba diving in very clear blue water.,4.409344754598255,851
The black bird is sitting on the ground.,"It is not hollow, it is round just as our world.",4.133632508826248,1211
At least 15 killed in Nigeria church attack,A young man on a beach is performing skateboard stunts.,2.195603698940643,906
"First of all, let me say that there seems to be 3 main traits to casting a spell.",Insurance is key to fostering economic growth,2.769179216877001,1070
"If you don't want to pay for Adobe Acrobat Pro, as @schultem mentions, LaTeX can do this with embedded hyperlinks.",Brown and white cows are eating from a trough.,0.709480022821037,659
a young boy climbing on a rock wall,The lady broke raw eggs into a bowl.,3.955111209068449,294
Consumers would still have to get a descrambling security card from their cable operator to plug into the set.,A white dog is chasing cows.,0.417440020114205,859
Some villages had histories and thus names going back to Ancient Roman times.,A herd of elephants are walking along a trail.,2.151515170294036,1243
"Websites battle nasty comments, anonymity",A yellow dog is playing in the snow.,2.31727163193057,1450
"The companies, Chiron and Aventis Pasteur, together made about 80 million doses of the injected vaccine, which ordinarily would have been enough to meet U.S. demand.","Russia, China veto UN Security Council resolution on Syria",3.620994470029904,388
John Hickenlooper had 65 percent of the vote to 35 percent for City Auditor Don Mares.,"""Phoneme"" is a theoretical construct which probably can't go away.",4.729933893926541,1049
"Two astronomers surveying the region around Jupiter have detected 20 new moons, bringing the giant planet's total to 60.",Malawi confirms President Mutharika's death,2.250795893470135,839
A small yellow boat sitting on a tropical beach.,"It is not hollow, it is round just as our world.",2.87590315206939,462
People are playing baseball.,"Speaking from my own experience, I would rather carry different ND filters that combine two polarisers.",0.267031230813372,1381
"Freight train derails, catches fire in Columbus, Ohio","As @Sarge says, this is for a doctor to diagnose properly.",3.769436598398446,985
"Since you're being kind of vague here, I can only give you a vague answer.",A black cow and a brown cow stands in a plain in front of an uprooted tree.,4.096239550332543,647
Black and white image of a wave crashing in the ocean.,"Your pile will compost without turning it, but it goes faster if you turn it.",4.492365861855035,899
A man in a dress suit is riding a bike down the paved road.,Coin lockers are a feature of most stations in Japan.,3.851737170584907,595
Major fire breaks out in JK secretariat in Srinagar,http://www.varidesk.com/ There is also the hand-made/DIY version for which you could obtain design templates for.,3.120011539368408,1189
An embolism in a medical context refers to any large moving mass or defect in the blood stream.,There was no influence from China to the culture of Greece.,2.205688157554982,332
"The companies, Chiron and Aventis Pasteur, together made about 80 million doses of the injected vaccine, which ordinarily would have been enough to meet U.S. demand.",A young boy is running toward and from the ocean waves.,0.81563436615027,459
"In English, certainly the most common use of do is Do-Support.",At least 12 killed in Nigeria church bombing,4.10967689244974,200
Black bird sitting on a concrete slab.,A man is slicing potato.,0.545363169131742,1032
To no extent at all is the wars in the middle east caused by trade making the area heterogeneous.,"Allen Steele's book Hex describes a Dyson sphere, but made of hexagons, 1000 miles (K?",4.383602621117533,1012
"Singapore is already the United States' 12th-largest trading partner, with two-way trade totaling more than $34 billion.","I'm not sure how ""Not at all"" sounds in response to ""thank you"".",3.0648703367745,131
The man and two young boys jump on a trampoline.,A man is playing the electric guitar.,1.91100455523602,488
"Yes, dull dialog should be removed completely (or transformed to interesting dialog).",A black and white dog is jumping over a hurdle.,0.423455504347777,1410
"This may be overly obvious, but in American English, saying ""you're welcome"" is certainly polite and standard.",I don't think the burden of proof is on positive or negative versions.,4.169769067718143,663
A pair of young boys in t-shirts are hiding in the woods with one looking aghast.,"Air squats, forward and side lunges, sprawl, wall chair, and lots and lots of jump rope.",3.394553013528179,82
A puppy is trying to come out from the sink.,"I reccomend ""Monkey Grass"" because it is like a slow growing weed that reproduces slowly and looks nice!",1.441744545789647,923
"Israelis, Palestinians convene over prisoner swap",Secretary of State Colin Powell said yesterday that contacts with Iran would continue.,2.675606287912051,885
Blue couch and twin bed in a living room.,I traveled around Maharashtra (including Mumbai) and Andhra Pradesh and I had no problem getting by with just English.,4.369533431933671,762
A man is riding a bike.,"Shares in BA were down three percent at 165-1/4 pence by 0933 GMT, off a low of 164 pence, in a stronger market.",1.754325380779647,1008
Batman and Robin fly a helicopter over water.,A naked little girl being thrown into the air.,2.012622651757679,1096
A small dog laying on the bed.,"""It just seems like all the issues that we support he doesn't,"" said Gabriela Lemus, the league's director of policy and legislation.",3.497012968187929,199
A man is riding on a horse.,8 dead after heavy rains on island of St Vincent,1.830316756451823,339
Presumably the decision of drivers to slow down in response to work zone signage is influenced by many factors.,"The people who are sending these messages are infringing on my rights and everyone else's rights to use your computer,"" McKechnie said.",1.108690224051567,1281
Three people stand in an outdoor glass structure.,A woman is placing skewered food onto a cooker.,3.380774350461085,978
"In these days of googling, it's sloppy to not find the source of a quotation.","In 1995, the last survey, those numbers were equal.",3.304635105804155,1469
A group of people are camping out on some rocks.,The children want to swim.,3.414615192522057,453
Woman in black dress with red accessories is walking down the street.,"There were 293 human cases of West Nile in Indiana in 2002, including 11 deaths statewide.",3.75311695468215,266
As part of a restructuring Peregrine sold its Remedy help desk software unit last year to BMC Software Inc.,We tried putting a male betta in a community tank once.,3.905751904925303,581
"One dead in Philadelphia building collapse, others pulled from rubble",What works for me is to switch the subjects and take frequent breaks.,1.751231996499221,355
A woman is mixing ingrediants.,It is meant to stimulate root growth - in particular to stimulate the creation of roots.,3.654360311846255,505
A class 6 card in theory should be more than enough bandwidth for HD (1080) video for the 550D (48 MBit).,a black and white dog walking through the grass with a long stick in his mouth.,3.904349014402909,1336
School officials said Van-Vliet reported the accident using the bus’ radio.,A man is eating something.,3.93239641643754,794
Iran leader Rouhani says nuclear deal with U.S. possible within ¿three months¿,"Dotson, 21, was subsequently charged with Dennehy's murder.",3.412866700903858,792
Some cyclists stop near a sign.,"Age is not a PhD admission facor in the continental Europe, too.",1.034892859580328,1155
A hockey player looks intently downward.,A man sits on steps.,0.83372110245425,578
You will be hard pressed to find scientific studies that answer these questions with any certainty.,I've seen guys that are still very flexable while lifting weights.,1.40797195121583,430
Rescuers scour debris after India buildings collapse,"Generally unwanted—and often pornographic or with fraudulent intent —spam is a nuisance and a distraction,"" Gates writes.",2.581264160179995,1355
Even though the question has been answered I would like to add my answer .,In general they are not considered dangerous because they rarely attack humans.,2.096505716932944,1105
Kittens are eating food.,"The Note's Must-Reads for Friday, July 12, 2013",0.097496284996291,1498
"Both of our children slept in a portable pen for at least their first year, and there were no problems.","The above advice is quite good, just wanted to add on thing to consider regarding food in bear country.",0.265997518990255,1145
A person uses a blowtorch on two cameras.,Two dogs running along dirt path.,2.717869643141003,447
A man on a motorcycle performing a wheelie.,Two men stop to talk near a sign outside.,3.116342853114038,1165
A man and a woman are riding bikes on a street.,"""We are very pleased with the judge's decision,"" Merrill said yesterday.",0.159718912748333,206
People are playing cricket.,"As with the definition of Palestine, the definition of Israel varies depending on whom you ask.",2.067657067635494,1327
"I managed to find this recipe, I think this is where I got the idea.",Two dogs running down a path in the woods.,1.381672590609556,53
An elderly woman catches a ride on the back of the bicycle.,Calif. man pleads not guilty in terrorism case,0.106796261584182,48
"Nine seconds later, it broke the sound barrier and continued its steep powered ascent.","Many children, instead of being motivated by reward are motivated by being in control.",3.881382164646124,61
A man is riding on a boat.,A passenger plane parked on a runway.,4.867087490165431,199
"Three clowns in bright, multi-colored costumes.",Fire breaks out near secretariat in Srinagar,2.065627510357756,255
The girl sang into a microphone.,Google invests 200 million USD in Texas wind farm project,0.188735558781264,1356
You should take this animal to a vet right away.,That federal investigation is separate from an informal inquiry by the Securities and Exchange Commission.,2.521206636788252,669
"As I remember, in Geneva at least, there are open air markets on a weekly basis.",Coty bids $10 billion for Avon,3.630409422051844,769
"When I needed a travel tripod, I also opted for a Trekpod.",Crisis-hit Maldives holds new presidential poll,1.482688170212564,55
Ukrainian Prime Minister Azarov and entire government resign,"Named is preferred in your example, since you are formally giving a name to your method.",1.205007289221943,305
"5 killed, 50 injured in Pakistan blast",Freeman said not having a driver license has been a burden.,2.38505996739622,75
A girl is dancing in a cage.,The teen rode his bike around the people walking in the courtyard.,3.928561343210454,348
A jockey riding a horse in a pen.,A crowd of people watching cars race down the track.,3.609479807892653,158
I once met a physicists who held the strong AI position.,A former partner of accountancy firm Ernst & Young was yesterday arrested by FBI agents in the US on charges of obstructing federal investigations.,1.872585962368031,986
"It will cost about $20,000 per eight-week course of treatment, comparable to other injected cancer therapies, a spokeswoman said.",Insurance is key to fostering economic growth,4.695843404806688,377
"Before you want to start the study of a subject, figure out what you want to achieve.",Israel widens settlement subsidies,2.03078751202301,971
"He will be paid $395,000 per year, up from Atkinson's current salary of $361,400.","As with the definition of Palestine, the definition of Israel varies depending on whom you ask.",4.762494341266748,1417
There are a few things to help your bun gain a bit of weight.,US Senate Confirms Janet Yellen as New Central Bank Chief,3.480205693717324,568
Boat sails in rough water.,"Yes, the receiver needs to wait until the ball touches his playing area, otherwise it counts as being obstructed.",1.997218813421324,211
Poll: Cory Booker takes early lead for N.J. Senate,A man is standing in the rain.,4.854904220360753,224
"Singapore is already the United States' 12th-largest trading partner, with two-way trade totaling more than $34 billion.",The dog took something out of the refrigerator.,0.32538659980572,403
2 police killed in eastern Afghan explosion,A chef is slicing a shrimp.,3.567602340831356,1380
"By the time that Qin had totally collapsed, Xiang Yu was China's hegemon.",A woman is slicing something.,3.139205672606002,960
A young man is playing the piano.,"This Lady might be ready for Rock Climbing, or just watching the Clouds, above.",0.850759750955609,690
Major fire breaks out in JK secretariat in Srinagar,Four women and two men sit at a long table in a restaurant.,0.281707709454294,510
The girl is very skilled and practices a lot.,A man climbs a rope.,0.901741234075691,1105
Green Lantern to be reintroduced as gay by DC Comics,Two dogs playing by the shore.,3.798973531252756,988
Florida's Supreme Court has twice refused to hear the case.,A brown dog is running on the grass in front of some trees.,1.847322176107726,543
Egypt arrests Muslim Brotherhood leader Badie,"The incremental step, reported by researchers at UC San Francisco, is the latest in a decade-long effort to infect mice with the virus.",3.50473529746362,528
"""We're going to do everything in our power to get money back to ratepayers as quickly as possible,"" Kennedy said.","Japan, US hold talks linked to regional trade pact",1.126332047505897,1153
"If I understand you correctly, you are looking for a hypernym of inclusion and exclusion.","Clinton: US, Europe Must Work to Defeat Tyrants",1.613422627723178,572
A group of people are at a convention waving American flags.,"""I am advised that certain allegations of criminal conduct have been interposed against my counsel, J. Michael Boxley,'' the Silver statement said. """,4.636758974795915,541
The best way I have found is to soak the ears in husk for several hours before grilling.,A black and white dog is jumping over a hurdle.,3.139812246278918,910
A monkey is karate kicking a person.,"Eurozone debt crisis is over, says France's President",3.891880825904233,1019
David Weber's The War God's Own has some lengthy travel scenes in it which he does quite well.,A football player attempts a tackle.,2.979010841080121,969
Federal DOMA does not test the full faith and credit clause so much as the 9th and 10th Amendments to the Constitution.,At least 78 killed in Pakistan church bombing,4.835371787954345,1477
I found it difficult to mark just one answer as correct because all are.,Syria FM: We will stop producing chemical weapons,4.938182393766458,1410
Eurozone agrees to lend Spain up to $125 billion,Romney: I left all management of Bain in 1999,1.747875584849597,915
A man is performing a stunt outdoors.,"Investigators uncovered a 4-inch bone fragment Thursday night, but authorities said it was from an animal.",2.724981615984792,1309
Eclipse Below are list of eclipse shortcuts which I use almost everyday.,France Telecom shares dropped 3.6 percent while Orange surged 13 percent.,3.809868285048877,1233
Fire in Russian psychiatric hospital kills 38,A man sitting on the floor in a room is strumming a guitar.,4.999418174042423,233
A group of people standing in the street,When using a regular taxi make sure it's with a reputable company or you agree upon the rate upfront.,4.318454791020977,810
Three people stand in an outdoor glass structure.,Skiing is a sport where taking lessons pays off very quickly.,3.593651151099152,668
If the number of fours hit by two teams are also equal then both teams will get 1 point each.,A pink bicycle is in front of a building.,1.311770979538319,1033
Public employees can unionize because the law allows them to.,Some people are dancing on stage.,0.759661226889862,1206
Yemen: Fighting in north kills over 120,A man is playing a flute.,1.698131147019395,1368
Fatah endorses refusal to recognise Israel,I think it's going to depend on what the reasons are.,4.989472902891036,558
Many guards are standing in front of the starting line of a race.,"A basketball player, playing in the home coming game.",4.59557567237988,390
YES filed suit yesterday in the Supreme Court of New York County in Manhattan.,"The difference is huge, as not all non-physical things exist in minds.",2.021909324360896,966
"Shares of LendingTree soared $5.99, or 40.1 percent, to $20.68 in afternoon trading on the Nasdaq Stock Market.",A white Swiss airplane approaches the runway.,4.017482819742569,1149
"The report also claims that there will be up to 9.3 million visitors to hot spots this year, up again from the meagre 2.5 million in 2002.",Annan urges end to Syrian violence,4.112220503105475,1301
7 detained for 'house sister' scandal,"I've tried many of the things mentioned above, but they never really worked for me.",2.678971770659816,574
House blaze kills 7 in northern Pakistan,The man is skiing down a snowy hill.,4.517457217081171,80
Ukrainian Prime Minister Azarov and entire government resign,"Without delving into an in-depth analysis of Atlantis and Universe, I'll try and be as succinct as possible.",2.704510125391048,212
Your brain is already beginning to wind down as you see the end in sight.,The car needs to some work,4.479690893721198,370
A little boy is vacuuming the floor.,The man is very skilled.,0.956703424418056,1359
"Currently I've got a fairly close to purely digital GTD setup, although this could do with some refinements and tweaks.","It will cost about $20,000 per average course of treatment -16 to 17 weeks.",1.441224968416605,1421
International forensic teams join Kenyan mall carnage probe,A cougar is chasing a bear.,3.579468858421065,1119
Eurozone agrees to lend Spain up to $125 billion,A man is playing a key-board.,1.621217349511595,777
Coagulated egg proteins in combination with gluten give baked goods the supporting structure they need.,"If I had to pick, Linhof would be my choice.",0.108638214374066,58
The veteran Malyasian diplomat met Suu Kyi Wednesday at the lakeside home in Yangon where she is under house arrest.,"The technology-laced Nasdaq Composite Index <.IXIC> climbed 19.11 points, or 1.2 percent, to 1,615.02.",3.543090998087037,1452
"Quotes from leaders, family at Mandela memorial",A small dog is laying on a bed.,0.471958595338798,1446
The religious people are enjoying the outdoors.,A man is peeling shrimp.,4.054025108314737,926
Female in a maroon shirt engaged in conversation with another female in a tan blazer.,The woman is eating.,1.896920388213889,389
Two boys in black swimming trunks are holding another boy by his arms and legs on a beach.,There are basically two types of cakes: butter and sponge (or Génoise).,4.40992511980156,315
Young baby girl sitting on table.,Supposedly Danios need to school which mean you need at least 5-8 Danios in your tank.,3.799083938874621,223
"According to security sources, London Metropolitan Police Commissioner John Stevens placed his force on its highest state of alert last week following the warning.",The two women are playing a game.,0.742571630432243,237
As part of a restructuring Peregrine sold its Remedy help desk software unit last year to BMC Software Inc.,The man is cracking eggs into a bowl.,1.443096131940589,1384
Two dogs are sniffing something in the rocks.,A woman is cutting raw fish.,1.207569321137002,918
Not all negative claims can be validly reformulated into positive claims.,NATO: 3 troops killed in Afghanistan attack,2.46366413903107,957
I've started my own tool since I didn't like yWriter and Storybook.,A black cow and a brown cow stands in a plain in front of an uprooted tree.,3.484803733853677,386
A white bicycle stands on a floor.,Kerry Calls On UN Security Council to Act on Syria,1.584431435777674,48
A man is talking with other women on the beach.,A woman is taking a bath.,3.977047425694535,767
New Japan govt hints at joining Pacific trade pact: Report,House with a red door.,4.112108124000824,526
The company said it would cut the wholesale price of most top-line CDs to $9.09 from $12.02.,Japan: World's Oldest Man Ever Dies Aged 116,4.548199498860673,637
"3 killed, 4 injured in Los Angeles shootings","""I'm still not red-hot favourite,"" Hewitt said after battling to down Davydenko 6-3 4-6 6-3 7-6 (7-5) on centre court.",4.991153128714724,1430
the tan dog is playing with the red dog out in the snow,Crisis-hit Maldives holds new presidential poll,4.401788831887598,571
"""It's a major victory for Maine, and it's a major victory for other states.",One general key to not feeling dejected is to avoid comparing yourself to others.,3.24194779938677,673
Sly Stallone's Sone Sage Found Dead in LA,The legal reasons why public employees can unionize have been elsewhere described.,3.181955764514784,1429
"By the time that Qin had totally collapsed, Xiang Yu was China's hegemon.",Teams of inspectors walked into a restricted area at one park without being stopped by employees; others took pictures of security-sensitive areas without anyone challenging them.,3.136009509684793,277
"The upcoming second-quarter earnings season will be particularly important in offering investors guidance, they say.",Freed Pussy Riot pair stir up anti-Putin protests,1.365571240379054,1278
"The broader Standard & Poor's 500 Index rose 3.42 points, or 0.34 percent, to 1,007.84.","There are some cases ""status"" may be accounted of countable.",1.561189688204671,1226
"Three clowns in bright, multi-colored costumes.",Salmon is a great choice and it's readily available pretty much everywhere.,0.397571445900111,1180
Saudi gas truck blast kills at least 22,South Africa train crash kills 26,0.381430386563602,1285
Oil falls in Asian trade,A treadmill won't prepare you for the impact of running for real.,1.986452297466408,14
Man sitting on a bench drink from a mug surrounded by rugs.,A man is tracking in the wood.,1.985798292166825,1241
The budget analysis comes as negotiations between the City Council and the Bloomberg administration heat up.,The woman is on her way to a date.,0.24468237031011,41
"The user needs to evaluate for his/herself the cost/benefit of an ""obvious"" efficiency tool, such as macros.",Bolivia's Morales says he would grant asylum to Snowden if asked,1.936623716508055,189
Four girls in swimsuits are playing volleyball at the beach.,Black bird standing on concrete.,1.999360725731744,1080
A man is riding on a horse.,"The lawyer for Hollins Jr., Thomas Royce, has said his client had no link to the company that owned and operated E2.",4.306033899337383,446
A motorcross driver going by during a race,"Sirius recently began carrying National Public Radio, a deal pooh-poohed by XM because it doesn't include popular shows like All Things Considered and Morning Edition.",4.269207827562777,857
Men are jumping into water from a bridge.,A wooden yacht on the ocean.,3.093474624253283,317
Men are jumping into water from a bridge.,"Chief Executive Mickey Robinson was fired for cause in September, the company said last month.",3.327862933145922,1263
The effort is the Bush administration's latest effort to expand the role of religious organizations in government services.,"The rovers act as robotic geologists, moving on six wheels.",1.924755883700755,1219
"Gaza militants fire 40 rockets into Israel, 3 hurt: police",Obama backs same-sex marriage,2.314036241319167,300
2 police killed in eastern Afghan explosion,I think for an appropriate answer I'd need to know exactly what the 'bad' ideology is.,1.166387965556104,1301
"An incremental step reported by researchers at the University of California, San Francisco, is the latest in a decade-long effort.","Second one  (for writing purpose), if I believe the ""THEY/THEIR (SINGULAR)"" article.",4.428743531578413,477
Shares of Coke closed New York Stock Exchange trading Thursday at $44.01.,A group of people ride in a race,4.935339320443292,406
A musician is smearing jam on his white guitar at a concert.,The dog took something out of the refrigerator.,3.271736083320749,1442
"If you have access to it, you can very easily do that with Thomson Reuters’ Web of Science portal.",Israel launches air strikes near Damascus,2.662249203522291,129
Black and white dog running through water.,"This Lady might be ready for Rock Climbing, or just watching the Clouds, above.",2.986814241942018,964
A dog and cat laying down together.,"Families stuck on the highway were being urged to remain in their cars, and to use their cell phones only in case of emergency.",0.085940735335907,606
the man is catching a ball,Shinzo Abe is Japan's prime minister,1.282421920049862,787
Two women posing with a baby.,Salmon is a great choice and it's readily available pretty much everywhere.,3.928183448456411,182
Hospital: 61 killed in Venezuela prison riot,The woman reported that she felt threatened and obtained a warrant for Stackhouse's arrest from the local magistrate's office.,1.773102890950902,447
We have two parallel worlds in collision or maybe more.,Police believe Wilson then shot Jennie Mae Robinson once in the head before turning the gun on herself.,3.274102648349688,263
I have never read anything that said teethers were bad--where did you read that?,There are both physiological and neurological reasons to build in rest.,3.32796142797343,586
"Palatalisation of /k/ before front vowels happens all over the place: Russian, Greek, Turkish, Persian etc.","As @Sarge says, this is for a doctor to diagnose properly.",4.613559463022929,18
"There were indeed some serious issues surrounding Kennedy's election in 1960, one of the closest elections in History.",WTO: India regrets action of developed nations,3.366727575331665,795
"Police then called a bomb squad, but the device exploded, killing Wells, before bomb technicians arrived.","The people who are sending these messages are infringing on my rights and everyone else's rights to use your computer,"" McKechnie said.",3.857724287730156,1140
"Some ancient historical precedent exists for preferring $10$, but also for $6$, so that's mixed support from Wikipedia on perfect numbers.","According to an arrest warrant, Bryant, 24, attacked a woman on June 30.",3.727216153339406,1256
A man is fitting silencer on a pistol.,A man chops down a tree with an axe.,0.279149222891426,1329
A man is throwing a penny into a fountain.,Salmon is a great choice and it's readily available pretty much everywhere.,1.687760470391308,187
At least 12 dead in Washington ...,"Allergies to animals, particularly furry ones, can be across the board rather than species specific.",0.112379892694846,1447
Two dogs are playing on the beach together.,A band is playing on stage.,2.755370828476377,565
"Yes, you can add coffee grounds with their filters to your compost pile.",They don't intend to leave those items around the house or untidy the house.,1.788067097632601,1016
People ride mopeds in an urban setting.,"Emile Laroza, 51, contracted SARS while working as a nurse at North York General Hospital, the epicentre of the second SARS outbreak.",1.699406612574681,1268
"It got up on his personal radar screen this past week, I've given him my pitch and he was quite supportive,"" he said.","U.S. soldiers killed about two dozen suspected Taliban militants in southern Afghanistan after their convoy came under attack, the military said Sunday.",3.856915948436942,841
Here is a lexical decision task I wrote years ago using PHP and Javascript (github link).,A man chops down a tree with an axe.,0.053776547589183,548
A black and white dog is running through the grass.,Crews worked to install a new culvert and repave the highway so motorists could use the eastbound lanes for travel.,4.348887594360518,340
A man is erasing a chalk board.,Living room with tan furniture and flat screen television.,3.308009571743456,782
"Reading your post, made me think of my younger years !!",My GTD system is effectively 100 percent electronic--as described in detail here.,4.076859455579882,275
"Reading your post, made me think of my younger years !!",A man is cleaning a cd.,2.502147953908332,936
Some cyclists stop near a sign.,CPAC 2012: Mitt Romney Struggles to Connect with Conservative Base,3.177590896503339,246
Demolition work begins on Don Valley Stadium,Cardinals enter Sistine Chapel to elect pope,3.117103610568876,436
"As I wrote above, it's hard to rate this wall.",A black and white photo of a man standing next to a bus.,3.774566118548598,1081
A man and woman are eating at a table.,The girl trotted the horse.,0.489304858817546,15
"In standard English, I think ""don't got"" has the same register as ""ain't"".",A person is scuba diving in very clear blue water.,4.795867442901961,1077
"I managed to find this recipe, I think this is where I got the idea.",A dog is trying to get through his dog door.,3.613237808190533,855
"If you can get over the ""ick factor,"" you have an easily-applied source of organic nitrogen fertilizer close at hand.",Low reps with high weights don't add mass because the duration of the exercise is kept short.,0.329668234732862,757
Part of the accord was the implementation of a special health council that would monitor health spending and progress in reforming the health system.,A football player attempts a tackle.,2.429552231687249,1357
The author is one of several defense experts expected to testify.,A group of people standing near a small child sitting on a horse.,4.549873280073492,964
In the past it has grown almost like a weed in our pots on our deck here in North Texas.,"Abduct Israelis to free prisoners, Gaza leaders say",3.773423856523247,400
Representatives for Puretunes could not immediately be reached for comment Wednesday.,"Best Minister, Scrimshaw, and Ten Most Wanted all had workouts on Monday morning.",1.96275669714782,370
A man is crying.,A man carries a women.,0.337479441021787,10
"Basically, the rule is that you must play the ball, and not the man, until someone catches the ball.",Someone is drilling a hole in a piece of wood.,4.489635768382614,584
"Calvin Hollins Jr.'s attorney, Thomas Royce, has repeatedly said his client had no link with the company that owned and operated E2.",I have never heard or seen the phrase you mention.,3.313781118820571,45
Two tan and white dogs and one tan dog racing down the beach near the water.,You can put her toys near her or give he toys to her.,3.977287314876107,733
Someone is stirring chili in a kettle.,Five greyhounds are racing on a sand track.,4.469513151331955,378
Colorado shooting suspect was in therapy,lay down a knife horizontaly on the cloves and hit it.,2.559944113203454,936
Men are jumping into water from a bridge.,Kittens are eating from dishes.,0.884159241536972,1289
Greece votes in crucial election,UN takes over peacekeeping in Central African Republic,1.937087343120528,1333
Pakistani Taliban chief Hakimullah Mehsud killed in drone strike,"You can always ask, then it is the choice of the author to accept or not.",1.843174240144985,360
"A rule of thumb that I've heard is ""for small children, big dogs"".","Still, changes to IE ""may affect a large number of existing Web pages,"" according to the W3C's notice.",2.036107530995778,1357
It is not recommended to use greywater on vegetables that you will eat directly.,a boy is running on the sidewalk,3.762274682493684,1002
"The villains I absolutely hate are selfish and self-serving, but they are also cowards.",A man plays a guitar.,1.957166292893512,231
Malawi confirms president's death,A group of cyclists in green and white with spectators looking on.,4.928661516804449,65
"Yes, absolutely - the receiving player must allow the ball to bounce before returning the serve - or any shot, actually.",It appears as though it has likely started to bolt.,1.201682514109401,551
Someone is stirring chili in a kettle.,Nelson Mandela released from hospital,2.953019794026393,728
Security tightens for Thatcher funeral,Israeli lawmakers call for internal probe into case of Prisoner X,1.111326599160847,527
A woman is removing skin from some meat.,"Shares of LendingTree rose $6.21, or 42 percent, to $20.90 after hitting $21.36 earlier.",4.233105048722913,846
A man playing the violin in the rain.,"South Africa's Nobel laureate Archbishop Desmond Tutu says he does not understand all the fuss about appointing a gay bishop, but he has urged homosexual clergy to remain celibate.",2.617004019435587,1288
The child would like to swim.,Two children lying in the snow making snow angels,3.043788149950533,209
Here's a technique  I've developed without being aware of it: Multiple Browsers.,They don't intend to leave those items around the house or untidy the house.,0.778465341077066,1077
"As others have said, ""ten of six"", though not used in many English speaking areas, would be understood as 5:50.",Fast Picture Viewer is $9.99 and works just fine on 64-bit Windows 7 (I'm using it myself).,2.752307625593337,926
A black dog is running in the grass.,The federal standard for ozone is 0.12 parts per million.,2.583807727197863,58
The plane was estimated to be within 100 pounds of its maximum takeoff weight.,Calico cat sitting on step in front of a door.,3.45879439893958,56
A woman is putting her baby in a waste bin.,"Lee Janzen, tied atop the leaderboard with five holes left, finished with a 68 to tie for sixth with Bob Crane (67) at 269.",3.745723766410692,149
German Shephard jumping through black hoop while people watch,A man riding on a bicycle by side of building.,4.051871533293387,1095
Pakistanis vote in landmark election,Shares of Allergan were up 14 cents at $78.40 in late trading on the New York Stock Exchange.,4.67980309971534,1078
Civilians Bear Brunt of Afghan Attacks,Two men stop to talk near a sign outside.,1.67005418261435,1137
"Syrian forces hit mosque with barrel bomb, kill 5","The report shows that drugs sold in Canadian pharmacies are manufactured in facilities approved by Health Canada, which serves a similar role as the FDA for the Canadian government.",4.437575043269927,430
One football player tries to tackle a player on the opposing team.,TThe girl is standing in front of the open door of the bus.,3.394020792730034,1139
I had a similar issue but in what seemed to be a simpler situation.,A black dog is walking along the side of a pool.,0.429317856734327,495
Presumably the decision of drivers to slow down in response to work zone signage is influenced by many factors.,Two people walking along the beach at sunset towarn a group of people.,4.900236587432577,279
A man with long hair is looking through a camera.,"Six new Krispy Kreme stores were opened in the first quarter, bringing the total number of stores to 282.",2.828973985157767,1005
"Tail wagging, Abbey trotted on stage with Conway before a crowd of more than 10,000 attendees at PeopleSoft's annual customer conference at the Anaheim Convention Center.",Iran says it has seized U.S. drone; U.S. says it's not true,4.837204977431211,429
A dog runs on brown grass.,A animated airplane is landing.,1.404840080380284,474
Those expressions could have slightly different meanings especially when talking about finance.,Constellations are human constructs to make sense of the night sky.,2.053630874575784,219
Board Chancellor Robert Bennett declined to comment on personnel matters Tuesday.,A dog laying in the snow.,4.452976225742801,218
Greek police arrest German on suspicion of spying,"In my experience, babies tend to wake up by themselves when they get hungry.",1.501858155303261,1386
A person is picking a komodo dragon and putting it in a box.,Others have made some good suggestions about how to neutralize the odors in the area.,3.271142814549757,312
A woman stands with her arms out at her sides while another takes a picture.,"Alright, there are several different issues here that we must be sure to address.",3.107316486523335,748
Keep in mind that you can easily swear without swearing.,The boy is taking a test at school.,1.624417588429005,332
Greek police arrest German on suspicion of spying,"The governor is going to Jackson, where 13 people were killed.",1.14526362981524,61
Two people walking along the shore at sunset.,Cusco: High: 70F Low: 40F This is just before the rainy season (Dec-Mar) and crowds are general less.,4.295704261085359,491
"But JT was careful to clarify that it was ""not certain about the outcome of the discussion at this moment"".","BA said the second quarter, which included unofficial industrial action at Heathrow, had been difficult.",4.424019438332121,1124
"Certainly many usage guides have advised against use of this ""singular they"" on various ""logical"" grounds.",The man is skiing down a snowy hill.,3.673964249718807,1117
A small baby is playing a guitar.,"You can always ask, then it is the choice of the author to accept or not.",0.018573272042374,1365
The woman is dicing onions.,Salmon is a great choice and it's readily available pretty much everywhere.,2.362058114309493,381
two young girls hug each other in the grass.,Police disperse east China chemical plant protesters,0.458525920212926,1393
Juror: Sandusky appeared to accept his fate,"The Dow Jones industrial average <.DJI> fell 44 points, or 0.46 percent, to 9,568.",2.166049680994269,755
Two women posing with a baby.,A group of people sit around a blazing fire at night.,4.184535765296316,1219
FAA lifts ban on U.S. flights to Tel Aviv,A woman is applying cosmetics to her eyelid.,2.322730883463399,1169
"One dead in Philadelphia building collapse, others pulled from rubble",Two grey dogs running in green grass.,2.698203164358788,1084
I like the previous answers regarding setting a schedule and fulfilling the rituals of going to a job.,An old train sits idle on the tracks.,4.960342674072057,619
A man walks his dog on the beach.,"On the surface, it does seem like social anxiety disorder and extroversion shouldn't both exist in the same person.",0.074364475181132,873
"The pound also made progress against the dollar, reached fresh three-year highs at $1.6789.","FirstEnergy Corp. should have determined that modernizing one of its plants would increase overall pollution emissions, U.S. District Judge Edmund Sargus ruled Thursday.",3.677966718609326,1263
"As you can see from this map on the Wals.info site, there are many.",The girl is standing as the other girl with glasses works on her hand painting.,0.246480573611255,1384
Two girls are playing Doctor inside their house.,"""There's very strong interest in getting money back to the ratepayers as quickly as possible,"" Commissioner Susan Kennedy said.",0.429463697982827,854
The important thing I try to remember is just to pay attention.,"Razali Ismail met for 90 minutes with Suu Kyi, a 1991 winner of the Nobel Peace Prize, at her lakeside home, where she is under house arrest.",0.645921258919336,47
People ride mopeds in an urban setting.,FORMULA 1: Rosberg stays modest despite Monaco win,4.221063134197156,828
Part of the accord was the implementation of a special health council that would monitor health spending and progress in reforming the health system.,A man is beating two eggs in a bowl with a fork.,3.896682732395115,569
Netanyahu set to call early vote,A woman is kneading dough.,4.137984540512012,875
He later learned that the incident was caused by the Concorde's sonic boom.,A silver AreoMexico Jet Liner sitting on the tarmac.,1.968071475987484,1194
"The router will be available in the first quarter of 2004 and will cost around $200, the company said.","There's the naïve version of spike triggered averaging, and the sophisticated version.",3.538261689212734,529
Volkswagen skids into red in wake of pollution scandal,A man is shooting off guns.,1.851797307870014,1116
A person is boiling soup.,"First, you should realize that this is not you or your dog's problem.",3.039934498195151,905
I would say the best thing for me is to have a proper and consistent sleep schedule.,A man is finely chopping a green substance.,1.592465869499414,592
They are being held on immigration violations as the incident is investigated.,The dispute has led Ukrainian president Leonid Kuchma to cut short a state visit to Latin America.,0.483703063275023,976
Experience: you must have noticed in you project/office that other colleagues who are more experience understand things quickly.,There is no implication about Tom whatsoever in such a sentence.,0.574440558982851,34
A smiling woman holding a small baby.,A animal is walking around.,4.342379752581725,918
There are a few things to help your bun gain a bit of weight.,"US Airways Flight 5481, which crashed Jan. 8, was judged to be within 100 pounds of its maximum takeoff weight.",4.451725433224899,1491
Public employees can unionize because the law allows them to.,I would say it's completely safe so long as the bottles have been adequately rinsed to remove any detergent residue.,3.819126720347861,905
A group of people eat at a table outside.,US Says Chemical Weapons Used in Syria,3.006731011252719,632
"My experience with Danios has that they always have been ""bossy"" fish.",Nigeria church blast kills at least 12,4.387216204368447,137
The USA is the world's strongest country because of its military force.,Calif. man pleads not guilty in terrorism case,4.084901547433795,1322
A woman is applying eye shadow.,Hundreds dead or injured in China quake,4.093306483919735,166
"""I'm not going to be sponsoring it because it is not our proposal but I'm not going to be negative about it"".",Two men in business dress are standing by the side of a road.,2.237535061541027,853
Lebanon businesses strike in protest at political impasse,Police treat suspicious object at Tel Aviv bus station,1.011998040247925,827
A clown performs for brother and sister as the rest of the party watches.,US presidents pay tribute to Mandela,4.82532334166223,691
"Given that the amount of shedding is normal, I don't think there's anything you can do to lessen it.","Russia, China veto U.N. draft backing Arab plan for Syria (Reuters)",1.834436266373458,1069
A close-up of a cat on a cream sofa.,"Red grapes, blueberries boost human immunity",1.029160676122841,1207
A woman doesn't have her arms up because she's paralyzed from the neck down,A social gathering of people in a restaurant.,1.530492899623868,504
I started watching the Stargate series by watching Atlantis first!,"The helicopter was owned by Las Vegas-based Sundance Helicopters Inc., according to the sheriff's office.",0.020322829328749,44
A lady and her daughter look through a microscope.,"A grey, black, and white cat looking at the camera.",1.446814833115091,1202
A woman is exercising.,From an article entitled Can You Call a 9-Year-Old a Psychopath?,1.415206106142599,660
"Russia, China Veto UN Resolution on Syria",Hunting for clues in Boston bombing,3.86440466242171,908
Barack Obama's personal evolution on same-sex marriage,Obama urges no new sanctions on Iran,1.590482808421591,120
A woman is slicing a potato.,A mostly black train on a track.,1.913585658891856,744
A dog and cat laying down together.,Pakistan holds landmark election as 29 killed in attacks,4.392125133384406,1119
I don't think we have a solid theory of mammal speciation.,Hunting for clues in Boston bombing,3.014189606904654,1171
"I use Elinchrom Skyports, but if money is not an issue then go for PocketWizards.",US spends $50m on carp invasion,1.303198207659411,423
A woman walking down the side of a highway.,"The most common side effects after getting the nasal spray were nasal congestion, runny nose, sore throat and cough.",0.269363709653109,243
Someone is stirring chili in a kettle.,The expansion of space means that objects in cosmological distances are receding away from each other.,4.96232734729892,72
A man is singing into a microphone.,Israeli forces detain 2 Palestinians in overnight arrest raids,1.978776030364415,1365
"Yes, it's true that the apparent size of the Moon is 30 arcmin.",Child milking a cow outside.,0.10975856051183,1337
The room used for defecation is almost always referred to by euphemism.,A man is jumping over a stream to meet his companion on the other side.,1.729325287478429,266
Two dogs running together and one has a duck toy in its mouth.,A woman is cutting raw fish.,2.178067614280615,1346
There are many compact cameras with underwater housings available from Canon and Olympus.,"Lee Janzen, tied atop the leaderboard with five holes left, finished with a 68 to tie for sixth with Bob Crane (67) at 269.",1.52689613957813,676
"Zipf’s law, as I understand it, is not really about languages, but about statistics and probability.",A girl stands high on an obstacle course platform.,1.954468154708395,677
A man wearing US flag boxer shorts is standing on a stairway.,Kittens are eating from dishes.,4.157201290002226,1032
Thistle is classified as a noxious weed in most places and must be controlled.,Side note first: I don't think that physicists always agree on their theories and predictions.,0.644362306389862,599
No radiation leak at Iran's nuclear plant,Two black dogs are playing in a grass.,1.052931726862721,1129
I think the dual goals have a lot to do with the purpose of the antagonist.,A man is kicking a ball.,1.84945827647505,576
"Break the bulb into cloves, breaking off the bottom and the dry stick that goes up the middle.",Heatley underwent surgery Saturday for a broken jaw and an MRI found two torn ligaments in his right knee.,4.302269676476095,389
A group of people standing in the street,A woman is painting her lips.,3.061819120358219,47
Stocks dipped lower Tuesday as investors opted to cash in profits from Monday's big rally despite a trio of reports suggesting modest improvement in the economy.,A biker is doing stunts.,4.418712284487602,51
I grill salmon that I get with the skin on.,NATO: 3 troops killed in Afghanistan attack,1.092505637489705,937
A man is crying.,A spotted dog stands on his hind legs to catch a ball on the beach.,0.281240790114218,150
Part of the accord was the implementation of a special health council that would monitor health spending and progress in reforming the health system.,Taliban launch coordinated Afghan attacks,0.426195273386673,632
I have been doing a lot of my outlining/pre-writing work in Workflowy.,Suicide bomber strikes in Syria,2.092850491959824,86
A woman is carrying a boy.,There is no clear successor for Mr. O'Neill at Hyundai.,3.610647581547755,59
He was arrested Tuesday night at a northwest Atlanta tire shop after a national manhunt.,"In addition to @Pearsonartphoto's answer, you can use flash (either the built-in or better yet, an extarnal) to freeze the motion.",2.981416733792152,1023
The man used a sword to slice a plastic bottle.,A man is laying on the floor holding a baby up above him.,4.578749716430276,1000
Kids playing ball in the park.,A group of people stand together and pose in front of a house.,1.087508168525236,509
A small blond boy slides head first down a blue playground slide toward another blond youth.,"Noah Wyle, who has played Dr. John Carter since the series launched in 1994, has inked a one-year extension to his deal with producer Warner Bros. TV.",2.33977244466479,254
"Marc Garber, Whitley's attorney, had a different view.",There's no rule that decides which players can be picked for bowling/batting in the Super Over.,1.208426977001445,329
"Romney, Obama clash on tax, economy in first debate",There are many arguments for why this is not the case.,0.63643837385965,196
"As per FIFA's ""Equipment Regulations"", Section 22, only the goalkeeper is permitted to wear a cap.",Any breed of dog can be perfectly safe or extremely dangerous.,3.261895159325084,922
A group of people eat at a table outside.,Here is my answer to a similar question posted on the physics stack exchange website.,3.232290656285376,486
"Also in Mosul, rebel gunmen on Friday assassinated a Sunni Muslim tribal leader who backed the coalition.",Miss New York is crowned Miss America,4.277152759770918,1247
Former company chief financial officer Franklyn M. Bergonzi pleaded guilty to one count of conspiracy on June 5 and agreed to cooperate with prosecutors.,"Hebei has reported 191 cases and eight deaths, though the WHO experts did not say how many were in rural areas.",1.812377145498747,791
He was arrested Tuesday night at a northwest Atlanta tire shop after a national manhunt.,"As with all natural laws, Zipf's law is an approximation.",1.578823875395371,1484
The man cut down a tree with an axe.,Nigeria church blast kills at least 12,0.396974816622856,1016
Fatah endorses refusal to recognise Israel,A man talking with two water bottles sitting in front of him.,0.249652605292772,317
An animal is biting a persons finger.,The lady sang into the microphone.,3.36532099664952,1102
A Japanese swordsman jumps into the air.,Several hikers rest with their gear in front of a mountain.,2.251996825223333,519
Clean the urinated zone with vinegar (I used to do that when my feline daughter was a baby kitten).,Israel Police Clash With Palestinians in Jerusalem,2.844007771905503,797
"A young woman with outstretched arms stands in front of a ""Going Places"" bus.","Starting with a whole chilled piece of meat, I quickly pour boiling water over all the outside surface.",2.678813674645667,864
A man is cleaning a fish on a kitchen counter.,Baghdad cafe bombing kills at least 38,2.893518447334471,820
"A black hole (briefly), is nothing more than a dead star whose mass was more than 3 solar masses.",Oil prices down in Asian trade,1.529553273133907,1285
Running downhill is the BEST way to strengthen your quad muscles.,There's no rule that decides which players can be picked for bowling/batting in the Super Over.,0.316040360348568,1372
I disagree that the moniker “most extensive” should be applied to Dorothy Jones Heydt’s language.,An alternative would be to expose her solely or additionally to Hindi in daycare.,3.693771842676185,369
A black and brown dog is chewing on a large stick.,"The last round of presidential elections in Russia was held on March 4th, 2012 and December 4th, 2011 for the Duma.",2.986644885114469,1426
A woman is carrying a boy.,"I have the 18-55, 50/1.8 and 50/1.4 as well as the 20D - superseded by a 50D.",2.100503017525524,838
a group of navy seals are singing,The man is cracking eggs into a bowl.,3.507351710052294,1461
A woman is slicing fruit.,"It's a 1:1 lens, so that means that the size of the subject will be the same size on the sensor.",2.635716999922495,430
"It got up on his personal radar screen this past week, I've given him my pitch and he was quite supportive,"" he said.",Websites fight nasty comments by taking away anonymity,3.338013496152297,1275
Foreign companies eye new 'opening-up',Several children and jumping on a trampoline in the snow.,4.709197356007245,297
A ballet dancer is performing on stage.,A busy city square in an asian country.,2.309862556872544,1046
Someone is pouring chicken broth into a pot.,A group of military personnel are playing in a brass quintet.,1.068328861426565,866
A child is playing a computer game.,Scott Dixon eventually made winning the Honda Indy 225 look easy Sunday at Pikes Peak International Raceway.,4.302888161854039,434
Supermarket chains facing a possible grocery clerk strike this week accused union leaders Monday of breaking off contract talks prematurely over the weekend.,A red two story bus driving along the street.,0.363780000073318,996
You have to define the problem before attempting a solution.,The science behind superheroes might shed some light on this topic.,0.849114475618442,311
Israeli forces detain Palestinian MP in Hebron,Wall Street moved tentatively higher Tuesday as investors weighed a trio of reports showing modest economic improvement against an urge to cash in profits from Monday's big rally.,1.052866384653801,1244
Two airplanes in the sky.,US Says Chemical Weapons Used in Syria,3.226743725789541,829
A red double decker bus on a crowded street.,"In 1900, the second modern Olympic games, 22 women competed in 5 events: tennis, sailing, croquet, equestrian, and golf.",3.515794940914829,1172
All eyes on new Pak army chief Raheel Sharif,"This is indeed possible, but I haven't seen it done experimentally for reasons other than feasibility.",4.109984198388043,1402
"In two weeks, he'll probably send out Peace Rules in the Preakness.",Australia cuts interest rates to record low,2.06967905927098,761
A man helps a boy ride a bike.,Zambrano pitched seven innings and allowed two runs on five hits and four walks.,3.079572864054638,637
Black and white cow standing in grassy field.,Annan urges end to Syrian violence,4.120320689624489,284
The group of hikers is resting in front of a mountain.,"The word ""cable"" has its origins in the days of the telegraph.",1.884603039748508,551
A tiger is playing with his trainer.,"For completeness, Apple's Pages has quite a few nice poster layouts.",1.715991888639135,1401
EU Set for New Sanctions on Iran,A slow loris is biting a persons finger.,2.481738925238442,837
Red double decker bus on side of street.,"The broad Standard & Poor's 500 Index .SPX shed 0.17 of a point, or just 0.02 percent, to 934.",4.899613165216607,972
Large silver locomotive engine in a shed.,Man in white shirt flipping young boy in the water with four other boys surrounding them.,0.666990079715598,1499
"If you're doing a full body workout 6 days a week, you absolutely need the rest week.",The girl in the ski jacket is walking near the buildings.,2.325847439059861,1326
The puppy is outdoor.,Two brown dogs are playing with each other in the snow.,3.332357282196752,1040
"Every Thursday, a grains management committee meets in the Commission's agriculture directorate to decide the outcome of a weekly export tender.","I concur with @T.E.D; the question is a ""no True Scotsman"" bar bet.",1.530769679029063,1280
The animal with the big eyes is eating.,"I don't know if I should say this, but if your job is making you anxious.",4.550343507507943,1232
The man stirred the sauce for the chicken.,I think a learning attitude is the founding skill of a self-taught person.,0.616366422411673,878
A rabbit is playing with a toy rabbit.,Best’s great day brings West Indies cheer,0.356396169779765,78
A man is eating a pizza.,Pakistan Denounces Latest Drone Attack,2.230045033196105,1223
Cardinals enter Vatican for historic vote,"A villain you want to take down is, at his/her core, someone who does not care about the suffering of others.",3.531473475518481,1211
The group of hikers is resting in front of a mountain.,The man is erasing the chalk board.,3.930094619265479,1400
Zoo worker dies after tiger attack,There is a boy and a girl.,3.574405965384974,615
A man is playing soccer.,A man talking with two water bottles sitting in front of him.,2.826259545405592,888
A group of people are camping out on some rocks.,US decries Pakistan doctor's fate,0.671887279085439,1361
"The user needs to evaluate for his/herself the cost/benefit of an ""obvious"" efficiency tool, such as macros.","You're going to find answers all over the map for this one (i.e., there probably aren't ""standards"").",3.553884826530757,46
A woman is riding on a horse.,My motivation is that I like to look at things from their roots and go up.,4.553177037260419,42
At least 38 Morsi supporters die in clashes,Two women are sitting in a cafe.,1.771099701836679,1368
As part of a restructuring Peregrine sold its Remedy help desk software unit last year to BMC Software Inc.,"""Yes, I do not wish to be present during this witness,"" Peterson, 31, calmly told the judge as he was returned to his cell.",3.768769941261265,252
"I bought a book, which talks about this, so here's an answer to my own question.",A man is cleaning a cd.,3.059348243981076,880
The fruits should be eaten with lemon juice in order to prevent oxidation in your stomach.,The birds are swimming in the water.,3.298111925476812,810
Two dogs are sniffing something in the rocks.,A man is eating bread.,2.625236490357143,177
A hockey player looks intently downward.,"I am a PhD student in Computational Science, which is an interdisciplinary major spanning mathematics, computer science, and engineerning.",0.115552031800611,84
An elderly woman catches a ride on the back of the bicycle.,"Just for reference, I ended up writing simple web-based lexical decision task software myself.",1.695960895502041,1477
"I'd suggest you find a bank in your local country, and consider opening a Euro denominated bank account with them.","First, let me say I've no experience doing battle with Bermuda grass.",3.01516347516365,1397
"This post refers to research in the STEM fields, and may not be applicable to other research topics.","In my experience, when the final production will be in sRGB, use that color profile from start to finish.",4.288747381323942,455
"""I do not wish to be present during this witness,"" he told Stanislaus County Superior Court Judge Al Girolami.",A man climbs a rope.,0.614301271761873,544
Two brown horses standing in grassy field.,"Six new Krispy Kreme stores were opened in the first quarter, bringing the total number of stores to 282.",3.435701325279187,26
Two black dogs playing in the grass.,"Symptoms include chronic diarrhoea, abdominal pain, weight loss and extreme tiredness.",2.97362834434094,359
Beleaguered telecommunications gear maker Lucent Technologies is being investigated by two federal agencies for possible violations of U.S. bribery laws in its operations in Saudi Arabia.,The International Union of Painters and Allied Trades endorsed Mr Dean several weeks ago.,2.306844592220086,1359
Rosberg emulates father with Monaco win,A couple are eating a meal and talking.,0.716959034608105,833
A man doing a wheelie on a mountain bike.,"The report shows that drugs sold in Canadian pharmacies are manufactured in facilities approved by Health Canada, which serves a similar role as the FDA for the Canadian government.",4.497113764365456,1344
Sheep are grazing in a grassy field near a stand of trees.,An airplane moves along a runway.,4.582250349590135,1051
A dog is chasing cows.,Small office space with bright green walls.,3.618344136156981,1462
A skier is jumping in the air over a snowfield near a mountain range.,"""The petitioners are entitled to respect for their private lives.""",3.867283456875793,588
Your brain is already beginning to wind down as you see the end in sight.,"Six new Krispy Kreme stores were opened in the first quarter, bringing the total number of stores to 282.",1.152808551603989,791
"Why is the speed of light 299,792,458 m/s, and not (for instance) 3,1 or 4,3 x 10^44 m/s?",A girl is riding a bicycle.,3.027395611553225,1383
"Syrian forces hit mosque with barrel bomb, kill 5",There was no influence from China to the culture of Greece.,0.282383472577524,271
A man plays a keyboard.,The science behind superheroes might shed some light on this topic.,4.829046349523621,172
"Euro crisis is over, says France's Francois Hollande",A man and two boys are bouncing on a trampoline.,1.640908769666385,945
In Hinduism and Buddhism there is message of peace and an encouragement to not be materialistic.,Iran President Hassan Rouhani wants nuclear deal in months,3.789161534713603,185
People are playing cricket.,"The incremental step, reported by researchers at UC San Francisco, is the latest in a decade-long effort to infect mice with the virus.",1.30443771494388,435
"In a ""first-past-the-post"" system, it is difficult to sustain more than two parties.","The decision came after ""listening to our customers and associates,"" Melissa Berryhill, a spokeswoman for Wal-Mart, said.",1.878261330825438,685
"Breed Zebra Danios are extremely hardy fish, they are almost difficult to kill.",A man is eating a food.,3.325691933357065,459
A cow is eating grass.,I would say it's completely safe so long as the bottles have been adequately rinsed to remove any detergent residue.,1.229522474843835,1053
The man and two young boys jump on a trampoline.,a woman enjoying her reading at a coffee shop,4.124351650859542,1426
A dog and a red ball in the air.,A small bird standing on a log at the waters edge.,3.9909101868849,1185
A musician is smearing jam on his white guitar at a concert.,I suspect the phrase originated in the habit of drawing the internet as a cloud shape on network diagrams.,0.73144903928425,983
"Chinese, Russian FMs exchange opinions on Ukraine crisis",13 Tips To Face Your Fear and Enjoy the Ride seems interesting.,3.959296969559946,1042
An office with multiple desks and green walls.,"""IT is the only vehicle on which established economies will be able to compete"" with fast-growing economies such as China and India, Barrett said.",1.71068816075061,716
A black dog is chasing two birds on the shore of the ocean.,"The church's lawyer, Shirley Phelps-Roper, was clear: ""What they have done is a thinly veiled attempt to do an end run around the constitution,"" she said.",0.721961759160082,1323
"The shares represent more than half the 115.9 million shares Turner held at the end of April, according to Bloomberg data.",Five greyhounds are racing on a sand track.,2.860719244154094,1297
North Korea Nuclear Test Sparks Worry,"Held in Guatemala, software guru McAfee fights deportation",3.298929572001925,188
Group of little girls and a dog standing on the road.,An older Asian couple poses with a newborn baby at the dinner table.,0.915177616118854,1229
Business Week's online edition reported on Friday that WorldCom and the SEC could announce a settlement as early as Monday.,The woman is pencilling on eye shadow.,3.638665125907052,248
A dog is stealing food from a refrigerator.,Salvador Dali painting snatched from New York gallery,1.101248437122313,1468
"I'd suggest you find a bank in your local country, and consider opening a Euro denominated bank account with them.","According to the Census Bureau, the Hispanic population increased by 9.8 percent from the April 2000 census figures.",2.831827918971297,1141
A man is peeling a banana.,The women are in a play,3.669851176002521,216
"So you know, I do not have personal experience with this.",The difference is the amount of protein contained in the flour which can range from 5% to 15%.,2.838125359512405,210
A wonderful woman I know has the Habenera bag by REI (link).,If you can settle on purple Nunatak and Feather Friends have good sleeping bags in those colors.,3.150590659556031,987
An animal is biting a persons finger.,A grey dog standing in a grassy field.,1.377466250537778,806
"Singapore is already the United States' 12th-largest trading partner, with two-way trade totaling more than $34 billion.",I live in Delaware and have already harvested my jalapeno and chili peppers.,3.598986411323091,488
"Still, he said, ""I'm absolutely confident we're going to have a bill.""",Baghdad cafe bombing kills at least 38,0.268989962695947,778
Man sitting on a bench drink from a mug surrounded by rugs.,The man helps the boy ride a bike.,1.780432448487251,110
"Most of the literature I can find about infant sleeping has to do primarily with waking habits, not eating habits.",Agents confiscated several classified documents in his possession and interrogated him.,2.042135569041133,1400
Two people are walking by the ocean.,"Pakistani Taliban 'elect new chief', vow 'unprecedented' revenge",0.357491456034325,1393
"I agree with Seteropere completely, ""Network Science"" is a very broad subject.",A tiger attacks a man.,4.60437176428159,622
"Once you open it up to toxins, the answer is clearly no, boiling is not enough.",Israeli army orders settlers out of Hebron house,4.795735023308467,1337
A boy does a skateboard trick on the stairs downtown.,Breivik: Jail term 'ridiculous',4.003704971522392,633
My answer would be depending on which GRE are you referring to?,A woman plays an electric guitar.,3.910654675962397,405
Your brain is already beginning to wind down as you see the end in sight.,China's yuan weakens against USD for third day,4.51689545224491,696
New video shows US police officers beating mentally-ill man,A trick I did was to grab and hold my cats close if they disturbed me during the night.,4.384641456265021,214
A group of men walk and hang onto ropes.,Manchester United owner Malcolm Glazer dies at 85,3.998653866915867,604
"The technology-laced Nasdaq Composite Index <.IXIC> was up 7.42 points, or 0.45 percent, at 1,653.44.","The Telegraph can reveal that Sir John Stevens, the Metropolitan Police Commissioner, placed his force on its highest alert last week.",4.312926688590025,1140
I've never adjusted the length of time based on number of eggs.,A slow loris hanging on a cord.,4.938171081340731,1419
"Apart from admission (which normally should not be related to age), there is something that's related to your question.","The AAVSO data seems to indicate that it might have already peaked, at around 10.5 (visual).",1.871270087654021,1275
At least 12 dead in Washington ...,"The Laws of Cricket say that you can declare any innings, no matter what the agreed length is.",3.052767142172313,155
"Yes, dull dialog should be removed completely (or transformed to interesting dialog).",Two black dogs are playing in a grass.,3.317602494153196,777
Someone is greating a carrot.,"As with the definition of Palestine, the definition of Israel varies depending on whom you ask.",1.03154743841829,223
Two brown horses standing in grassy field.,It is the same idea as what Aristotle called the unmoved mover.,1.833357965194008,1167
A woman is playing the flute.,"Mel Gibson is negotiating with Newmarket Films to distribute his embattled Biblical epic ""The Passion of Christ"" in the United States.",1.505411147852562,956
"Given that the amount of shedding is normal, I don't think there's anything you can do to lessen it.",Britain savors golden night on track,2.310417531062314,1117
"""It's a major victory for Maine, and it's a major victory for other states.",Sept. 11 defendants enrage families at hearing,2.5860198264101,644
A white cat laying on an office chair.,Scott Dixon eventually made winning the Honda Indy 225 look easy Sunday at Pikes Peak International Raceway.,4.449175190712565,311
"If you're doing a full body workout 6 days a week, you absolutely need the rest week.","Russia, China veto UN Security Council resolution on Syria",3.601397520002348,280
New UN peacekeeping chief named for Central African Republic,"He was arrested in Atlanta, Georgia, on Monday night by police acting on a tip-off.",2.675633136228244,1481
Germans account for more than 40 percent of foreign visitors coming to Italy.,China lands robot rover on moon,0.974654724671791,1349
"The ""more posh"" words are usually Latin (occasionally Greek) in origin.","If your interest is primarily the optics, you need to look at individual lenses, not brands as a whole.",3.320374993770775,808
"Let me share my opinion as Ukrainian citizen, from Kharkiv, eastern Ukraine.",A man plays the piano.,4.383505846309834,46
A man is serving cake.,A man is tracking in the wood.,1.922756063469372,699
Nearly all countries grew quickly in the 1950s and 1960s for pretty much the same reasons.,"In my 200 L fresh water tank, which is an aggressive tank, fish occasionally get harassed to death.",0.682020514683736,966
"The appropriate pH level of the water does vary a bit by fish, but too acidic can definitely kill them.",I think it's going to depend on what the reasons are.,4.200835493494358,1245
"Yes, it's true that the apparent size of the Moon is 30 arcmin.",Men are playing cricket.,0.649825031694875,667
"I managed to find this recipe, I think this is where I got the idea.","Yes, it is accepted practice to wash new Semi-Static rope (or Single Rope Technique/SRT Rope as it is known by cavers).",4.461538803306602,183
I have a standing/sitting desk at work and really like it.,"As @Sarge says, this is for a doctor to diagnose properly.",4.935280413229053,351
A group of people sitting on a small sofa next to a kitchen.,The lady fried the breaded meat in hot oil.,1.337946847273663,869
A boy is at school taking a test.,http://www.varidesk.com/ There is also the hand-made/DIY version for which you could obtain design templates for.,0.226439545055031,1303
I like the previous answers regarding setting a schedule and fulfilling the rituals of going to a job.,"I'd been using paper towels to oil the grill, and I just discovered that newspapers work a lot better.",2.61735527164338,329
"Tornadoes level homes in Oklahoma, 1 dead",A dog is barking at a fly.,1.216848240445171,740
A white bird flying up onto a tree.,"Halliburton shares fell 54 cents, or 2.4 percent, to $21.76 a share in midday New York Stock Exchange trade.",0.699111878865689,573
"As I understand it, nothing that can be changed, or broken down into smaller parts is inherently real.",At least 78 killed in Pakistan church bombing,0.471617397734505,155
A dog walks along a beach with breaking waves.,A woman is mixing food in a bowl.,2.190919776229854,960
I visit AZ every summer and include some hikes in the desert when I'm there.,TThe girl is standing in front of the open door of the bus.,2.248280868908236,1159
"From Broadway comedies like ""The Seven Year Itch"" (1952), ""Will Success Spoil Rock Hunter?""",A woman is working as a nurse.,1.878112162615148,1017
He later learned that the incident was caused by the Concorde's sonic boom.,A group of military personnel are playing in a brass quintet.,1.000388223992527,199
Queen pays tribute to Nelson Mandela,Bolivia's Morales says he would grant asylum to Snowden if asked,2.756812404555146,330
The boy in the green jersey plays goalie on the soccer team.,"As noted on the Wiki page, grass seed was imported to the new world to improve pasturage for livestock.",1.375603241016911,1362
A woman runs on the beach.,A hockey player during a game.,0.232315359330849,577
"As others have said, ""ten of six"", though not used in many English speaking areas, would be understood as 5:50.","You can have a look at the arXiv cultoromics website at http://arxiv.culturomics.org, which however searches in articles on the arXiv.",3.471700796318228,116
A woman runs on the beach.,"I'd been using paper towels to oil the grill, and I just discovered that newspapers work a lot better.",0.708666775607757,112
A grey house with a red door.,"I've found with my baby that it's more accurate to go by his behavior than by ""rules"".",2.505068825497465,1210
2 pro-Palestinian activists arrested at B-G Airport,"The U.S. women, who are defending champions, will play on Sept. 25 in Philadelphia and conclude group competition on Sept. 28 in Columbus, Ohio.",1.585037618798461,1074
The man is smashing garlic.,Iran threatens to trigger oil price war,2.750208401721646,418
A man is playing guitar.,Toulouse shooting: France was on the highest level of security of security alert,4.496983828673068,673
There are no post-emergents that specifically kill crabgrass without killing lawn grass.,"Nine seconds later, SpaceShipOne broke the sound barrier, the company said.",2.418750520765763,653
A slow lori walks around.,US drone strike kills four in NWA: officials,0.355567390219748,1221
A man is cutting up a potato.,The team in blue is playing a game against the team in white,0.827142428746426,927
A clown performs for brother and sister as the rest of the party watches.,The back of the stop sign is adorned with stickers.,3.196668988091929,1300
"The technology-laced Nasdaq Composite Index <.IXIC> was up 7.42 points, or 0.45 percent, at 1,653.44.",A person is playing a guitar.,0.561544659408965,1316
A woman is riding on a horse.,Peregrine sold its Remedy business unit to BMC Software in November for $355 million.,4.621966525515556,819
A man is pressing microwave buttons.,I would definitely go for a slightly slower first half.,2.308251928812516,72
Cats (and all animals in general) do not understand the concepts of order or tidiness.,Chinese shares close lower on Wednesday,1.085717292125349,600
All the same methods of analysis that are used with spoken languages apply successfully to signed languages.,A man and a woman resting after exercise.,2.990545011311531,1496
A man plays the guitar.,A person is preparing shrimp.,4.117848383334381,101
"Three clowns in bright, multi-colored costumes.",Two brown dogs are playing with each other in the snow.,0.410939252495984,1459
Poll: Cory Booker takes early lead for N.J. Senate,In general they are not considered dangerous because they rarely attack humans.,0.60451411304161,1044
"Four killed, scores wounded in clashes across Egypt",Fast-food workers strike for higher pay,0.403945675159289,231
"Aloes, like most succulents, are very hardy and will withstand considerable neglect .",A woman is painting her lips.,0.857648066458348,630
Four girls happily walk down a sidewalk.,The woman is pouring oil into the pan.,3.467745555298359,837
A man is making a bed.,"Nick Pollard, the head of Sky News said: ""This is a shocking blow for James's family.",3.872538898369849,5
"Two astronomers surveying the region around Jupiter have detected 20 new moons, bringing the giant planet's total to 60.","Technically speaking, an emotion is not different from thought the way it is processed in brain, both involve neurotransmitters.",4.0204563384127,385
Your brain is already beginning to wind down as you see the end in sight.,"FirstEnergy Corp. should have determined that modernizing one of its plants would increase overall pollution emissions, U.S. District Judge Edmund Sargus ruled Thursday.",0.495580416927817,928
Eurozone backs Greek bailout,A social gathering of people in a restaurant.,4.388144108610438,689
"Also at increased risk are those whose immune systems suppressed by medications or by diseases such as cancer, diabetes and AIDS.",A baby is laughing.,1.313442292565689,702
A young man is playing the piano.,There is a boy and a girl.,4.735123278023018,655
"I visited Peru in August, starting from Lima and touring for three weeks.",A woman is dancing.,4.9784143967742,204
"I'd suggest you find a bank in your local country, and consider opening a Euro denominated bank account with them.",Chinese students attacked in France,2.62491455178686,1433
Glorious triple-gold night for Britain,The blond woman is searching for medical supplies in a suitcase.,3.634603583750821,3
A girl dancing on a sandy beach.,The USSR growth rate during the 50's was not exceptionally high.,3.647619508070266,348
US senators penalize Pakistan for jailing doctor who aided CIA,Lawyers: Colo. shooting suspect is mentally ill,2.908372042558301,113
Here's a technique  I've developed without being aware of it: Multiple Browsers.,"Additional to the other answers, basil famously doesn't like to be damp overnight.",3.231242588844942,483
A man in a dress suit is riding a bike down the paved road.,A black and white dog is playing with a tan dog.,0.804300577514513,1478
A woman walking down the side of a highway.,A woman is kneading dough.,3.977214986676636,798
A woman is slicing a meat.,"It is fairly simple to understand, somewhat harder to referee.",1.638366563582502,1298
I prefer to run the second half 1-2 minutes faster then the first.,"Additional to the other answers, basil famously doesn't like to be damp overnight.",1.65323244177276,818
A lady and her daughter look through a microscope.,The bomb exploded while authorities waited for a bomb squad to arrive.,1.920384813731071,924
A woman and child push strollers down the sidewalk.,I would say you are approaching it in the wrong way.,2.918915716645968,11
A child runs into and out of the ocean waves.,Black and white cat sitting on wood chair looking up.,4.055896051826164,637
Four girls in swimsuits are playing volleyball at the beach.,"A federal appeals court ruled Tuesday that the U.S. government can withhold the names of people detained as part of the September 11 investigation, reversing a lower court decision.",1.673172205680966,946
Boy lying on couch with small white dog.,A man plays a guitar.,3.04645753306585,769
ICC lawyer detained in Libya on security concerns,Obama shakes hands with Cuba's Castro at Mandela memorial,3.648542092294816,1313
There are no post-emergents that specifically kill crabgrass without killing lawn grass.,"The technology-laced Nasdaq Composite Index was down 25.36 points, or 1.53 percent, at 1,628.26.",3.063428049209446,343
"Like Chris said above, stars rotate to conserve their angular momentum.","The report shows that drugs sold in Canadian pharmacies are manufactured in facilities approved by Health Canada, which serves a similar role as the FDA for the Canadian government.",1.318003865374123,1398
"Police then called a bomb squad, but the device exploded, killing Wells, before bomb technicians arrived.",Two men walk toward a dome-shaped building.,2.561553203895727,31
Support is good for eggplants as the fruit may become heavy and can even break the branches.,I'm considering spending the $48 per month on the GTD (Getting things done) system advertised by David Allen.,0.294032765111274,1137
A boy is at school taking a test.,"Allen Steele's book Hex describes a Dyson sphere, but made of hexagons, 1000 miles (K?",0.812592988955092,480
I've started my own tool since I didn't like yWriter and Storybook.,"Whitley's attorney, Marc Garber, called the ruling ""a huge victory.""",0.642381842387638,279
"On the one hand, there’s nothing in canon to suggest that the Time Turners could go forwards in time.",A group of people are standing and sitting around on the ground at night.,2.3353314304123,488
"Breed Zebra Danios are extremely hardy fish, they are almost difficult to kill.",Egypt violence: Student killed in clashes at Cairo’s Islamic university,4.811847759174208,334
Someone is shredding cabbage leaves with a knife.,A man is cleaning a cd.,1.114824888567031,1086
The most obvious is the oldest long distance walk in Scotland: The West Highland Way.,A kitchen with wooden cabinets and furniture.,1.5060169191271,801
A woman and man are riding in a car.,Arrested Briton 'not significant' to Kenya attack probe,1.39079701679806,1030
Joining Stern and McEntee on stage was International Union of Painters and Allied Trades President James Williams.,A man is finely chopping a green substance.,4.459337576906721,1498
A man is eating food.,"Military plane crashes in southeastern Turkey, 1 dead",1.679412063286525,1053
A young man is playing the piano.,I think for an appropriate answer I'd need to know exactly what the 'bad' ideology is.,4.609992461601924,1013
Juror: Sandusky appeared to accept his fate,"US jobless rate seen rising, offering Obama no relief",4.933715993570744,1467
Black and white dog running through water.,The sale represents about 52 per cent of the 115.9 million shares Mr Turner held at the end of April.,1.66477268505509,565
"Boy, 14, arrested for sex attacks around a university campus",Its going to depend on the type of packaging and also the freezer.,1.199188782212657,1426
To stick with the traditional pomodoro technique this is considered an interruption.,As per your original question: The  Wikipedia section does not claim that Joseph P Kennedy bought John F Kennedy's victory.,4.484373605503921,496
A rabbit is playing with a toy rabbit.,"In countries like India, when you have 2/3 of the seats of all parliament, you have absolute majority.",4.311298053671181,617
He is taking the diaper off because he is uncomfortable.,Three men are on stage playing guitars.,4.363057419750868,1305
"""I feel that people that are sending these messages are infringing on my rights and everyone else's rights to use their computers,"" said McKechnie.",The big white dog is running in the grass.,2.86732701990943,998
Playing doctor is something all kids want to try at some point.,Breivik: Jail term 'ridiculous',1.031141789104958,1299
A white bicycle stands on a floor.,A person is scuba diving in very clear blue water.,2.575112058994699,207
Children are playing on a trampoline in the snow.,"Stars are rotating, but that's not the cause for their stability.",2.620204254238928,1352
Two girls walking in the ocean.,Asian children are playing with a dog.,0.268371046487363,1286
Motorists killed after Japanese tunnel collapses,"There are 2 problems with the viewpoint you presented in the question, which explain the seeming contradiction.",3.912789763890193,134
An arrest warrant claimed Bryant assaulted the woman June 30 at a hotel.,"""The average track error for the five-day (forecast) is 323 nautical miles.",3.578745585360336,33
"Annan urges end to Syria violence, minister defects",The puppy tried to get out of the tub.,2.103236014101247,532
Playing doctor is something all kids want to try at some point.,Two federal agencies are investigating telecommunications gear maker Lucent Technologies for possible violations of U.S. bribery laws in its operations in Saudi Arabia.,0.587545049559572,1408
"Scrimshaw, Supervisor, Best Minister and Ten Most Wanted are expected to complete the Belmont field.",There are a very wide variety of solutions for resizing and sharpening images for use on the web.,3.502178432657436,909
Is it possible for a match to get tie even after applying D/L method?,"Just five months ago, Dean committed to accepting taxpayer money and the spending limits that come with it and vowed to attack any Democrat who didnt.",4.726894850853112,878
"US Military Aircraft Hit in S. Sudan, 4 Wounded",A man is playing a keyboard.,1.106310251712951,1371
"""I started crying and yelling at him, 'What do you mean, what are you saying, why did you lie to me?'""","Robber steals $53 million worth of jewels in Cannes, police say",2.960014894950586,1199
A boy does a skateboard trick on the stairs downtown.,A baby is laughing.,4.199428688344749,372
The biggest reason I can think of is that you're taking away a defence mechanism for the cat.,A girl poses with her head upside down.,2.271803367949761,295
I've used Paint Shop Pro and DxO Optics Pro on Windows.,Obama shakes hands with Cuba's Castro at Mandela memorial,4.482472856542634,597
The brown and white cows are eating in the trough.,Also at increased risk are those with suppressed immune systems due to illness or medicines.,1.320441071230161,58
"I feel your pain - I absolutely pour with sweat with any vigorous exercise, even in cool conditions.",People walking in the dark.,1.538918391177849,1331
I've started my own tool since I didn't like yWriter and Storybook.,"Buoyed by advice imparted by Nicklaus, Howell shot an 8-under 64 on Thursday to enter today's round with a one-stroke lead over Kenny Perry.",0.691225386217309,1033
"The Winston-Salem, North Carolina company opened six stores during the quarter, bringing the total to 282.",1 Killed in Bangladesh Protest,4.30438093391066,1474
A black dog is running in the grass.,"Robber steals $53 million worth of jewels in Cannes, police say",1.592314158048148,1212
A man is playing a guitar.,A red double decker bus driving down a street.,4.905706530999824,567
The company claims it's the largest single Apple VAR Xserve sale to date.,"""It's a huge black eye,"" Arthur Sulzberger, the newspaper's publisher, said of the scandal.",4.137322489167704,785
The company said it would cut the wholesale price of most top-line CDs to $9.09 from $12.02.,The puppy tried to get out of the tub.,0.312296097185816,1414
"The broader Standard & Poor's 500 Index rose 3.42 points, or 0.34 percent, to 1,007.84.","France, which infuriated Washington by leading the charge against U.N. approval for the war, also sought changes.",0.21918205052558,1103
Maldives begins to vote in controversy-ridden presidential poll,A hockey player during a game.,2.354543839199477,895
"Show her how much fun splashing is - that's what we did, and made a game of it.",To reduce the amount of fur a cat malts over your furniture and clothes you could try a deshedder brush.,3.854476988640661,529
Aiken's study appears in the Sept. 24 issue of the Journal of the American Medical Association.,Also at increased risk are those with suppressed immune systems due to illness or medicines.,1.191401126998307,225
It is perfectly okay to ask for the figure knowing well that the other person may not give.,A girl dances like a man in costume,4.538126180284562,1262
A person is chopping an herb.,"Families stuck on the highway were being urged to remain in their cars, and to use their cell phones only in case of emergency.",0.627726554327268,225
4 dead after boat capsizes off Florida coast,A parrot is talking into a microphone.,4.780429437386635,194
"While waiting for a bomb squad to arrive, the bomb exploded, killing Wells.",Another meaning behind this quote aside from probabilities of winning a theoretical battle is the importance of knowing/understanding others.,3.550137188550662,755
PG&E Corp. shares were up 39 cents or 2.6 percent at $15.59 on the New York Stock Exchange on Tuesday.,"Nine seconds later, SpaceShipOne broke the sound barrier, the company said.",4.130830140256443,916
A family is playing on the beach with their dog.,Yours looks like the one we used for my kids (same brand and everything).,2.393727148729867,629
"Palatalisation of /k/ before front vowels happens all over the place: Russian, Greek, Turkish, Persian etc.",A sheep in the morning mist with trees in the background.,4.281612231157395,965
a dog runs through the long grass.,"Abduct Israelis to free prisoners, Gaza leaders say",1.427214981677398,867
"To play golf, the first thing you need is a set of clubs.","The decision is ""clearly incorrect,"" FTC Chairman Tim Muris said.",2.242611427960346,696
"Nicaragua, Venezuela offer asylum to Snowden",A man is shooting off guns.,4.469398745340831,1145
"Many people are on the beach, near a building with flags flying.",In general they are not considered dangerous because they rarely attack humans.,2.140465281328234,1294
"The ""more posh"" words are usually Latin (occasionally Greek) in origin.",A woman is peeling a prawn.,4.316568432622018,718
Syria in ceasefire observers call,British police deny protecting sex abuser Savile,1.802405209512573,635
A white dog is playing with a ball on the beach.,"""Fins"" on real spacecraft are usually for one of two purposes: solar panels or thermal radiators.",1.081516830309016,1453
"In addition to oil, make sure the grill is nice and hot before you start cooking.",Protesters Clash with Police in Brazil,4.886697044342636,819
US senators penalize Pakistan for jailing doctor who aided CIA,The world's largest software company said it recognized the difficulty the multiple patches posed for companies trying to apply them.,1.132775847059132,606
"Breed Zebra Danios are extremely hardy fish, they are almost difficult to kill.",a dog runs across the land.,3.900685750279092,1202
a skateboard performs a trick off a quarter pipe.,Crews worked to install a new culvert and repave the highway so motorists could use the eastbound lanes for travel.,2.378849476700044,1301
Obama endorses same-sex marriage,"Freight train derailment, explosion prompts evacuation",1.922224315553136,19
I can think of three key factors that are quite logical conjectures.,Several children and jumping on a trampoline in the snow.,1.083916423161597,359
INTEL TODAY disclosed details of its next-generation XScale processor for mobile phones and handheld devices here in San Jose.,"Investigators continue to probe virtually every aspect of Campbell's personal and financial affairs, the former mayor has said.",2.812138007406255,739
A man is slicing a carrot by a machine.,"Mr. McCall, who ran unsuccessfully for governor of New York in 2002, styled himself an advocate of better corporate governance.",1.554739056543914,622
A rabbit is playing with a toy rabbit.,two girls walking in the street,0.701858035590313,102
A woman is playing the flute.,A woman is climbing a rock wall.,1.677053477366767,1297
"No, there is no specific criteria for giving the man of the match award.",a dog runs across the land.,4.297053582250787,1342
"Common side effects include nasal congestion, runny nose, sore throat and cough, the FDA said.",A mostly black train on a track.,2.219806728935088,1219
Because there are more effective ways for Her Majesty to change or veto laws.,Two dogs playing on the shore.,1.312496325556202,684
Floods leave six dead in Philippines,"Last week, former chief financial officer Franklyn Bergonzi pleaded guilty to one count of conspiracy and agreed to cooperate with the government's investigation.",2.910411633582386,1013
"A crowd of people stand on a rural road, a field behind them, a forest in front.",The brown and white cows are eating in the trough.,4.85972084656225,152
A man is enjoying watching three asian children dance.,A black and white photo of an old train station.,2.808624522359282,732
"Pardon the brevity of this answer, but I would say ""named"" is preferred within the context of your example.","They had a treaty beginning in 1941, after a few skirmishes along the area in question.",1.990052584362924,912
"Yes, this is true and yes, in most cases indefinite articles indeed developed from numerals, as @MGN already said.",A person is scuba diving in very clear blue water.,4.86923095914381,1452
Brown and white ducks walking on green grass.,A man is playing a trumpet.,4.5986268732063,1026
Five kids are standing in front of a tent.,The women are preparing dinner in their kitchen.,3.634535332048936,1157
"These men ""are entitled to respect for their private lives,"" Kennedy said.","For completeness, Apple's Pages has quite a few nice poster layouts.",3.611151218248558,56
A monkey is karate kicking a person.,I think Stephen King's comments are helpful in this regard.,3.526277391735357,1283
Two dogs approach each other in the grass.,A man and a woman are posing for a photograph in front of a yellow flower-bed.,1.999769658817262,148
All of these effects are related to the 11 year solar cycle.,Calico cat sitting on step in front of a door.,1.613674862875955,83
A helicopter is getting ready to take off.,"Designer, Socialite Lilly Pulitzer Dies at 81",2.784217022357948,1231
This dog is jumping through the water.,I'd say the expression I don't got... is generally rare in spoken AmE.,0.269437850264066,641
Attack kills 12 in Afghanistan,A dog is trying to get through his dog door.,0.851644960589559,724
The black and brown dog is playing in the yard.,"Six new Krispy Kreme stores were opened in the first quarter, bringing the total number of stores to 282.",2.8688637559715,116
A man is staring at a leaf.,People walking in the dark.,0.350135318338599,822
Australia cuts rates to record low,"Bill De Blasio sworn in as New York mayor, succeeding Michael Bloomberg",0.475527315761599,1024
A woman is bungee jumping.,A biker is doing stunts.,0.76881979675245,1254
Because there are more effective ways for Her Majesty to change or veto laws.,The lady broke raw eggs into a bowl.,2.601573068883667,519
"I managed to find this recipe, I think this is where I got the idea.",Iraq Said to Release Hezbollah Operative,0.06496392185296,1429
A cat is on a robot.,Germans represent more than a quarter of all foreign visitors to Italy and 40 percent of hotel bookings.,1.586368515280963,169
The U.S. appears to have a smaller shadow economy for a few reasons in no particular order.,Two dogs running down a path in the woods.,1.875938636344621,352
A pregnant woman is in labor,"Yes, it is accepted practice to wash new Semi-Static rope (or Single Rope Technique/SRT Rope as it is known by cavers).",0.023614304114027,1213
Colorado shooting suspect was in therapy,I would definitely go for a slightly slower first half.,0.722863202593959,597
The dog could not figure out how to get a stick out the doggy door.,Both men are being held for investigation of administrative immigration violations.,4.619097894544737,1269
"These are interesting studies, but the bottom line is: yes, environment affects cognitive abilities.",Three women in brightly colored dresses.,4.783760425471844,5
"Mahmud controlled access to Saddam for everyone but immediate family members, Pentagon officials said.",A boy in a jacket playing.,0.894210198928339,221
Zoo worker dies after tiger attack,"Some cards are too slow to accept an HD stream, so you need one that is fast enough.",0.092693275881536,134
The main cause of the allergies is proteins in the saliva.,"At first, I thought this is a bit of a tricky question.",2.912279621662956,589
A woman is exercising.,"As mentioned by other responders, it turns out that using a standing desk isn't necessarily a perfect solution.",3.718845619632573,1128
The man is trying to feed the snake with a mouse.,There is no clear successor for Mr. O'Neill at Hyundai.,0.394366074074501,625
"I have a few Nikon lenses, and a Sigma 10-20mm for super-wide shots.","North American markets grabbed early gains Monday morning, as earnings season begins to slow and economic indicators take the spotlight.",0.928756979968735,671
A woman is exercising.,From an article entitled Can You Call a 9-Year-Old a Psychopath?,3.613367771980695,1154
"If you wear a bear bell on your backpack, your fellow hikers will kill you for being annoying.",A man is beating two eggs in a bowl with a fork.,3.887221493202552,1020
A man plays an acoustic guitar.,"The AAVSO data seems to indicate that it might have already peaked, at around 10.5 (visual).",2.396084839199095,412
A kitchen with wood cabinets and dining table.,A motorcycle is parked by a mural of a city in the evening.,4.430560262377808,915
Venezuela's Chavez in Cuba for 3rd anti-cancer treatment,The lady sang into the microphone.,3.737063624789055,1073
"Pardon the brevity of this answer, but I would say ""named"" is preferred within the context of your example.",The black and tan dog is chasing something he has spotted.,3.175930977702607,277
A black and white dog is running in a grassy garden surrounded by a white fence.,"The WHO has said the Singapore case did not fit its profile of SARS and was ""not an international public health concern.""",3.526879560036619,1416
FRIENDS of Robert De Niro yesterday rallied around him after he was diagnosed with prostate cancer.,"IBM said the Rational products were also integrated with Rational PurifyPlus, which allows developers to work in Java, Visual C# and VisualBasic .Net.",1.441881913532318,120
Large white cruise ship floating on water.,There are both physiological and neurological reasons to build in rest.,4.503401124977851,313
A close-up of a cat on a cream sofa.,Coin lockers are a feature of most stations in Japan.,3.213744284847795,886
A woman with a white horse.,A man is doing a card trick.,0.486214163402623,721
Two NATO soldiers killed in Afghanistan,A slow loris is biting a persons finger.,4.824040426217763,718
Two women holding checkered flags near an orange car.,A girl dances like a man in costume,3.048231053788211,479
"I think that for an understanding Wittgenstein's ""solution"", you must take in account the original (historical) context.","""Leaving aside attorney fees, we're dealing with bragging rights of who wins and who loses,"" said Gammerman.",4.909123026026741,1014
"Glad to hear you've started playing hockey, its a great sport!",Dozens of Morsi supporters killed in Egypt clashes,1.953529852991894,324
Aiken's study appears in the Sept. 24 issue of the Journal of the American Medical Association.,A black and white cat is high up on tree branches.,2.687829270874338,137
There are actually quite a few differences between the different types of flour.,A mostly black train on a track.,4.129149592360592,1148
"Leaving aside heath care angle, you are working from a flawed premise that waging war doesn't save lives.",A white Swiss airplane approaches the runway.,3.957769439875926,202
A woman is slicing a big pepper.,A jockey rides a horse at a gallop.,4.031481025390846,1201
Thistle is classified as a noxious weed in most places and must be controlled.,"Nine seconds later, SpaceShipOne broke the sound barrier, the company said.",4.173276939553099,1172
Feel the fear... And do it anyway The book recommends to feel the fear.,"A girl in a blue dress and another girl in a purple dress, both smiling.",2.405616713276632,574
He claimed Red Hat and the Free Software Foundation with trying to undermine U.S. copyright and patent law.,A small dog is laying on a bed.,4.800300749075802,251
Rosberg emulates father with Monaco win,Buy a 3 panel screen and use it to separate the work area from the sleeping area.,2.616042930207126,135
A woman is adding some mushrooms and liquid to a pot.,"""It's a huge black eye,"" Arthur Sulzberger, the newspaper's publisher, said of the scandal.",1.864189699888408,546
"""The European Union is basically absent,"" said Tito Barbini, regional minister for agriculture in Tuscany, Italy.",The back of the stop sign is adorned with stickers.,0.969913144778619,380
"An incremental step reported by researchers at the University of California, San Francisco, is the latest in a decade-long effort.","Trans fats are created when vegetable oil has been partially hydrogenated, solidifying it and increasing the shelf life of certain products.",1.985381006333785,1173
Syria opposition unity take face specter of collapse,A man is cleaning a cd.,1.455010217630008,158
A black and wood colored dining room set in a small apartment.,Australia cuts interest rates to record low,1.743345215189529,864
Guatemala arrests software guru John McAfee,Egyptians wait for key presidential vote results,2.643562973452359,1367
A panda is climbing.,"The report shows that drugs sold in Canadian pharmacies are manufactured in facilities approved by Health Canada, which serves a similar role as the FDA for the Canadian government.",3.707507013178011,831
"The woman felt threatened and went to the magistrate's office, police said.",A brown dog is running on the grass in front of some trees.,1.616966376363489,296
Iran leader Rouhani says nuclear deal with U.S. possible within ¿three months¿,Mohamed Morsi sworn in as Egypt's President,3.990189503877742,830
The man and woman are resting on a couch.,The lady fried the breaded meat in hot oil.,0.371586398612787,1240
A helicopter is getting ready to take off.,At least 28 people die in Chinese coal mine explosion,2.316190776466948,588
"The mock explosion, the first event in the drill, occurred in a car in industrial south Seattle.",Israeli forces detain 2 Palestinians in overnight arrest raids,1.29545286403727,342
"Reading your post, made me think of my younger years !!",My opinion is to wait until the child itself expresses a desire for this.,1.963947954227061,293
Running downhill is the BEST way to strengthen your quad muscles.,The dog took something out of the refrigerator.,4.253024676439213,869
A woman is cooking meat.,Also at increased risk are those with suppressed immune systems due to illness or medicines.,1.817121703938185,690
The 30-year bond US30YT=RR dipped 14/32 for a yield of 4.26 percent from 4.23 percent.,A man is using a large pole to remove letters from a sign.,0.73617487347486,905
The raven droned as is hopped along the grass.,A boy in a jacket playing.,3.887089233624584,219
Two dogs are sniffing something in the rocks.,Would you be concerned with the mind changing if he wasn't shouting and/or misbehaving?,0.296489529081254,1462
"There are trains via Knin, which means a large detour inland (there just isn't a coastal line).",State: No funds for yeshiva that incites violence,1.954278887468692,1050
A baby eats his food.,"I agree with Kate Sherwood, you should be able to attribute most quotes these days by simple fact checking.",3.970127057665222,835
Supporting an ideology in an ostentatious manner (rather than privately or discreetly) is a personality problem.,"While waiting for a bomb squad to arrive, the bomb exploded, killing Wells.",1.799179184718433,93
A man is carrying a canoe with a dog.,Suicide bomber strikes in Syria,4.600520645415958,536
Cardinals enter Vatican for historic vote,It is meant to stimulate root growth - in particular to stimulate the creation of roots.,0.747162059113021,601
The gate is blue.,A man sliced a plastic bottle with a sword.,2.589200381321057,1276
A caveat: I'm experiencing the tail end of a three day migraine.,Michelle Obama to appear on 'Parks and Recreation',3.865174401684889,1159
"Every Thursday, a grains management committee meets in the Commission's agriculture directorate to decide the outcome of a weekly export tender.",If you can settle on purple Nunatak and Feather Friends have good sleeping bags in those colors.,3.624297455045918,1266
US senators penalize Pakistan for jailing doctor who aided CIA,Ukrainian officials barred from Canada as protests continue,4.636057228594042,489
"Actor Noah Wyle, who has played Dr. John Carter since the shows inception in 1994, extended his contract with the show through the 2004-2005 season.",Israel press bemoans price of talks resumption,4.150281998612111,1170
"The question of time is an incredibly difficult one, which has been treated of philosophers from Aristotle to Heidegger.",A woman is placing eggs into a pan.,2.574492672380199,1021
Hong Kong set for democracy march,A large turtle crawls in the grass.,3.973909530740594,1100
A man in a grey suit kneels in front of a woman in a white dress.,House with a red door.,2.2194835598419,940
The lady put the skewered shimp in the hot water.,A silver AreoMexico Jet Liner sitting on the tarmac.,3.462199235558481,1400
The effort is the Bush administration's latest effort to expand the role of religious organizations in government services.,A person folds a piece of paper.,4.013359468929814,1431
"Investigators uncovered a 4-inch bone fragment from beneath the concrete slab Thursday, but it turned out to be an animal bone, authorities said.",A man is playing flute.,3.675322181837004,576
Black bird sitting on a concrete slab.,"I'll address just the first of your three sub-questions, the others have been answered by Chuck Sherrington.",1.390093598806807,833
A man is playing a guitar and singing on a stage.,Two white dogs walk through a huge bank of mountain snow.,3.238940230539698,684
"If non-human animals do have intelligence too, why is their intelligence not as advanced as humans?",A dog jumps off the stairs.,3.737947332384666,1017
Treasury proposal sees 1.5% increase in income tax,"To watch pay television, consumers would insert into the set a security card provided by their cable service.",2.676734002971694,933
The man is playing the keyboards.,"The benchmark 10-year note US10YT=RR lost 11/32 in price, taking its yield to 3.21 percent from 3.17 percent late on Monday.",1.839286742466903,888
A man plays a guitar.,Definitely plan a month ahead - it's totally OK for your plans to change - just amend them as they do.,0.56281164998642,78
"Our daughter has always loved her bath, but coming out... not so much.",A couple are eating a meal and talking.,0.580207053393982,546
A young boy has a red fishing pole.,Two eagles are perched on a branch.,0.963758837551312,500
The lady put the skewered shimp in the hot water.,"The decision came after ""listening to our customers and associates,"" Melissa Berryhill, a spokeswoman for Wal-Mart, said.",0.016970601531915,774
A girl dancing on a sandy beach.,A woman is mixing food in a bowl.,4.817173344136298,1151
I can only think of context using insofar as or insofar that.,A man breaks a stick.,3.811987944913492,1088
A pair of young boys in t-shirts are hiding in the woods with one looking aghast.,Iran threatens to trigger oil price war,4.406864777688875,661
Group of little girls and a dog standing on the road.,Five greyhounds are racing on a sand track.,1.142508163259921,247
The girl is very skilled and practices a lot.,A skateboarder attempts to do a trick over a homemade ramp.,3.391039981602636,839
"The broader Standard & Poor's 500 Index <.SPX> eased 7.57 points, or 0.76 percent, at 990.94.","This relates to the ""discovery"" of Asian, and other non-European cultures by Americans.",2.495406144387813,798
A man is cleaning a fish on a kitchen counter.,A man is slicing a tomato.,4.59711618574203,324
"Yes, but it does not stay in the same constellation.",People riding horses in a fenced area.,3.96736066601452,154
A man is staring at a leaf.,Six confirmed dead after Philadelphia building collapse,1.514946984520104,1054
"From the start, however, the United States' declared goal was not just to topple Saddam but to stabilize Iraq and install a friendly government.",A black and white photo of a cat sitting on a sofa.,0.897165760838601,139
Yeager said the suspect in the Target attack showed tendencies of being a prior offender.,Two women are sitting in a cafe.,3.804668308806471,927
"Pardon the brevity of this answer, but I would say ""named"" is preferred within the context of your example.",North Korea urges foreigners to leave South Korea,0.454060624069566,203
"The companies, Chiron and Aventis Pasteur, together made about 80 million doses of the injected vaccine, which ordinarily would have been enough to meet U.S. demand.","Another migrant boat capsizes off Italy, 27 dead",2.833423249324975,1277
"Freeman's civil hearing may be, on the surface, about a driver's license.","Chiron and Aventis Pasteur together made about 80 million doses, ordinarily enough for U.S. demand, The Associated Press reported.",1.184523179600248,247
A small yellow boat sitting on a tropical beach.,I would definitely go for a slightly slower first half.,1.059818561105346,419
"One killed, 40 injured in Mexico candy factory blast","Without delving into an in-depth analysis of Atlantis and Universe, I'll try and be as succinct as possible.",4.279931925417061,441
I'm facing a similar situation; being Danish and living in (German-speaking) Austria.,A child is riding a horse.,4.044684623128531,1220
The answer will depend significantly on what country you're traveling to.,A sheep in the morning mist with trees in the background.,2.931053049018768,979
The black and white dog is running on the grass.,Dozens of Morsi supporters killed in Egypt clashes,1.448742923371752,196
"PM in Tehran, asks NAM to take clear stand on Syria","Three televisions, on on the floor, the other two on a box.",0.047255692696326,796
US drone strike kills 8 militants,Sequence a only in writing (sometimes you have to go back and revise) option the not writer has is.,0.056900761934775,567
There is NO good reason for the failure to implement video plays in professional soccer.,A woman is dancing in railway station.,4.779293921555682,1361
Israel launches airstrike in Gaza,There are basically two types of cakes: butter and sponge (or Génoise).,3.078823780880157,407
The sky has very little to no clouds.,A woman leading a white horse.,4.66800426566646,779
"Shares of Halliburton fell 71 cents, or 3 percent, to close at $21.59 yesterday on the New York Stock Exchange.","Hickenlooper clobbered city Auditor Don Mares, 46, in the Tuesday runoff.",3.606040398281202,210
"I'd suggest you find a bank in your local country, and consider opening a Euro denominated bank account with them.",Black pepper and white pepper are differing preparations of the fruit of the Piper nigrum plant.,2.935683953571461,514
Our current vehicles will be in museums when everyone has their own aircraft.,"Although a small city-state, Singapore is the 12th-largest trading partner of the United States, with trade volume of $33.4 billion last year.",3.57728315311375,1306
"Also in Mosul, rebel gunmen on Friday assassinated a Sunni Muslim tribal leader who backed the coalition.",1 Killed in Bangladesh Protest,2.971194172045098,551
"At midnight on Wednesday, 68 percent of voters said ""no"" to the tax, with 97 percent of the votes counted.",Cars trapped in tunnel collapse outside Tokyo,1.786871700465833,329
Eurozone backs Greek bailout,"Major fires had burned 264,000 acres by early last night.",3.325901102874731,165
Train going down the tracks.,"The academy will get its own internal report next week and it will be made public, Rosa said.",3.849896741469797,633
I like the previous answers regarding setting a schedule and fulfilling the rituals of going to a job.,Black dog chasing brown dog through snow,0.093089228044021,356
A woman is mixing eggs.,"""It's a huge black eye,"" Arthur Sulzberger, the newspaper's publisher, said of the scandal.",4.63573950954133,234
A woman is peeling an orange.,The skinny dog with the long tail is traveling through the field.,2.435306859051415,494
A man is stirring ingredients in a bowl.,a dog trots through the grass.,2.864707217272384,1171
Matt Smith quits BBC‚Äôs Doctor Who,A man in a white shirt and black pants is smiling.,4.36880302569514,1193
A tiger is walking around his cage.,"The difference is huge, as not all non-physical things exist in minds.",3.692680314453756,616
Mohamed Morsi sworn in as Eygptian president,Two dogs play in the snow.,0.043094035160085,278
A man is erasing a chalk board.,"In my experience, fresh garlic is great for when you want texture, or to slow down the flavour infusion.",3.386969482985276,811
"As I wrote above, it's hard to rate this wall.",two girls walking in the street,2.601340179559309,423
China-EU 2020 Strategic Agenda for Cooperation released at 16th China-EU Summit,The people are entering the plane.,2.683458479135632,897
Clashes erupt as Islamists push back in Egypt,A hockey player during a game.,4.422545538207724,863
"Boy, 14, arrested for sex attacks around a university campus",a black and white dog walking through the grass with a long stick in his mouth.,0.578346759069541,813
A little blonde girl is standing in front of a water fountain.,US decries Pakistan doctor's fate,2.547582115228688,264
UN Chemical Weapons Experts to Visit Syria,Mohamed Morsi sworn in as Egypt's President,1.845232549922443,1258
Senate confirms Janet Yellen as chair of US Federal Reserve,Bolivia's Morales says he would grant asylum to Snowden if asked,4.405553015963007,1143
"Since this is a relatively new problem for behavioral researchers, I don't know that there is a common consensus.",The girl is standing as the other girl with glasses works on her hand painting.,2.016747312148113,1236
"The user needs to evaluate for his/herself the cost/benefit of an ""obvious"" efficiency tool, such as macros.",A yellow dog is playing in the snow.,4.149953272706599,368
A dog walks along a beach with breaking waves.,Cars trapped in tunnel collapse outside Tokyo,0.362931208655947,247
"As others have mentioned, the iRobot Roomba is an excellent example of a household robot which does meaningful work.",Black pepper and white pepper are differing preparations of the fruit of the Piper nigrum plant.,4.176779337763663,1337
A woman is laying down on the floor and holding a baby up above her.,A red and white plane flying on a sunny day.,2.869199313838993,5
Some smiling children are standing in front of an ocean sunset.,Dozens of Morsi supporters killed in Egypt clashes,2.726323650303686,630
Young has 28 days to file a response and ask the NASD for a hearing.,A baby is laughing.,0.586173364767377,676
China detains city workers after fruit seller dies,"Japan mayor apologizes to U.S., denies wrong words on ""comfort women""",1.908151439078729,1244
The girl is slicing an onion.,"The Note's Must-Reads for Tuesday, October 8, 2013",2.384251593316847,905
At least 15 killed in Nigeria church attack,"Military plane crashes in southeastern Turkey, 1 dead",0.184132119108831,558
"""It's a huge black eye,"" said publisher Arthur Ochs Sulzberger Jr., whose family has controlled the paper since 1896.",The car needs to some work,1.575625766145989,228
Two dogs in the snow,Iowa State athletic director Bruce Van de Velde would not confirm an offer was made to Lebo.,2.243300685742304,1164
Group of little girls and a dog standing on the road.,A white cat laying on a sheet.,2.009053508127303,639
"The terminology is usually called ""Destructive vs Non Destructive"" editing.",Police disperse east China chemical plant protesters,1.682458839792581,1341
I  believe one cannot taste the difference between minced(canned) and fresh garlic once it is cooked.,A boy with an oar walks out of the surf and onto a beach.,4.992898816666496,1036
A woman and child push strollers down the sidewalk.,Two blasts rock Syrian capital,3.323801214767555,1433
Four children looking at barn animals.,A woman is chopping garlic with a knife.,4.546531106750642,1119
"Oh friend, I have been down this miserable road just like you.",A woman is going on a walk with her dog.,2.56383331670487,1392
Support is good for eggplants as the fruit may become heavy and can even break the branches.,Iran threatens to trigger oil price war,1.487055430245807,1278
Egyptian president moves into Mubarak's old office,"Lee Janzen, tied atop the leaderboard with five holes left, finished with a 68 to tie for sixth with Bob Crane (67) at 269.",0.945341079193569,938
Security tightens for Thatcher funeral,Gazans fire four rockets into Israel; no injuries,2.494075708550839,610
The 6th U.S. Circuit Court of Appeals on Wednesday ruled that an Ohio law banning a controversial late-term abortion method passes constitutional muster and the state can enforce it.,"The technology-laced Nasdaq Composite Index <.IXIC> climbed 19.11 points, or 1.2 percent, to 1,615.02.",2.193195678878842,275
A band is performing on a stage.,A woman is carrying her baby.,1.250005985082303,1382
A black dog walking beside a pool.,Football: Messi hits 300th Barcelona goal in comeback win,3.617003379810905,1396
A woman is playing the guitar.,A man is outside on a July day.,0.361059080657461,358
"The time was about 4 a.m. on March 18, just hours before the first pinpoint missiles rained down on the capital.",A woman leading a white horse.,3.161776838701487,490
Israeli Leader Puts Off Evicting Settlers From Hebron House,"Japan mayor apologizes to U.S., denies wrong words on ""comfort women""",3.932238956344261,212
A man plays an acoustic guitar.,"In my experience, when the final production will be in sRGB, use that color profile from start to finish.",4.911083450362791,58
In the past it has grown almost like a weed in our pots on our deck here in North Texas.,Sylvester Stallone's Son Found Dead At Home,1.269688394721709,166
Venezuela's Chavez in Cuba for 3rd anti-cancer treatment,The woman is cutting potatoes.,4.984237156254494,402
A woman is reading.,A woman is pouring eyes into a bowl.,1.75178709471059,451
"4 killed, 6 injured in attacks in Iraq",The USSR growth rate during the 50's was not exceptionally high.,2.715276205513173,1198
The reason for this is that Russian is a much more tonal language than English.,"Alright, there are several different issues here that we must be sure to address.",2.962558008038947,914
A tiger club is playing with a ball.,"""IT is the only vehicle on which established economies will be able to compete"" with fast-growing economies such as China and India, Barrett said.",1.609738763447224,1058
New UN peacekeeping chief named for Central African Republic,"As mentioned by other responders, it turns out that using a standing desk isn't necessarily a perfect solution.",2.993648076362294,514
I think it is still feasible to store seeds until the next year.,Police treat suspicious object at Tel Aviv bus station,3.196000749688336,1404
The woman is waiting for her date.,Syria divided opposition struggles within wider Syrian struggle,0.790461722971742,218
A bag of cotton in front of a couch.,I think a learning attitude is the founding skill of a self-taught person.,3.420965905091938,1365
I have noticed most cats don't lick people a great deal.,Hundreds dead or injured in China quake,3.940467174712836,78
"Once you open it up to toxins, the answer is clearly no, boiling is not enough.",A leather couch and wooden table in a living room.,4.407039441501474,161
According to Shia Muslims specially Iran state and Hezbollah a country called Israel does not exist.,It called on the Commerce Department to respond within 60 days.,4.718107856865728,754
Someone is mixing a liquid.,Syrian ceasefire brings uneasy calm,0.093644630423483,814
Gunmen 'kill 10 tourists' in Kashmir,"The broad Standard & Poor's 500 Index .SPX inched up 3 points, or 0.32 percent, to 970.",0.899142636872846,1018
I disagree that the moniker “most extensive” should be applied to Dorothy Jones Heydt’s language.,Jordan Opens First Refugee Camp for Syrians,3.014374577974053,927
A woman is mixing eggs in the bowl.,A baby rhino is following an adult rhino.,2.21142617237938,112
The flag was moving in the air.,A man is sprinkling shredded cheese on a pizza.,1.425553197678086,1027
An elderly woman catches a ride on the back of the bicycle.,Treasury proposes 1.5% income tax raise in budget,1.457062242330581,306
"Actor Noah Wyle, who has played Dr. John Carter since the shows inception in 1994, extended his contract with the show through the 2004-2005 season.",A man is speaking.,4.447743393964047,1478
"There is one airline, Spirit Airlines, which is trying to copy Ryanair with super cheap tickets and aggressively bad service.","Semicolon is used to join sentences that can stand alone, but are joined to emphasize their relationship.",2.918867515370327,106
A black dog running through the snow.,The company claimed it is the largest sale of Xserves by an Apple retailer.,2.147004041772841,1250
"The identical rovers will act as robotic geologists, searching for evidence of past water.",As others have said if you want to get to Split the best public transport offering is by bus.,2.277453314249974,963
Two men on boat floating on the water.,A black and white dog is jumping over a hurdle.,1.735079655680745,406
Blue couch and twin bed in a living room.,Constellations are human constructs to make sense of the night sky.,4.817976518081109,1387
"Mr. Heatley, who suffered a broken jaw and torn knee ligaments, faces several charges.","Speaking from my own experience, I would rather carry different ND filters that combine two polarisers.",3.973270966094743,645
The man is shaking hands with other men.,An old train sits idle on the tracks.,1.434625729360046,657
"At 12 months there was still a difference in function, although it was not a significant one.","Last Thursday, the RIAA sent a stiff copyright warning to Penn State's department of astronomy and astrophysics.",3.597845024849158,1365
US senators penalize Pakistan for jailing doctor who aided CIA,"Here's what I saw with my fraternal twins: While learning to speak, all children develop some of their own dialect.",2.857368067456118,572
The main cause of the allergies is proteins in the saliva.,"Two baby kittens are sitting inside a cow-schemed, fur-covered dome.",1.792808263529281,557
A boy is jumping into the water with a ball in his hand.,"The broad Standard & Poor's 500 Index .SPX was up 8.79 points, or 0.96 percent, at 929.06.",1.018803096733758,401
"Gartner's report said global WLAN equipment shipments reached 19.5 million last year, a 120 percent increase over 2001's 8.9 million units.",Thousands told to evacuate in Colorado flooding,1.147476337664221,476
"Since this is a relatively new problem for behavioral researchers, I don't know that there is a common consensus.",At least 150 dead as strong quake hits southwest Balochistan,1.398640135261831,595
"There is one airline, Spirit Airlines, which is trying to copy Ryanair with super cheap tickets and aggressively bad service.",A woman and dog are walking together.,2.131739049768717,490
South Korean economic growth falls to 3-year low,I'd say the expression I don't got... is generally rare in spoken AmE.,0.705675477380221,14
"Police believe Wilson shot Reynolds, then her mother once in the head before fatally turning the gun on herself.",Two blasts rock Syrian capital,4.465426227738087,1180
Japanese politician apologizes for sex comment,One general key to not feeling dejected is to avoid comparing yourself to others.,4.527906964595322,735
A clown performs for brother and sister as the rest of the party watches.,Cats may or may not lick a person based on all kinds of things.,0.528462825674396,577
A hockey player looks intently downward.,The two men are wearing pants.,0.89504757428575,223
A boy is playing a piano.,A woman is peeling a prawn.,3.382466644911971,673
A group of people are camping out on some rocks.,Mahmud controlled access to Saddam and was frequently at his side.,2.987831638102074,154
"To play golf, the first thing you need is a set of clubs.",Some people are dancing on stage.,1.4907790615734,278
The difficulty arises not from the various linguistic properties of the language pair as many here suggest.,Definitely plan a month ahead - it's totally OK for your plans to change - just amend them as they do.,4.064643127525756,1499
Pranab stresses need to strive for peace by nations,"The Laws of Cricket say that you can declare any innings, no matter what the agreed length is.",1.196204700196036,928
A smiling Caucasian male wearing a blue and black striped shirt it about to take a photograph.,"The broad Standard & Poor's 500 Index .SPX shed 0.17 of a point, or just 0.02 percent, to 934.",0.522857960079465,397
The man cut down a tree with an axe.,I'm actually about to do the same thing when transferring at London Heathrow.,0.056079013021694,302
A man is playing a flute.,People are sitting on benches.,4.658403062153002,725
Dali painting stolen from gallery,Two racers are coming to a turn.,0.398808240436287,1236
"Apart from admission (which normally should not be related to age), there is something that's related to your question.",Biden calls for trust in building ‘new relationship’ with China,2.589877762345366,278
A young boy jumping into a lake.,A group of people stand together and pose in front of a house.,2.597166146645252,1045
"If you can get over the ""ick factor,"" you have an easily-applied source of organic nitrogen fertilizer close at hand.","A key portion of the accord was the implementation of a special council to monitor health spending, set goals for the system and measure progress in reforming health care.",1.548300299463479,1345
A woman is cutting some herbs.,"Gerry Kiely, a EU agriculture representative in Washington, said EU ministers were invited but canceled because the union is closing talks on agricultural reform.",1.790480327103291,1484
"Today in History, April 23","The rovers act as robotic geologists, moving on six wheels.",2.828005795996582,1193
A woman is cutting an onion.,There is no implication about Tom whatsoever in such a sentence.,4.910128048419232,1318
I disagree with Josh Bruce on some of his tips.,The boy is jumping into a lake.,3.68677022838634,11
four people walk toward a tower,Two brown dogs are playing with each other in the snow.,1.097055868630228,774
At least 12 dead in Washington ...,Syria deploys more troops despite peace deal,2.082569100138123,294
An elderly woman catches a ride on the back of the bicycle.,A black and white photo of a cat sitting on a sofa.,0.738173772957574,1169
"Freight train derails, catches fire in Columbus, Ohio",One human-being reliance on other(s) awareness is defined by the level of trust between the humans.,2.834161716603459,1451
The dogs are playing in the snow.,A cat is walking on hardwood floor.,0.074433511717609,968
It is not recommended to use greywater on vegetables that you will eat directly.,The expansion of space means that objects in cosmological distances are receding away from each other.,4.800947876198737,967
A man is riding on a horse.,"Some cards are too slow to accept an HD stream, so you need one that is fast enough.",4.00304167867024,614
A group of people standing in the street,"Designer, Socialite Lilly Pulitzer Dies at 81",3.933333170864258,1005
"The report also claims that there will be up to 9.3 million visitors to hot spots this year, up again from the meagre 2.5 million in 2002.",A woman is singing on stage.,3.362008597735829,1401
A black and white cat playing with a wool basket.,"The decision is ""clearly incorrect,"" FTC Chairman Tim Muris said.",4.156856286372067,1405
"Shares of LendingTree soared $5.99, or 40.1 percent, to $20.68 in afternoon trading on the Nasdaq Stock Market.",EU plans major new sanctions against Iran,3.29288657139462,486
"Yes, dew (wetness in the environment) factor can change the direction of a match.","Well, it really depends on how long he was there, and the exact speed of the Fleet.",4.023453640392907,1186
A cat standing on tree branches.,A grey dog standing in a grassy field.,4.191706164566998,1485
"According to canon, Leia was an expert in combat, especially shooting (this is from EU books).","Well I wouldn't risk it, not in a cold compost system.",1.689271991135235,632
"The difference between ""necessary"" and ""sufficient"" is the direction of the logical arrow.",Someone is drilling a hole in a piece of wood.,4.608417407527355,614
Here is my advice based on my personal experience pumping breastmilk for twin boys for a full year.,A woman is getting her dog to jump in the air.,1.289308555036368,936
There are dogs in the forest.,The cricket player hit the ball.,0.120173667935084,409
The boy in the green jersey plays goalie on the soccer team.,"The blue-chip Dow Jones industrial average .DJI tacked on 97 points, or 1.14 percent, to 8,699.",2.647715405329542,766
I disagree with Josh Bruce on some of his tips.,"Breed Zebra Danios are extremely hardy fish, they are almost difficult to kill.",3.270949129062526,734
The University constituencies are modelled on the University constituencies in use in Britain in 1922 when Ireland became independent.,I'd say you need to distract yourself from the bigger picture.,1.066733289879789,1355
"As I remember, in Geneva at least, there are open air markets on a weekly basis.",The United States is one of the five largest countries in the world by area.,1.418027328416971,1026
Iraq Releases Suspected Hezbollah Operative Wanted By U.S.,"""The concrete barriers (between lanes) were being tossed around like feathers.""",0.08205365429701,457
"If you wear a bear bell on your backpack, your fellow hikers will kill you for being annoying.",A man is adding a silencer to a gun.,2.540791028630113,534
Poll: Cory Booker takes early lead for N.J. Senate,A red double decker bus on a crowded street.,2.881661940335194,1405
"Freight train derails, catches fire in Columbus, Ohio","""The petitioners are entitled to respect for their private lives.""",4.377400560153819,1240
One Asian and one occasion woman in glasses smiling with their thumbs up.,A black and white dog is playing with a tan dog.,3.810826344997217,1231
Two brown dogs chase each other in the snow.,One idea that's been going around at least since the 80s is that you can distinguish between Holds and Moves.,3.215823840261854,380
Support is good for eggplants as the fruit may become heavy and can even break the branches.,A man riding on a bicycle by side of building.,4.895166803319264,517
"As I wrote above, it's hard to rate this wall.",The federal courts have ruled that the monument violates the constitutional ban against state-established religion.,0.406906423195907,241
"Pardon the brevity of this answer, but I would say ""named"" is preferred within the context of your example.",Hunting for clues in Boston bombing,3.828823809080731,376
"According to the 2000 Census, Long Beach's Hispanic or Latino population was listed at 35.8 percent.","Robber steals $53 million worth of jewels in Cannes, police say",0.293467863641377,614
The man used a sword to slice a plastic bottle.,"The broader Standard & Poor's 500 Index .SPX was 0.46 points lower, or 0.05 percent, at 997.02.",1.294364542406045,873
A woman jumps and poses for the camera.,"Military plane crashes in southeastern Turkey, 1 dead",0.169300608779696,1197
a young girl smiling with her head upside down,"Russia, China veto U.N. draft backing Arab plan for Syria (Reuters)",3.331246820554389,1192
The president is not really all that important for German people.,A man is playing a guitar.,4.75286650110551,794
"""I do not wish to be present during this witness,"" he told Stanislaus County Superior Court Judge Al Girolami.",Israel braces for Arab protests,3.643125155948324,905
Two women are sheering a white sheep inside of a wooden building.,"The broad Standard & Poor's 500 Index .SPX inched up 3 points, or 0.32 percent, to 970.",3.910229739355798,1094
Green Lantern to be reintroduced as gay by DC Comics,People are out sitting in front of a garden.,0.087884319768864,709
The man cut down a tree with an axe.,"This Lady might be ready for Rock Climbing, or just watching the Clouds, above.",2.781725903437136,38
Someone is stirring chili in a kettle.,"Cats don't usually like to have their paws held, touched, or anything like that.",0.886995551387388,1315
"A former candidate for governor of New York, he styled himself an advocate of better corporate governance.","Early Monday, insurgents threw a homemade bomb at a U.S. convoy in northern Baghdad, killing an American soldier.",4.374776625967383,777
"Actually, it's much more easier to count the one NOT on the same continent.","Selenski used the mattress to scale a 10-foot razor wire, Fischi said.",0.164698312272699,995
Female in a maroon shirt engaged in conversation with another female in a tan blazer.,A grey cat laying on a dining table.,0.738544537689093,386
There are people out on the street.,"Air squats, forward and side lunges, sprawl, wall chair, and lots and lots of jump rope.",2.216641079461805,268
"EU Ministers of Employment and Social policy will discuss how to boost employment, integrate social and economic policies","I've tried many of the things mentioned above, but they never really worked for me.",4.639232753918336,490
Syria opposition unity take face specter of collapse,Five birds stand on the snow.,0.316221319017254,756
A woman in jeans plays a video game in front of a large screen.,"To start, the main drivers of economic growth are resources, technology, and institutions.",3.600839619054894,880
He claims it may seem unrealistic only because little effort has been devoted to the concept.,A young boy stands over a bridge with a fishing pole.,4.81317118200014,29
"""It's a huge black eye,"" said publisher Arthur Ochs Sulzberger Jr., whose family has controlled the paper since 1896.",Arrested Briton 'not significant' to Kenya attack probe,2.840730909535019,1419
"Today in History, April 23",Zambrano pitched seven innings and allowed two runs on five hits and four walks.,2.908561415107319,236
Thai government says elections Feb. 2,I think it's going to depend on what the reasons are.,1.727902081441131,155
"Here is the 2006 cover release, choice B in your question is the 2006 version.",I agree with the commentators that your question is a little confusing.,3.48081816774132,319
A woman is cutting broccoli.,A black dog with a red collar wading through the water.,0.116467663861949,564
"The mock explosion, the first event in the drill, occurred in a car in industrial south Seattle.","In addition to @Pearsonartphoto's answer, you can use flash (either the built-in or better yet, an extarnal) to freeze the motion.",3.577944880767782,466
"As you can see from this map on the Wals.info site, there are many.",Israel Police Clash With Palestinians in Jerusalem,0.947540423428933,839
Kittens are eating food.,A man is playing a wooden flute.,4.247745507667315,1098
I would say the best thing for me is to have a proper and consistent sleep schedule.,"Clinton: US, Europe Must Work to Defeat Tyrants",3.893074077686686,471
A woman leading a white horse.,A woman is dancing in railway station.,4.689592236485936,71
Playing doctor is something all kids want to try at some point.,A man is walking down the street.,1.576704442428633,682
The girl is slicing an onion.,A brown horse in a green field.,1.154674365699305,66
"Sirius carries National Public Radio, although it doesn't include popular shows such as ""All Things Considered"" and ""Morning Edition.""",Jordan Opens First Refugee Camp for Syrians,3.736329105829276,162
Some smiling children are standing in front of an ocean sunset.,"Two baby kittens are sitting inside a cow-schemed, fur-covered dome.",1.877371889791557,1104
"The blue-chip Dow Jones industrial average .DJI climbed 164 points, or 1.91 percent, to 8,765.38, brushing its highest levels since mid-January.","Allen Steele's book Hex describes a Dyson sphere, but made of hexagons, 1000 miles (K?",0.008157898214873,1330
Nelson Mandela taken to hospital,"""The other guy, he's ashamed of his party, and I don't blame him.",2.616230020845247,293
"Some studies suggest open-space environments lower working efficiency with 2-10% due to interruptions, stress and noise.","IBM said the Rational products were also integrated with Rational PurifyPlus, which allows developers to work in Java, Visual C# and VisualBasic .Net.",2.493234608025144,178
The room used for defecation is almost always referred to by euphemism.,Taliban launch coordinated Afghan attacks,1.171337719103529,990
Matt Smith quits BBC‚Äôs Doctor Who,"The Han Dynasty came after the Qin Dyansty, after the government under Shi Huang Di collapsed.",3.817080644551012,738
Kenya Supreme Court upholds election result,'Housewives' actress Kathryn Joosten dies at 72,3.981462726667378,1443
"I use Elinchrom Skyports, but if money is not an issue then go for PocketWizards.",A woman and dog are walking together.,2.249985336977785,971
I think it is still feasible to store seeds until the next year.,A black and white dog is playing with a tan dog.,0.350113106659545,49
The main cause of the allergies is proteins in the saliva.,Nine killed in Syrian-linked clashes in Lebanon,3.462705840156846,1058
A man is riding on a boat.,The teen rode his bike around the people walking in the courtyard.,4.851243280603244,78
"I managed to find this recipe, I think this is where I got the idea.",The form insofar is American English; the standard form in British and other English is 'in so far'.,3.805109778389833,1078
I am not aware of any university run participant pools.,The children want to swim.,2.463119886720487,170
INTEL TODAY disclosed details of its next-generation XScale processor for mobile phones and handheld devices here in San Jose.,A grains management committee normally meets each Thursday in the Commission's agriculture unit -- another target of Wednesday's raids -- to decide the outcome of a weekly export tender.,1.759293430312347,958
A small blond boy slides head first down a blue playground slide toward another blond youth.,"""Phoneme"" is a theoretical construct which probably can't go away.",1.533935522880137,137
U.S. fast-food workers plan nationwide strikes over minimum wage,"There are 2 problems with the viewpoint you presented in the question, which explain the seeming contradiction.",4.905102580105179,531
The reason for this is that Russian is a much more tonal language than English.,"Here's what I saw with my fraternal twins: While learning to speak, all children develop some of their own dialect.",4.088835759230319,88
"Absolute majority always defined by the institution, or the context.",A puppy is trying to get out of a bathtub.,0.542015934395118,1419
The brown dog is laying down on a blue sheet.,"Named is preferred in your example, since you are formally giving a name to your method.",0.869072227029184,78
Some cyclists stop near a sign.,A woman is grating an orange food.,2.838872189653845,1196
A guy is playing hackysack,"As bikeboy389 said, you can learn a lot by looking at students' native languages.",4.301621239411644,717
France cleared to impose controversial 'millionaire tax',A black dog is leaping into a swimming pool.,4.248516204700046,626
Spanish jobless rate soars past 25 per cent,When using a regular taxi make sure it's with a reputable company or you agree upon the rate upfront.,3.377983879255806,1071
"A key question was whether France, which infuriated Washington by leading the charge against U.N. authorization for the war, would vote ""Yes"" or abstain.",'Housewives' actress Kathryn Joosten dies at 72,0.710574546735595,501
"Investigators uncovered a 4-inch bone fragment from beneath the concrete slab Thursday, but it turned out to be an animal bone, authorities said.","At first blush, then, the creators of the registry would seem to have drawn the line between exempted and banned calls in the right place.",3.171604199658835,577
A woman looks at a duck as she walks behind it.,The difference is the amount of protein contained in the flour which can range from 5% to 15%.,0.725064806736789,1297
Hong Kong set for democracy march,Two dogs running through a grassy field.,0.936107653959474,35
Israeli forces detain Palestinian MP in Hebron,You can try putting the diaper on backwards which may only work for a little while.,2.075258584382104,1130
"""I feel that people that are sending these messages are infringing on my rights and everyone else's rights to use their computers,"" said McKechnie.",the brown and white dog is carrying a stick in his mouth.,0.306173666881816,562
"The terminology is usually called ""Destructive vs Non Destructive"" editing.",A baby is being fed peas.,3.700314804369685,1121
I've noticed a remarkable difference when I run on the treadmill vs when I run on the road.,Two women are posing for the camera and giving the thumbs up sign.,0.170180326746688,403
"If you don't want to pay for Adobe Acrobat Pro, as @schultem mentions, LaTeX can do this with embedded hyperlinks.","Razali Ismail met for 90 minutes with Suu Kyi, a 1991 winner of the Nobel Peace Prize, at her lakeside home, where she is under house arrest.",3.750755338807016,283
China detains city workers after fruit seller dies,"First, you should realize that this is not you or your dog's problem.",1.996443482155925,157
Selenski descended down the wall and used the mattress to climb over razor wire.,A man on a bike jumping through the air.,0.177043631529713,1281
"Simple answer is yes, flower shoots on lettuce is a sure sign of bolting.","By the wording of the question, I'm pretty sure you're using one of those pyramidal graters or a ""sheet"" grater.",3.841458868012071,726
Eurozone backs Greek bailout,Two vehicles are going towards the camera.,1.351798313772021,874
He was arrested Tuesday night at a northwest Atlanta tire shop after a national manhunt.,A jockey rides a horse at a gallop.,1.321742505953132,257
Someone is beating an egg.,A woman is chopping an onion.,0.845192624311051,1149
A woman is mixing eggs.,A woman is pouring a yellow mixture on a frying pan.,0.505005953142079,674
A man shappens a knife.,It appears as though it has likely started to bolt.,0.218730481715409,1424
Barack Obama's personal evolution on same-sex marriage,"Allen Steele's book Hex describes a Dyson sphere, but made of hexagons, 1000 miles (K?",3.044403352205036,93
A person pours cooking oil into a pot.,I traveled around Maharashtra (including Mumbai) and Andhra Pradesh and I had no problem getting by with just English.,3.102287222664742,395
A man wearing US flag boxer shorts is standing on a stairway.,"At first blush, then, the creators of the registry would seem to have drawn the line between exempted and banned calls in the right place.",1.89590181384392,925
The man used a sword to slice a plastic bottle.,"According to current models of human concept learning, the answer to your question is both.",0.957598545679105,1244
A woman and man are riding in a car.,Constellations are human constructs to make sense of the night sky.,4.621371249071324,325
"If you wear a bear bell on your backpack, your fellow hikers will kill you for being annoying.",The Presidential Planner - The White House Science Fair,4.26200681050267,698
The man and woman are resting on a couch.,A bird is bathing in a sink.,4.464794038312063,588
"Wigan 3-2 Wolves: Match report, pictures & video highlights","A boy sits on a bed, sings and plays a guitar.",1.612285442134665,303
A man is jumping into water.,"First, the turtles are eating the fish because fish are food, not friends.",0.430243694467143,752
"In Russian, for example, animacy is not clear-cut in the distinction animate/inanimate.",My motivation is that I like to look at things from their roots and go up.,0.080868067551152,1357
A man sitting on the floor plays a guitar.,A man with a pistol shoots another man.,1.477633375712151,429
A person is chopping coriander leaves.,A lion tries to climb over a wall.,4.040856585844502,1136
Yemen: Fighting in north kills over 120,"Generally unwanted—and often pornographic or with fraudulent intent —spam is a nuisance and a distraction,"" Gates writes.",1.617099343038171,121
A dog is stealing food from a refrigerator.,"The governor is going to Jackson, where 13 people were killed.",3.165386598155728,230
U.S. fast-food workers plan nationwide strikes over minimum wage,The children want to swim.,1.845768870910783,671
The plane was estimated to be within 100 pounds of its maximum takeoff weight.,Two men in fleeces and hats looking at the camera.,2.139526256711374,275
A black dog lays in the sand.,Bombings kill 19 people in Iraq,1.401175358109573,1331
A man is performing a stunt outdoors.,"Cats don't usually like to have their paws held, touched, or anything like that.",4.33567007593668,1278
If a statement is not provable an inconsistency or self-contradiction may or will develop that invalidates the system.,A man is slicing a tomato.,4.458146119940526,1244
"About 25 governments have signed in the last four months, about half of those in the last three weeks.",From an article entitled Can You Call a 9-Year-Old a Psychopath?,4.358066055236036,579
Chinese shares close lower on Wednesday,Several men pull a fishing net up on to the beach.,0.382990420518106,969
"The Note's Must-Reads for Friday, December 6, 2013",Lossless / nondestructive edits are reversible and would entail transforming and/or appending the data in a way that could be reversed.,2.775320552295751,1052
"One dead in Philadelphia building collapse, others pulled from rubble","Whitley's attorney, Marc Garber, called the ruling ""a huge victory.""",0.561143816600691,1199
Suspicious object found in Tel Aviv not explosive device,Five greyhounds are racing on a sand track.,4.819217836315856,1276
The cook is kneading the flour.,A monkey is riding a bus.,4.336547957423981,444
Asteroids are what are called minor planets - small inner solar system rocky bodies.,When using a regular taxi make sure it's with a reputable company or you agree upon the rate upfront.,3.617231895150057,1016
"Announcing the selection, Kmart CEO Julian Day said Grey will help the retailer ""find creative ways to communicate the unique strengths of Kmart to the new America consumer.""",Colorado governor visits school shooting victim,3.047518054310863,1324
The blaze then spread to several surrounding structures on the property and destroyed them.,"The 30-year bond US30YT=RR lost 16/32, taking its yield to 4.20 percent from 4.18 percent.",2.193689681599806,1189
Lance Armstrong drops fight against doping charges,A man is kicking a ball.,2.329218640899715,1472
Iran says it captures drone; U.S. denies losing one,A woman is riding a horse.,0.073315511551274,979
"""We hope all parties will continue to make efforts and continue the process of dialogue,"" the Chinese Foreign Ministry said in a statement.",A woman is beating two eggs in a bowl using a wire whisk.,4.982117116308309,1411
"A young woman with outstretched arms stands in front of a ""Going Places"" bus.",Two women are sitting in a cafe.,4.226046812825652,285
Israel launches airstrike in Gaza,"Named is preferred in your example, since you are formally giving a name to your method.",3.202539549334374,1274
"""She was crying and scared,' said Isa Yasin, the owner of the store.",The woman is eating.,3.946280271115086,1182
The man cut up an onion.,A dog is running along the beach beside the ocean.,4.241406014673039,1196
I've recently bought two sit/stand Galant tables from IKEA and I'm quite happy with them.,They don't intend to leave those items around the house or untidy the house.,0.442124361602072,10
I'm facing a similar situation; being Danish and living in (German-speaking) Austria.,"This relates to the ""discovery"" of Asian, and other non-European cultures by Americans.",0.639487771794044,1067
Senate confirms Janet Yellen as chair of US Federal Reserve,I started to dig into this because you caught my curiosity itch with the question...,3.064577484471858,269
A person is chopping an herb.,The man is erasing the chalk board.,4.623460986452807,1285
"Quotes from leaders, family at Mandela memorial",A man is cutting up carrots.,1.56503461726349,729
"As an complement to the other answers, let me address the question of why planets tend towards tidal locking.",A white cat looking out of a window.,0.152941824663976,1256
"Our daughter has always loved her bath, but coming out... not so much.",You'll always want to add fish into a tank slowly.,2.377716578503153,628
A woman is mixing eggs.,The boy hops from one picnic table to the other in the park.,1.882573674083842,125
"There were indeed some serious issues surrounding Kennedy's election in 1960, one of the closest elections in History.",Syria deploys more troops despite peace deal,0.149602187467491,405
A woman is adding oil on fishes.,Generally you're supposed to apply at the US consulate at your place of residence.,1.27089638860602,949
Toulouse siege: Police surround flat of 'Islamic warrior' suspected of being serial killer,The girl is playing the guitar.,0.676873058898022,167
"This post refers to research in the STEM fields, and may not be applicable to other research topics.",A dog is trying to get through his dog door.,4.396147851565698,1479
"The Standard & Poor's 500 stock index ended the quarter up 120 points, a gain of 14 percent, the best performance for that broad market benchmark since 1998.",The man is sitting drinking coffee.,2.908040637741981,935
"""She was crying and scared,' said Isa Yasin, the owner of the store.",Child milking a cow outside.,3.271141558209544,1452
A woman runs on the beach.,"Barbini said the EU may reach a compromise but it wants a system for labeling such foods, something the industry has resisted.",0.940359992179799,1270
A man doing a wheelie on a mountain bike.,"Investigators uncovered a 4-inch bone fragment Thursday night, but authorities said it was from an animal.",0.00384371973324,692
You are safe to use the bottles as long as they have been properly sterilised.,People are near water.,2.061439313126514,929
"One dead in Philadelphia building collapse, others pulled from rubble",Eurozone to lend Spain up to 100 bil. euros,0.48471190214286,1178
A woman paints a picture of a large building which can be seen in the background.,"""The other guy, he's ashamed of his party, and I don't blame him.",1.779390918916279,1384
A group of people stand in the sand looking out at the water.,A laptop and a PC at a workstation.,4.658036184518926,1382
The lamb is looking at the camera.,"It's a tautology, but the mapping between logic and the English-language description is wrong.",4.361485593641915,31
"Sign language maybe, since there is no tone to convey meaning, emotion or intent.","As per the rules, MoM award is decide by the commentry pannel.",3.484162604089054,633
Three dogs are playing in the white snow.,"The word ""cable"" has its origins in the days of the telegraph.",3.918846955160849,1412
He later learned that the incident was caused by the Concorde's sonic boom.,A man is giving a woman a massage.,2.527220826907049,864
A woman is slicing a potato.,A woman is slicing a tomato.,2.516296667746715,781
Dark colored dog standing in grassy field.,Suicide bomber strikes in Syria,0.030766641791097,809
"Today in History, April 23","In Linux I use Bibble, which is has some warts but which is the only serious option AFAICT.",4.094476697129507,684
US confirms al-Qaeda leader has been captured,"Some cards are too slow to accept an HD stream, so you need one that is fast enough.",1.688062274107,1094
At least 38 Morsi supporters die in clashes,"The above advice is quite good, just wanted to add on thing to consider regarding food in bear country.",1.990299696154212,523
A musician is smearing jam on his white guitar at a concert.,"The seizure occurred at 4am on March 18, just hours before the first American air assault.",3.751918414016433,1403
Matt Smith quits BBC‚Äôs Doctor Who,"Russia, China veto U.N. draft backing Arab plan for Syria (Reuters)",3.652622941065624,287
The cows feed in the trough.,"The technology-laced Nasdaq Composite Index was down 25.36 points, or 1.53 percent, at 1,628.26.",0.661182320523645,1410
New World Trade Centre tallest building in US,Time Turners were explicitly mentioned for use in going back in time.,1.04040965308936,49
Sheep are grazing in a grassy field near a stand of trees.,Dozens of 'flytilla' activists protest at Paris airport,4.292292330001743,259
There are people out on the street.,"""I'm not going to be sponsoring it because it's not our proposal, but I'm not responding to it in a negative way,"" he said.",0.965957472489795,1266
The man is slicing a potato.,A brown horse stands in a lush green field.,3.056359315837742,343
A bird eating from a bird feeder.,Black and white cat sitting on wood chair looking up.,2.523639601184523,64
'Around 100 dead or injured' after China earthquake,The back of a pig under a tree with a cow in the background.,2.475415979895627,607
A man is enjoying watching three asian children dance.,A race car driver performs in the race of his life.,4.742052028514405,636
"As others have mentioned, the iRobot Roomba is an excellent example of a household robot which does meaningful work.","Gerry Kiely, a EU agriculture representative in Washington, said EU ministers were invited but canceled because the union is closing talks on agricultural reform.",3.957428904496661,1235
"First, we must consider that ""Sphere"" is less Hard SF and more soft SF, thriller, airport novel and such.",A baby rhino is following an adult rhino.,4.21822496979482,749
"Yes, this is true and yes, in most cases indefinite articles indeed developed from numerals, as @MGN already said.","The offer is also subject to Goldman signing an agreement with Drax's senior banks, senior bond holders and hedging banks by Sept. 30, it said.",4.900145595730897,1299
A black and white cat is sitting on a brown chair looking up.,Two grey dogs running in green grass.,0.2372386534653,1277
There are a lot of push up variations you can do and they all stress different muscle systems.,"Best Minister, Scrimshaw, and Ten Most Wanted all had workouts on Monday morning.",2.60988155989542,311
A woman is slicing a big pepper.,Two men walk toward a dome-shaped building.,4.051788351126881,1313
"The ""more posh"" words are usually Latin (occasionally Greek) in origin.",Our interactions are merely depends on where we put our perception.,3.47187171010495,1046
Asteroids are what are called minor planets - small inner solar system rocky bodies.,"""However, we are not certain about the outcome of the discussion at this moment.""",2.917156409753761,685
Chinese shares close lower on Wednesday,Two blasts rock Syrian capital,0.426224854611416,1259
"No, nothing in the Patient Protection and Affordable Care Act grants the President transitional authority.",Kittens are eating food on trays.,4.677954553360932,1477
A man with a grey beard rides his bike on the beach of the ocean.,A black and white photo of a cat sitting on a sofa.,3.561843477680351,430
Turtles love eating goldfish and lots of things that fit into their mouths.,The cat tried to eat the corn on the cob.,1.44676946970517,1474
Those expressions could have slightly different meanings especially when talking about finance.,Some of the guys at my office have potted aloe plants.,0.62255495542024,240
New video shows US police officers beating mentally-ill man,Napthine takes the reins after Baillieu's leadership crumbles,4.263337804079854,97
"Spurs get revenge on Lakers, lead West",From personal experience I found that a pace setter to be incredibly helpful.,3.837548547236407,461
"Most people want not only to be WELL off, but to become BETTER off as time goes by.",Two people watching the water.,4.242778925645254,1415
Texas residents seek healing at church after deadly blast,Manchester United owner Malcolm Glazer dies at 85,2.232713613981685,107
There is a relatively narrow set of people who are eligible to be wandering in the restricted areas.,High court checks President's recess appointment power,1.811094779829949,938
"Sources say agents confiscated ""several"" documents he was carrying.","The main flaw with your definition of a ""generalised planet"" would be the boundary between stars and planets.",1.123322914236292,761
A black and white dog is running through the grass.,A dog is pulling a girl down a hill.,0.294301870975038,756
Obama is right: Africa deserves better leadership,This is about my experience in computer engineering I found that reading for breadth was the more important approach.,4.811766840672247,1339
Black and white image of a wave crashing in the ocean.,"As others have already mentioned, numbers are of course abstractions.",0.138055149113373,84
"A former candidate for governor of New York, he styled himself an advocate of better corporate governance.",12 killed in bus accident in Pakistan,0.41578496125271,380
People are sitting around dimly lit tables while smiling and laughing.,FORMULA 1: Rosberg stays modest despite Monaco win,2.666757167925843,1144
Someone is mixing a liquid.,The issue is that it never becomes useful in its true meaning.,2.053628360588908,1342
German Shephard jumping through black hoop while people watch,Manila to increase counter-terror team,2.317764589036309,358
A woman paints a picture of a large building which can be seen in the background.,"The dollar was at 116.78 yen JPY= , virtually flat on the session, and at 1.2871 against the Swiss franc CHF= , down 0.1 percent.",1.274520777757321,1183
"Russia, China Veto UN Resolution on Syria",There are many arguments for why this is not the case.,4.48118940999697,747
Federal DOMA does not test the full faith and credit clause so much as the 9th and 10th Amendments to the Constitution.,Two dogs running through a grassy field.,0.295998092723926,459
A woman is peeling an orange.,Connolly said FBI agents in San Diego and abroad spent thousands of hours investigating al-Bayoumi.,1.620395147578944,10
Kenya Supreme Court upholds election result,"Indefinite articles developed from numerals, and the definite articles developed from demonstratives.",4.266539755874035,1271
The most obvious is the oldest long distance walk in Scotland: The West Highland Way.,A few men on the deck are dropping another man into the water,1.19852670018707,1479
A young boy has a red fishing pole.,China yuan weakens to 6.1818 against USD Tuesday,0.366819416753617,1262
"Let me share my opinion as Ukrainian citizen, from Kharkiv, eastern Ukraine.",US and Russia agree Syria arms deal in Geneva,4.955017817561732,470
Q: What is the reason for people to implicitly trust their peers in extreme (or not) situations?,a man walks along walkway to the store,4.486142973829768,869
The effort is the Bush administration's latest effort to expand the role of religious organizations in government services.,Two eagles are perched on a branch.,4.898148872546847,593
"You can write the book in any way you choose, as long as it works for you.",The cat tried to eat the corn on the cob.,2.813328883611277,770
"Yes, twins can develop their own language, but it's not a given.",1 Killed in Bangladesh Protest,0.630541034503331,1358
A man is playing a harp.,Shinzo Abe is Japan's prime minister,4.469068974457223,621
Colorado Governor Visits School Shooting Victim,A girl is bungee jumping.,3.67266789491468,893
"Zipf’s law, as I understand it, is not really about languages, but about statistics and probability.",I don't boil eggs enough to keep a feel for the timing...,4.841175536975171,1042
In some nowadays Indo-European languages you can still see rests of base-20 numeral systems.,Israel Police Clash With Palestinians in Jerusalem,0.106478101601774,620
"Currently I've got a fairly close to purely digital GTD setup, although this could do with some refinements and tweaks.","Nick Pollard, the head of Sky News said: ""This is a shocking blow for James's family.",4.449477680790502,134
Someone is pouring chicken broth into a pot.,It is the same idea as what Aristotle called the unmoved mover.,0.305139190020441,459
The black and white dog is running on the grass.,Protesters Clash with Police in Brazil,3.880697332857155,1378
A man is playing a guitar and singing on a stage.,A person walks a dog along the water's edge.,1.803328840054838,453
The WHO says the latest case does not fit its profile of SARS and is not a public health concern.,Several children and jumping on a trampoline in the snow.,0.538559827515438,1296
"The short answer is that yes, you can do this.","It's a tautology, but the mapping between logic and the English-language description is wrong.",4.772857356764543,155
"""They were tossed around like feathers,"" Gordon said.","Another migrant boat capsizes off Italy, 27 dead",0.200356719570718,797
"If you understand yourself and your enemy, you will be far more likely to win any battle.",It called on the Commerce Department to respond within 60 days.,4.570867622603359,222
Someone is pouring chicken broth into a pot.,"It will cost about $20,000 per average course of treatment -16 to 17 weeks.",1.886323582450804,630
I've never adjusted the length of time based on number of eggs.,Others have made some good suggestions about how to neutralize the odors in the area.,0.688068246224286,337
A man is cleaning a fish on a kitchen counter.,"Iran, IAEA officials meet ahead of March nuclear deadline: ISNA",0.346897491737284,1026
There is a older man near a window.,Thousands told to evacuate in Colorado flooding,1.567741855462285,319
"I visited Peru in August, starting from Lima and touring for three weeks.",Obama waiting for midterm to name attorney general,1.447398552054049,1166
"Nationally, the federal Centers for Disease Control and Prevention recorded 4,156 cases of West Nile, including 284 deaths.",An alternative would be to expose her solely or additionally to Hindi in daycare.,1.802144937443856,156
"I feel your pain - I absolutely pour with sweat with any vigorous exercise, even in cool conditions.","In a few billion years, the Milky Way and Andromeda will collide.",1.950573101654037,1434
The company said it would cut the wholesale price of most top-line CDs to $9.09 from $12.02.,"They cover more than 300,000 UAW workers and 500,000 retirees and spouses.",4.80838281751279,309
A woman with a white horse.,A animated airplane is landing.,1.398942183316118,932
The retailer said it came to the decision after hearing the opinions of customers and associates.,A man is doing a card trick.,0.036404430564339,938
Neither Iowa State athletic director Bruce Van De Velde nor Morgan could be reached for comment.,A white cat laying on a sheet.,1.336403949117477,1118
The bird is sitting on the branch.,"On Monday, Abbey trotted on stage, tail wagging, with Conway before a crowd of 10,000 attendees at PeopleSoft's annual customer conference.",2.06886186127532,749
The people are leaving the airplane.,Israel's Netanyahu set to call early vote,1.493599769556962,51
Men are fighting after a basketball game.,"We always lightly bopped our kids on the mouth, therefore showing him that his mouth is what hurt you.",0.108401720354546,285
"Anil, there certainly is a difference in results, mainly in image quality.",A dog digs a hole in a yard.,3.523325701130811,400
6.4-magnitude quake strikes off Indonesia,To reduce the amount of fur a cat malts over your furniture and clothes you could try a deshedder brush.,0.540024799083384,416
Kids playing ball in the park.,"There were 293 human cases of West Nile in Indiana in 2002, including 11 deaths statewide.",0.840903494454236,325
US Senator McCain meets opposition leaders in Ukraine,Wikipedia's compilation of Time Travel Rules is a good resource to check about this subject.,1.007268509802076,239
17 govt employees killed in Pakistan bus bombing,A red double decker bus driving down a street.,4.902993046592886,638
Neither Iowa State athletic director Bruce Van De Velde nor Morgan could be reached for comment.,"wikipedia, as much as it is a supposedly self correcting medium, is not necessarily a definitive account of anything.",4.135219391603552,496
"The villains I absolutely hate are selfish and self-serving, but they are also cowards.",Two people sit facing each other at a table as one points at the other.,1.457994910024579,304
Gaza rockets lands in Ashkelon Coast area; none hurt,A dog is trying to get through his dog door.,3.715521819381959,823
A person is boiling soup.,Both of these styles of bowling are performed by bowlers who are medium pace or fast bowlers.,2.627736732013577,4
A man is passionately playing a guitar in front of an audience.,House with a red door.,0.847361880729248,1268
A woman in jeans plays a video game in front of a large screen.,"The benchmark 10-year note US10YT=RR lost 11/32 in price, taking its yield to 3.21 percent from 3.17 percent late on Monday.",0.590405039658867,1417
The woman had brown hair.,The topics you mention are very broad and not closely related in the scientific world.,0.623869715784592,1038
I just hold the cheese closer to the edge away from the grater.,Israel braces for Arab protests,1.47512492781738,473
Lebanon businesses strike in protest at political impasse,Israeli army kills 3 Palestinian militants in West Bank clashes,2.636670367199592,1110
The lady stirred up raw eggs in the bowl.,"Although I believe Searle is mistaken, I don't think you have found the problem.",0.875671857508611,76
"At first blush, then, the distinction drawn by the creators of the do-not-call registry would seem to draw the line in precisely the right place.","""It just seems like all the issues that we support he doesn't,"" said Gabriela Lemus, the league's director of policy and legislation.",3.140687498263332,123
"Barbini said the union may reach a compromise with the United States but it wants a system for labeling such foods, something the industry successfully fought here.",The boy is taking a test at school.,3.978539140644597,613
"Generally, almost wherever I go, I find it's easiest to get money out of the ATM.","At first, I thought this is a bit of a tricky question.",0.70854103374867,1358
A man is playing flute.,A band is playing onstage.,0.491209319850655,1066
Floods leave six dead in Philippines,"The U.S. House of Representatives, the other chamber of Congress, does not vote on treaties.",4.108246717487837,318
The person is starting a fire.,A large turtle crawls in the grass.,0.402127794726583,83
Clashes erupt as Islamists push back in Egypt,A man is outside on a July day.,2.746135238157313,957
A person is standing underneath an overpass near a highway.,The dogs are chasing a black cat.,2.02339568952447,95
Two brown dogs chase each other in the snow.,"Emile Laroza, 51, contracted SARS while working as a nurse at North York General Hospital, the epicentre of the second SARS outbreak.",3.183238093525209,30
"By the time that Qin had totally collapsed, Xiang Yu was China's hegemon.",The company also said it would cut wholesale prices on cassettes and change the suggested retail price to $8.98.,4.002244733928118,1158
Treasury proposal sees 1.5% increase in income tax,"""It got up on his personal radar screen in the past week, and I had to get my pitch.",1.296508893609252,706
If the number of fours hit by two teams are also equal then both teams will get 1 point each.,North Korea nuclear test,1.948612927253987,749
He allowed two runs in seven innings and struck out six.,A man talking with two water bottles sitting in front of him.,0.554522009327887,480
You will be hard pressed to find scientific studies that answer these questions with any certainty.,"""We are very pleased with the judge's decision,"" Merrill said yesterday.",1.046673182416951,290
"It's true that, under one understanding of ""accessibility"" and ""determining"", your accessibility relation is determined by your axioms.",A woman is putting flour onto some meat.,4.261156624629866,547
A woman is hitting a man.,"""However, we are not certain about the outcome of the discussion at this moment.""",0.478703265668501,616
"If you wear a bear bell on your backpack, your fellow hikers will kill you for being annoying.","More than 10,000 people, most of them civilians, have been killed in three decades of insurgency.",4.009700659149569,364
I like the previous answers regarding setting a schedule and fulfilling the rituals of going to a job.,Two children lying in the snow making snow angels,4.307007979095715,1481
The person is starting a fire.,Definitely plan a month ahead - it's totally OK for your plans to change - just amend them as they do.,3.444767487926892,1381
The Recording Industry Association of America says it plans to sue the song traders next month.,A woman is applying cosmetics to her eyelid.,3.424953049448076,1094
"Sign language maybe, since there is no tone to convey meaning, emotion or intent.","Well I wouldn't risk it, not in a cold compost system.",4.311694300239673,495
"They don't taste identical at all, and even more important, they don't smell the same.",Israel's Netanyahu set to call early vote,3.371155339456898,574
A man shoots a basket.,A player catching a ball.,4.976858382606508,501
Residents near Gaza instructed to stay near shelter,"In November, Jeffrey Brabakow, the chief executive at the time, said the company used aggressive pricing to get higher payments for the sickest Medicare patients.",1.371143631983002,692
The man talked to a girl over the internet camera.,The woman is slicing green onions.,1.612971173173545,987
"I'd suggest you find a bank in your local country, and consider opening a Euro denominated bank account with them.",A man with sunglasses looking straight ahead.,1.548612265406758,1439
Three men are dancing.,"I haven't tried storing tomato seeds myself, but I have tried to store pepper seeds (and they are closely related).",4.250075920409852,663
A soccer player is kicking the ball.,"US jobless rate seen rising, offering Obama no relief",3.598953797480245,198
There are a lot of push up variations you can do and they all stress different muscle systems.,The woman is riding on the brown horse.,0.426445599389562,1252
"Yes, this is true and yes, in most cases indefinite articles indeed developed from numerals, as @MGN already said.","Breed Zebra Danios are extremely hardy fish, they are almost difficult to kill.",2.052752357902901,1219
A man playing the guitar.,Germans represent more than a quarter of all foreign visitors to Italy and 40 percent of hotel bookings.,1.319225550627538,68
A blue scooter parked on a sidewalk.,"Nylon, among other synthetics, is an ideal material for clothing for most outdoor pursuits for several reasons.",0.599632488140712,137
The religious people are enjoying the outdoors.,"Abduct Israelis to free prisoners, Gaza leaders say",4.18361839647211,1083
The man without a shirt is jumping.,Syrian ceasefire brings uneasy calm,2.214167139714794,1264
a young boy climbing on a rock wall,A tan and white dog runs through water.,3.949253312278736,83
"Barbini said the union may reach a compromise with the United States but it wants a system for labeling such foods, something the industry successfully fought here.",a dog trots through the grass.,2.678960774604177,1040
"If you're doing a full body workout 6 days a week, you absolutely need the rest week.",From an article entitled Can You Call a 9-Year-Old a Psychopath?,0.042753165832465,772
Scores Killed In Egyptian Protests,A man is eating a banana.,2.841459613037233,574
"I visited Peru in August, starting from Lima and touring for three weeks.",The girl is standing as the other girl with glasses works on her hand painting.,1.62979997795185,926
Three people stand in an outdoor glass structure.,A man is playing an instrument.,2.623258540887358,759
Two black dogs playing in the grass.,"Probably subjective, but ... Good clad stainless steel will give you much better cooking performance per dollar than copper.",3.81085154445609,550
"Like Chris said above, stars rotate to conserve their angular momentum.",A man is lifting a little girl above his head.,4.33831003304153,1145
People are near water,A convicted killer and two other inmates cut through two fences topped with razor wire and escaped from a state prison on a busy street.,0.774894490339538,140
Iran leader Rouhani says nuclear deal with U.S. possible within ¿three months¿,A flag is waving.,4.461433675916836,172
"I visited Peru in August, starting from Lima and touring for three weeks.",Israel Police Clash With Palestinians in Jerusalem,3.079457661868427,312
"Many people are on the beach, near a building with flags flying.",Motorcyclist performing a wheelie next to a car.,3.541097842964436,929
A man practicing boxing,The beaver is being petted.,1.060148838020842,77
"She obviously has a legit excuse, although she could have been more responsible and ""have"" told you in advance.","Whenever I start reading the same lines over and over again, I start skimming.",0.289781436909924,85
A man playing the violin in the rain.,I think it's going to depend on what the reasons are.,0.423508813806,182
A woman peels a potato.,"Best Minister, Scrimshaw, and Ten Most Wanted all had workouts on Monday morning.",0.558057904530567,973
A white dog is playing with a ball on the beach.,"Air squats, forward and side lunges, sprawl, wall chair, and lots and lots of jump rope.",4.737780432502724,447
"""It's a huge black eye,"" said publisher Arthur Ochs Sulzberger Jr., whose family has controlled the paper since 1896.",Annan urges end to Syrian violence,1.334592244356764,871
The woman had brown hair.,A woman plays an electric guitar.,1.364149759669121,1150
Kids are dancing on stage.,China and Taiwan hold historic talks,0.30004221427708,785
Iraq Releases Suspected Hezbollah Operative Wanted By U.S.,A woman is chopping cilantro.,0.893648158263368,180
A woman is chopping an onion.,A person is brushing a cat.,3.20112142601677,1026
"On Friday, the Concorde started up around sunrise and seemed to launch itself straight out of the rising sun.",Lossless / nondestructive edits are reversible and would entail transforming and/or appending the data in a way that could be reversed.,0.714709731403836,235
A part of the question thusfar unattended is whether the concept of phoneme has always been contentious.,Sylvester Stallone's Son Found Dead At Home,4.294215836634955,885
"My experience with Danios has that they always have been ""bossy"" fish.",Margaret Thatcher dies at 87,3.958302337924843,748
"""What they have done is a thinly veiled attempt to do an end run around the Constitution,"" she said.",Stars rotate due to the angular momentum of the gas they formed from.,4.837544116391717,1202
China to resume US investment talks,One idea that's been going around at least since the 80s is that you can distinguish between Holds and Moves.,3.220499640578503,298
I can think of three key factors that are quite logical conjectures.,"Three dogs playing in the snow, with a city in the background.",2.201338187884077,1489
A man in a grey suit kneels in front of a woman in a white dress.,"Modern Englishes, and many other well-known languages, use base 10 (ie decimal) systems of numerals.",0.997954057401722,430
Colorado shooting suspect was in therapy,"Yes, it is accepted practice to wash new Semi-Static rope (or Single Rope Technique/SRT Rope as it is known by cavers).",2.199748604748272,449
Professor Burkhauser has done extensive research on who is hurt by higher minimum wages.,"According to an arrest warrant, Bryant, 24, attacked a woman on June 30.",4.086305327624752,1264
"""City-grown pollution, and ozone in particular, is tougher on country trees,"" says Cornell University ecologist Jillian Gregg.","Clinton: US, Europe Must Work to Defeat Tyrants",3.230701843164856,447
"I bought a book, which talks about this, so here's an answer to my own question.","Revenue was up a tad, from $610.6 million to $616.5 million.",3.507971543566085,1301
A man doing a jumping bike trick surrounded by trees.,Someone is stirring a pot of chili with a spoon.,2.88120439535537,287
"Certainly many usage guides have advised against use of this ""singular they"" on various ""logical"" grounds.",Police treat suspicious object at Tel Aviv bus station,3.587022336360537,235
The dogs are chasing a cat.,"France, which infuriated Washington by leading the charge against U.N. approval for the war, also sought changes.",2.642004325284,1243
The effort is the Bush administration's latest effort to expand the role of religious organizations in government services.,Two people watching the water.,2.722472147321698,1335
A white bird flying up onto a tree.,"Many towns and villages took their name from the ruling family, the owners of the village.",0.265191163567223,360
I've found an additional concept that may be related to the original question: prototype theory.,A woman is playing a guitar.,4.537975333694906,1014
A rabbit is playing with a toy rabbit.,I'd say you need to distract yourself from the bigger picture.,2.436528279618545,696
A toddler walks down a hallway.,"The Dow Jones industrial average <.DJI> fell 44 points, or 0.46 percent, to 9,568.",1.364263144946613,120
The white and brown dog is running quickly through the grass.,Two Asian men are gathering materials for their business and their child had to come with them.,3.813951571479263,163
A woman is mixing eggs in the bowl.,"If you don't mind hosting your files online, SlideShare is a good solution.",4.143526100506582,139
Let us assume the data for a globular cluster to be equivalent to that of M13.,"Alright, there are several different issues here that we must be sure to address.",2.499891243014128,223
Moderate earthquake jolts NW Pakistan,the brown and white dog is carrying a stick in his mouth.,0.74049070583438,55
A woman is applying eye shadow.,Japan: World's Oldest Man Ever Dies Aged 116,1.391413090336944,1052
Soggy solstice: Stonehenge gets soaking,"Red grapes, blueberries boost human immunity",0.819068044582954,511
The two dogs are playing fetch in the snow.,"This is still a representational form of gov't, but with a unique twist.",2.655464214956133,485
If a statement is not provable an inconsistency or self-contradiction may or will develop that invalidates the system.,You can try putting the diaper on backwards which may only work for a little while.,0.675917405397318,861
"""City-grown pollution, and ozone in particular, is tougher on country trees,"" says Cornell University ecologist Jillian Gregg.",Three women are sitting near a wall.,0.31848692795836,631
Food poisoning kills at least 20 children in India,Heavy rains leave 18 dead in Philippines,3.821873403204004,345
"I agree with Seteropere completely, ""Network Science"" is a very broad subject.",Israeli lawmakers call for internal probe into case of Prisoner X,3.70888611404381,1100
Two gray dogs run together over the green grass.,The capital severely punishes people who head out to the restricted areas (e.g.,3.135101944392205,1088
Mohamed Morsi sworn in as Eygptian president,Both men are being held for investigation of administrative immigration violations.,2.390354117631391,741
A pair of young boys in t-shirts are hiding in the woods with one looking aghast.,Three women in brightly colored dresses.,4.768081455747346,264
Men competing in a contest.,A black and white photo of a man standing next to a bus.,4.247553111958874,277
17 govt employees killed in Pakistan bus bombing,"The Dow Jones industrial average <.DJI> fell 44 points, or 0.46 percent, to 9,568.",4.545082002006975,165
The man cut down a tree with an axe.,Asian children are playing with a dog.,4.967984273257368,112
A puppy is trying to come out from the sink.,A boy with an oar walks out of the surf and onto a beach.,4.004003939009816,771
This idea has been around since the beginning of myth and storytelling.,Two men are standing in a room.,3.764923537486564,358
"The recipe I work from has you put the meat in the freezer, then pan sear it.","A skateboarder in the air at a big, outdoor ramp.",3.005790146310904,203
A man is dancing.,A man breaks a stick.,0.864672403802138,1453
Two girls are playing Doctor inside their house.,US Senate Confirms Janet Yellen as New Central Bank Chief,0.986672400611516,89
I've started my own tool since I didn't like yWriter and Storybook.,Finance minister promises no new taxes,0.422730761062441,1199
"FBI agents arrested a former partner of Big Four accounting firm Ernst & Young ERNY.UL on criminal charges of obstructing federal investigations, U.S. officials said on Thursday.",Dozens of 'flytilla' activists protest at Paris airport,3.327428564359509,690
A white dog is playing with a ball on the beach.,A boy is vacuuming.,2.309940869797405,666
A black dog is running in the grass.,Adding soap to water allows the water to dissolve oils.,4.807968506544968,576
Police helicopter crashes into pub in Glasgow - several casualties,A white cat laying on a sheet.,1.426839817941723,264
"The American Anglican Council, which represents Episcopalian conservatives, said it will seek authorization to create a separate group.",Israeli army orders settlers out of Hebron house,1.008961475481179,955
Music Industry Pays Tribute to Whitney Houston,Two dogs running down a path in the woods.,4.27204438110211,415
"The Note's Must-Reads for Monday, November 25, 2013","The mock explosion of a radioactive ""dirty bomb,"" the first event in the weeklong drill, occurred on several acres in the south Seattle industrial area.",0.587754027042762,565
A woman is mixing eggs in the bowl.,A woman is washing a bowl.,3.979418513666629,670
"""It was a little bit embarrassing the way we played in the first two games,"" Thomas said.",Living room with tan furniture and flat screen television.,0.944806643798046,767
A woman is chopping an onion.,The findings appear in Wednesday's Journal of the American Medical Association.,0.054994867656637,301
Two NATO soldiers killed in Afghanistan,A girl is bungee jumping.,0.826330648942206,1270
A man is standing on a roof top playing a violin.,"Russia, China veto UN Security Council resolution on Syria",2.778426070352587,836
"According to canon, Leia was an expert in combat, especially shooting (this is from EU books).",Brazil leader breaks silence about protests,3.495196682277286,1322
Artists are worried the plan would harm those who need help most - performers who have a difficult time lining up shows.,New York police officer critically wounded in hatchet attack,1.811223000273465,326
There is a relatively narrow set of people who are eligible to be wandering in the restricted areas.,"The minimal change needed to avoid disconcerting alliteration is to just call it a ""simple example service"".",0.366420788368561,1129
"Generally, almost wherever I go, I find it's easiest to get money out of the ATM.","It will cost about $20,000 per average course of treatment -16 to 17 weeks.",1.373714031036479,1271
"In Russian, for example, animacy is not clear-cut in the distinction animate/inanimate.",A woman lifts weights.,4.021434021828459,1282
"A key question was whether France, which infuriated Washington by leading the charge against U.N. authorization for the war, would vote ""Yes"" or abstain.",US captures al-Qaeda leader but fails in Somalia attack,1.068582703155951,1305
The man is wearing a black shirt and hat and smiling.,"Mr. Mills declined to comment yesterday, saying that he never discussed personnel matters.",0.052447545764415,989
Rescuers scour debris after India buildings collapse,Coty bids $10 billion for Avon,4.521304497681626,1328
I don't think that positivism is a position of mostly leftist philosophers.,A woman is slicing something.,3.775484409155733,577
A cat is pouncing on a trampoline.,A man riding on a bicycle by side of building.,3.98268130336382,722
'Around 100 dead or injured' after China earthquake,A small girl sits on a stone ledge near a white flowering plant.,3.252394552494914,116
The WHO experts didn't say how many cases in Hebei were in rural areas.,"In countries like India, when you have 2/3 of the seats of all parliament, you have absolute majority.",0.550994717021255,624
Demolition work begins on Don Valley Stadium,People are out on the street.,1.813463142460433,401
Two white dogs are walking through deep white snow.,A woman is pouring a yellow mixture on a frying pan.,3.98642502059153,1161
Two women are sheering a white sheep inside of a wooden building.,"The 30-year bond US30YT=RR lost 16/32, taking its yield to 4.20 percent from 4.18 percent.",3.377238460618505,358
A group of people in boats racing towards the shore.,"Another migrant boat capsizes off Italy, 27 dead",0.333545072417429,1446
Rescuers scour debris after India buildings collapse,"Three dogs playing in the snow, with a city in the background.",4.958964178434809,146
"Yes, dull dialog should be removed completely (or transformed to interesting dialog).",There's an iPhone app called Groups which might be helpful.,4.898739521621911,470
London Marathon observes silence for Boston bomb victims,A man who is resting his head on his hand.,2.980645800351476,1309
A woman supervisor is instructing the male workers.,The science behind superheroes might shed some light on this topic.,4.543274734131636,880
A little boy is drinking from a juice packet.,They do not veto laws because nobody will ever adopt a law which is contrary to the expressed queen's will.,1.475807844569229,603
A man is making a bed.,Coty bids $10 billion for Avon,0.574752513308657,1265
Man sitting on a bench drink from a mug surrounded by rugs.,A helicopter flies over water.,3.844215453199604,1352
A man is carrying a canoe with a dog.,Large cruise ship floating on the water.,4.069832060681199,1073
"On the one hand, there’s nothing in canon to suggest that the Time Turners could go forwards in time.",The men are playing a game of basketball.,4.699850940901362,661
"The helicopter burst into flames upon impact, according to the Mohave County Sheriff's Office.",A woman leading a white horse.,2.689588699851262,366
The boy is playing the piano.,Would you be concerned with the mind changing if he wasn't shouting and/or misbehaving?,0.571295037159034,938
A man is lifting weights in a garage.,A man is watching three asian kids dance.,2.122669043728921,410
"Yes, you can add coffee grounds with their filters to your compost pile.",A man is speaking.,2.992875026904779,1428
"Families stuck on the highway remained in their cars, and used their cell phones to call home.",Two boys are in midair jumping into an inground pool.,0.192502179473121,638
Iran backs proposal for meeting on Syria conflict,The expansion of space means that objects in cosmological distances are receding away from each other.,1.250948078772247,95
"One dead in Philadelphia building collapse, others pulled from rubble",Brown and white cows are eating from a trough.,0.82960946179793,1107
There is a very full description of the various types of hormone rooting compound here.,"Many children, instead of being motivated by reward are motivated by being in control.",4.841066897163854,566
There is a black dog jumping into a swimming pool.,"There is always ""transitional authority"" by virtue of the writing of regulations.",2.376722599278839,859
Two gray dogs run together over the green grass.,"The broad Standard & Poor's 500 Index .SPX was up 8.79 points, or 0.96 percent, at 929.06.",3.00034402949728,506
Yeager said the suspect in the Target attack showed tendencies of being a prior offender.,Coin lockers are a feature of most stations in Japan.,3.209279870274339,555
The small dog protects its owner.,Another disadvantage of the dew factor is that it makes hitting boundaries difficult.,2.415007155321133,714
UK alert on Syrian chemical arms,"I am not exactly sure but I remember the media (in India) addressing Delhi as ""HASTHINA"".",0.317555682034392,1065
I've stored pancakes in the freezer for over two month and not had any freezer burn.,A woman is going on a walk with her dog.,2.051294851792901,518
Turtles love eating goldfish and lots of things that fit into their mouths.,a dog trots through the grass.,4.471610648750771,615
Some cyclists stop near a sign.,"Moore, the suspended chief justice of the Alabama Supreme Court, stands trial before the Alabama Court of the Judiciary.",4.250624884981997,1466
Syrian troops kill 35 in Damascus suburb,There is actually functionality in most browsers already in place to do just this.,0.44952013786656,171
"A former candidate for governor of New York, he styled himself an advocate of better corporate governance.",A dog is riding a skateboard.,0.638091089135673,29
"Scrimshaw, Supervisor, Best Minister and Ten Most Wanted are expected to complete the Belmont field.",Black pepper and white pepper are differing preparations of the fruit of the Piper nigrum plant.,2.313366938820443,1069
People who are good at the philosophy of mathematics are mathematicians and not philosophers.,"The protesters denounced the country's supreme leader, hard-liner Ayatollah Ali Khamenei.",0.351608207862737,439
FAA lifts ban on U.S. flights to Tel Aviv,US drone strike kills four in NWA: officials,2.876938391175857,588
A panda is climbing.,Iowa State athletic director Bruce Van de Velde would not confirm an offer was made to Lebo.,3.818400441639638,362
a skateboard performs a trick off a quarter pipe.,"""I'm not going to be sponsoring it because it's not our proposal, but I'm not responding to it in a negative way,"" he said.",0.251307988295773,566
Running downhill is the BEST way to strengthen your quad muscles.,A man sits on steps.,3.634932294138925,673
Protesters had been calling for an end to the country's hard-line establishment and for supreme leader Khamenei's death.,"She appeared in federal court Wednesday, but did not enter a plea.",4.662080482475167,1402
2 Pussy Riot Members Reunited in Krasnoyarsk,A man is eating bread.,0.657331435778535,195
A black and white photo of an old train station.,"This is indeed possible, but I haven't seen it done experimentally for reasons other than feasibility.",0.34235548879535,1126
Public employees can unionize because the law allows them to.,Skiing is a sport where taking lessons pays off very quickly.,2.010454926343765,1417
7 detained for 'house sister' scandal,A man is playing flute.,4.532713852344333,1392
"On Monday, as first reported by CNET News.com, the RIAA withdrew a DMCA notice to Penn State University's astronomy and astrophysics department.","""It's a new beginning as far as the courts, Crown Prosecution Service and police are concerned, making the criminal justice system work better.""",2.264728793313068,1485
"According to canon, Leia was an expert in combat, especially shooting (this is from EU books).",My motivation is that I like to look at things from their roots and go up.,3.965474599729238,1179
A scantily clad woman is standing next to a car.,Two blasts rock Syrian capital,4.525994390815623,374
US drone strike kills 8 militants,"The dollar was at 116.78 yen JPY= , virtually flat on the session, and at 1.2871 against the Swiss franc CHF= , down 0.1 percent.",1.103188567192736,1185
The man is trying to feed the snake with a mouse.,There are many arguments for why this is not the case.,3.552191916574363,1260
The four women are practicing for a upcoming match.,Would you be concerned with the mind changing if he wasn't shouting and/or misbehaving?,3.200864314196378,595
I was invited in to pitch story ideas to Ron Moore at ST:TNG.,Colorado governor visits school shooting victim,2.611482777483057,197
"I'm American, and I've never heard the bathroom referred to as St. John's.",Wrap well in plastic (individually) and then put in a freezer bag.,1.179660534757093,467
Bangladesh Islamist execution upheld,Two men in business dress are standing by the side of a road.,0.468480519708809,846
Military plane crashes in south France: authorities,"The service will launch later this summer with 800 locations, and Sprint plans 2,100 locations by the end of the year.",1.198974486040143,710
A black and white cat playing with a wool basket.,A woman is pouring eyes into a bowl.,3.214953903754685,1327
a dog runs through the long grass.,TThe girl is standing in front of the open door of the bus.,1.869030035380929,182
Bangladesh Islamist execution upheld,The problem I see with the GREs is that the scoring range is highly compressed.,0.470870444046243,1147
"Gainer said the two staff aides are ""very sorry this all happened,"" and the security personnel had performed ""well within standards.""",Two women compete in a contest.,3.398814846055868,509
It is perfectly okay to ask for the figure knowing well that the other person may not give.,A woman with a smiling baby sitting on the table.,1.905876066375262,297
"Messi nets 300th, 301st goals in Barcelona win",The first have covers both been more responsible and told you in that sentence.,3.913967936181306,1134
The U.S. appears to have a smaller shadow economy for a few reasons in no particular order.,Bulgarian president tries to break election stalemate,4.344493690210742,588
"Russia, China Veto UN Resolution on Syria",A white Swiss airplane approaches the runway.,4.326977296935565,714
"Marc Garber, Whitley's attorney, had a different view.",A man and a woman in glasses blow bubbles.,4.960705419770861,1185
