Date,Extent
1980-01-01,8.636
1980-01-02,3.789
1980-01-03,13.606
1980-01-04,12.554
1980-01-05,11.696
1980-01-06,3.927
1980-01-07,11.505
1980-01-08,10.508
1980-01-09,10.636
1980-01-10,3.732
1980-01-11,9.705
1980-01-12,5.005
1980-01-13,3.688
1980-01-14,4.99
1980-01-15,14.61
1980-01-16,15.306
1980-01-17,12.048
1980-01-18,4.769
1980-01-19,4.657
1980-01-20,11.822
1980-01-21,4.201
1980-01-22,9.16
1980-01-23,4.985
1980-01-24,14.399
1980-01-25,8.353
1980-01-26,11.279
1980-01-27,6.612
1980-01-28,10.974
1980-01-29,8.065
1980-01-30,11.986
1980-01-31,16.162
1980-02-01,12.291
1980-02-02,6.29
1980-02-03,5.26
1980-02-04,12.983
1980-02-05,10.376
1980-02-06,9.749
1980-02-07,7.155
1980-02-08,14.096
1980-02-09,4.374
1980-02-10,11.356
1980-02-11,12.467
1980-02-12,7.054
1980-02-13,7.298
1980-02-14,7.446
1980-02-15,10.883
1980-02-16,5.127
1980-02-17,5.7
1980-02-18,11.898
1980-02-19,11.752
1980-02-20,5.444
1980-02-21,12.543
1980-02-22,7.088
1980-02-23,15.204
1980-02-24,4.764
1980-02-25,7.786
1980-02-26,6.808
1980-02-27,8.636
1980-02-28,14.214
1980-02-29,3.798
1980-03-01,14.124
1980-03-02,11.049
1980-03-03,7.968
1980-03-04,10.984
1980-03-05,9.217
1980-03-06,12.313
1980-03-07,10.28
1980-03-08,5.771
1980-03-09,4.268
1980-03-10,14.215
1980-03-11,5.84
1980-03-12,12.34
1980-03-13,11.123
1980-03-14,5.679
1980-03-15,9.813
1980-03-16,15.996
1980-03-17,13.039
1980-03-18,11.552
1980-03-19,7.706
1980-03-20,8.734
1980-03-21,4.983
1980-03-22,12.078
1980-03-23,5.783
1980-03-24,10.006
1980-03-25,15.464
1980-03-26,5.156
1980-03-27,10.793
1980-03-28,4.939
1980-03-29,4.865
1980-03-30,12.912
1980-03-31,16.364
1980-04-01,15.648
1980-04-02,8.275
1980-04-03,8.468
1980-04-04,15.535
1980-04-05,11.156
1980-04-06,7.886
1980-04-07,9.933
1980-04-08,3.915
1980-04-09,13.907
1980-04-10,8.786
1980-04-11,10.62
1980-04-12,10.944
1980-04-13,5.724
1980-04-14,13.764
1980-04-15,9.325
1980-04-16,15.717
1980-04-17,15.853
1980-04-18,12.248
1980-04-19,6.982
1980-04-20,6.127
1980-04-21,12.133
1980-04-22,4.554
1980-04-23,7.516
1980-04-24,10.435
1980-04-25,3.54
1980-04-26,12.71
1980-04-27,14.125
1980-04-28,4.697
1980-04-29,7.373
1980-04-30,5.628
1980-05-01,8.124
1980-05-02,4.291
1980-05-03,6.173
1980-05-04,13.063
1980-05-05,8.773
1980-05-06,15.775
1980-05-07,3.796
1980-05-08,6.209
1980-05-09,10.38
1980-05-10,10.856
1980-05-11,12.584
1980-05-12,12.516
1980-05-13,12.476
1980-05-14,7.725
1980-05-15,6.461
1980-05-16,15.679
1980-05-17,15.258
1980-05-18,7.371
1980-05-19,16.385
1980-05-20,5.697
1980-05-21,5.085
1980-05-22,14.645
1980-05-23,8.668
1980-05-24,3.986
1980-05-25,5.8
1980-05-26,10.408
1980-05-27,7.694
1980-05-28,8.429
1980-05-29,13.718
1980-05-30,14.533
1980-05-31,4.028
1980-06-01,16.343
1980-06-02,3.779
1980-06-03,12.858
1980-06-04,8.216
1980-06-05,9.262
1980-06-06,14.376
1980-06-07,6.119
1980-06-08,13.193
1980-06-09,11.204
1980-06-10,11.23
1980-06-11,15.256
1980-06-12,14.427
1980-06-13,4.142
1980-06-14,12.852
1980-06-15,5.772
1980-06-16,14.499
1980-06-17,13.861
1980-06-18,6.756
1980-06-19,13.619
1980-06-20,10.998
1980-06-21,12.566
1980-06-22,3.878
1980-06-23,14.08
1980-06-24,12.476
1980-06-25,9.559
1980-06-26,10.609
1980-06-27,8.764
1980-06-28,10.97
1980-06-29,16.388
1980-06-30,16.393
1980-07-01,15.827
1980-07-02,5.312
1980-07-03,16.163
1980-07-04,13.426
1980-07-05,12.347
1980-07-06,7.85
1980-07-07,3.342
1980-07-08,6.865
1980-07-09,8.519
1980-07-10,9.255
1980-07-11,7.716
1980-07-12,11.167
1980-07-13,10.091
1980-07-14,3.572
1980-07-15,14.764
1980-07-16,14.507
1980-07-17,10.449
1980-07-18,13.055
1980-07-19,9.883
1980-07-20,13.452
1980-07-21,13.72
1980-07-22,6.894
1980-07-23,13.972
1980-07-24,5.465
1980-07-25,10.832
1980-07-26,8.865
1980-07-27,12.286
1980-07-28,11.89
1980-07-29,9.036
1980-07-30,4.843
1980-07-31,16.2
1980-08-01,4.178
1980-08-02,13.928
1980-08-03,11.325
1980-08-04,9.793
1980-08-05,15.975
1980-08-06,15.528
1980-08-07,14.555
1980-08-08,4.861
1980-08-09,10.107
1980-08-10,5.283
1980-08-11,4.13
1980-08-12,10.536
1980-08-13,3.489
1980-08-14,4.105
1980-08-15,9.286
1980-08-16,10.248
1980-08-17,7.803
1980-08-18,13.784
1980-08-19,14.782
1980-08-20,15.35
1980-08-21,6.163
1980-08-22,7.876
1980-08-23,11.856
1980-08-24,5.215
1980-08-25,4.22
1980-08-26,6.798
1980-08-27,14.895
1980-08-28,9.893
1980-08-29,15.111
1980-08-30,3.527
1980-08-31,14.788
1980-09-01,12.627
1980-09-02,10.138
1980-09-03,9.646
1980-09-04,9.39
1980-09-05,12.771
1980-09-06,14.865
1980-09-07,9.023
1980-09-08,5.15
1980-09-09,11.619
1980-09-10,4.211
1980-09-11,13.987
1980-09-12,14.22
1980-09-13,12.383
1980-09-14,8.19
1980-09-15,9.066
1980-09-16,13.566
1980-09-17,6.596
1980-09-18,5.164
1980-09-19,14.374
1980-09-20,10.728
1980-09-21,12.16
1980-09-22,9.883
1980-09-23,10.967
1980-09-24,11.85
1980-09-25,9.09
1980-09-26,15.49
1980-09-27,5.886
1980-09-28,11.333
1980-09-29,7.946
1980-09-30,11.712
1980-10-01,12.81
1980-10-02,12.217
1980-10-03,3.726
1980-10-04,13.819
1980-10-05,8.616
1980-10-06,4.736
1980-10-07,6.245
1980-10-08,12.24
1980-10-09,3.73
1980-10-10,4.665
1980-10-11,11.755
1980-10-12,7.356
1980-10-13,8.104
1980-10-14,10.726
1980-10-15,5.062
1980-10-16,13.975
1980-10-17,13.139
1980-10-18,7.903
1980-10-19,6.796
1980-10-20,11.667
1980-10-21,16.147
1980-10-22,12.682
1980-10-23,10.017
1980-10-24,14.87
1980-10-25,11.16
1980-10-26,7.627
1980-10-27,15.136
1980-10-28,16.304
1980-10-29,4.311
1980-10-30,6.64
1980-10-31,11.388
1980-11-01,5.628
1980-11-02,5.232
1980-11-03,10.004
1980-11-04,10.222
1980-11-05,5.249
1980-11-06,13.235
1980-11-07,14.931
1980-11-08,11.735
1980-11-09,14.44
1980-11-10,14.426
1980-11-11,10.773
1980-11-12,14.665
1980-11-13,16.313
1980-11-14,5.219
1980-11-15,7.479
1980-11-16,14.816
1980-11-17,10.46
1980-11-18,7.749
1980-11-19,11.205
1980-11-20,5.62
1980-11-21,4.015
1980-11-22,7.727
1980-11-23,14.384
1980-11-24,9.66
1980-11-25,12.184
1980-11-26,12.427
1980-11-27,15.52
1980-11-28,11.071
1980-11-29,14.702
1980-11-30,9.505
1980-12-01,11.295
1980-12-02,16.174
1980-12-03,3.891
1980-12-04,9.352
1980-12-05,8.438
1980-12-06,6.49
1980-12-07,11.534
1980-12-08,15.848
1980-12-09,3.489
1980-12-10,12.994
1980-12-11,4.913
1980-12-12,5.478
1980-12-13,9.774
1980-12-14,14.78
1980-12-15,5.222
1980-12-16,4.348
1980-12-17,6.633
1980-12-18,15.112
1980-12-19,13.977
1980-12-20,12.451
1980-12-21,4.379
1980-12-22,15.069
1980-12-23,16.072
1980-12-24,11.814
1980-12-25,8.913
1980-12-26,4.166
1980-12-27,6.255
1980-12-28,16.198
1980-12-29,4.161
1980-12-30,9.207
1980-12-31,3.649
1981-01-01,4.425
1981-01-02,6.444
1981-01-03,16.213
1981-01-04,6.177
1981-01-05,6.017
1981-01-06,4.183
1981-01-07,10.609
1981-01-08,14.124
1981-01-09,8.679
1981-01-10,12.535
1981-01-11,5.124
1981-01-12,14.335
1981-01-13,11.742
1981-01-14,12.307
1981-01-15,15.521
1981-01-16,12.514
1981-01-17,12.267
1981-01-18,6.616
1981-01-19,13.498
1981-01-20,5.9
1981-01-21,6.568
1981-01-22,14.294
1981-01-23,10.557
1981-01-24,11.19
1981-01-25,13.791
1981-01-26,8.377
1981-01-27,4.702
1981-01-28,5.794
1981-01-29,13.111
1981-01-30,11.534
1981-01-31,9.503
1981-02-01,13.875
1981-02-02,15.141
1981-02-03,15.158
1981-02-04,11.715
1981-02-05,12.402
1981-02-06,3.573
1981-02-07,11.787
1981-02-08,5.643
1981-02-09,10.774
1981-02-10,13.423
1981-02-11,4.291
1981-02-12,6.728
1981-02-13,7.289
1981-02-14,9.303
1981-02-15,10.929
1981-02-16,13.295
1981-02-17,4.988
1981-02-18,13.628
1981-02-19,11.753
1981-02-20,9.29
1981-02-21,10.154
1981-02-22,3.589
1981-02-23,8.486
1981-02-24,10.527
1981-02-25,7.701
1981-02-26,4.435
1981-02-27,8.243
1981-02-28,6.224
1981-03-01,12.602
1981-03-02,16.318
1981-03-03,9.977
1981-03-04,7.36
1981-03-05,14.021
1981-03-06,13.642
1981-03-07,10.055
1981-03-08,7.898
1981-03-09,8.394
1981-03-10,4.038
1981-03-11,9.346
1981-03-12,5.985
1981-03-13,10.899
1981-03-14,6.589
1981-03-15,5.248
1981-03-16,8.124
1981-03-17,6.34
1981-03-18,6.397
1981-03-19,8.871
1981-03-20,8.941
1981-03-21,4.871
1981-03-22,8.929
1981-03-23,7.889
1981-03-24,7.637
1981-03-25,3.367
1981-03-26,11.871
1981-03-27,6.963
1981-03-28,9.234
1981-03-29,4.565
1981-03-30,10.16
1981-03-31,7.766
1981-04-01,15.07
1981-04-02,12.799
1981-04-03,4.284
1981-04-04,8.917
1981-04-05,7.746
1981-04-06,8.54
1981-04-07,14.532
1981-04-08,8.2
1981-04-09,6.36
1981-04-10,14.804
1981-04-11,15.361
1981-04-12,4.258
1981-04-13,12.1
1981-04-14,8.19
1981-04-15,7.425
1981-04-16,13.821
1981-04-17,14.824
1981-04-18,13.002
1981-04-19,16.264
1981-04-20,8.006
1981-04-21,8.709
1981-04-22,4.582
1981-04-23,6.301
1981-04-24,16.038
1981-04-25,8.449
1981-04-26,6.27
1981-04-27,10.935
1981-04-28,10.139
1981-04-29,5.485
1981-04-30,6.429
1981-05-01,12.053
1981-05-02,4.139
1981-05-03,12.556
1981-05-04,4.956
1981-05-05,7.822
1981-05-06,15.05
1981-05-07,14.1
1981-05-08,14.07
1981-05-09,11.599
1981-05-10,15.457
1981-05-11,10.188
1981-05-12,5.35
1981-05-13,11.289
1981-05-14,11.891
1981-05-15,4.839
1981-05-16,5.171
1981-05-17,5.126
1981-05-18,4.076
1981-05-19,14.25
1981-05-20,10.059
1981-05-21,11.664
1981-05-22,7.631
1981-05-23,11.87
1981-05-24,14.074
1981-05-25,11.797
1981-05-26,16.085
1981-05-27,13.759
1981-05-28,8.072
1981-05-29,13.58
1981-05-30,10.768
1981-05-31,3.781
1981-06-01,12.462
1981-06-02,6.463
1981-06-03,10.158
1981-06-04,6.498
1981-06-05,5.273
1981-06-06,5.304
1981-06-07,11.181
1981-06-08,10.853
1981-06-09,8.808
1981-06-10,10.115
1981-06-11,12.781
1981-06-12,4.117
1981-06-13,3.357
1981-06-14,12.969
1981-06-15,5.432
1981-06-16,13.259
1981-06-17,16.237
1981-06-18,3.961
1981-06-19,10.317
1981-06-20,8.053
1981-06-21,7.898
1981-06-22,11.315
1981-06-23,11.684
1981-06-24,5.479
1981-06-25,8.316
1981-06-26,11.03
1981-06-27,15.504
1981-06-28,6.051
1981-06-29,9.795
1981-06-30,12.584
1981-07-01,10.793
1981-07-02,13.519
1981-07-03,8.997
1981-07-04,8.157
1981-07-05,13.813
1981-07-06,13.601
1981-07-07,16.292
1981-07-08,5.95
1981-07-09,6.172
1981-07-10,3.791
1981-07-11,3.955
1981-07-12,15.035
1981-07-13,14.047
1981-07-14,7.934
1981-07-15,14.749
1981-07-16,11.514
1981-07-17,16.131
1981-07-18,14.677
1981-07-19,9.64
1981-07-20,12.924
1981-07-21,8.525
1981-07-22,4.165
1981-07-23,7.929
1981-07-24,14.099
1981-07-25,12.575
1981-07-26,5.347
1981-07-27,15.233
1981-07-28,4.229
1981-07-29,13.122
1981-07-30,13.065
1981-07-31,6.376
1981-08-01,15.801
1981-08-02,7.027
1981-08-03,14.999
1981-08-04,11.834
1981-08-05,14.036
1981-08-06,6.683
1981-08-07,11.576
1981-08-08,7.903
1981-08-09,4.642
1981-08-10,11.359
1981-08-11,4.114
1981-08-12,6.303
1981-08-13,15.24
1981-08-14,9.82
1981-08-15,5.27
1981-08-16,16.053
1981-08-17,15.901
1981-08-18,5.296
1981-08-19,13.516
1981-08-20,10.629
1981-08-21,13.828
1981-08-22,11.031
1981-08-23,13.48
1981-08-24,5.745
1981-08-25,9.516
1981-08-26,11.043
1981-08-27,4.173
1981-08-28,8.778
1981-08-29,4.516
1981-08-30,15.634
1981-08-31,12.596
1981-09-01,7.43
1981-09-02,11.586
1981-09-03,9.157
1981-09-04,8.123
1981-09-05,16.321
1981-09-06,3.791
1981-09-07,6.063
1981-09-08,5.523
1981-09-09,4.698
1981-09-10,4.441
1981-09-11,7.197
1981-09-12,13.934
1981-09-13,14.578
1981-09-14,11.429
1981-09-15,7.98
1981-09-16,7.168
1981-09-17,9.209
1981-09-18,9.031
1981-09-19,10.187
1981-09-20,3.44
1981-09-21,15.218
1981-09-22,13.312
1981-09-23,15.498
1981-09-24,13.843
1981-09-25,10.075
1981-09-26,7.439
1981-09-27,16.217
1981-09-28,13.449
1981-09-29,11.89
1981-09-30,14.201
1981-10-01,8.85
1981-10-02,13.099
1981-10-03,10.151
1981-10-04,10.633
1981-10-05,8.099
1981-10-06,11.232
1981-10-07,14.787
1981-10-08,13.485
1981-10-09,10.789
1981-10-10,3.461
1981-10-11,6.701
1981-10-12,4.619
1981-10-13,8.367
1981-10-14,8.441
1981-10-15,7.987
1981-10-16,9.824
1981-10-17,6.663
1981-10-18,5.32
1981-10-19,5.238
1981-10-20,8.701
1981-10-21,4.757
1981-10-22,7.597
1981-10-23,4.38
1981-10-24,8.425
1981-10-25,12.587
1981-10-26,5.696
1981-10-27,7.223
1981-10-28,13.405
1981-10-29,5.907
1981-10-30,6.361
1981-10-31,15.266
1981-11-01,14.269
1981-11-02,6.804
1981-11-03,13.36
1981-11-04,14.62
1981-11-05,7.203
1981-11-06,12.826
1981-11-07,13.589
1981-11-08,14.348
1981-11-09,14.697
1981-11-10,10.66
1981-11-11,14.269
1981-11-12,11.329
1981-11-13,11.639
1981-11-14,5.596
1981-11-15,10.444
1981-11-16,9.212
1981-11-17,10.216
1981-11-18,3.435
1981-11-19,14.173
1981-11-20,16.177
1981-11-21,7.698
1981-11-22,10.948
1981-11-23,12.505
1981-11-24,3.87
1981-11-25,11.011
1981-11-26,7.285
1981-11-27,8.478
1981-11-28,5.963
1981-11-29,13.56
1981-11-30,4.628
1981-12-01,9.196
1981-12-02,5.958
1981-12-03,10.513
1981-12-04,13.117
1981-12-05,11.956
1981-12-06,5.995
1981-12-07,5.8
1981-12-08,10.877
1981-12-09,12.608
1981-12-10,10.982
1981-12-11,4.34
1981-12-12,8.007
1981-12-13,4.657
1981-12-14,10.954
1981-12-15,4.447
1981-12-16,14.021
1981-12-17,4.062
1981-12-18,13.471
1981-12-19,9.372
1981-12-20,13.199
1981-12-21,15.221
1981-12-22,9.868
1981-12-23,6.589
1981-12-24,12.918
1981-12-25,15.207
1981-12-26,9.053
1981-12-27,5.172
1981-12-28,7.757
1981-12-29,7.099
1981-12-30,8.636
1981-12-31,15.397
1982-01-01,10.833
1982-01-02,5.15
1982-01-03,12.624
1982-01-04,8.252
1982-01-05,8.037
1982-01-06,10.469
1982-01-07,9.014
1982-01-08,5.955
1982-01-09,9.267
1982-01-10,4.762
1982-01-11,5.006
1982-01-12,15.244
1982-01-13,4.008
1982-01-14,7.291
1982-01-15,16.009
1982-01-16,14.953
1982-01-17,16.25
1982-01-18,3.943
1982-01-19,15.277
1982-01-20,11.747
1982-01-21,13.393
1982-01-22,6.573
1982-01-23,12.415
1982-01-24,8.985
1982-01-25,14.085
1982-01-26,12.16
1982-01-27,5.959
1982-01-28,14.98
1982-01-29,8.064
1982-01-30,6.746
1982-01-31,15.01
1982-02-01,12.341
1982-02-02,12.021
1982-02-03,3.379
1982-02-04,5.682
1982-02-05,14.565
1982-02-06,5.991
1982-02-07,13.174
1982-02-08,4.058
1982-02-09,10.614
1982-02-10,11.023
1982-02-11,3.525
1982-02-12,11.294
1982-02-13,7.648
1982-02-14,4.666
1982-02-15,4.615
1982-02-16,6.549
1982-02-17,10.008
1982-02-18,4.917
1982-02-19,12.064
1982-02-20,12.681
1982-02-21,15.545
1982-02-22,6.524
1982-02-23,7.727
1982-02-24,8.043
1982-02-25,13.399
1982-02-26,11.885
1982-02-27,4.203
1982-02-28,14.059
1982-03-01,14.781
1982-03-02,8.466
1982-03-03,11.819
1982-03-04,11.725
1982-03-05,12.833
1982-03-06,15.722
1982-03-07,3.932
1982-03-08,8.324
1982-03-09,8.686
1982-03-10,6.803
1982-03-11,15.646
1982-03-12,8.62
1982-03-13,7.89
1982-03-14,6.466
1982-03-15,7.53
1982-03-16,15.201
1982-03-17,16.236
1982-03-18,7.032
1982-03-19,11.074
1982-03-20,7.462
1982-03-21,8.687
1982-03-22,10.245
1982-03-23,12.179
1982-03-24,6.673
1982-03-25,6.22
1982-03-26,12.776
1982-03-27,11.483
1982-03-28,5.908
1982-03-29,8.494
1982-03-30,9.584
1982-03-31,6.221
1982-04-01,4.023
1982-04-02,4.409
1982-04-03,12.817
1982-04-04,6.999
1982-04-05,5.527
1982-04-06,7.176
1982-04-07,3.702
1982-04-08,3.6
1982-04-09,8.955
1982-04-10,12.666
1982-04-11,8.555
1982-04-12,6.002
1982-04-13,5.805
1982-04-14,12.635
1982-04-15,4.678
1982-04-16,11.653
1982-04-17,10.265
1982-04-18,9.403
1982-04-19,7.615
1982-04-20,13.899
1982-04-21,6.785
1982-04-22,10.655
1982-04-23,12.717
1982-04-24,7.193
1982-04-25,4.482
1982-04-26,13.996
1982-04-27,4.449
1982-04-28,15.599
1982-04-29,7.704
1982-04-30,14.385
1982-05-01,7.673
1982-05-02,8.017
1982-05-03,9.475
1982-05-04,10.961
1982-05-05,15.997
1982-05-06,9.175
1982-05-07,6.47
1982-05-08,11.178
1982-05-09,12.764
1982-05-10,15.823
1982-05-11,7.304
1982-05-12,4.863
1982-05-13,15.202
1982-05-14,8.178
1982-05-15,12.799
1982-05-16,11.771
1982-05-17,12.201
1982-05-18,9.014
1982-05-19,13.313
1982-05-20,3.773
1982-05-21,9.184
1982-05-22,10.118
1982-05-23,12.881
1982-05-24,11.601
1982-05-25,15.025
1982-05-26,11.764
1982-05-27,9.138
1982-05-28,10.449
1982-05-29,8.371
1982-05-30,8.627
1982-05-31,3.738
1982-06-01,7.207
1982-06-02,5.287
1982-06-03,14.492
1982-06-04,6.838
1982-06-05,5.963
1982-06-06,7.313
1982-06-07,15.582
1982-06-08,10.252
1982-06-09,15.013
1982-06-10,5.552
1982-06-11,5.436
1982-06-12,14.912
1982-06-13,16.29
1982-06-14,6.334
1982-06-15,5.858
1982-06-16,9.528
1982-06-17,12.004
1982-06-18,6.86
1982-06-19,6.771
1982-06-20,15.635
1982-06-21,13.698
1982-06-22,13.386
1982-06-23,8.428
1982-06-24,8.606
1982-06-25,8.089
1982-06-26,3.781
1982-06-27,13.51
1982-06-28,7.422
1982-06-29,13.984
1982-06-30,10.593
1982-07-01,4.144
1982-07-02,10.739
1982-07-03,11.355
1982-07-04,14.662
1982-07-05,4.078
1982-07-06,6.534
1982-07-07,11.638
1982-07-08,5.205
1982-07-09,6.864
1982-07-10,12.186
1982-07-11,9.059
1982-07-12,13.743
1982-07-13,5.776
1982-07-14,12.144
1982-07-15,13.949
1982-07-16,13.578
1982-07-17,12.654
1982-07-18,4.729
1982-07-19,11.784
1982-07-20,9.686
1982-07-21,7.512
1982-07-22,12.656
1982-07-23,4.747
1982-07-24,6.094
1982-07-25,5.229
1982-07-26,6.442
1982-07-27,12.554
1982-07-28,3.894
1982-07-29,14.996
1982-07-30,16.357
1982-07-31,13.657
1982-08-01,14.215
1982-08-02,3.515
1982-08-03,12.003
1982-08-04,7.552
1982-08-05,11.94
1982-08-06,6.498
1982-08-07,10.821
1982-08-08,14.924
1982-08-09,12.094
1982-08-10,12.891
1982-08-11,4.206
1982-08-12,4.936
1982-08-13,9.832
1982-08-14,10.896
1982-08-15,5.638
1982-08-16,4.52
1982-08-17,7.369
1982-08-18,6.678
1982-08-19,5.957
1982-08-20,3.892
1982-08-21,10.942
1982-08-22,7.034
1982-08-23,10.441
1982-08-24,6.863
1982-08-25,6.39
1982-08-26,8.238
1982-08-27,3.421
1982-08-28,4.404
1982-08-29,13.808
1982-08-30,5.215
1982-08-31,8.079
1982-09-01,8.071
1982-09-02,8.373
1982-09-03,12.45
1982-09-04,16.338
1982-09-05,5.43
1982-09-06,11.603
1982-09-07,15.83
1982-09-08,11.607
1982-09-09,14.799
1982-09-10,11.25
1982-09-11,16.184
1982-09-12,14.453
1982-09-13,4.695
1982-09-14,9.115
1982-09-15,6.439
1982-09-16,5.277
1982-09-17,15.356
1982-09-18,4.571
1982-09-19,10.781
1982-09-20,11.375
1982-09-21,4.548
1982-09-22,15.933
1982-09-23,13.27
1982-09-24,6.628
1982-09-25,12.855
1982-09-26,14.816
1982-09-27,13.607
1982-09-28,14.085
1982-09-29,6.24
1982-09-30,6.247
1982-10-01,11.274
1982-10-02,4.717
1982-10-03,6.365
1982-10-04,6.236
1982-10-05,11.629
1982-10-06,9.137
1982-10-07,10.929
1982-10-08,7.484
1982-10-09,12.144
1982-10-10,12.161
1982-10-11,15.088
1982-10-12,7.47
1982-10-13,10.959
1982-10-14,15.478
1982-10-15,8.892
1982-10-16,13.791
1982-10-17,9.861
1982-10-18,15.471
1982-10-19,7.178
1982-10-20,12.585
1982-10-21,8.66
1982-10-22,7.061
1982-10-23,10.548
1982-10-24,12.069
1982-10-25,10.477
1982-10-26,4.39
1982-10-27,12.956
1982-10-28,9.715
1982-10-29,5.607
1982-10-30,12.803
1982-10-31,7.169
1982-11-01,7.437
1982-11-02,16.132
1982-11-03,14.852
1982-11-04,7.606
1982-11-05,8.879
1982-11-06,10.218
1982-11-07,15.014
1982-11-08,7.248
1982-11-09,11.826
1982-11-10,7.429
1982-11-11,4.586
1982-11-12,3.535
1982-11-13,3.615
1982-11-14,14.044
1982-11-15,5.262
1982-11-16,9.913
1982-11-17,5.21
1982-11-18,4.668
1982-11-19,5.176
1982-11-20,7.096
1982-11-21,13.691
1982-11-22,11.621
1982-11-23,11.033
1982-11-24,12.389
1982-11-25,4.698
1982-11-26,13.447
1982-11-27,5.389
1982-11-28,13.413
1982-11-29,16.123
1982-11-30,4.593
1982-12-01,15.631
1982-12-02,13.604
1982-12-03,14.625
1982-12-04,4.997
1982-12-05,8.16
1982-12-06,8.663
1982-12-07,5.167
1982-12-08,9.397
1982-12-09,5.543
1982-12-10,8.881
1982-12-11,11.507
1982-12-12,5.346
1982-12-13,14.513
1982-12-14,7.112
1982-12-15,3.483
1982-12-16,15.987
1982-12-17,16.175
1982-12-18,16.241
1982-12-19,5.659
1982-12-20,7.669
1982-12-21,5.678
1982-12-22,8.87
1982-12-23,10.237
1982-12-24,12.601
1982-12-25,11.182
1982-12-26,12.532
1982-12-27,5.58
1982-12-28,5.247
1982-12-29,10.215
1982-12-30,11.716
1982-12-31,10.417
1983-01-01,8.657
1983-01-02,10.588
1983-01-03,6.099
1983-01-04,4.398
1983-01-05,5.49
1983-01-06,8.526
1983-01-07,13.147
1983-01-08,3.493
1983-01-09,8.11
1983-01-10,16.257
1983-01-11,11.942
1983-01-12,8.341
1983-01-13,9.984
1983-01-14,12.934
1983-01-15,4.235
1983-01-16,15.575
1983-01-17,3.6
1983-01-18,10.053
1983-01-19,5.175
1983-01-20,10.065
1983-01-21,11.658
1983-01-22,7.058
1983-01-23,13.01
1983-01-24,8.196
1983-01-25,13.932
1983-01-26,15.511
1983-01-27,4.742
1983-01-28,11.006
1983-01-29,16.065
1983-01-30,9.161
1983-01-31,5.383
1983-02-01,11.908
1983-02-02,5.642
1983-02-03,5.425
1983-02-04,3.345
1983-02-05,6.924
1983-02-06,12.956
1983-02-07,9.626
1983-02-08,5.787
1983-02-09,3.788
1983-02-10,14.254
1983-02-11,10.857
1983-02-12,6.528
1983-02-13,6.238
1983-02-14,14.516
1983-02-15,9.997
1983-02-16,13.875
1983-02-17,15.501
1983-02-18,8.21
1983-02-19,5.118
1983-02-20,11.151
1983-02-21,11.44
1983-02-22,14.988
1983-02-23,3.856
1983-02-24,15.336
1983-02-25,11.968
1983-02-26,9.976
1983-02-27,4.636
1983-02-28,13.73
1983-03-01,4.816
1983-03-02,6.296
1983-03-03,7.55
1983-03-04,3.954
1983-03-05,7.877
1983-03-06,4.776
1983-03-07,13.427
1983-03-08,8.2
1983-03-09,11.077
1983-03-10,14.827
1983-03-11,16.195
1983-03-12,5.99
1983-03-13,7.588
1983-03-14,14.333
1983-03-15,5.744
1983-03-16,13.89
1983-03-17,8.521
1983-03-18,10.913
1983-03-19,13.695
1983-03-20,8.938
1983-03-21,6.109
1983-03-22,4.366
1983-03-23,16.003
1983-03-24,11.288
1983-03-25,16.018
1983-03-26,7.374
1983-03-27,14.591
1983-03-28,10.42
1983-03-29,5.821
1983-03-30,15.721
1983-03-31,5.707
1983-04-01,9.0
1983-04-02,8.947
1983-04-03,11.217
1983-04-04,7.665
1983-04-05,11.152
1983-04-06,4.927
1983-04-07,4.574
1983-04-08,10.357
1983-04-09,11.044
1983-04-10,6.734
1983-04-11,3.594
1983-04-12,7.416
1983-04-13,13.165
1983-04-14,4.351
1983-04-15,12.468
1983-04-16,11.366
1983-04-17,10.222
1983-04-18,10.429
1983-04-19,14.098
1983-04-20,3.853
1983-04-21,16.111
1983-04-22,15.95
1983-04-23,15.548
1983-04-24,5.977
1983-04-25,14.075
1983-04-26,15.961
1983-04-27,15.826
1983-04-28,4.353
1983-04-29,15.516
1983-04-30,5.021
1983-05-01,5.526
1983-05-02,4.933
1983-05-03,10.993
1983-05-04,13.628
1983-05-05,11.044
1983-05-06,15.174
1983-05-07,10.82
1983-05-08,10.792
1983-05-09,15.999
1983-05-10,5.671
1983-05-11,9.017
1983-05-12,6.822
1983-05-13,14.101
1983-05-14,4.16
1983-05-15,5.136
1983-05-16,8.255
1983-05-17,15.899
1983-05-18,12.291
1983-05-19,13.713
1983-05-20,13.055
1983-05-21,13.092
1983-05-22,14.361
1983-05-23,8.5
1983-05-24,16.257
1983-05-25,4.987
1983-05-26,9.856
1983-05-27,15.234
1983-05-28,15.096
1983-05-29,9.627
1983-05-30,7.151
1983-05-31,14.675
1983-06-01,7.951
1983-06-02,6.247
1983-06-03,16.209
1983-06-04,12.43
1983-06-05,15.007
1983-06-06,16.337
1983-06-07,9.613
1983-06-08,7.969
1983-06-09,15.461
1983-06-10,8.92
1983-06-11,5.792
1983-06-12,13.234
1983-06-13,7.833
1983-06-14,9.673
1983-06-15,15.744
1983-06-16,9.356
1983-06-17,16.395
1983-06-18,11.864
1983-06-19,5.592
1983-06-20,7.796
1983-06-21,11.383
1983-06-22,11.958
1983-06-23,12.044
1983-06-24,13.164
1983-06-25,11.154
1983-06-26,3.73
1983-06-27,13.824
1983-06-28,8.748
1983-06-29,5.436
1983-06-30,13.901
1983-07-01,11.51
1983-07-02,8.191
1983-07-03,12.942
1983-07-04,10.849
1983-07-05,4.735
1983-07-06,8.63
1983-07-07,6.325
1983-07-08,13.56
1983-07-09,13.574
1983-07-10,11.484
1983-07-11,12.273
1983-07-12,9.919
1983-07-13,8.367
1983-07-14,14.853
1983-07-15,7.117
1983-07-16,11.143
1983-07-17,5.865
1983-07-18,15.386
1983-07-19,5.0
1983-07-20,14.905
1983-07-21,7.182
1983-07-22,4.026
1983-07-23,5.132
1983-07-24,10.237
1983-07-25,14.162
1983-07-26,10.783
1983-07-27,13.424
1983-07-28,14.608
1983-07-29,4.184
1983-07-30,5.368
1983-07-31,14.604
1983-08-01,7.417
1983-08-02,14.173
1983-08-03,12.138
1983-08-04,5.546
1983-08-05,14.29
1983-08-06,7.764
1983-08-07,14.774
1983-08-08,8.348
1983-08-09,10.047
1983-08-10,14.781
1983-08-11,9.843
1983-08-12,16.136
1983-08-13,3.567
1983-08-14,16.134
1983-08-15,7.89
1983-08-16,16.182
1983-08-17,10.172
1983-08-18,7.719
1983-08-19,6.102
1983-08-20,6.122
1983-08-21,6.794
1983-08-22,10.592
1983-08-23,7.915
1983-08-24,14.757
1983-08-25,4.575
1983-08-26,7.959
1983-08-27,7.084
1983-08-28,15.885
1983-08-29,12.821
1983-08-30,5.898
1983-08-31,7.016
1983-09-01,10.742
1983-09-02,9.616
1983-09-03,16.372
1983-09-04,13.784
1983-09-05,10.145
1983-09-06,11.906
1983-09-07,4.855
1983-09-08,8.876
1983-09-09,9.324
1983-09-10,16.164
1983-09-11,14.618
1983-09-12,10.869
1983-09-13,12.3
1983-09-14,3.628
1983-09-15,11.905
1983-09-16,7.469
1983-09-17,14.489
1983-09-18,4.977
1983-09-19,12.223
1983-09-20,10.562
1983-09-21,10.911
1983-09-22,12.576
1983-09-23,8.879
1983-09-24,4.155
1983-09-25,8.027
1983-09-26,5.628
1983-09-27,9.326
1983-09-28,13.67
1983-09-29,7.248
1983-09-30,12.666
1983-10-01,9.728
1983-10-02,11.2
1983-10-03,14.674
1983-10-04,11.57
1983-10-05,7.365
1983-10-06,10.892
1983-10-07,15.437
1983-10-08,6.007
1983-10-09,11.956
1983-10-10,15.38
1983-10-11,3.573
1983-10-12,4.375
1983-10-13,14.758
1983-10-14,5.647
1983-10-15,10.19
1983-10-16,7.234
1983-10-17,15.414
1983-10-18,16.081
1983-10-19,4.522
1983-10-20,4.457
1983-10-21,15.788
1983-10-22,15.737
1983-10-23,12.009
1983-10-24,12.631
1983-10-25,14.733
1983-10-26,10.599
1983-10-27,12.231
1983-10-28,10.942
1983-10-29,10.261
1983-10-30,14.619
1983-10-31,4.931
1983-11-01,9.409
1983-11-02,3.983
1983-11-03,14.982
1983-11-04,12.564
1983-11-05,4.854
1983-11-06,6.974
1983-11-07,13.463
1983-11-08,13.698
1983-11-09,8.604
1983-11-10,8.433
1983-11-11,6.817
1983-11-12,14.724
1983-11-13,10.772
1983-11-14,9.415
1983-11-15,15.433
1983-11-16,10.845
1983-11-17,9.491
1983-11-18,10.844
1983-11-19,15.812
1983-11-20,16.303
1983-11-21,3.601
1983-11-22,7.664
1983-11-23,15.579
1983-11-24,7.868
1983-11-25,11.255
1983-11-26,3.728
1983-11-27,12.249
1983-11-28,6.562
1983-11-29,15.852
1983-11-30,15.467
1983-12-01,9.158
1983-12-02,9.109
1983-12-03,4.978
1983-12-04,4.414
1983-12-05,12.887
1983-12-06,8.529
1983-12-07,11.918
1983-12-08,13.111
1983-12-09,8.123
1983-12-10,12.642
1983-12-11,6.349
1983-12-12,4.728
1983-12-13,7.831
1983-12-14,6.852
1983-12-15,8.131
1983-12-16,14.58
1983-12-17,10.84
1983-12-18,8.562
1983-12-19,14.762
1983-12-20,3.773
1983-12-21,4.866
1983-12-22,14.655
1983-12-23,6.743
1983-12-24,15.064
1983-12-25,5.969
1983-12-26,6.202
1983-12-27,16.015
1983-12-28,13.961
1983-12-29,10.91
1983-12-30,4.922
1983-12-31,9.51
1984-01-01,4.933
1984-01-02,9.501
1984-01-03,10.052
1984-01-04,13.721
1984-01-05,4.415
1984-01-06,9.948
1984-01-07,5.5
1984-01-08,15.499
1984-01-09,11.021
1984-01-10,9.645
1984-01-11,15.252
1984-01-12,12.158
1984-01-13,4.468
1984-01-14,15.468
1984-01-15,8.05
1984-01-16,9.395
1984-01-17,13.474
1984-01-18,6.501
1984-01-19,4.128
1984-01-20,11.297
1984-01-21,16.252
1984-01-22,6.577
1984-01-23,14.198
1984-01-24,8.48
1984-01-25,8.283
1984-01-26,15.812
1984-01-27,13.641
1984-01-28,14.108
1984-01-29,13.41
1984-01-30,8.128
1984-01-31,12.94
1984-02-01,11.371
1984-02-02,10.94
1984-02-03,7.579
1984-02-04,15.733
1984-02-05,16.216
1984-02-06,8.314
1984-02-07,14.514
1984-02-08,13.78
1984-02-09,11.243
1984-02-10,11.618
1984-02-11,7.659
1984-02-12,14.702
1984-02-13,3.583
1984-02-14,12.781
1984-02-15,5.043
1984-02-16,8.464
1984-02-17,5.262
1984-02-18,9.158
1984-02-19,14.536
1984-02-20,9.583
1984-02-21,11.272
1984-02-22,15.349
1984-02-23,9.673
1984-02-24,5.581
1984-02-25,8.117
1984-02-26,9.304
1984-02-27,7.196
1984-02-28,10.479
1984-02-29,11.486
1984-03-01,10.959
1984-03-02,7.751
1984-03-03,13.405
1984-03-04,15.23
1984-03-05,16.234
1984-03-06,13.277
1984-03-07,4.065
1984-03-08,5.173
1984-03-09,10.559
1984-03-10,8.366
1984-03-11,6.26
1984-03-12,11.769
1984-03-13,12.865
1984-03-14,9.796
1984-03-15,6.331
1984-03-16,10.076
1984-03-17,11.818
1984-03-18,9.724
1984-03-19,9.823
1984-03-20,8.295
1984-03-21,6.225
1984-03-22,5.816
1984-03-23,13.817
1984-03-24,10.065
1984-03-25,6.303
1984-03-26,14.744
1984-03-27,8.296
1984-03-28,15.867
1984-03-29,13.262
1984-03-30,14.873
1984-03-31,13.781
1984-04-01,10.445
1984-04-02,5.629
1984-04-03,6.201
1984-04-04,13.183
1984-04-05,4.864
1984-04-06,4.427
1984-04-07,6.945
1984-04-08,7.501
1984-04-09,13.512
1984-04-10,5.272
1984-04-11,10.387
1984-04-12,11.657
1984-04-13,4.361
1984-04-14,9.741
1984-04-15,12.199
1984-04-16,10.468
1984-04-17,8.19
1984-04-18,9.885
1984-04-19,15.159
1984-04-20,4.727
1984-04-21,13.452
1984-04-22,12.961
1984-04-23,11.069
1984-04-24,13.154
1984-04-25,8.899
1984-04-26,11.244
1984-04-27,7.428
1984-04-28,15.273
1984-04-29,4.818
1984-04-30,12.3
1984-05-01,11.818
1984-05-02,14.411
1984-05-03,14.615
1984-05-04,15.502
1984-05-05,3.999
1984-05-06,7.738
1984-05-07,5.816
1984-05-08,14.492
1984-05-09,10.016
1984-05-10,8.701
1984-05-11,9.853
1984-05-12,16.403
1984-05-13,12.389
1984-05-14,6.474
1984-05-15,12.358
1984-05-16,9.485
1984-05-17,9.136
1984-05-18,9.727
1984-05-19,11.942
1984-05-20,5.131
1984-05-21,12.571
1984-05-22,6.151
1984-05-23,4.373
1984-05-24,12.109
1984-05-25,11.847
1984-05-26,13.087
1984-05-27,11.998
1984-05-28,3.656
1984-05-29,9.364
1984-05-30,15.661
1984-05-31,15.591
1984-06-01,15.667
1984-06-02,6.914
1984-06-03,4.531
1984-06-04,14.225
1984-06-05,6.686
1984-06-06,13.954
1984-06-07,8.206
1984-06-08,3.526
1984-06-09,13.014
1984-06-10,4.734
1984-06-11,6.487
1984-06-12,13.545
1984-06-13,14.967
1984-06-14,5.913
1984-06-15,3.724
1984-06-16,13.402
1984-06-17,10.9
1984-06-18,9.496
1984-06-19,3.354
1984-06-20,6.41
1984-06-21,10.841
1984-06-22,3.372
1984-06-23,9.308
1984-06-24,4.701
1984-06-25,14.926
1984-06-26,8.726
1984-06-27,6.835
1984-06-28,10.132
1984-06-29,10.729
1984-06-30,12.034
1984-07-01,14.332
1984-07-02,10.391
1984-07-03,14.583
1984-07-04,7.552
1984-07-05,13.857
1984-07-06,12.732
1984-07-07,9.021
1984-07-08,13.411
1984-07-09,6.646
1984-07-10,5.34
1984-07-11,10.808
1984-07-12,12.373
1984-07-13,13.055
1984-07-14,7.522
1984-07-15,8.549
1984-07-16,6.024
1984-07-17,6.541
1984-07-18,12.338
1984-07-19,12.836
1984-07-20,12.876
1984-07-21,12.016
1984-07-22,7.053
1984-07-23,16.172
1984-07-24,13.257
1984-07-25,9.598
1984-07-26,5.708
1984-07-27,15.759
1984-07-28,13.822
1984-07-29,12.158
1984-07-30,10.675
1984-07-31,4.866
1984-08-01,15.895
1984-08-02,5.809
1984-08-03,8.867
1984-08-04,15.687
1984-08-05,6.873
1984-08-06,9.07
1984-08-07,16.076
1984-08-08,7.16
1984-08-09,12.164
1984-08-10,5.923
1984-08-11,15.704
1984-08-12,12.912
1984-08-13,7.784
1984-08-14,12.199
1984-08-15,10.062
1984-08-16,6.911
1984-08-17,14.538
1984-08-18,8.632
1984-08-19,9.929
1984-08-20,15.856
1984-08-21,7.056
1984-08-22,11.291
1984-08-23,12.96
1984-08-24,8.939
1984-08-25,4.836
1984-08-26,7.799
1984-08-27,16.348
1984-08-28,12.795
1984-08-29,6.579
1984-08-30,8.727
1984-08-31,12.354
1984-09-01,10.42
1984-09-02,6.473
1984-09-03,13.938
1984-09-04,11.373
1984-09-05,7.259
1984-09-06,10.49
1984-09-07,16.146
1984-09-08,16.233
1984-09-09,10.247
1984-09-10,9.816
1984-09-11,5.034
1984-09-12,13.142
1984-09-13,8.088
1984-09-14,5.196
1984-09-15,6.596
1984-09-16,13.162
1984-09-17,6.065
1984-09-18,8.344
1984-09-19,5.304
1984-09-20,7.137
1984-09-21,10.117
1984-09-22,7.243
1984-09-23,5.338
1984-09-24,4.997
1984-09-25,9.951
1984-09-26,6.498
1984-09-27,11.195
1984-09-28,13.595
1984-09-29,4.634
1984-09-30,11.32
1984-10-01,4.952
1984-10-02,7.197
1984-10-03,6.668
1984-10-04,6.294
1984-10-05,10.699
1984-10-06,8.666
1984-10-07,8.377
1984-10-08,12.917
1984-10-09,4.961
1984-10-10,10.499
1984-10-11,12.252
1984-10-12,8.862
1984-10-13,5.626
1984-10-14,12.781
1984-10-15,4.259
1984-10-16,15.611
1984-10-17,3.736
1984-10-18,8.13
1984-10-19,14.864
1984-10-20,13.076
1984-10-21,13.711
1984-10-22,4.705
1984-10-23,11.603
1984-10-24,13.262
1984-10-25,6.231
1984-10-26,8.163
1984-10-27,10.817
1984-10-28,15.437
1984-10-29,14.443
1984-10-30,12.095
1984-10-31,12.25
1984-11-01,8.433
1984-11-02,11.585
1984-11-03,14.868
1984-11-04,14.147
1984-11-05,9.08
1984-11-06,10.58
1984-11-07,5.195
1984-11-08,13.68
1984-11-09,4.431
1984-11-10,8.965
1984-11-11,9.398
1984-11-12,12.807
1984-11-13,15.706
1984-11-14,9.224
1984-11-15,10.859
1984-11-16,4.038
1984-11-17,13.195
1984-11-18,14.049
1984-11-19,15.085
1984-11-20,13.41
1984-11-21,11.497
1984-11-22,9.107
1984-11-23,5.472
1984-11-24,14.084
1984-11-25,4.766
1984-11-26,14.8
1984-11-27,11.353
1984-11-28,8.336
1984-11-29,4.447
1984-11-30,14.241
1984-12-01,12.215
1984-12-02,7.109
1984-12-03,10.335
1984-12-04,14.764
1984-12-05,7.927
1984-12-06,8.602
1984-12-07,12.483
1984-12-08,8.125
1984-12-09,6.239
1984-12-10,12.179
1984-12-11,11.98
1984-12-12,12.267
1984-12-13,13.152
1984-12-14,13.551
1984-12-15,7.918
1984-12-16,12.894
1984-12-17,13.548
1984-12-18,13.621
1984-12-19,12.263
1984-12-20,6.046
1984-12-21,5.52
1984-12-22,7.021
1984-12-23,10.088
1984-12-24,8.821
1984-12-25,3.595
1984-12-26,4.035
1984-12-27,10.446
1984-12-28,11.487
1984-12-29,3.758
1984-12-30,8.746
1984-12-31,6.952
1985-01-01,3.619
1985-01-02,13.487
1985-01-03,16.065
1985-01-04,8.74
1985-01-05,3.833
1985-01-06,9.931
1985-01-07,12.831
1985-01-08,7.216
1985-01-09,6.49
1985-01-10,9.576
1985-01-11,13.611
1985-01-12,12.777
1985-01-13,8.236
1985-01-14,15.617
1985-01-15,8.649
1985-01-16,15.791
1985-01-17,12.439
1985-01-18,8.562
1985-01-19,16.033
1985-01-20,4.191
1985-01-21,12.667
1985-01-22,11.547
1985-01-23,5.564
1985-01-24,4.076
1985-01-25,5.698
1985-01-26,13.272
1985-01-27,8.17
1985-01-28,12.503
1985-01-29,6.285
1985-01-30,7.558
1985-01-31,15.462
1985-02-01,11.549
1985-02-02,13.515
1985-02-03,11.128
1985-02-04,15.982
1985-02-05,16.25
1985-02-06,7.91
1985-02-07,10.464
1985-02-08,13.301
1985-02-09,16.41
1985-02-10,14.63
1985-02-11,12.735
1985-02-12,6.769
1985-02-13,5.326
1985-02-14,7.78
1985-02-15,16.384
1985-02-16,15.355
1985-02-17,8.626
1985-02-18,13.843
1985-02-19,14.091
1985-02-20,10.344
1985-02-21,15.15
1985-02-22,10.411
1985-02-23,15.052
1985-02-24,5.841
1985-02-25,7.108
1985-02-26,12.698
1985-02-27,7.579
1985-02-28,3.624
1985-03-01,12.603
1985-03-02,4.574
1985-03-03,13.939
1985-03-04,8.299
1985-03-05,14.869
1985-03-06,13.272
1985-03-07,5.281
1985-03-08,7.113
1985-03-09,6.497
1985-03-10,9.781
1985-03-11,12.451
1985-03-12,7.482
1985-03-13,13.738
1985-03-14,14.091
1985-03-15,15.231
1985-03-16,16.389
1985-03-17,14.848
1985-03-18,11.816
1985-03-19,11.659
1985-03-20,11.539
1985-03-21,6.91
1985-03-22,7.422
1985-03-23,4.379
1985-03-24,4.337
1985-03-25,8.533
1985-03-26,8.532
1985-03-27,3.98
1985-03-28,8.403
1985-03-29,8.567
1985-03-30,14.598
1985-03-31,14.501
1985-04-01,11.428
1985-04-02,12.04
1985-04-03,8.372
1985-04-04,9.39
1985-04-05,6.389
1985-04-06,14.919
1985-04-07,16.243
1985-04-08,11.894
1985-04-09,10.3
1985-04-10,11.149
1985-04-11,3.565
1985-04-12,6.693
1985-04-13,13.61
1985-04-14,7.976
1985-04-15,11.9
1985-04-16,12.041
1985-04-17,15.402
1985-04-18,12.142
1985-04-19,13.426
1985-04-20,13.084
1985-04-21,4.07
1985-04-22,7.752
1985-04-23,3.634
1985-04-24,10.544
1985-04-25,8.015
1985-04-26,7.783
1985-04-27,13.424
1985-04-28,3.481
1985-04-29,14.71
1985-04-30,11.988
1985-05-01,13.999
1985-05-02,9.882
1985-05-03,11.647
1985-05-04,11.489
1985-05-05,13.208
1985-05-06,4.619
1985-05-07,15.878
1985-05-08,12.786
1985-05-09,4.202
1985-05-10,9.692
1985-05-11,15.235
1985-05-12,13.205
1985-05-13,8.471
1985-05-14,4.222
1985-05-15,15.078
1985-05-16,12.004
1985-05-17,13.738
1985-05-18,15.025
1985-05-19,10.033
1985-05-20,5.652
1985-05-21,8.404
1985-05-22,8.159
1985-05-23,8.663
1985-05-24,13.176
1985-05-25,8.457
1985-05-26,16.225
1985-05-27,6.482
1985-05-28,11.06
1985-05-29,6.245
1985-05-30,14.407
1985-05-31,10.182
1985-06-01,11.298
1985-06-02,5.375
1985-06-03,10.536
1985-06-04,10.095
1985-06-05,12.383
1985-06-06,13.133
1985-06-07,13.933
1985-06-08,15.575
1985-06-09,7.706
1985-06-10,14.942
1985-06-11,12.213
1985-06-12,4.462
1985-06-13,16.151
1985-06-14,10.736
1985-06-15,15.986
1985-06-16,7.013
1985-06-17,8.709
1985-06-18,14.982
1985-06-19,7.266
1985-06-20,11.892
1985-06-21,11.464
1985-06-22,7.587
1985-06-23,6.334
1985-06-24,14.571
1985-06-25,14.906
1985-06-26,12.945
1985-06-27,3.389
1985-06-28,9.515
1985-06-29,4.539
1985-06-30,9.003
1985-07-01,14.28
1985-07-02,9.413
1985-07-03,10.394
1985-07-04,16.308
1985-07-05,3.534
1985-07-06,12.956
1985-07-07,3.984
1985-07-08,4.463
1985-07-09,5.029
1985-07-10,14.376
1985-07-11,13.527
1985-07-12,14.158
1985-07-13,8.485
1985-07-14,12.59
1985-07-15,8.181
1985-07-16,11.288
1985-07-17,7.503
1985-07-18,4.605
1985-07-19,4.842
1985-07-20,14.693
1985-07-21,14.979
1985-07-22,13.325
1985-07-23,11.201
1985-07-24,14.81
1985-07-25,14.02
1985-07-26,14.042
1985-07-27,9.19
1985-07-28,5.986
1985-07-29,15.955
1985-07-30,8.136
1985-07-31,6.031
1985-08-01,7.341
1985-08-02,3.393
1985-08-03,7.123
1985-08-04,7.04
1985-08-05,13.443
1985-08-06,7.498
1985-08-07,8.343
1985-08-08,14.823
1985-08-09,11.22
1985-08-10,6.747
1985-08-11,4.044
1985-08-12,16.314
1985-08-13,8.513
1985-08-14,3.627
1985-08-15,7.861
1985-08-16,9.034
1985-08-17,7.332
1985-08-18,8.45
1985-08-19,14.209
1985-08-20,5.025
1985-08-21,6.093
1985-08-22,8.175
1985-08-23,14.588
1985-08-24,11.345
1985-08-25,14.892
1985-08-26,6.196
1985-08-27,4.075
1985-08-28,4.454
1985-08-29,8.812
1985-08-30,12.78
1985-08-31,11.135
1985-09-01,15.311
1985-09-02,6.183
1985-09-03,9.457
1985-09-04,6.499
1985-09-05,5.004
1985-09-06,11.868
1985-09-07,11.791
1985-09-08,14.522
1985-09-09,8.078
1985-09-10,7.468
1985-09-11,4.378
1985-09-12,3.993
1985-09-13,12.138
1985-09-14,9.228
1985-09-15,10.775
1985-09-16,10.343
1985-09-17,10.905
1985-09-18,7.339
1985-09-19,4.166
1985-09-20,12.997
1985-09-21,11.148
1985-09-22,8.832
1985-09-23,12.51
1985-09-24,10.231
1985-09-25,12.067
1985-09-26,15.652
1985-09-27,9.379
1985-09-28,6.133
1985-09-29,14.589
1985-09-30,4.291
1985-10-01,5.56
1985-10-02,6.093
1985-10-03,11.776
1985-10-04,12.532
1985-10-05,14.085
1985-10-06,8.751
1985-10-07,11.391
1985-10-08,14.112
1985-10-09,8.267
1985-10-10,7.826
1985-10-11,9.828
1985-10-12,16.15
1985-10-13,5.084
1985-10-14,9.421
1985-10-15,12.052
1985-10-16,7.342
1985-10-17,15.236
1985-10-18,4.951
1985-10-19,4.272
1985-10-20,9.17
1985-10-21,12.573
1985-10-22,13.615
1985-10-23,12.685
1985-10-24,10.729
1985-10-25,5.097
1985-10-26,12.631
1985-10-27,15.244
1985-10-28,7.97
1985-10-29,13.193
1985-10-30,11.338
1985-10-31,11.963
1985-11-01,10.203
1985-11-02,3.642
1985-11-03,7.774
1985-11-04,11.223
1985-11-05,14.553
1985-11-06,4.946
1985-11-07,12.322
1985-11-08,11.114
1985-11-09,9.371
1985-11-10,5.214
1985-11-11,15.097
1985-11-12,15.32
1985-11-13,12.8
1985-11-14,13.451
1985-11-15,6.354
1985-11-16,11.255
1985-11-17,4.078
1985-11-18,15.965
1985-11-19,7.63
1985-11-20,13.246
1985-11-21,6.75
1985-11-22,8.251
1985-11-23,12.035
1985-11-24,6.554
1985-11-25,14.123
1985-11-26,13.774
1985-11-27,5.252
1985-11-28,13.691
1985-11-29,7.812
1985-11-30,5.227
1985-12-01,10.819
1985-12-02,11.965
1985-12-03,5.733
1985-12-04,12.853
1985-12-05,6.219
1985-12-06,10.744
1985-12-07,12.934
1985-12-08,10.76
1985-12-09,11.577
1985-12-10,6.941
1985-12-11,12.749
1985-12-12,4.043
1985-12-13,7.995
1985-12-14,8.679
1985-12-15,4.275
1985-12-16,15.378
1985-12-17,15.878
1985-12-18,13.807
1985-12-19,13.564
1985-12-20,15.149
1985-12-21,14.803
1985-12-22,13.794
1985-12-23,14.616
1985-12-24,16.25
1985-12-25,8.232
1985-12-26,11.321
1985-12-27,12.014
1985-12-28,6.037
1985-12-29,8.133
1985-12-30,7.276
1985-12-31,9.38
1986-01-01,10.101
1986-01-02,14.972
1986-01-03,12.755
1986-01-04,10.335
1986-01-05,5.888
1986-01-06,12.021
1986-01-07,14.8
1986-01-08,8.367
1986-01-09,5.123
1986-01-10,14.323
1986-01-11,5.039
1986-01-12,15.004
1986-01-13,16.243
1986-01-14,6.838
1986-01-15,3.932
1986-01-16,10.183
1986-01-17,6.521
1986-01-18,5.168
1986-01-19,4.573
1986-01-20,9.068
1986-01-21,9.218
1986-01-22,8.25
1986-01-23,5.955
1986-01-24,10.547
1986-01-25,6.936
1986-01-26,3.947
1986-01-27,12.416
1986-01-28,5.193
1986-01-29,9.889
1986-01-30,7.484
1986-01-31,10.53
1986-02-01,15.097
1986-02-02,9.664
1986-02-03,4.27
1986-02-04,5.502
1986-02-05,11.697
1986-02-06,4.808
1986-02-07,15.424
1986-02-08,9.375
1986-02-09,6.178
1986-02-10,11.158
1986-02-11,14.106
1986-02-12,4.414
1986-02-13,4.92
1986-02-14,4.396
1986-02-15,5.582
1986-02-16,12.406
1986-02-17,13.464
1986-02-18,13.851
1986-02-19,4.636
1986-02-20,14.812
1986-02-21,6.774
1986-02-22,15.72
1986-02-23,16.356
1986-02-24,10.203
1986-02-25,12.842
1986-02-26,12.876
1986-02-27,10.944
1986-02-28,11.788
1986-03-01,5.443
1986-03-02,13.738
1986-03-03,7.623
1986-03-04,7.662
1986-03-05,8.361
1986-03-06,10.971
1986-03-07,13.944
1986-03-08,7.714
1986-03-09,11.305
1986-03-10,12.879
1986-03-11,11.349
1986-03-12,6.786
1986-03-13,10.037
1986-03-14,4.109
1986-03-15,5.464
1986-03-16,5.019
1986-03-17,9.445
1986-03-18,15.92
1986-03-19,6.255
1986-03-20,7.277
1986-03-21,6.976
1986-03-22,14.998
1986-03-23,7.731
1986-03-24,15.392
1986-03-25,16.239
1986-03-26,7.692
1986-03-27,6.475
1986-03-28,15.064
1986-03-29,14.611
1986-03-30,14.747
1986-03-31,10.836
1986-04-01,6.036
1986-04-02,10.072
1986-04-03,10.19
1986-04-04,4.042
1986-04-05,13.57
1986-04-06,12.696
1986-04-07,8.839
1986-04-08,4.876
1986-04-09,12.496
1986-04-10,15.698
1986-04-11,6.232
1986-04-12,11.079
1986-04-13,14.319
1986-04-14,9.279
1986-04-15,15.059
1986-04-16,6.792
1986-04-17,7.363
1986-04-18,5.147
1986-04-19,14.593
1986-04-20,7.503
1986-04-21,16.165
1986-04-22,14.157
1986-04-23,4.156
1986-04-24,3.913
1986-04-25,9.496
1986-04-26,13.417
1986-04-27,6.455
1986-04-28,15.204
1986-04-29,4.981
1986-04-30,15.838
1986-05-01,12.621
1986-05-02,14.14
1986-05-03,9.598
1986-05-04,14.534
1986-05-05,7.071
1986-05-06,9.203
1986-05-07,15.025
1986-05-08,8.936
1986-05-09,14.625
1986-05-10,8.052
1986-05-11,6.168
1986-05-12,16.116
1986-05-13,6.302
1986-05-14,13.538
1986-05-15,9.559
1986-05-16,8.365
1986-05-17,6.174
1986-05-18,10.692
1986-05-19,7.405
1986-05-20,5.175
1986-05-21,7.724
1986-05-22,14.574
1986-05-23,9.143
1986-05-24,6.771
1986-05-25,10.949
1986-05-26,16.045
1986-05-27,10.683
1986-05-28,8.543
1986-05-29,16.07
1986-05-30,15.363
1986-05-31,12.842
1986-06-01,12.781
1986-06-02,12.559
1986-06-03,8.568
1986-06-04,7.559
1986-06-05,10.619
1986-06-06,4.044
1986-06-07,5.567
1986-06-08,10.84
1986-06-09,4.255
1986-06-10,4.583
1986-06-11,5.35
1986-06-12,10.142
1986-06-13,3.51
1986-06-14,7.487
1986-06-15,8.244
1986-06-16,3.402
1986-06-17,5.23
1986-06-18,15.416
1986-06-19,15.847
1986-06-20,5.678
1986-06-21,3.582
1986-06-22,10.954
1986-06-23,13.063
1986-06-24,4.371
1986-06-25,5.768
1986-06-26,12.787
1986-06-27,13.503
1986-06-28,9.604
1986-06-29,14.923
1986-06-30,13.11
1986-07-01,11.643
1986-07-02,12.561
1986-07-03,7.11
1986-07-04,15.114
1986-07-05,11.742
1986-07-06,4.611
1986-07-07,15.952
1986-07-08,11.309
1986-07-09,16.174
1986-07-10,8.447
1986-07-11,10.367
1986-07-12,14.135
1986-07-13,13.687
1986-07-14,13.88
1986-07-15,14.251
1986-07-16,9.629
1986-07-17,15.89
1986-07-18,10.179
1986-07-19,8.214
1986-07-20,5.876
1986-07-21,8.531
1986-07-22,7.144
1986-07-23,7.898
1986-07-24,10.251
1986-07-25,13.033
1986-07-26,7.567
1986-07-27,13.772
1986-07-28,4.311
1986-07-29,9.395
1986-07-30,6.727
1986-07-31,8.475
1986-08-01,14.459
1986-08-02,8.091
1986-08-03,5.265
1986-08-04,13.502
1986-08-05,4.115
1986-08-06,8.449
1986-08-07,13.72
1986-08-08,8.044
1986-08-09,15.368
1986-08-10,5.293
1986-08-11,10.109
1986-08-12,13.445
1986-08-13,12.815
1986-08-14,15.461
1986-08-15,14.19
1986-08-16,10.071
1986-08-17,13.729
1986-08-18,9.143
1986-08-19,12.392
1986-08-20,13.833
1986-08-21,12.949
1986-08-22,6.974
1986-08-23,11.808
1986-08-24,13.112
1986-08-25,10.338
1986-08-26,8.149
1986-08-27,4.811
1986-08-28,4.857
1986-08-29,5.86
1986-08-30,3.384
1986-08-31,15.934
1986-09-01,13.306
1986-09-02,14.861
1986-09-03,6.327
1986-09-04,12.206
1986-09-05,9.864
1986-09-06,15.359
1986-09-07,13.712
1986-09-08,7.301
1986-09-09,5.686
1986-09-10,13.287
1986-09-11,4.527
1986-09-12,10.748
1986-09-13,6.437
1986-09-14,6.111
1986-09-15,14.529
1986-09-16,13.914
1986-09-17,11.003
1986-09-18,7.128
1986-09-19,3.464
1986-09-20,3.489
1986-09-21,15.835
1986-09-22,11.389
1986-09-23,15.544
1986-09-24,12.768
1986-09-25,11.015
1986-09-26,12.692
1986-09-27,11.108
1986-09-28,8.012
1986-09-29,12.035
1986-09-30,13.405
1986-10-01,3.583
1986-10-02,15.46
1986-10-03,9.707
1986-10-04,10.829
1986-10-05,14.762
1986-10-06,12.994
1986-10-07,3.453
1986-10-08,12.195
1986-10-09,10.141
1986-10-10,10.356
1986-10-11,14.902
1986-10-12,4.852
1986-10-13,10.0
1986-10-14,8.164
1986-10-15,14.858
1986-10-16,8.613
1986-10-17,14.19
1986-10-18,4.289
1986-10-19,14.26
1986-10-20,10.841
1986-10-21,10.468
1986-10-22,4.872
1986-10-23,8.329
1986-10-24,9.573
1986-10-25,3.821
1986-10-26,7.459
1986-10-27,9.205
1986-10-28,8.592
1986-10-29,7.739
1986-10-30,16.393
1986-10-31,12.03
1986-11-01,15.226
1986-11-02,10.043
1986-11-03,7.228
1986-11-04,5.811
1986-11-05,9.861
1986-11-06,9.074
1986-11-07,6.608
1986-11-08,12.796
1986-11-09,4.284
1986-11-10,11.606
1986-11-11,13.62
1986-11-12,16.18
1986-11-13,6.659
1986-11-14,16.371
1986-11-15,7.92
1986-11-16,10.439
1986-11-17,11.085
1986-11-18,7.549
1986-11-19,11.167
1986-11-20,11.696
1986-11-21,5.407
1986-11-22,12.284
1986-11-23,13.642
1986-11-24,14.862
1986-11-25,15.675
1986-11-26,3.585
1986-11-27,5.691
1986-11-28,11.221
1986-11-29,9.122
1986-11-30,7.067
1986-12-01,7.149
1986-12-02,14.968
1986-12-03,10.971
1986-12-04,8.953
1986-12-05,9.294
1986-12-06,7.876
1986-12-07,15.936
1986-12-08,13.728
1986-12-09,7.091
1986-12-10,12.746
1986-12-11,10.81
1986-12-12,8.027
1986-12-13,6.004
1986-12-14,6.34
1986-12-15,6.997
1986-12-16,8.913
1986-12-17,5.185
1986-12-18,15.014
1986-12-19,15.178
1986-12-20,4.722
1986-12-21,5.68
1986-12-22,12.183
1986-12-23,11.151
1986-12-24,7.237
1986-12-25,13.967
1986-12-26,6.467
1986-12-27,4.707
1986-12-28,3.487
1986-12-29,15.519
1986-12-30,4.383
1986-12-31,10.111
1987-01-01,10.13
1987-01-02,7.388
1987-01-03,8.021
1987-01-04,10.734
1987-01-05,16.177
1987-01-06,12.979
1987-01-07,6.208
1987-01-08,8.785
1987-01-09,5.27
1987-01-10,10.75
1987-01-11,3.535
1987-01-12,15.892
1987-01-13,13.806
1987-01-14,13.623
1987-01-15,12.13
1987-01-16,14.208
1987-01-17,11.949
1987-01-18,13.859
1987-01-19,14.299
1987-01-20,7.756
1987-01-21,15.388
1987-01-22,6.711
1987-01-23,3.654
1987-01-24,10.262
1987-01-25,11.892
1987-01-26,6.129
1987-01-27,7.047
1987-01-28,3.555
1987-01-29,9.983
1987-01-30,10.874
1987-01-31,14.784
1987-02-01,13.303
1987-02-02,11.747
1987-02-03,16.138
1987-02-04,4.404
1987-02-05,13.35
1987-02-06,4.107
1987-02-07,6.724
1987-02-08,3.783
1987-02-09,12.049
1987-02-10,15.766
1987-02-11,12.865
1987-02-12,13.563
1987-02-13,3.57
1987-02-14,10.613
1987-02-15,5.659
1987-02-16,14.777
1987-02-17,3.771
1987-02-18,5.271
1987-02-19,9.135
1987-02-20,15.469
1987-02-21,4.167
1987-02-22,12.754
1987-02-23,15.924
1987-02-24,10.767
1987-02-25,10.944
1987-02-26,7.857
1987-02-27,12.44
1987-02-28,3.644
1987-03-01,12.694
1987-03-02,5.817
1987-03-03,14.445
1987-03-04,13.518
1987-03-05,15.6
1987-03-06,7.462
1987-03-07,6.359
1987-03-08,13.108
1987-03-09,8.248
1987-03-10,3.361
1987-03-11,10.18
1987-03-12,9.858
1987-03-13,6.402
1987-03-14,13.319
1987-03-15,13.749
1987-03-16,9.222
1987-03-17,4.255
1987-03-18,12.393
1987-03-19,16.023
1987-03-20,13.288
1987-03-21,9.78
1987-03-22,7.939
1987-03-23,7.35
1987-03-24,16.164
1987-03-25,14.03
1987-03-26,4.757
1987-03-27,5.612
1987-03-28,10.762
1987-03-29,14.586
1987-03-30,14.447
1987-03-31,12.171
1987-04-01,5.198
1987-04-02,11.632
1987-04-03,5.236
1987-04-04,5.787
1987-04-05,8.766
1987-04-06,4.14
1987-04-07,13.014
1987-04-08,3.785
1987-04-09,13.146
1987-04-10,8.56
1987-04-11,3.803
1987-04-12,13.383
1987-04-13,6.874
1987-04-14,6.796
1987-04-15,5.55
1987-04-16,4.66
1987-04-17,3.912
1987-04-18,11.299
1987-04-19,11.451
1987-04-20,8.297
1987-04-21,5.844
1987-04-22,15.422
1987-04-23,14.483
1987-04-24,15.013
1987-04-25,7.555
1987-04-26,4.465
1987-04-27,3.551
1987-04-28,7.203
1987-04-29,13.904
1987-04-30,7.568
1987-05-01,11.616
1987-05-02,8.166
1987-05-03,8.934
1987-05-04,7.003
1987-05-05,14.675
1987-05-06,14.995
1987-05-07,14.734
1987-05-08,4.341
1987-05-09,10.596
1987-05-10,4.807
1987-05-11,15.939
1987-05-12,14.677
1987-05-13,12.797
1987-05-14,11.307
1987-05-15,9.075
1987-05-16,9.43
1987-05-17,3.532
1987-05-18,16.365
1987-05-19,14.389
1987-05-20,11.713
1987-05-21,13.657
1987-05-22,14.429
1987-05-23,4.496
1987-05-24,5.012
1987-05-25,11.352
1987-05-26,15.428
1987-05-27,7.432
1987-05-28,3.74
1987-05-29,9.556
1987-05-30,8.262
1987-05-31,3.731
1987-06-01,6.663
1987-06-02,5.11
1987-06-03,14.833
1987-06-04,10.943
1987-06-05,11.892
1987-06-06,5.798
1987-06-07,3.35
1987-06-08,8.729
1987-06-09,4.607
1987-06-10,7.992
1987-06-11,15.518
1987-06-12,14.743
1987-06-13,12.449
1987-06-14,13.585
1987-06-15,9.947
1987-06-16,9.919
1987-06-17,3.42
1987-06-18,14.045
1987-06-19,7.753
1987-06-20,8.543
1987-06-21,13.149
1987-06-22,12.889
1987-06-23,5.069
1987-06-24,6.06
1987-06-25,14.562
1987-06-26,5.865
1987-06-27,11.331
1987-06-28,9.938
1987-06-29,9.812
1987-06-30,15.738
1987-07-01,13.686
1987-07-02,14.368
1987-07-03,16.151
1987-07-04,3.96
1987-07-05,10.163
1987-07-06,13.933
1987-07-07,12.417
1987-07-08,10.967
1987-07-09,4.454
1987-07-10,15.57
1987-07-11,12.652
1987-07-12,7.122
1987-07-13,4.968
1987-07-14,14.486
1987-07-15,13.373
1987-07-16,14.432
1987-07-17,9.177
1987-07-18,8.075
1987-07-19,6.277
1987-07-20,4.109
1987-07-21,15.92
1987-07-22,3.701
1987-07-23,4.427
1987-07-24,10.312
1987-07-25,8.709
1987-07-26,9.4
1987-07-27,6.672
1987-07-28,15.056
1987-07-29,4.114
1987-07-30,7.576
1987-07-31,14.494
1987-08-01,6.473
1987-08-02,4.299
1987-08-03,16.294
1987-08-04,15.069
1987-08-05,16.146
1987-08-06,10.695
1987-08-07,4.988
1987-08-08,15.024
1987-08-09,12.942
1987-08-10,15.997
1987-08-11,3.618
1987-08-12,14.973
1987-08-13,4.138
1987-08-14,13.486
1987-08-15,8.055
1987-08-16,4.748
1987-08-17,15.818
1987-08-18,3.864
1987-08-19,15.29
1987-08-20,8.272
1987-08-21,5.139
1987-08-22,4.247
1987-08-23,7.439
1987-08-24,7.124
1987-08-25,8.052
1987-08-26,8.44
1987-08-27,15.911
1987-08-28,6.997
1987-08-29,3.435
1987-08-30,6.834
1987-08-31,8.749
1987-09-01,7.245
1987-09-02,3.623
1987-09-03,12.551
1987-09-04,4.752
1987-09-05,5.538
1987-09-06,5.973
1987-09-07,16.158
1987-09-08,14.151
1987-09-09,7.152
1987-09-10,13.054
1987-09-11,10.21
1987-09-12,5.555
1987-09-13,4.884
1987-09-14,4.971
1987-09-15,7.197
1987-09-16,10.233
1987-09-17,5.629
1987-09-18,11.551
1987-09-19,13.741
1987-09-20,5.192
1987-09-21,4.624
1987-09-22,14.081
1987-09-23,4.391
1987-09-24,10.519
1987-09-25,8.63
1987-09-26,11.662
1987-09-27,13.803
1987-09-28,6.73
1987-09-29,8.434
1987-09-30,4.79
1987-10-01,6.076
1987-10-02,14.48
1987-10-03,4.592
1987-10-04,13.823
1987-10-05,14.6
1987-10-06,12.346
1987-10-07,12.294
1987-10-08,14.612
1987-10-09,12.154
1987-10-10,16.351
1987-10-11,6.925
1987-10-12,7.557
1987-10-13,7.389
1987-10-14,14.451
1987-10-15,12.749
1987-10-16,4.455
1987-10-17,8.707
1987-10-18,6.789
1987-10-19,4.908
1987-10-20,14.278
1987-10-21,9.129
1987-10-22,13.665
1987-10-23,10.344
1987-10-24,3.452
1987-10-25,10.769
1987-10-26,7.601
1987-10-27,10.198
1987-10-28,13.303
1987-10-29,14.682
1987-10-30,5.366
1987-10-31,15.004
1987-11-01,11.391
1987-11-02,12.598
1987-11-03,6.112
1987-11-04,4.098
1987-11-05,4.447
1987-11-06,4.799
1987-11-07,15.726
1987-11-08,6.829
1987-11-09,6.906
1987-11-10,4.124
1987-11-11,5.676
1987-11-12,11.709
1987-11-13,5.209
1987-11-14,14.567
1987-11-15,13.689
1987-11-16,15.987
1987-11-17,11.76
1987-11-18,9.095
1987-11-19,5.949
1987-11-20,9.091
1987-11-21,14.023
1987-11-22,11.786
1987-11-23,12.511
1987-11-24,10.873
1987-11-25,12.718
1987-11-26,10.247
1987-11-27,10.458
1987-11-28,4.033
1987-11-29,15.204
1987-11-30,9.71
1987-12-01,6.907
1987-12-02,13.311
1987-12-03,14.173
1987-12-04,9.876
1987-12-05,5.276
1987-12-06,6.978
1987-12-07,5.481
1987-12-08,10.282
1987-12-09,5.107
1987-12-10,4.173
1987-12-11,13.332
1987-12-12,13.037
1987-12-13,11.536
1987-12-14,9.589
1987-12-15,15.806
1987-12-16,14.445
1987-12-17,15.223
1987-12-18,16.328
1987-12-19,13.808
1987-12-20,13.183
1987-12-21,11.198
1987-12-22,5.601
1987-12-23,5.92
1987-12-24,4.445
1987-12-25,12.039
1987-12-26,9.379
1987-12-27,15.91
1987-12-28,7.07
1987-12-29,5.978
1987-12-30,14.509
1987-12-31,4.877
1988-01-01,13.744
1988-01-02,5.81
1988-01-03,3.484
1988-01-04,5.5
1988-01-05,10.604
1988-01-06,12.478
1988-01-07,8.075
1988-01-08,4.298
1988-01-09,6.931
1988-01-10,13.854
1988-01-11,6.134
1988-01-12,3.477
1988-01-13,15.16
1988-01-14,13.211
1988-01-15,13.752
1988-01-16,11.843
1988-01-17,4.781
1988-01-18,8.081
1988-01-19,13.762
1988-01-20,12.169
1988-01-21,4.212
1988-01-22,16.305
1988-01-23,16.147
1988-01-24,11.133
1988-01-25,15.218
1988-01-26,7.198
1988-01-27,4.843
1988-01-28,13.39
1988-01-29,13.98
1988-01-30,15.627
1988-01-31,10.372
1988-02-01,4.834
1988-02-02,8.89
1988-02-03,11.165
1988-02-04,3.843
1988-02-05,6.61
1988-02-06,5.509
1988-02-07,15.996
1988-02-08,9.554
1988-02-09,11.184
1988-02-10,11.73
1988-02-11,9.654
1988-02-12,4.17
1988-02-13,8.703
1988-02-14,15.031
1988-02-15,14.453
1988-02-16,4.515
1988-02-17,5.008
1988-02-18,9.388
1988-02-19,4.259
1988-02-20,10.861
1988-02-21,13.323
1988-02-22,3.997
1988-02-23,12.843
1988-02-24,15.529
1988-02-25,5.059
1988-02-26,4.235
1988-02-27,8.596
1988-02-28,15.19
1988-02-29,9.261
1988-03-01,13.707
1988-03-02,15.173
1988-03-03,6.224
1988-03-04,12.627
1988-03-05,11.708
1988-03-06,10.167
1988-03-07,6.424
1988-03-08,4.565
1988-03-09,6.475
1988-03-10,11.745
1988-03-11,8.226
1988-03-12,4.571
1988-03-13,12.226
1988-03-14,8.323
1988-03-15,13.573
1988-03-16,14.698
1988-03-17,14.652
1988-03-18,16.309
1988-03-19,16.347
1988-03-20,15.527
1988-03-21,3.65
1988-03-22,7.59
1988-03-23,7.915
1988-03-24,16.406
1988-03-25,7.459
1988-03-26,5.054
1988-03-27,4.126
1988-03-28,11.924
1988-03-29,5.415
1988-03-30,12.606
1988-03-31,4.495
1988-04-01,8.352
1988-04-02,9.289
1988-04-03,5.901
1988-04-04,13.554
1988-04-05,15.206
1988-04-06,8.345
1988-04-07,3.371
1988-04-08,6.909
1988-04-09,8.482
1988-04-10,6.645
1988-04-11,5.49
1988-04-12,15.837
1988-04-13,14.531
1988-04-14,9.634
1988-04-15,11.559
1988-04-16,9.673
1988-04-17,4.793
1988-04-18,9.137
1988-04-19,5.067
1988-04-20,15.591
1988-04-21,7.988
1988-04-22,11.318
1988-04-23,10.86
1988-04-24,5.803
1988-04-25,4.262
1988-04-26,4.14
1988-04-27,15.71
1988-04-28,14.97
1988-04-29,14.691
1988-04-30,9.767
1988-05-01,15.294
1988-05-02,11.46
1988-05-03,6.495
1988-05-04,13.959
1988-05-05,4.293
1988-05-06,12.077
1988-05-07,8.873
1988-05-08,6.374
1988-05-09,14.78
1988-05-10,13.318
1988-05-11,7.741
1988-05-12,14.716
1988-05-13,15.129
1988-05-14,12.947
1988-05-15,11.275
1988-05-16,9.889
1988-05-17,8.273
1988-05-18,6.426
1988-05-19,9.803
1988-05-20,12.836
1988-05-21,7.321
1988-05-22,16.211
1988-05-23,8.903
1988-05-24,9.554
1988-05-25,12.928
1988-05-26,6.164
1988-05-27,6.37
1988-05-28,7.644
1988-05-29,15.653
1988-05-30,9.918
1988-05-31,15.291
1988-06-01,6.079
1988-06-02,8.974
1988-06-03,14.442
1988-06-04,15.69
1988-06-05,6.981
1988-06-06,13.695
1988-06-07,8.241
1988-06-08,14.585
1988-06-09,9.64
1988-06-10,4.68
1988-06-11,13.263
1988-06-12,13.439
1988-06-13,13.734
1988-06-14,9.75
1988-06-15,10.461
1988-06-16,9.228
1988-06-17,10.325
1988-06-18,15.203
1988-06-19,10.947
1988-06-20,11.563
1988-06-21,9.744
1988-06-22,11.866
1988-06-23,4.544
1988-06-24,8.635
1988-06-25,13.744
1988-06-26,15.554
1988-06-27,6.773
1988-06-28,8.775
1988-06-29,9.537
1988-06-30,11.613
1988-07-01,11.04
1988-07-02,11.901
1988-07-03,14.18
1988-07-04,13.32
1988-07-05,6.048
1988-07-06,5.878
1988-07-07,5.875
1988-07-08,14.279
1988-07-09,4.475
1988-07-10,8.226
1988-07-11,7.296
1988-07-12,9.775
1988-07-13,14.12
1988-07-14,12.284
1988-07-15,4.772
1988-07-16,8.488
1988-07-17,10.233
1988-07-18,14.645
1988-07-19,8.585
1988-07-20,10.584
1988-07-21,9.067
1988-07-22,9.657
1988-07-23,15.541
1988-07-24,9.616
1988-07-25,4.102
1988-07-26,5.959
1988-07-27,13.246
1988-07-28,9.201
1988-07-29,10.011
1988-07-30,8.512
1988-07-31,6.267
1988-08-01,4.905
1988-08-02,13.601
1988-08-03,3.417
1988-08-04,14.769
1988-08-05,11.875
1988-08-06,14.867
1988-08-07,10.637
1988-08-08,13.001
1988-08-09,12.525
1988-08-10,4.12
1988-08-11,14.004
1988-08-12,12.051
1988-08-13,8.611
1988-08-14,16.358
1988-08-15,13.7
1988-08-16,12.172
1988-08-17,14.365
1988-08-18,10.061
1988-08-19,6.392
1988-08-20,11.171
1988-08-21,12.33
1988-08-22,4.974
1988-08-23,11.293
1988-08-24,10.07
1988-08-25,8.293
1988-08-26,14.143
1988-08-27,5.384
1988-08-28,16.121
1988-08-29,4.304
1988-08-30,8.177
1988-08-31,9.098
1988-09-01,3.488
1988-09-02,15.883
1988-09-03,15.585
1988-09-04,12.734
1988-09-05,8.507
1988-09-06,11.471
1988-09-07,5.308
1988-09-08,9.075
1988-09-09,6.475
1988-09-10,4.094
1988-09-11,11.79
1988-09-12,9.905
1988-09-13,9.187
1988-09-14,5.953
1988-09-15,10.158
1988-09-16,4.325
1988-09-17,12.666
1988-09-18,11.621
1988-09-19,4.58
1988-09-20,12.938
1988-09-21,4.021
1988-09-22,3.749
1988-09-23,11.033
1988-09-24,15.436
1988-09-25,14.891
1988-09-26,16.169
1988-09-27,9.439
1988-09-28,3.444
1988-09-29,11.164
1988-09-30,13.052
1988-10-01,14.549
1988-10-02,9.285
1988-10-03,13.732
1988-10-04,4.034
1988-10-05,14.143
1988-10-06,7.711
1988-10-07,16.211
1988-10-08,13.271
1988-10-09,15.815
1988-10-10,6.236
1988-10-11,15.997
1988-10-12,13.956
1988-10-13,13.819
1988-10-14,9.708
1988-10-15,13.73
1988-10-16,14.622
1988-10-17,6.218
1988-10-18,11.987
1988-10-19,8.281
1988-10-20,9.796
1988-10-21,13.517
1988-10-22,14.543
1988-10-23,3.368
1988-10-24,13.011
1988-10-25,13.969
1988-10-26,13.992
1988-10-27,15.717
1988-10-28,11.954
1988-10-29,13.135
1988-10-30,4.986
1988-10-31,13.561
1988-11-01,10.942
1988-11-02,8.286
1988-11-03,13.223
1988-11-04,11.521
1988-11-05,5.871
1988-11-06,5.78
1988-11-07,3.398
1988-11-08,14.83
1988-11-09,10.982
1988-11-10,7.342
1988-11-11,11.697
1988-11-12,6.109
1988-11-13,8.976
1988-11-14,15.154
1988-11-15,8.581
1988-11-16,11.111
1988-11-17,5.998
1988-11-18,7.026
1988-11-19,9.723
1988-11-20,7.427
1988-11-21,10.966
1988-11-22,4.615
1988-11-23,4.968
1988-11-24,14.304
1988-11-25,15.047
1988-11-26,8.327
1988-11-27,8.608
1988-11-28,4.481
1988-11-29,10.283
1988-11-30,11.431
1988-12-01,16.403
1988-12-02,8.371
1988-12-03,4.44
1988-12-04,11.349
1988-12-05,15.441
1988-12-06,4.505
1988-12-07,13.157
1988-12-08,11.41
1988-12-09,3.65
1988-12-10,11.789
1988-12-11,9.75
1988-12-12,10.76
1988-12-13,13.897
1988-12-14,11.239
1988-12-15,12.669
1988-12-16,9.088
1988-12-17,5.907
1988-12-18,10.832
1988-12-19,14.179
1988-12-20,15.982
1988-12-21,6.726
1988-12-22,12.489
1988-12-23,10.656
1988-12-24,7.372
1988-12-25,15.382
1988-12-26,11.928
1988-12-27,8.986
1988-12-28,11.182
1988-12-29,8.532
1988-12-30,13.711
1988-12-31,6.232
1989-01-01,7.344
1989-01-02,5.085
1989-01-03,12.339
1989-01-04,12.163
1989-01-05,4.481
1989-01-06,7.598
1989-01-07,15.638
1989-01-08,9.118
1989-01-09,4.056
1989-01-10,11.392
1989-01-11,11.061
1989-01-12,9.981
1989-01-13,12.13
1989-01-14,12.9
1989-01-15,5.074
1989-01-16,6.298
1989-01-17,14.507
1989-01-18,11.865
1989-01-19,16.155
1989-01-20,7.292
1989-01-21,5.66
1989-01-22,8.404
1989-01-23,6.435
1989-01-24,7.741
1989-01-25,14.99
1989-01-26,10.262
1989-01-27,10.247
1989-01-28,13.415
1989-01-29,8.382
1989-01-30,7.086
1989-01-31,15.154
1989-02-01,12.974
1989-02-02,16.404
1989-02-03,13.322
1989-02-04,7.236
1989-02-05,13.502
1989-02-06,5.133
1989-02-07,14.916
1989-02-08,3.802
1989-02-09,3.758
1989-02-10,3.872
1989-02-11,5.077
1989-02-12,5.561
1989-02-13,15.168
1989-02-14,9.174
1989-02-15,10.048
1989-02-16,3.82
1989-02-17,5.998
1989-02-18,3.997
1989-02-19,6.373
1989-02-20,4.717
1989-02-21,11.936
1989-02-22,6.629
1989-02-23,11.808
1989-02-24,15.698
1989-02-25,8.295
1989-02-26,5.184
1989-02-27,5.292
1989-02-28,6.853
1989-03-01,15.377
1989-03-02,11.714
1989-03-03,9.354
1989-03-04,7.784
1989-03-05,12.978
1989-03-06,11.959
1989-03-07,8.072
1989-03-08,7.944
1989-03-09,13.391
1989-03-10,8.325
1989-03-11,8.058
1989-03-12,11.274
1989-03-13,12.223
1989-03-14,11.792
1989-03-15,16.216
1989-03-16,15.639
1989-03-17,11.317
1989-03-18,14.753
1989-03-19,14.093
1989-03-20,5.371
1989-03-21,10.404
1989-03-22,9.167
1989-03-23,12.349
1989-03-24,13.853
1989-03-25,15.271
1989-03-26,8.206
1989-03-27,6.739
1989-03-28,11.762
1989-03-29,13.361
1989-03-30,14.683
1989-03-31,8.347
1989-04-01,4.039
1989-04-02,5.184
1989-04-03,6.568
1989-04-04,15.191
1989-04-05,15.733
1989-04-06,13.101
1989-04-07,10.118
1989-04-08,3.849
1989-04-09,16.001
1989-04-10,15.948
1989-04-11,11.416
1989-04-12,6.731
1989-04-13,6.091
1989-04-14,5.281
1989-04-15,5.411
1989-04-16,15.409
1989-04-17,11.344
1989-04-18,11.685
1989-04-19,6.705
1989-04-20,3.756
1989-04-21,10.032
1989-04-22,7.927
1989-04-23,8.899
1989-04-24,15.808
1989-04-25,8.317
1989-04-26,9.209
1989-04-27,15.801
1989-04-28,5.753
1989-04-29,14.481
1989-04-30,14.034
1989-05-01,13.629
1989-05-02,14.544
1989-05-03,3.46
1989-05-04,14.165
1989-05-05,3.694
1989-05-06,4.989
1989-05-07,12.757
1989-05-08,7.225
1989-05-09,10.817
1989-05-10,6.103
1989-05-11,14.358
1989-05-12,13.967
1989-05-13,5.958
1989-05-14,14.688
1989-05-15,7.5
1989-05-16,6.882
1989-05-17,15.917
1989-05-18,4.468
1989-05-19,11.745
1989-05-20,8.623
1989-05-21,10.199
1989-05-22,4.93
1989-05-23,7.239
1989-05-24,5.632
1989-05-25,8.451
1989-05-26,3.501
1989-05-27,10.272
1989-05-28,13.281
1989-05-29,14.296
1989-05-30,14.933
1989-05-31,4.969
1989-06-01,15.957
1989-06-02,8.269
1989-06-03,12.203
1989-06-04,14.4
1989-06-05,10.673
1989-06-06,8.122
1989-06-07,6.309
1989-06-08,10.155
1989-06-09,5.736
1989-06-10,11.506
1989-06-11,5.488
1989-06-12,7.139
1989-06-13,12.768
1989-06-14,3.471
1989-06-15,12.733
1989-06-16,10.799
1989-06-17,9.945
1989-06-18,15.176
1989-06-19,11.745
1989-06-20,6.831
1989-06-21,6.567
1989-06-22,3.431
1989-06-23,8.429
1989-06-24,3.729
1989-06-25,9.736
1989-06-26,6.635
1989-06-27,11.501
1989-06-28,14.582
1989-06-29,14.967
1989-06-30,6.482
1989-07-01,15.175
1989-07-02,12.081
1989-07-03,5.354
1989-07-04,3.909
1989-07-05,8.141
1989-07-06,9.689
1989-07-07,7.939
1989-07-08,10.717
1989-07-09,14.572
1989-07-10,5.162
1989-07-11,12.73
1989-07-12,11.418
1989-07-13,3.847
1989-07-14,3.828
1989-07-15,4.639
1989-07-16,12.891
1989-07-17,12.743
1989-07-18,13.255
1989-07-19,7.086
1989-07-20,13.269
1989-07-21,7.658
1989-07-22,5.77
1989-07-23,12.104
1989-07-24,7.077
1989-07-25,7.469
1989-07-26,5.247
1989-07-27,5.237
1989-07-28,15.423
1989-07-29,6.061
1989-07-30,9.863
1989-07-31,6.236
1989-08-01,3.87
1989-08-02,7.622
1989-08-03,13.144
1989-08-04,13.078
1989-08-05,15.245
1989-08-06,6.665
1989-08-07,15.487
1989-08-08,9.922
1989-08-09,13.974
1989-08-10,13.53
1989-08-11,12.794
1989-08-12,8.737
1989-08-13,10.956
1989-08-14,14.357
1989-08-15,15.407
1989-08-16,10.783
1989-08-17,3.753
1989-08-18,10.556
1989-08-19,8.304
1989-08-20,10.973
1989-08-21,13.756
1989-08-22,7.951
1989-08-23,13.073
1989-08-24,11.229
1989-08-25,8.507
1989-08-26,11.85
1989-08-27,3.635
1989-08-28,11.345
1989-08-29,16.338
1989-08-30,11.228
1989-08-31,8.849
1989-09-01,4.537
1989-09-02,14.865
1989-09-03,4.791
1989-09-04,10.78
1989-09-05,10.551
1989-09-06,9.365
1989-09-07,12.666
1989-09-08,13.865
1989-09-09,7.736
1989-09-10,3.726
1989-09-11,13.821
1989-09-12,9.095
1989-09-13,11.255
1989-09-14,4.383
1989-09-15,9.825
1989-09-16,13.101
1989-09-17,13.555
1989-09-18,7.025
1989-09-19,5.461
1989-09-20,3.965
1989-09-21,15.247
1989-09-22,15.0
1989-09-23,5.657
1989-09-24,15.074
1989-09-25,9.234
1989-09-26,9.244
1989-09-27,12.336
1989-09-28,8.56
1989-09-29,13.187
1989-09-30,8.359
1989-10-01,6.733
1989-10-02,3.747
1989-10-03,3.787
1989-10-04,11.508
1989-10-05,4.652
1989-10-06,8.854
1989-10-07,4.086
1989-10-08,3.853
1989-10-09,12.262
1989-10-10,12.056
1989-10-11,7.776
1989-10-12,5.558
1989-10-13,6.211
1989-10-14,5.05
1989-10-15,11.382
1989-10-16,7.582
1989-10-17,14.215
1989-10-18,10.241
1989-10-19,16.283
1989-10-20,12.198
1989-10-21,6.103
1989-10-22,12.95
1989-10-23,7.87
1989-10-24,10.29
1989-10-25,10.877
1989-10-26,10.495
1989-10-27,14.542
1989-10-28,15.301
1989-10-29,6.562
1989-10-30,15.775
1989-10-31,10.651
1989-11-01,16.08
1989-11-02,7.091
1989-11-03,14.463
1989-11-04,5.927
1989-11-05,12.46
1989-11-06,10.896
1989-11-07,7.125
1989-11-08,12.024
1989-11-09,6.05
1989-11-10,14.187
1989-11-11,10.568
1989-11-12,13.557
1989-11-13,15.566
1989-11-14,9.975
1989-11-15,8.898
1989-11-16,5.814
1989-11-17,8.141
1989-11-18,15.562
1989-11-19,10.635
1989-11-20,11.817
1989-11-21,16.408
1989-11-22,14.907
1989-11-23,12.407
1989-11-24,14.499
1989-11-25,14.081
1989-11-26,10.994
1989-11-27,4.024
1989-11-28,14.008
1989-11-29,13.901
1989-11-30,15.553
1989-12-01,8.699
1989-12-02,11.083
1989-12-03,15.211
1989-12-04,3.741
1989-12-05,3.705
1989-12-06,15.273
1989-12-07,5.538
1989-12-08,11.018
1989-12-09,10.402
1989-12-10,4.885
1989-12-11,4.07
1989-12-12,16.224
1989-12-13,15.519
1989-12-14,7.31
1989-12-15,8.088
1989-12-16,3.563
1989-12-17,6.467
1989-12-18,15.193
1989-12-19,10.601
1989-12-20,15.064
1989-12-21,12.508
1989-12-22,16.086
1989-12-23,8.472
1989-12-24,10.238
1989-12-25,15.398
1989-12-26,5.699
1989-12-27,4.839
1989-12-28,11.582
1989-12-29,4.956
1989-12-30,7.135
1989-12-31,9.314
1990-01-01,7.341
1990-01-02,12.52
1990-01-03,15.777
1990-01-04,13.671
1990-01-05,11.911
1990-01-06,12.431
1990-01-07,9.58
1990-01-08,14.881
1990-01-09,14.649
1990-01-10,4.979
1990-01-11,14.057
1990-01-12,5.505
1990-01-13,16.141
1990-01-14,13.286
1990-01-15,5.223
1990-01-16,5.172
1990-01-17,11.948
1990-01-18,10.371
1990-01-19,7.593
1990-01-20,10.121
1990-01-21,4.301
1990-01-22,15.552
1990-01-23,15.489
1990-01-24,8.764
1990-01-25,15.001
1990-01-26,8.857
1990-01-27,6.871
1990-01-28,9.412
1990-01-29,5.205
1990-01-30,8.604
1990-01-31,13.283
1990-02-01,15.714
1990-02-02,14.46
1990-02-03,4.69
1990-02-04,10.115
1990-02-05,5.287
1990-02-06,13.517
1990-02-07,11.68
1990-02-08,13.079
1990-02-09,8.952
1990-02-10,6.051
1990-02-11,5.781
1990-02-12,16.254
1990-02-13,15.106
1990-02-14,10.382
1990-02-15,3.74
1990-02-16,9.435
1990-02-17,11.767
1990-02-18,14.197
1990-02-19,9.153
1990-02-20,4.932
1990-02-21,6.4
1990-02-22,10.921
1990-02-23,14.703
1990-02-24,6.21
1990-02-25,9.792
1990-02-26,8.335
1990-02-27,4.695
1990-02-28,11.714
1990-03-01,13.449
1990-03-02,12.21
1990-03-03,5.078
1990-03-04,6.216
1990-03-05,15.214
1990-03-06,8.373
1990-03-07,4.353
1990-03-08,4.318
1990-03-09,13.892
1990-03-10,12.705
1990-03-11,6.983
1990-03-12,9.212
1990-03-13,9.034
1990-03-14,13.992
1990-03-15,11.427
1990-03-16,14.679
1990-03-17,14.819
1990-03-18,10.481
1990-03-19,3.965
1990-03-20,8.569
1990-03-21,16.385
1990-03-22,4.225
1990-03-23,16.067
1990-03-24,12.445
1990-03-25,5.358
1990-03-26,8.831
1990-03-27,10.643
1990-03-28,3.381
1990-03-29,6.695
1990-03-30,11.43
1990-03-31,9.345
1990-04-01,9.459
1990-04-02,9.048
1990-04-03,5.119
1990-04-04,15.835
1990-04-05,3.365
1990-04-06,6.377
1990-04-07,4.323
1990-04-08,7.554
1990-04-09,16.225
1990-04-10,10.297
1990-04-11,14.656
1990-04-12,10.477
1990-04-13,11.396
1990-04-14,3.433
1990-04-15,8.893
1990-04-16,11.589
1990-04-17,10.045
1990-04-18,14.786
1990-04-19,6.335
1990-04-20,15.534
1990-04-21,3.61
1990-04-22,13.259
1990-04-23,7.526
1990-04-24,5.776
1990-04-25,7.6
1990-04-26,6.256
1990-04-27,12.814
1990-04-28,10.324
1990-04-29,12.324
1990-04-30,16.404
1990-05-01,12.522
1990-05-02,12.172
1990-05-03,16.136
1990-05-04,8.263
1990-05-05,15.776
1990-05-06,7.665
1990-05-07,8.72
1990-05-08,14.718
1990-05-09,12.043
1990-05-10,14.671
1990-05-11,5.145
1990-05-12,15.133
1990-05-13,14.553
1990-05-14,4.507
1990-05-15,3.624
1990-05-16,7.982
1990-05-17,15.62
1990-05-18,11.264
1990-05-19,10.994
1990-05-20,15.292
1990-05-21,13.796
1990-05-22,6.585
1990-05-23,5.915
1990-05-24,8.55
1990-05-25,3.845
1990-05-26,14.95
1990-05-27,12.345
1990-05-28,16.196
1990-05-29,13.909
1990-05-30,8.281
1990-05-31,10.182
1990-06-01,15.675
1990-06-02,12.955
1990-06-03,11.148
1990-06-04,7.953
1990-06-05,5.304
1990-06-06,14.346
1990-06-07,5.303
1990-06-08,5.029
1990-06-09,9.927
1990-06-10,11.327
1990-06-11,8.822
1990-06-12,11.754
1990-06-13,10.904
1990-06-14,9.408
1990-06-15,13.325
1990-06-16,14.623
1990-06-17,9.602
1990-06-18,8.875
1990-06-19,16.015
1990-06-20,10.484
1990-06-21,8.622
1990-06-22,13.824
1990-06-23,14.689
1990-06-24,3.507
1990-06-25,6.469
1990-06-26,9.781
1990-06-27,8.766
1990-06-28,4.23
1990-06-29,14.653
1990-06-30,15.046
1990-07-01,13.97
1990-07-02,9.309
1990-07-03,12.177
1990-07-04,4.662
1990-07-05,9.724
1990-07-06,11.292
1990-07-07,16.001
1990-07-08,12.285
1990-07-09,13.425
1990-07-10,3.827
1990-07-11,14.528
1990-07-12,4.633
1990-07-13,4.068
1990-07-14,14.079
1990-07-15,8.929
1990-07-16,9.65
1990-07-17,4.356
1990-07-18,10.511
1990-07-19,12.271
1990-07-20,14.272
1990-07-21,7.862
1990-07-22,15.802
1990-07-23,4.814
1990-07-24,6.407
1990-07-25,13.921
1990-07-26,8.547
1990-07-27,14.402
1990-07-28,3.382
1990-07-29,5.267
1990-07-30,4.512
1990-07-31,8.479
1990-08-01,13.176
1990-08-02,8.786
1990-08-03,9.189
1990-08-04,13.399
1990-08-05,12.237
1990-08-06,6.934
1990-08-07,11.32
1990-08-08,12.7
1990-08-09,5.756
1990-08-10,15.689
1990-08-11,4.387
1990-08-12,6.068
1990-08-13,11.067
1990-08-14,9.627
1990-08-15,9.604
1990-08-16,7.52
1990-08-17,12.179
1990-08-18,6.166
1990-08-19,4.537
1990-08-20,13.35
1990-08-21,5.101
1990-08-22,13.813
1990-08-23,13.561
1990-08-24,8.341
1990-08-25,5.533
1990-08-26,4.52
1990-08-27,8.101
1990-08-28,6.654
1990-08-29,13.567
1990-08-30,4.721
1990-08-31,10.874
1990-09-01,15.26
1990-09-02,10.591
1990-09-03,5.922
1990-09-04,10.581
1990-09-05,14.152
1990-09-06,8.471
1990-09-07,6.324
1990-09-08,5.894
1990-09-09,10.922
1990-09-10,9.361
1990-09-11,11.234
1990-09-12,5.248
1990-09-13,16.088
1990-09-14,12.5
1990-09-15,10.621
1990-09-16,4.151
1990-09-17,8.014
1990-09-18,8.58
1990-09-19,14.467
1990-09-20,13.451
1990-09-21,14.379
1990-09-22,7.603
1990-09-23,13.542
1990-09-24,12.247
1990-09-25,12.931
1990-09-26,11.541
1990-09-27,15.545
1990-09-28,15.821
1990-09-29,8.364
1990-09-30,10.602
1990-10-01,9.304
1990-10-02,12.207
1990-10-03,11.474
1990-10-04,11.087
1990-10-05,4.019
1990-10-06,8.104
1990-10-07,7.704
1990-10-08,10.088
1990-10-09,13.379
1990-10-10,12.829
1990-10-11,9.101
1990-10-12,5.494
1990-10-13,10.659
1990-10-14,10.302
1990-10-15,6.161
1990-10-16,4.685
1990-10-17,12.532
1990-10-18,4.548
1990-10-19,11.425
1990-10-20,5.112
1990-10-21,14.473
1990-10-22,5.49
1990-10-23,6.993
1990-10-24,7.189
1990-10-25,13.978
1990-10-26,11.88
1990-10-27,5.048
1990-10-28,10.28
1990-10-29,8.282
1990-10-30,15.206
1990-10-31,6.892
1990-11-01,10.134
1990-11-02,5.171
1990-11-03,7.822
1990-11-04,14.731
1990-11-05,8.145
1990-11-06,6.208
1990-11-07,4.783
1990-11-08,8.861
1990-11-09,6.447
1990-11-10,5.383
1990-11-11,7.65
1990-11-12,13.555
1990-11-13,13.744
1990-11-14,8.712
1990-11-15,5.768
1990-11-16,10.414
1990-11-17,7.03
1990-11-18,11.167
1990-11-19,10.864
1990-11-20,10.429
1990-11-21,5.639
1990-11-22,14.315
1990-11-23,13.308
1990-11-24,14.117
1990-11-25,6.548
1990-11-26,5.491
1990-11-27,15.0
1990-11-28,3.383
1990-11-29,8.831
1990-11-30,9.236
1990-12-01,14.19
1990-12-02,11.231
1990-12-03,8.204
1990-12-04,5.326
1990-12-05,13.489
1990-12-06,8.91
1990-12-07,15.037
1990-12-08,12.374
1990-12-09,15.835
1990-12-10,13.094
1990-12-11,15.478
1990-12-12,14.485
1990-12-13,11.519
1990-12-14,8.657
1990-12-15,5.736
1990-12-16,15.395
1990-12-17,15.511
1990-12-18,6.46
1990-12-19,7.611
1990-12-20,5.189
1990-12-21,3.842
1990-12-22,4.787
1990-12-23,6.846
1990-12-24,7.272
1990-12-25,13.788
1990-12-26,11.315
1990-12-27,12.563
1990-12-28,7.818
1990-12-29,15.582
1990-12-30,5.24
1990-12-31,15.242
1991-01-01,4.022
1991-01-02,4.748
1991-01-03,9.918
1991-01-04,10.436
1991-01-05,12.221
1991-01-06,11.421
1991-01-07,4.315
1991-01-08,12.296
1991-01-09,6.012
1991-01-10,16.225
1991-01-11,4.261
1991-01-12,14.239
1991-01-13,11.74
1991-01-14,6.882
1991-01-15,15.437
1991-01-16,8.964
1991-01-17,9.073
1991-01-18,15.239
1991-01-19,8.324
1991-01-20,8.201
1991-01-21,6.835
1991-01-22,7.493
1991-01-23,8.528
1991-01-24,7.611
1991-01-25,3.46
1991-01-26,13.627
1991-01-27,9.754
1991-01-28,8.376
1991-01-29,5.288
1991-01-30,9.207
1991-01-31,4.68
1991-02-01,5.768
1991-02-02,16.41
1991-02-03,11.433
1991-02-04,6.806
1991-02-05,5.971
1991-02-06,9.663
1991-02-07,14.117
1991-02-08,5.766
1991-02-09,12.454
1991-02-10,15.066
1991-02-11,16.283
1991-02-12,13.745
1991-02-13,14.835
1991-02-14,3.436
1991-02-15,10.087
1991-02-16,5.905
1991-02-17,13.538
1991-02-18,15.996
1991-02-19,11.779
1991-02-20,11.771
1991-02-21,8.693
1991-02-22,12.106
1991-02-23,15.557
1991-02-24,15.595
1991-02-25,7.575
1991-02-26,13.684
1991-02-27,16.287
1991-02-28,8.853
1991-03-01,8.698
1991-03-02,11.503
1991-03-03,6.91
1991-03-04,10.024
1991-03-05,9.741
1991-03-06,15.156
1991-03-07,12.289
1991-03-08,7.326
1991-03-09,7.992
1991-03-10,15.596
1991-03-11,14.156
1991-03-12,14.079
1991-03-13,6.656
1991-03-14,7.845
1991-03-15,5.443
1991-03-16,6.622
1991-03-17,8.695
1991-03-18,10.951
1991-03-19,13.774
1991-03-20,13.735
1991-03-21,10.268
1991-03-22,11.234
1991-03-23,12.883
1991-03-24,9.524
1991-03-25,3.676
1991-03-26,14.809
1991-03-27,10.114
1991-03-28,12.018
1991-03-29,6.709
1991-03-30,5.681
1991-03-31,7.615
1991-04-01,9.931
1991-04-02,11.015
1991-04-03,3.594
1991-04-04,15.714
1991-04-05,5.395
1991-04-06,4.69
1991-04-07,6.126
1991-04-08,8.262
1991-04-09,7.402
1991-04-10,10.654
1991-04-11,12.914
1991-04-12,7.45
1991-04-13,3.96
1991-04-14,9.289
1991-04-15,3.916
1991-04-16,4.753
1991-04-17,12.968
1991-04-18,14.935
1991-04-19,5.892
1991-04-20,4.888
1991-04-21,11.973
1991-04-22,9.78
1991-04-23,15.925
1991-04-24,11.805
1991-04-25,3.769
1991-04-26,12.569
1991-04-27,4.021
1991-04-28,12.742
1991-04-29,4.825
1991-04-30,11.692
1991-05-01,4.533
1991-05-02,7.972
1991-05-03,4.104
1991-05-04,15.711
1991-05-05,4.02
1991-05-06,13.769
1991-05-07,9.59
1991-05-08,8.796
1991-05-09,12.682
1991-05-10,7.712
1991-05-11,8.368
1991-05-12,14.65
1991-05-13,3.649
1991-05-14,13.191
1991-05-15,8.237
1991-05-16,13.111
1991-05-17,6.854
1991-05-18,5.809
1991-05-19,4.713
1991-05-20,14.509
1991-05-21,9.667
1991-05-22,10.961
1991-05-23,5.58
1991-05-24,13.358
1991-05-25,9.22
1991-05-26,15.762
1991-05-27,4.149
1991-05-28,6.786
1991-05-29,11.408
1991-05-30,14.192
1991-05-31,6.173
1991-06-01,9.425
1991-06-02,8.468
1991-06-03,5.984
1991-06-04,9.902
1991-06-05,15.178
1991-06-06,7.083
1991-06-07,13.245
1991-06-08,4.391
1991-06-09,5.345
1991-06-10,9.195
1991-06-11,5.737
1991-06-12,14.947
1991-06-13,14.482
1991-06-14,14.192
1991-06-15,8.388
1991-06-16,11.792
1991-06-17,12.51
1991-06-18,13.794
1991-06-19,14.471
1991-06-20,7.214
1991-06-21,12.196
1991-06-22,14.889
1991-06-23,13.708
1991-06-24,16.179
1991-06-25,11.876
1991-06-26,15.648
1991-06-27,5.823
1991-06-28,14.448
1991-06-29,13.652
1991-06-30,13.766
1991-07-01,3.428
1991-07-02,12.641
1991-07-03,5.689
1991-07-04,14.548
1991-07-05,9.701
1991-07-06,14.291
1991-07-07,8.816
1991-07-08,4.431
1991-07-09,6.869
1991-07-10,11.615
1991-07-11,4.799
1991-07-12,16.235
1991-07-13,11.492
1991-07-14,16.002
1991-07-15,14.415
1991-07-16,9.377
1991-07-17,11.442
1991-07-18,13.611
1991-07-19,15.411
1991-07-20,15.392
1991-07-21,3.612
1991-07-22,8.858
1991-07-23,15.65
1991-07-24,10.871
1991-07-25,10.151
1991-07-26,10.395
1991-07-27,9.305
1991-07-28,12.881
1991-07-29,7.903
1991-07-30,15.573
1991-07-31,5.844
1991-08-01,15.635
1991-08-02,3.763
1991-08-03,5.599
1991-08-04,14.381
1991-08-05,6.327
1991-08-06,3.902
1991-08-07,8.636
1991-08-08,8.883
1991-08-09,14.114
1991-08-10,9.872
1991-08-11,14.667
1991-08-12,14.478
1991-08-13,6.056
1991-08-14,14.793
1991-08-15,12.461
1991-08-16,9.314
1991-08-17,14.318
1991-08-18,16.219
1991-08-19,7.094
1991-08-20,16.195
1991-08-21,5.433
1991-08-22,4.19
1991-08-23,7.356
1991-08-24,15.678
1991-08-25,4.27
1991-08-26,11.516
1991-08-27,9.973
1991-08-28,9.935
1991-08-29,15.019
1991-08-30,4.072
1991-08-31,6.658
1991-09-01,13.315
1991-09-02,15.046
1991-09-03,6.46
1991-09-04,13.655
1991-09-05,9.853
1991-09-06,7.346
1991-09-07,3.428
1991-09-08,14.426
1991-09-09,16.237
1991-09-10,14.348
1991-09-11,7.437
1991-09-12,10.922
1991-09-13,8.513
1991-09-14,10.05
1991-09-15,15.183
1991-09-16,8.756
1991-09-17,11.131
1991-09-18,12.428
1991-09-19,8.748
1991-09-20,4.511
1991-09-21,7.342
1991-09-22,15.355
1991-09-23,7.294
1991-09-24,14.641
1991-09-25,4.695
1991-09-26,10.286
1991-09-27,5.28
1991-09-28,8.831
1991-09-29,6.279
1991-09-30,12.286
1991-10-01,6.125
1991-10-02,13.51
1991-10-03,4.7
1991-10-04,15.849
1991-10-05,6.039
1991-10-06,11.469
1991-10-07,11.522
1991-10-08,13.089
1991-10-09,9.872
1991-10-10,3.784
1991-10-11,5.825
1991-10-12,6.832
1991-10-13,6.964
1991-10-14,6.178
1991-10-15,5.426
1991-10-16,8.905
1991-10-17,7.661
1991-10-18,5.989
1991-10-19,10.517
1991-10-20,3.374
1991-10-21,14.401
1991-10-22,15.696
1991-10-23,12.395
1991-10-24,7.462
1991-10-25,13.021
1991-10-26,4.001
1991-10-27,4.409
1991-10-28,8.683
1991-10-29,15.184
1991-10-30,12.632
1991-10-31,6.114
1991-11-01,4.064
1991-11-02,11.687
1991-11-03,4.172
1991-11-04,3.597
1991-11-05,13.437
1991-11-06,9.492
1991-11-07,9.872
1991-11-08,7.526
1991-11-09,5.868
1991-11-10,8.108
1991-11-11,8.71
1991-11-12,6.518
1991-11-13,16.257
1991-11-14,15.387
1991-11-15,12.877
1991-11-16,7.658
1991-11-17,8.343
1991-11-18,7.707
1991-11-19,9.373
1991-11-20,11.946
1991-11-21,15.891
1991-11-22,9.125
1991-11-23,5.069
1991-11-24,14.256
1991-11-25,13.972
1991-11-26,3.932
1991-11-27,4.537
1991-11-28,12.784
1991-11-29,14.364
1991-11-30,4.066
1991-12-01,12.408
1991-12-02,10.069
1991-12-03,8.342
1991-12-04,11.416
1991-12-05,9.963
1991-12-06,8.133
1991-12-07,13.329
1991-12-08,4.564
1991-12-09,4.838
1991-12-10,6.058
1991-12-11,11.443
1991-12-12,4.007
1991-12-13,4.084
1991-12-14,4.924
1991-12-15,11.828
1991-12-16,7.241
1991-12-17,10.937
1991-12-18,13.369
1991-12-19,10.183
1991-12-20,4.908
1991-12-21,12.29
1991-12-22,5.392
1991-12-23,11.058
1991-12-24,9.862
1991-12-25,13.822
1991-12-26,5.943
1991-12-27,16.325
1991-12-28,7.09
1991-12-29,7.259
1991-12-30,14.365
1991-12-31,7.241
1992-01-01,14.683
1992-01-02,5.846
1992-01-03,5.392
1992-01-04,14.179
1992-01-05,14.984
1992-01-06,6.479
1992-01-07,12.185
1992-01-08,9.411
1992-01-09,4.386
1992-01-10,4.764
1992-01-11,4.551
1992-01-12,5.281
1992-01-13,3.817
1992-01-14,12.514
1992-01-15,7.798
1992-01-16,7.573
1992-01-17,10.849
1992-01-18,8.841
1992-01-19,6.347
1992-01-20,12.934
1992-01-21,12.824
1992-01-22,9.8
1992-01-23,5.64
1992-01-24,5.759
1992-01-25,4.781
1992-01-26,4.315
1992-01-27,10.06
1992-01-28,6.462
1992-01-29,5.114
1992-01-30,16.013
1992-01-31,4.114
1992-02-01,13.793
1992-02-02,9.357
1992-02-03,9.149
1992-02-04,8.359
1992-02-05,5.639
1992-02-06,11.666
1992-02-07,6.957
1992-02-08,8.27
1992-02-09,9.181
1992-02-10,10.026
1992-02-11,5.961
1992-02-12,14.418
1992-02-13,10.631
1992-02-14,14.865
1992-02-15,6.185
1992-02-16,13.187
1992-02-17,14.425
1992-02-18,14.523
1992-02-19,14.722
1992-02-20,11.964
1992-02-21,14.92
1992-02-22,8.37
1992-02-23,9.636
1992-02-24,4.354
1992-02-25,8.782
1992-02-26,6.84
1992-02-27,13.462
1992-02-28,6.461
1992-02-29,15.948
1992-03-01,4.614
1992-03-02,7.434
1992-03-03,14.751
1992-03-04,11.015
1992-03-05,8.599
1992-03-06,14.374
1992-03-07,15.133
1992-03-08,12.695
1992-03-09,9.106
1992-03-10,6.529
1992-03-11,11.523
1992-03-12,6.912
1992-03-13,15.795
1992-03-14,8.901
1992-03-15,4.171
1992-03-16,12.995
1992-03-17,8.276
1992-03-18,10.831
1992-03-19,7.757
1992-03-20,8.179
1992-03-21,9.57
1992-03-22,12.624
1992-03-23,7.859
1992-03-24,8.706
1992-03-25,16.124
1992-03-26,4.834
1992-03-27,3.589
1992-03-28,12.659
1992-03-29,7.165
1992-03-30,8.464
1992-03-31,6.499
1992-04-01,8.273
1992-04-02,9.213
1992-04-03,15.567
1992-04-04,5.043
1992-04-05,13.161
1992-04-06,15.695
1992-04-07,15.478
1992-04-08,16.294
1992-04-09,13.625
1992-04-10,6.604
1992-04-11,13.675
1992-04-12,14.329
1992-04-13,8.526
1992-04-14,5.055
1992-04-15,7.412
1992-04-16,10.721
1992-04-17,9.527
1992-04-18,14.915
1992-04-19,4.929
1992-04-20,13.338
1992-04-21,7.779
1992-04-22,5.933
1992-04-23,13.225
1992-04-24,8.469
1992-04-25,9.567
1992-04-26,13.674
1992-04-27,12.664
1992-04-28,3.497
1992-04-29,13.396
1992-04-30,7.442
1992-05-01,11.644
1992-05-02,9.036
1992-05-03,8.588
1992-05-04,16.154
1992-05-05,8.534
1992-05-06,11.307
1992-05-07,8.37
1992-05-08,6.98
1992-05-09,3.499
1992-05-10,15.023
1992-05-11,5.628
1992-05-12,14.672
1992-05-13,13.622
1992-05-14,9.436
1992-05-15,9.027
1992-05-16,7.475
1992-05-17,16.281
1992-05-18,11.532
1992-05-19,6.685
1992-05-20,7.519
1992-05-21,10.672
1992-05-22,8.604
1992-05-23,4.966
1992-05-24,7.264
1992-05-25,12.209
1992-05-26,13.339
1992-05-27,4.761
1992-05-28,3.916
1992-05-29,6.269
1992-05-30,8.387
1992-05-31,3.727
1992-06-01,16.145
1992-06-02,9.06
1992-06-03,11.001
1992-06-04,3.731
1992-06-05,11.553
1992-06-06,12.324
1992-06-07,15.514
1992-06-08,3.527
1992-06-09,4.287
1992-06-10,9.663
1992-06-11,11.815
1992-06-12,7.646
1992-06-13,12.782
1992-06-14,5.698
1992-06-15,8.674
1992-06-16,7.533
1992-06-17,16.159
1992-06-18,6.348
1992-06-19,5.347
1992-06-20,13.45
1992-06-21,10.146
1992-06-22,3.874
1992-06-23,5.614
1992-06-24,15.424
1992-06-25,12.438
1992-06-26,15.958
1992-06-27,16.2
1992-06-28,10.258
1992-06-29,10.366
1992-06-30,3.564
1992-07-01,9.002
1992-07-02,9.646
1992-07-03,4.609
1992-07-04,4.689
1992-07-05,12.065
1992-07-06,6.517
1992-07-07,10.512
1992-07-08,14.716
1992-07-09,4.506
1992-07-10,16.043
1992-07-11,12.756
1992-07-12,14.8
1992-07-13,13.248
1992-07-14,14.204
1992-07-15,5.352
1992-07-16,15.463
1992-07-17,13.146
1992-07-18,13.83
1992-07-19,7.822
1992-07-20,16.311
1992-07-21,14.292
1992-07-22,9.764
1992-07-23,10.065
1992-07-24,13.162
1992-07-25,7.994
1992-07-26,14.36
1992-07-27,6.53
1992-07-28,7.297
1992-07-29,15.779
1992-07-30,7.679
1992-07-31,8.26
1992-08-01,5.068
1992-08-02,15.777
1992-08-03,7.745
1992-08-04,12.625
1992-08-05,6.8
1992-08-06,10.789
1992-08-07,9.351
1992-08-08,16.092
1992-08-09,12.305
1992-08-10,16.142
1992-08-11,9.134
1992-08-12,11.149
1992-08-13,5.307
1992-08-14,9.817
1992-08-15,4.302
1992-08-16,5.621
1992-08-17,10.521
1992-08-18,13.378
1992-08-19,10.916
1992-08-20,8.9
1992-08-21,8.949
1992-08-22,9.459
1992-08-23,6.032
1992-08-24,16.189
1992-08-25,11.581
1992-08-26,4.644
1992-08-27,12.597
1992-08-28,7.143
1992-08-29,3.614
1992-08-30,14.942
1992-08-31,3.353
1992-09-01,14.776
1992-09-02,5.713
1992-09-03,15.502
1992-09-04,12.494
1992-09-05,14.078
1992-09-06,10.107
1992-09-07,11.097
1992-09-08,8.936
1992-09-09,12.515
1992-09-10,12.81
1992-09-11,4.083
1992-09-12,7.37
1992-09-13,12.57
1992-09-14,6.636
1992-09-15,4.327
1992-09-16,9.734
1992-09-17,12.038
1992-09-18,13.433
1992-09-19,14.178
1992-09-20,5.618
1992-09-21,8.222
1992-09-22,9.211
1992-09-23,14.66
1992-09-24,3.877
1992-09-25,11.198
1992-09-26,15.4
1992-09-27,4.71
1992-09-28,10.094
1992-09-29,6.234
1992-09-30,16.117
1992-10-01,12.51
1992-10-02,10.616
1992-10-03,4.683
1992-10-04,9.539
1992-10-05,8.534
1992-10-06,11.507
1992-10-07,14.13
1992-10-08,9.166
1992-10-09,12.211
1992-10-10,14.516
1992-10-11,4.006
1992-10-12,15.55
1992-10-13,8.572
1992-10-14,16.284
1992-10-15,5.96
1992-10-16,11.645
1992-10-17,13.55
1992-10-18,6.504
1992-10-19,14.006
1992-10-20,13.167
1992-10-21,11.629
1992-10-22,15.081
1992-10-23,8.279
1992-10-24,7.639
1992-10-25,14.404
1992-10-26,7.482
1992-10-27,15.059
1992-10-28,4.313
1992-10-29,14.833
1992-10-30,7.278
1992-10-31,15.419
1992-11-01,16.035
1992-11-02,8.418
1992-11-03,10.966
1992-11-04,12.05
1992-11-05,8.114
1992-11-06,7.368
1992-11-07,6.674
1992-11-08,14.068
1992-11-09,7.658
1992-11-10,15.664
1992-11-11,12.009
1992-11-12,10.613
1992-11-13,7.271
1992-11-14,9.365
1992-11-15,4.233
1992-11-16,4.969
1992-11-17,3.778
1992-11-18,6.386
1992-11-19,15.685
1992-11-20,8.27
1992-11-21,5.415
1992-11-22,10.215
1992-11-23,15.24
1992-11-24,5.181
1992-11-25,14.122
1992-11-26,16.365
1992-11-27,16.297
1992-11-28,15.836
1992-11-29,7.413
1992-11-30,13.377
1992-12-01,6.117
1992-12-02,7.74
1992-12-03,8.354
1992-12-04,9.373
1992-12-05,15.114
1992-12-06,5.739
1992-12-07,15.713
1992-12-08,5.543
1992-12-09,7.387
1992-12-10,7.928
1992-12-11,4.125
1992-12-12,12.691
1992-12-13,4.324
1992-12-14,5.107
1992-12-15,7.494
1992-12-16,15.735
1992-12-17,6.179
1992-12-18,16.074
1992-12-19,8.211
1992-12-20,7.22
1992-12-21,9.058
1992-12-22,8.699
1992-12-23,13.977
1992-12-24,13.667
1992-12-25,6.459
1992-12-26,14.874
1992-12-27,11.518
1992-12-28,12.768
1992-12-29,12.687
1992-12-30,13.848
1992-12-31,4.614
1993-01-01,6.317
1993-01-02,4.421
1993-01-03,11.228
1993-01-04,11.577
1993-01-05,8.836
1993-01-06,6.007
1993-01-07,5.531
1993-01-08,14.819
1993-01-09,10.695
1993-01-10,4.634
1993-01-11,13.18
1993-01-12,15.517
1993-01-13,10.45
1993-01-14,10.516
1993-01-15,4.433
1993-01-16,10.4
1993-01-17,16.061
1993-01-18,13.425
1993-01-19,12.503
1993-01-20,11.392
1993-01-21,7.958
1993-01-22,4.679
1993-01-23,9.692
1993-01-24,3.812
1993-01-25,7.323
1993-01-26,7.848
1993-01-27,14.375
1993-01-28,8.933
1993-01-29,10.746
1993-01-30,9.028
1993-01-31,6.03
1993-02-01,7.368
1993-02-02,5.199
1993-02-03,5.619
1993-02-04,5.363
1993-02-05,9.247
1993-02-06,10.056
1993-02-07,4.971
1993-02-08,5.015
1993-02-09,4.012
1993-02-10,9.438
1993-02-11,14.74
1993-02-12,5.011
1993-02-13,13.374
1993-02-14,8.07
1993-02-15,5.043
1993-02-16,12.946
1993-02-17,10.349
1993-02-18,11.114
1993-02-19,7.878
1993-02-20,11.786
1993-02-21,14.633
1993-02-22,6.201
1993-02-23,14.559
1993-02-24,14.058
1993-02-25,3.477
1993-02-26,15.019
1993-02-27,16.057
1993-02-28,11.944
1993-03-01,16.072
1993-03-02,14.501
1993-03-03,4.432
1993-03-04,4.583
1993-03-05,7.001
1993-03-06,5.28
1993-03-07,6.761
1993-03-08,5.796
1993-03-09,16.388
1993-03-10,8.973
1993-03-11,4.741
1993-03-12,5.518
1993-03-13,6.884
1993-03-14,10.727
1993-03-15,12.583
1993-03-16,13.823
1993-03-17,12.085
1993-03-18,15.197
1993-03-19,13.287
1993-03-20,7.77
1993-03-21,11.57
1993-03-22,7.603
1993-03-23,13.555
1993-03-24,9.169
1993-03-25,10.845
1993-03-26,7.108
1993-03-27,14.615
1993-03-28,13.544
1993-03-29,5.716
1993-03-30,6.113
1993-03-31,7.18
1993-04-01,4.941
1993-04-02,11.354
1993-04-03,7.055
1993-04-04,12.168
1993-04-05,8.188
1993-04-06,11.377
1993-04-07,11.987
1993-04-08,5.911
1993-04-09,4.784
1993-04-10,15.197
1993-04-11,14.997
1993-04-12,9.46
1993-04-13,6.577
1993-04-14,9.196
1993-04-15,9.432
1993-04-16,12.879
1993-04-17,5.338
1993-04-18,14.319
1993-04-19,3.732
1993-04-20,11.632
1993-04-21,10.03
1993-04-22,6.611
1993-04-23,10.413
1993-04-24,8.013
1993-04-25,12.675
1993-04-26,3.688
1993-04-27,4.323
1993-04-28,12.254
1993-04-29,15.931
1993-04-30,5.009
1993-05-01,5.41
1993-05-02,8.43
1993-05-03,13.94
1993-05-04,14.197
1993-05-05,10.01
1993-05-06,4.365
1993-05-07,11.796
1993-05-08,7.441
1993-05-09,8.131
1993-05-10,13.888
1993-05-11,6.183
1993-05-12,8.705
1993-05-13,5.9
1993-05-14,7.205
1993-05-15,9.963
1993-05-16,7.703
1993-05-17,4.36
1993-05-18,7.883
1993-05-19,15.145
1993-05-20,8.116
1993-05-21,11.47
1993-05-22,10.897
1993-05-23,16.18
1993-05-24,15.757
1993-05-25,11.66
1993-05-26,8.561
1993-05-27,11.709
1993-05-28,8.84
1993-05-29,9.357
1993-05-30,13.28
1993-05-31,14.673
1993-06-01,14.359
1993-06-02,4.811
1993-06-03,15.759
1993-06-04,5.795
1993-06-05,7.077
1993-06-06,7.81
1993-06-07,13.539
1993-06-08,14.117
1993-06-09,9.923
1993-06-10,5.325
1993-06-11,12.366
1993-06-12,6.278
1993-06-13,15.597
1993-06-14,9.991
1993-06-15,14.292
1993-06-16,7.651
1993-06-17,10.263
1993-06-18,9.676
1993-06-19,4.481
1993-06-20,13.686
1993-06-21,7.632
1993-06-22,8.759
1993-06-23,8.01
1993-06-24,13.772
1993-06-25,6.165
1993-06-26,14.324
1993-06-27,14.154
1993-06-28,13.157
1993-06-29,5.156
1993-06-30,15.5
1993-07-01,13.32
1993-07-02,4.137
1993-07-03,9.272
1993-07-04,12.796
1993-07-05,13.261
1993-07-06,14.822
1993-07-07,4.794
1993-07-08,6.429
1993-07-09,11.004
1993-07-10,9.57
1993-07-11,12.363
1993-07-12,6.566
1993-07-13,8.155
1993-07-14,16.241
1993-07-15,6.259
1993-07-16,12.474
1993-07-17,6.464
1993-07-18,15.898
1993-07-19,8.158
1993-07-20,8.083
1993-07-21,11.03
1993-07-22,6.385
1993-07-23,8.579
1993-07-24,5.978
1993-07-25,14.191
1993-07-26,12.914
1993-07-27,16.07
1993-07-28,12.449
1993-07-29,14.174
1993-07-30,15.727
1993-07-31,7.04
1993-08-01,10.508
1993-08-02,10.545
1993-08-03,5.535
1993-08-04,14.317
1993-08-05,5.677
1993-08-06,8.546
1993-08-07,11.459
1993-08-08,5.212
1993-08-09,16.191
1993-08-10,7.443
1993-08-11,6.211
1993-08-12,6.596
1993-08-13,14.903
1993-08-14,13.675
1993-08-15,12.994
1993-08-16,9.501
1993-08-17,11.16
1993-08-18,8.858
1993-08-19,5.655
1993-08-20,13.131
1993-08-21,16.335
1993-08-22,6.727
1993-08-23,7.593
1993-08-24,11.622
1993-08-25,6.233
1993-08-26,3.386
1993-08-27,10.096
1993-08-28,4.974
1993-08-29,10.889
1993-08-30,9.158
1993-08-31,13.224
1993-09-01,7.628
1993-09-02,15.927
1993-09-03,3.77
1993-09-04,15.736
1993-09-05,10.523
1993-09-06,3.386
1993-09-07,15.9
1993-09-08,3.545
1993-09-09,15.471
1993-09-10,8.969
1993-09-11,15.823
1993-09-12,15.403
1993-09-13,12.138
1993-09-14,11.829
1993-09-15,8.25
1993-09-16,13.254
1993-09-17,15.022
1993-09-18,4.93
1993-09-19,15.334
1993-09-20,9.917
1993-09-21,5.835
1993-09-22,14.79
1993-09-23,6.908
1993-09-24,6.26
1993-09-25,4.914
1993-09-26,6.181
1993-09-27,5.974
1993-09-28,13.944
1993-09-29,3.358
1993-09-30,5.51
1993-10-01,10.819
1993-10-02,16.354
1993-10-03,6.579
1993-10-04,15.581
1993-10-05,12.208
1993-10-06,8.747
1993-10-07,13.951
1993-10-08,15.181
1993-10-09,13.924
1993-10-10,15.298
1993-10-11,9.035
1993-10-12,5.851
1993-10-13,10.243
1993-10-14,5.558
1993-10-15,11.159
1993-10-16,6.945
1993-10-17,12.22
1993-10-18,12.234
1993-10-19,9.713
1993-10-20,12.93
1993-10-21,6.156
1993-10-22,3.439
1993-10-23,3.922
1993-10-24,5.298
1993-10-25,4.872
1993-10-26,11.713
1993-10-27,6.662
1993-10-28,5.152
1993-10-29,15.803
1993-10-30,11.466
1993-10-31,3.656
1993-11-01,15.667
1993-11-02,12.048
1993-11-03,3.432
1993-11-04,13.231
1993-11-05,11.341
1993-11-06,7.906
1993-11-07,11.43
1993-11-08,8.389
1993-11-09,5.512
1993-11-10,12.503
1993-11-11,6.864
1993-11-12,14.736
1993-11-13,8.215
1993-11-14,3.437
1993-11-15,7.1
1993-11-16,6.631
1993-11-17,12.564
1993-11-18,3.864
1993-11-19,4.432
1993-11-20,15.044
1993-11-21,14.925
1993-11-22,5.395
1993-11-23,7.055
1993-11-24,7.568
1993-11-25,4.373
1993-11-26,11.802
1993-11-27,12.349
1993-11-28,3.896
1993-11-29,12.503
1993-11-30,10.984
1993-12-01,5.642
1993-12-02,9.062
1993-12-03,6.548
1993-12-04,8.997
1993-12-05,5.599
1993-12-06,6.813
1993-12-07,3.632
1993-12-08,8.705
1993-12-09,13.54
1993-12-10,6.98
1993-12-11,15.336
1993-12-12,9.206
1993-12-13,7.296
1993-12-14,8.963
1993-12-15,5.821
1993-12-16,15.209
1993-12-17,5.799
1993-12-18,11.438
1993-12-19,10.868
1993-12-20,12.195
1993-12-21,12.862
1993-12-22,13.225
1993-12-23,14.498
1993-12-24,4.968
1993-12-25,7.462
1993-12-26,9.45
1993-12-27,10.831
1993-12-28,4.915
1993-12-29,14.4
1993-12-30,14.69
1993-12-31,7.854
1994-01-01,13.116
1994-01-02,14.855
1994-01-03,14.023
1994-01-04,4.013
1994-01-05,11.055
1994-01-06,8.761
1994-01-07,14.933
1994-01-08,14.635
1994-01-09,6.977
1994-01-10,5.664
1994-01-11,12.337
1994-01-12,9.947
1994-01-13,8.446
1994-01-14,8.529
1994-01-15,7.273
1994-01-16,7.925
1994-01-17,3.448
1994-01-18,3.995
1994-01-19,12.862
1994-01-20,6.585
1994-01-21,7.609
1994-01-22,9.787
1994-01-23,10.699
1994-01-24,6.017
1994-01-25,15.029
1994-01-26,9.135
1994-01-27,15.602
1994-01-28,10.365
1994-01-29,9.811
1994-01-30,9.912
1994-01-31,14.973
1994-02-01,3.542
1994-02-02,4.122
1994-02-03,5.492
1994-02-04,7.273
1994-02-05,6.341
1994-02-06,5.758
1994-02-07,9.154
1994-02-08,4.564
1994-02-09,13.197
1994-02-10,11.868
1994-02-11,5.787
1994-02-12,14.006
1994-02-13,12.888
1994-02-14,9.119
1994-02-15,15.158
1994-02-16,6.372
1994-02-17,8.596
1994-02-18,16.223
1994-02-19,3.795
1994-02-20,9.58
1994-02-21,11.297
1994-02-22,5.501
1994-02-23,9.543
1994-02-24,14.953
1994-02-25,13.059
1994-02-26,12.014
1994-02-27,5.388
1994-02-28,11.137
1994-03-01,7.691
1994-03-02,10.604
1994-03-03,14.091
1994-03-04,13.576
1994-03-05,3.792
1994-03-06,13.78
1994-03-07,13.242
1994-03-08,4.556
1994-03-09,5.016
1994-03-10,13.144
1994-03-11,8.034
1994-03-12,11.72
1994-03-13,9.3
1994-03-14,5.11
1994-03-15,8.253
1994-03-16,8.588
1994-03-17,14.825
1994-03-18,13.841
1994-03-19,7.02
1994-03-20,13.789
1994-03-21,7.393
1994-03-22,13.681
1994-03-23,13.595
1994-03-24,12.737
1994-03-25,11.314
1994-03-26,15.01
1994-03-27,7.432
1994-03-28,15.351
1994-03-29,13.338
1994-03-30,16.217
1994-03-31,5.095
1994-04-01,5.86
1994-04-02,15.404
1994-04-03,9.157
1994-04-04,15.897
1994-04-05,7.684
1994-04-06,7.451
1994-04-07,9.838
1994-04-08,5.101
1994-04-09,10.384
1994-04-10,5.903
1994-04-11,12.253
1994-04-12,5.701
1994-04-13,11.35
1994-04-14,9.251
1994-04-15,8.808
1994-04-16,10.801
1994-04-17,8.095
1994-04-18,10.004
1994-04-19,9.298
1994-04-20,14.095
1994-04-21,8.936
1994-04-22,15.186
1994-04-23,13.328
1994-04-24,6.186
1994-04-25,3.929
1994-04-26,14.016
1994-04-27,14.869
1994-04-28,11.813
1994-04-29,4.125
1994-04-30,5.614
1994-05-01,12.372
1994-05-02,4.823
1994-05-03,16.017
1994-05-04,8.668
1994-05-05,10.354
1994-05-06,14.48
1994-05-07,13.728
1994-05-08,11.655
1994-05-09,7.913
1994-05-10,8.077
1994-05-11,8.346
1994-05-12,10.541
1994-05-13,14.903
1994-05-14,15.626
1994-05-15,7.488
1994-05-16,6.478
1994-05-17,9.754
1994-05-18,6.629
1994-05-19,3.525
1994-05-20,13.088
1994-05-21,10.625
1994-05-22,16.2
1994-05-23,4.603
1994-05-24,8.634
1994-05-25,8.534
1994-05-26,11.618
1994-05-27,7.33
1994-05-28,4.394
1994-05-29,9.399
1994-05-30,3.889
1994-05-31,3.767
1994-06-01,14.029
1994-06-02,4.775
1994-06-03,5.798
1994-06-04,9.693
1994-06-05,4.75
1994-06-06,10.549
1994-06-07,14.448
1994-06-08,6.332
1994-06-09,8.291
1994-06-10,8.778
1994-06-11,4.245
1994-06-12,8.791
1994-06-13,14.859
1994-06-14,5.84
1994-06-15,9.747
1994-06-16,9.611
1994-06-17,14.197
1994-06-18,14.623
1994-06-19,14.902
1994-06-20,6.068
1994-06-21,14.808
1994-06-22,11.957
1994-06-23,4.663
1994-06-24,6.744
1994-06-25,14.931
1994-06-26,7.107
1994-06-27,11.786
1994-06-28,9.684
1994-06-29,4.318
1994-06-30,10.956
1994-07-01,3.711
1994-07-02,8.178
1994-07-03,15.581
1994-07-04,14.732
1994-07-05,11.001
1994-07-06,11.374
1994-07-07,5.888
1994-07-08,7.449
1994-07-09,13.849
1994-07-10,6.597
1994-07-11,14.76
1994-07-12,7.263
1994-07-13,15.422
1994-07-14,11.473
1994-07-15,8.081
1994-07-16,9.117
1994-07-17,8.831
1994-07-18,5.602
1994-07-19,3.39
1994-07-20,5.102
1994-07-21,8.326
1994-07-22,13.933
1994-07-23,13.022
1994-07-24,9.459
1994-07-25,4.049
1994-07-26,8.088
1994-07-27,14.788
1994-07-28,13.341
1994-07-29,9.61
1994-07-30,10.585
1994-07-31,13.568
1994-08-01,12.695
1994-08-02,10.43
1994-08-03,14.069
1994-08-04,7.268
1994-08-05,12.738
1994-08-06,7.657
1994-08-07,12.815
1994-08-08,13.746
1994-08-09,4.218
1994-08-10,4.652
1994-08-11,7.149
1994-08-12,4.915
1994-08-13,6.467
1994-08-14,5.921
1994-08-15,13.413
1994-08-16,5.503
1994-08-17,14.924
1994-08-18,7.32
1994-08-19,15.069
1994-08-20,14.64
1994-08-21,11.02
1994-08-22,4.397
1994-08-23,3.652
1994-08-24,13.572
1994-08-25,12.335
1994-08-26,5.775
1994-08-27,16.294
1994-08-28,13.198
1994-08-29,4.699
1994-08-30,12.53
1994-08-31,12.465
1994-09-01,10.334
1994-09-02,10.152
1994-09-03,10.414
1994-09-04,13.702
1994-09-05,6.114
1994-09-06,5.49
1994-09-07,15.455
1994-09-08,4.075
1994-09-09,5.048
1994-09-10,15.462
1994-09-11,16.235
1994-09-12,3.838
1994-09-13,15.447
1994-09-14,7.051
1994-09-15,10.058
1994-09-16,10.018
1994-09-17,10.575
1994-09-18,6.837
1994-09-19,13.882
1994-09-20,10.757
1994-09-21,14.549
1994-09-22,8.77
1994-09-23,7.818
1994-09-24,11.464
1994-09-25,7.665
1994-09-26,3.348
1994-09-27,11.976
1994-09-28,6.164
1994-09-29,7.836
1994-09-30,11.804
1994-10-01,10.698
1994-10-02,6.467
1994-10-03,4.628
1994-10-04,4.778
1994-10-05,12.805
1994-10-06,4.346
1994-10-07,4.673
1994-10-08,4.39
1994-10-09,8.245
1994-10-10,10.256
1994-10-11,6.571
1994-10-12,14.661
1994-10-13,7.843
1994-10-14,6.619
1994-10-15,7.722
1994-10-16,13.724
1994-10-17,3.906
1994-10-18,12.657
1994-10-19,11.118
1994-10-20,14.846
1994-10-21,16.006
1994-10-22,7.401
1994-10-23,10.341
1994-10-24,15.857
1994-10-25,4.889
1994-10-26,8.415
1994-10-27,11.685
1994-10-28,12.806
1994-10-29,13.635
1994-10-30,14.881
1994-10-31,11.963
1994-11-01,15.721
1994-11-02,14.548
1994-11-03,9.683
1994-11-04,10.395
1994-11-05,14.667
1994-11-06,14.991
1994-11-07,4.166
1994-11-08,11.385
1994-11-09,11.088
1994-11-10,5.525
1994-11-11,7.127
1994-11-12,8.902
1994-11-13,11.543
1994-11-14,11.133
1994-11-15,7.338
1994-11-16,3.779
1994-11-17,12.059
1994-11-18,3.908
1994-11-19,10.491
1994-11-20,5.623
1994-11-21,14.855
1994-11-22,8.863
1994-11-23,14.925
1994-11-24,15.344
1994-11-25,13.79
1994-11-26,9.215
1994-11-27,10.886
1994-11-28,11.613
1994-11-29,14.791
1994-11-30,9.844
1994-12-01,15.238
1994-12-02,11.311
1994-12-03,7.808
1994-12-04,4.567
1994-12-05,10.077
1994-12-06,10.976
1994-12-07,6.587
1994-12-08,5.903
1994-12-09,14.893
1994-12-10,3.401
1994-12-11,8.647
1994-12-12,11.82
1994-12-13,14.358
1994-12-14,8.765
1994-12-15,10.976
1994-12-16,7.701
1994-12-17,11.253
1994-12-18,14.238
1994-12-19,9.507
1994-12-20,8.081
1994-12-21,9.43
1994-12-22,12.235
1994-12-23,12.454
1994-12-24,15.499
1994-12-25,12.147
1994-12-26,12.409
1994-12-27,14.037
1994-12-28,10.407
1994-12-29,9.313
1994-12-30,3.766
1994-12-31,8.201
1995-01-01,14.397
1995-01-02,12.556
1995-01-03,4.594
1995-01-04,11.471
1995-01-05,6.576
1995-01-06,3.463
1995-01-07,7.23
1995-01-08,12.711
1995-01-09,3.581
1995-01-10,14.772
1995-01-11,10.885
1995-01-12,6.697
1995-01-13,11.348
1995-01-14,8.032
1995-01-15,3.698
1995-01-16,9.138
1995-01-17,12.958
1995-01-18,12.79
1995-01-19,15.189
1995-01-20,6.951
1995-01-21,5.738
1995-01-22,7.405
1995-01-23,11.21
1995-01-24,9.699
1995-01-25,7.033
1995-01-26,6.037
1995-01-27,12.533
1995-01-28,10.788
1995-01-29,14.91
1995-01-30,3.44
1995-01-31,14.646
1995-02-01,15.485
1995-02-02,3.481
1995-02-03,7.245
1995-02-04,15.254
1995-02-05,6.405
1995-02-06,5.278
1995-02-07,4.77
1995-02-08,6.096
1995-02-09,5.142
1995-02-10,7.464
1995-02-11,8.962
1995-02-12,6.468
1995-02-13,6.878
1995-02-14,9.429
1995-02-15,3.683
1995-02-16,7.803
1995-02-17,14.103
1995-02-18,8.238
1995-02-19,11.804
1995-02-20,13.888
1995-02-21,10.769
1995-02-22,7.244
1995-02-23,14.675
1995-02-24,3.445
1995-02-25,8.716
1995-02-26,3.977
1995-02-27,4.323
1995-02-28,12.505
1995-03-01,7.494
1995-03-02,5.103
1995-03-03,11.019
1995-03-04,15.302
1995-03-05,15.912
1995-03-06,9.698
1995-03-07,9.391
1995-03-08,14.968
1995-03-09,16.236
1995-03-10,9.283
1995-03-11,16.218
1995-03-12,14.96
1995-03-13,14.19
1995-03-14,6.506
1995-03-15,15.721
1995-03-16,9.915
1995-03-17,11.876
1995-03-18,12.171
1995-03-19,9.797
1995-03-20,7.559
1995-03-21,11.135
1995-03-22,9.147
1995-03-23,6.734
1995-03-24,13.695
1995-03-25,9.551
1995-03-26,14.246
1995-03-27,4.076
1995-03-28,3.373
1995-03-29,5.799
1995-03-30,10.047
1995-03-31,16.3
1995-04-01,8.334
1995-04-02,6.42
1995-04-03,15.33
1995-04-04,11.177
1995-04-05,10.187
1995-04-06,10.656
1995-04-07,16.325
1995-04-08,7.837
1995-04-09,7.796
1995-04-10,15.566
1995-04-11,6.08
1995-04-12,6.886
1995-04-13,15.357
1995-04-14,5.835
1995-04-15,13.474
1995-04-16,7.079
1995-04-17,6.139
1995-04-18,10.023
1995-04-19,15.913
1995-04-20,6.778
1995-04-21,10.829
1995-04-22,10.245
1995-04-23,14.46
1995-04-24,7.447
1995-04-25,11.906
1995-04-26,3.362
1995-04-27,10.123
1995-04-28,15.467
1995-04-29,7.48
1995-04-30,9.473
1995-05-01,3.893
1995-05-02,4.512
1995-05-03,8.701
1995-05-04,15.995
1995-05-05,10.764
1995-05-06,5.587
1995-05-07,12.797
1995-05-08,7.157
1995-05-09,3.607
1995-05-10,12.046
1995-05-11,5.343
1995-05-12,6.361
1995-05-13,10.696
1995-05-14,14.453
1995-05-15,10.836
1995-05-16,11.715
1995-05-17,6.77
1995-05-18,13.868
1995-05-19,10.088
1995-05-20,5.533
1995-05-21,12.59
1995-05-22,6.473
1995-05-23,4.243
1995-05-24,4.888
1995-05-25,6.873
1995-05-26,4.218
1995-05-27,7.911
1995-05-28,10.599
1995-05-29,7.047
1995-05-30,8.316
1995-05-31,11.196
1995-06-01,4.012
1995-06-02,10.066
1995-06-03,15.542
1995-06-04,7.092
1995-06-05,15.034
1995-06-06,6.578
1995-06-07,14.71
1995-06-08,11.54
1995-06-09,13.39
1995-06-10,15.137
1995-06-11,14.034
1995-06-12,7.736
1995-06-13,8.838
1995-06-14,13.316
1995-06-15,9.655
1995-06-16,6.873
1995-06-17,5.58
1995-06-18,13.984
1995-06-19,3.626
1995-06-20,3.986
1995-06-21,5.133
1995-06-22,15.426
1995-06-23,14.194
1995-06-24,8.247
1995-06-25,14.877
1995-06-26,9.961
1995-06-27,12.946
1995-06-28,13.471
1995-06-29,14.823
1995-06-30,3.894
1995-07-01,7.833
1995-07-02,13.496
1995-07-03,12.77
1995-07-04,5.878
1995-07-05,5.061
1995-07-06,7.819
1995-07-07,3.462
1995-07-08,13.49
1995-07-09,5.338
1995-07-10,8.761
1995-07-11,12.138
1995-07-12,11.373
1995-07-13,15.574
1995-07-14,3.501
1995-07-15,6.849
1995-07-16,6.898
1995-07-17,13.142
1995-07-18,14.662
1995-07-19,4.768
1995-07-20,11.814
1995-07-21,7.797
1995-07-22,9.298
1995-07-23,16.028
1995-07-24,11.059
1995-07-25,11.586
1995-07-26,5.18
1995-07-27,3.899
1995-07-28,5.644
1995-07-29,5.283
1995-07-30,6.709
1995-07-31,7.986
1995-08-01,6.204
1995-08-02,6.16
1995-08-03,4.588
1995-08-04,14.122
1995-08-05,10.913
1995-08-06,11.731
1995-08-07,14.049
1995-08-08,10.291
1995-08-09,13.406
1995-08-10,16.213
1995-08-11,10.162
1995-08-12,7.946
1995-08-13,14.132
1995-08-14,6.991
1995-08-15,4.222
1995-08-16,9.536
1995-08-17,6.039
1995-08-18,16.065
1995-08-19,10.022
1995-08-20,14.724
1995-08-21,9.993
1995-08-22,3.77
1995-08-23,4.494
1995-08-24,11.281
1995-08-25,10.813
1995-08-26,11.216
1995-08-27,13.392
1995-08-28,15.013
1995-08-29,16.091
1995-08-30,14.377
1995-08-31,10.454
1995-09-01,4.087
1995-09-02,10.587
1995-09-03,6.579
1995-09-04,10.74
1995-09-05,10.789
1995-09-06,14.914
1995-09-07,4.679
1995-09-08,15.732
1995-09-09,10.434
1995-09-10,9.579
1995-09-11,7.37
1995-09-12,4.532
1995-09-13,14.593
1995-09-14,14.91
1995-09-15,14.791
1995-09-16,5.491
1995-09-17,5.3
1995-09-18,12.315
1995-09-19,8.655
1995-09-20,6.797
1995-09-21,13.592
1995-09-22,4.876
1995-09-23,14.995
1995-09-24,5.996
1995-09-25,11.318
1995-09-26,9.475
1995-09-27,14.025
1995-09-28,14.077
1995-09-29,13.292
1995-09-30,7.536
1995-10-01,7.157
1995-10-02,11.438
1995-10-03,7.33
1995-10-04,10.517
1995-10-05,10.74
1995-10-06,3.494
1995-10-07,5.139
1995-10-08,14.88
1995-10-09,8.309
1995-10-10,4.784
1995-10-11,5.651
1995-10-12,6.082
1995-10-13,9.468
1995-10-14,11.358
1995-10-15,8.657
1995-10-16,4.94
1995-10-17,11.409
1995-10-18,13.646
1995-10-19,12.013
1995-10-20,10.204
1995-10-21,6.438
1995-10-22,6.954
1995-10-23,7.918
1995-10-24,14.045
1995-10-25,12.303
1995-10-26,8.712
1995-10-27,16.288
1995-10-28,16.149
1995-10-29,7.804
1995-10-30,15.087
1995-10-31,12.983
1995-11-01,15.167
1995-11-02,15.566
1995-11-03,10.998
1995-11-04,15.847
1995-11-05,11.912
1995-11-06,5.339
1995-11-07,4.122
1995-11-08,9.919
1995-11-09,4.682
1995-11-10,4.405
1995-11-11,3.639
1995-11-12,8.556
1995-11-13,5.166
1995-11-14,4.954
1995-11-15,12.723
1995-11-16,14.961
1995-11-17,7.212
1995-11-18,5.625
1995-11-19,6.292
1995-11-20,7.068
1995-11-21,13.668
1995-11-22,6.75
1995-11-23,12.863
1995-11-24,15.146
1995-11-25,14.883
1995-11-26,8.162
1995-11-27,11.277
1995-11-28,7.956
1995-11-29,14.865
1995-11-30,11.675
1995-12-01,15.722
1995-12-02,16.307
1995-12-03,12.362
1995-12-04,4.15
1995-12-05,4.494
1995-12-06,11.707
1995-12-07,8.187
1995-12-08,7.157
1995-12-09,4.48
1995-12-10,11.578
1995-12-11,13.237
1995-12-12,10.52
1995-12-13,7.56
1995-12-14,14.269
1995-12-15,11.343
1995-12-16,7.813
1995-12-17,7.924
1995-12-18,10.502
1995-12-19,10.162
1995-12-20,6.246
1995-12-21,8.457
1995-12-22,13.34
1995-12-23,10.801
1995-12-24,4.393
1995-12-25,8.431
1995-12-26,4.249
1995-12-27,6.996
1995-12-28,8.968
1995-12-29,14.936
1995-12-30,10.119
1995-12-31,13.003
1996-01-01,7.417
1996-01-02,10.575
1996-01-03,6.012
1996-01-04,6.761
1996-01-05,14.94
1996-01-06,3.927
1996-01-07,11.936
1996-01-08,5.572
1996-01-09,4.486
1996-01-10,14.499
1996-01-11,11.692
1996-01-12,12.579
1996-01-13,8.127
1996-01-14,9.92
1996-01-15,8.664
1996-01-16,15.699
1996-01-17,8.795
1996-01-18,12.727
1996-01-19,8.654
1996-01-20,11.75
1996-01-21,16.205
1996-01-22,14.66
1996-01-23,13.447
1996-01-24,3.545
1996-01-25,5.744
1996-01-26,7.433
1996-01-27,9.987
1996-01-28,5.898
1996-01-29,15.093
1996-01-30,12.698
1996-01-31,9.704
1996-02-01,3.585
1996-02-02,12.696
1996-02-03,13.147
1996-02-04,5.392
1996-02-05,15.062
1996-02-06,4.764
1996-02-07,14.578
1996-02-08,9.643
1996-02-09,7.798
1996-02-10,13.588
1996-02-11,7.284
1996-02-12,8.396
1996-02-13,9.627
1996-02-14,12.017
1996-02-15,6.233
1996-02-16,9.982
1996-02-17,13.349
1996-02-18,11.505
1996-02-19,11.207
1996-02-20,7.248
1996-02-21,12.341
1996-02-22,3.832
1996-02-23,11.983
1996-02-24,6.963
1996-02-25,13.106
1996-02-26,6.596
1996-02-27,14.095
1996-02-28,14.533
1996-02-29,12.671
1996-03-01,10.776
1996-03-02,8.539
1996-03-03,8.634
1996-03-04,4.632
1996-03-05,9.325
1996-03-06,10.802
1996-03-07,6.184
1996-03-08,10.829
1996-03-09,10.64
1996-03-10,10.582
1996-03-11,14.918
1996-03-12,5.725
1996-03-13,11.126
1996-03-14,14.736
1996-03-15,10.107
1996-03-16,6.645
1996-03-17,12.471
1996-03-18,4.12
1996-03-19,7.869
1996-03-20,6.356
1996-03-21,13.661
1996-03-22,11.274
1996-03-23,8.29
1996-03-24,9.986
1996-03-25,10.343
1996-03-26,8.012
1996-03-27,3.749
1996-03-28,9.254
1996-03-29,3.96
1996-03-30,15.164
1996-03-31,5.339
1996-04-01,9.731
1996-04-02,8.728
1996-04-03,8.47
1996-04-04,16.383
1996-04-05,4.479
1996-04-06,11.905
1996-04-07,15.172
1996-04-08,11.274
1996-04-09,5.496
1996-04-10,12.916
1996-04-11,10.701
1996-04-12,6.757
1996-04-13,9.744
1996-04-14,10.699
1996-04-15,8.437
1996-04-16,7.683
1996-04-17,16.388
1996-04-18,16.182
1996-04-19,3.573
1996-04-20,8.216
1996-04-21,9.354
1996-04-22,8.834
1996-04-23,5.889
1996-04-24,9.23
1996-04-25,4.707
1996-04-26,16.202
1996-04-27,13.296
1996-04-28,12.053
1996-04-29,9.57
1996-04-30,3.348
1996-05-01,6.456
1996-05-02,7.45
1996-05-03,13.278
1996-05-04,4.398
1996-05-05,14.293
1996-05-06,12.54
1996-05-07,7.048
1996-05-08,10.814
1996-05-09,12.337
1996-05-10,10.504
1996-05-11,3.666
1996-05-12,14.042
1996-05-13,12.482
1996-05-14,9.765
1996-05-15,7.281
1996-05-16,10.377
1996-05-17,12.331
1996-05-18,7.655
1996-05-19,13.029
1996-05-20,8.847
1996-05-21,3.928
1996-05-22,14.8
1996-05-23,14.504
1996-05-24,14.568
1996-05-25,8.061
1996-05-26,9.674
1996-05-27,4.805
1996-05-28,9.768
1996-05-29,13.301
1996-05-30,4.069
1996-05-31,8.435
1996-06-01,3.573
1996-06-02,10.063
1996-06-03,16.295
1996-06-04,8.067
1996-06-05,15.856
1996-06-06,4.811
1996-06-07,11.72
1996-06-08,13.595
1996-06-09,11.88
1996-06-10,4.358
1996-06-11,3.896
1996-06-12,12.299
1996-06-13,12.206
1996-06-14,9.492
1996-06-15,8.932
1996-06-16,8.708
1996-06-17,11.379
1996-06-18,14.259
1996-06-19,9.902
1996-06-20,3.803
1996-06-21,13.605
1996-06-22,9.54
1996-06-23,11.831
1996-06-24,3.489
1996-06-25,9.376
1996-06-26,3.468
1996-06-27,15.806
1996-06-28,13.983
1996-06-29,8.623
1996-06-30,16.391
1996-07-01,3.566
1996-07-02,8.378
1996-07-03,3.367
1996-07-04,7.146
1996-07-05,12.393
1996-07-06,10.179
1996-07-07,11.564
1996-07-08,15.773
1996-07-09,16.325
1996-07-10,8.371
1996-07-11,9.358
1996-07-12,9.366
1996-07-13,10.239
1996-07-14,15.981
1996-07-15,11.816
1996-07-16,13.355
1996-07-17,10.58
1996-07-18,4.69
1996-07-19,9.818
1996-07-20,16.371
1996-07-21,10.374
1996-07-22,4.527
1996-07-23,10.849
1996-07-24,12.858
1996-07-25,14.716
1996-07-26,7.059
1996-07-27,11.636
1996-07-28,3.385
1996-07-29,9.456
1996-07-30,13.419
1996-07-31,8.595
1996-08-01,14.754
1996-08-02,15.253
1996-08-03,4.462
1996-08-04,8.835
1996-08-05,8.114
1996-08-06,15.108
1996-08-07,13.374
1996-08-08,13.709
1996-08-09,6.006
1996-08-10,12.541
1996-08-11,7.21
1996-08-12,11.993
1996-08-13,5.367
1996-08-14,14.768
1996-08-15,14.91
1996-08-16,6.909
1996-08-17,8.747
1996-08-18,10.257
1996-08-19,10.372
1996-08-20,13.938
1996-08-21,9.202
1996-08-22,13.858
1996-08-23,8.937
1996-08-24,15.693
1996-08-25,6.729
1996-08-26,8.507
1996-08-27,9.976
1996-08-28,14.846
1996-08-29,10.675
1996-08-30,15.08
1996-08-31,14.825
1996-09-01,15.05
1996-09-02,13.717
1996-09-03,11.437
1996-09-04,15.681
1996-09-05,3.951
1996-09-06,11.28
1996-09-07,4.753
1996-09-08,7.167
1996-09-09,14.166
1996-09-10,7.882
1996-09-11,7.726
1996-09-12,15.254
1996-09-13,4.746
1996-09-14,9.108
1996-09-15,4.142
1996-09-16,3.908
1996-09-17,7.437
1996-09-18,15.206
1996-09-19,5.996
1996-09-20,7.928
1996-09-21,14.352
1996-09-22,13.579
1996-09-23,7.659
1996-09-24,5.112
1996-09-25,10.6
1996-09-26,7.295
1996-09-27,12.197
1996-09-28,7.512
1996-09-29,8.54
1996-09-30,5.787
1996-10-01,11.346
1996-10-02,7.728
1996-10-03,5.157
1996-10-04,14.798
1996-10-05,12.825
1996-10-06,7.029
1996-10-07,10.877
1996-10-08,9.065
1996-10-09,6.648
1996-10-10,11.34
1996-10-11,8.244
1996-10-12,14.358
1996-10-13,8.935
1996-10-14,4.391
1996-10-15,8.676
1996-10-16,7.914
1996-10-17,4.319
1996-10-18,8.28
1996-10-19,13.277
1996-10-20,8.448
1996-10-21,11.494
1996-10-22,10.795
1996-10-23,16.407
1996-10-24,7.267
1996-10-25,10.594
1996-10-26,16.023
1996-10-27,7.404
1996-10-28,13.061
1996-10-29,15.215
1996-10-30,8.657
1996-10-31,3.533
1996-11-01,11.477
1996-11-02,7.005
1996-11-03,5.437
1996-11-04,3.923
1996-11-05,9.265
1996-11-06,7.32
1996-11-07,4.306
1996-11-08,15.247
1996-11-09,7.017
1996-11-10,6.775
1996-11-11,5.803
1996-11-12,7.008
1996-11-13,5.985
1996-11-14,11.747
1996-11-15,7.194
1996-11-16,13.024
1996-11-17,3.646
1996-11-18,10.023
1996-11-19,8.796
1996-11-20,14.872
1996-11-21,13.01
1996-11-22,14.227
1996-11-23,12.24
1996-11-24,11.371
1996-11-25,9.612
1996-11-26,6.338
1996-11-27,6.426
1996-11-28,4.151
1996-11-29,13.59
1996-11-30,14.021
1996-12-01,10.209
1996-12-02,4.185
1996-12-03,4.971
1996-12-04,7.476
1996-12-05,12.317
1996-12-06,9.308
1996-12-07,7.44
1996-12-08,6.505
1996-12-09,3.602
1996-12-10,11.915
1996-12-11,11.259
1996-12-12,11.936
1996-12-13,7.373
1996-12-14,14.353
1996-12-15,10.78
1996-12-16,15.254
1996-12-17,14.243
1996-12-18,8.907
1996-12-19,8.94
1996-12-20,4.209
1996-12-21,3.675
1996-12-22,16.403
1996-12-23,8.826
1996-12-24,5.706
1996-12-25,6.806
1996-12-26,4.518
1996-12-27,6.172
1996-12-28,7.671
1996-12-29,9.677
1996-12-30,11.205
1996-12-31,9.379
1997-01-01,15.94
1997-01-02,8.819
1997-01-03,8.102
1997-01-04,12.27
1997-01-05,3.746
1997-01-06,6.425
1997-01-07,8.633
1997-01-08,4.594
1997-01-09,3.798
1997-01-10,6.243
1997-01-11,11.128
1997-01-12,5.389
1997-01-13,7.168
1997-01-14,9.871
1997-01-15,12.062
1997-01-16,15.442
1997-01-17,6.677
1997-01-18,6.809
1997-01-19,15.019
1997-01-20,7.345
1997-01-21,4.821
1997-01-22,4.553
1997-01-23,12.982
1997-01-24,9.033
1997-01-25,12.357
1997-01-26,15.816
1997-01-27,10.741
1997-01-28,9.98
1997-01-29,14.58
1997-01-30,6.76
1997-01-31,11.651
1997-02-01,11.922
1997-02-02,13.762
1997-02-03,3.987
1997-02-04,11.593
1997-02-05,13.091
1997-02-06,10.33
1997-02-07,10.87
1997-02-08,12.429
1997-02-09,6.281
1997-02-10,15.438
1997-02-11,6.919
1997-02-12,5.684
1997-02-13,7.998
1997-02-14,4.423
1997-02-15,9.869
1997-02-16,6.82
1997-02-17,12.852
1997-02-18,15.847
1997-02-19,11.518
1997-02-20,5.555
1997-02-21,4.979
1997-02-22,13.837
1997-02-23,13.246
1997-02-24,5.779
1997-02-25,13.691
1997-02-26,6.138
1997-02-27,16.195
1997-02-28,16.254
1997-03-01,12.374
1997-03-02,8.428
1997-03-03,11.634
1997-03-04,12.833
1997-03-05,7.507
1997-03-06,15.126
1997-03-07,12.805
1997-03-08,7.929
1997-03-09,10.179
1997-03-10,12.819
1997-03-11,12.366
1997-03-12,12.471
1997-03-13,6.408
1997-03-14,13.549
1997-03-15,4.541
1997-03-16,12.904
1997-03-17,15.166
1997-03-18,10.897
1997-03-19,4.561
1997-03-20,8.814
1997-03-21,11.69
1997-03-22,8.717
1997-03-23,11.265
1997-03-24,11.491
1997-03-25,4.787
1997-03-26,6.475
1997-03-27,13.969
1997-03-28,4.504
1997-03-29,16.164
1997-03-30,5.825
1997-03-31,6.365
1997-04-01,7.338
1997-04-02,5.371
1997-04-03,5.109
1997-04-04,13.327
1997-04-05,7.175
1997-04-06,15.345
1997-04-07,15.788
1997-04-08,15.492
1997-04-09,15.029
1997-04-10,8.148
1997-04-11,16.043
1997-04-12,9.672
1997-04-13,6.934
1997-04-14,6.726
1997-04-15,15.274
1997-04-16,11.707
1997-04-17,3.888
1997-04-18,12.681
1997-04-19,11.63
1997-04-20,8.395
1997-04-21,14.92
1997-04-22,6.433
1997-04-23,7.752
1997-04-24,13.637
1997-04-25,13.369
1997-04-26,13.037
1997-04-27,12.672
1997-04-28,10.068
1997-04-29,9.146
1997-04-30,4.586
1997-05-01,15.183
1997-05-02,5.06
1997-05-03,5.593
1997-05-04,11.652
1997-05-05,13.57
1997-05-06,3.657
1997-05-07,8.841
1997-05-08,4.934
1997-05-09,12.785
1997-05-10,8.219
1997-05-11,8.342
1997-05-12,8.239
1997-05-13,16.202
1997-05-14,16.3
1997-05-15,11.423
1997-05-16,9.705
1997-05-17,7.987
1997-05-18,14.321
1997-05-19,4.42
1997-05-20,12.669
1997-05-21,8.711
1997-05-22,8.525
1997-05-23,13.685
1997-05-24,11.004
1997-05-25,4.646
1997-05-26,13.419
1997-05-27,10.397
1997-05-28,7.882
1997-05-29,9.07
1997-05-30,7.202
1997-05-31,9.801
1997-06-01,12.916
1997-06-02,6.146
1997-06-03,6.672
1997-06-04,13.233
1997-06-05,14.654
1997-06-06,8.683
1997-06-07,8.995
1997-06-08,7.67
1997-06-09,15.33
1997-06-10,6.012
1997-06-11,12.221
1997-06-12,8.141
1997-06-13,16.388
1997-06-14,8.765
1997-06-15,7.904
1997-06-16,3.704
1997-06-17,9.275
1997-06-18,11.393
1997-06-19,14.646
1997-06-20,11.621
1997-06-21,13.734
1997-06-22,15.581
1997-06-23,10.528
1997-06-24,8.98
1997-06-25,4.179
1997-06-26,6.165
1997-06-27,5.043
1997-06-28,10.153
1997-06-29,6.419
1997-06-30,10.392
1997-07-01,14.273
1997-07-02,8.083
1997-07-03,12.268
1997-07-04,9.492
1997-07-05,9.204
1997-07-06,9.836
1997-07-07,4.712
1997-07-08,9.108
1997-07-09,15.352
1997-07-10,9.36
1997-07-11,4.531
1997-07-12,10.084
1997-07-13,15.365
1997-07-14,11.547
1997-07-15,7.639
1997-07-16,5.918
1997-07-17,4.719
1997-07-18,8.591
1997-07-19,8.135
1997-07-20,10.125
1997-07-21,13.888
1997-07-22,9.225
1997-07-23,11.335
1997-07-24,6.711
1997-07-25,14.884
1997-07-26,11.139
1997-07-27,15.851
1997-07-28,6.941
1997-07-29,4.735
1997-07-30,6.061
1997-07-31,9.555
1997-08-01,5.802
1997-08-02,9.309
1997-08-03,7.302
1997-08-04,16.372
1997-08-05,13.048
1997-08-06,10.313
1997-08-07,10.857
1997-08-08,15.469
1997-08-09,6.188
1997-08-10,9.532
1997-08-11,10.967
1997-08-12,6.833
1997-08-13,13.453
1997-08-14,9.047
1997-08-15,12.008
1997-08-16,5.435
1997-08-17,7.814
1997-08-18,5.748
1997-08-19,9.522
1997-08-20,9.01
1997-08-21,6.39
1997-08-22,4.403
1997-08-23,7.773
1997-08-24,10.461
1997-08-25,10.639
1997-08-26,5.079
1997-08-27,4.174
1997-08-28,16.257
1997-08-29,9.359
1997-08-30,15.534
1997-08-31,14.464
1997-09-01,4.871
1997-09-02,13.654
1997-09-03,15.922
1997-09-04,7.238
1997-09-05,13.954
1997-09-06,13.759
1997-09-07,6.951
1997-09-08,9.713
1997-09-09,9.611
1997-09-10,8.601
1997-09-11,15.979
1997-09-12,10.49
1997-09-13,15.527
1997-09-14,10.323
1997-09-15,3.474
1997-09-16,15.677
1997-09-17,7.886
1997-09-18,12.04
1997-09-19,11.403
1997-09-20,5.743
1997-09-21,12.42
1997-09-22,8.762
1997-09-23,12.28
1997-09-24,8.92
1997-09-25,8.671
1997-09-26,6.112
1997-09-27,13.091
1997-09-28,5.938
1997-09-29,9.945
1997-09-30,8.287
1997-10-01,10.288
1997-10-02,6.571
1997-10-03,11.063
1997-10-04,14.505
1997-10-05,12.966
1997-10-06,14.522
1997-10-07,10.056
1997-10-08,10.93
1997-10-09,10.698
1997-10-10,10.144
1997-10-11,12.105
1997-10-12,5.79
1997-10-13,5.275
1997-10-14,10.352
1997-10-15,13.755
1997-10-16,14.55
1997-10-17,5.558
1997-10-18,15.289
1997-10-19,14.535
1997-10-20,5.016
1997-10-21,12.623
1997-10-22,8.014
1997-10-23,15.273
1997-10-24,9.959
1997-10-25,8.926
1997-10-26,7.606
1997-10-27,6.53
1997-10-28,14.311
1997-10-29,9.24
1997-10-30,15.173
1997-10-31,13.11
1997-11-01,10.552
1997-11-02,8.329
1997-11-03,4.347
1997-11-04,7.729
1997-11-05,9.705
1997-11-06,15.619
1997-11-07,7.385
1997-11-08,14.491
1997-11-09,4.551
1997-11-10,14.968
1997-11-11,8.086
1997-11-12,14.932
1997-11-13,6.773
1997-11-14,9.715
1997-11-15,14.184
1997-11-16,10.952
1997-11-17,10.421
1997-11-18,4.281
1997-11-19,15.197
1997-11-20,13.046
1997-11-21,9.038
1997-11-22,10.319
1997-11-23,15.225
1997-11-24,7.772
1997-11-25,15.21
1997-11-26,11.408
1997-11-27,3.943
1997-11-28,9.295
1997-11-29,15.691
1997-11-30,7.884
1997-12-01,6.788
1997-12-02,15.906
1997-12-03,14.845
1997-12-04,3.803
1997-12-05,7.069
1997-12-06,8.937
1997-12-07,15.335
1997-12-08,4.446
1997-12-09,9.733
1997-12-10,14.051
1997-12-11,3.472
1997-12-12,13.152
1997-12-13,7.8
1997-12-14,15.641
1997-12-15,10.958
1997-12-16,16.389
1997-12-17,7.546
1997-12-18,12.942
1997-12-19,8.759
1997-12-20,4.238
1997-12-21,8.703
1997-12-22,14.097
1997-12-23,3.969
1997-12-24,12.974
1997-12-25,12.235
1997-12-26,10.035
1997-12-27,8.45
1997-12-28,5.042
1997-12-29,14.962
1997-12-30,13.933
1997-12-31,4.387
1998-01-01,7.484
1998-01-02,10.363
1998-01-03,13.453
1998-01-04,8.774
1998-01-05,5.381
1998-01-06,14.577
1998-01-07,14.109
1998-01-08,11.109
1998-01-09,6.538
1998-01-10,9.004
1998-01-11,11.742
1998-01-12,10.788
1998-01-13,8.42
1998-01-14,13.127
1998-01-15,6.257
1998-01-16,12.875
1998-01-17,5.938
1998-01-18,9.404
1998-01-19,9.383
1998-01-20,10.458
1998-01-21,13.645
1998-01-22,8.544
1998-01-23,9.157
1998-01-24,15.318
1998-01-25,14.999
1998-01-26,4.071
1998-01-27,11.132
1998-01-28,4.106
1998-01-29,5.791
1998-01-30,15.996
1998-01-31,13.008
1998-02-01,4.195
1998-02-02,4.82
1998-02-03,9.175
1998-02-04,3.36
1998-02-05,4.561
1998-02-06,8.652
1998-02-07,11.465
1998-02-08,6.144
1998-02-09,11.085
1998-02-10,6.203
1998-02-11,9.371
1998-02-12,10.482
1998-02-13,10.231
1998-02-14,11.418
1998-02-15,14.983
1998-02-16,3.512
1998-02-17,8.16
1998-02-18,13.667
1998-02-19,15.022
1998-02-20,13.867
1998-02-21,15.445
1998-02-22,4.126
1998-02-23,4.637
1998-02-24,8.03
1998-02-25,4.428
1998-02-26,3.803
1998-02-27,12.939
1998-02-28,6.591
1998-03-01,11.622
1998-03-02,13.778
1998-03-03,16.154
1998-03-04,15.374
1998-03-05,13.12
1998-03-06,15.932
1998-03-07,5.305
1998-03-08,11.017
1998-03-09,8.071
1998-03-10,13.95
1998-03-11,10.512
1998-03-12,6.32
1998-03-13,10.423
1998-03-14,11.184
1998-03-15,5.727
1998-03-16,11.113
1998-03-17,15.678
1998-03-18,12.049
1998-03-19,11.678
1998-03-20,13.458
1998-03-21,5.793
1998-03-22,11.053
1998-03-23,4.371
1998-03-24,14.327
1998-03-25,10.091
1998-03-26,6.577
1998-03-27,12.626
1998-03-28,6.209
1998-03-29,13.152
1998-03-30,13.93
1998-03-31,10.46
1998-04-01,11.667
1998-04-02,5.715
1998-04-03,6.109
1998-04-04,14.313
1998-04-05,12.133
1998-04-06,8.822
1998-04-07,12.375
1998-04-08,10.812
1998-04-09,4.094
1998-04-10,12.275
1998-04-11,3.767
1998-04-12,4.708
1998-04-13,16.166
1998-04-14,16.148
1998-04-15,7.045
1998-04-16,3.687
1998-04-17,4.421
1998-04-18,15.173
1998-04-19,6.508
1998-04-20,13.42
1998-04-21,6.941
1998-04-22,15.374
1998-04-23,7.294
1998-04-24,4.91
1998-04-25,15.768
1998-04-26,6.639
1998-04-27,3.346
1998-04-28,10.233
1998-04-29,16.37
1998-04-30,9.445
1998-05-01,7.802
1998-05-02,16.3
1998-05-03,12.246
1998-05-04,10.387
1998-05-05,11.518
1998-05-06,15.089
1998-05-07,8.961
1998-05-08,13.97
1998-05-09,14.952
1998-05-10,3.804
1998-05-11,14.54
1998-05-12,7.746
1998-05-13,11.161
1998-05-14,9.511
1998-05-15,15.586
1998-05-16,9.105
1998-05-17,14.482
1998-05-18,16.028
1998-05-19,13.916
1998-05-20,12.811
1998-05-21,5.448
1998-05-22,15.378
1998-05-23,4.154
1998-05-24,10.213
1998-05-25,12.218
1998-05-26,10.479
1998-05-27,10.088
1998-05-28,4.917
1998-05-29,13.504
1998-05-30,10.644
1998-05-31,15.586
1998-06-01,11.796
1998-06-02,15.574
1998-06-03,13.117
1998-06-04,3.513
1998-06-05,15.745
1998-06-06,4.157
1998-06-07,8.572
1998-06-08,12.998
1998-06-09,13.641
1998-06-10,13.14
1998-06-11,14.394
1998-06-12,7.83
1998-06-13,11.027
1998-06-14,16.157
1998-06-15,15.947
1998-06-16,7.656
1998-06-17,13.068
1998-06-18,10.189
1998-06-19,11.594
1998-06-20,13.446
1998-06-21,6.0
1998-06-22,8.248
1998-06-23,14.714
1998-06-24,6.633
1998-06-25,8.131
1998-06-26,12.851
1998-06-27,15.817
1998-06-28,14.915
1998-06-29,7.606
1998-06-30,4.445
1998-07-01,6.262
1998-07-02,11.012
1998-07-03,13.207
1998-07-04,5.664
1998-07-05,3.828
1998-07-06,6.316
1998-07-07,7.387
1998-07-08,6.781
1998-07-09,4.902
1998-07-10,12.176
1998-07-11,13.029
1998-07-12,14.844
1998-07-13,12.396
1998-07-14,8.224
1998-07-15,5.66
1998-07-16,9.772
1998-07-17,6.096
1998-07-18,14.809
1998-07-19,15.769
1998-07-20,15.297
1998-07-21,11.505
1998-07-22,5.9
1998-07-23,8.509
1998-07-24,13.593
1998-07-25,16.242
1998-07-26,8.409
1998-07-27,13.695
1998-07-28,8.871
1998-07-29,8.738
1998-07-30,7.723
1998-07-31,15.496
1998-08-01,10.752
1998-08-02,5.24
1998-08-03,13.872
1998-08-04,4.512
1998-08-05,7.858
1998-08-06,14.6
1998-08-07,14.606
1998-08-08,13.909
1998-08-09,4.273
1998-08-10,11.333
1998-08-11,15.611
1998-08-12,9.536
1998-08-13,5.904
1998-08-14,8.826
1998-08-15,15.809
1998-08-16,5.945
1998-08-17,8.27
1998-08-18,12.205
1998-08-19,10.198
1998-08-20,7.816
1998-08-21,3.628
1998-08-22,13.185
1998-08-23,7.069
1998-08-24,6.004
1998-08-25,10.676
1998-08-26,12.25
1998-08-27,10.255
1998-08-28,9.596
1998-08-29,9.355
1998-08-30,9.678
1998-08-31,14.073
1998-09-01,10.884
1998-09-02,7.195
1998-09-03,10.726
1998-09-04,8.763
1998-09-05,15.025
1998-09-06,5.744
1998-09-07,12.137
1998-09-08,6.25
1998-09-09,13.222
1998-09-10,11.623
1998-09-11,8.587
1998-09-12,14.193
1998-09-13,11.206
1998-09-14,11.381
1998-09-15,11.507
1998-09-16,9.105
1998-09-17,10.791
1998-09-18,14.95
1998-09-19,12.608
1998-09-20,15.438
1998-09-21,7.195
1998-09-22,10.008
1998-09-23,11.801
1998-09-24,9.966
1998-09-25,8.98
1998-09-26,4.383
1998-09-27,11.128
1998-09-28,13.249
1998-09-29,9.603
1998-09-30,15.404
1998-10-01,3.856
1998-10-02,9.284
1998-10-03,13.785
1998-10-04,9.529
1998-10-05,4.449
1998-10-06,9.013
1998-10-07,3.577
1998-10-08,11.838
1998-10-09,13.355
1998-10-10,10.05
1998-10-11,3.376
1998-10-12,11.931
1998-10-13,12.223
1998-10-14,4.645
1998-10-15,10.259
1998-10-16,12.515
1998-10-17,10.075
1998-10-18,10.687
1998-10-19,11.117
1998-10-20,6.769
1998-10-21,13.325
1998-10-22,13.59
1998-10-23,8.242
1998-10-24,5.527
1998-10-25,6.858
1998-10-26,13.151
1998-10-27,4.729
1998-10-28,15.387
1998-10-29,13.448
1998-10-30,12.645
1998-10-31,8.304
1998-11-01,4.57
1998-11-02,3.574
1998-11-03,8.919
1998-11-04,7.757
1998-11-05,14.968
1998-11-06,13.77
1998-11-07,6.81
1998-11-08,9.851
1998-11-09,7.907
1998-11-10,12.618
1998-11-11,13.115
1998-11-12,13.625
1998-11-13,13.392
1998-11-14,11.586
1998-11-15,9.487
1998-11-16,10.012
1998-11-17,15.657
1998-11-18,4.067
1998-11-19,6.648
1998-11-20,14.348
1998-11-21,3.861
1998-11-22,16.38
1998-11-23,11.048
1998-11-24,15.537
1998-11-25,5.919
1998-11-26,10.055
1998-11-27,7.389
1998-11-28,9.764
1998-11-29,15.602
1998-11-30,4.853
1998-12-01,10.774
1998-12-02,16.156
1998-12-03,14.386
1998-12-04,7.858
1998-12-05,10.112
1998-12-06,9.539
1998-12-07,7.745
1998-12-08,12.868
1998-12-09,8.027
1998-12-10,9.637
1998-12-11,12.242
1998-12-12,14.665
1998-12-13,16.291
1998-12-14,9.288
1998-12-15,6.128
1998-12-16,7.729
1998-12-17,10.358
1998-12-18,12.548
1998-12-19,9.778
1998-12-20,8.691
1998-12-21,5.696
1998-12-22,9.97
1998-12-23,8.743
1998-12-24,4.676
1998-12-25,11.507
1998-12-26,12.284
1998-12-27,11.559
1998-12-28,10.624
1998-12-29,8.693
1998-12-30,3.412
1998-12-31,13.695
1999-01-01,7.662
1999-01-02,15.1
1999-01-03,10.434
1999-01-04,15.91
1999-01-05,14.644
1999-01-06,7.759
1999-01-07,9.758
1999-01-08,6.973
1999-01-09,14.571
1999-01-10,11.714
1999-01-11,13.594
1999-01-12,10.812
1999-01-13,11.208
1999-01-14,8.88
1999-01-15,7.329
1999-01-16,12.856
1999-01-17,16.261
1999-01-18,7.189
1999-01-19,13.753
1999-01-20,6.883
1999-01-21,8.771
1999-01-22,14.949
1999-01-23,4.532
1999-01-24,15.929
1999-01-25,14.565
1999-01-26,14.102
1999-01-27,8.758
1999-01-28,3.896
1999-01-29,13.265
1999-01-30,8.492
1999-01-31,16.21
1999-02-01,16.293
1999-02-02,16.056
1999-02-03,5.679
1999-02-04,9.894
1999-02-05,12.026
1999-02-06,5.928
1999-02-07,15.982
1999-02-08,10.6
1999-02-09,6.454
1999-02-10,9.417
1999-02-11,5.252
1999-02-12,3.495
1999-02-13,4.385
1999-02-14,9.432
1999-02-15,6.966
1999-02-16,3.817
1999-02-17,5.345
1999-02-18,9.809
1999-02-19,14.958
1999-02-20,14.792
1999-02-21,14.191
1999-02-22,14.914
1999-02-23,11.937
1999-02-24,13.939
1999-02-25,12.289
1999-02-26,10.477
1999-02-27,11.483
1999-02-28,13.439
1999-03-01,13.694
1999-03-02,4.452
1999-03-03,5.252
1999-03-04,6.873
1999-03-05,8.526
1999-03-06,6.397
1999-03-07,10.658
1999-03-08,4.158
1999-03-09,16.284
1999-03-10,5.403
1999-03-11,13.599
1999-03-12,5.606
1999-03-13,4.186
1999-03-14,5.9
1999-03-15,3.515
1999-03-16,14.361
1999-03-17,8.089
1999-03-18,5.94
1999-03-19,7.421
1999-03-20,12.414
1999-03-21,14.346
1999-03-22,16.165
1999-03-23,9.121
1999-03-24,5.98
1999-03-25,9.369
1999-03-26,6.201
1999-03-27,12.694
1999-03-28,16.357
1999-03-29,7.52
1999-03-30,15.295
1999-03-31,3.511
1999-04-01,10.363
1999-04-02,9.682
1999-04-03,13.308
1999-04-04,10.196
1999-04-05,15.426
1999-04-06,15.458
1999-04-07,6.222
1999-04-08,14.333
1999-04-09,5.359
1999-04-10,9.634
1999-04-11,5.326
1999-04-12,5.923
1999-04-13,6.668
1999-04-14,3.463
1999-04-15,12.063
1999-04-16,3.571
1999-04-17,3.9
1999-04-18,6.431
1999-04-19,10.944
1999-04-20,9.99
1999-04-21,13.865
1999-04-22,8.401
1999-04-23,14.202
1999-04-24,13.997
1999-04-25,15.619
1999-04-26,10.47
1999-04-27,7.734
1999-04-28,8.195
1999-04-29,13.957
1999-04-30,11.091
1999-05-01,14.027
1999-05-02,12.953
1999-05-03,12.709
1999-05-04,16.076
1999-05-05,9.52
1999-05-06,8.3
1999-05-07,4.993
1999-05-08,12.892
1999-05-09,12.993
1999-05-10,15.23
1999-05-11,8.175
1999-05-12,15.704
1999-05-13,5.765
1999-05-14,9.242
1999-05-15,13.856
1999-05-16,15.033
1999-05-17,8.861
1999-05-18,7.321
1999-05-19,9.984
1999-05-20,10.398
1999-05-21,13.994
1999-05-22,10.332
1999-05-23,4.171
1999-05-24,3.351
1999-05-25,7.221
1999-05-26,12.531
1999-05-27,13.86
1999-05-28,13.446
1999-05-29,13.11
1999-05-30,8.481
1999-05-31,4.933
1999-06-01,4.365
1999-06-02,4.836
1999-06-03,7.775
1999-06-04,13.091
1999-06-05,7.662
1999-06-06,11.046
1999-06-07,9.236
1999-06-08,14.998
1999-06-09,14.189
1999-06-10,14.395
1999-06-11,6.88
1999-06-12,4.632
1999-06-13,10.87
1999-06-14,14.071
1999-06-15,11.259
1999-06-16,11.237
1999-06-17,3.534
1999-06-18,14.42
1999-06-19,10.191
1999-06-20,5.053
1999-06-21,4.421
1999-06-22,8.304
1999-06-23,7.191
1999-06-24,3.809
1999-06-25,4.78
1999-06-26,9.008
1999-06-27,8.916
1999-06-28,4.819
1999-06-29,8.957
1999-06-30,3.885
1999-07-01,4.499
1999-07-02,8.394
1999-07-03,11.212
1999-07-04,9.633
1999-07-05,16.102
1999-07-06,15.196
1999-07-07,6.642
1999-07-08,10.751
1999-07-09,11.769
1999-07-10,4.987
1999-07-11,13.545
1999-07-12,11.516
1999-07-13,9.479
1999-07-14,10.153
1999-07-15,11.906
1999-07-16,6.098
1999-07-17,4.201
1999-07-18,8.569
1999-07-19,6.394
1999-07-20,11.364
1999-07-21,8.753
1999-07-22,10.36
1999-07-23,5.005
1999-07-24,6.846
1999-07-25,12.378
1999-07-26,3.61
1999-07-27,6.553
1999-07-28,14.262
1999-07-29,16.105
1999-07-30,12.223
1999-07-31,7.641
1999-08-01,15.862
1999-08-02,8.751
1999-08-03,10.33
1999-08-04,12.368
1999-08-05,9.693
1999-08-06,11.538
1999-08-07,11.678
1999-08-08,13.189
1999-08-09,14.793
1999-08-10,10.446
1999-08-11,7.573
1999-08-12,12.069
1999-08-13,12.642
1999-08-14,6.37
1999-08-15,4.662
1999-08-16,10.341
1999-08-17,6.871
1999-08-18,8.289
1999-08-19,5.524
1999-08-20,16.326
1999-08-21,6.352
1999-08-22,15.461
1999-08-23,9.806
1999-08-24,4.129
1999-08-25,14.843
1999-08-26,14.07
1999-08-27,4.704
1999-08-28,7.98
1999-08-29,6.144
1999-08-30,11.313
1999-08-31,15.304
1999-09-01,4.984
1999-09-02,9.661
1999-09-03,9.553
1999-09-04,5.89
1999-09-05,8.737
1999-09-06,12.44
1999-09-07,4.289
1999-09-08,16.198
1999-09-09,3.945
1999-09-10,3.437
1999-09-11,9.62
1999-09-12,13.336
1999-09-13,8.759
1999-09-14,8.43
1999-09-15,5.834
1999-09-16,6.056
1999-09-17,10.016
1999-09-18,10.728
1999-09-19,5.478
1999-09-20,5.448
1999-09-21,15.52
1999-09-22,10.741
1999-09-23,4.398
1999-09-24,10.866
1999-09-25,15.136
1999-09-26,13.079
1999-09-27,15.626
1999-09-28,12.188
1999-09-29,15.266
1999-09-30,9.229
1999-10-01,14.901
1999-10-02,8.72
1999-10-03,7.448
1999-10-04,14.007
1999-10-05,4.185
1999-10-06,13.005
1999-10-07,9.073
1999-10-08,7.535
1999-10-09,13.245
1999-10-10,7.039
1999-10-11,12.134
1999-10-12,16.026
1999-10-13,4.312
1999-10-14,6.555
1999-10-15,7.256
1999-10-16,5.8
1999-10-17,7.332
1999-10-18,7.594
1999-10-19,6.478
1999-10-20,14.503
1999-10-21,4.163
1999-10-22,16.249
1999-10-23,4.572
1999-10-24,4.209
1999-10-25,6.448
1999-10-26,4.61
1999-10-27,6.345
1999-10-28,7.674
1999-10-29,16.275
1999-10-30,5.385
1999-10-31,8.967
1999-11-01,12.869
1999-11-02,10.411
1999-11-03,9.764
1999-11-04,10.38
1999-11-05,12.508
1999-11-06,15.054
1999-11-07,15.452
1999-11-08,15.956
1999-11-09,9.437
1999-11-10,5.291
1999-11-11,5.501
1999-11-12,14.602
1999-11-13,5.549
1999-11-14,4.357
1999-11-15,12.653
1999-11-16,13.487
1999-11-17,7.223
1999-11-18,3.643
1999-11-19,3.367
1999-11-20,14.261
1999-11-21,15.065
1999-11-22,9.602
1999-11-23,11.875
1999-11-24,7.113
1999-11-25,14.565
1999-11-26,5.159
1999-11-27,8.6
1999-11-28,9.739
1999-11-29,12.708
1999-11-30,7.379
1999-12-01,10.046
1999-12-02,10.217
1999-12-03,9.853
1999-12-04,16.158
1999-12-05,9.823
1999-12-06,6.574
1999-12-07,4.838
1999-12-08,4.486
1999-12-09,8.313
1999-12-10,15.066
1999-12-11,7.464
1999-12-12,15.499
1999-12-13,7.229
1999-12-14,7.956
1999-12-15,7.327
1999-12-16,15.132
1999-12-17,3.896
1999-12-18,7.763
1999-12-19,10.258
1999-12-20,8.307
1999-12-21,14.871
1999-12-22,4.805
1999-12-23,13.794
1999-12-24,14.595
1999-12-25,7.023
1999-12-26,15.186
1999-12-27,7.914
1999-12-28,5.31
1999-12-29,4.515
1999-12-30,7.254
1999-12-31,10.274
2000-01-01,10.671
2000-01-02,15.43
2000-01-03,6.196
2000-01-04,4.763
2000-01-05,13.499
2000-01-06,15.624
2000-01-07,6.964
2000-01-08,3.979
2000-01-09,5.726
2000-01-10,15.812
2000-01-11,9.95
2000-01-12,6.617
2000-01-13,15.286
2000-01-14,15.523
2000-01-15,9.839
2000-01-16,7.914
2000-01-17,10.913
2000-01-18,3.503
2000-01-19,9.76
2000-01-20,8.783
2000-01-21,6.346
2000-01-22,11.65
2000-01-23,4.309
2000-01-24,15.028
2000-01-25,13.028
2000-01-26,10.683
2000-01-27,9.345
2000-01-28,12.503
2000-01-29,10.099
2000-01-30,15.794
2000-01-31,5.695
2000-02-01,16.278
2000-02-02,6.675
2000-02-03,5.561
2000-02-04,7.398
2000-02-05,9.513
2000-02-06,6.277
2000-02-07,6.381
2000-02-08,13.748
2000-02-09,6.255
2000-02-10,7.579
2000-02-11,11.125
2000-02-12,5.712
2000-02-13,8.342
2000-02-14,8.744
2000-02-15,3.703
2000-02-16,6.375
2000-02-17,15.767
2000-02-18,10.237
2000-02-19,13.607
2000-02-20,9.464
2000-02-21,15.146
2000-02-22,15.862
2000-02-23,13.366
2000-02-24,9.493
2000-02-25,14.389
2000-02-26,10.764
2000-02-27,10.907
2000-02-28,8.001
2000-02-29,6.58
2000-03-01,4.261
2000-03-02,11.04
2000-03-03,15.512
2000-03-04,4.482
2000-03-05,13.286
2000-03-06,4.902
2000-03-07,5.454
2000-03-08,13.017
2000-03-09,8.308
2000-03-10,13.031
2000-03-11,11.426
2000-03-12,11.412
2000-03-13,12.801
2000-03-14,11.119
2000-03-15,10.453
2000-03-16,3.553
2000-03-17,16.324
2000-03-18,3.474
2000-03-19,13.467
2000-03-20,15.626
2000-03-21,6.963
2000-03-22,8.041
2000-03-23,7.288
2000-03-24,4.756
2000-03-25,14.025
2000-03-26,6.953
2000-03-27,7.254
2000-03-28,9.94
2000-03-29,12.901
2000-03-30,5.205
2000-03-31,4.781
2000-04-01,8.539
2000-04-02,11.991
2000-04-03,9.264
2000-04-04,11.508
2000-04-05,10.159
2000-04-06,16.29
2000-04-07,11.443
2000-04-08,4.438
2000-04-09,14.164
2000-04-10,14.469
2000-04-11,11.252
2000-04-12,14.689
2000-04-13,4.441
2000-04-14,4.859
2000-04-15,7.918
2000-04-16,13.829
2000-04-17,9.366
2000-04-18,7.515
2000-04-19,15.055
2000-04-20,16.379
2000-04-21,12.405
2000-04-22,5.297
2000-04-23,6.687
2000-04-24,3.75
2000-04-25,14.323
2000-04-26,13.493
2000-04-27,6.526
2000-04-28,14.193
2000-04-29,7.917
2000-04-30,4.321
2000-05-01,6.281
2000-05-02,8.326
2000-05-03,10.791
2000-05-04,3.49
2000-05-05,10.057
2000-05-06,9.107
2000-05-07,8.286
2000-05-08,11.083
2000-05-09,14.242
2000-05-10,15.505
2000-05-11,8.317
2000-05-12,12.804
2000-05-13,10.085
2000-05-14,15.036
2000-05-15,4.02
2000-05-16,15.002
2000-05-17,7.896
2000-05-18,5.432
2000-05-19,9.362
2000-05-20,4.311
2000-05-21,6.14
2000-05-22,10.493
2000-05-23,16.402
2000-05-24,6.268
2000-05-25,15.192
2000-05-26,6.924
2000-05-27,4.141
2000-05-28,11.546
2000-05-29,10.559
2000-05-30,5.161
2000-05-31,8.282
2000-06-01,9.743
2000-06-02,14.746
2000-06-03,8.65
2000-06-04,10.144
2000-06-05,12.755
2000-06-06,5.484
2000-06-07,15.055
2000-06-08,14.744
2000-06-09,16.371
2000-06-10,12.38
2000-06-11,10.721
2000-06-12,12.008
2000-06-13,16.007
2000-06-14,4.042
2000-06-15,13.868
2000-06-16,6.164
2000-06-17,12.455
2000-06-18,9.671
2000-06-19,9.593
2000-06-20,11.586
2000-06-21,9.034
2000-06-22,8.037
2000-06-23,6.688
2000-06-24,5.774
2000-06-25,10.66
2000-06-26,13.428
2000-06-27,5.197
2000-06-28,4.036
2000-06-29,4.983
2000-06-30,13.005
2000-07-01,11.576
2000-07-02,3.435
2000-07-03,9.124
2000-07-04,15.891
2000-07-05,5.537
2000-07-06,6.134
2000-07-07,5.688
2000-07-08,9.634
2000-07-09,3.691
2000-07-10,7.844
2000-07-11,4.642
2000-07-12,12.483
2000-07-13,12.878
2000-07-14,8.818
2000-07-15,5.6
2000-07-16,4.337
2000-07-17,11.042
2000-07-18,14.879
2000-07-19,13.479
2000-07-20,4.884
2000-07-21,16.039
2000-07-22,9.728
2000-07-23,13.976
2000-07-24,5.886
2000-07-25,14.517
2000-07-26,3.875
2000-07-27,5.987
2000-07-28,16.262
2000-07-29,6.586
2000-07-30,12.393
2000-07-31,11.746
2000-08-01,16.055
2000-08-02,9.805
2000-08-03,16.183
2000-08-04,4.134
2000-08-05,16.002
2000-08-06,10.185
2000-08-07,9.498
2000-08-08,10.458
2000-08-09,12.816
2000-08-10,5.104
2000-08-11,16.072
2000-08-12,7.826
2000-08-13,14.99
2000-08-14,4.726
2000-08-15,6.391
2000-08-16,13.166
2000-08-17,15.763
2000-08-18,5.729
2000-08-19,11.744
2000-08-20,12.295
2000-08-21,7.332
2000-08-22,9.761
2000-08-23,15.262
2000-08-24,15.12
2000-08-25,11.602
2000-08-26,4.976
2000-08-27,10.347
2000-08-28,16.366
2000-08-29,11.85
2000-08-30,14.588
2000-08-31,5.343
2000-09-01,13.968
2000-09-02,9.211
2000-09-03,11.428
2000-09-04,5.225
2000-09-05,11.522
2000-09-06,16.243
2000-09-07,15.559
2000-09-08,6.337
2000-09-09,6.192
2000-09-10,14.35
2000-09-11,5.636
2000-09-12,6.211
2000-09-13,3.747
2000-09-14,16.007
2000-09-15,14.164
2000-09-16,11.456
2000-09-17,12.049
2000-09-18,8.912
2000-09-19,8.5
2000-09-20,14.163
2000-09-21,5.985
2000-09-22,6.096
2000-09-23,9.13
2000-09-24,4.66
2000-09-25,11.989
2000-09-26,4.865
2000-09-27,10.192
2000-09-28,3.698
2000-09-29,10.657
2000-09-30,14.384
2000-10-01,7.29
2000-10-02,15.068
2000-10-03,10.125
2000-10-04,7.768
2000-10-05,4.498
2000-10-06,16.4
2000-10-07,12.654
2000-10-08,11.668
2000-10-09,16.153
2000-10-10,15.249
2000-10-11,6.745
2000-10-12,9.759
2000-10-13,10.841
2000-10-14,9.138
2000-10-15,3.392
2000-10-16,11.787
2000-10-17,4.941
2000-10-18,9.29
2000-10-19,5.8
2000-10-20,13.312
2000-10-21,13.959
2000-10-22,12.391
2000-10-23,8.863
2000-10-24,8.078
2000-10-25,14.628
2000-10-26,6.053
2000-10-27,7.755
2000-10-28,15.046
2000-10-29,12.769
2000-10-30,10.791
2000-10-31,14.015
2000-11-01,15.458
2000-11-02,4.905
2000-11-03,8.166
2000-11-04,6.024
2000-11-05,3.684
2000-11-06,13.316
2000-11-07,11.061
2000-11-08,4.011
2000-11-09,4.888
2000-11-10,15.645
2000-11-11,11.384
2000-11-12,9.705
2000-11-13,8.732
2000-11-14,5.147
2000-11-15,13.799
2000-11-16,13.216
2000-11-17,8.068
2000-11-18,3.715
2000-11-19,15.176
2000-11-20,15.602
2000-11-21,4.024
2000-11-22,13.444
2000-11-23,11.211
2000-11-24,4.118
2000-11-25,4.409
2000-11-26,4.046
2000-11-27,12.17
2000-11-28,7.578
2000-11-29,7.089
2000-11-30,12.894
2000-12-01,13.329
2000-12-02,8.131
2000-12-03,4.383
2000-12-04,10.669
2000-12-05,11.657
2000-12-06,3.954
2000-12-07,12.392
2000-12-08,14.506
2000-12-09,13.664
2000-12-10,9.028
2000-12-11,11.483
2000-12-12,7.191
2000-12-13,8.453
2000-12-14,7.762
2000-12-15,12.497
2000-12-16,14.012
2000-12-17,14.321
2000-12-18,8.614
2000-12-19,14.404
2000-12-20,13.289
2000-12-21,4.92
2000-12-22,12.368
2000-12-23,4.798
2000-12-24,10.174
2000-12-25,13.119
2000-12-26,6.51
2000-12-27,10.888
2000-12-28,5.914
2000-12-29,14.417
2000-12-30,10.931
2000-12-31,6.143
2001-01-01,13.899
2001-01-02,4.618
2001-01-03,12.064
2001-01-04,14.035
2001-01-05,11.162
2001-01-06,6.744
2001-01-07,3.413
2001-01-08,12.653
2001-01-09,13.403
2001-01-10,10.558
2001-01-11,11.941
2001-01-12,4.36
2001-01-13,9.983
2001-01-14,8.494
2001-01-15,8.791
2001-01-16,15.11
2001-01-17,4.037
2001-01-18,7.706
2001-01-19,7.344
2001-01-20,9.917
2001-01-21,8.748
2001-01-22,10.755
2001-01-23,8.686
2001-01-24,13.881
2001-01-25,13.324
2001-01-26,16.268
2001-01-27,12.598
2001-01-28,13.047
2001-01-29,8.783
2001-01-30,7.938
2001-01-31,4.688
2001-02-01,8.972
2001-02-02,9.829
2001-02-03,14.823
2001-02-04,15.145
2001-02-05,11.193
2001-02-06,14.702
2001-02-07,8.238
2001-02-08,9.753
2001-02-09,13.196
2001-02-10,6.277
2001-02-11,12.457
2001-02-12,7.462
2001-02-13,11.253
2001-02-14,6.6
2001-02-15,13.991
2001-02-16,14.804
2001-02-17,4.45
2001-02-18,12.634
2001-02-19,4.626
2001-02-20,10.614
2001-02-21,11.75
2001-02-22,16.305
2001-02-23,7.475
2001-02-24,8.158
2001-02-25,12.138
2001-02-26,14.715
2001-02-27,13.304
2001-02-28,9.751
2001-03-01,10.192
2001-03-02,5.258
2001-03-03,14.857
2001-03-04,4.505
2001-03-05,4.685
2001-03-06,7.984
2001-03-07,4.392
2001-03-08,10.431
2001-03-09,3.664
2001-03-10,10.281
2001-03-11,13.246
2001-03-12,11.71
2001-03-13,4.953
2001-03-14,6.264
2001-03-15,11.044
2001-03-16,15.786
2001-03-17,10.087
2001-03-18,15.852
2001-03-19,5.311
2001-03-20,11.072
2001-03-21,14.216
2001-03-22,11.682
2001-03-23,13.459
2001-03-24,14.095
2001-03-25,14.76
2001-03-26,13.974
2001-03-27,12.692
2001-03-28,4.001
2001-03-29,16.257
2001-03-30,15.957
2001-03-31,13.036
2001-04-01,12.766
2001-04-02,12.255
2001-04-03,15.12
2001-04-04,9.456
2001-04-05,8.554
2001-04-06,11.12
2001-04-07,11.555
2001-04-08,6.776
2001-04-09,8.283
2001-04-10,8.669
2001-04-11,8.837
2001-04-12,5.066
2001-04-13,4.415
2001-04-14,7.7
2001-04-15,14.051
2001-04-16,5.531
2001-04-17,7.789
2001-04-18,13.075
2001-04-19,9.638
2001-04-20,10.128
2001-04-21,8.988
2001-04-22,7.388
2001-04-23,15.409
2001-04-24,12.416
2001-04-25,8.046
2001-04-26,16.224
2001-04-27,11.166
2001-04-28,14.059
2001-04-29,9.46
2001-04-30,15.454
2001-05-01,15.128
2001-05-02,10.948
2001-05-03,3.346
2001-05-04,16.214
2001-05-05,7.584
2001-05-06,12.674
2001-05-07,9.327
2001-05-08,4.375
2001-05-09,7.561
2001-05-10,13.428
2001-05-11,9.714
2001-05-12,10.578
2001-05-13,11.37
2001-05-14,5.064
2001-05-15,11.842
2001-05-16,12.307
2001-05-17,5.53
2001-05-18,7.725
2001-05-19,10.497
2001-05-20,6.774
2001-05-21,4.298
2001-05-22,11.762
2001-05-23,13.818
2001-05-24,3.901
2001-05-25,9.912
2001-05-26,7.178
2001-05-27,4.669
2001-05-28,4.936
2001-05-29,4.241
2001-05-30,11.75
2001-05-31,9.24
2001-06-01,15.857
2001-06-02,13.635
2001-06-03,10.142
2001-06-04,12.164
2001-06-05,11.351
2001-06-06,14.784
2001-06-07,12.727
2001-06-08,12.758
2001-06-09,12.166
2001-06-10,12.959
2001-06-11,15.381
2001-06-12,11.607
2001-06-13,9.517
2001-06-14,8.993
2001-06-15,3.545
2001-06-16,11.53
2001-06-17,9.082
2001-06-18,12.877
2001-06-19,12.038
2001-06-20,6.257
2001-06-21,10.879
2001-06-22,10.3
2001-06-23,14.851
2001-06-24,9.233
2001-06-25,7.099
2001-06-26,15.759
2001-06-27,12.347
2001-06-28,8.526
2001-06-29,12.795
2001-06-30,15.503
2001-07-01,9.466
2001-07-02,14.416
2001-07-03,11.571
2001-07-04,14.461
2001-07-05,10.69
2001-07-06,10.235
2001-07-07,3.481
2001-07-08,7.51
2001-07-09,15.746
2001-07-10,16.282
2001-07-11,4.28
2001-07-12,15.75
2001-07-13,15.296
2001-07-14,3.734
2001-07-15,7.766
2001-07-16,5.18
2001-07-17,16.28
2001-07-18,10.657
2001-07-19,13.715
2001-07-20,8.293
2001-07-21,11.796
2001-07-22,4.048
2001-07-23,8.773
2001-07-24,7.782
2001-07-25,15.123
2001-07-26,5.846
2001-07-27,3.341
2001-07-28,14.989
2001-07-29,9.595
2001-07-30,8.919
2001-07-31,5.213
2001-08-01,14.141
2001-08-02,3.555
2001-08-03,4.957
2001-08-04,12.224
2001-08-05,14.386
2001-08-06,5.065
2001-08-07,5.37
2001-08-08,3.571
2001-08-09,4.118
2001-08-10,9.436
2001-08-11,7.93
2001-08-12,10.704
2001-08-13,13.567
2001-08-14,10.472
2001-08-15,16.304
2001-08-16,5.045
2001-08-17,11.595
2001-08-18,9.341
2001-08-19,7.723
2001-08-20,7.797
2001-08-21,4.842
2001-08-22,9.329
2001-08-23,5.899
2001-08-24,12.878
2001-08-25,14.458
2001-08-26,10.608
2001-08-27,12.039
2001-08-28,16.34
2001-08-29,15.831
2001-08-30,8.979
2001-08-31,8.526
2001-09-01,15.659
2001-09-02,11.708
2001-09-03,6.014
2001-09-04,15.019
2001-09-05,9.565
2001-09-06,9.623
2001-09-07,14.599
2001-09-08,12.473
2001-09-09,3.603
2001-09-10,3.817
2001-09-11,3.946
2001-09-12,10.719
2001-09-13,11.393
2001-09-14,3.558
2001-09-15,10.867
2001-09-16,4.474
2001-09-17,7.278
2001-09-18,10.908
2001-09-19,5.684
2001-09-20,7.662
2001-09-21,3.569
2001-09-22,6.602
2001-09-23,5.477
2001-09-24,4.434
2001-09-25,9.608
2001-09-26,5.007
2001-09-27,6.721
2001-09-28,8.103
2001-09-29,9.498
2001-09-30,13.572
2001-10-01,10.314
2001-10-02,10.628
2001-10-03,10.705
2001-10-04,11.647
2001-10-05,16.026
2001-10-06,16.089
2001-10-07,7.507
2001-10-08,7.664
2001-10-09,14.163
2001-10-10,8.655
2001-10-11,7.482
2001-10-12,11.215
2001-10-13,14.023
2001-10-14,13.39
2001-10-15,5.456
2001-10-16,13.314
2001-10-17,14.052
2001-10-18,13.377
2001-10-19,12.803
2001-10-20,6.711
2001-10-21,5.134
2001-10-22,3.617
2001-10-23,15.709
2001-10-24,8.981
2001-10-25,13.259
2001-10-26,9.827
2001-10-27,4.223
2001-10-28,11.403
2001-10-29,5.168
2001-10-30,5.7
2001-10-31,4.738
2001-11-01,4.677
2001-11-02,13.687
2001-11-03,4.507
2001-11-04,13.092
2001-11-05,5.337
2001-11-06,6.6
2001-11-07,12.599
2001-11-08,5.164
2001-11-09,4.722
2001-11-10,13.893
2001-11-11,16.394
2001-11-12,9.715
2001-11-13,7.218
2001-11-14,9.87
2001-11-15,9.884
2001-11-16,12.2
2001-11-17,7.217
2001-11-18,12.056
2001-11-19,10.328
2001-11-20,6.127
2001-11-21,13.163
2001-11-22,13.511
2001-11-23,12.702
2001-11-24,13.403
2001-11-25,10.133
2001-11-26,5.568
2001-11-27,10.195
2001-11-28,6.566
2001-11-29,13.963
2001-11-30,9.176
2001-12-01,16.377
2001-12-02,15.065
2001-12-03,15.219
2001-12-04,4.176
2001-12-05,4.192
2001-12-06,3.487
2001-12-07,13.1
2001-12-08,9.557
2001-12-09,14.083
2001-12-10,16.251
2001-12-11,9.396
2001-12-12,7.747
2001-12-13,9.657
2001-12-14,13.358
2001-12-15,13.404
2001-12-16,9.598
2001-12-17,16.25
2001-12-18,13.176
2001-12-19,4.291
2001-12-20,5.043
2001-12-21,9.872
2001-12-22,4.774
2001-12-23,4.214
2001-12-24,4.455
2001-12-25,12.047
2001-12-26,9.458
2001-12-27,4.861
2001-12-28,7.289
2001-12-29,14.171
2001-12-30,3.925
2001-12-31,12.945
2002-01-01,5.154
2002-01-02,8.3
2002-01-03,10.416
2002-01-04,14.098
2002-01-05,12.704
2002-01-06,14.748
2002-01-07,9.505
2002-01-08,14.918
2002-01-09,10.721
2002-01-10,6.28
2002-01-11,12.178
2002-01-12,12.174
2002-01-13,10.776
2002-01-14,10.737
2002-01-15,8.127
2002-01-16,11.504
2002-01-17,8.992
2002-01-18,11.085
2002-01-19,15.552
2002-01-20,9.162
2002-01-21,7.833
2002-01-22,6.093
2002-01-23,4.623
2002-01-24,12.708
2002-01-25,12.314
2002-01-26,11.247
2002-01-27,7.996
2002-01-28,12.121
2002-01-29,9.461
2002-01-30,6.586
2002-01-31,9.609
2002-02-01,15.413
2002-02-02,9.337
2002-02-03,16.026
2002-02-04,14.765
2002-02-05,8.75
2002-02-06,9.807
2002-02-07,3.609
2002-02-08,3.382
2002-02-09,7.995
2002-02-10,8.473
2002-02-11,16.31
2002-02-12,7.418
2002-02-13,10.424
2002-02-14,7.873
2002-02-15,7.468
2002-02-16,4.307
2002-02-17,8.286
2002-02-18,13.992
2002-02-19,13.026
2002-02-20,15.953
2002-02-21,4.502
2002-02-22,14.317
2002-02-23,8.255
2002-02-24,8.513
2002-02-25,7.366
2002-02-26,7.416
2002-02-27,13.674
2002-02-28,8.065
2002-03-01,6.93
2002-03-02,12.363
2002-03-03,7.976
2002-03-04,4.166
2002-03-05,6.793
2002-03-06,13.593
2002-03-07,8.511
2002-03-08,7.904
2002-03-09,4.893
2002-03-10,5.141
2002-03-11,9.345
2002-03-12,15.965
2002-03-13,14.775
2002-03-14,13.617
2002-03-15,11.971
2002-03-16,11.931
2002-03-17,4.912
2002-03-18,15.44
2002-03-19,7.519
2002-03-20,15.38
2002-03-21,13.31
2002-03-22,8.793
2002-03-23,11.021
2002-03-24,6.51
2002-03-25,4.863
2002-03-26,15.594
2002-03-27,13.268
2002-03-28,6.463
2002-03-29,12.07
2002-03-30,11.146
2002-03-31,6.806
2002-04-01,10.983
2002-04-02,3.46
2002-04-03,13.209
2002-04-04,4.294
2002-04-05,14.602
2002-04-06,9.027
2002-04-07,7.826
2002-04-08,10.73
2002-04-09,14.742
2002-04-10,13.911
2002-04-11,6.683
2002-04-12,12.594
2002-04-13,16.218
2002-04-14,10.136
2002-04-15,12.996
2002-04-16,9.776
2002-04-17,14.244
2002-04-18,14.678
2002-04-19,14.351
2002-04-20,3.414
2002-04-21,7.432
2002-04-22,6.327
2002-04-23,14.134
2002-04-24,14.077
2002-04-25,11.19
2002-04-26,6.535
2002-04-27,15.274
2002-04-28,3.449
2002-04-29,10.433
2002-04-30,5.168
2002-05-01,10.985
2002-05-02,16.388
2002-05-03,10.312
2002-05-04,3.815
2002-05-05,3.647
2002-05-06,9.167
2002-05-07,12.003
2002-05-08,8.895
2002-05-09,6.159
2002-05-10,6.042
2002-05-11,16.011
2002-05-12,14.205
2002-05-13,6.011
2002-05-14,15.147
2002-05-15,14.148
2002-05-16,15.475
2002-05-17,5.718
2002-05-18,9.449
2002-05-19,3.761
2002-05-20,13.622
2002-05-21,9.519
2002-05-22,9.508
2002-05-23,16.022
2002-05-24,14.043
2002-05-25,6.904
2002-05-26,9.024
2002-05-27,6.854
2002-05-28,7.522
2002-05-29,5.992
2002-05-30,10.845
2002-05-31,15.8
2002-06-01,15.741
2002-06-02,10.767
2002-06-03,13.287
2002-06-04,5.075
2002-06-05,8.269
2002-06-06,13.646
2002-06-07,12.306
2002-06-08,13.683
2002-06-09,11.619
2002-06-10,8.346
2002-06-11,7.674
2002-06-12,3.788
2002-06-13,10.948
2002-06-14,8.535
2002-06-15,8.861
2002-06-16,10.472
2002-06-17,3.785
2002-06-18,11.517
2002-06-19,8.188
2002-06-20,15.41
2002-06-21,10.537
2002-06-22,11.239
2002-06-23,5.432
2002-06-24,11.483
2002-06-25,15.855
2002-06-26,6.178
2002-06-27,10.688
2002-06-28,15.563
2002-06-29,9.117
2002-06-30,14.276
2002-07-01,5.252
2002-07-02,10.58
2002-07-03,16.257
2002-07-04,12.733
2002-07-05,3.478
2002-07-06,3.743
2002-07-07,4.222
2002-07-08,3.714
2002-07-09,5.897
2002-07-10,9.745
2002-07-11,4.838
2002-07-12,4.052
2002-07-13,9.044
2002-07-14,3.561
2002-07-15,4.882
2002-07-16,5.872
2002-07-17,9.208
2002-07-18,14.899
2002-07-19,12.805
2002-07-20,14.232
2002-07-21,3.862
2002-07-22,6.318
2002-07-23,13.281
2002-07-24,14.819
2002-07-25,5.173
2002-07-26,7.759
2002-07-27,11.264
2002-07-28,11.292
2002-07-29,15.578
2002-07-30,13.803
2002-07-31,14.019
2002-08-01,15.153
2002-08-02,3.826
2002-08-03,8.096
2002-08-04,10.207
2002-08-05,6.959
2002-08-06,7.293
2002-08-07,15.049
2002-08-08,9.976
2002-08-09,12.775
2002-08-10,7.24
2002-08-11,15.824
2002-08-12,12.152
2002-08-13,9.774
2002-08-14,15.012
2002-08-15,6.145
2002-08-16,5.965
2002-08-17,15.911
2002-08-18,10.782
2002-08-19,13.747
2002-08-20,14.511
2002-08-21,13.878
2002-08-22,10.74
2002-08-23,15.529
2002-08-24,6.025
2002-08-25,10.063
2002-08-26,16.341
2002-08-27,12.849
2002-08-28,14.495
2002-08-29,14.188
2002-08-30,4.904
2002-08-31,5.72
2002-09-01,3.985
2002-09-02,4.782
2002-09-03,11.444
2002-09-04,5.923
2002-09-05,10.747
2002-09-06,3.349
2002-09-07,9.23
2002-09-08,12.893
2002-09-09,4.928
2002-09-10,10.9
2002-09-11,9.317
2002-09-12,14.775
2002-09-13,3.895
2002-09-14,4.621
2002-09-15,16.285
2002-09-16,8.13
2002-09-17,4.196
2002-09-18,4.223
2002-09-19,15.315
2002-09-20,15.368
2002-09-21,9.489
2002-09-22,15.154
2002-09-23,14.452
2002-09-24,15.972
2002-09-25,7.477
2002-09-26,16.387
2002-09-27,12.871
2002-09-28,14.489
2002-09-29,6.474
2002-09-30,10.499
2002-10-01,16.007
2002-10-02,10.033
2002-10-03,16.136
2002-10-04,11.347
2002-10-05,3.958
2002-10-06,11.547
2002-10-07,7.077
2002-10-08,9.299
2002-10-09,3.503
2002-10-10,14.441
2002-10-11,9.489
2002-10-12,15.896
2002-10-13,7.893
2002-10-14,12.242
2002-10-15,5.153
2002-10-16,14.489
2002-10-17,8.502
2002-10-18,10.075
2002-10-19,13.479
2002-10-20,13.892
2002-10-21,9.887
2002-10-22,14.245
2002-10-23,4.164
2002-10-24,15.897
2002-10-25,4.189
2002-10-26,6.798
2002-10-27,10.911
2002-10-28,5.934
2002-10-29,5.485
2002-10-30,13.279
2002-10-31,10.986
2002-11-01,4.811
2002-11-02,10.796
2002-11-03,3.893
2002-11-04,10.673
2002-11-05,4.25
2002-11-06,10.258
2002-11-07,10.606
2002-11-08,3.57
2002-11-09,10.166
2002-11-10,11.511
2002-11-11,6.992
2002-11-12,6.538
2002-11-13,9.693
2002-11-14,5.524
2002-11-15,13.151
2002-11-16,12.564
2002-11-17,7.67
2002-11-18,6.948
2002-11-19,4.444
2002-11-20,4.052
2002-11-21,9.504
2002-11-22,4.842
2002-11-23,12.964
2002-11-24,6.657
2002-11-25,6.926
2002-11-26,15.704
2002-11-27,15.216
2002-11-28,4.467
2002-11-29,10.419
2002-11-30,13.967
2002-12-01,9.219
2002-12-02,12.862
2002-12-03,6.67
2002-12-04,6.551
2002-12-05,13.417
2002-12-06,12.892
2002-12-07,12.938
2002-12-08,7.575
2002-12-09,5.075
2002-12-10,5.635
2002-12-11,10.878
2002-12-12,4.481
2002-12-13,4.72
2002-12-14,7.024
2002-12-15,6.17
2002-12-16,8.8
2002-12-17,5.682
2002-12-18,5.931
2002-12-19,12.774
2002-12-20,16.321
2002-12-21,4.283
2002-12-22,6.067
2002-12-23,8.428
2002-12-24,3.508
2002-12-25,12.895
2002-12-26,11.996
2002-12-27,4.784
2002-12-28,6.547
2002-12-29,13.373
2002-12-30,4.784
2002-12-31,10.38
2003-01-01,4.828
2003-01-02,10.666
2003-01-03,15.405
2003-01-04,16.288
2003-01-05,11.712
2003-01-06,14.785
2003-01-07,4.062
2003-01-08,12.409
2003-01-09,4.446
2003-01-10,14.849
2003-01-11,5.742
2003-01-12,12.709
2003-01-13,8.914
2003-01-14,5.25
2003-01-15,7.106
2003-01-16,8.945
2003-01-17,9.047
2003-01-18,14.215
2003-01-19,12.17
2003-01-20,3.575
2003-01-21,10.866
2003-01-22,14.578
2003-01-23,15.261
2003-01-24,12.459
2003-01-25,14.171
2003-01-26,10.279
2003-01-27,10.648
2003-01-28,4.215
2003-01-29,9.351
2003-01-30,8.15
2003-01-31,9.84
2003-02-01,13.055
2003-02-02,13.142
2003-02-03,12.122
2003-02-04,13.208
2003-02-05,12.8
2003-02-06,8.869
2003-02-07,10.377
2003-02-08,14.656
2003-02-09,5.562
2003-02-10,6.558
2003-02-11,11.963
2003-02-12,13.426
2003-02-13,9.093
2003-02-14,14.857
2003-02-15,9.781
2003-02-16,8.902
2003-02-17,14.153
2003-02-18,12.354
2003-02-19,14.502
2003-02-20,11.544
2003-02-21,15.938
2003-02-22,5.495
2003-02-23,16.154
2003-02-24,14.38
2003-02-25,7.673
2003-02-26,15.117
2003-02-27,6.6
2003-02-28,11.768
2003-03-01,4.16
2003-03-02,3.619
2003-03-03,12.761
2003-03-04,8.646
2003-03-05,3.555
2003-03-06,6.135
2003-03-07,8.959
2003-03-08,10.675
2003-03-09,3.523
2003-03-10,8.065
2003-03-11,15.032
2003-03-12,5.341
2003-03-13,10.966
2003-03-14,12.247
2003-03-15,6.234
2003-03-16,4.993
2003-03-17,15.761
2003-03-18,3.719
2003-03-19,12.836
2003-03-20,8.917
2003-03-21,6.389
2003-03-22,11.819
2003-03-23,14.258
2003-03-24,5.946
2003-03-25,4.864
2003-03-26,9.753
2003-03-27,4.624
2003-03-28,9.04
2003-03-29,6.874
2003-03-30,6.048
2003-03-31,3.379
2003-04-01,8.637
2003-04-02,5.973
2003-04-03,3.697
2003-04-04,7.83
2003-04-05,3.558
2003-04-06,12.668
2003-04-07,7.087
2003-04-08,6.766
2003-04-09,6.066
2003-04-10,15.3
2003-04-11,15.338
2003-04-12,10.256
2003-04-13,16.042
2003-04-14,9.643
2003-04-15,11.2
2003-04-16,12.494
2003-04-17,14.127
2003-04-18,13.618
2003-04-19,7.408
2003-04-20,4.582
2003-04-21,4.872
2003-04-22,9.453
2003-04-23,8.176
2003-04-24,15.794
2003-04-25,3.543
2003-04-26,9.093
2003-04-27,12.662
2003-04-28,4.759
2003-04-29,6.26
2003-04-30,9.395
2003-05-01,4.211
2003-05-02,12.688
2003-05-03,5.333
2003-05-04,9.467
2003-05-05,12.93
2003-05-06,6.921
2003-05-07,7.673
2003-05-08,5.234
2003-05-09,4.088
2003-05-10,10.88
2003-05-11,7.607
2003-05-12,3.496
2003-05-13,9.643
2003-05-14,12.229
2003-05-15,16.075
2003-05-16,15.755
2003-05-17,15.473
2003-05-18,10.831
2003-05-19,11.016
2003-05-20,12.646
2003-05-21,6.519
2003-05-22,11.06
2003-05-23,4.677
2003-05-24,6.561
2003-05-25,6.464
2003-05-26,5.161
2003-05-27,3.814
2003-05-28,13.37
2003-05-29,9.611
2003-05-30,7.819
2003-05-31,12.969
2003-06-01,10.237
2003-06-02,8.871
2003-06-03,11.403
2003-06-04,9.885
2003-06-05,3.778
2003-06-06,11.856
2003-06-07,3.421
2003-06-08,9.929
2003-06-09,10.483
2003-06-10,12.93
2003-06-11,5.09
2003-06-12,11.32
2003-06-13,14.42
2003-06-14,3.374
2003-06-15,5.82
2003-06-16,15.56
2003-06-17,11.835
2003-06-18,4.985
2003-06-19,13.463
2003-06-20,14.834
2003-06-21,6.01
2003-06-22,6.548
2003-06-23,9.254
2003-06-24,12.716
2003-06-25,8.877
2003-06-26,13.001
2003-06-27,9.044
2003-06-28,11.627
2003-06-29,7.3
2003-06-30,5.081
2003-07-01,4.83
2003-07-02,5.286
2003-07-03,14.622
2003-07-04,10.039
2003-07-05,11.712
2003-07-06,11.149
2003-07-07,15.111
2003-07-08,8.293
2003-07-09,4.614
2003-07-10,9.785
2003-07-11,15.817
2003-07-12,10.568
2003-07-13,7.344
2003-07-14,14.826
2003-07-15,4.909
2003-07-16,6.091
2003-07-17,8.318
2003-07-18,9.877
2003-07-19,6.624
2003-07-20,11.907
2003-07-21,12.079
2003-07-22,4.728
2003-07-23,11.825
2003-07-24,9.347
2003-07-25,13.647
2003-07-26,11.536
2003-07-27,3.991
2003-07-28,8.446
2003-07-29,11.901
2003-07-30,3.452
2003-07-31,11.058
2003-08-01,16.331
2003-08-02,14.231
2003-08-03,6.909
2003-08-04,13.516
2003-08-05,11.285
2003-08-06,10.193
2003-08-07,8.637
2003-08-08,5.81
2003-08-09,6.416
2003-08-10,4.678
2003-08-11,6.873
2003-08-12,5.822
2003-08-13,8.725
2003-08-14,5.73
2003-08-15,6.85
2003-08-16,12.046
2003-08-17,8.012
2003-08-18,14.014
2003-08-19,4.779
2003-08-20,11.929
2003-08-21,14.69
2003-08-22,4.533
2003-08-23,14.114
2003-08-24,10.243
2003-08-25,9.935
2003-08-26,6.047
2003-08-27,14.651
2003-08-28,6.428
2003-08-29,14.093
2003-08-30,12.694
2003-08-31,10.032
2003-09-01,15.891
2003-09-02,8.228
2003-09-03,12.842
2003-09-04,11.611
2003-09-05,10.565
2003-09-06,6.565
2003-09-07,5.228
2003-09-08,15.568
2003-09-09,11.974
2003-09-10,7.247
2003-09-11,5.719
2003-09-12,16.124
2003-09-13,12.606
2003-09-14,16.386
2003-09-15,5.716
2003-09-16,15.856
2003-09-17,14.304
2003-09-18,11.525
2003-09-19,12.732
2003-09-20,16.322
2003-09-21,16.318
2003-09-22,6.24
2003-09-23,6.816
2003-09-24,4.939
2003-09-25,10.985
2003-09-26,11.245
2003-09-27,12.02
2003-09-28,7.473
2003-09-29,14.515
2003-09-30,4.875
2003-10-01,12.996
2003-10-02,14.405
2003-10-03,13.711
2003-10-04,4.466
2003-10-05,13.808
2003-10-06,6.062
2003-10-07,6.356
2003-10-08,16.123
2003-10-09,3.855
2003-10-10,7.506
2003-10-11,7.983
2003-10-12,16.399
2003-10-13,16.02
2003-10-14,8.514
2003-10-15,5.804
2003-10-16,13.322
2003-10-17,14.263
2003-10-18,15.347
2003-10-19,4.817
2003-10-20,5.312
2003-10-21,3.372
2003-10-22,4.686
2003-10-23,8.017
2003-10-24,12.699
2003-10-25,13.653
2003-10-26,11.056
2003-10-27,5.633
2003-10-28,14.371
2003-10-29,14.923
2003-10-30,6.28
2003-10-31,10.331
2003-11-01,8.087
2003-11-02,5.142
2003-11-03,6.523
2003-11-04,14.453
2003-11-05,12.235
2003-11-06,13.178
2003-11-07,13.239
2003-11-08,9.809
2003-11-09,7.411
2003-11-10,7.937
2003-11-11,9.019
2003-11-12,11.407
2003-11-13,9.784
2003-11-14,10.172
2003-11-15,7.416
2003-11-16,15.843
2003-11-17,14.405
2003-11-18,16.392
2003-11-19,16.073
2003-11-20,16.127
2003-11-21,13.877
2003-11-22,12.554
2003-11-23,6.316
2003-11-24,11.164
2003-11-25,8.205
2003-11-26,3.883
2003-11-27,8.085
2003-11-28,5.635
2003-11-29,15.856
2003-11-30,12.306
2003-12-01,6.684
2003-12-02,16.322
2003-12-03,3.527
2003-12-04,14.915
2003-12-05,8.678
2003-12-06,10.109
2003-12-07,4.059
2003-12-08,7.813
2003-12-09,4.746
2003-12-10,3.848
2003-12-11,14.317
2003-12-12,9.349
2003-12-13,13.27
2003-12-14,14.508
2003-12-15,8.964
2003-12-16,16.411
2003-12-17,8.18
2003-12-18,7.323
2003-12-19,13.841
2003-12-20,14.433
2003-12-21,5.122
2003-12-22,12.438
2003-12-23,13.581
2003-12-24,7.843
2003-12-25,14.639
2003-12-26,4.365
2003-12-27,11.45
2003-12-28,7.532
2003-12-29,5.372
2003-12-30,13.269
2003-12-31,5.298
2004-01-01,10.141
2004-01-02,15.809
2004-01-03,5.43
2004-01-04,15.941
2004-01-05,8.084
2004-01-06,5.434
2004-01-07,11.005
2004-01-08,6.588
2004-01-09,3.979
2004-01-10,14.184
2004-01-11,13.241
2004-01-12,7.379
2004-01-13,14.474
2004-01-14,6.849
2004-01-15,15.264
2004-01-16,14.02
2004-01-17,13.941
2004-01-18,8.85
2004-01-19,5.772
2004-01-20,15.727
2004-01-21,5.427
2004-01-22,7.177
2004-01-23,3.785
2004-01-24,13.167
2004-01-25,6.263
2004-01-26,4.249
2004-01-27,11.991
2004-01-28,8.602
2004-01-29,11.026
2004-01-30,14.844
2004-01-31,13.707
2004-02-01,7.178
2004-02-02,7.576
2004-02-03,9.797
2004-02-04,15.555
2004-02-05,11.989
2004-02-06,11.742
2004-02-07,6.188
2004-02-08,9.596
2004-02-09,7.184
2004-02-10,3.755
2004-02-11,4.365
2004-02-12,14.441
2004-02-13,9.462
2004-02-14,8.293
2004-02-15,5.141
2004-02-16,6.637
2004-02-17,10.007
2004-02-18,4.361
2004-02-19,5.701
2004-02-20,10.967
2004-02-21,16.155
2004-02-22,5.419
2004-02-23,8.534
2004-02-24,8.61
2004-02-25,7.654
2004-02-26,9.119
2004-02-27,8.908
2004-02-28,5.402
2004-02-29,9.211
2004-03-01,11.055
2004-03-02,12.2
2004-03-03,7.318
2004-03-04,11.269
2004-03-05,14.252
2004-03-06,15.697
2004-03-07,11.732
2004-03-08,14.862
2004-03-09,13.177
2004-03-10,5.08
2004-03-11,4.894
2004-03-12,14.185
2004-03-13,14.998
2004-03-14,10.891
2004-03-15,5.684
2004-03-16,13.753
2004-03-17,7.706
2004-03-18,10.181
2004-03-19,11.112
2004-03-20,14.956
2004-03-21,5.231
2004-03-22,5.901
2004-03-23,9.147
2004-03-24,15.352
2004-03-25,4.216
2004-03-26,8.506
2004-03-27,11.024
2004-03-28,12.216
2004-03-29,13.25
2004-03-30,8.447
2004-03-31,16.353
2004-04-01,5.106
2004-04-02,15.927
2004-04-03,7.206
2004-04-04,14.865
2004-04-05,5.711
2004-04-06,14.536
2004-04-07,4.381
2004-04-08,10.509
2004-04-09,16.034
2004-04-10,7.86
2004-04-11,12.054
2004-04-12,15.879
2004-04-13,11.326
2004-04-14,15.311
2004-04-15,3.895
2004-04-16,7.618
2004-04-17,11.135
2004-04-18,7.363
2004-04-19,11.769
2004-04-20,7.43
2004-04-21,11.634
2004-04-22,11.417
2004-04-23,7.943
2004-04-24,15.411
2004-04-25,12.415
2004-04-26,14.502
2004-04-27,13.528
2004-04-28,8.386
2004-04-29,12.933
2004-04-30,13.914
2004-05-01,10.692
2004-05-02,5.447
2004-05-03,12.277
2004-05-04,14.61
2004-05-05,5.941
2004-05-06,3.918
2004-05-07,13.445
2004-05-08,4.138
2004-05-09,7.783
2004-05-10,5.259
2004-05-11,4.239
2004-05-12,4.785
2004-05-13,11.5
2004-05-14,4.918
2004-05-15,4.728
2004-05-16,4.09
2004-05-17,11.896
2004-05-18,4.914
2004-05-19,13.008
2004-05-20,12.536
2004-05-21,10.227
2004-05-22,6.435
2004-05-23,10.895
2004-05-24,9.829
2004-05-25,4.716
2004-05-26,6.658
2004-05-27,7.704
2004-05-28,8.229
2004-05-29,5.098
2004-05-30,3.917
2004-05-31,7.16
2004-06-01,11.436
2004-06-02,11.655
2004-06-03,13.295
2004-06-04,15.791
2004-06-05,3.573
2004-06-06,9.94
2004-06-07,15.085
2004-06-08,6.885
2004-06-09,5.147
2004-06-10,10.77
2004-06-11,11.721
2004-06-12,16.082
2004-06-13,6.072
2004-06-14,7.373
2004-06-15,12.609
2004-06-16,15.218
2004-06-17,15.274
2004-06-18,12.705
2004-06-19,3.997
2004-06-20,13.0
2004-06-21,3.978
2004-06-22,15.349
2004-06-23,4.973
2004-06-24,13.951
2004-06-25,12.923
2004-06-26,7.865
2004-06-27,14.007
2004-06-28,4.244
2004-06-29,6.042
2004-06-30,10.179
2004-07-01,8.761
2004-07-02,9.954
2004-07-03,12.841
2004-07-04,16.128
2004-07-05,7.284
2004-07-06,10.492
2004-07-07,4.515
2004-07-08,5.718
2004-07-09,8.278
2004-07-10,11.044
2004-07-11,7.946
2004-07-12,9.485
2004-07-13,7.705
2004-07-14,13.826
2004-07-15,16.02
2004-07-16,10.481
2004-07-17,11.807
2004-07-18,10.098
2004-07-19,14.307
2004-07-20,16.328
2004-07-21,5.584
2004-07-22,15.73
2004-07-23,15.977
2004-07-24,7.595
2004-07-25,9.263
2004-07-26,15.2
2004-07-27,8.82
2004-07-28,3.344
2004-07-29,6.035
2004-07-30,9.209
2004-07-31,10.034
2004-08-01,16.403
2004-08-02,3.864
2004-08-03,12.267
2004-08-04,14.554
2004-08-05,13.957
2004-08-06,16.066
2004-08-07,15.213
2004-08-08,11.888
2004-08-09,7.177
2004-08-10,16.113
2004-08-11,16.204
2004-08-12,12.539
2004-08-13,11.219
2004-08-14,4.039
2004-08-15,15.343
2004-08-16,7.471
2004-08-17,4.64
2004-08-18,8.634
2004-08-19,16.324
2004-08-20,4.44
2004-08-21,15.494
2004-08-22,16.361
2004-08-23,7.521
2004-08-24,15.774
2004-08-25,7.759
2004-08-26,4.925
2004-08-27,7.137
2004-08-28,9.774
2004-08-29,4.035
2004-08-30,4.057
2004-08-31,13.679
2004-09-01,11.246
2004-09-02,10.1
2004-09-03,10.768
2004-09-04,10.512
2004-09-05,15.86
2004-09-06,11.537
2004-09-07,4.896
2004-09-08,13.938
2004-09-09,3.351
2004-09-10,11.657
2004-09-11,5.988
2004-09-12,5.763
2004-09-13,15.789
2004-09-14,5.859
2004-09-15,6.03
2004-09-16,6.336
2004-09-17,15.043
2004-09-18,9.203
2004-09-19,4.273
2004-09-20,6.473
2004-09-21,7.682
2004-09-22,12.662
2004-09-23,11.985
2004-09-24,12.898
2004-09-25,14.862
2004-09-26,10.665
2004-09-27,14.303
2004-09-28,14.183
2004-09-29,10.369
2004-09-30,13.659
2004-10-01,15.964
2004-10-02,4.546
2004-10-03,6.949
2004-10-04,10.745
2004-10-05,12.05
2004-10-06,9.027
2004-10-07,12.891
2004-10-08,15.239
2004-10-09,10.173
2004-10-10,12.629
2004-10-11,10.154
2004-10-12,13.01
2004-10-13,14.652
2004-10-14,6.135
2004-10-15,10.454
2004-10-16,4.747
2004-10-17,8.061
2004-10-18,10.974
2004-10-19,5.646
2004-10-20,6.014
2004-10-21,16.125
2004-10-22,13.994
2004-10-23,8.678
2004-10-24,12.331
2004-10-25,3.584
2004-10-26,8.919
2004-10-27,13.517
2004-10-28,5.485
2004-10-29,3.635
2004-10-30,11.104
2004-10-31,13.528
2004-11-01,9.394
2004-11-02,16.287
2004-11-03,6.572
2004-11-04,14.557
2004-11-05,15.713
2004-11-06,15.17
2004-11-07,9.07
2004-11-08,13.393
2004-11-09,4.185
2004-11-10,7.193
2004-11-11,13.308
2004-11-12,5.995
2004-11-13,9.567
2004-11-14,11.39
2004-11-15,14.569
2004-11-16,5.284
2004-11-17,7.891
2004-11-18,5.091
2004-11-19,12.336
2004-11-20,7.66
2004-11-21,5.296
2004-11-22,15.443
2004-11-23,5.312
2004-11-24,12.193
2004-11-25,15.257
2004-11-26,6.257
2004-11-27,9.34
2004-11-28,14.651
2004-11-29,14.554
2004-11-30,9.458
2004-12-01,14.636
2004-12-02,3.807
2004-12-03,13.865
2004-12-04,6.186
2004-12-05,7.85
2004-12-06,10.281
2004-12-07,8.77
2004-12-08,3.585
2004-12-09,5.4
2004-12-10,12.934
2004-12-11,15.225
2004-12-12,11.319
2004-12-13,12.252
2004-12-14,15.271
2004-12-15,12.475
2004-12-16,10.688
2004-12-17,7.917
2004-12-18,9.668
2004-12-19,11.032
2004-12-20,8.897
2004-12-21,11.247
2004-12-22,12.476
2004-12-23,15.548
2004-12-24,4.23
2004-12-25,6.229
2004-12-26,3.897
2004-12-27,15.816
2004-12-28,15.784
2004-12-29,9.271
2004-12-30,4.29
2004-12-31,11.676
2005-01-01,3.665
2005-01-02,8.733
2005-01-03,15.612
2005-01-04,6.037
2005-01-05,14.724
2005-01-06,10.745
2005-01-07,10.069
2005-01-08,14.564
2005-01-09,5.893
2005-01-10,6.145
2005-01-11,5.385
2005-01-12,5.564
2005-01-13,7.34
2005-01-14,5.339
2005-01-15,13.284
2005-01-16,13.564
2005-01-17,13.078
2005-01-18,10.019
2005-01-19,6.44
2005-01-20,15.258
2005-01-21,12.385
2005-01-22,10.275
2005-01-23,12.414
2005-01-24,15.817
2005-01-25,9.407
2005-01-26,6.85
2005-01-27,14.002
2005-01-28,11.229
2005-01-29,7.23
2005-01-30,16.057
2005-01-31,15.084
2005-02-01,7.568
2005-02-02,7.135
2005-02-03,8.895
2005-02-04,3.805
2005-02-05,15.424
2005-02-06,14.556
2005-02-07,7.412
2005-02-08,7.898
2005-02-09,10.774
2005-02-10,6.862
2005-02-11,9.584
2005-02-12,3.962
2005-02-13,7.345
2005-02-14,9.441
2005-02-15,16.153
2005-02-16,7.076
2005-02-17,6.896
2005-02-18,10.923
2005-02-19,10.03
2005-02-20,11.249
2005-02-21,8.554
2005-02-22,14.612
2005-02-23,11.218
2005-02-24,13.226
2005-02-25,12.414
2005-02-26,11.94
2005-02-27,15.028
2005-02-28,9.801
2005-03-01,14.155
2005-03-02,11.884
2005-03-03,13.455
2005-03-04,6.353
2005-03-05,4.898
2005-03-06,4.606
2005-03-07,6.732
2005-03-08,13.575
2005-03-09,11.949
2005-03-10,15.988
2005-03-11,4.758
2005-03-12,7.836
2005-03-13,5.377
2005-03-14,4.714
2005-03-15,10.178
2005-03-16,16.192
2005-03-17,15.64
2005-03-18,13.105
2005-03-19,7.03
2005-03-20,6.441
2005-03-21,15.547
2005-03-22,16.269
2005-03-23,9.662
2005-03-24,10.31
2005-03-25,6.032
2005-03-26,13.098
2005-03-27,8.664
2005-03-28,16.018
2005-03-29,10.017
2005-03-30,4.285
2005-03-31,3.381
2005-04-01,9.83
2005-04-02,7.907
2005-04-03,11.388
2005-04-04,12.464
2005-04-05,16.332
2005-04-06,9.983
2005-04-07,13.289
2005-04-08,3.399
2005-04-09,4.587
2005-04-10,13.042
2005-04-11,8.945
2005-04-12,5.12
2005-04-13,11.181
2005-04-14,8.717
2005-04-15,15.007
2005-04-16,9.367
2005-04-17,6.514
2005-04-18,14.615
2005-04-19,14.574
2005-04-20,5.286
2005-04-21,9.786
2005-04-22,9.723
2005-04-23,3.395
2005-04-24,12.524
2005-04-25,6.121
2005-04-26,13.577
2005-04-27,13.454
2005-04-28,13.719
2005-04-29,10.431
2005-04-30,6.877
2005-05-01,14.115
2005-05-02,10.505
2005-05-03,12.175
2005-05-04,9.937
2005-05-05,4.539
2005-05-06,12.467
2005-05-07,14.736
2005-05-08,11.642
2005-05-09,9.547
2005-05-10,6.873
2005-05-11,7.889
2005-05-12,12.887
2005-05-13,14.799
2005-05-14,5.183
2005-05-15,8.878
2005-05-16,12.376
2005-05-17,14.5
2005-05-18,4.88
2005-05-19,6.856
2005-05-20,14.954
2005-05-21,8.454
2005-05-22,15.379
2005-05-23,6.442
2005-05-24,10.483
2005-05-25,13.518
2005-05-26,7.013
2005-05-27,6.344
2005-05-28,15.469
2005-05-29,3.791
2005-05-30,3.565
2005-05-31,14.097
2005-06-01,7.173
2005-06-02,6.199
2005-06-03,7.27
2005-06-04,3.98
2005-06-05,5.654
2005-06-06,7.739
2005-06-07,12.703
2005-06-08,14.656
2005-06-09,10.139
2005-06-10,11.03
2005-06-11,16.014
2005-06-12,7.624
2005-06-13,8.227
2005-06-14,15.052
2005-06-15,11.008
2005-06-16,6.553
2005-06-17,14.021
2005-06-18,10.743
2005-06-19,15.611
2005-06-20,16.211
2005-06-21,12.718
2005-06-22,11.115
2005-06-23,5.961
2005-06-24,13.749
2005-06-25,15.064
2005-06-26,11.145
2005-06-27,10.608
2005-06-28,11.188
2005-06-29,10.211
2005-06-30,13.015
2005-07-01,4.555
2005-07-02,3.872
2005-07-03,16.329
2005-07-04,11.003
2005-07-05,11.586
2005-07-06,9.935
2005-07-07,14.527
2005-07-08,15.439
2005-07-09,6.431
2005-07-10,11.577
2005-07-11,15.443
2005-07-12,9.953
2005-07-13,6.826
2005-07-14,15.399
2005-07-15,12.557
2005-07-16,16.139
2005-07-17,15.971
2005-07-18,11.875
2005-07-19,9.119
2005-07-20,3.464
2005-07-21,15.993
2005-07-22,14.212
2005-07-23,14.763
2005-07-24,5.09
2005-07-25,3.572
2005-07-26,6.931
2005-07-27,14.966
2005-07-28,11.863
2005-07-29,5.036
2005-07-30,13.009
2005-07-31,7.032
2005-08-01,8.294
2005-08-02,13.834
2005-08-03,5.82
2005-08-04,13.816
2005-08-05,8.426
2005-08-06,5.518
2005-08-07,10.501
2005-08-08,13.691
2005-08-09,12.812
2005-08-10,8.835
2005-08-11,4.297
2005-08-12,9.574
2005-08-13,10.313
2005-08-14,7.258
2005-08-15,11.158
2005-08-16,6.997
2005-08-17,12.219
2005-08-18,12.888
2005-08-19,12.737
2005-08-20,12.565
2005-08-21,7.432
2005-08-22,13.942
2005-08-23,5.689
2005-08-24,13.341
2005-08-25,8.773
2005-08-26,15.481
2005-08-27,5.85
2005-08-28,11.33
2005-08-29,11.571
2005-08-30,15.829
2005-08-31,5.618
2005-09-01,13.238
2005-09-02,10.745
2005-09-03,14.719
2005-09-04,8.504
2005-09-05,12.731
2005-09-06,10.188
2005-09-07,4.083
2005-09-08,7.2
2005-09-09,8.111
2005-09-10,10.215
2005-09-11,6.48
2005-09-12,9.461
2005-09-13,11.801
2005-09-14,14.508
2005-09-15,11.089
2005-09-16,6.352
2005-09-17,14.09
2005-09-18,8.448
2005-09-19,4.849
2005-09-20,10.826
2005-09-21,12.225
2005-09-22,11.684
2005-09-23,8.492
2005-09-24,3.982
2005-09-25,9.06
2005-09-26,9.995
2005-09-27,6.109
2005-09-28,4.071
2005-09-29,6.996
2005-09-30,9.239
2005-10-01,16.224
2005-10-02,8.501
2005-10-03,10.434
2005-10-04,14.199
2005-10-05,14.371
2005-10-06,5.677
2005-10-07,5.001
2005-10-08,14.163
2005-10-09,11.045
2005-10-10,9.764
2005-10-11,7.077
2005-10-12,11.644
2005-10-13,10.467
2005-10-14,16.369
2005-10-15,15.329
2005-10-16,5.487
2005-10-17,12.774
2005-10-18,10.828
2005-10-19,9.533
2005-10-20,12.354
2005-10-21,7.35
2005-10-22,12.39
2005-10-23,12.557
2005-10-24,5.715
2005-10-25,3.394
2005-10-26,9.798
2005-10-27,5.204
2005-10-28,13.373
2005-10-29,11.533
2005-10-30,5.923
2005-10-31,12.843
2005-11-01,14.095
2005-11-02,13.088
2005-11-03,12.924
2005-11-04,14.139
2005-11-05,5.341
2005-11-06,4.763
2005-11-07,15.946
2005-11-08,13.381
2005-11-09,6.902
2005-11-10,8.128
2005-11-11,6.836
2005-11-12,11.152
2005-11-13,9.295
2005-11-14,10.397
2005-11-15,7.347
2005-11-16,11.684
2005-11-17,3.415
2005-11-18,16.015
2005-11-19,8.533
2005-11-20,4.27
2005-11-21,6.777
2005-11-22,9.562
2005-11-23,12.271
2005-11-24,7.928
2005-11-25,5.865
2005-11-26,9.262
2005-11-27,16.369
2005-11-28,13.34
2005-11-29,9.426
2005-11-30,8.224
2005-12-01,8.011
2005-12-02,12.774
2005-12-03,12.238
2005-12-04,10.902
2005-12-05,9.016
2005-12-06,6.363
2005-12-07,4.604
2005-12-08,5.066
2005-12-09,7.261
2005-12-10,6.954
2005-12-11,4.561
2005-12-12,8.309
2005-12-13,15.278
2005-12-14,14.82
2005-12-15,16.333
2005-12-16,9.825
2005-12-17,4.031
2005-12-18,11.356
2005-12-19,12.744
2005-12-20,15.825
2005-12-21,10.343
2005-12-22,14.592
2005-12-23,6.966
2005-12-24,14.598
2005-12-25,5.98
2005-12-26,15.474
2005-12-27,13.341
2005-12-28,6.668
2005-12-29,5.711
2005-12-30,12.637
2005-12-31,12.693
2006-01-01,10.917
2006-01-02,11.684
2006-01-03,11.699
2006-01-04,16.384
2006-01-05,13.019
2006-01-06,10.236
2006-01-07,7.659
2006-01-08,5.008
2006-01-09,12.037
2006-01-10,7.864
2006-01-11,8.887
2006-01-12,11.951
2006-01-13,10.463
2006-01-14,4.87
2006-01-15,15.693
2006-01-16,11.429
2006-01-17,8.043
2006-01-18,5.588
2006-01-19,13.202
2006-01-20,9.457
2006-01-21,8.411
2006-01-22,14.541
2006-01-23,10.622
2006-01-24,11.619
2006-01-25,6.287
2006-01-26,9.59
2006-01-27,10.78
2006-01-28,5.999
2006-01-29,7.203
2006-01-30,13.708
2006-01-31,3.738
2006-02-01,7.734
2006-02-02,14.506
2006-02-03,8.374
2006-02-04,9.311
2006-02-05,10.632
2006-02-06,4.892
2006-02-07,4.118
2006-02-08,13.888
2006-02-09,16.286
2006-02-10,3.765
2006-02-11,8.735
2006-02-12,12.263
2006-02-13,7.527
2006-02-14,14.848
2006-02-15,13.009
2006-02-16,16.079
2006-02-17,8.353
2006-02-18,10.02
2006-02-19,6.0
2006-02-20,15.681
2006-02-21,6.18
2006-02-22,6.088
2006-02-23,4.332
2006-02-24,9.818
2006-02-25,14.33
2006-02-26,11.226
2006-02-27,5.242
2006-02-28,6.792
2006-03-01,10.115
2006-03-02,10.483
2006-03-03,6.494
2006-03-04,12.75
2006-03-05,12.217
2006-03-06,5.191
2006-03-07,9.223
2006-03-08,12.028
2006-03-09,14.739
2006-03-10,13.838
2006-03-11,15.767
2006-03-12,15.153
2006-03-13,12.915
2006-03-14,3.388
2006-03-15,13.763
2006-03-16,15.084
2006-03-17,8.71
2006-03-18,15.087
2006-03-19,3.629
2006-03-20,7.416
2006-03-21,7.13
2006-03-22,13.234
2006-03-23,7.25
2006-03-24,12.713
2006-03-25,4.389
2006-03-26,5.59
2006-03-27,8.116
2006-03-28,14.776
2006-03-29,3.94
2006-03-30,5.105
2006-03-31,13.885
2006-04-01,4.353
2006-04-02,4.996
2006-04-03,7.954
2006-04-04,4.482
2006-04-05,15.53
2006-04-06,8.938
2006-04-07,15.134
2006-04-08,8.832
2006-04-09,12.492
2006-04-10,13.447
2006-04-11,4.86
2006-04-12,7.025
2006-04-13,4.662
2006-04-14,6.353
2006-04-15,7.299
2006-04-16,6.56
2006-04-17,7.335
2006-04-18,10.577
2006-04-19,7.786
2006-04-20,8.266
2006-04-21,9.228
2006-04-22,14.043
2006-04-23,11.076
2006-04-24,6.765
2006-04-25,10.524
2006-04-26,10.906
2006-04-27,4.906
2006-04-28,7.431
2006-04-29,6.119
2006-04-30,13.28
2006-05-01,10.44
2006-05-02,5.376
2006-05-03,8.671
2006-05-04,6.423
2006-05-05,5.99
2006-05-06,3.386
2006-05-07,13.571
2006-05-08,8.044
2006-05-09,3.642
2006-05-10,11.415
2006-05-11,6.638
2006-05-12,15.406
2006-05-13,14.323
2006-05-14,15.832
2006-05-15,15.262
2006-05-16,15.303
2006-05-17,11.365
2006-05-18,12.436
2006-05-19,9.451
2006-05-20,5.903
2006-05-21,7.886
2006-05-22,12.571
2006-05-23,5.529
2006-05-24,4.621
2006-05-25,4.984
2006-05-26,5.696
2006-05-27,3.909
2006-05-28,5.028
2006-05-29,9.361
2006-05-30,8.933
2006-05-31,6.096
2006-06-01,4.384
2006-06-02,4.982
2006-06-03,11.159
2006-06-04,9.026
2006-06-05,11.742
2006-06-06,15.007
2006-06-07,15.642
2006-06-08,16.003
2006-06-09,13.802
2006-06-10,5.684
2006-06-11,4.73
2006-06-12,13.858
2006-06-13,15.462
2006-06-14,13.664
2006-06-15,11.091
2006-06-16,8.891
2006-06-17,13.677
2006-06-18,16.207
2006-06-19,4.091
2006-06-20,3.951
2006-06-21,15.015
2006-06-22,14.526
2006-06-23,6.945
2006-06-24,14.457
2006-06-25,10.992
2006-06-26,7.336
2006-06-27,7.725
2006-06-28,16.001
2006-06-29,4.81
2006-06-30,7.208
2006-07-01,13.231
2006-07-02,6.499
2006-07-03,8.932
2006-07-04,13.925
2006-07-05,4.612
2006-07-06,7.179
2006-07-07,4.395
2006-07-08,10.914
2006-07-09,12.49
2006-07-10,6.517
2006-07-11,13.867
2006-07-12,4.051
2006-07-13,5.278
2006-07-14,6.835
2006-07-15,13.8
2006-07-16,4.788
2006-07-17,8.628
2006-07-18,3.653
2006-07-19,4.7
2006-07-20,10.397
2006-07-21,12.622
2006-07-22,15.701
2006-07-23,7.931
2006-07-24,15.556
2006-07-25,13.935
2006-07-26,7.392
2006-07-27,4.215
2006-07-28,6.646
2006-07-29,11.386
2006-07-30,11.877
2006-07-31,16.141
2006-08-01,15.899
2006-08-02,8.58
2006-08-03,13.145
2006-08-04,15.505
2006-08-05,5.592
2006-08-06,16.405
2006-08-07,13.701
2006-08-08,10.059
2006-08-09,15.343
2006-08-10,14.303
2006-08-11,14.882
2006-08-12,12.559
2006-08-13,10.15
2006-08-14,11.614
2006-08-15,8.63
2006-08-16,12.146
2006-08-17,4.058
2006-08-18,4.568
2006-08-19,8.092
2006-08-20,7.34
2006-08-21,3.836
2006-08-22,11.377
2006-08-23,14.569
2006-08-24,12.39
2006-08-25,9.485
2006-08-26,13.549
2006-08-27,14.885
2006-08-28,8.102
2006-08-29,14.355
2006-08-30,8.671
2006-08-31,11.429
2006-09-01,4.278
2006-09-02,6.598
2006-09-03,5.432
2006-09-04,15.797
2006-09-05,16.327
2006-09-06,10.394
2006-09-07,7.857
2006-09-08,7.784
2006-09-09,16.061
2006-09-10,11.62
2006-09-11,11.751
2006-09-12,7.851
2006-09-13,7.351
2006-09-14,8.523
2006-09-15,15.547
2006-09-16,5.248
2006-09-17,10.633
2006-09-18,9.818
2006-09-19,12.564
2006-09-20,13.182
2006-09-21,6.147
2006-09-22,14.68
2006-09-23,3.523
2006-09-24,12.362
2006-09-25,12.182
2006-09-26,11.605
2006-09-27,9.514
2006-09-28,8.486
2006-09-29,13.898
2006-09-30,8.949
2006-10-01,5.87
2006-10-02,4.58
2006-10-03,8.304
2006-10-04,14.233
2006-10-05,6.894
2006-10-06,16.055
2006-10-07,12.24
2006-10-08,9.437
2006-10-09,13.648
2006-10-10,12.786
2006-10-11,4.582
2006-10-12,15.976
2006-10-13,16.108
2006-10-14,10.877
2006-10-15,7.437
2006-10-16,10.377
2006-10-17,13.942
2006-10-18,3.805
2006-10-19,4.629
2006-10-20,8.956
2006-10-21,10.286
2006-10-22,10.933
2006-10-23,15.428
2006-10-24,3.76
2006-10-25,11.761
2006-10-26,10.112
2006-10-27,9.739
2006-10-28,8.515
2006-10-29,15.153
2006-10-30,7.345
2006-10-31,8.943
2006-11-01,5.798
2006-11-02,9.686
2006-11-03,6.725
2006-11-04,5.529
2006-11-05,6.842
2006-11-06,12.776
2006-11-07,11.748
2006-11-08,7.907
2006-11-09,6.439
2006-11-10,3.367
2006-11-11,6.006
2006-11-12,6.192
2006-11-13,10.671
2006-11-14,3.379
2006-11-15,11.808
2006-11-16,8.327
2006-11-17,5.898
2006-11-18,15.168
2006-11-19,9.469
2006-11-20,12.703
2006-11-21,3.383
2006-11-22,6.403
2006-11-23,7.175
2006-11-24,16.11
2006-11-25,14.459
2006-11-26,12.633
2006-11-27,9.138
2006-11-28,3.364
2006-11-29,6.502
2006-11-30,11.079
2006-12-01,14.837
2006-12-02,4.682
2006-12-03,9.329
2006-12-04,14.741
2006-12-05,14.179
2006-12-06,9.493
2006-12-07,8.084
2006-12-08,5.172
2006-12-09,7.69
2006-12-10,8.515
2006-12-11,9.428
2006-12-12,13.093
2006-12-13,12.265
2006-12-14,15.686
2006-12-15,10.088
2006-12-16,7.308
2006-12-17,6.261
2006-12-18,14.003
2006-12-19,11.569
2006-12-20,16.219
2006-12-21,16.129
2006-12-22,13.913
2006-12-23,10.008
2006-12-24,10.577
2006-12-25,11.002
2006-12-26,9.14
2006-12-27,7.093
2006-12-28,3.85
2006-12-29,16.03
2006-12-30,14.772
2006-12-31,14.907
2007-01-01,9.928
2007-01-02,13.515
2007-01-03,6.198
2007-01-04,7.632
2007-01-05,14.909
2007-01-06,4.93
2007-01-07,14.226
2007-01-08,12.267
2007-01-09,13.729
2007-01-10,5.054
2007-01-11,14.459
2007-01-12,15.85
2007-01-13,12.073
2007-01-14,15.691
2007-01-15,11.598
2007-01-16,9.695
2007-01-17,5.106
2007-01-18,14.002
2007-01-19,5.286
2007-01-20,10.605
2007-01-21,6.038
2007-01-22,4.78
2007-01-23,10.531
2007-01-24,14.04
2007-01-25,14.177
2007-01-26,13.089
2007-01-27,4.122
2007-01-28,11.333
2007-01-29,13.869
2007-01-30,13.32
2007-01-31,11.684
2007-02-01,3.765
2007-02-02,14.756
2007-02-03,3.956
2007-02-04,5.709
2007-02-05,9.355
2007-02-06,3.583
2007-02-07,8.52
2007-02-08,10.665
2007-02-09,14.687
2007-02-10,13.878
2007-02-11,6.976
2007-02-12,4.135
2007-02-13,8.465
2007-02-14,8.479
2007-02-15,14.416
2007-02-16,3.759
2007-02-17,6.318
2007-02-18,8.766
2007-02-19,11.174
2007-02-20,13.031
2007-02-21,14.719
2007-02-22,5.905
2007-02-23,15.431
2007-02-24,5.776
2007-02-25,16.193
2007-02-26,7.091
2007-02-27,5.255
2007-02-28,16.322
2007-03-01,12.641
2007-03-02,10.575
2007-03-03,9.341
2007-03-04,3.372
2007-03-05,12.598
2007-03-06,9.111
2007-03-07,14.838
2007-03-08,6.181
2007-03-09,5.155
2007-03-10,7.816
2007-03-11,7.609
2007-03-12,13.773
2007-03-13,14.282
2007-03-14,6.883
2007-03-15,14.962
2007-03-16,3.665
2007-03-17,14.386
2007-03-18,6.048
2007-03-19,6.048
2007-03-20,13.027
2007-03-21,14.21
2007-03-22,8.036
2007-03-23,11.762
2007-03-24,12.584
2007-03-25,8.536
2007-03-26,15.469
2007-03-27,4.29
2007-03-28,13.528
2007-03-29,15.44
2007-03-30,6.569
2007-03-31,8.733
2007-04-01,12.237
2007-04-02,5.886
2007-04-03,13.888
2007-04-04,7.395
2007-04-05,8.264
2007-04-06,11.39
2007-04-07,8.726
2007-04-08,10.915
2007-04-09,4.691
2007-04-10,8.57
2007-04-11,11.581
2007-04-12,15.474
2007-04-13,6.638
2007-04-14,8.77
2007-04-15,12.093
2007-04-16,7.396
2007-04-17,4.361
2007-04-18,3.854
2007-04-19,10.146
2007-04-20,11.513
2007-04-21,9.286
2007-04-22,6.614
2007-04-23,11.342
2007-04-24,9.971
2007-04-25,13.962
2007-04-26,9.66
2007-04-27,5.39
2007-04-28,7.827
2007-04-29,14.418
2007-04-30,14.628
2007-05-01,14.803
2007-05-02,6.122
2007-05-03,10.834
2007-05-04,12.469
2007-05-05,13.665
2007-05-06,8.454
2007-05-07,10.557
2007-05-08,15.537
2007-05-09,10.832
2007-05-10,12.763
2007-05-11,10.621
2007-05-12,8.667
2007-05-13,15.04
2007-05-14,12.529
2007-05-15,10.54
2007-05-16,3.892
2007-05-17,8.452
2007-05-18,9.625
2007-05-19,4.421
2007-05-20,10.075
2007-05-21,7.964
2007-05-22,15.147
2007-05-23,5.379
2007-05-24,13.522
2007-05-25,13.837
2007-05-26,14.249
2007-05-27,15.518
2007-05-28,7.615
2007-05-29,6.109
2007-05-30,14.541
2007-05-31,7.663
2007-06-01,10.415
2007-06-02,4.975
2007-06-03,11.552
2007-06-04,12.08
2007-06-05,13.16
2007-06-06,6.853
2007-06-07,13.247
2007-06-08,12.477
2007-06-09,16.204
2007-06-10,15.478
2007-06-11,13.888
2007-06-12,9.352
2007-06-13,10.842
2007-06-14,10.94
2007-06-15,4.71
2007-06-16,9.1
2007-06-17,4.552
2007-06-18,8.073
2007-06-19,6.67
2007-06-20,14.164
2007-06-21,7.076
2007-06-22,11.854
2007-06-23,4.358
2007-06-24,14.407
2007-06-25,8.468
2007-06-26,13.474
2007-06-27,15.093
2007-06-28,6.699
2007-06-29,12.658
2007-06-30,14.188
2007-07-01,12.357
2007-07-02,11.947
2007-07-03,6.491
2007-07-04,16.37
2007-07-05,5.258
2007-07-06,9.929
2007-07-07,13.448
2007-07-08,15.034
2007-07-09,6.414
2007-07-10,15.282
2007-07-11,3.737
2007-07-12,9.05
2007-07-13,6.629
2007-07-14,4.182
2007-07-15,6.554
2007-07-16,14.967
2007-07-17,7.51
2007-07-18,9.256
2007-07-19,7.576
2007-07-20,4.74
2007-07-21,5.045
2007-07-22,13.594
2007-07-23,7.672
2007-07-24,15.528
2007-07-25,15.489
2007-07-26,11.419
2007-07-27,9.368
2007-07-28,6.138
2007-07-29,6.687
2007-07-30,15.715
2007-07-31,13.507
2007-08-01,6.568
2007-08-02,13.499
2007-08-03,13.834
2007-08-04,8.784
2007-08-05,13.994
2007-08-06,12.422
2007-08-07,5.796
2007-08-08,13.001
2007-08-09,11.645
2007-08-10,14.816
2007-08-11,15.544
2007-08-12,12.627
2007-08-13,15.943
2007-08-14,8.967
2007-08-15,11.204
2007-08-16,4.75
2007-08-17,9.388
2007-08-18,12.388
2007-08-19,16.195
2007-08-20,5.463
2007-08-21,9.443
2007-08-22,3.609
2007-08-23,5.969
2007-08-24,5.844
2007-08-25,7.88
2007-08-26,4.921
2007-08-27,8.655
2007-08-28,14.203
2007-08-29,3.855
2007-08-30,5.034
2007-08-31,3.453
2007-09-01,14.061
2007-09-02,5.157
2007-09-03,14.718
2007-09-04,15.196
2007-09-05,7.658
2007-09-06,14.717
2007-09-07,4.311
2007-09-08,13.754
2007-09-09,13.258
2007-09-10,14.506
2007-09-11,11.122
2007-09-12,10.896
2007-09-13,6.989
2007-09-14,9.722
2007-09-15,14.444
2007-09-16,11.58
2007-09-17,13.324
2007-09-18,13.718
2007-09-19,11.473
2007-09-20,7.365
2007-09-21,11.24
2007-09-22,10.489
2007-09-23,9.874
2007-09-24,11.995
2007-09-25,8.415
2007-09-26,8.915
2007-09-27,8.629
2007-09-28,8.937
2007-09-29,12.564
2007-09-30,5.543
2007-10-01,4.56
2007-10-02,13.033
2007-10-03,5.62
2007-10-04,14.216
2007-10-05,3.8
2007-10-06,4.066
2007-10-07,5.12
2007-10-08,15.924
2007-10-09,12.493
2007-10-10,10.652
2007-10-11,4.5
2007-10-12,5.92
2007-10-13,6.307
2007-10-14,10.585
2007-10-15,16.341
2007-10-16,6.453
2007-10-17,5.282
2007-10-18,13.617
2007-10-19,12.892
2007-10-20,14.084
2007-10-21,4.324
2007-10-22,5.962
2007-10-23,8.599
2007-10-24,3.882
2007-10-25,11.363
2007-10-26,12.077
2007-10-27,9.133
2007-10-28,4.078
2007-10-29,9.284
2007-10-30,6.053
2007-10-31,6.96
2007-11-01,13.459
2007-11-02,4.286
2007-11-03,12.6
2007-11-04,3.536
2007-11-05,7.975
2007-11-06,8.778
2007-11-07,6.088
2007-11-08,13.455
2007-11-09,6.499
2007-11-10,11.852
2007-11-11,7.898
2007-11-12,15.231
2007-11-13,4.59
2007-11-14,5.662
2007-11-15,14.735
2007-11-16,12.988
2007-11-17,9.689
2007-11-18,8.341
2007-11-19,7.051
2007-11-20,4.985
2007-11-21,4.231
2007-11-22,3.348
2007-11-23,4.256
2007-11-24,8.266
2007-11-25,12.99
2007-11-26,5.295
2007-11-27,12.614
2007-11-28,14.782
2007-11-29,4.414
2007-11-30,4.947
2007-12-01,3.757
2007-12-02,15.488
2007-12-03,7.157
2007-12-04,12.896
2007-12-05,9.636
2007-12-06,5.479
2007-12-07,5.805
2007-12-08,15.092
2007-12-09,12.553
2007-12-10,5.034
2007-12-11,4.991
2007-12-12,16.105
2007-12-13,5.697
2007-12-14,5.495
2007-12-15,3.917
2007-12-16,12.594
2007-12-17,14.154
2007-12-18,5.04
2007-12-19,5.269
2007-12-20,15.936
2007-12-21,4.51
2007-12-22,7.789
2007-12-23,5.77
2007-12-24,10.685
2007-12-25,11.345
2007-12-26,7.556
2007-12-27,5.256
2007-12-28,16.109
2007-12-29,6.983
2007-12-30,9.934
2007-12-31,4.105
2008-01-01,12.223
2008-01-02,6.725
2008-01-03,13.02
2008-01-04,12.212
2008-01-05,12.14
2008-01-06,16.403
2008-01-07,7.647
2008-01-08,5.711
2008-01-09,4.144
2008-01-10,4.48
2008-01-11,6.904
2008-01-12,13.375
2008-01-13,12.125
2008-01-14,7.954
2008-01-15,5.949
2008-01-16,11.57
2008-01-17,5.12
2008-01-18,13.519
2008-01-19,6.787
2008-01-20,16.34
2008-01-21,5.922
2008-01-22,5.092
2008-01-23,14.347
2008-01-24,7.368
2008-01-25,15.616
2008-01-26,6.969
2008-01-27,8.846
2008-01-28,9.344
2008-01-29,7.829
2008-01-30,15.24
2008-01-31,8.314
2008-02-01,3.655
2008-02-02,6.261
2008-02-03,14.315
2008-02-04,10.765
2008-02-05,12.017
2008-02-06,9.105
2008-02-07,4.455
2008-02-08,14.275
2008-02-09,10.36
2008-02-10,12.387
2008-02-11,15.964
2008-02-12,8.064
2008-02-13,6.521
2008-02-14,5.307
2008-02-15,9.862
2008-02-16,7.573
2008-02-17,10.812
2008-02-18,4.423
2008-02-19,5.397
2008-02-20,15.182
2008-02-21,3.817
2008-02-22,15.409
2008-02-23,12.864
2008-02-24,7.19
2008-02-25,14.824
2008-02-26,10.452
2008-02-27,3.83
2008-02-28,3.904
2008-02-29,9.381
2008-03-01,4.96
2008-03-02,4.864
2008-03-03,10.591
2008-03-04,15.738
2008-03-05,8.38
2008-03-06,11.588
2008-03-07,10.588
2008-03-08,10.093
2008-03-09,5.276
2008-03-10,13.434
2008-03-11,4.006
2008-03-12,4.2
2008-03-13,11.056
2008-03-14,7.166
2008-03-15,4.078
2008-03-16,16.133
2008-03-17,8.993
2008-03-18,13.705
2008-03-19,4.781
2008-03-20,12.144
2008-03-21,9.276
2008-03-22,12.832
2008-03-23,10.242
2008-03-24,7.627
2008-03-25,3.463
2008-03-26,10.881
2008-03-27,7.727
2008-03-28,10.39
2008-03-29,5.06
2008-03-30,11.872
2008-03-31,15.087
2008-04-01,10.894
2008-04-02,12.109
2008-04-03,15.19
2008-04-04,11.106
2008-04-05,11.174
2008-04-06,10.461
2008-04-07,5.473
2008-04-08,14.121
2008-04-09,9.233
2008-04-10,8.57
2008-04-11,15.698
2008-04-12,6.902
2008-04-13,5.466
2008-04-14,7.382
2008-04-15,8.752
2008-04-16,5.564
2008-04-17,7.838
2008-04-18,11.325
2008-04-19,5.232
2008-04-20,6.017
2008-04-21,9.287
2008-04-22,10.61
2008-04-23,13.71
2008-04-24,7.411
2008-04-25,8.205
2008-04-26,6.24
2008-04-27,7.039
2008-04-28,3.547
2008-04-29,13.618
2008-04-30,8.499
2008-05-01,11.0
2008-05-02,8.93
2008-05-03,13.171
2008-05-04,9.821
2008-05-05,8.283
2008-05-06,4.364
2008-05-07,7.119
2008-05-08,3.589
2008-05-09,15.203
2008-05-10,14.989
2008-05-11,14.559
2008-05-12,4.638
2008-05-13,5.496
2008-05-14,5.39
2008-05-15,8.368
2008-05-16,13.655
2008-05-17,8.986
2008-05-18,5.161
2008-05-19,15.586
2008-05-20,3.896
2008-05-21,8.898
2008-05-22,7.014
2008-05-23,4.547
2008-05-24,5.273
2008-05-25,12.339
2008-05-26,13.348
2008-05-27,7.594
2008-05-28,8.809
2008-05-29,15.886
2008-05-30,13.73
2008-05-31,3.849
2008-06-01,10.657
2008-06-02,4.441
2008-06-03,14.914
2008-06-04,6.511
2008-06-05,9.747
2008-06-06,12.955
2008-06-07,10.708
2008-06-08,13.035
2008-06-09,11.933
2008-06-10,5.572
2008-06-11,5.564
2008-06-12,13.861
2008-06-13,3.925
2008-06-14,8.74
2008-06-15,15.683
2008-06-16,7.907
2008-06-17,6.89
2008-06-18,3.954
2008-06-19,4.804
2008-06-20,12.57
2008-06-21,15.251
2008-06-22,8.54
2008-06-23,15.946
2008-06-24,15.074
2008-06-25,8.846
2008-06-26,7.239
2008-06-27,13.041
2008-06-28,12.178
2008-06-29,15.949
2008-06-30,10.647
2008-07-01,14.892
2008-07-02,14.174
2008-07-03,6.687
2008-07-04,9.522
2008-07-05,7.127
2008-07-06,8.782
2008-07-07,5.846
2008-07-08,14.287
2008-07-09,11.863
2008-07-10,7.447
2008-07-11,3.83
2008-07-12,5.536
2008-07-13,3.823
2008-07-14,3.864
2008-07-15,5.567
2008-07-16,8.686
2008-07-17,9.539
2008-07-18,5.227
2008-07-19,13.189
2008-07-20,15.466
2008-07-21,11.711
2008-07-22,4.313
2008-07-23,6.251
2008-07-24,8.489
2008-07-25,5.958
2008-07-26,6.682
2008-07-27,16.327
2008-07-28,5.686
2008-07-29,12.317
2008-07-30,9.665
2008-07-31,14.597
2008-08-01,6.428
2008-08-02,12.345
2008-08-03,4.534
2008-08-04,14.59
2008-08-05,7.646
2008-08-06,3.501
2008-08-07,9.916
2008-08-08,10.016
2008-08-09,10.099
2008-08-10,13.494
2008-08-11,5.492
2008-08-12,9.945
2008-08-13,15.63
2008-08-14,9.422
2008-08-15,13.777
2008-08-16,9.404
2008-08-17,5.811
2008-08-18,6.966
2008-08-19,12.244
2008-08-20,4.884
2008-08-21,8.484
2008-08-22,8.854
2008-08-23,8.908
2008-08-24,6.798
2008-08-25,7.326
2008-08-26,12.745
2008-08-27,12.08
2008-08-28,13.961
2008-08-29,9.317
2008-08-30,13.967
2008-08-31,10.983
2008-09-01,5.356
2008-09-02,9.155
2008-09-03,8.813
2008-09-04,5.201
2008-09-05,8.899
2008-09-06,7.784
2008-09-07,16.234
2008-09-08,11.067
2008-09-09,8.105
2008-09-10,12.68
2008-09-11,9.023
2008-09-12,4.646
2008-09-13,3.637
2008-09-14,10.342
2008-09-15,8.078
2008-09-16,15.678
2008-09-17,16.076
2008-09-18,14.174
2008-09-19,8.378
2008-09-20,12.304
2008-09-21,12.839
2008-09-22,15.354
2008-09-23,6.714
2008-09-24,5.783
2008-09-25,13.952
2008-09-26,6.582
2008-09-27,14.976
2008-09-28,5.755
2008-09-29,16.256
2008-09-30,4.676
2008-10-01,15.324
2008-10-02,7.419
2008-10-03,5.294
2008-10-04,6.161
2008-10-05,13.908
2008-10-06,5.624
2008-10-07,6.206
2008-10-08,7.648
2008-10-09,13.23
2008-10-10,8.704
2008-10-11,13.069
2008-10-12,15.025
2008-10-13,10.512
2008-10-14,11.558
2008-10-15,7.131
2008-10-16,12.877
2008-10-17,14.636
2008-10-18,16.025
2008-10-19,11.798
2008-10-20,14.009
2008-10-21,5.937
2008-10-22,12.767
2008-10-23,12.767
2008-10-24,15.246
2008-10-25,13.156
2008-10-26,6.949
2008-10-27,4.243
2008-10-28,11.744
2008-10-29,11.373
2008-10-30,14.772
2008-10-31,8.217
2008-11-01,10.292
2008-11-02,12.542
2008-11-03,12.428
2008-11-04,11.579
2008-11-05,6.729
2008-11-06,13.608
2008-11-07,8.266
2008-11-08,11.783
2008-11-09,14.29
2008-11-10,12.565
2008-11-11,10.645
2008-11-12,12.798
2008-11-13,6.885
2008-11-14,12.369
2008-11-15,5.736
2008-11-16,11.746
2008-11-17,13.825
2008-11-18,9.274
2008-11-19,4.727
2008-11-20,5.216
2008-11-21,10.349
2008-11-22,8.833
2008-11-23,8.338
2008-11-24,8.025
2008-11-25,12.317
2008-11-26,5.367
2008-11-27,10.907
2008-11-28,3.579
2008-11-29,4.809
2008-11-30,10.913
2008-12-01,4.049
2008-12-02,6.234
2008-12-03,14.876
2008-12-04,5.499
2008-12-05,7.032
2008-12-06,11.511
2008-12-07,8.793
2008-12-08,11.082
2008-12-09,14.987
2008-12-10,3.908
2008-12-11,7.732
2008-12-12,13.772
2008-12-13,16.289
2008-12-14,3.472
2008-12-15,10.904
2008-12-16,16.177
2008-12-17,14.775
2008-12-18,13.444
2008-12-19,8.394
2008-12-20,3.802
2008-12-21,5.045
2008-12-22,14.187
2008-12-23,6.977
2008-12-24,16.334
2008-12-25,15.264
2008-12-26,4.947
2008-12-27,12.746
2008-12-28,13.453
2008-12-29,7.81
2008-12-30,10.746
2008-12-31,10.089
2009-01-01,3.938
2009-01-02,15.003
2009-01-03,7.907
2009-01-04,13.945
2009-01-05,10.269
2009-01-06,11.481
2009-01-07,12.552
2009-01-08,5.215
2009-01-09,6.802
2009-01-10,15.988
2009-01-11,3.663
2009-01-12,12.836
2009-01-13,14.888
2009-01-14,5.426
2009-01-15,13.058
2009-01-16,5.656
2009-01-17,9.077
2009-01-18,3.911
2009-01-19,5.401
2009-01-20,15.304
2009-01-21,14.984
2009-01-22,5.922
2009-01-23,5.329
2009-01-24,11.487
2009-01-25,4.98
2009-01-26,4.388
2009-01-27,8.34
2009-01-28,11.303
2009-01-29,7.233
2009-01-30,13.334
2009-01-31,11.891
2009-02-01,9.825
2009-02-02,10.655
2009-02-03,5.472
2009-02-04,8.361
2009-02-05,4.778
2009-02-06,9.105
2009-02-07,7.408
2009-02-08,8.173
2009-02-09,12.989
2009-02-10,10.027
2009-02-11,9.907
2009-02-12,14.679
2009-02-13,10.176
2009-02-14,11.012
2009-02-15,10.921
2009-02-16,8.149
2009-02-17,10.177
2009-02-18,14.65
2009-02-19,11.93
2009-02-20,14.925
2009-02-21,10.532
2009-02-22,9.081
2009-02-23,12.978
2009-02-24,9.456
2009-02-25,14.738
2009-02-26,8.964
2009-02-27,6.817
2009-02-28,9.137
2009-03-01,9.586
2009-03-02,15.188
2009-03-03,14.903
2009-03-04,16.18
2009-03-05,4.46
2009-03-06,15.543
2009-03-07,11.403
2009-03-08,7.577
2009-03-09,6.968
2009-03-10,15.116
2009-03-11,11.662
2009-03-12,6.513
2009-03-13,8.766
2009-03-14,14.789
2009-03-15,11.235
2009-03-16,14.107
2009-03-17,6.715
2009-03-18,4.837
2009-03-19,7.491
2009-03-20,12.619
2009-03-21,10.987
2009-03-22,12.008
2009-03-23,10.432
2009-03-24,10.44
2009-03-25,12.563
2009-03-26,8.887
2009-03-27,7.897
2009-03-28,14.174
2009-03-29,4.703
2009-03-30,4.831
2009-03-31,11.796
2009-04-01,16.294
2009-04-02,13.207
2009-04-03,4.82
2009-04-04,3.496
2009-04-05,3.542
2009-04-06,9.034
2009-04-07,9.384
2009-04-08,13.762
2009-04-09,8.715
2009-04-10,13.286
2009-04-11,14.799
2009-04-12,8.085
2009-04-13,7.424
2009-04-14,6.314
2009-04-15,3.87
2009-04-16,7.726
2009-04-17,14.459
2009-04-18,11.594
2009-04-19,16.396
2009-04-20,8.663
2009-04-21,10.075
2009-04-22,11.052
2009-04-23,4.926
2009-04-24,14.172
2009-04-25,9.995
2009-04-26,6.454
2009-04-27,15.237
2009-04-28,4.486
2009-04-29,5.886
2009-04-30,7.894
2009-05-01,7.929
2009-05-02,7.849
2009-05-03,6.419
2009-05-04,12.879
2009-05-05,8.983
2009-05-06,12.11
2009-05-07,10.517
2009-05-08,10.648
2009-05-09,5.905
2009-05-10,15.767
2009-05-11,15.625
2009-05-12,8.701
2009-05-13,5.892
2009-05-14,12.223
2009-05-15,12.789
2009-05-16,13.029
2009-05-17,14.215
2009-05-18,8.715
2009-05-19,5.685
2009-05-20,15.75
2009-05-21,10.342
2009-05-22,4.672
2009-05-23,6.738
2009-05-24,8.775
2009-05-25,11.444
2009-05-26,14.275
2009-05-27,11.937
2009-05-28,8.096
2009-05-29,6.587
2009-05-30,7.982
2009-05-31,11.508
2009-06-01,13.507
2009-06-02,12.791
2009-06-03,10.257
2009-06-04,15.209
2009-06-05,6.962
2009-06-06,7.384
2009-06-07,7.926
2009-06-08,11.384
2009-06-09,8.159
2009-06-10,4.034
2009-06-11,12.207
2009-06-12,5.041
2009-06-13,4.743
2009-06-14,8.598
2009-06-15,12.952
2009-06-16,6.406
2009-06-17,8.06
2009-06-18,13.245
2009-06-19,7.81
2009-06-20,7.689
2009-06-21,14.279
2009-06-22,8.031
2009-06-23,11.288
2009-06-24,15.268
2009-06-25,13.563
2009-06-26,10.657
2009-06-27,15.677
2009-06-28,11.159
2009-06-29,15.802
2009-06-30,4.411
2009-07-01,12.188
2009-07-02,7.482
2009-07-03,10.835
2009-07-04,11.987
2009-07-05,16.142
2009-07-06,9.839
2009-07-07,7.752
2009-07-08,15.447
2009-07-09,8.366
2009-07-10,3.94
2009-07-11,12.067
2009-07-12,6.004
2009-07-13,9.717
2009-07-14,9.04
2009-07-15,6.528
2009-07-16,5.155
2009-07-17,3.629
2009-07-18,12.885
2009-07-19,3.59
2009-07-20,4.834
2009-07-21,11.975
2009-07-22,6.599
2009-07-23,7.967
2009-07-24,14.563
2009-07-25,5.898
2009-07-26,3.942
2009-07-27,9.242
2009-07-28,8.877
2009-07-29,15.374
2009-07-30,8.055
2009-07-31,3.475
2009-08-01,12.614
2009-08-02,5.63
2009-08-03,9.35
2009-08-04,12.645
2009-08-05,8.358
2009-08-06,3.606
2009-08-07,11.548
2009-08-08,5.198
2009-08-09,16.303
2009-08-10,13.207
2009-08-11,13.902
2009-08-12,14.133
2009-08-13,6.397
2009-08-14,8.061
2009-08-15,9.434
2009-08-16,10.964
2009-08-17,12.234
2009-08-18,4.518
2009-08-19,12.593
2009-08-20,11.422
2009-08-21,7.007
2009-08-22,8.935
2009-08-23,7.967
2009-08-24,12.843
2009-08-25,14.837
2009-08-26,4.738
2009-08-27,13.387
2009-08-28,7.695
2009-08-29,16.14
2009-08-30,11.441
2009-08-31,15.886
2009-09-01,12.899
2009-09-02,14.093
2009-09-03,7.264
2009-09-04,14.937
2009-09-05,5.267
2009-09-06,9.713
2009-09-07,15.926
2009-09-08,10.692
2009-09-09,6.686
2009-09-10,12.759
2009-09-11,12.249
2009-09-12,14.047
2009-09-13,6.6
2009-09-14,14.792
2009-09-15,11.307
2009-09-16,13.968
2009-09-17,14.053
2009-09-18,11.148
2009-09-19,3.629
2009-09-20,8.352
2009-09-21,7.002
2009-09-22,3.761
2009-09-23,7.494
2009-09-24,3.346
2009-09-25,5.362
2009-09-26,14.129
2009-09-27,6.141
2009-09-28,3.555
2009-09-29,7.767
2009-09-30,8.401
2009-10-01,4.134
2009-10-02,12.67
2009-10-03,3.949
2009-10-04,11.72
2009-10-05,6.543
2009-10-06,9.023
2009-10-07,4.95
2009-10-08,5.554
2009-10-09,12.024
2009-10-10,14.842
2009-10-11,14.17
2009-10-12,12.345
2009-10-13,3.759
2009-10-14,15.001
2009-10-15,6.908
2009-10-16,3.393
2009-10-17,5.857
2009-10-18,5.479
2009-10-19,10.8
2009-10-20,13.614
2009-10-21,8.448
2009-10-22,9.908
2009-10-23,16.042
2009-10-24,15.738
2009-10-25,12.703
2009-10-26,6.319
2009-10-27,15.922
2009-10-28,9.731
2009-10-29,11.443
2009-10-30,7.394
2009-10-31,8.609
2009-11-01,5.723
2009-11-02,8.502
2009-11-03,15.924
2009-11-04,12.711
2009-11-05,7.338
2009-11-06,14.374
2009-11-07,13.011
2009-11-08,4.264
2009-11-09,5.072
2009-11-10,8.402
2009-11-11,13.701
2009-11-12,6.901
2009-11-13,15.753
2009-11-14,14.522
2009-11-15,15.05
2009-11-16,14.274
2009-11-17,13.682
2009-11-18,9.65
2009-11-19,10.124
2009-11-20,3.724
2009-11-21,11.933
2009-11-22,7.084
2009-11-23,12.42
2009-11-24,11.015
2009-11-25,10.122
2009-11-26,11.9
2009-11-27,9.43
2009-11-28,3.967
2009-11-29,14.898
2009-11-30,4.387
2009-12-01,8.11
2009-12-02,3.569
2009-12-03,10.636
2009-12-04,5.493
2009-12-05,7.328
2009-12-06,5.011
2009-12-07,11.785
2009-12-08,14.907
2009-12-09,5.748
2009-12-10,4.087
2009-12-11,16.071
2009-12-12,4.952
2009-12-13,10.043
2009-12-14,15.164
2009-12-15,9.047
2009-12-16,8.183
2009-12-17,8.103
2009-12-18,6.553
2009-12-19,16.218
2009-12-20,15.937
2009-12-21,7.522
2009-12-22,10.422
2009-12-23,6.077
2009-12-24,14.971
2009-12-25,15.158
2009-12-26,11.153
2009-12-27,14.738
2009-12-28,12.46
2009-12-29,5.672
2009-12-30,14.122
2009-12-31,11.077
2010-01-01,5.607
2010-01-02,4.426
2010-01-03,10.946
2010-01-04,14.997
2010-01-05,12.407
2010-01-06,7.394
2010-01-07,6.638
2010-01-08,8.509
2010-01-09,15.722
2010-01-10,15.907
2010-01-11,10.72
2010-01-12,13.286
2010-01-13,7.564
2010-01-14,15.648
2010-01-15,7.924
2010-01-16,13.911
2010-01-17,6.007
2010-01-18,7.384
2010-01-19,9.668
2010-01-20,12.69
2010-01-21,6.968
2010-01-22,11.24
2010-01-23,8.317
2010-01-24,3.47
2010-01-25,10.853
2010-01-26,9.277
2010-01-27,9.698
2010-01-28,7.416
2010-01-29,12.319
2010-01-30,11.09
2010-01-31,10.59
2010-02-01,10.696
2010-02-02,6.426
2010-02-03,7.412
2010-02-04,4.023
2010-02-05,7.676
2010-02-06,4.429
2010-02-07,11.972
2010-02-08,16.234
2010-02-09,10.234
2010-02-10,3.904
2010-02-11,8.685
2010-02-12,13.417
2010-02-13,14.0
2010-02-14,3.391
2010-02-15,15.111
2010-02-16,12.068
2010-02-17,16.073
2010-02-18,13.277
2010-02-19,14.972
2010-02-20,3.662
2010-02-21,3.417
2010-02-22,9.993
2010-02-23,7.55
2010-02-24,14.688
2010-02-25,15.775
2010-02-26,5.251
2010-02-27,4.701
2010-02-28,5.779
2010-03-01,6.102
2010-03-02,13.548
2010-03-03,8.663
2010-03-04,11.724
2010-03-05,8.41
2010-03-06,14.187
2010-03-07,14.717
2010-03-08,4.408
2010-03-09,3.458
2010-03-10,13.421
2010-03-11,15.389
2010-03-12,8.328
2010-03-13,10.449
2010-03-14,9.463
2010-03-15,8.573
2010-03-16,4.73
2010-03-17,7.491
2010-03-18,13.13
2010-03-19,11.942
2010-03-20,7.781
2010-03-21,11.586
2010-03-22,8.353
2010-03-23,13.28
2010-03-24,13.92
2010-03-25,11.959
2010-03-26,7.112
2010-03-27,4.727
2010-03-28,11.731
2010-03-29,10.547
2010-03-30,7.496
2010-03-31,7.636
2010-04-01,14.988
2010-04-02,5.696
2010-04-03,14.685
2010-04-04,10.494
2010-04-05,3.82
2010-04-06,7.162
2010-04-07,7.175
2010-04-08,15.078
2010-04-09,16.132
2010-04-10,8.581
2010-04-11,11.895
2010-04-12,6.71
2010-04-13,14.52
2010-04-14,8.632
2010-04-15,10.673
2010-04-16,9.503
2010-04-17,14.085
2010-04-18,5.764
2010-04-19,10.321
2010-04-20,10.349
2010-04-21,14.685
2010-04-22,11.587
2010-04-23,4.274
2010-04-24,16.262
2010-04-25,6.177
2010-04-26,4.619
2010-04-27,6.109
2010-04-28,10.672
2010-04-29,16.279
2010-04-30,15.42
2010-05-01,5.489
2010-05-02,6.654
2010-05-03,7.294
2010-05-04,4.456
2010-05-05,14.016
2010-05-06,14.78
2010-05-07,14.073
2010-05-08,15.159
2010-05-09,14.806
2010-05-10,11.389
2010-05-11,15.542
2010-05-12,5.028
2010-05-13,8.959
2010-05-14,6.675
2010-05-15,5.212
2010-05-16,16.139
2010-05-17,7.873
2010-05-18,6.118
2010-05-19,10.641
2010-05-20,14.294
2010-05-21,6.876
2010-05-22,13.491
2010-05-23,14.331
2010-05-24,10.82
2010-05-25,13.017
2010-05-26,8.645
2010-05-27,15.03
2010-05-28,6.738
2010-05-29,10.635
2010-05-30,6.447
2010-05-31,7.739
2010-06-01,8.796
2010-06-02,5.15
2010-06-03,11.48
2010-06-04,5.029
2010-06-05,12.198
2010-06-06,7.884
2010-06-07,5.141
2010-06-08,5.586
2010-06-09,12.3
2010-06-10,14.156
2010-06-11,9.665
2010-06-12,10.498
2010-06-13,3.571
2010-06-14,15.338
2010-06-15,9.28
2010-06-16,6.647
2010-06-17,5.353
2010-06-18,7.64
2010-06-19,5.296
2010-06-20,14.684
2010-06-21,10.025
2010-06-22,6.908
2010-06-23,3.669
2010-06-24,5.371
2010-06-25,10.207
2010-06-26,15.526
2010-06-27,6.185
2010-06-28,15.907
2010-06-29,7.807
2010-06-30,4.824
2010-07-01,6.479
2010-07-02,3.746
2010-07-03,7.247
2010-07-04,7.625
2010-07-05,7.766
2010-07-06,10.737
2010-07-07,13.017
2010-07-08,9.172
2010-07-09,14.924
2010-07-10,11.658
2010-07-11,6.895
2010-07-12,7.151
2010-07-13,10.699
2010-07-14,13.612
2010-07-15,3.757
2010-07-16,15.735
2010-07-17,7.788
2010-07-18,7.554
2010-07-19,15.76
2010-07-20,14.833
2010-07-21,5.009
2010-07-22,14.64
2010-07-23,10.929
2010-07-24,6.167
2010-07-25,9.148
2010-07-26,5.045
2010-07-27,7.118
2010-07-28,5.01
2010-07-29,13.172
2010-07-30,7.347
2010-07-31,8.056
2010-08-01,8.151
2010-08-02,4.165
2010-08-03,4.495
2010-08-04,4.547
2010-08-05,14.027
2010-08-06,14.89
2010-08-07,15.925
2010-08-08,4.375
2010-08-09,15.413
2010-08-10,11.294
2010-08-11,6.516
2010-08-12,4.329
2010-08-13,3.416
2010-08-14,7.966
2010-08-15,12.38
2010-08-16,5.068
2010-08-17,15.606
2010-08-18,13.095
2010-08-19,4.065
2010-08-20,14.108
2010-08-21,8.917
2010-08-22,4.826
2010-08-23,12.929
2010-08-24,10.811
2010-08-25,7.422
2010-08-26,12.684
2010-08-27,7.206
2010-08-28,10.359
2010-08-29,13.363
2010-08-30,13.125
2010-08-31,7.581
2010-09-01,11.763
2010-09-02,12.506
2010-09-03,4.391
2010-09-04,13.171
2010-09-05,10.872
2010-09-06,6.74
2010-09-07,10.401
2010-09-08,13.106
2010-09-09,7.616
2010-09-10,12.119
2010-09-11,13.316
2010-09-12,8.085
2010-09-13,13.171
2010-09-14,5.472
2010-09-15,14.893
2010-09-16,11.66
2010-09-17,7.681
2010-09-18,5.622
2010-09-19,4.315
2010-09-20,9.24
2010-09-21,15.56
2010-09-22,14.925
2010-09-23,14.865
2010-09-24,6.178
2010-09-25,12.474
2010-09-26,13.523
2010-09-27,4.448
2010-09-28,15.658
2010-09-29,10.77
2010-09-30,15.117
2010-10-01,12.112
2010-10-02,10.383
2010-10-03,14.783
2010-10-04,8.259
2010-10-05,7.099
2010-10-06,9.629
2010-10-07,12.302
2010-10-08,8.203
2010-10-09,13.06
2010-10-10,12.422
2010-10-11,10.674
2010-10-12,11.31
2010-10-13,6.453
2010-10-14,6.794
2010-10-15,16.321
2010-10-16,4.554
2010-10-17,9.413
2010-10-18,9.167
2010-10-19,6.506
2010-10-20,12.351
2010-10-21,13.829
2010-10-22,14.229
2010-10-23,8.341
2010-10-24,12.909
2010-10-25,15.251
2010-10-26,7.435
2010-10-27,15.845
2010-10-28,11.023
2010-10-29,4.072
2010-10-30,7.471
2010-10-31,6.032
2010-11-01,4.755
2010-11-02,14.426
2010-11-03,9.363
2010-11-04,5.725
2010-11-05,10.769
2010-11-06,5.074
2010-11-07,5.642
2010-11-08,8.015
2010-11-09,11.259
2010-11-10,3.505
2010-11-11,14.081
2010-11-12,10.994
2010-11-13,10.364
2010-11-14,9.118
2010-11-15,5.781
2010-11-16,6.453
2010-11-17,7.765
2010-11-18,13.801
2010-11-19,6.721
2010-11-20,11.509
2010-11-21,3.411
2010-11-22,11.047
2010-11-23,3.535
2010-11-24,3.453
2010-11-25,10.144
2010-11-26,7.971
2010-11-27,4.29
2010-11-28,4.524
2010-11-29,9.894
2010-11-30,14.602
2010-12-01,4.627
2010-12-02,14.366
2010-12-03,10.814
2010-12-04,11.912
2010-12-05,12.666
2010-12-06,13.889
2010-12-07,10.807
2010-12-08,5.203
2010-12-09,9.947
2010-12-10,9.632
2010-12-11,5.442
2010-12-12,11.848
2010-12-13,9.882
2010-12-14,4.074
2010-12-15,15.977
2010-12-16,5.668
2010-12-17,14.455
2010-12-18,15.632
2010-12-19,12.843
2010-12-20,7.295
2010-12-21,15.455
2010-12-22,4.721
2010-12-23,11.197
2010-12-24,6.387
2010-12-25,3.446
2010-12-26,15.428
2010-12-27,10.675
2010-12-28,13.065
2010-12-29,13.305
2010-12-30,15.041
2010-12-31,13.626
2011-01-01,10.296
2011-01-02,7.23
2011-01-03,14.447
2011-01-04,3.748
2011-01-05,12.311
2011-01-06,16.228
2011-01-07,11.081
2011-01-08,9.324
2011-01-09,6.33
2011-01-10,5.469
2011-01-11,6.382
2011-01-12,14.621
2011-01-13,12.62
2011-01-14,4.062
2011-01-15,8.436
2011-01-16,8.226
2011-01-17,16.135
2011-01-18,12.786
2011-01-19,10.973
2011-01-20,3.43
2011-01-21,14.73
2011-01-22,11.679
2011-01-23,7.767
2011-01-24,12.096
2011-01-25,8.46
2011-01-26,14.764
2011-01-27,16.305
2011-01-28,14.522
2011-01-29,9.699
2011-01-30,15.318
2011-01-31,5.416
2011-02-01,9.984
2011-02-02,8.202
2011-02-03,4.015
2011-02-04,16.363
2011-02-05,13.431
2011-02-06,7.784
2011-02-07,7.953
2011-02-08,16.006
2011-02-09,13.367
2011-02-10,12.031
2011-02-11,10.762
2011-02-12,5.766
2011-02-13,13.106
2011-02-14,5.487
2011-02-15,9.009
2011-02-16,13.038
2011-02-17,8.85
2011-02-18,6.399
2011-02-19,8.543
2011-02-20,11.935
2011-02-21,8.309
2011-02-22,9.19
2011-02-23,11.995
2011-02-24,13.288
2011-02-25,5.075
2011-02-26,5.595
2011-02-27,6.177
2011-02-28,9.623
2011-03-01,12.909
2011-03-02,6.839
2011-03-03,13.783
2011-03-04,11.44
2011-03-05,8.461
2011-03-06,3.575
2011-03-07,12.457
2011-03-08,9.636
2011-03-09,5.244
2011-03-10,11.081
2011-03-11,8.87
2011-03-12,13.28
2011-03-13,8.221
2011-03-14,10.106
2011-03-15,12.945
2011-03-16,4.37
2011-03-17,15.449
2011-03-18,14.291
2011-03-19,10.192
2011-03-20,10.069
2011-03-21,15.621
2011-03-22,6.705
2011-03-23,6.692
2011-03-24,5.586
2011-03-25,9.506
2011-03-26,10.561
2011-03-27,5.564
2011-03-28,15.708
2011-03-29,13.765
2011-03-30,6.881
2011-03-31,14.535
2011-04-01,9.112
2011-04-02,12.998
2011-04-03,9.479
2011-04-04,14.844
2011-04-05,11.754
2011-04-06,6.039
2011-04-07,15.533
2011-04-08,14.44
2011-04-09,14.513
2011-04-10,12.085
2011-04-11,15.648
2011-04-12,12.248
2011-04-13,14.554
2011-04-14,3.595
2011-04-15,12.155
2011-04-16,14.185
2011-04-17,4.525
2011-04-18,9.59
2011-04-19,6.959
2011-04-20,13.405
2011-04-21,5.058
2011-04-22,12.147
2011-04-23,9.298
2011-04-24,4.074
2011-04-25,6.172
2011-04-26,5.04
2011-04-27,6.441
2011-04-28,12.551
2011-04-29,9.193
2011-04-30,5.429
2011-05-01,14.541
2011-05-02,10.08
2011-05-03,9.193
2011-05-04,14.269
2011-05-05,6.248
2011-05-06,10.619
2011-05-07,7.756
2011-05-08,15.079
2011-05-09,16.402
2011-05-10,9.537
2011-05-11,14.344
2011-05-12,10.4
2011-05-13,11.502
2011-05-14,14.848
2011-05-15,14.142
2011-05-16,9.293
2011-05-17,8.995
2011-05-18,4.056
2011-05-19,16.249
2011-05-20,16.186
2011-05-21,6.294
2011-05-22,13.437
2011-05-23,6.11
2011-05-24,12.838
2011-05-25,4.979
2011-05-26,5.355
2011-05-27,3.463
2011-05-28,6.3
2011-05-29,4.857
2011-05-30,8.419
2011-05-31,7.417
2011-06-01,12.969
2011-06-02,10.845
2011-06-03,5.148
2011-06-04,5.095
2011-06-05,4.861
2011-06-06,3.437
2011-06-07,10.638
2011-06-08,15.837
2011-06-09,12.845
2011-06-10,6.798
2011-06-11,10.909
2011-06-12,7.756
2011-06-13,8.725
2011-06-14,4.809
2011-06-15,7.916
2011-06-16,5.934
2011-06-17,6.433
2011-06-18,16.357
2011-06-19,7.794
2011-06-20,8.532
2011-06-21,8.346
2011-06-22,7.788
2011-06-23,15.209
2011-06-24,7.48
2011-06-25,15.085
2011-06-26,4.138
2011-06-27,9.726
2011-06-28,12.903
2011-06-29,10.174
2011-06-30,3.532
2011-07-01,12.923
2011-07-02,9.969
2011-07-03,13.853
2011-07-04,12.711
2011-07-05,9.245
2011-07-06,7.238
2011-07-07,8.143
2011-07-08,10.768
2011-07-09,11.945
2011-07-10,8.626
2011-07-11,6.667
2011-07-12,5.936
2011-07-13,14.886
2011-07-14,13.537
2011-07-15,14.079
2011-07-16,15.327
2011-07-17,15.082
2011-07-18,6.172
2011-07-19,10.085
2011-07-20,15.243
2011-07-21,11.456
2011-07-22,13.401
2011-07-23,4.762
2011-07-24,7.52
2011-07-25,8.314
2011-07-26,7.515
2011-07-27,9.069
2011-07-28,7.634
2011-07-29,7.47
2011-07-30,9.497
2011-07-31,10.014
2011-08-01,15.238
2011-08-02,6.896
2011-08-03,10.918
2011-08-04,15.954
2011-08-05,7.639
2011-08-06,3.702
2011-08-07,9.148
2011-08-08,11.504
2011-08-09,14.287
2011-08-10,5.359
2011-08-11,5.58
2011-08-12,12.144
2011-08-13,14.13
2011-08-14,4.9
2011-08-15,10.288
2011-08-16,14.683
2011-08-17,9.49
2011-08-18,6.359
2011-08-19,10.581
2011-08-20,9.687
2011-08-21,9.59
2011-08-22,14.353
2011-08-23,13.137
2011-08-24,7.795
2011-08-25,5.186
2011-08-26,5.68
2011-08-27,4.636
2011-08-28,6.948
2011-08-29,15.63
2011-08-30,13.227
2011-08-31,9.563
2011-09-01,15.106
2011-09-02,11.82
2011-09-03,12.892
2011-09-04,5.393
2011-09-05,6.274
2011-09-06,8.2
2011-09-07,9.185
2011-09-08,3.76
2011-09-09,14.155
2011-09-10,11.986
2011-09-11,15.309
2011-09-12,14.146
2011-09-13,10.315
2011-09-14,13.788
2011-09-15,15.543
2011-09-16,14.137
2011-09-17,4.849
2011-09-18,14.836
2011-09-19,15.76
2011-09-20,13.932
2011-09-21,8.082
2011-09-22,9.291
2011-09-23,6.79
2011-09-24,15.585
2011-09-25,11.896
2011-09-26,13.599
2011-09-27,5.797
2011-09-28,11.482
2011-09-29,9.852
2011-09-30,11.278
2011-10-01,5.991
2011-10-02,7.825
2011-10-03,14.001
2011-10-04,7.508
2011-10-05,11.828
2011-10-06,9.592
2011-10-07,7.162
2011-10-08,10.42
2011-10-09,3.581
2011-10-10,8.718
2011-10-11,9.08
2011-10-12,9.51
2011-10-13,14.223
2011-10-14,9.807
2011-10-15,15.374
2011-10-16,3.921
2011-10-17,5.958
2011-10-18,13.424
2011-10-19,13.477
2011-10-20,5.076
2011-10-21,4.503
2011-10-22,3.805
2011-10-23,7.302
2011-10-24,16.24
2011-10-25,9.172
2011-10-26,13.683
2011-10-27,7.653
2011-10-28,12.634
2011-10-29,6.013
2011-10-30,6.446
2011-10-31,9.424
2011-11-01,10.427
2011-11-02,10.667
2011-11-03,9.09
2011-11-04,4.843
2011-11-05,10.07
2011-11-06,13.595
2011-11-07,12.413
2011-11-08,4.544
2011-11-09,8.825
2011-11-10,9.803
2011-11-11,5.986
2011-11-12,8.082
2011-11-13,12.487
2011-11-14,15.547
2011-11-15,13.217
2011-11-16,4.091
2011-11-17,5.155
2011-11-18,6.316
2011-11-19,16.041
2011-11-20,14.118
2011-11-21,13.021
2011-11-22,14.001
2011-11-23,11.833
2011-11-24,8.731
2011-11-25,8.118
2011-11-26,8.164
2011-11-27,13.197
2011-11-28,12.977
2011-11-29,10.329
2011-11-30,7.829
2011-12-01,4.67
2011-12-02,9.417
2011-12-03,11.748
2011-12-04,13.941
2011-12-05,4.977
2011-12-06,7.958
2011-12-07,5.289
2011-12-08,16.173
2011-12-09,7.016
2011-12-10,5.328
2011-12-11,15.446
2011-12-12,5.54
2011-12-13,4.02
2011-12-14,9.392
2011-12-15,3.426
2011-12-16,10.159
2011-12-17,14.812
2011-12-18,7.668
2011-12-19,7.451
2011-12-20,7.73
2011-12-21,8.465
2011-12-22,15.961
2011-12-23,12.978
2011-12-24,3.363
2011-12-25,16.136
2011-12-26,3.933
2011-12-27,9.014
2011-12-28,11.515
2011-12-29,5.168
2011-12-30,12.132
2011-12-31,7.265
2012-01-01,3.495
2012-01-02,12.768
2012-01-03,16.362
2012-01-04,7.803
2012-01-05,3.838
2012-01-06,5.089
2012-01-07,14.534
2012-01-08,5.602
2012-01-09,10.741
2012-01-10,12.221
2012-01-11,7.667
2012-01-12,9.384
2012-01-13,3.476
2012-01-14,7.187
2012-01-15,9.649
2012-01-16,6.831
2012-01-17,14.033
2012-01-18,6.498
2012-01-19,11.687
2012-01-20,12.256
2012-01-21,14.817
2012-01-22,5.279
2012-01-23,11.516
2012-01-24,10.954
2012-01-25,6.922
2012-01-26,14.094
2012-01-27,7.335
2012-01-28,15.068
2012-01-29,9.218
2012-01-30,9.696
2012-01-31,6.83
2012-02-01,5.832
2012-02-02,10.534
2012-02-03,7.664
2012-02-04,15.885
2012-02-05,15.39
2012-02-06,15.223
2012-02-07,4.045
2012-02-08,11.13
2012-02-09,10.112
2012-02-10,16.13
2012-02-11,11.804
2012-02-12,8.966
2012-02-13,14.532
2012-02-14,14.51
2012-02-15,3.902
2012-02-16,6.279
2012-02-17,13.267
2012-02-18,5.63
2012-02-19,10.896
2012-02-20,11.804
2012-02-21,10.42
2012-02-22,15.465
2012-02-23,14.537
2012-02-24,10.991
2012-02-25,13.861
2012-02-26,9.462
2012-02-27,15.294
2012-02-28,6.446
2012-02-29,4.146
2012-03-01,5.091
2012-03-02,10.83
2012-03-03,12.065
2012-03-04,8.297
2012-03-05,4.24
2012-03-06,3.565
2012-03-07,13.66
2012-03-08,5.157
2012-03-09,14.275
2012-03-10,15.319
2012-03-11,6.368
2012-03-12,16.18
2012-03-13,13.801
2012-03-14,7.765
2012-03-15,3.914
2012-03-16,8.421
2012-03-17,15.458
2012-03-18,14.436
2012-03-19,11.956
2012-03-20,14.856
2012-03-21,8.995
2012-03-22,15.876
2012-03-23,6.461
2012-03-24,7.728
2012-03-25,15.449
2012-03-26,8.259
2012-03-27,15.828
2012-03-28,4.392
2012-03-29,14.675
2012-03-30,6.858
2012-03-31,14.412
2012-04-01,3.865
2012-04-02,7.356
2012-04-03,8.694
2012-04-04,9.406
2012-04-05,15.26
2012-04-06,6.212
2012-04-07,15.653
2012-04-08,7.447
2012-04-09,14.997
2012-04-10,4.222
2012-04-11,12.326
2012-04-12,4.527
2012-04-13,14.815
2012-04-14,15.957
2012-04-15,11.52
2012-04-16,16.021
2012-04-17,10.063
2012-04-18,9.687
2012-04-19,6.844
2012-04-20,15.41
2012-04-21,13.644
2012-04-22,7.326
2012-04-23,3.391
2012-04-24,12.615
2012-04-25,12.822
2012-04-26,10.261
2012-04-27,5.753
2012-04-28,10.233
2012-04-29,6.139
2012-04-30,15.756
2012-05-01,13.544
2012-05-02,15.426
2012-05-03,9.468
2012-05-04,13.147
2012-05-05,11.434
2012-05-06,8.811
2012-05-07,6.361
2012-05-08,10.435
2012-05-09,12.39
2012-05-10,4.835
2012-05-11,13.674
2012-05-12,16.104
2012-05-13,10.465
2012-05-14,13.038
2012-05-15,11.153
2012-05-16,4.873
2012-05-17,4.798
2012-05-18,8.173
2012-05-19,4.769
2012-05-20,8.226
2012-05-21,10.752
2012-05-22,3.942
2012-05-23,14.729
2012-05-24,14.772
2012-05-25,8.261
2012-05-26,3.795
2012-05-27,11.962
2012-05-28,10.939
2012-05-29,14.639
2012-05-30,7.23
2012-05-31,9.51
2012-06-01,15.798
2012-06-02,15.396
2012-06-03,8.88
2012-06-04,3.803
2012-06-05,6.326
2012-06-06,4.912
2012-06-07,7.721
2012-06-08,13.162
2012-06-09,5.091
2012-06-10,9.167
2012-06-11,13.38
2012-06-12,3.382
2012-06-13,13.313
2012-06-14,3.636
2012-06-15,5.828
2012-06-16,8.718
2012-06-17,12.499
2012-06-18,15.963
2012-06-19,3.373
2012-06-20,5.881
2012-06-21,6.533
2012-06-22,7.735
2012-06-23,11.087
2012-06-24,13.02
2012-06-25,14.808
2012-06-26,4.141
2012-06-27,3.928
2012-06-28,9.366
2012-06-29,13.582
2012-06-30,11.863
2012-07-01,15.11
2012-07-02,15.4
2012-07-03,12.761
2012-07-04,13.345
2012-07-05,5.926
2012-07-06,3.78
2012-07-07,8.65
2012-07-08,4.023
2012-07-09,16.325
2012-07-10,9.53
2012-07-11,8.149
2012-07-12,3.874
2012-07-13,5.798
2012-07-14,11.751
2012-07-15,5.43
2012-07-16,11.611
2012-07-17,8.004
2012-07-18,9.793
2012-07-19,11.086
2012-07-20,14.113
2012-07-21,8.583
2012-07-22,8.063
2012-07-23,10.572
2012-07-24,12.042
2012-07-25,8.328
2012-07-26,13.015
2012-07-27,8.491
2012-07-28,7.513
2012-07-29,3.985
2012-07-30,10.494
2012-07-31,14.543
2012-08-01,12.377
2012-08-02,12.393
2012-08-03,9.354
2012-08-04,15.945
2012-08-05,9.667
2012-08-06,16.374
2012-08-07,6.256
2012-08-08,7.636
2012-08-09,9.366
2012-08-10,7.157
2012-08-11,12.616
2012-08-12,9.856
2012-08-13,14.339
2012-08-14,14.399
2012-08-15,13.974
2012-08-16,8.007
2012-08-17,11.45
2012-08-18,12.07
2012-08-19,6.904
2012-08-20,5.375
2012-08-21,15.474
2012-08-22,10.552
2012-08-23,12.847
2012-08-24,14.444
2012-08-25,9.594
2012-08-26,13.453
2012-08-27,7.818
2012-08-28,4.046
2012-08-29,6.964
2012-08-30,6.552
2012-08-31,7.532
2012-09-01,12.005
2012-09-02,13.472
2012-09-03,5.94
2012-09-04,13.53
2012-09-05,6.929
2012-09-06,5.18
2012-09-07,8.432
2012-09-08,5.397
2012-09-09,6.383
2012-09-10,14.574
2012-09-11,14.064
2012-09-12,5.349
2012-09-13,7.168
2012-09-14,14.027
2012-09-15,10.353
2012-09-16,16.29
2012-09-17,11.953
2012-09-18,15.137
2012-09-19,3.486
2012-09-20,14.243
2012-09-21,16.163
2012-09-22,14.858
2012-09-23,7.093
2012-09-24,7.22
2012-09-25,8.268
2012-09-26,8.595
2012-09-27,6.621
2012-09-28,10.219
2012-09-29,10.237
2012-09-30,8.138
2012-10-01,6.482
2012-10-02,8.601
2012-10-03,6.13
2012-10-04,7.387
2012-10-05,4.207
2012-10-06,10.01
2012-10-07,13.615
2012-10-08,10.451
2012-10-09,16.37
2012-10-10,11.195
2012-10-11,9.273
2012-10-12,9.791
2012-10-13,13.95
2012-10-14,8.67
2012-10-15,16.044
2012-10-16,13.364
2012-10-17,12.596
2012-10-18,5.532
2012-10-19,7.072
2012-10-20,8.363
2012-10-21,9.689
2012-10-22,13.233
2012-10-23,5.536
2012-10-24,6.111
2012-10-25,11.016
2012-10-26,12.166
2012-10-27,7.839
2012-10-28,9.77
2012-10-29,12.167
2012-10-30,8.585
2012-10-31,14.53
2012-11-01,8.9
2012-11-02,13.792
2012-11-03,8.772
2012-11-04,4.285
2012-11-05,12.659
2012-11-06,12.777
2012-11-07,6.049
2012-11-08,14.414
2012-11-09,9.018
2012-11-10,3.572
2012-11-11,12.413
2012-11-12,15.057
2012-11-13,4.903
2012-11-14,10.891
2012-11-15,12.911
2012-11-16,6.686
2012-11-17,13.5
2012-11-18,14.959
2012-11-19,9.568
2012-11-20,5.593
2012-11-21,3.524
2012-11-22,14.98
2012-11-23,15.644
2012-11-24,13.881
2012-11-25,10.841
2012-11-26,4.091
2012-11-27,15.075
2012-11-28,14.041
2012-11-29,11.704
2012-11-30,3.984
2012-12-01,11.398
2012-12-02,9.388
2012-12-03,6.643
2012-12-04,14.697
2012-12-05,10.553
2012-12-06,14.368
2012-12-07,11.956
2012-12-08,6.13
2012-12-09,3.381
2012-12-10,6.619
2012-12-11,5.877
2012-12-12,12.503
2012-12-13,5.973
2012-12-14,10.975
2012-12-15,12.73
2012-12-16,5.563
2012-12-17,9.536
2012-12-18,10.127
2012-12-19,4.252
2012-12-20,6.307
2012-12-21,12.674
2012-12-22,14.154
2012-12-23,5.876
2012-12-24,15.472
2012-12-25,10.801
2012-12-26,6.128
2012-12-27,13.248
2012-12-28,14.277
2012-12-29,9.696
2012-12-30,10.223
2012-12-31,8.462
2013-01-01,5.099
2013-01-02,10.159
2013-01-03,15.964
2013-01-04,11.99
2013-01-05,8.097
2013-01-06,9.693
2013-01-07,4.882
2013-01-08,6.803
2013-01-09,3.887
2013-01-10,4.104
2013-01-11,16.406
2013-01-12,8.054
2013-01-13,11.434
2013-01-14,14.361
2013-01-15,14.456
2013-01-16,6.617
2013-01-17,6.324
2013-01-18,6.511
2013-01-19,4.233
2013-01-20,12.76
2013-01-21,4.838
2013-01-22,11.583
2013-01-23,14.362
2013-01-24,8.268
2013-01-25,7.864
2013-01-26,4.497
2013-01-27,8.898
2013-01-28,7.389
2013-01-29,14.023
2013-01-30,4.787
2013-01-31,6.526
2013-02-01,6.382
2013-02-02,10.301
2013-02-03,7.125
2013-02-04,14.182
2013-02-05,13.97
2013-02-06,11.395
2013-02-07,12.286
2013-02-08,3.882
2013-02-09,12.821
2013-02-10,4.75
2013-02-11,10.56
2013-02-12,6.053
2013-02-13,6.478
2013-02-14,8.435
2013-02-15,11.8
2013-02-16,15.089
2013-02-17,16.091
2013-02-18,8.092
2013-02-19,16.03
2013-02-20,6.754
2013-02-21,6.088
2013-02-22,6.908
2013-02-23,15.967
2013-02-24,11.875
2013-02-25,5.236
2013-02-26,14.15
2013-02-27,16.271
2013-02-28,8.717
2013-03-01,4.591
2013-03-02,11.348
2013-03-03,5.732
2013-03-04,5.525
2013-03-05,7.934
2013-03-06,15.651
2013-03-07,5.45
2013-03-08,16.136
2013-03-09,5.845
2013-03-10,13.796
2013-03-11,5.856
2013-03-12,3.363
2013-03-13,15.995
2013-03-14,7.889
2013-03-15,13.914
2013-03-16,11.299
2013-03-17,5.358
2013-03-18,13.878
2013-03-19,10.283
2013-03-20,5.607
2013-03-21,14.407
2013-03-22,12.583
2013-03-23,8.592
2013-03-24,4.074
2013-03-25,10.781
2013-03-26,15.6
2013-03-27,6.99
2013-03-28,10.185
2013-03-29,5.367
2013-03-30,9.406
2013-03-31,5.569
2013-04-01,13.237
2013-04-02,12.408
2013-04-03,8.18
2013-04-04,10.477
2013-04-05,8.704
2013-04-06,13.606
2013-04-07,8.251
2013-04-08,5.193
2013-04-09,12.353
2013-04-10,12.184
2013-04-11,7.103
2013-04-12,10.64
2013-04-13,14.972
2013-04-14,13.94
2013-04-15,7.542
2013-04-16,11.402
2013-04-17,7.011
2013-04-18,8.191
2013-04-19,3.684
2013-04-20,10.697
2013-04-21,15.11
2013-04-22,10.919
2013-04-23,11.198
2013-04-24,16.049
2013-04-25,12.113
2013-04-26,12.455
2013-04-27,7.01
2013-04-28,14.322
2013-04-29,10.328
2013-04-30,6.993
2013-05-01,12.504
2013-05-02,12.489
2013-05-03,9.437
2013-05-04,5.184
2013-05-05,6.286
2013-05-06,6.615
2013-05-07,6.621
2013-05-08,6.104
2013-05-09,14.805
2013-05-10,12.12
2013-05-11,4.444
2013-05-12,13.939
2013-05-13,12.482
2013-05-14,9.3
2013-05-15,10.735
2013-05-16,11.669
2013-05-17,12.864
2013-05-18,13.2
2013-05-19,8.355
2013-05-20,15.349
2013-05-21,13.4
2013-05-22,10.605
2013-05-23,11.292
2013-05-24,6.636
2013-05-25,12.741
2013-05-26,15.756
2013-05-27,16.065
2013-05-28,7.426
2013-05-29,9.37
2013-05-30,14.927
2013-05-31,11.32
2013-06-01,14.451
2013-06-02,12.898
2013-06-03,14.606
2013-06-04,10.183
2013-06-05,7.476
2013-06-06,4.418
2013-06-07,13.784
2013-06-08,8.22
2013-06-09,14.21
2013-06-10,11.82
2013-06-11,10.024
2013-06-12,14.824
2013-06-13,12.747
2013-06-14,9.706
2013-06-15,10.5
2013-06-16,6.763
2013-06-17,6.98
2013-06-18,4.116
2013-06-19,10.226
2013-06-20,3.745
2013-06-21,11.287
2013-06-22,7.649
2013-06-23,8.691
2013-06-24,11.383
2013-06-25,16.076
2013-06-26,7.885
2013-06-27,12.866
2013-06-28,13.744
2013-06-29,13.509
2013-06-30,9.127
2013-07-01,9.612
2013-07-02,13.44
2013-07-03,10.766
2013-07-04,4.144
2013-07-05,13.185
2013-07-06,13.216
2013-07-07,3.542
2013-07-08,13.707
2013-07-09,15.814
2013-07-10,3.638
2013-07-11,4.434
2013-07-12,7.525
2013-07-13,15.581
2013-07-14,12.477
2013-07-15,15.432
2013-07-16,12.063
2013-07-17,12.374
2013-07-18,5.349
2013-07-19,9.639
2013-07-20,3.779
2013-07-21,8.286
2013-07-22,13.419
2013-07-23,7.301
2013-07-24,4.429
2013-07-25,6.933
2013-07-26,8.5
2013-07-27,15.757
2013-07-28,5.942
2013-07-29,14.028
2013-07-30,3.925
2013-07-31,10.141
2013-08-01,3.664
2013-08-02,13.994
2013-08-03,15.423
2013-08-04,12.406
2013-08-05,12.174
2013-08-06,5.343
2013-08-07,12.37
2013-08-08,5.21
2013-08-09,5.162
2013-08-10,5.384
2013-08-11,8.686
2013-08-12,4.527
2013-08-13,4.583
2013-08-14,7.884
2013-08-15,8.956
2013-08-16,7.928
2013-08-17,7.505
2013-08-18,6.197
2013-08-19,5.252
2013-08-20,15.463
2013-08-21,13.405
2013-08-22,14.341
2013-08-23,12.606
2013-08-24,12.591
2013-08-25,12.777
2013-08-26,4.487
2013-08-27,13.278
2013-08-28,3.567
2013-08-29,10.703
2013-08-30,14.143
2013-08-31,5.542
2013-09-01,16.395
2013-09-02,12.987
2013-09-03,4.976
2013-09-04,12.972
2013-09-05,15.544
2013-09-06,5.467
2013-09-07,9.189
2013-09-08,10.195
2013-09-09,16.31
2013-09-10,15.345
2013-09-11,10.035
2013-09-12,12.062
2013-09-13,10.172
2013-09-14,12.116
2013-09-15,9.001
2013-09-16,12.896
2013-09-17,13.927
2013-09-18,10.687
2013-09-19,7.344
2013-09-20,5.185
2013-09-21,4.524
2013-09-22,15.361
2013-09-23,15.444
2013-09-24,15.078
2013-09-25,7.008
2013-09-26,4.067
2013-09-27,4.908
2013-09-28,9.681
2013-09-29,12.517
2013-09-30,9.08
2013-10-01,5.322
2013-10-02,5.939
2013-10-03,15.4
2013-10-04,7.599
2013-10-05,8.385
2013-10-06,5.819
2013-10-07,3.912
2013-10-08,8.858
2013-10-09,11.315
2013-10-10,9.125
2013-10-11,8.989
2013-10-12,13.025
2013-10-13,13.56
2013-10-14,8.976
2013-10-15,7.654
2013-10-16,6.199
2013-10-17,8.34
2013-10-18,7.425
2013-10-19,12.04
2013-10-20,15.474
2013-10-21,11.561
2013-10-22,5.181
2013-10-23,10.704
2013-10-24,11.746
2013-10-25,3.656
2013-10-26,9.906
2013-10-27,14.861
2013-10-28,4.937
2013-10-29,8.494
2013-10-30,12.112
2013-10-31,11.249
2013-11-01,5.056
2013-11-02,14.347
2013-11-03,8.837
2013-11-04,5.038
2013-11-05,9.062
2013-11-06,11.733
2013-11-07,12.713
2013-11-08,3.854
2013-11-09,5.059
2013-11-10,7.387
2013-11-11,13.74
2013-11-12,15.595
2013-11-13,13.222
2013-11-14,8.723
2013-11-15,5.752
2013-11-16,11.858
2013-11-17,15.143
2013-11-18,16.074
2013-11-19,12.696
2013-11-20,6.868
2013-11-21,11.311
2013-11-22,9.684
2013-11-23,10.603
2013-11-24,14.074
2013-11-25,16.057
2013-11-26,7.629
2013-11-27,13.201
2013-11-28,7.486
2013-11-29,6.374
2013-11-30,12.499
2013-12-01,6.912
2013-12-02,6.973
2013-12-03,14.192
2013-12-04,10.323
2013-12-05,9.045
2013-12-06,5.902
2013-12-07,9.131
2013-12-08,16.17
2013-12-09,3.598
2013-12-10,6.651
2013-12-11,11.126
2013-12-12,13.184
2013-12-13,11.722
2013-12-14,4.749
2013-12-15,16.112
2013-12-16,7.148
2013-12-17,4.958
2013-12-18,14.672
2013-12-19,7.299
2013-12-20,14.208
2013-12-21,5.105
2013-12-22,12.709
2013-12-23,13.381
2013-12-24,8.279
2013-12-25,4.7
2013-12-26,9.661
2013-12-27,14.644
2013-12-28,4.79
2013-12-29,11.723
2013-12-30,16.113
2013-12-31,6.211
2014-01-01,13.932
2014-01-02,12.191
2014-01-03,16.14
2014-01-04,4.585
2014-01-05,10.157
2014-01-06,6.202
2014-01-07,14.372
2014-01-08,3.68
2014-01-09,15.494
2014-01-10,6.576
2014-01-11,15.795
2014-01-12,8.742
2014-01-13,5.358
2014-01-14,6.643
2014-01-15,16.078
2014-01-16,8.825
2014-01-17,13.679
2014-01-18,13.581
2014-01-19,13.235
2014-01-20,8.36
2014-01-21,8.715
2014-01-22,3.558
2014-01-23,10.516
2014-01-24,14.82
2014-01-25,15.882
2014-01-26,11.423
2014-01-27,3.581
2014-01-28,4.441
2014-01-29,3.584
2014-01-30,15.768
2014-01-31,4.526
2014-02-01,15.93
2014-02-02,11.027
2014-02-03,4.787
2014-02-04,5.993
2014-02-05,10.582
2014-02-06,7.904
2014-02-07,12.789
2014-02-08,13.667
2014-02-09,11.748
2014-02-10,14.829
2014-02-11,15.509
2014-02-12,8.723
2014-02-13,7.21
2014-02-14,10.354
2014-02-15,13.253
2014-02-16,13.011
2014-02-17,9.301
2014-02-18,15.571
2014-02-19,6.781
2014-02-20,3.994
2014-02-21,13.439
2014-02-22,15.438
2014-02-23,10.465
2014-02-24,14.182
2014-02-25,3.945
2014-02-26,5.828
2014-02-27,10.601
2014-02-28,11.549
2014-03-01,6.722
2014-03-02,12.796
2014-03-03,4.075
2014-03-04,5.808
2014-03-05,3.977
2014-03-06,3.513
2014-03-07,4.933
2014-03-08,6.701
2014-03-09,8.952
2014-03-10,6.408
2014-03-11,14.887
2014-03-12,4.957
2014-03-13,7.937
2014-03-14,11.566
2014-03-15,8.071
2014-03-16,7.904
2014-03-17,13.53
2014-03-18,13.333
2014-03-19,5.784
2014-03-20,9.105
2014-03-21,16.154
2014-03-22,4.113
2014-03-23,7.417
2014-03-24,13.052
2014-03-25,7.498
2014-03-26,12.26
2014-03-27,8.818
2014-03-28,12.53
2014-03-29,7.354
2014-03-30,12.058
2014-03-31,13.202
2014-04-01,15.096
2014-04-02,8.767
2014-04-03,7.103
2014-04-04,10.086
2014-04-05,4.655
2014-04-06,10.3
2014-04-07,8.985
2014-04-08,12.392
2014-04-09,11.729
2014-04-10,6.183
2014-04-11,5.08
2014-04-12,14.86
2014-04-13,10.228
2014-04-14,12.601
2014-04-15,13.803
2014-04-16,8.544
2014-04-17,8.757
2014-04-18,8.019
2014-04-19,4.327
2014-04-20,15.871
2014-04-21,11.372
2014-04-22,12.806
2014-04-23,14.215
2014-04-24,8.279
2014-04-25,3.831
2014-04-26,5.912
2014-04-27,4.414
2014-04-28,7.924
2014-04-29,3.894
2014-04-30,9.297
2014-05-01,11.353
2014-05-02,7.59
2014-05-03,7.937
2014-05-04,3.817
2014-05-05,8.595
2014-05-06,5.119
2014-05-07,6.109
2014-05-08,12.29
2014-05-09,3.345
2014-05-10,11.734
2014-05-11,15.047
2014-05-12,3.875
2014-05-13,5.454
2014-05-14,14.575
2014-05-15,9.449
2014-05-16,6.422
2014-05-17,12.664
2014-05-18,13.689
2014-05-19,14.619
2014-05-20,8.342
2014-05-21,10.341
2014-05-22,10.072
2014-05-23,10.321
2014-05-24,14.189
2014-05-25,9.744
2014-05-26,11.219
2014-05-27,8.655
2014-05-28,14.572
2014-05-29,11.658
2014-05-30,7.835
2014-05-31,13.025
2014-06-01,13.789
2014-06-02,6.095
2014-06-03,9.131
2014-06-04,11.79
2014-06-05,6.695
2014-06-06,3.676
2014-06-07,12.314
2014-06-08,9.591
2014-06-09,13.942
2014-06-10,4.149
2014-06-11,7.677
2014-06-12,4.988
2014-06-13,3.397
2014-06-14,8.171
2014-06-15,10.509
2014-06-16,4.548
2014-06-17,11.954
2014-06-18,16.057
2014-06-19,8.548
2014-06-20,10.774
2014-06-21,13.851
2014-06-22,3.387
2014-06-23,15.233
2014-06-24,6.122
2014-06-25,13.184
2014-06-26,4.246
2014-06-27,12.033
2014-06-28,5.703
2014-06-29,14.194
2014-06-30,6.387
2014-07-01,4.069
2014-07-02,7.579
2014-07-03,5.292
2014-07-04,14.826
2014-07-05,8.357
2014-07-06,8.233
2014-07-07,13.31
2014-07-08,4.273
2014-07-09,11.189
2014-07-10,4.928
2014-07-11,7.392
2014-07-12,15.137
2014-07-13,5.99
2014-07-14,10.749
2014-07-15,5.091
2014-07-16,6.583
2014-07-17,7.12
2014-07-18,9.041
2014-07-19,11.441
2014-07-20,15.118
2014-07-21,4.101
2014-07-22,12.851
2014-07-23,4.189
2014-07-24,3.894
2014-07-25,4.146
2014-07-26,9.052
2014-07-27,10.074
2014-07-28,10.665
2014-07-29,11.284
2014-07-30,14.752
2014-07-31,15.566
2014-08-01,5.546
2014-08-02,12.597
2014-08-03,16.401
2014-08-04,7.74
2014-08-05,9.671
2014-08-06,12.425
2014-08-07,15.036
2014-08-08,14.948
2014-08-09,15.545
2014-08-10,4.135
2014-08-11,16.397
2014-08-12,11.38
2014-08-13,11.505
2014-08-14,7.521
2014-08-15,4.341
2014-08-16,10.573
2014-08-17,3.98
2014-08-18,13.475
2014-08-19,11.609
2014-08-20,10.531
2014-08-21,14.069
2014-08-22,4.282
2014-08-23,4.71
2014-08-24,5.531
2014-08-25,5.778
2014-08-26,14.244
2014-08-27,7.171
2014-08-28,15.651
2014-08-29,5.303
2014-08-30,14.089
2014-08-31,15.73
2014-09-01,11.87
2014-09-02,13.023
2014-09-03,15.11
2014-09-04,8.527
2014-09-05,12.049
2014-09-06,7.705
2014-09-07,3.621
2014-09-08,5.079
2014-09-09,5.833
2014-09-10,6.205
2014-09-11,12.023
2014-09-12,11.705
2014-09-13,13.19
2014-09-14,7.124
2014-09-15,9.75
2014-09-16,3.716
2014-09-17,12.217
2014-09-18,14.489
2014-09-19,12.842
2014-09-20,12.292
2014-09-21,5.525
2014-09-22,7.014
2014-09-23,13.008
2014-09-24,6.031
2014-09-25,11.22
2014-09-26,7.831
2014-09-27,10.926
2014-09-28,7.676
2014-09-29,11.953
2014-09-30,13.344
2014-10-01,10.635
2014-10-02,7.771
2014-10-03,8.967
2014-10-04,13.466
2014-10-05,7.039
2014-10-06,10.155
2014-10-07,11.915
2014-10-08,15.699
2014-10-09,10.341
2014-10-10,6.102
2014-10-11,12.051
2014-10-12,16.36
2014-10-13,7.934
2014-10-14,8.33
2014-10-15,3.546
2014-10-16,9.178
2014-10-17,15.35
2014-10-18,12.734
2014-10-19,4.654
2014-10-20,5.963
2014-10-21,8.518
2014-10-22,12.354
2014-10-23,4.844
2014-10-24,10.514
2014-10-25,10.777
2014-10-26,13.445
2014-10-27,11.077
2014-10-28,7.27
2014-10-29,5.205
2014-10-30,16.234
2014-10-31,4.933
2014-11-01,3.374
2014-11-02,4.645
2014-11-03,15.141
2014-11-04,13.263
2014-11-05,6.269
2014-11-06,9.117
2014-11-07,10.794
2014-11-08,8.878
2014-11-09,6.341
2014-11-10,4.196
2014-11-11,11.359
2014-11-12,10.179
2014-11-13,8.38
2014-11-14,5.686
2014-11-15,4.483
2014-11-16,8.439
2014-11-17,3.496
2014-11-18,15.608
2014-11-19,14.819
2014-11-20,14.297
2014-11-21,15.716
2014-11-22,6.918
2014-11-23,7.602
2014-11-24,16.068
2014-11-25,4.289
2014-11-26,10.136
2014-11-27,8.973
2014-11-28,10.461
2014-11-29,11.7
2014-11-30,8.48
2014-12-01,5.265
2014-12-02,9.295
2014-12-03,16.008
2014-12-04,7.995
2014-12-05,10.118
2014-12-06,6.51
2014-12-07,11.612
2014-12-08,12.862
2014-12-09,13.267
2014-12-10,6.364
2014-12-11,8.446
2014-12-12,15.732
2014-12-13,9.761
2014-12-14,10.705
2014-12-15,11.487
2014-12-16,13.772
2014-12-17,10.413
2014-12-18,11.453
2014-12-19,5.967
2014-12-20,8.473
2014-12-21,7.753
2014-12-22,3.985
2014-12-23,11.681
2014-12-24,5.452
2014-12-25,12.661
2014-12-26,12.791
2014-12-27,6.679
2014-12-28,15.94
2014-12-29,15.497
2014-12-30,15.719
2014-12-31,4.82
2015-01-01,6.208
2015-01-02,13.513
2015-01-03,15.915
2015-01-04,11.368
2015-01-05,13.152
2015-01-06,10.042
2015-01-07,9.436
2015-01-08,7.044
2015-01-09,10.082
2015-01-10,13.81
2015-01-11,4.604
2015-01-12,10.765
2015-01-13,4.843
2015-01-14,6.989
2015-01-15,11.177
2015-01-16,13.662
2015-01-17,10.042
2015-01-18,7.942
2015-01-19,10.502
2015-01-20,4.028
2015-01-21,9.305
2015-01-22,11.716
2015-01-23,9.416
2015-01-24,8.792
2015-01-25,4.259
2015-01-26,14.399
2015-01-27,9.038
2015-01-28,4.064
2015-01-29,10.041
2015-01-30,14.507
2015-01-31,5.412
2015-02-01,9.897
2015-02-02,3.725
2015-02-03,11.701
2015-02-04,4.789
2015-02-05,6.571
2015-02-06,9.466
2015-02-07,7.962
2015-02-08,8.872
2015-02-09,16.028
2015-02-10,6.607
2015-02-11,16.191
2015-02-12,9.401
2015-02-13,5.228
2015-02-14,11.205
2015-02-15,15.675
2015-02-16,11.269
2015-02-17,11.532
2015-02-18,14.972
2015-02-19,7.611
2015-02-20,16.147
2015-02-21,9.572
2015-02-22,4.397
2015-02-23,15.048
2015-02-24,5.049
2015-02-25,14.46
2015-02-26,10.056
2015-02-27,8.491
2015-02-28,5.02
2015-03-01,7.849
2015-03-02,11.988
2015-03-03,8.756
2015-03-04,11.513
2015-03-05,11.356
2015-03-06,4.421
2015-03-07,14.673
2015-03-08,16.187
2015-03-09,15.144
2015-03-10,14.79
2015-03-11,8.988
2015-03-12,8.294
2015-03-13,8.318
2015-03-14,15.295
2015-03-15,13.733
2015-03-16,11.419
2015-03-17,3.856
2015-03-18,5.942
2015-03-19,14.184
2015-03-20,9.587
2015-03-21,8.339
2015-03-22,13.537
2015-03-23,8.317
2015-03-24,8.512
2015-03-25,4.245
2015-03-26,6.172
2015-03-27,3.727
2015-03-28,6.924
2015-03-29,15.234
2015-03-30,12.885
2015-03-31,14.922
2015-04-01,16.13
2015-04-02,15.757
2015-04-03,8.598
2015-04-04,14.226
2015-04-05,10.571
2015-04-06,11.459
2015-04-07,8.081
2015-04-08,14.425
2015-04-09,13.331
2015-04-10,11.299
2015-04-11,4.822
2015-04-12,5.988
2015-04-13,12.876
2015-04-14,12.514
2015-04-15,16.269
2015-04-16,15.271
2015-04-17,7.832
2015-04-18,5.292
2015-04-19,7.702
2015-04-20,14.417
2015-04-21,12.464
2015-04-22,15.893
2015-04-23,15.963
2015-04-24,11.279
2015-04-25,8.16
2015-04-26,6.488
2015-04-27,13.964
2015-04-28,9.357
2015-04-29,7.211
2015-04-30,4.316
2015-05-01,13.151
2015-05-02,10.447
2015-05-03,6.099
2015-05-04,9.916
2015-05-05,3.846
2015-05-06,4.668
2015-05-07,14.65
2015-05-08,4.677
2015-05-09,7.626
2015-05-10,12.177
2015-05-11,14.493
2015-05-12,9.601
2015-05-13,14.177
2015-05-14,11.423
2015-05-15,3.867
2015-05-16,13.607
2015-05-17,11.267
2015-05-18,15.23
2015-05-19,11.231
2015-05-20,6.848
2015-05-21,4.231
2015-05-22,16.19
2015-05-23,6.309
2015-05-24,8.297
2015-05-25,10.904
2015-05-26,12.984
2015-05-27,11.311
2015-05-28,15.055
2015-05-29,13.998
2015-05-30,11.84
2015-05-31,7.823
2015-06-01,14.082
2015-06-02,7.151
2015-06-03,10.804
2015-06-04,13.005
2015-06-05,16.275
2015-06-06,13.037
2015-06-07,5.851
2015-06-08,7.692
2015-06-09,4.553
2015-06-10,8.843
2015-06-11,14.481
2015-06-12,7.878
2015-06-13,11.667
2015-06-14,12.003
2015-06-15,7.083
2015-06-16,8.068
2015-06-17,6.259
2015-06-18,15.897
2015-06-19,11.081
2015-06-20,11.702
2015-06-21,9.256
2015-06-22,5.206
2015-06-23,8.166
2015-06-24,8.05
2015-06-25,13.376
2015-06-26,9.651
2015-06-27,3.751
2015-06-28,8.108
2015-06-29,12.997
2015-06-30,9.18
2015-07-01,6.566
2015-07-02,4.434
2015-07-03,4.513
2015-07-04,6.519
2015-07-05,3.796
2015-07-06,5.614
2015-07-07,7.875
2015-07-08,13.812
2015-07-09,12.507
2015-07-10,12.636
2015-07-11,14.191
2015-07-12,12.323
2015-07-13,3.728
2015-07-14,6.556
2015-07-15,15.531
2015-07-16,4.395
2015-07-17,3.839
2015-07-18,13.803
2015-07-19,7.585
2015-07-20,16.115
2015-07-21,4.883
2015-07-22,8.072
2015-07-23,15.004
2015-07-24,15.079
2015-07-25,11.102
2015-07-26,3.987
2015-07-27,12.5
2015-07-28,10.454
2015-07-29,7.99
2015-07-30,6.311
2015-07-31,6.893
2015-08-01,15.483
2015-08-02,12.992
2015-08-03,16.255
2015-08-04,4.799
2015-08-05,7.585
2015-08-06,12.266
2015-08-07,11.479
2015-08-08,16.258
2015-08-09,10.075
2015-08-10,13.905
2015-08-11,13.941
2015-08-12,13.51
2015-08-13,14.612
2015-08-14,7.978
2015-08-15,9.749
2015-08-16,5.893
2015-08-17,15.158
2015-08-18,12.913
2015-08-19,3.542
2015-08-20,14.861
2015-08-21,7.309
2015-08-22,12.143
2015-08-23,15.283
2015-08-24,15.268
2015-08-25,8.839
2015-08-26,15.025
2015-08-27,11.516
2015-08-28,14.809
2015-08-29,14.346
2015-08-30,13.637
2015-08-31,15.525
2015-09-01,14.814
2015-09-02,9.985
2015-09-03,12.79
2015-09-04,11.541
2015-09-05,15.115
2015-09-06,10.433
2015-09-07,8.546
2015-09-08,5.615
2015-09-09,4.938
2015-09-10,3.375
2015-09-11,10.194
2015-09-12,12.338
2015-09-13,7.292
2015-09-14,11.23
2015-09-15,12.721
2015-09-16,7.86
2015-09-17,15.279
2015-09-18,13.71
2015-09-19,7.741
2015-09-20,6.623
2015-09-21,12.379
2015-09-22,8.615
2015-09-23,15.226
2015-09-24,13.137
2015-09-25,5.919
2015-09-26,12.456
2015-09-27,12.99
2015-09-28,11.294
2015-09-29,5.55
2015-09-30,14.485
2015-10-01,5.285
2015-10-02,7.093
2015-10-03,11.9
2015-10-04,4.167
2015-10-05,11.974
2015-10-06,8.163
2015-10-07,5.527
2015-10-08,8.183
2015-10-09,14.536
2015-10-10,8.166
2015-10-11,14.841
2015-10-12,14.892
2015-10-13,13.606
2015-10-14,5.219
2015-10-15,8.273
2015-10-16,16.043
2015-10-17,10.667
2015-10-18,11.142
2015-10-19,11.769
2015-10-20,14.545
2015-10-21,13.904
2015-10-22,11.424
2015-10-23,14.791
2015-10-24,8.36
2015-10-25,12.32
2015-10-26,10.691
2015-10-27,16.02
2015-10-28,7.951
2015-10-29,4.239
2015-10-30,13.46
2015-10-31,3.582
2015-11-01,14.421
2015-11-02,11.577
2015-11-03,8.512
2015-11-04,11.302
2015-11-05,14.232
2015-11-06,16.227
2015-11-07,16.145
2015-11-08,9.874
2015-11-09,6.949
2015-11-10,3.766
2015-11-11,12.842
2015-11-12,6.312
2015-11-13,6.855
2015-11-14,6.763
2015-11-15,14.55
2015-11-16,6.573
2015-11-17,3.835
2015-11-18,10.436
2015-11-19,13.22
2015-11-20,11.058
2015-11-21,10.95
2015-11-22,10.377
2015-11-23,7.33
2015-11-24,13.072
2015-11-25,16.262
2015-11-26,11.983
2015-11-27,13.558
2015-11-28,4.972
2015-11-29,4.019
2015-11-30,7.524
2015-12-01,5.728
2015-12-02,11.227
2015-12-03,15.032
2015-12-04,14.508
2015-12-05,12.213
2015-12-06,14.496
2015-12-07,4.695
2015-12-08,15.774
2015-12-09,4.102
2015-12-10,4.891
2015-12-11,14.864
2015-12-12,8.463
2015-12-13,13.481
2015-12-14,12.109
2015-12-15,4.252
2015-12-16,13.248
2015-12-17,11.133
2015-12-18,3.98
2015-12-19,12.689
2015-12-20,10.346
2015-12-21,6.239
2015-12-22,3.893
2015-12-23,11.807
2015-12-24,12.266
2015-12-25,11.009
2015-12-26,15.464
2015-12-27,13.339
2015-12-28,11.577
2015-12-29,5.543
2015-12-30,8.49
2015-12-31,3.906
2016-01-01,8.539
2016-01-02,12.558
2016-01-03,4.567
2016-01-04,13.279
2016-01-05,14.509
2016-01-06,4.191
2016-01-07,4.441
2016-01-08,13.39
2016-01-09,16.289
2016-01-10,3.78
2016-01-11,5.107
2016-01-12,10.065
2016-01-13,5.859
2016-01-14,4.438
2016-01-15,6.747
2016-01-16,16.171
2016-01-17,5.109
2016-01-18,11.324
2016-01-19,7.994
2016-01-20,16.351
2016-01-21,13.326
2016-01-22,13.823
2016-01-23,11.515
2016-01-24,9.115
2016-01-25,6.023
2016-01-26,3.589
