Date,Extent
1980-01-01,16.393
1980-01-02,16.294
1980-01-03,6.514
1980-01-04,4.376
1980-01-05,7.175
1980-01-06,9.634
1980-01-07,10.324
1980-01-08,7.672
1980-01-09,13.718
1980-01-10,11.924
1980-01-11,13.911
1980-01-12,14.495
1980-01-13,12.84
1980-01-14,3.653
1980-01-15,13.704
1980-01-16,6.435
1980-01-17,5.257
1980-01-18,6.162
1980-01-19,9.103
1980-01-20,7.392
1980-01-21,15.298
1980-01-22,9.011
1980-01-23,7.892
1980-01-24,6.765
1980-01-25,10.024
1980-01-26,13.83
1980-01-27,9.595
1980-01-28,7.353
1980-01-29,10.093
1980-01-30,5.908
1980-01-31,11.073
1980-02-01,13.962
1980-02-02,11.174
1980-02-03,13.827
1980-02-04,12.022
1980-02-05,14.151
1980-02-06,10.643
1980-02-07,15.876
1980-02-08,7.224
1980-02-09,14.819
1980-02-10,12.307
1980-02-11,11.776
1980-02-12,14.045
1980-02-13,6.703
1980-02-14,10.389
1980-02-15,11.801
1980-02-16,10.213
1980-02-17,7.823
1980-02-18,9.8
1980-02-19,13.488
1980-02-20,11.419
1980-02-21,15.194
1980-02-22,7.422
1980-02-23,8.916
1980-02-24,10.387
1980-02-25,6.895
1980-02-26,6.638
1980-02-27,4.145
1980-02-28,10.558
1980-02-29,3.568
1980-03-01,13.053
1980-03-02,13.563
1980-03-03,15.788
1980-03-04,13.678
1980-03-05,5.377
1980-03-06,6.44
1980-03-07,16.061
1980-03-08,11.198
1980-03-09,15.147
1980-03-10,6.233
1980-03-11,14.069
1980-03-12,14.919
1980-03-13,10.986
1980-03-14,4.143
1980-03-15,4.212
1980-03-16,12.427
1980-03-17,4.086
1980-03-18,10.387
1980-03-19,15.321
1980-03-20,11.51
1980-03-21,13.859
1980-03-22,13.343
1980-03-23,9.172
1980-03-24,8.224
1980-03-25,9.253
1980-03-26,6.718
1980-03-27,6.892
1980-03-28,7.039
1980-03-29,15.807
1980-03-30,7.957
1980-03-31,16.382
1980-04-01,9.375
1980-04-02,10.045
1980-04-03,6.855
1980-04-04,8.949
1980-04-05,6.896
1980-04-06,12.115
1980-04-07,12.216
1980-04-08,9.623
1980-04-09,14.54
1980-04-10,6.731
1980-04-11,8.386
1980-04-12,12.87
1980-04-13,3.605
1980-04-14,4.013
1980-04-15,16.098
1980-04-16,14.151
1980-04-17,8.922
1980-04-18,10.397
1980-04-19,12.79
1980-04-20,11.375
1980-04-21,4.431
1980-04-22,3.366
1980-04-23,5.716
1980-04-24,16.21
1980-04-25,4.086
1980-04-26,4.904
1980-04-27,11.568
1980-04-28,3.543
1980-04-29,4.027
1980-04-30,14.924
1980-05-01,7.064
1980-05-02,6.855
1980-05-03,15.675
1980-05-04,12.842
1980-05-05,4.47
1980-05-06,5.311
1980-05-07,3.666
1980-05-08,4.852
1980-05-09,14.883
1980-05-10,15.128
1980-05-11,10.587
1980-05-12,6.793
1980-05-13,14.151
1980-05-14,12.592
1980-05-15,9.456
1980-05-16,11.483
1980-05-17,9.382
1980-05-18,12.472
1980-05-19,3.688
1980-05-20,15.815
1980-05-21,6.178
1980-05-22,10.907
1980-05-23,14.422
1980-05-24,13.731
1980-05-25,13.79
1980-05-26,11.769
1980-05-27,5.624
1980-05-28,13.91
1980-05-29,4.846
1980-05-30,15.945
1980-05-31,6.998
1980-06-01,15.058
1980-06-02,10.657
1980-06-03,3.775
1980-06-04,5.737
1980-06-05,11.87
1980-06-06,12.274
1980-06-07,15.304
1980-06-08,14.203
1980-06-09,4.22
1980-06-10,10.678
1980-06-11,14.33
1980-06-12,14.674
1980-06-13,12.824
1980-06-14,4.688
1980-06-15,13.677
1980-06-16,12.179
1980-06-17,4.977
1980-06-18,10.336
1980-06-19,5.89
1980-06-20,10.277
1980-06-21,3.978
1980-06-22,11.775
1980-06-23,9.295
1980-06-24,5.167
1980-06-25,6.555
1980-06-26,16.064
1980-06-27,13.147
1980-06-28,14.319
1980-06-29,5.904
1980-06-30,13.007
1980-07-01,6.267
1980-07-02,3.703
1980-07-03,8.773
1980-07-04,10.963
1980-07-05,12.328
1980-07-06,6.503
1980-07-07,11.216
1980-07-08,15.712
1980-07-09,13.014
1980-07-10,7.661
1980-07-11,11.598
1980-07-12,11.35
1980-07-13,5.767
1980-07-14,11.682
1980-07-15,6.589
1980-07-16,13.694
1980-07-17,6.065
1980-07-18,5.636
1980-07-19,15.7
1980-07-20,5.354
1980-07-21,11.319
1980-07-22,5.747
1980-07-23,5.371
1980-07-24,9.214
1980-07-25,9.993
1980-07-26,7.443
1980-07-27,4.238
1980-07-28,5.961
1980-07-29,5.636
1980-07-30,4.013
1980-07-31,7.483
1980-08-01,6.229
1980-08-02,14.35
1980-08-03,14.405
1980-08-04,7.009
1980-08-05,5.006
1980-08-06,9.086
1980-08-07,4.915
1980-08-08,13.37
1980-08-09,12.031
1980-08-10,10.038
1980-08-11,15.099
1980-08-12,4.569
1980-08-13,7.548
1980-08-14,10.141
1980-08-15,8.149
1980-08-16,3.502
1980-08-17,6.031
1980-08-18,15.998
1980-08-19,10.892
1980-08-20,13.225
1980-08-21,8.163
1980-08-22,9.774
1980-08-23,12.65
1980-08-24,6.408
1980-08-25,15.328
1980-08-26,9.123
1980-08-27,4.29
1980-08-28,10.779
1980-08-29,10.713
1980-08-30,6.47
1980-08-31,7.495
1980-09-01,15.911
1980-09-02,12.169
1980-09-03,8.738
1980-09-04,10.722
1980-09-05,5.273
1980-09-06,13.853
1980-09-07,6.764
1980-09-08,11.149
1980-09-09,10.74
1980-09-10,7.064
1980-09-11,10.461
1980-09-12,15.107
1980-09-13,7.823
1980-09-14,14.484
1980-09-15,7.403
1980-09-16,12.837
1980-09-17,4.207
1980-09-18,10.118
1980-09-19,15.491
1980-09-20,11.183
1980-09-21,15.118
1980-09-22,12.838
1980-09-23,5.265
1980-09-24,4.516
1980-09-25,14.203
1980-09-26,4.134
1980-09-27,13.522
1980-09-28,11.49
1980-09-29,11.822
1980-09-30,8.788
1980-10-01,8.442
1980-10-02,10.856
1980-10-03,14.597
1980-10-04,3.818
1980-10-05,9.381
1980-10-06,4.674
1980-10-07,15.975
1980-10-08,3.594
1980-10-09,7.943
1980-10-10,12.394
1980-10-11,3.502
1980-10-12,4.553
1980-10-13,14.577
1980-10-14,8.363
1980-10-15,6.678
1980-10-16,15.789
1980-10-17,15.321
1980-10-18,14.185
1980-10-19,12.893
1980-10-20,12.854
1980-10-21,15.202
1980-10-22,15.269
1980-10-23,10.174
1980-10-24,15.181
1980-10-25,10.034
1980-10-26,7.507
1980-10-27,6.676
1980-10-28,3.436
1980-10-29,6.411
1980-10-30,15.717
1980-10-31,5.008
1980-11-01,14.188
1980-11-02,9.473
1980-11-03,12.007
1980-11-04,3.554
1980-11-05,15.125
1980-11-06,8.039
1980-11-07,6.654
1980-11-08,6.352
1980-11-09,3.517
1980-11-10,12.806
1980-11-11,12.491
1980-11-12,9.294
1980-11-13,4.422
1980-11-14,13.715
1980-11-15,11.267
1980-11-16,11.645
1980-11-17,7.954
1980-11-18,6.137
1980-11-19,4.642
1980-11-20,13.152
1980-11-21,11.985
1980-11-22,9.017
1980-11-23,15.988
1980-11-24,14.891
1980-11-25,6.014
1980-11-26,5.121
1980-11-27,3.578
1980-11-28,9.908
1980-11-29,12.599
1980-11-30,12.008
1980-12-01,11.545
1980-12-02,7.538
1980-12-03,8.097
1980-12-04,11.69
1980-12-05,4.611
1980-12-06,13.922
1980-12-07,15.4
1980-12-08,8.795
1980-12-09,13.55
1980-12-10,5.496
1980-12-11,4.722
1980-12-12,5.173
1980-12-13,7.962
1980-12-14,9.584
1980-12-15,10.294
1980-12-16,7.251
1980-12-17,5.168
1980-12-18,10.773
1980-12-19,9.308
1980-12-20,13.484
1980-12-21,8.424
1980-12-22,13.779
1980-12-23,8.106
1980-12-24,16.345
1980-12-25,3.984
1980-12-26,12.004
1980-12-27,6.432
1980-12-28,12.302
1980-12-29,11.889
1980-12-30,9.522
1980-12-31,12.146
1981-01-01,14.692
1981-01-02,9.065
1981-01-03,13.786
1981-01-04,11.872
1981-01-05,12.36
1981-01-06,13.638
1981-01-07,9.411
1981-01-08,3.839
1981-01-09,3.894
1981-01-10,6.317
1981-01-11,13.991
1981-01-12,3.484
1981-01-13,13.065
1981-01-14,5.535
1981-01-15,9.674
1981-01-16,8.947
1981-01-17,14.589
1981-01-18,5.464
1981-01-19,15.678
1981-01-20,4.087
1981-01-21,4.334
1981-01-22,6.889
1981-01-23,8.376
1981-01-24,5.882
1981-01-25,5.203
1981-01-26,13.685
1981-01-27,13.057
1981-01-28,12.567
1981-01-29,11.748
1981-01-30,3.389
1981-01-31,4.292
1981-02-01,15.78
1981-02-02,8.145
1981-02-03,12.302
1981-02-04,13.439
1981-02-05,4.375
1981-02-06,10.219
1981-02-07,14.044
1981-02-08,14.714
1981-02-09,5.967
1981-02-10,9.948
1981-02-11,5.986
1981-02-12,13.319
1981-02-13,14.18
1981-02-14,3.556
1981-02-15,15.938
1981-02-16,9.005
1981-02-17,5.737
1981-02-18,11.556
1981-02-19,11.801
1981-02-20,9.411
1981-02-21,12.954
1981-02-22,3.457
1981-02-23,10.76
1981-02-24,10.021
1981-02-25,10.036
1981-02-26,7.762
1981-02-27,12.075
1981-02-28,4.91
1981-03-01,15.624
1981-03-02,14.071
1981-03-03,8.684
1981-03-04,11.484
1981-03-05,6.425
1981-03-06,14.048
1981-03-07,7.642
1981-03-08,6.979
1981-03-09,8.741
1981-03-10,6.845
1981-03-11,15.06
1981-03-12,15.912
1981-03-13,10.327
1981-03-14,15.666
1981-03-15,11.91
1981-03-16,7.249
1981-03-17,12.391
1981-03-18,5.084
1981-03-19,4.846
1981-03-20,16.034
1981-03-21,9.667
1981-03-22,6.343
1981-03-23,11.864
1981-03-24,15.572
1981-03-25,12.596
1981-03-26,15.513
1981-03-27,10.786
1981-03-28,14.719
1981-03-29,5.372
1981-03-30,10.529
1981-03-31,4.655
1981-04-01,11.863
1981-04-02,14.607
1981-04-03,7.266
1981-04-04,13.667
1981-04-05,12.905
1981-04-06,15.962
1981-04-07,9.033
1981-04-08,16.156
1981-04-09,12.234
1981-04-10,16.275
1981-04-11,15.81
1981-04-12,11.783
1981-04-13,4.778
1981-04-14,14.104
1981-04-15,8.339
1981-04-16,14.99
1981-04-17,7.167
1981-04-18,10.822
1981-04-19,6.484
1981-04-20,10.171
1981-04-21,15.818
1981-04-22,12.556
1981-04-23,7.742
1981-04-24,12.037
1981-04-25,14.735
1981-04-26,11.527
1981-04-27,4.934
1981-04-28,11.798
1981-04-29,11.737
1981-04-30,14.731
1981-05-01,9.948
1981-05-02,9.999
1981-05-03,15.289
1981-05-04,6.133
1981-05-05,10.505
1981-05-06,7.986
1981-05-07,10.631
1981-05-08,5.129
1981-05-09,16.248
1981-05-10,11.595
1981-05-11,13.364
1981-05-12,7.725
1981-05-13,8.204
1981-05-14,5.308
1981-05-15,11.731
1981-05-16,10.545
1981-05-17,8.158
1981-05-18,9.612
1981-05-19,14.728
1981-05-20,16.242
1981-05-21,13.138
1981-05-22,11.201
1981-05-23,5.036
1981-05-24,8.802
1981-05-25,10.078
1981-05-26,5.448
1981-05-27,15.758
1981-05-28,12.274
1981-05-29,6.591
1981-05-30,9.093
1981-05-31,14.066
1981-06-01,6.122
1981-06-02,4.896
1981-06-03,9.564
1981-06-04,10.154
1981-06-05,4.608
1981-06-06,11.877
1981-06-07,10.953
1981-06-08,13.525
1981-06-09,14.022
1981-06-10,8.71
1981-06-11,15.859
1981-06-12,13.244
1981-06-13,8.014
1981-06-14,5.575
1981-06-15,14.934
1981-06-16,4.401
1981-06-17,15.216
1981-06-18,8.952
1981-06-19,10.535
1981-06-20,14.422
1981-06-21,13.719
1981-06-22,12.787
1981-06-23,15.641
1981-06-24,7.203
1981-06-25,11.257
1981-06-26,11.348
1981-06-27,13.299
1981-06-28,9.279
1981-06-29,6.883
1981-06-30,13.764
1981-07-01,13.623
1981-07-02,4.718
1981-07-03,12.633
1981-07-04,12.574
1981-07-05,3.379
1981-07-06,9.203
1981-07-07,14.906
1981-07-08,14.767
1981-07-09,3.567
1981-07-10,6.322
1981-07-11,12.513
1981-07-12,7.973
1981-07-13,5.496
1981-07-14,9.446
1981-07-15,3.538
1981-07-16,13.737
1981-07-17,14.097
1981-07-18,6.394
1981-07-19,10.473
1981-07-20,4.186
1981-07-21,12.424
1981-07-22,16.015
1981-07-23,9.452
1981-07-24,16.034
1981-07-25,6.941
1981-07-26,10.926
1981-07-27,12.216
1981-07-28,12.229
1981-07-29,13.655
1981-07-30,13.829
1981-07-31,6.934
1981-08-01,14.555
1981-08-02,4.308
1981-08-03,6.349
1981-08-04,6.878
1981-08-05,8.789
1981-08-06,4.673
1981-08-07,13.852
1981-08-08,9.389
1981-08-09,12.424
1981-08-10,10.49
1981-08-11,15.239
1981-08-12,6.876
1981-08-13,13.4
1981-08-14,7.971
1981-08-15,4.378
1981-08-16,4.367
1981-08-17,8.406
1981-08-18,5.414
1981-08-19,16.076
1981-08-20,9.151
1981-08-21,13.73
1981-08-22,11.421
1981-08-23,10.205
1981-08-24,4.018
1981-08-25,16.232
1981-08-26,11.258
1981-08-27,14.069
1981-08-28,16.372
1981-08-29,13.364
1981-08-30,7.5
1981-08-31,7.625
1981-09-01,9.543
1981-09-02,12.617
1981-09-03,8.011
1981-09-04,11.577
1981-09-05,7.286
1981-09-06,15.85
1981-09-07,5.482
1981-09-08,6.419
1981-09-09,5.219
1981-09-10,11.44
1981-09-11,8.69
1981-09-12,6.791
1981-09-13,12.894
1981-09-14,14.769
1981-09-15,16.253
1981-09-16,3.703
1981-09-17,16.351
1981-09-18,4.78
1981-09-19,15.288
1981-09-20,14.85
1981-09-21,15.697
1981-09-22,7.77
1981-09-23,14.409
1981-09-24,8.605
1981-09-25,12.057
1981-09-26,7.707
1981-09-27,14.733
1981-09-28,5.787
1981-09-29,15.821
1981-09-30,5.346
1981-10-01,11.037
1981-10-02,13.731
1981-10-03,7.168
1981-10-04,12.894
1981-10-05,14.927
1981-10-06,13.204
1981-10-07,12.7
1981-10-08,10.634
1981-10-09,8.813
1981-10-10,8.902
1981-10-11,5.623
1981-10-12,12.546
1981-10-13,5.753
1981-10-14,8.331
1981-10-15,8.132
1981-10-16,5.084
1981-10-17,7.619
1981-10-18,3.476
1981-10-19,6.595
1981-10-20,6.036
1981-10-21,12.006
1981-10-22,8.964
1981-10-23,8.03
1981-10-24,3.515
1981-10-25,7.669
1981-10-26,7.207
1981-10-27,14.855
1981-10-28,5.947
1981-10-29,11.116
1981-10-30,12.868
1981-10-31,8.401
1981-11-01,6.448
1981-11-02,15.027
1981-11-03,11.2
1981-11-04,12.471
1981-11-05,5.959
1981-11-06,8.847
1981-11-07,8.177
1981-11-08,10.741
1981-11-09,4.3
1981-11-10,11.238
1981-11-11,7.83
1981-11-12,11.717
1981-11-13,10.149
1981-11-14,7.169
1981-11-15,3.545
1981-11-16,5.197
1981-11-17,7.761
1981-11-18,10.742
1981-11-19,7.012
1981-11-20,4.845
1981-11-21,6.076
1981-11-22,14.925
1981-11-23,13.405
1981-11-24,7.083
1981-11-25,7.196
1981-11-26,10.619
1981-11-27,10.305
1981-11-28,11.627
1981-11-29,12.553
1981-11-30,8.005
1981-12-01,6.683
1981-12-02,9.867
1981-12-03,14.608
1981-12-04,9.462
1981-12-05,9.418
1981-12-06,7.777
1981-12-07,14.326
1981-12-08,11.841
1981-12-09,3.556
1981-12-10,13.257
1981-12-11,7.148
1981-12-12,15.199
1981-12-13,11.509
1981-12-14,15.626
1981-12-15,15.936
1981-12-16,8.973
1981-12-17,15.748
1981-12-18,15.184
1981-12-19,7.036
1981-12-20,8.158
1981-12-21,7.287
1981-12-22,14.733
1981-12-23,9.181
1981-12-24,14.885
1981-12-25,7.305
1981-12-26,5.332
1981-12-27,10.722
1981-12-28,9.329
1981-12-29,10.257
1981-12-30,14.018
1981-12-31,6.15
1982-01-01,14.502
1982-01-02,13.558
1982-01-03,7.687
1982-01-04,12.001
1982-01-05,15.025
1982-01-06,14.692
1982-01-07,4.643
1982-01-08,3.959
1982-01-09,6.431
1982-01-10,4.309
1982-01-11,14.273
1982-01-12,13.439
1982-01-13,13.863
1982-01-14,7.597
1982-01-15,6.083
1982-01-16,14.985
1982-01-17,4.576
1982-01-18,4.153
1982-01-19,15.119
1982-01-20,3.606
1982-01-21,7.447
1982-01-22,14.998
1982-01-23,13.767
1982-01-24,6.744
1982-01-25,8.539
1982-01-26,8.944
1982-01-27,7.466
1982-01-28,11.766
1982-01-29,9.601
1982-01-30,15.001
1982-01-31,11.039
1982-02-01,3.793
1982-02-02,11.548
1982-02-03,14.19
1982-02-04,14.403
1982-02-05,12.489
1982-02-06,11.553
1982-02-07,7.823
1982-02-08,8.801
1982-02-09,11.397
1982-02-10,8.082
1982-02-11,10.878
1982-02-12,6.03
1982-02-13,6.706
1982-02-14,8.465
1982-02-15,7.94
1982-02-16,10.36
1982-02-17,14.086
1982-02-18,4.633
1982-02-19,15.835
1982-02-20,9.391
1982-02-21,7.828
1982-02-22,14.68
1982-02-23,13.127
1982-02-24,14.507
1982-02-25,6.822
1982-02-26,6.834
1982-02-27,7.206
1982-02-28,13.429
1982-03-01,7.835
1982-03-02,7.806
1982-03-03,7.05
1982-03-04,13.813
1982-03-05,3.997
1982-03-06,3.814
1982-03-07,12.937
1982-03-08,8.988
1982-03-09,15.876
1982-03-10,12.143
1982-03-11,10.095
1982-03-12,8.476
1982-03-13,5.105
1982-03-14,11.91
1982-03-15,15.679
1982-03-16,3.664
1982-03-17,6.472
1982-03-18,8.702
1982-03-19,6.642
1982-03-20,4.713
1982-03-21,12.587
1982-03-22,7.264
1982-03-23,9.38
1982-03-24,6.687
1982-03-25,14.334
1982-03-26,8.368
1982-03-27,14.979
1982-03-28,4.329
1982-03-29,10.086
1982-03-30,15.493
1982-03-31,15.261
1982-04-01,16.222
1982-04-02,6.926
1982-04-03,11.721
1982-04-04,13.685
1982-04-05,13.683
1982-04-06,7.825
1982-04-07,5.951
1982-04-08,14.68
1982-04-09,7.909
1982-04-10,11.85
1982-04-11,13.612
1982-04-12,3.633
1982-04-13,14.424
1982-04-14,3.714
1982-04-15,4.634
1982-04-16,11.687
1982-04-17,8.078
1982-04-18,3.645
1982-04-19,12.758
1982-04-20,15.186
1982-04-21,14.235
1982-04-22,15.444
1982-04-23,10.058
1982-04-24,6.804
1982-04-25,6.338
1982-04-26,7.377
1982-04-27,15.645
1982-04-28,8.93
1982-04-29,14.477
1982-04-30,6.205
1982-05-01,12.414
1982-05-02,12.148
1982-05-03,5.444
1982-05-04,14.087
1982-05-05,5.78
1982-05-06,12.529
1982-05-07,12.916
1982-05-08,9.695
1982-05-09,5.42
1982-05-10,7.889
1982-05-11,9.616
1982-05-12,4.909
1982-05-13,15.995
1982-05-14,4.8
1982-05-15,8.117
1982-05-16,8.516
1982-05-17,12.465
1982-05-18,11.679
1982-05-19,12.733
1982-05-20,8.709
1982-05-21,11.045
1982-05-22,11.238
1982-05-23,8.631
1982-05-24,12.956
1982-05-25,4.696
1982-05-26,13.714
1982-05-27,8.329
1982-05-28,15.573
1982-05-29,13.089
1982-05-30,14.989
1982-05-31,8.223
1982-06-01,11.814
1982-06-02,13.642
1982-06-03,15.804
1982-06-04,11.946
1982-06-05,13.296
1982-06-06,9.312
1982-06-07,9.522
1982-06-08,5.387
1982-06-09,6.731
1982-06-10,10.133
1982-06-11,13.471
1982-06-12,4.166
1982-06-13,14.512
1982-06-14,6.066
1982-06-15,13.349
1982-06-16,7.816
1982-06-17,13.369
1982-06-18,13.393
1982-06-19,13.602
1982-06-20,8.613
1982-06-21,10.152
1982-06-22,14.648
1982-06-23,4.406
1982-06-24,11.2
1982-06-25,13.742
1982-06-26,15.537
1982-06-27,14.977
1982-06-28,15.359
1982-06-29,14.206
1982-06-30,8.114
1982-07-01,11.323
1982-07-02,4.725
1982-07-03,12.581
1982-07-04,12.619
1982-07-05,14.151
1982-07-06,10.066
1982-07-07,12.676
1982-07-08,9.72
1982-07-09,8.11
1982-07-10,4.915
1982-07-11,4.896
1982-07-12,11.724
1982-07-13,12.836
1982-07-14,13.526
1982-07-15,6.002
1982-07-16,5.999
1982-07-17,13.14
1982-07-18,10.153
1982-07-19,12.072
1982-07-20,9.807
1982-07-21,12.417
1982-07-22,7.034
1982-07-23,14.847
1982-07-24,13.053
1982-07-25,11.571
1982-07-26,13.853
1982-07-27,14.309
1982-07-28,13.676
1982-07-29,6.686
1982-07-30,7.238
1982-07-31,14.258
1982-08-01,8.425
1982-08-02,14.267
1982-08-03,6.31
1982-08-04,4.632
1982-08-05,4.001
1982-08-06,6.662
1982-08-07,5.293
1982-08-08,5.189
1982-08-09,10.783
1982-08-10,9.986
1982-08-11,9.625
1982-08-12,15.088
1982-08-13,16.322
1982-08-14,8.487
1982-08-15,6.783
1982-08-16,10.238
1982-08-17,7.624
1982-08-18,15.521
1982-08-19,15.099
1982-08-20,7.165
1982-08-21,9.623
1982-08-22,5.988
1982-08-23,14.654
1982-08-24,7.189
1982-08-25,11.062
1982-08-26,5.542
1982-08-27,14.881
1982-08-28,7.799
1982-08-29,4.751
1982-08-30,9.655
1982-08-31,4.733
1982-09-01,4.795
1982-09-02,5.042
1982-09-03,6.155
1982-09-04,5.721
1982-09-05,4.57
1982-09-06,8.832
1982-09-07,10.38
1982-09-08,13.591
1982-09-09,4.433
1982-09-10,14.278
1982-09-11,10.471
1982-09-12,7.962
1982-09-13,14.953
1982-09-14,8.335
1982-09-15,9.313
1982-09-16,14.966
1982-09-17,10.378
1982-09-18,13.304
1982-09-19,12.071
1982-09-20,8.074
1982-09-21,9.829
1982-09-22,7.544
1982-09-23,14.315
1982-09-24,9.173
1982-09-25,9.497
1982-09-26,8.859
1982-09-27,11.179
1982-09-28,9.928
1982-09-29,14.158
1982-09-30,4.043
1982-10-01,11.886
1982-10-02,11.64
1982-10-03,3.842
1982-10-04,4.454
1982-10-05,10.559
1982-10-06,5.256
1982-10-07,9.512
1982-10-08,4.226
1982-10-09,14.563
1982-10-10,3.545
1982-10-11,3.602
1982-10-12,15.349
1982-10-13,11.176
1982-10-14,6.652
1982-10-15,7.632
1982-10-16,7.877
1982-10-17,14.706
1982-10-18,5.82
1982-10-19,16.377
1982-10-20,13.914
1982-10-21,7.281
1982-10-22,6.881
1982-10-23,5.262
1982-10-24,7.874
1982-10-25,15.52
1982-10-26,12.365
1982-10-27,12.835
1982-10-28,4.613
1982-10-29,13.914
1982-10-30,11.249
1982-10-31,14.582
1982-11-01,12.231
1982-11-02,4.654
1982-11-03,4.073
1982-11-04,3.771
1982-11-05,8.738
1982-11-06,7.202
1982-11-07,7.758
1982-11-08,16.012
1982-11-09,7.926
1982-11-10,5.427
1982-11-11,5.441
1982-11-12,11.709
1982-11-13,5.619
1982-11-14,10.362
1982-11-15,4.572
1982-11-16,6.157
1982-11-17,8.419
1982-11-18,15.292
1982-11-19,5.636
1982-11-20,9.75
1982-11-21,14.451
1982-11-22,10.074
1982-11-23,12.886
1982-11-24,14.175
1982-11-25,14.553
1982-11-26,6.932
1982-11-27,13.82
1982-11-28,8.002
1982-11-29,6.863
1982-11-30,5.629
1982-12-01,7.5
1982-12-02,13.671
1982-12-03,14.74
1982-12-04,8.676
1982-12-05,6.474
1982-12-06,4.053
1982-12-07,6.558
1982-12-08,7.365
1982-12-09,3.659
1982-12-10,10.151
1982-12-11,10.496
1982-12-12,7.024
1982-12-13,15.22
1982-12-14,7.45
1982-12-15,4.841
1982-12-16,13.83
1982-12-17,14.15
1982-12-18,5.546
1982-12-19,9.814
1982-12-20,14.171
1982-12-21,6.567
1982-12-22,11.736
1982-12-23,7.351
1982-12-24,9.355
1982-12-25,14.67
1982-12-26,10.797
1982-12-27,9.078
1982-12-28,4.061
1982-12-29,15.088
1982-12-30,8.847
1982-12-31,6.6
1983-01-01,7.546
1983-01-02,14.592
1983-01-03,11.18
1983-01-04,13.019
1983-01-05,7.755
1983-01-06,10.099
1983-01-07,8.165
1983-01-08,4.545
1983-01-09,7.863
1983-01-10,7.656
1983-01-11,4.779
1983-01-12,11.768
1983-01-13,5.929
1983-01-14,13.761
1983-01-15,5.826
1983-01-16,13.578
1983-01-17,14.545
1983-01-18,16.226
1983-01-19,8.728
1983-01-20,7.583
1983-01-21,12.004
1983-01-22,4.321
1983-01-23,15.453
1983-01-24,11.698
1983-01-25,10.163
1983-01-26,6.226
1983-01-27,12.026
1983-01-28,4.032
1983-01-29,4.528
1983-01-30,9.152
1983-01-31,12.646
1983-02-01,5.113
1983-02-02,14.596
1983-02-03,11.678
1983-02-04,14.248
1983-02-05,9.664
1983-02-06,6.752
1983-02-07,15.13
1983-02-08,14.818
1983-02-09,3.788
1983-02-10,13.418
1983-02-11,14.941
1983-02-12,13.721
1983-02-13,9.606
1983-02-14,10.812
1983-02-15,12.834
1983-02-16,13.332
1983-02-17,9.478
1983-02-18,12.515
1983-02-19,7.399
1983-02-20,12.963
1983-02-21,15.158
1983-02-22,15.51
1983-02-23,10.458
1983-02-24,14.408
1983-02-25,8.01
1983-02-26,5.204
1983-02-27,15.232
1983-02-28,14.9
1983-03-01,5.443
1983-03-02,13.661
1983-03-03,9.744
1983-03-04,11.887
1983-03-05,11.206
1983-03-06,8.754
1983-03-07,3.388
1983-03-08,5.61
1983-03-09,16.121
1983-03-10,14.98
1983-03-11,6.028
1983-03-12,11.268
1983-03-13,7.416
1983-03-14,7.633
1983-03-15,10.675
1983-03-16,15.307
1983-03-17,6.536
1983-03-18,7.707
1983-03-19,5.285
1983-03-20,4.884
1983-03-21,13.191
1983-03-22,10.158
1983-03-23,5.087
1983-03-24,13.474
1983-03-25,5.036
1983-03-26,5.089
1983-03-27,8.443
1983-03-28,12.897
1983-03-29,16.306
1983-03-30,14.099
1983-03-31,16.004
1983-04-01,11.862
1983-04-02,6.379
1983-04-03,4.263
1983-04-04,12.728
1983-04-05,4.761
1983-04-06,9.426
1983-04-07,12.055
1983-04-08,5.666
1983-04-09,10.138
1983-04-10,8.27
1983-04-11,3.348
1983-04-12,10.084
1983-04-13,5.17
1983-04-14,7.913
1983-04-15,6.445
1983-04-16,3.749
1983-04-17,3.366
1983-04-18,7.639
1983-04-19,3.53
1983-04-20,9.96
1983-04-21,8.246
1983-04-22,11.605
1983-04-23,14.238
1983-04-24,11.153
1983-04-25,4.223
1983-04-26,7.547
1983-04-27,8.084
1983-04-28,14.825
1983-04-29,4.545
1983-04-30,7.963
1983-05-01,6.903
1983-05-02,10.784
1983-05-03,4.06
1983-05-04,6.868
1983-05-05,9.891
1983-05-06,3.67
1983-05-07,10.9
1983-05-08,13.731
1983-05-09,7.578
1983-05-10,8.016
1983-05-11,14.571
1983-05-12,6.419
1983-05-13,7.815
1983-05-14,7.078
1983-05-15,6.302
1983-05-16,8.335
1983-05-17,13.497
1983-05-18,15.008
1983-05-19,13.607
1983-05-20,11.766
1983-05-21,3.622
1983-05-22,11.318
1983-05-23,4.458
1983-05-24,10.823
1983-05-25,14.189
1983-05-26,5.786
1983-05-27,9.639
1983-05-28,8.238
1983-05-29,5.447
1983-05-30,7.248
1983-05-31,11.204
1983-06-01,11.48
1983-06-02,15.366
1983-06-03,15.828
1983-06-04,10.394
1983-06-05,6.949
1983-06-06,6.434
1983-06-07,14.035
1983-06-08,13.126
1983-06-09,14.282
1983-06-10,8.867
1983-06-11,13.447
1983-06-12,4.78
1983-06-13,16.353
1983-06-14,16.179
1983-06-15,4.273
1983-06-16,12.163
1983-06-17,6.385
1983-06-18,10.997
1983-06-19,4.814
1983-06-20,10.552
1983-06-21,14.224
1983-06-22,6.265
1983-06-23,14.5
1983-06-24,14.606
1983-06-25,7.878
1983-06-26,10.225
1983-06-27,9.63
1983-06-28,10.624
1983-06-29,5.243
1983-06-30,4.948
1983-07-01,3.468
1983-07-02,3.355
1983-07-03,15.133
1983-07-04,10.933
1983-07-05,4.444
1983-07-06,12.859
1983-07-07,15.928
1983-07-08,15.644
1983-07-09,11.213
1983-07-10,8.638
1983-07-11,14.884
1983-07-12,14.099
1983-07-13,6.55
1983-07-14,15.125
1983-07-15,8.29
1983-07-16,8.054
1983-07-17,15.609
1983-07-18,14.022
1983-07-19,13.509
1983-07-20,8.643
1983-07-21,9.823
1983-07-22,3.998
1983-07-23,4.596
1983-07-24,4.62
1983-07-25,14.09
1983-07-26,8.359
1983-07-27,3.936
1983-07-28,14.095
1983-07-29,4.053
1983-07-30,7.831
1983-07-31,11.942
1983-08-01,14.099
1983-08-02,9.176
1983-08-03,11.839
1983-08-04,16.371
1983-08-05,11.689
1983-08-06,15.658
1983-08-07,12.786
1983-08-08,12.525
1983-08-09,11.318
1983-08-10,15.964
1983-08-11,15.062
1983-08-12,7.691
1983-08-13,4.106
1983-08-14,5.465
1983-08-15,12.385
1983-08-16,13.657
1983-08-17,5.141
1983-08-18,9.272
1983-08-19,6.262
1983-08-20,13.834
1983-08-21,9.652
1983-08-22,16.371
1983-08-23,10.033
1983-08-24,9.294
1983-08-25,16.205
1983-08-26,13.243
1983-08-27,7.211
1983-08-28,9.598
1983-08-29,15.818
1983-08-30,15.91
1983-08-31,14.872
1983-09-01,11.391
1983-09-02,5.94
1983-09-03,11.446
1983-09-04,3.914
1983-09-05,4.359
1983-09-06,13.268
1983-09-07,7.742
1983-09-08,13.837
1983-09-09,14.661
1983-09-10,10.941
1983-09-11,5.382
1983-09-12,9.774
1983-09-13,6.945
1983-09-14,11.636
1983-09-15,12.556
1983-09-16,6.836
1983-09-17,5.225
1983-09-18,9.478
1983-09-19,10.205
1983-09-20,10.275
1983-09-21,9.78
1983-09-22,8.632
1983-09-23,13.997
1983-09-24,15.861
1983-09-25,6.322
1983-09-26,7.013
1983-09-27,15.037
1983-09-28,14.905
1983-09-29,7.817
1983-09-30,15.348
1983-10-01,4.411
1983-10-02,9.308
1983-10-03,8.953
1983-10-04,4.995
1983-10-05,6.664
1983-10-06,14.417
1983-10-07,11.146
1983-10-08,6.076
1983-10-09,16.067
1983-10-10,7.932
1983-10-11,9.078
1983-10-12,9.317
1983-10-13,13.572
1983-10-14,6.314
1983-10-15,4.566
1983-10-16,9.571
1983-10-17,6.44
1983-10-18,12.09
1983-10-19,15.126
1983-10-20,10.482
1983-10-21,14.607
1983-10-22,6.705
1983-10-23,4.427
1983-10-24,4.822
1983-10-25,5.625
1983-10-26,14.222
1983-10-27,15.534
1983-10-28,5.98
1983-10-29,5.035
1983-10-30,16.198
1983-10-31,7.636
1983-11-01,3.84
1983-11-02,16.274
1983-11-03,3.415
1983-11-04,4.305
1983-11-05,5.936
1983-11-06,9.277
1983-11-07,3.466
1983-11-08,6.44
1983-11-09,13.367
1983-11-10,16.233
1983-11-11,4.831
1983-11-12,12.063
1983-11-13,6.809
1983-11-14,3.684
1983-11-15,3.369
1983-11-16,12.43
1983-11-17,13.543
1983-11-18,12.102
1983-11-19,14.556
1983-11-20,5.034
1983-11-21,10.055
1983-11-22,7.646
1983-11-23,11.685
1983-11-24,14.228
1983-11-25,16.093
1983-11-26,10.156
1983-11-27,15.049
1983-11-28,14.04
1983-11-29,13.421
1983-11-30,3.347
1983-12-01,12.387
1983-12-02,8.755
1983-12-03,11.503
1983-12-04,8.305
1983-12-05,7.845
1983-12-06,4.646
1983-12-07,6.336
1983-12-08,13.11
1983-12-09,6.756
1983-12-10,13.534
1983-12-11,12.198
1983-12-12,9.229
1983-12-13,6.027
1983-12-14,4.543
1983-12-15,14.629
1983-12-16,4.114
1983-12-17,6.593
1983-12-18,5.648
1983-12-19,14.587
1983-12-20,9.129
1983-12-21,8.907
1983-12-22,16.325
1983-12-23,3.65
1983-12-24,13.632
1983-12-25,7.498
1983-12-26,9.552
1983-12-27,12.348
1983-12-28,15.813
1983-12-29,13.789
1983-12-30,11.886
1983-12-31,8.273
1984-01-01,13.747
1984-01-02,9.505
1984-01-03,3.97
1984-01-04,11.653
1984-01-05,15.954
1984-01-06,13.752
1984-01-07,8.835
1984-01-08,11.17
1984-01-09,3.711
1984-01-10,11.307
1984-01-11,10.808
1984-01-12,15.737
1984-01-13,12.761
1984-01-14,15.886
1984-01-15,4.55
1984-01-16,6.711
1984-01-17,15.688
1984-01-18,6.628
1984-01-19,15.582
1984-01-20,4.907
1984-01-21,7.232
1984-01-22,11.766
1984-01-23,13.634
1984-01-24,13.67
1984-01-25,11.091
1984-01-26,12.002
1984-01-27,4.635
1984-01-28,15.703
1984-01-29,5.391
1984-01-30,12.043
1984-01-31,3.593
1984-02-01,9.937
1984-02-02,5.908
1984-02-03,7.221
1984-02-04,3.776
1984-02-05,9.002
1984-02-06,11.707
1984-02-07,3.88
1984-02-08,15.277
1984-02-09,6.599
1984-02-10,13.607
1984-02-11,15.526
1984-02-12,13.535
1984-02-13,10.973
1984-02-14,6.535
1984-02-15,12.994
1984-02-16,9.019
1984-02-17,14.109
1984-02-18,4.802
1984-02-19,3.434
1984-02-20,6.455
1984-02-21,10.302
1984-02-22,10.174
1984-02-23,15.468
1984-02-24,7.741
1984-02-25,6.063
1984-02-26,13.951
1984-02-27,9.921
1984-02-28,13.821
1984-02-29,14.231
1984-03-01,6.608
1984-03-02,12.663
1984-03-03,15.564
1984-03-04,6.3
1984-03-05,8.215
1984-03-06,9.993
1984-03-07,9.647
1984-03-08,16.208
1984-03-09,13.296
1984-03-10,13.903
1984-03-11,15.985
1984-03-12,13.689
1984-03-13,6.318
1984-03-14,4.701
1984-03-15,3.828
1984-03-16,14.14
1984-03-17,12.712
1984-03-18,7.213
1984-03-19,9.796
1984-03-20,15.672
1984-03-21,11.815
1984-03-22,9.454
1984-03-23,13.612
1984-03-24,15.59
1984-03-25,10.097
1984-03-26,10.536
1984-03-27,6.506
1984-03-28,14.599
1984-03-29,7.928
1984-03-30,16.274
1984-03-31,8.02
1984-04-01,7.672
1984-04-02,8.373
1984-04-03,11.299
1984-04-04,8.177
1984-04-05,12.721
1984-04-06,7.444
1984-04-07,9.299
1984-04-08,10.749
1984-04-09,4.051
1984-04-10,8.102
1984-04-11,11.649
1984-04-12,6.814
1984-04-13,12.104
1984-04-14,10.55
1984-04-15,14.257
1984-04-16,7.385
1984-04-17,4.639
1984-04-18,10.359
1984-04-19,12.641
1984-04-20,7.371
1984-04-21,16.049
1984-04-22,11.422
1984-04-23,12.116
1984-04-24,15.318
1984-04-25,10.127
1984-04-26,8.797
1984-04-27,12.929
1984-04-28,12.5
1984-04-29,11.653
1984-04-30,14.227
1984-05-01,5.468
1984-05-02,5.575
1984-05-03,14.656
1984-05-04,7.721
1984-05-05,4.773
1984-05-06,8.199
1984-05-07,7.736
1984-05-08,11.273
1984-05-09,6.277
1984-05-10,8.909
1984-05-11,7.979
1984-05-12,6.638
1984-05-13,13.591
1984-05-14,9.461
1984-05-15,3.885
1984-05-16,15.098
1984-05-17,10.917
1984-05-18,11.059
1984-05-19,5.105
1984-05-20,9.8
1984-05-21,12.36
1984-05-22,13.872
1984-05-23,9.403
1984-05-24,4.3
1984-05-25,12.755
1984-05-26,6.657
1984-05-27,13.691
1984-05-28,5.143
1984-05-29,16.361
1984-05-30,11.627
1984-05-31,11.687
1984-06-01,15.141
1984-06-02,9.755
1984-06-03,10.775
1984-06-04,13.537
1984-06-05,5.361
1984-06-06,10.586
1984-06-07,15.65
1984-06-08,10.3
1984-06-09,8.437
1984-06-10,15.281
1984-06-11,13.161
1984-06-12,5.006
1984-06-13,8.028
1984-06-14,13.145
1984-06-15,6.771
1984-06-16,6.108
1984-06-17,14.342
1984-06-18,7.356
1984-06-19,6.803
1984-06-20,6.504
1984-06-21,10.799
1984-06-22,13.208
1984-06-23,14.781
1984-06-24,5.797
1984-06-25,15.252
1984-06-26,9.311
1984-06-27,9.671
1984-06-28,11.55
1984-06-29,15.413
1984-06-30,12.973
1984-07-01,7.727
1984-07-02,5.928
1984-07-03,11.343
1984-07-04,7.174
1984-07-05,9.752
1984-07-06,15.956
1984-07-07,4.879
1984-07-08,10.256
1984-07-09,4.832
1984-07-10,10.735
1984-07-11,5.014
1984-07-12,14.628
1984-07-13,10.049
1984-07-14,13.164
1984-07-15,11.87
1984-07-16,11.207
1984-07-17,11.266
1984-07-18,8.516
1984-07-19,5.987
1984-07-20,12.486
1984-07-21,3.385
1984-07-22,14.711
1984-07-23,11.477
1984-07-24,9.15
1984-07-25,7.989
1984-07-26,5.063
1984-07-27,15.556
1984-07-28,7.555
1984-07-29,12.07
1984-07-30,6.307
1984-07-31,7.983
1984-08-01,8.699
1984-08-02,13.722
1984-08-03,5.341
1984-08-04,9.256
1984-08-05,16.277
1984-08-06,7.186
1984-08-07,3.542
1984-08-08,15.035
1984-08-09,14.548
1984-08-10,9.108
1984-08-11,8.334
1984-08-12,7.641
1984-08-13,15.055
1984-08-14,8.86
1984-08-15,14.537
1984-08-16,16.212
1984-08-17,5.13
1984-08-18,10.157
1984-08-19,15.651
1984-08-20,13.539
1984-08-21,8.994
1984-08-22,5.191
1984-08-23,10.161
1984-08-24,14.477
1984-08-25,4.682
1984-08-26,13.242
1984-08-27,9.255
1984-08-28,8.277
1984-08-29,10.072
1984-08-30,7.755
1984-08-31,11.34
1984-09-01,16.108
1984-09-02,14.166
1984-09-03,3.853
1984-09-04,11.406
1984-09-05,3.982
1984-09-06,5.548
1984-09-07,14.958
1984-09-08,12.317
1984-09-09,16.048
1984-09-10,5.06
1984-09-11,15.099
1984-09-12,13.067
1984-09-13,9.71
1984-09-14,11.02
1984-09-15,5.133
1984-09-16,15.791
1984-09-17,14.819
1984-09-18,13.857
1984-09-19,5.741
1984-09-20,9.417
1984-09-21,13.979
1984-09-22,4.759
1984-09-23,4.435
1984-09-24,13.371
1984-09-25,3.779
1984-09-26,12.694
1984-09-27,10.316
1984-09-28,4.576
1984-09-29,9.775
1984-09-30,4.965
1984-10-01,14.031
1984-10-02,5.942
1984-10-03,5.72
1984-10-04,12.095
1984-10-05,14.399
1984-10-06,11.639
1984-10-07,16.158
1984-10-08,13.848
1984-10-09,4.333
1984-10-10,10.972
1984-10-11,11.226
1984-10-12,3.385
1984-10-13,13.032
1984-10-14,5.96
1984-10-15,16.308
1984-10-16,7.248
1984-10-17,5.796
1984-10-18,7.196
1984-10-19,5.124
1984-10-20,16.094
1984-10-21,4.648
1984-10-22,16.328
1984-10-23,8.643
1984-10-24,6.826
1984-10-25,9.846
1984-10-26,12.698
1984-10-27,6.15
1984-10-28,14.768
1984-10-29,9.917
1984-10-30,12.823
1984-10-31,10.772
1984-11-01,4.645
1984-11-02,14.752
1984-11-03,7.207
1984-11-04,15.102
1984-11-05,5.076
1984-11-06,12.554
1984-11-07,11.749
1984-11-08,15.368
1984-11-09,5.534
1984-11-10,13.262
1984-11-11,9.094
1984-11-12,5.136
1984-11-13,13.703
1984-11-14,4.072
1984-11-15,7.481
1984-11-16,11.409
1984-11-17,11.99
1984-11-18,15.941
1984-11-19,3.939
1984-11-20,9.033
1984-11-21,8.222
1984-11-22,4.789
1984-11-23,11.856
1984-11-24,8.458
1984-11-25,7.639
1984-11-26,15.709
1984-11-27,6.154
1984-11-28,8.108
1984-11-29,5.391
1984-11-30,12.924
1984-12-01,5.914
1984-12-02,8.746
1984-12-03,14.659
1984-12-04,7.451
1984-12-05,14.973
1984-12-06,3.576
1984-12-07,14.673
1984-12-08,5.245
1984-12-09,6.516
1984-12-10,7.208
1984-12-11,8.06
1984-12-12,5.255
1984-12-13,15.315
1984-12-14,4.269
1984-12-15,8.041
1984-12-16,12.155
1984-12-17,11.8
1984-12-18,14.108
1984-12-19,6.986
1984-12-20,11.313
1984-12-21,7.691
1984-12-22,4.443
1984-12-23,16.386
1984-12-24,3.435
1984-12-25,11.215
1984-12-26,6.441
1984-12-27,10.201
1984-12-28,7.739
1984-12-29,11.052
1984-12-30,16.038
1984-12-31,14.653
1985-01-01,6.087
1985-01-02,15.873
1985-01-03,3.482
1985-01-04,5.143
1985-01-05,8.148
1985-01-06,15.591
1985-01-07,10.176
1985-01-08,4.559
1985-01-09,14.279
1985-01-10,12.541
1985-01-11,13.39
1985-01-12,4.894
1985-01-13,12.769
1985-01-14,10.523
1985-01-15,15.299
1985-01-16,9.616
1985-01-17,7.987
1985-01-18,3.591
1985-01-19,8.75
1985-01-20,15.022
1985-01-21,15.615
1985-01-22,8.361
1985-01-23,3.818
1985-01-24,9.064
1985-01-25,7.845
1985-01-26,14.754
1985-01-27,11.99
1985-01-28,13.888
1985-01-29,12.953
1985-01-30,12.393
1985-01-31,7.725
1985-02-01,8.751
1985-02-02,10.079
1985-02-03,14.433
1985-02-04,10.232
1985-02-05,7.693
1985-02-06,15.885
1985-02-07,4.345
1985-02-08,6.294
1985-02-09,16.406
1985-02-10,4.67
1985-02-11,9.154
1985-02-12,8.654
1985-02-13,6.097
1985-02-14,9.099
1985-02-15,13.376
1985-02-16,4.543
1985-02-17,8.361
1985-02-18,8.912
1985-02-19,8.324
1985-02-20,15.658
1985-02-21,7.98
1985-02-22,7.331
1985-02-23,5.144
1985-02-24,15.308
1985-02-25,7.639
1985-02-26,4.785
1985-02-27,10.385
1985-02-28,12.287
1985-03-01,7.937
1985-03-02,15.584
1985-03-03,11.006
1985-03-04,9.001
1985-03-05,10.047
1985-03-06,5.645
1985-03-07,10.462
1985-03-08,5.085
1985-03-09,12.608
1985-03-10,13.841
1985-03-11,12.347
1985-03-12,11.286
1985-03-13,14.41
1985-03-14,9.134
1985-03-15,8.208
1985-03-16,8.884
1985-03-17,3.771
1985-03-18,11.515
1985-03-19,7.662
1985-03-20,6.926
1985-03-21,14.495
1985-03-22,13.65
1985-03-23,14.265
1985-03-24,15.46
1985-03-25,7.611
1985-03-26,12.973
1985-03-27,6.676
1985-03-28,9.295
1985-03-29,11.934
1985-03-30,3.56
1985-03-31,7.577
1985-04-01,9.694
1985-04-02,12.047
1985-04-03,9.301
1985-04-04,6.868
1985-04-05,5.471
1985-04-06,7.859
1985-04-07,10.903
1985-04-08,7.793
1985-04-09,15.937
1985-04-10,6.343
1985-04-11,4.795
1985-04-12,7.241
1985-04-13,3.723
1985-04-14,11.493
1985-04-15,12.831
1985-04-16,6.232
1985-04-17,7.992
1985-04-18,10.498
1985-04-19,3.694
1985-04-20,5.33
1985-04-21,9.758
1985-04-22,10.035
1985-04-23,12.686
1985-04-24,11.803
1985-04-25,6.462
1985-04-26,6.608
1985-04-27,15.788
1985-04-28,10.11
1985-04-29,8.844
1985-04-30,14.332
1985-05-01,15.195
1985-05-02,4.046
1985-05-03,9.138
1985-05-04,7.531
1985-05-05,8.62
1985-05-06,15.593
1985-05-07,9.719
1985-05-08,7.281
1985-05-09,5.908
1985-05-10,16.396
1985-05-11,4.645
1985-05-12,5.682
1985-05-13,9.145
1985-05-14,3.356
1985-05-15,11.628
1985-05-16,8.912
1985-05-17,9.328
1985-05-18,11.809
1985-05-19,6.803
1985-05-20,4.352
1985-05-21,6.267
1985-05-22,10.228
1985-05-23,9.067
1985-05-24,11.74
1985-05-25,12.127
1985-05-26,14.421
1985-05-27,10.968
1985-05-28,5.448
1985-05-29,5.275
1985-05-30,12.929
1985-05-31,4.016
1985-06-01,9.918
1985-06-02,12.252
1985-06-03,12.794
1985-06-04,6.969
1985-06-05,14.919
1985-06-06,5.7
1985-06-07,5.607
1985-06-08,16.275
1985-06-09,6.237
1985-06-10,6.905
1985-06-11,7.124
1985-06-12,15.622
1985-06-13,13.512
1985-06-14,14.202
1985-06-15,16.02
1985-06-16,13.441
1985-06-17,3.66
1985-06-18,4.825
1985-06-19,5.738
1985-06-20,14.691
1985-06-21,3.547
1985-06-22,16.408
1985-06-23,5.804
1985-06-24,4.216
1985-06-25,12.235
1985-06-26,7.849
1985-06-27,15.433
1985-06-28,14.633
1985-06-29,5.871
1985-06-30,8.487
1985-07-01,5.156
1985-07-02,4.086
1985-07-03,14.666
1985-07-04,11.909
1985-07-05,9.384
1985-07-06,5.752
1985-07-07,4.621
1985-07-08,13.381
1985-07-09,11.877
1985-07-10,11.577
1985-07-11,5.518
1985-07-12,16.362
1985-07-13,15.471
1985-07-14,16.311
1985-07-15,13.002
1985-07-16,8.744
1985-07-17,12.878
1985-07-18,3.618
1985-07-19,5.68
1985-07-20,7.541
1985-07-21,9.457
1985-07-22,14.383
1985-07-23,4.585
1985-07-24,15.475
1985-07-25,4.44
1985-07-26,14.644
1985-07-27,7.914
1985-07-28,4.509
1985-07-29,16.111
1985-07-30,11.54
1985-07-31,12.6
1985-08-01,9.47
1985-08-02,6.476
1985-08-03,5.781
1985-08-04,13.052
1985-08-05,7.193
1985-08-06,3.754
1985-08-07,10.522
1985-08-08,7.664
1985-08-09,13.985
1985-08-10,12.023
1985-08-11,11.287
1985-08-12,12.906
1985-08-13,16.241
1985-08-14,10.845
1985-08-15,14.424
1985-08-16,13.996
1985-08-17,11.727
1985-08-18,5.021
1985-08-19,12.484
1985-08-20,3.344
1985-08-21,8.418
1985-08-22,3.972
1985-08-23,16.014
1985-08-24,8.615
1985-08-25,11.673
1985-08-26,3.782
1985-08-27,5.672
1985-08-28,11.001
1985-08-29,6.809
1985-08-30,15.028
1985-08-31,14.616
1985-09-01,4.668
1985-09-02,10.883
1985-09-03,5.649
1985-09-04,6.979
1985-09-05,7.962
1985-09-06,3.788
1985-09-07,10.901
1985-09-08,4.799
1985-09-09,9.26
1985-09-10,8.233
1985-09-11,9.603
1985-09-12,15.277
1985-09-13,4.752
1985-09-14,8.752
1985-09-15,11.338
1985-09-16,10.368
1985-09-17,7.446
1985-09-18,8.958
1985-09-19,10.458
1985-09-20,9.91
1985-09-21,9.315
1985-09-22,15.329
1985-09-23,7.355
1985-09-24,15.382
1985-09-25,10.621
1985-09-26,13.28
1985-09-27,14.331
1985-09-28,8.454
1985-09-29,4.064
1985-09-30,12.873
1985-10-01,13.936
1985-10-02,9.743
1985-10-03,4.49
1985-10-04,10.986
1985-10-05,7.16
1985-10-06,5.5
1985-10-07,8.585
1985-10-08,5.864
1985-10-09,12.093
1985-10-10,12.082
1985-10-11,11.469
1985-10-12,7.65
1985-10-13,13.147
1985-10-14,15.092
1985-10-15,5.756
1985-10-16,7.849
1985-10-17,7.024
1985-10-18,5.142
1985-10-19,7.894
1985-10-20,9.663
1985-10-21,3.584
1985-10-22,15.983
1985-10-23,13.559
1985-10-24,4.863
1985-10-25,14.53
1985-10-26,14.16
1985-10-27,11.055
1985-10-28,12.623
1985-10-29,12.377
1985-10-30,8.12
1985-10-31,3.929
1985-11-01,7.424
1985-11-02,15.764
1985-11-03,10.157
1985-11-04,14.475
1985-11-05,9.046
1985-11-06,10.425
1985-11-07,6.899
1985-11-08,15.891
1985-11-09,12.302
1985-11-10,10.187
1985-11-11,4.946
1985-11-12,12.235
1985-11-13,8.994
1985-11-14,5.914
1985-11-15,4.373
1985-11-16,12.486
1985-11-17,6.916
1985-11-18,4.784
1985-11-19,16.291
1985-11-20,6.316
1985-11-21,15.049
1985-11-22,6.698
1985-11-23,15.34
1985-11-24,9.4
1985-11-25,4.497
1985-11-26,11.381
1985-11-27,15.175
1985-11-28,10.364
1985-11-29,5.478
1985-11-30,4.666
1985-12-01,5.17
1985-12-02,14.973
1985-12-03,13.325
1985-12-04,15.422
1985-12-05,4.34
1985-12-06,4.515
1985-12-07,3.744
1985-12-08,7.467
1985-12-09,3.592
1985-12-10,5.684
1985-12-11,9.789
1985-12-12,16.176
1985-12-13,6.256
1985-12-14,11.74
1985-12-15,5.345
1985-12-16,9.321
1985-12-17,8.397
1985-12-18,10.841
1985-12-19,4.682
1985-12-20,15.69
1985-12-21,3.606
1985-12-22,6.098
1985-12-23,10.3
1985-12-24,15.757
1985-12-25,7.962
1985-12-26,16.04
1985-12-27,11.756
1985-12-28,8.901
1985-12-29,14.42
1985-12-30,11.36
1985-12-31,15.658
1986-01-01,14.695
1986-01-02,10.417
1986-01-03,4.396
1986-01-04,4.877
1986-01-05,16.361
1986-01-06,5.262
1986-01-07,15.93
1986-01-08,8.587
1986-01-09,5.528
1986-01-10,5.06
1986-01-11,16.266
1986-01-12,12.327
1986-01-13,6.298
1986-01-14,12.14
1986-01-15,10.173
1986-01-16,14.044
1986-01-17,14.232
1986-01-18,15.638
1986-01-19,12.141
1986-01-20,9.28
1986-01-21,5.581
1986-01-22,12.692
1986-01-23,8.121
1986-01-24,9.511
1986-01-25,8.819
1986-01-26,12.242
1986-01-27,5.73
1986-01-28,11.761
1986-01-29,14.128
1986-01-30,8.011
1986-01-31,15.267
1986-02-01,8.167
1986-02-02,4.944
1986-02-03,9.677
1986-02-04,11.898
1986-02-05,13.626
1986-02-06,11.878
1986-02-07,9.992
1986-02-08,13.536
1986-02-09,14.998
1986-02-10,5.124
1986-02-11,11.874
1986-02-12,4.309
1986-02-13,7.208
1986-02-14,4.568
1986-02-15,11.477
1986-02-16,16.286
1986-02-17,15.464
1986-02-18,12.793
1986-02-19,8.919
1986-02-20,12.158
1986-02-21,12.969
1986-02-22,14.193
1986-02-23,11.807
1986-02-24,8.173
1986-02-25,11.473
1986-02-26,5.898
1986-02-27,6.172
1986-02-28,12.293
1986-03-01,16.229
1986-03-02,15.99
1986-03-03,14.395
1986-03-04,5.745
1986-03-05,12.185
1986-03-06,16.031
1986-03-07,10.464
1986-03-08,4.106
1986-03-09,11.373
1986-03-10,13.203
1986-03-11,6.238
1986-03-12,6.476
1986-03-13,10.605
1986-03-14,14.372
1986-03-15,13.583
1986-03-16,11.733
1986-03-17,5.248
1986-03-18,12.743
1986-03-19,6.83
1986-03-20,13.651
1986-03-21,8.86
1986-03-22,7.442
1986-03-23,7.02
1986-03-24,4.59
1986-03-25,7.597
1986-03-26,4.496
1986-03-27,15.704
1986-03-28,9.164
1986-03-29,8.586
1986-03-30,11.38
1986-03-31,15.118
1986-04-01,5.163
1986-04-02,9.191
1986-04-03,6.444
1986-04-04,4.858
1986-04-05,15.444
1986-04-06,10.685
1986-04-07,5.967
1986-04-08,13.098
1986-04-09,4.691
1986-04-10,11.359
1986-04-11,8.264
1986-04-12,12.112
1986-04-13,14.739
1986-04-14,12.318
1986-04-15,4.546
1986-04-16,8.251
1986-04-17,15.242
1986-04-18,3.965
1986-04-19,13.382
1986-04-20,6.621
1986-04-21,4.885
1986-04-22,8.888
1986-04-23,3.466
1986-04-24,11.261
1986-04-25,12.672
1986-04-26,10.447
1986-04-27,9.263
1986-04-28,12.902
1986-04-29,3.826
1986-04-30,8.813
1986-05-01,3.585
1986-05-02,10.467
1986-05-03,15.736
1986-05-04,3.662
1986-05-05,4.254
1986-05-06,13.898
1986-05-07,16.029
1986-05-08,7.372
1986-05-09,14.162
1986-05-10,5.532
1986-05-11,9.56
1986-05-12,5.692
1986-05-13,7.698
1986-05-14,15.677
1986-05-15,6.44
1986-05-16,6.82
1986-05-17,15.307
1986-05-18,11.704
1986-05-19,14.681
1986-05-20,11.94
1986-05-21,6.94
1986-05-22,4.984
1986-05-23,6.839
1986-05-24,7.736
1986-05-25,11.443
1986-05-26,13.035
1986-05-27,3.9
1986-05-28,9.777
1986-05-29,13.793
1986-05-30,8.264
1986-05-31,15.999
1986-06-01,7.932
1986-06-02,6.108
1986-06-03,14.776
1986-06-04,6.41
1986-06-05,5.8
1986-06-06,9.24
1986-06-07,15.396
1986-06-08,11.7
1986-06-09,12.91
1986-06-10,11.972
1986-06-11,10.152
1986-06-12,8.969
1986-06-13,10.594
1986-06-14,8.181
1986-06-15,15.936
1986-06-16,4.136
1986-06-17,16.18
1986-06-18,15.565
1986-06-19,7.357
1986-06-20,8.286
1986-06-21,11.468
1986-06-22,10.522
1986-06-23,7.889
1986-06-24,6.736
1986-06-25,4.925
1986-06-26,15.708
1986-06-27,4.083
1986-06-28,7.596
1986-06-29,5.289
1986-06-30,15.808
1986-07-01,14.373
1986-07-02,9.807
1986-07-03,14.388
1986-07-04,12.395
1986-07-05,13.92
1986-07-06,13.571
1986-07-07,4.416
1986-07-08,5.882
1986-07-09,6.317
1986-07-10,5.116
1986-07-11,6.37
1986-07-12,13.307
1986-07-13,3.627
1986-07-14,3.847
1986-07-15,15.604
1986-07-16,14.473
1986-07-17,9.34
1986-07-18,12.827
1986-07-19,11.237
1986-07-20,10.375
1986-07-21,11.378
1986-07-22,12.658
1986-07-23,5.859
1986-07-24,15.551
1986-07-25,6.992
1986-07-26,11.36
1986-07-27,15.363
1986-07-28,13.652
1986-07-29,13.071
1986-07-30,11.816
1986-07-31,13.962
1986-08-01,13.156
1986-08-02,12.64
1986-08-03,9.998
1986-08-04,9.749
1986-08-05,5.184
1986-08-06,12.226
1986-08-07,9.014
1986-08-08,13.789
1986-08-09,7.925
1986-08-10,16.166
1986-08-11,5.052
1986-08-12,14.237
1986-08-13,15.472
1986-08-14,13.978
1986-08-15,14.996
1986-08-16,5.705
1986-08-17,8.172
1986-08-18,6.671
1986-08-19,8.206
1986-08-20,9.865
1986-08-21,5.905
1986-08-22,7.223
1986-08-23,13.829
1986-08-24,14.775
1986-08-25,13.627
1986-08-26,15.787
1986-08-27,12.545
1986-08-28,11.204
1986-08-29,11.21
1986-08-30,8.889
1986-08-31,6.064
1986-09-01,7.264
1986-09-02,3.387
1986-09-03,7.141
1986-09-04,13.012
1986-09-05,13.989
1986-09-06,12.603
1986-09-07,5.239
1986-09-08,4.876
1986-09-09,15.269
1986-09-10,5.727
1986-09-11,11.925
1986-09-12,7.346
1986-09-13,8.368
1986-09-14,8.025
1986-09-15,8.56
1986-09-16,11.298
1986-09-17,13.403
1986-09-18,11.944
1986-09-19,11.659
1986-09-20,7.115
1986-09-21,10.692
1986-09-22,8.966
1986-09-23,13.285
1986-09-24,10.734
1986-09-25,6.649
1986-09-26,15.837
1986-09-27,4.413
1986-09-28,14.315
1986-09-29,7.338
1986-09-30,10.936
1986-10-01,7.025
1986-10-02,13.575
1986-10-03,14.42
1986-10-04,13.881
1986-10-05,8.307
1986-10-06,7.866
1986-10-07,5.162
1986-10-08,3.483
1986-10-09,11.185
1986-10-10,10.944
1986-10-11,14.117
1986-10-12,7.823
1986-10-13,8.224
1986-10-14,14.886
1986-10-15,4.872
1986-10-16,9.227
1986-10-17,9.566
1986-10-18,5.727
1986-10-19,8.159
1986-10-20,7.495
1986-10-21,13.833
1986-10-22,6.678
1986-10-23,15.818
1986-10-24,3.875
1986-10-25,3.976
1986-10-26,14.743
1986-10-27,4.095
1986-10-28,4.402
1986-10-29,14.649
1986-10-30,3.402
1986-10-31,14.429
1986-11-01,6.782
1986-11-02,13.265
1986-11-03,7.871
1986-11-04,7.236
1986-11-05,10.872
1986-11-06,15.198
1986-11-07,11.71
1986-11-08,15.42
1986-11-09,4.859
1986-11-10,7.028
1986-11-11,10.993
1986-11-12,7.87
1986-11-13,16.088
1986-11-14,7.353
1986-11-15,5.89
1986-11-16,12.643
1986-11-17,9.178
1986-11-18,9.439
1986-11-19,8.909
1986-11-20,14.802
1986-11-21,13.084
1986-11-22,4.667
1986-11-23,7.053
1986-11-24,4.154
1986-11-25,10.405
1986-11-26,5.273
1986-11-27,10.106
1986-11-28,6.618
1986-11-29,12.792
1986-11-30,15.581
1986-12-01,7.207
1986-12-02,9.372
1986-12-03,15.035
1986-12-04,6.03
1986-12-05,14.792
1986-12-06,15.651
1986-12-07,4.723
1986-12-08,14.86
1986-12-09,7.186
1986-12-10,4.662
1986-12-11,13.822
1986-12-12,8.421
1986-12-13,4.599
1986-12-14,10.802
1986-12-15,5.741
1986-12-16,10.492
1986-12-17,12.881
1986-12-18,12.416
1986-12-19,7.656
1986-12-20,13.812
1986-12-21,5.807
1986-12-22,12.349
1986-12-23,16.304
1986-12-24,11.854
1986-12-25,11.156
1986-12-26,13.47
1986-12-27,7.898
1986-12-28,13.738
1986-12-29,4.474
1986-12-30,13.051
1986-12-31,3.614
1987-01-01,6.079
1987-01-02,9.43
1987-01-03,5.318
1987-01-04,9.236
1987-01-05,3.651
1987-01-06,9.193
1987-01-07,12.108
1987-01-08,11.321
1987-01-09,4.862
1987-01-10,10.628
1987-01-11,11.183
1987-01-12,5.814
1987-01-13,5.806
1987-01-14,6.899
1987-01-15,14.219
1987-01-16,10.1
1987-01-17,6.9
1987-01-18,9.329
1987-01-19,9.824
1987-01-20,6.787
1987-01-21,5.317
1987-01-22,4.288
1987-01-23,8.896
1987-01-24,13.794
1987-01-25,9.993
1987-01-26,4.752
1987-01-27,11.142
1987-01-28,9.035
1987-01-29,8.058
1987-01-30,8.246
1987-01-31,13.72
1987-02-01,3.975
1987-02-02,11.164
1987-02-03,4.964
1987-02-04,15.684
1987-02-05,15.137
1987-02-06,11.584
1987-02-07,13.057
1987-02-08,7.412
1987-02-09,13.791
1987-02-10,7.351
1987-02-11,6.547
1987-02-12,13.161
1987-02-13,4.975
1987-02-14,13.241
1987-02-15,10.882
1987-02-16,4.891
1987-02-17,16.134
1987-02-18,10.108
1987-02-19,9.968
1987-02-20,4.756
1987-02-21,15.001
1987-02-22,6.146
1987-02-23,12.236
1987-02-24,8.08
1987-02-25,9.407
1987-02-26,12.851
1987-02-27,3.518
1987-02-28,3.845
1987-03-01,4.3
1987-03-02,9.553
1987-03-03,8.27
1987-03-04,10.752
1987-03-05,3.347
1987-03-06,6.733
1987-03-07,3.421
1987-03-08,14.758
1987-03-09,11.073
1987-03-10,10.192
1987-03-11,12.303
1987-03-12,13.592
1987-03-13,12.315
1987-03-14,7.566
1987-03-15,3.771
1987-03-16,13.855
1987-03-17,15.862
1987-03-18,3.515
1987-03-19,13.21
1987-03-20,15.837
1987-03-21,13.129
1987-03-22,8.84
1987-03-23,15.272
1987-03-24,5.375
1987-03-25,12.694
1987-03-26,11.965
1987-03-27,5.801
1987-03-28,9.021
1987-03-29,12.399
1987-03-30,9.215
1987-03-31,3.739
1987-04-01,12.653
1987-04-02,14.284
1987-04-03,4.939
1987-04-04,7.159
1987-04-05,5.624
1987-04-06,12.376
1987-04-07,11.711
1987-04-08,4.841
1987-04-09,9.899
1987-04-10,15.682
1987-04-11,4.451
1987-04-12,5.932
1987-04-13,13.097
1987-04-14,11.131
1987-04-15,10.457
1987-04-16,15.743
1987-04-17,13.147
1987-04-18,9.136
1987-04-19,13.997
1987-04-20,12.446
1987-04-21,7.586
1987-04-22,12.552
1987-04-23,6.523
1987-04-24,6.344
1987-04-25,15.566
1987-04-26,15.185
1987-04-27,15.598
1987-04-28,6.735
1987-04-29,15.725
1987-04-30,9.994
1987-05-01,13.724
1987-05-02,15.591
1987-05-03,5.674
1987-05-04,5.951
1987-05-05,4.894
1987-05-06,3.343
1987-05-07,11.703
1987-05-08,4.181
1987-05-09,5.01
1987-05-10,5.123
1987-05-11,12.243
1987-05-12,9.065
1987-05-13,7.497
1987-05-14,10.002
1987-05-15,7.069
1987-05-16,4.36
1987-05-17,6.168
1987-05-18,10.646
1987-05-19,11.428
1987-05-20,13.102
1987-05-21,4.217
1987-05-22,3.709
1987-05-23,5.604
1987-05-24,7.439
1987-05-25,10.627
1987-05-26,3.848
1987-05-27,4.804
1987-05-28,6.758
1987-05-29,7.713
1987-05-30,9.354
1987-05-31,10.134
1987-06-01,8.947
1987-06-02,16.118
1987-06-03,8.719
1987-06-04,14.586
1987-06-05,13.464
1987-06-06,15.748
1987-06-07,12.039
1987-06-08,10.056
1987-06-09,9.012
1987-06-10,8.258
1987-06-11,6.004
1987-06-12,15.106
1987-06-13,5.919
1987-06-14,10.65
1987-06-15,13.056
1987-06-16,7.129
1987-06-17,4.346
1987-06-18,8.742
1987-06-19,15.929
1987-06-20,6.315
1987-06-21,14.26
1987-06-22,8.731
1987-06-23,13.054
1987-06-24,6.349
1987-06-25,5.18
1987-06-26,7.801
1987-06-27,4.351
1987-06-28,9.98
1987-06-29,8.228
1987-06-30,16.347
1987-07-01,4.428
1987-07-02,10.199
1987-07-03,4.285
1987-07-04,11.689
1987-07-05,10.546
1987-07-06,15.655
1987-07-07,15.169
1987-07-08,3.943
1987-07-09,8.93
1987-07-10,12.339
1987-07-11,5.036
1987-07-12,8.056
1987-07-13,12.471
1987-07-14,14.914
1987-07-15,10.589
1987-07-16,16.253
1987-07-17,5.163
1987-07-18,11.702
1987-07-19,13.922
1987-07-20,6.897
1987-07-21,16.243
1987-07-22,7.218
1987-07-23,6.911
1987-07-24,16.027
1987-07-25,14.761
1987-07-26,13.992
1987-07-27,15.674
1987-07-28,13.888
1987-07-29,4.025
1987-07-30,5.744
1987-07-31,3.365
1987-08-01,12.291
1987-08-02,15.206
1987-08-03,5.977
1987-08-04,4.629
1987-08-05,10.836
1987-08-06,5.869
1987-08-07,8.519
1987-08-08,4.555
1987-08-09,5.208
1987-08-10,11.868
1987-08-11,10.562
1987-08-12,13.491
1987-08-13,9.573
1987-08-14,14.536
1987-08-15,11.268
1987-08-16,6.351
1987-08-17,12.547
1987-08-18,10.791
1987-08-19,12.04
1987-08-20,5.431
1987-08-21,5.757
1987-08-22,15.223
1987-08-23,8.254
1987-08-24,6.625
1987-08-25,3.403
1987-08-26,15.18
1987-08-27,6.16
1987-08-28,12.039
1987-08-29,5.37
1987-08-30,15.056
1987-08-31,8.652
1987-09-01,7.788
1987-09-02,6.131
1987-09-03,9.037
1987-09-04,5.747
1987-09-05,11.999
1987-09-06,12.718
1987-09-07,14.186
1987-09-08,16.319
1987-09-09,4.029
1987-09-10,12.286
1987-09-11,13.365
1987-09-12,11.765
1987-09-13,9.148
1987-09-14,4.193
1987-09-15,4.696
1987-09-16,5.297
1987-09-17,14.792
1987-09-18,8.871
1987-09-19,10.327
1987-09-20,13.105
1987-09-21,7.664
1987-09-22,12.5
1987-09-23,16.022
1987-09-24,11.71
1987-09-25,13.266
1987-09-26,5.905
1987-09-27,13.167
1987-09-28,4.663
1987-09-29,9.336
1987-09-30,16.084
1987-10-01,4.246
1987-10-02,8.418
1987-10-03,4.651
1987-10-04,9.795
1987-10-05,4.255
1987-10-06,16.056
1987-10-07,6.183
1987-10-08,14.282
1987-10-09,10.81
1987-10-10,10.363
1987-10-11,4.513
1987-10-12,9.932
1987-10-13,13.498
1987-10-14,8.161
1987-10-15,14.229
1987-10-16,10.203
1987-10-17,13.511
1987-10-18,9.079
1987-10-19,13.086
1987-10-20,10.57
1987-10-21,3.801
1987-10-22,16.399
1987-10-23,5.224
1987-10-24,15.6
1987-10-25,10.094
1987-10-26,15.409
1987-10-27,5.407
1987-10-28,9.908
1987-10-29,7.833
1987-10-30,3.767
1987-10-31,11.847
1987-11-01,12.576
1987-11-02,13.418
1987-11-03,10.242
1987-11-04,14.721
1987-11-05,8.429
1987-11-06,9.924
1987-11-07,12.123
1987-11-08,13.594
1987-11-09,10.82
1987-11-10,9.539
1987-11-11,10.442
1987-11-12,5.978
1987-11-13,15.925
1987-11-14,4.657
1987-11-15,8.897
1987-11-16,5.771
1987-11-17,12.003
1987-11-18,8.517
1987-11-19,14.359
1987-11-20,4.742
1987-11-21,5.684
1987-11-22,12.675
1987-11-23,3.774
1987-11-24,15.415
1987-11-25,4.88
1987-11-26,16.147
1987-11-27,11.049
1987-11-28,10.364
1987-11-29,9.916
1987-11-30,15.524
1987-12-01,16.131
1987-12-02,13.872
1987-12-03,4.037
1987-12-04,6.344
1987-12-05,10.537
1987-12-06,7.834
1987-12-07,14.255
1987-12-08,9.084
1987-12-09,16.126
1987-12-10,16.204
1987-12-11,4.184
1987-12-12,10.501
1987-12-13,13.564
1987-12-14,9.757
1987-12-15,3.89
1987-12-16,6.77
1987-12-17,15.209
1987-12-18,12.865
1987-12-19,6.179
1987-12-20,14.853
1987-12-21,11.599
1987-12-22,7.666
1987-12-23,9.216
1987-12-24,9.308
1987-12-25,10.725
1987-12-26,6.262
1987-12-27,9.811
1987-12-28,11.818
1987-12-29,10.354
1987-12-30,13.298
1987-12-31,14.545
1988-01-01,5.297
1988-01-02,14.893
1988-01-03,9.889
1988-01-04,4.938
1988-01-05,7.588
1988-01-06,4.083
1988-01-07,8.323
1988-01-08,14.394
1988-01-09,10.331
1988-01-10,10.759
1988-01-11,9.485
1988-01-12,11.801
1988-01-13,14.83
1988-01-14,8.177
1988-01-15,10.392
1988-01-16,8.723
1988-01-17,16.149
1988-01-18,13.454
1988-01-19,8.677
1988-01-20,14.614
1988-01-21,10.06
1988-01-22,12.992
1988-01-23,5.722
1988-01-24,10.246
1988-01-25,11.241
1988-01-26,15.746
1988-01-27,4.293
1988-01-28,15.78
1988-01-29,6.064
1988-01-30,14.822
1988-01-31,4.488
1988-02-01,12.008
1988-02-02,10.971
1988-02-03,11.636
1988-02-04,12.75
1988-02-05,12.179
1988-02-06,16.157
1988-02-07,6.471
1988-02-08,3.76
1988-02-09,7.728
1988-02-10,15.706
1988-02-11,9.213
1988-02-12,3.802
1988-02-13,16.106
1988-02-14,13.449
1988-02-15,6.708
1988-02-16,7.258
1988-02-17,13.538
1988-02-18,6.35
1988-02-19,5.731
1988-02-20,15.231
1988-02-21,10.356
1988-02-22,8.193
1988-02-23,4.185
1988-02-24,10.151
1988-02-25,11.352
1988-02-26,7.591
1988-02-27,15.654
1988-02-28,12.701
1988-02-29,6.138
1988-03-01,9.162
1988-03-02,7.486
1988-03-03,15.429
1988-03-04,8.717
1988-03-05,7.121
1988-03-06,13.31
1988-03-07,6.706
1988-03-08,16.209
1988-03-09,5.125
1988-03-10,13.28
1988-03-11,11.383
1988-03-12,11.809
1988-03-13,4.597
1988-03-14,12.022
1988-03-15,8.752
1988-03-16,14.737
1988-03-17,7.683
1988-03-18,14.835
1988-03-19,16.221
1988-03-20,7.184
1988-03-21,14.719
1988-03-22,10.389
1988-03-23,10.285
1988-03-24,10.911
1988-03-25,4.111
1988-03-26,11.2
1988-03-27,13.104
1988-03-28,4.245
1988-03-29,11.523
1988-03-30,15.82
1988-03-31,12.421
1988-04-01,6.453
1988-04-02,9.87
1988-04-03,14.725
1988-04-04,10.719
1988-04-05,7.947
1988-04-06,3.579
1988-04-07,12.461
1988-04-08,11.604
1988-04-09,5.734
1988-04-10,10.428
1988-04-11,16.041
1988-04-12,12.748
1988-04-13,3.834
1988-04-14,10.366
1988-04-15,9.179
1988-04-16,6.485
1988-04-17,11.574
1988-04-18,12.859
1988-04-19,8.404
1988-04-20,6.213
1988-04-21,13.257
1988-04-22,14.453
1988-04-23,6.306
1988-04-24,15.242
1988-04-25,9.875
1988-04-26,7.072
1988-04-27,5.662
1988-04-28,7.982
1988-04-29,16.155
1988-04-30,15.177
1988-05-01,6.056
1988-05-02,7.095
1988-05-03,10.257
1988-05-04,11.634
1988-05-05,3.742
1988-05-06,8.254
1988-05-07,3.84
1988-05-08,6.552
1988-05-09,9.915
1988-05-10,13.899
1988-05-11,13.797
1988-05-12,14.639
1988-05-13,14.177
1988-05-14,6.323
1988-05-15,7.08
1988-05-16,8.018
1988-05-17,6.17
1988-05-18,15.467
1988-05-19,15.231
1988-05-20,13.145
1988-05-21,15.705
1988-05-22,13.788
1988-05-23,12.998
1988-05-24,3.613
1988-05-25,6.309
1988-05-26,16.364
1988-05-27,11.791
1988-05-28,14.169
1988-05-29,14.164
1988-05-30,3.5
1988-05-31,3.848
1988-06-01,14.518
1988-06-02,12.28
1988-06-03,10.285
1988-06-04,16.154
1988-06-05,15.043
1988-06-06,15.185
1988-06-07,15.403
1988-06-08,5.576
1988-06-09,4.467
1988-06-10,11.669
1988-06-11,10.491
1988-06-12,6.655
1988-06-13,12.678
1988-06-14,12.787
1988-06-15,4.869
1988-06-16,14.802
1988-06-17,14.614
1988-06-18,6.012
1988-06-19,10.135
1988-06-20,7.878
1988-06-21,12.309
1988-06-22,3.396
1988-06-23,3.538
1988-06-24,11.115
1988-06-25,3.631
1988-06-26,3.51
1988-06-27,10.646
1988-06-28,4.25
1988-06-29,13.652
1988-06-30,13.911
1988-07-01,6.786
1988-07-02,3.777
1988-07-03,14.902
1988-07-04,7.553
1988-07-05,4.011
1988-07-06,12.086
1988-07-07,3.783
1988-07-08,8.062
1988-07-09,13.338
1988-07-10,14.136
1988-07-11,11.744
1988-07-12,6.066
1988-07-13,13.983
1988-07-14,8.65
1988-07-15,4.373
1988-07-16,15.128
1988-07-17,11.385
1988-07-18,6.332
1988-07-19,10.194
1988-07-20,8.436
1988-07-21,13.465
1988-07-22,6.072
1988-07-23,7.731
1988-07-24,11.014
1988-07-25,15.321
1988-07-26,4.248
1988-07-27,4.359
1988-07-28,9.166
1988-07-29,7.729
1988-07-30,14.04
1988-07-31,11.094
1988-08-01,9.358
1988-08-02,9.065
1988-08-03,7.145
1988-08-04,4.746
1988-08-05,13.287
1988-08-06,13.428
1988-08-07,4.953
1988-08-08,5.239
1988-08-09,6.847
1988-08-10,10.438
1988-08-11,8.528
1988-08-12,3.723
1988-08-13,12.501
1988-08-14,13.269
1988-08-15,10.21
1988-08-16,4.609
1988-08-17,10.8
1988-08-18,14.77
1988-08-19,3.385
1988-08-20,13.94
1988-08-21,8.938
1988-08-22,4.003
1988-08-23,13.64
1988-08-24,3.978
1988-08-25,7.712
1988-08-26,6.267
1988-08-27,7.321
1988-08-28,5.593
1988-08-29,3.617
1988-08-30,14.331
1988-08-31,16.31
1988-09-01,9.958
1988-09-02,15.467
1988-09-03,7.537
1988-09-04,13.881
1988-09-05,4.032
1988-09-06,11.071
1988-09-07,8.174
1988-09-08,5.482
1988-09-09,3.46
1988-09-10,14.073
1988-09-11,10.841
1988-09-12,14.296
1988-09-13,7.052
1988-09-14,13.196
1988-09-15,15.283
1988-09-16,5.784
1988-09-17,10.25
1988-09-18,5.004
1988-09-19,8.331
1988-09-20,14.63
1988-09-21,6.829
1988-09-22,9.93
1988-09-23,8.267
1988-09-24,5.304
1988-09-25,6.389
1988-09-26,10.562
1988-09-27,11.647
1988-09-28,15.701
1988-09-29,13.354
1988-09-30,12.18
1988-10-01,12.781
1988-10-02,11.563
1988-10-03,12.623
1988-10-04,14.277
1988-10-05,13.562
1988-10-06,14.399
1988-10-07,10.414
1988-10-08,7.8
1988-10-09,11.262
1988-10-10,8.8
1988-10-11,6.049
1988-10-12,14.638
1988-10-13,11.498
1988-10-14,11.005
1988-10-15,16.35
1988-10-16,16.082
1988-10-17,6.403
1988-10-18,10.694
1988-10-19,15.403
1988-10-20,7.837
1988-10-21,15.747
1988-10-22,14.704
1988-10-23,13.743
1988-10-24,14.987
1988-10-25,3.448
1988-10-26,3.741
1988-10-27,10.893
1988-10-28,9.646
1988-10-29,5.785
1988-10-30,4.885
1988-10-31,7.87
1988-11-01,6.211
1988-11-02,7.752
1988-11-03,6.57
1988-11-04,8.321
1988-11-05,5.018
1988-11-06,5.809
1988-11-07,8.007
1988-11-08,4.174
1988-11-09,3.91
1988-11-10,15.843
1988-11-11,5.938
1988-11-12,9.052
1988-11-13,6.619
1988-11-14,8.848
1988-11-15,5.119
1988-11-16,5.66
1988-11-17,5.103
1988-11-18,9.845
1988-11-19,8.064
1988-11-20,10.419
1988-11-21,10.313
1988-11-22,8.897
1988-11-23,9.587
1988-11-24,14.81
1988-11-25,13.29
1988-11-26,5.838
1988-11-27,3.868
1988-11-28,16.331
1988-11-29,8.949
1988-11-30,4.774
1988-12-01,5.67
1988-12-02,10.223
1988-12-03,8.492
1988-12-04,3.42
1988-12-05,5.335
1988-12-06,12.428
1988-12-07,7.097
1988-12-08,6.618
1988-12-09,6.028
1988-12-10,11.427
1988-12-11,10.815
1988-12-12,6.473
1988-12-13,8.644
1988-12-14,8.978
1988-12-15,4.946
1988-12-16,13.795
1988-12-17,6.117
1988-12-18,9.951
1988-12-19,13.537
1988-12-20,10.907
1988-12-21,13.292
1988-12-22,13.624
1988-12-23,10.398
1988-12-24,15.882
1988-12-25,11.295
1988-12-26,3.92
1988-12-27,14.181
1988-12-28,6.438
1988-12-29,10.398
1988-12-30,6.312
1988-12-31,9.032
1989-01-01,15.771
1989-01-02,6.861
1989-01-03,8.591
1989-01-04,13.962
1989-01-05,6.255
1989-01-06,7.36
1989-01-07,11.42
1989-01-08,8.286
1989-01-09,5.697
1989-01-10,4.58
1989-01-11,11.741
1989-01-12,6.191
1989-01-13,10.133
1989-01-14,11.285
1989-01-15,7.02
1989-01-16,13.17
1989-01-17,3.951
1989-01-18,10.672
1989-01-19,6.735
1989-01-20,3.818
1989-01-21,11.132
1989-01-22,10.174
1989-01-23,10.861
1989-01-24,8.536
1989-01-25,4.552
1989-01-26,8.244
1989-01-27,15.17
1989-01-28,3.707
1989-01-29,13.04
1989-01-30,4.434
1989-01-31,15.674
1989-02-01,3.667
1989-02-02,11.869
1989-02-03,5.845
1989-02-04,12.97
1989-02-05,12.034
1989-02-06,11.921
1989-02-07,6.344
1989-02-08,13.9
1989-02-09,9.392
1989-02-10,11.629
1989-02-11,8.213
1989-02-12,6.437
1989-02-13,9.513
1989-02-14,12.584
1989-02-15,3.6
1989-02-16,9.908
1989-02-17,5.318
1989-02-18,5.744
1989-02-19,16.279
1989-02-20,16.173
1989-02-21,7.019
1989-02-22,6.168
1989-02-23,7.259
1989-02-24,15.401
1989-02-25,4.553
1989-02-26,11.91
1989-02-27,6.736
1989-02-28,13.212
1989-03-01,12.918
1989-03-02,14.42
1989-03-03,9.85
1989-03-04,8.815
1989-03-05,8.567
1989-03-06,15.814
1989-03-07,9.374
1989-03-08,11.459
1989-03-09,10.32
1989-03-10,6.186
1989-03-11,12.372
1989-03-12,4.496
1989-03-13,11.346
1989-03-14,7.104
1989-03-15,6.416
1989-03-16,15.725
1989-03-17,11.164
1989-03-18,12.349
1989-03-19,7.341
1989-03-20,15.706
1989-03-21,14.329
1989-03-22,5.753
1989-03-23,12.461
1989-03-24,4.923
1989-03-25,8.951
1989-03-26,13.185
1989-03-27,12.953
1989-03-28,13.139
1989-03-29,8.392
1989-03-30,11.611
1989-03-31,6.333
1989-04-01,14.343
1989-04-02,8.896
1989-04-03,10.285
1989-04-04,5.923
1989-04-05,6.139
1989-04-06,4.127
1989-04-07,14.124
1989-04-08,7.003
1989-04-09,11.461
1989-04-10,8.156
1989-04-11,15.179
1989-04-12,11.3
1989-04-13,10.742
1989-04-14,8.052
1989-04-15,15.02
1989-04-16,5.599
1989-04-17,6.963
1989-04-18,8.304
1989-04-19,5.339
1989-04-20,4.604
1989-04-21,10.377
1989-04-22,5.877
1989-04-23,3.523
1989-04-24,4.111
1989-04-25,14.718
1989-04-26,11.667
1989-04-27,13.668
1989-04-28,11.253
1989-04-29,5.053
1989-04-30,5.576
1989-05-01,12.682
1989-05-02,12.655
1989-05-03,13.18
1989-05-04,15.206
1989-05-05,16.385
1989-05-06,13.048
1989-05-07,4.17
1989-05-08,9.252
1989-05-09,9.441
1989-05-10,11.786
1989-05-11,16.349
1989-05-12,10.22
1989-05-13,8.017
1989-05-14,11.904
1989-05-15,3.509
1989-05-16,15.267
1989-05-17,5.862
1989-05-18,3.518
1989-05-19,7.005
1989-05-20,11.694
1989-05-21,7.897
1989-05-22,11.714
1989-05-23,8.808
1989-05-24,8.397
1989-05-25,4.216
1989-05-26,12.242
1989-05-27,3.966
1989-05-28,8.425
1989-05-29,6.259
1989-05-30,6.004
1989-05-31,9.091
1989-06-01,4.778
1989-06-02,11.903
1989-06-03,3.54
1989-06-04,13.422
1989-06-05,14.265
1989-06-06,14.495
1989-06-07,13.118
1989-06-08,9.502
1989-06-09,6.059
1989-06-10,9.672
1989-06-11,4.578
1989-06-12,9.621
1989-06-13,11.546
1989-06-14,4.516
1989-06-15,11.183
1989-06-16,11.422
1989-06-17,9.616
1989-06-18,11.401
1989-06-19,12.034
1989-06-20,16.242
1989-06-21,10.383
1989-06-22,10.243
1989-06-23,9.757
1989-06-24,9.374
1989-06-25,11.65
1989-06-26,14.072
1989-06-27,12.923
1989-06-28,8.752
1989-06-29,11.286
1989-06-30,7.007
1989-07-01,11.679
1989-07-02,8.844
1989-07-03,4.328
1989-07-04,13.45
1989-07-05,10.119
1989-07-06,15.936
1989-07-07,16.262
1989-07-08,12.693
1989-07-09,13.309
1989-07-10,15.608
1989-07-11,9.331
1989-07-12,6.484
1989-07-13,7.866
1989-07-14,10.495
1989-07-15,8.483
1989-07-16,12.249
1989-07-17,14.501
1989-07-18,12.547
1989-07-19,5.931
1989-07-20,10.279
1989-07-21,3.484
1989-07-22,8.407
1989-07-23,6.48
1989-07-24,4.713
1989-07-25,15.743
1989-07-26,16.095
1989-07-27,13.122
1989-07-28,5.354
1989-07-29,15.675
1989-07-30,7.587
1989-07-31,6.375
1989-08-01,12.906
1989-08-02,14.547
1989-08-03,3.805
1989-08-04,6.632
1989-08-05,10.798
1989-08-06,12.906
1989-08-07,12.121
1989-08-08,4.006
1989-08-09,3.651
1989-08-10,6.652
1989-08-11,5.911
1989-08-12,10.607
1989-08-13,3.862
1989-08-14,15.244
1989-08-15,12.186
1989-08-16,13.872
1989-08-17,6.594
1989-08-18,8.747
1989-08-19,8.593
1989-08-20,11.868
1989-08-21,10.748
1989-08-22,5.305
1989-08-23,8.586
1989-08-24,4.158
1989-08-25,15.054
1989-08-26,8.91
1989-08-27,14.855
1989-08-28,4.999
1989-08-29,9.99
1989-08-30,3.924
1989-08-31,16.01
1989-09-01,5.905
1989-09-02,8.284
1989-09-03,12.948
1989-09-04,6.417
1989-09-05,15.621
1989-09-06,9.216
1989-09-07,11.265
1989-09-08,16.286
1989-09-09,10.849
1989-09-10,11.659
1989-09-11,15.68
1989-09-12,15.7
1989-09-13,7.575
1989-09-14,8.934
1989-09-15,10.694
1989-09-16,5.557
1989-09-17,5.81
1989-09-18,15.125
1989-09-19,11.946
1989-09-20,13.626
1989-09-21,14.537
1989-09-22,12.787
1989-09-23,7.234
1989-09-24,7.047
1989-09-25,14.776
1989-09-26,8.271
1989-09-27,11.451
1989-09-28,6.741
1989-09-29,7.522
1989-09-30,8.895
1989-10-01,11.448
1989-10-02,13.425
1989-10-03,14.91
1989-10-04,5.636
1989-10-05,16.068
1989-10-06,10.217
1989-10-07,11.314
1989-10-08,5.965
1989-10-09,13.471
1989-10-10,9.465
1989-10-11,15.676
1989-10-12,7.017
1989-10-13,15.653
1989-10-14,4.793
1989-10-15,5.062
1989-10-16,14.969
1989-10-17,9.259
1989-10-18,4.487
1989-10-19,13.809
1989-10-20,11.312
1989-10-21,12.381
1989-10-22,6.097
1989-10-23,13.71
1989-10-24,3.518
1989-10-25,6.98
1989-10-26,5.461
1989-10-27,11.216
1989-10-28,8.107
1989-10-29,13.906
1989-10-30,10.941
1989-10-31,12.542
1989-11-01,16.098
1989-11-02,6.739
1989-11-03,16.276
1989-11-04,13.057
1989-11-05,11.974
1989-11-06,8.589
1989-11-07,9.743
1989-11-08,15.747
1989-11-09,16.181
1989-11-10,9.926
1989-11-11,12.193
1989-11-12,4.917
1989-11-13,10.846
1989-11-14,11.578
1989-11-15,14.901
1989-11-16,4.996
1989-11-17,16.364
1989-11-18,13.836
1989-11-19,16.15
1989-11-20,4.598
1989-11-21,13.574
1989-11-22,9.103
1989-11-23,4.104
1989-11-24,9.418
1989-11-25,13.267
1989-11-26,4.398
1989-11-27,11.307
1989-11-28,6.692
1989-11-29,12.019
1989-11-30,9.957
1989-12-01,11.211
1989-12-02,4.084
1989-12-03,8.169
1989-12-04,3.607
1989-12-05,11.735
1989-12-06,3.88
1989-12-07,5.978
1989-12-08,13.82
1989-12-09,4.483
1989-12-10,8.05
1989-12-11,9.776
1989-12-12,5.408
1989-12-13,6.252
1989-12-14,5.222
1989-12-15,3.901
1989-12-16,14.209
1989-12-17,5.354
1989-12-18,4.881
1989-12-19,11.356
1989-12-20,12.863
1989-12-21,13.312
1989-12-22,11.222
1989-12-23,8.04
1989-12-24,12.448
1989-12-25,12.779
1989-12-26,15.37
1989-12-27,12.418
1989-12-28,15.0
1989-12-29,12.344
1989-12-30,7.855
1989-12-31,6.079
1990-01-01,16.124
1990-01-02,10.853
1990-01-03,8.766
1990-01-04,5.241
1990-01-05,11.646
1990-01-06,15.308
1990-01-07,4.392
1990-01-08,5.779
1990-01-09,15.52
1990-01-10,13.789
1990-01-11,12.702
1990-01-12,16.023
1990-01-13,4.881
1990-01-14,14.567
1990-01-15,9.224
1990-01-16,13.212
1990-01-17,15.935
1990-01-18,16.281
1990-01-19,13.506
1990-01-20,5.955
1990-01-21,15.783
1990-01-22,7.117
1990-01-23,6.212
1990-01-24,4.539
1990-01-25,12.958
1990-01-26,12.529
1990-01-27,3.851
1990-01-28,3.47
1990-01-29,6.614
1990-01-30,8.245
1990-01-31,13.867
1990-02-01,7.455
1990-02-02,15.929
1990-02-03,8.609
1990-02-04,6.94
1990-02-05,5.674
1990-02-06,7.229
1990-02-07,12.759
1990-02-08,10.993
1990-02-09,6.339
1990-02-10,12.46
1990-02-11,4.845
1990-02-12,15.524
1990-02-13,12.849
1990-02-14,16.15
1990-02-15,8.18
1990-02-16,5.526
1990-02-17,14.676
1990-02-18,6.927
1990-02-19,12.768
1990-02-20,12.465
1990-02-21,11.234
1990-02-22,7.065
1990-02-23,4.275
1990-02-24,8.529
1990-02-25,14.55
1990-02-26,9.321
1990-02-27,12.12
1990-02-28,9.835
1990-03-01,3.724
1990-03-02,6.901
1990-03-03,8.423
1990-03-04,15.651
1990-03-05,13.577
1990-03-06,7.791
1990-03-07,10.653
1990-03-08,4.46
1990-03-09,6.21
1990-03-10,5.98
1990-03-11,4.074
1990-03-12,14.71
1990-03-13,9.533
1990-03-14,7.959
1990-03-15,15.56
1990-03-16,12.985
1990-03-17,13.241
1990-03-18,15.772
1990-03-19,4.52
1990-03-20,8.96
1990-03-21,10.239
1990-03-22,9.743
1990-03-23,13.127
1990-03-24,6.68
1990-03-25,6.534
1990-03-26,3.501
1990-03-27,6.646
1990-03-28,8.443
1990-03-29,12.882
1990-03-30,7.025
1990-03-31,12.787
1990-04-01,10.395
1990-04-02,6.319
1990-04-03,16.379
1990-04-04,5.987
1990-04-05,15.319
1990-04-06,4.139
1990-04-07,9.648
1990-04-08,15.603
1990-04-09,16.206
1990-04-10,10.812
1990-04-11,4.942
1990-04-12,15.963
1990-04-13,6.052
1990-04-14,4.86
1990-04-15,7.729
1990-04-16,15.251
1990-04-17,6.874
1990-04-18,6.029
1990-04-19,6.104
1990-04-20,11.035
1990-04-21,14.824
1990-04-22,14.308
1990-04-23,10.588
1990-04-24,7.856
1990-04-25,9.17
1990-04-26,13.581
1990-04-27,7.261
1990-04-28,7.95
1990-04-29,6.871
1990-04-30,4.359
1990-05-01,14.162
1990-05-02,15.135
1990-05-03,14.409
1990-05-04,9.533
1990-05-05,9.936
1990-05-06,9.964
1990-05-07,7.354
1990-05-08,6.42
1990-05-09,10.531
1990-05-10,3.821
1990-05-11,3.935
1990-05-12,10.426
1990-05-13,10.015
1990-05-14,7.965
1990-05-15,12.154
1990-05-16,3.907
1990-05-17,16.267
1990-05-18,11.459
1990-05-19,10.183
1990-05-20,14.967
1990-05-21,13.791
1990-05-22,11.906
1990-05-23,10.236
1990-05-24,13.691
1990-05-25,16.169
1990-05-26,5.001
1990-05-27,6.75
1990-05-28,15.222
1990-05-29,6.553
1990-05-30,10.965
1990-05-31,4.087
1990-06-01,14.293
1990-06-02,3.515
1990-06-03,14.797
1990-06-04,13.491
1990-06-05,4.096
1990-06-06,3.608
1990-06-07,7.225
1990-06-08,14.366
1990-06-09,11.199
1990-06-10,5.233
1990-06-11,7.736
1990-06-12,3.916
1990-06-13,10.866
1990-06-14,13.255
1990-06-15,3.774
1990-06-16,9.932
1990-06-17,12.516
1990-06-18,14.624
1990-06-19,7.606
1990-06-20,10.619
1990-06-21,10.332
1990-06-22,8.382
1990-06-23,4.414
1990-06-24,8.559
1990-06-25,12.435
1990-06-26,11.956
1990-06-27,9.913
1990-06-28,8.877
1990-06-29,12.514
1990-06-30,3.799
1990-07-01,12.577
1990-07-02,5.352
1990-07-03,12.437
1990-07-04,3.894
1990-07-05,5.394
1990-07-06,11.901
1990-07-07,4.562
1990-07-08,8.442
1990-07-09,6.18
1990-07-10,10.654
1990-07-11,4.171
1990-07-12,6.034
1990-07-13,12.858
1990-07-14,6.68
1990-07-15,9.579
1990-07-16,9.839
1990-07-17,4.666
1990-07-18,11.518
1990-07-19,12.853
1990-07-20,13.406
1990-07-21,7.188
1990-07-22,10.397
1990-07-23,8.599
1990-07-24,13.065
1990-07-25,14.877
1990-07-26,13.451
1990-07-27,11.046
1990-07-28,6.467
1990-07-29,15.926
1990-07-30,14.75
1990-07-31,9.685
1990-08-01,9.169
1990-08-02,11.125
1990-08-03,7.118
1990-08-04,7.327
1990-08-05,6.155
1990-08-06,15.852
1990-08-07,6.175
1990-08-08,4.423
1990-08-09,14.657
1990-08-10,14.296
1990-08-11,4.144
1990-08-12,5.04
1990-08-13,11.3
1990-08-14,15.386
1990-08-15,14.877
1990-08-16,6.196
1990-08-17,9.628
1990-08-18,11.754
1990-08-19,11.943
1990-08-20,9.141
1990-08-21,7.055
1990-08-22,11.423
1990-08-23,12.543
1990-08-24,11.759
1990-08-25,12.927
1990-08-26,10.859
1990-08-27,8.784
1990-08-28,14.566
1990-08-29,8.718
1990-08-30,7.958
1990-08-31,12.921
1990-09-01,7.916
1990-09-02,11.524
1990-09-03,11.126
1990-09-04,15.027
1990-09-05,16.037
1990-09-06,3.643
1990-09-07,12.275
1990-09-08,5.505
1990-09-09,7.085
1990-09-10,12.388
1990-09-11,11.013
1990-09-12,4.668
1990-09-13,5.778
1990-09-14,12.828
1990-09-15,5.239
1990-09-16,13.197
1990-09-17,10.443
1990-09-18,9.548
1990-09-19,4.832
1990-09-20,6.409
1990-09-21,13.158
1990-09-22,3.728
1990-09-23,16.337
1990-09-24,5.104
1990-09-25,6.712
1990-09-26,15.163
1990-09-27,12.866
1990-09-28,11.345
1990-09-29,10.821
1990-09-30,16.365
1990-10-01,9.724
1990-10-02,13.99
1990-10-03,7.672
1990-10-04,14.516
1990-10-05,7.849
1990-10-06,7.58
1990-10-07,14.227
1990-10-08,5.803
1990-10-09,4.214
1990-10-10,10.336
1990-10-11,6.329
1990-10-12,4.421
1990-10-13,9.67
1990-10-14,15.779
1990-10-15,15.541
1990-10-16,5.286
1990-10-17,10.031
1990-10-18,11.289
1990-10-19,7.724
1990-10-20,8.747
1990-10-21,12.462
1990-10-22,4.953
1990-10-23,15.801
1990-10-24,8.469
1990-10-25,8.422
1990-10-26,9.545
1990-10-27,3.797
1990-10-28,13.54
1990-10-29,6.488
1990-10-30,14.291
1990-10-31,8.933
1990-11-01,13.169
1990-11-02,8.659
1990-11-03,12.891
1990-11-04,8.728
1990-11-05,3.883
1990-11-06,11.1
1990-11-07,9.868
1990-11-08,15.737
1990-11-09,6.656
1990-11-10,12.162
1990-11-11,12.695
1990-11-12,6.557
1990-11-13,4.207
1990-11-14,4.007
1990-11-15,8.63
1990-11-16,14.418
1990-11-17,12.612
1990-11-18,6.56
1990-11-19,5.043
1990-11-20,4.614
1990-11-21,13.374
1990-11-22,9.5
1990-11-23,7.077
1990-11-24,14.928
1990-11-25,11.967
1990-11-26,16.283
1990-11-27,5.707
1990-11-28,12.012
1990-11-29,6.986
1990-11-30,10.383
1990-12-01,14.837
1990-12-02,8.403
1990-12-03,5.814
1990-12-04,13.034
1990-12-05,4.687
1990-12-06,16.405
1990-12-07,13.357
1990-12-08,3.948
1990-12-09,8.569
1990-12-10,10.032
1990-12-11,9.581
1990-12-12,10.266
1990-12-13,8.097
1990-12-14,8.822
1990-12-15,4.005
1990-12-16,7.391
1990-12-17,13.707
1990-12-18,6.459
1990-12-19,9.488
1990-12-20,9.025
1990-12-21,15.618
1990-12-22,9.252
1990-12-23,11.375
1990-12-24,14.148
1990-12-25,13.971
1990-12-26,4.986
1990-12-27,7.742
1990-12-28,16.319
1990-12-29,14.023
1990-12-30,15.88
1990-12-31,15.821
1991-01-01,10.366
1991-01-02,7.068
1991-01-03,4.128
1991-01-04,15.928
1991-01-05,7.354
1991-01-06,14.606
1991-01-07,13.922
1991-01-08,8.642
1991-01-09,4.409
1991-01-10,15.249
1991-01-11,3.909
1991-01-12,11.332
1991-01-13,5.466
1991-01-14,9.202
1991-01-15,13.559
1991-01-16,10.371
1991-01-17,6.901
1991-01-18,12.578
1991-01-19,13.749
1991-01-20,8.332
1991-01-21,4.802
1991-01-22,6.572
1991-01-23,4.665
1991-01-24,11.181
1991-01-25,11.202
1991-01-26,9.509
1991-01-27,14.408
1991-01-28,6.694
1991-01-29,14.1
1991-01-30,12.888
1991-01-31,11.964
1991-02-01,15.237
1991-02-02,11.411
1991-02-03,7.891
1991-02-04,12.269
1991-02-05,12.133
1991-02-06,7.004
1991-02-07,11.032
1991-02-08,16.08
1991-02-09,12.509
1991-02-10,12.283
1991-02-11,5.127
1991-02-12,13.349
1991-02-13,7.755
1991-02-14,7.26
1991-02-15,10.187
1991-02-16,3.714
1991-02-17,5.565
1991-02-18,14.219
1991-02-19,3.519
1991-02-20,16.248
1991-02-21,5.769
1991-02-22,14.135
1991-02-23,4.698
1991-02-24,14.919
1991-02-25,8.425
1991-02-26,14.758
1991-02-27,15.091
1991-02-28,10.625
1991-03-01,8.231
1991-03-02,8.151
1991-03-03,16.366
1991-03-04,6.177
1991-03-05,4.06
1991-03-06,9.636
1991-03-07,4.569
1991-03-08,16.248
1991-03-09,11.338
1991-03-10,11.872
1991-03-11,8.199
1991-03-12,16.148
1991-03-13,8.445
1991-03-14,8.363
1991-03-15,12.458
1991-03-16,14.538
1991-03-17,7.802
1991-03-18,9.762
1991-03-19,8.039
1991-03-20,12.707
1991-03-21,14.972
1991-03-22,6.943
1991-03-23,7.895
1991-03-24,6.073
1991-03-25,14.555
1991-03-26,14.001
1991-03-27,16.061
1991-03-28,14.838
1991-03-29,7.185
1991-03-30,7.336
1991-03-31,13.818
1991-04-01,3.98
1991-04-02,13.507
1991-04-03,9.62
1991-04-04,14.485
1991-04-05,5.416
1991-04-06,6.238
1991-04-07,11.99
1991-04-08,14.686
1991-04-09,9.399
1991-04-10,15.742
1991-04-11,13.26
1991-04-12,10.328
1991-04-13,8.524
1991-04-14,16.121
1991-04-15,13.551
1991-04-16,14.636
1991-04-17,15.963
1991-04-18,5.715
1991-04-19,14.145
1991-04-20,9.7
1991-04-21,15.849
1991-04-22,16.38
1991-04-23,5.091
1991-04-24,13.489
1991-04-25,16.192
1991-04-26,12.162
1991-04-27,7.557
1991-04-28,8.211
1991-04-29,10.557
1991-04-30,6.289
1991-05-01,8.138
1991-05-02,9.405
1991-05-03,14.595
1991-05-04,13.971
1991-05-05,15.687
1991-05-06,8.21
1991-05-07,4.485
1991-05-08,10.959
1991-05-09,8.273
1991-05-10,9.054
1991-05-11,15.978
1991-05-12,6.226
1991-05-13,15.299
1991-05-14,9.618
1991-05-15,15.545
1991-05-16,7.604
1991-05-17,5.057
1991-05-18,11.737
1991-05-19,16.363
1991-05-20,13.047
1991-05-21,12.511
1991-05-22,8.67
1991-05-23,5.424
1991-05-24,11.614
1991-05-25,11.469
1991-05-26,15.583
1991-05-27,9.8
1991-05-28,8.222
1991-05-29,7.386
1991-05-30,15.31
1991-05-31,15.235
1991-06-01,4.821
1991-06-02,14.588
1991-06-03,12.486
1991-06-04,12.83
1991-06-05,13.276
1991-06-06,12.758
1991-06-07,7.488
1991-06-08,11.91
1991-06-09,11.098
1991-06-10,3.444
1991-06-11,9.796
1991-06-12,15.703
1991-06-13,4.565
1991-06-14,7.794
1991-06-15,12.879
1991-06-16,9.197
1991-06-17,3.61
1991-06-18,5.892
1991-06-19,4.293
1991-06-20,14.443
1991-06-21,15.264
1991-06-22,8.192
1991-06-23,15.807
1991-06-24,8.487
1991-06-25,14.65
1991-06-26,13.291
1991-06-27,15.089
1991-06-28,7.925
1991-06-29,7.939
1991-06-30,14.611
1991-07-01,13.974
1991-07-02,14.973
1991-07-03,3.512
1991-07-04,6.462
1991-07-05,6.423
1991-07-06,5.28
1991-07-07,16.024
1991-07-08,14.89
1991-07-09,3.93
1991-07-10,10.966
1991-07-11,7.973
1991-07-12,14.473
1991-07-13,4.961
1991-07-14,5.142
1991-07-15,11.779
1991-07-16,13.124
1991-07-17,10.819
1991-07-18,4.768
1991-07-19,12.728
1991-07-20,11.267
1991-07-21,5.271
1991-07-22,13.83
1991-07-23,5.914
1991-07-24,6.397
1991-07-25,13.809
1991-07-26,8.367
1991-07-27,4.43
1991-07-28,10.648
1991-07-29,8.033
1991-07-30,12.506
1991-07-31,11.221
1991-08-01,12.264
1991-08-02,9.729
1991-08-03,8.647
1991-08-04,7.118
1991-08-05,8.918
1991-08-06,9.764
1991-08-07,6.15
1991-08-08,5.118
1991-08-09,4.795
1991-08-10,13.92
1991-08-11,5.677
1991-08-12,8.142
1991-08-13,14.575
1991-08-14,4.337
1991-08-15,4.046
1991-08-16,13.031
1991-08-17,13.144
1991-08-18,9.319
1991-08-19,5.774
1991-08-20,8.039
1991-08-21,12.161
1991-08-22,5.037
1991-08-23,8.568
1991-08-24,5.326
1991-08-25,3.897
1991-08-26,4.379
1991-08-27,6.251
1991-08-28,14.876
1991-08-29,11.828
1991-08-30,13.229
1991-08-31,14.084
1991-09-01,12.974
1991-09-02,14.493
1991-09-03,14.451
1991-09-04,14.82
1991-09-05,6.097
1991-09-06,10.076
1991-09-07,9.716
1991-09-08,9.938
1991-09-09,7.012
1991-09-10,15.823
1991-09-11,13.908
1991-09-12,16.248
1991-09-13,12.094
1991-09-14,12.762
1991-09-15,4.398
1991-09-16,10.703
1991-09-17,15.679
1991-09-18,12.309
1991-09-19,6.81
1991-09-20,14.329
1991-09-21,11.329
1991-09-22,3.747
1991-09-23,7.363
1991-09-24,5.51
1991-09-25,15.248
1991-09-26,4.498
1991-09-27,14.96
1991-09-28,9.81
1991-09-29,14.336
1991-09-30,10.357
1991-10-01,5.251
1991-10-02,15.401
1991-10-03,10.606
1991-10-04,10.921
1991-10-05,10.963
1991-10-06,8.774
1991-10-07,7.432
1991-10-08,10.661
1991-10-09,7.676
1991-10-10,9.029
1991-10-11,3.616
1991-10-12,7.6
1991-10-13,7.332
1991-10-14,11.097
1991-10-15,12.068
1991-10-16,12.79
1991-10-17,16.272
1991-10-18,15.437
1991-10-19,9.949
1991-10-20,14.983
1991-10-21,10.187
1991-10-22,4.362
1991-10-23,14.558
1991-10-24,5.918
1991-10-25,11.979
1991-10-26,8.347
1991-10-27,6.086
1991-10-28,14.303
1991-10-29,3.574
1991-10-30,9.713
1991-10-31,10.395
1991-11-01,5.634
1991-11-02,9.703
1991-11-03,9.741
1991-11-04,4.808
1991-11-05,5.37
1991-11-06,7.059
1991-11-07,10.846
1991-11-08,4.649
1991-11-09,16.103
1991-11-10,7.224
1991-11-11,16.268
1991-11-12,7.359
1991-11-13,13.427
1991-11-14,16.071
1991-11-15,11.0
1991-11-16,8.652
1991-11-17,11.652
1991-11-18,8.53
1991-11-19,9.065
1991-11-20,15.156
1991-11-21,13.341
1991-11-22,8.282
1991-11-23,6.021
1991-11-24,4.997
1991-11-25,5.819
1991-11-26,14.715
1991-11-27,13.529
1991-11-28,5.757
1991-11-29,12.721
1991-11-30,6.425
1991-12-01,11.466
1991-12-02,9.271
1991-12-03,8.269
1991-12-04,3.877
1991-12-05,3.584
1991-12-06,10.012
1991-12-07,6.852
1991-12-08,12.029
1991-12-09,3.493
1991-12-10,11.253
1991-12-11,4.122
1991-12-12,4.21
1991-12-13,12.366
1991-12-14,10.241
1991-12-15,13.04
1991-12-16,14.33
1991-12-17,11.996
1991-12-18,11.264
1991-12-19,9.708
1991-12-20,12.203
1991-12-21,8.477
1991-12-22,7.164
1991-12-23,7.354
1991-12-24,11.679
1991-12-25,14.094
1991-12-26,3.559
1991-12-27,9.741
1991-12-28,4.592
1991-12-29,13.917
1991-12-30,4.663
1991-12-31,10.543
1992-01-01,11.296
1992-01-02,4.16
1992-01-03,3.414
1992-01-04,12.127
1992-01-05,15.388
1992-01-06,14.493
1992-01-07,11.916
1992-01-08,11.105
1992-01-09,12.722
1992-01-10,10.831
1992-01-11,13.158
1992-01-12,15.321
1992-01-13,10.727
1992-01-14,13.698
1992-01-15,3.398
1992-01-16,5.511
1992-01-17,12.745
1992-01-18,6.948
1992-01-19,15.702
1992-01-20,4.573
1992-01-21,9.02
1992-01-22,4.303
1992-01-23,3.737
1992-01-24,7.573
1992-01-25,14.272
1992-01-26,9.021
1992-01-27,8.026
1992-01-28,5.818
1992-01-29,15.862
1992-01-30,12.381
1992-01-31,5.797
1992-02-01,4.906
1992-02-02,6.697
1992-02-03,7.593
1992-02-04,6.797
1992-02-05,6.419
1992-02-06,13.813
1992-02-07,5.623
1992-02-08,15.337
1992-02-09,3.449
1992-02-10,7.698
1992-02-11,13.652
1992-02-12,9.788
1992-02-13,8.339
1992-02-14,13.304
1992-02-15,4.119
1992-02-16,9.311
1992-02-17,16.065
1992-02-18,14.988
1992-02-19,10.659
1992-02-20,15.589
1992-02-21,12.012
1992-02-22,14.896
1992-02-23,12.306
1992-02-24,14.054
1992-02-25,10.141
1992-02-26,9.252
1992-02-27,12.508
1992-02-28,11.925
1992-02-29,6.232
1992-03-01,9.595
1992-03-02,11.286
1992-03-03,7.251
1992-03-04,7.064
1992-03-05,8.125
1992-03-06,11.911
1992-03-07,13.891
1992-03-08,7.935
1992-03-09,7.107
1992-03-10,9.503
1992-03-11,15.741
1992-03-12,15.616
1992-03-13,8.699
1992-03-14,15.247
1992-03-15,8.501
1992-03-16,13.129
1992-03-17,9.973
1992-03-18,12.227
1992-03-19,7.852
1992-03-20,13.682
1992-03-21,14.523
1992-03-22,14.598
1992-03-23,11.193
1992-03-24,9.731
1992-03-25,11.805
1992-03-26,5.501
1992-03-27,13.723
1992-03-28,5.64
1992-03-29,6.032
1992-03-30,15.256
1992-03-31,5.625
1992-04-01,15.476
1992-04-02,5.002
1992-04-03,13.019
1992-04-04,10.433
1992-04-05,8.989
1992-04-06,15.079
1992-04-07,8.767
1992-04-08,14.086
1992-04-09,5.051
1992-04-10,7.21
1992-04-11,8.308
1992-04-12,7.956
1992-04-13,10.875
1992-04-14,7.268
1992-04-15,6.367
1992-04-16,4.092
1992-04-17,6.847
1992-04-18,9.373
1992-04-19,10.978
1992-04-20,3.963
1992-04-21,6.471
1992-04-22,15.573
1992-04-23,9.938
1992-04-24,7.909
1992-04-25,12.129
1992-04-26,5.758
1992-04-27,10.762
1992-04-28,8.326
1992-04-29,10.816
1992-04-30,7.531
1992-05-01,9.149
1992-05-02,13.009
1992-05-03,15.137
1992-05-04,7.599
1992-05-05,9.251
1992-05-06,5.76
1992-05-07,5.587
1992-05-08,6.553
1992-05-09,10.045
1992-05-10,9.53
1992-05-11,9.451
1992-05-12,7.78
1992-05-13,5.004
1992-05-14,12.549
1992-05-15,12.245
1992-05-16,11.968
1992-05-17,11.961
1992-05-18,15.334
1992-05-19,12.668
1992-05-20,12.701
1992-05-21,12.032
1992-05-22,5.552
1992-05-23,10.042
1992-05-24,16.002
1992-05-25,8.713
1992-05-26,8.058
1992-05-27,7.855
1992-05-28,10.603
1992-05-29,10.297
1992-05-30,13.139
1992-05-31,12.585
1992-06-01,14.118
1992-06-02,13.736
1992-06-03,4.78
1992-06-04,7.767
1992-06-05,4.317
1992-06-06,8.886
1992-06-07,4.836
1992-06-08,11.845
1992-06-09,9.989
1992-06-10,6.375
1992-06-11,5.296
1992-06-12,8.021
1992-06-13,15.945
1992-06-14,5.324
1992-06-15,13.159
1992-06-16,16.253
1992-06-17,14.554
1992-06-18,4.715
1992-06-19,10.535
1992-06-20,9.353
1992-06-21,8.6
1992-06-22,6.922
1992-06-23,7.428
1992-06-24,8.515
1992-06-25,3.367
1992-06-26,8.066
1992-06-27,5.167
1992-06-28,14.645
1992-06-29,8.561
1992-06-30,7.718
1992-07-01,7.403
1992-07-02,14.104
1992-07-03,3.367
1992-07-04,7.45
1992-07-05,6.546
1992-07-06,9.408
1992-07-07,5.913
1992-07-08,4.355
1992-07-09,4.83
1992-07-10,12.584
1992-07-11,8.901
1992-07-12,10.797
1992-07-13,8.165
1992-07-14,3.845
1992-07-15,10.418
1992-07-16,12.369
1992-07-17,14.858
1992-07-18,7.179
1992-07-19,8.051
1992-07-20,11.837
1992-07-21,7.933
1992-07-22,12.522
1992-07-23,13.659
1992-07-24,12.151
1992-07-25,13.312
1992-07-26,8.592
1992-07-27,10.503
1992-07-28,5.748
1992-07-29,5.089
1992-07-30,15.725
1992-07-31,14.619
1992-08-01,12.61
1992-08-02,8.382
1992-08-03,6.953
1992-08-04,6.591
1992-08-05,15.748
1992-08-06,15.746
1992-08-07,14.511
1992-08-08,3.56
1992-08-09,12.877
1992-08-10,3.482
1992-08-11,15.207
1992-08-12,13.982
1992-08-13,5.765
1992-08-14,4.988
1992-08-15,14.75
1992-08-16,4.75
1992-08-17,9.37
1992-08-18,12.174
1992-08-19,7.339
1992-08-20,12.95
1992-08-21,15.761
1992-08-22,10.907
1992-08-23,14.134
1992-08-24,13.116
1992-08-25,14.045
1992-08-26,11.901
1992-08-27,16.003
1992-08-28,10.208
1992-08-29,15.173
1992-08-30,11.624
1992-08-31,11.167
1992-09-01,4.935
1992-09-02,10.509
1992-09-03,8.791
1992-09-04,3.416
1992-09-05,6.23
1992-09-06,10.689
1992-09-07,7.819
1992-09-08,5.631
1992-09-09,8.06
1992-09-10,10.963
1992-09-11,8.247
1992-09-12,8.225
1992-09-13,3.522
1992-09-14,9.22
1992-09-15,6.959
1992-09-16,14.879
1992-09-17,6.562
1992-09-18,15.712
1992-09-19,10.617
1992-09-20,3.528
1992-09-21,7.787
1992-09-22,9.093
1992-09-23,6.926
1992-09-24,14.045
1992-09-25,5.839
1992-09-26,14.219
1992-09-27,15.983
1992-09-28,10.341
1992-09-29,12.92
1992-09-30,11.223
1992-10-01,7.789
1992-10-02,4.391
1992-10-03,11.556
1992-10-04,10.829
1992-10-05,10.819
1992-10-06,14.461
1992-10-07,9.185
1992-10-08,10.663
1992-10-09,5.016
1992-10-10,12.532
1992-10-11,10.171
1992-10-12,12.419
1992-10-13,12.867
1992-10-14,13.94
1992-10-15,11.574
1992-10-16,13.57
1992-10-17,8.304
1992-10-18,14.75
1992-10-19,10.572
1992-10-20,10.384
1992-10-21,11.871
1992-10-22,7.414
1992-10-23,16.392
1992-10-24,8.617
1992-10-25,9.151
1992-10-26,6.236
1992-10-27,15.627
1992-10-28,4.098
1992-10-29,14.79
1992-10-30,8.277
1992-10-31,4.701
1992-11-01,15.416
1992-11-02,8.8
1992-11-03,9.181
1992-11-04,9.361
1992-11-05,12.412
1992-11-06,6.728
1992-11-07,9.651
1992-11-08,9.069
1992-11-09,11.75
1992-11-10,14.099
1992-11-11,16.038
1992-11-12,5.566
1992-11-13,6.173
1992-11-14,6.241
1992-11-15,9.323
1992-11-16,4.068
1992-11-17,3.503
1992-11-18,12.033
1992-11-19,9.794
1992-11-20,11.262
1992-11-21,12.247
1992-11-22,13.048
1992-11-23,7.769
1992-11-24,3.592
1992-11-25,13.014
1992-11-26,13.381
1992-11-27,6.851
1992-11-28,11.101
1992-11-29,10.387
1992-11-30,5.723
1992-12-01,9.603
1992-12-02,5.329
1992-12-03,4.757
1992-12-04,12.232
1992-12-05,6.424
1992-12-06,16.401
1992-12-07,15.97
1992-12-08,13.663
1992-12-09,5.632
1992-12-10,11.966
1992-12-11,5.714
1992-12-12,8.033
1992-12-13,5.263
1992-12-14,15.088
1992-12-15,3.816
1992-12-16,5.089
1992-12-17,6.282
1992-12-18,9.494
1992-12-19,11.609
1992-12-20,12.118
1992-12-21,4.705
1992-12-22,9.259
1992-12-23,9.995
1992-12-24,13.6
1992-12-25,7.129
1992-12-26,11.283
1992-12-27,6.457
1992-12-28,5.417
1992-12-29,14.865
1992-12-30,10.109
1992-12-31,11.604
1993-01-01,8.122
1993-01-02,4.487
1993-01-03,13.758
1993-01-04,6.181
1993-01-05,13.565
1993-01-06,11.976
1993-01-07,8.025
1993-01-08,14.947
1993-01-09,12.858
1993-01-10,9.648
1993-01-11,9.776
1993-01-12,11.62
1993-01-13,8.145
1993-01-14,7.155
1993-01-15,10.247
1993-01-16,3.442
1993-01-17,9.373
1993-01-18,15.38
1993-01-19,7.111
1993-01-20,11.458
1993-01-21,7.699
1993-01-22,14.58
1993-01-23,6.519
1993-01-24,8.115
1993-01-25,6.597
1993-01-26,4.613
1993-01-27,15.013
1993-01-28,12.003
1993-01-29,6.528
1993-01-30,5.065
1993-01-31,16.008
1993-02-01,9.404
1993-02-02,8.224
1993-02-03,12.665
1993-02-04,12.363
1993-02-05,5.262
1993-02-06,16.305
1993-02-07,14.258
1993-02-08,5.719
1993-02-09,14.884
1993-02-10,4.584
1993-02-11,11.06
1993-02-12,16.118
1993-02-13,6.134
1993-02-14,12.739
1993-02-15,14.674
1993-02-16,5.379
1993-02-17,7.61
1993-02-18,9.109
1993-02-19,6.776
1993-02-20,3.6
1993-02-21,14.089
1993-02-22,13.037
1993-02-23,13.927
1993-02-24,12.843
1993-02-25,6.658
1993-02-26,14.013
1993-02-27,8.671
1993-02-28,9.984
1993-03-01,9.826
1993-03-02,4.83
1993-03-03,15.111
1993-03-04,5.135
1993-03-05,14.805
1993-03-06,15.788
1993-03-07,3.827
1993-03-08,8.939
1993-03-09,14.55
1993-03-10,7.115
1993-03-11,8.693
1993-03-12,13.116
1993-03-13,10.589
1993-03-14,12.785
1993-03-15,16.212
1993-03-16,14.644
1993-03-17,12.243
1993-03-18,11.887
1993-03-19,6.688
1993-03-20,12.673
1993-03-21,13.836
1993-03-22,5.791
1993-03-23,4.845
1993-03-24,15.503
1993-03-25,9.28
1993-03-26,5.194
1993-03-27,5.771
1993-03-28,15.115
1993-03-29,9.827
1993-03-30,13.464
1993-03-31,8.883
1993-04-01,15.974
1993-04-02,12.602
1993-04-03,13.861
1993-04-04,4.835
1993-04-05,12.982
1993-04-06,3.998
1993-04-07,12.433
1993-04-08,5.784
1993-04-09,12.695
1993-04-10,4.693
1993-04-11,16.118
1993-04-12,9.952
1993-04-13,9.441
1993-04-14,10.179
1993-04-15,11.77
1993-04-16,10.874
1993-04-17,11.748
1993-04-18,5.57
1993-04-19,8.687
1993-04-20,7.41
1993-04-21,12.994
1993-04-22,8.535
1993-04-23,10.959
1993-04-24,16.393
1993-04-25,4.109
1993-04-26,7.679
1993-04-27,14.8
1993-04-28,6.234
1993-04-29,12.953
1993-04-30,8.013
1993-05-01,9.58
1993-05-02,9.223
1993-05-03,4.888
1993-05-04,12.467
1993-05-05,15.568
1993-05-06,3.384
1993-05-07,11.393
1993-05-08,14.946
1993-05-09,10.699
1993-05-10,15.177
1993-05-11,13.543
1993-05-12,5.788
1993-05-13,11.341
1993-05-14,6.176
1993-05-15,14.226
1993-05-16,5.384
1993-05-17,8.238
1993-05-18,10.643
1993-05-19,7.523
1993-05-20,15.565
1993-05-21,6.96
1993-05-22,12.216
1993-05-23,7.715
1993-05-24,3.976
1993-05-25,15.723
1993-05-26,13.531
1993-05-27,11.976
1993-05-28,4.188
1993-05-29,15.379
1993-05-30,12.018
1993-05-31,14.118
1993-06-01,8.217
1993-06-02,7.338
1993-06-03,6.202
1993-06-04,11.954
1993-06-05,11.062
1993-06-06,16.019
1993-06-07,7.317
1993-06-08,6.592
1993-06-09,12.265
1993-06-10,9.91
1993-06-11,15.593
1993-06-12,7.282
1993-06-13,4.236
1993-06-14,12.488
1993-06-15,5.509
1993-06-16,12.698
1993-06-17,12.591
1993-06-18,6.987
1993-06-19,6.678
1993-06-20,14.752
1993-06-21,10.656
1993-06-22,12.276
1993-06-23,9.652
1993-06-24,7.6
1993-06-25,7.124
1993-06-26,9.154
1993-06-27,7.015
1993-06-28,10.625
1993-06-29,4.11
1993-06-30,15.441
1993-07-01,14.378
1993-07-02,5.13
1993-07-03,9.84
1993-07-04,6.918
1993-07-05,6.249
1993-07-06,16.159
1993-07-07,16.295
1993-07-08,11.665
1993-07-09,6.05
1993-07-10,9.101
1993-07-11,16.175
1993-07-12,10.781
1993-07-13,13.933
1993-07-14,15.182
1993-07-15,9.592
1993-07-16,9.444
1993-07-17,9.871
1993-07-18,4.362
1993-07-19,14.66
1993-07-20,9.47
1993-07-21,11.307
1993-07-22,16.228
1993-07-23,8.551
1993-07-24,15.35
1993-07-25,8.483
1993-07-26,6.826
1993-07-27,12.563
1993-07-28,4.667
1993-07-29,7.519
1993-07-30,12.711
1993-07-31,9.877
1993-08-01,16.237
1993-08-02,3.473
1993-08-03,11.075
1993-08-04,8.429
1993-08-05,12.525
1993-08-06,15.556
1993-08-07,11.125
1993-08-08,4.49
1993-08-09,8.255
1993-08-10,10.497
1993-08-11,9.538
1993-08-12,13.638
1993-08-13,4.979
1993-08-14,12.634
1993-08-15,13.064
1993-08-16,6.759
1993-08-17,10.831
1993-08-18,6.13
1993-08-19,3.922
1993-08-20,6.539
1993-08-21,5.257
1993-08-22,15.331
1993-08-23,5.66
1993-08-24,8.223
1993-08-25,13.887
1993-08-26,15.235
1993-08-27,9.333
1993-08-28,11.712
1993-08-29,15.249
1993-08-30,12.911
1993-08-31,6.275
1993-09-01,7.047
1993-09-02,8.513
1993-09-03,12.737
1993-09-04,14.218
1993-09-05,3.482
1993-09-06,8.577
1993-09-07,16.223
1993-09-08,9.053
1993-09-09,8.944
1993-09-10,14.848
1993-09-11,15.678
1993-09-12,10.843
1993-09-13,9.964
1993-09-14,4.609
1993-09-15,9.25
1993-09-16,15.39
1993-09-17,8.957
1993-09-18,3.682
1993-09-19,12.859
1993-09-20,10.431
1993-09-21,15.811
1993-09-22,11.269
1993-09-23,13.826
1993-09-24,6.552
1993-09-25,15.304
1993-09-26,12.977
1993-09-27,3.684
1993-09-28,7.79
1993-09-29,13.648
1993-09-30,10.217
1993-10-01,6.441
1993-10-02,12.332
1993-10-03,6.397
1993-10-04,6.102
1993-10-05,4.213
1993-10-06,11.173
1993-10-07,13.357
1993-10-08,13.988
1993-10-09,8.277
1993-10-10,14.813
1993-10-11,12.133
1993-10-12,14.554
1993-10-13,9.846
1993-10-14,3.501
1993-10-15,15.532
1993-10-16,12.822
1993-10-17,11.024
1993-10-18,5.608
1993-10-19,8.923
1993-10-20,14.942
1993-10-21,9.245
1993-10-22,9.699
1993-10-23,13.85
1993-10-24,14.074
1993-10-25,8.338
1993-10-26,14.468
1993-10-27,9.644
1993-10-28,6.693
1993-10-29,4.0
1993-10-30,12.672
1993-10-31,9.062
1993-11-01,7.449
1993-11-02,12.874
1993-11-03,4.589
1993-11-04,11.65
1993-11-05,6.555
1993-11-06,11.244
1993-11-07,16.291
1993-11-08,5.634
1993-11-09,8.089
1993-11-10,9.409
1993-11-11,10.148
1993-11-12,7.169
1993-11-13,6.382
1993-11-14,6.143
1993-11-15,11.259
1993-11-16,10.26
1993-11-17,10.092
1993-11-18,8.251
1993-11-19,10.123
1993-11-20,3.997
1993-11-21,10.074
1993-11-22,4.948
1993-11-23,9.078
1993-11-24,9.664
1993-11-25,8.474
1993-11-26,13.53
1993-11-27,4.558
1993-11-28,4.424
1993-11-29,3.401
1993-11-30,9.473
1993-12-01,3.457
1993-12-02,4.203
1993-12-03,14.844
1993-12-04,11.238
1993-12-05,12.278
1993-12-06,13.896
1993-12-07,10.202
1993-12-08,6.706
1993-12-09,15.515
1993-12-10,16.277
1993-12-11,10.971
1993-12-12,14.103
1993-12-13,14.171
1993-12-14,3.564
1993-12-15,14.823
1993-12-16,9.514
1993-12-17,13.425
1993-12-18,4.672
1993-12-19,6.335
1993-12-20,8.377
1993-12-21,7.547
1993-12-22,7.425
1993-12-23,6.639
1993-12-24,14.135
1993-12-25,7.002
1993-12-26,10.863
1993-12-27,10.881
1993-12-28,6.308
1993-12-29,12.236
1993-12-30,3.493
1993-12-31,5.173
1994-01-01,10.639
1994-01-02,14.295
1994-01-03,16.364
1994-01-04,13.781
1994-01-05,8.034
1994-01-06,12.686
1994-01-07,8.232
1994-01-08,3.648
1994-01-09,8.395
1994-01-10,3.459
1994-01-11,5.338
1994-01-12,8.249
1994-01-13,6.53
1994-01-14,15.472
1994-01-15,6.567
1994-01-16,11.56
1994-01-17,15.477
1994-01-18,16.061
1994-01-19,7.171
1994-01-20,6.057
1994-01-21,7.154
1994-01-22,5.098
1994-01-23,13.294
1994-01-24,10.136
1994-01-25,10.731
1994-01-26,13.076
1994-01-27,9.45
1994-01-28,13.23
1994-01-29,7.168
1994-01-30,9.47
1994-01-31,10.053
1994-02-01,9.882
1994-02-02,9.824
1994-02-03,4.999
1994-02-04,4.254
1994-02-05,13.363
1994-02-06,11.232
1994-02-07,4.158
1994-02-08,7.601
1994-02-09,4.8
1994-02-10,5.055
1994-02-11,12.149
1994-02-12,12.512
1994-02-13,7.116
1994-02-14,11.721
1994-02-15,10.015
1994-02-16,3.69
1994-02-17,4.914
1994-02-18,12.301
1994-02-19,8.444
1994-02-20,11.22
1994-02-21,16.188
1994-02-22,8.53
1994-02-23,5.495
1994-02-24,6.312
1994-02-25,5.298
1994-02-26,12.994
1994-02-27,6.417
1994-02-28,5.356
1994-03-01,12.807
1994-03-02,3.389
1994-03-03,13.621
1994-03-04,3.915
1994-03-05,10.837
1994-03-06,6.761
1994-03-07,10.978
1994-03-08,13.361
1994-03-09,15.067
1994-03-10,10.982
1994-03-11,12.22
1994-03-12,5.383
1994-03-13,6.207
1994-03-14,4.176
1994-03-15,3.951
1994-03-16,4.844
1994-03-17,13.894
1994-03-18,12.569
1994-03-19,8.832
1994-03-20,14.584
1994-03-21,12.212
1994-03-22,15.207
1994-03-23,14.019
1994-03-24,10.186
1994-03-25,5.887
1994-03-26,14.908
1994-03-27,8.863
1994-03-28,15.121
1994-03-29,3.472
1994-03-30,14.566
1994-03-31,8.679
1994-04-01,7.149
1994-04-02,4.691
1994-04-03,8.979
1994-04-04,6.967
1994-04-05,5.995
1994-04-06,5.056
1994-04-07,3.401
1994-04-08,4.18
1994-04-09,13.826
1994-04-10,6.065
1994-04-11,5.545
1994-04-12,3.542
1994-04-13,14.48
1994-04-14,5.426
1994-04-15,3.57
1994-04-16,11.946
1994-04-17,6.838
1994-04-18,13.968
1994-04-19,8.998
1994-04-20,12.09
1994-04-21,6.911
1994-04-22,14.615
1994-04-23,16.056
1994-04-24,16.287
1994-04-25,8.81
1994-04-26,5.65
1994-04-27,11.984
1994-04-28,12.138
1994-04-29,8.795
1994-04-30,11.981
1994-05-01,8.671
1994-05-02,8.756
1994-05-03,6.106
1994-05-04,13.123
1994-05-05,13.756
1994-05-06,15.325
1994-05-07,4.128
1994-05-08,11.509
1994-05-09,3.944
1994-05-10,4.359
1994-05-11,11.463
1994-05-12,16.299
1994-05-13,15.355
1994-05-14,6.328
1994-05-15,12.24
1994-05-16,11.022
1994-05-17,6.717
1994-05-18,5.696
1994-05-19,13.602
1994-05-20,16.09
1994-05-21,7.908
1994-05-22,14.672
1994-05-23,10.821
1994-05-24,12.148
1994-05-25,15.94
1994-05-26,7.123
1994-05-27,10.714
1994-05-28,9.841
1994-05-29,4.294
1994-05-30,11.837
1994-05-31,3.72
1994-06-01,9.339
1994-06-02,5.378
1994-06-03,6.375
1994-06-04,13.017
1994-06-05,6.583
1994-06-06,6.832
1994-06-07,8.626
1994-06-08,12.047
1994-06-09,6.35
1994-06-10,8.902
1994-06-11,10.058
1994-06-12,16.346
1994-06-13,5.79
1994-06-14,7.648
1994-06-15,13.831
1994-06-16,13.076
1994-06-17,10.662
1994-06-18,4.799
1994-06-19,16.199
1994-06-20,9.079
1994-06-21,7.557
1994-06-22,15.234
1994-06-23,11.304
1994-06-24,9.253
1994-06-25,9.034
1994-06-26,6.001
1994-06-27,10.821
1994-06-28,11.107
1994-06-29,4.351
1994-06-30,9.76
1994-07-01,5.523
1994-07-02,11.221
1994-07-03,7.523
1994-07-04,8.868
1994-07-05,14.795
1994-07-06,10.552
1994-07-07,16.172
1994-07-08,5.208
1994-07-09,4.105
1994-07-10,15.072
1994-07-11,10.09
1994-07-12,12.684
1994-07-13,9.063
1994-07-14,12.192
1994-07-15,7.979
1994-07-16,7.118
1994-07-17,5.722
1994-07-18,8.898
1994-07-19,11.343
1994-07-20,9.254
1994-07-21,15.87
1994-07-22,12.203
1994-07-23,11.929
1994-07-24,11.678
1994-07-25,9.896
1994-07-26,3.856
1994-07-27,12.572
1994-07-28,7.608
1994-07-29,9.217
1994-07-30,5.27
1994-07-31,10.489
1994-08-01,13.102
1994-08-02,12.36
1994-08-03,8.874
1994-08-04,13.403
1994-08-05,10.536
1994-08-06,15.953
1994-08-07,10.444
1994-08-08,10.234
1994-08-09,13.157
1994-08-10,4.045
1994-08-11,3.553
1994-08-12,13.628
1994-08-13,16.254
1994-08-14,10.316
1994-08-15,4.006
1994-08-16,5.511
1994-08-17,5.472
1994-08-18,5.62
1994-08-19,7.068
1994-08-20,4.394
1994-08-21,4.235
1994-08-22,5.901
1994-08-23,11.43
1994-08-24,6.392
1994-08-25,4.851
1994-08-26,10.303
1994-08-27,4.792
1994-08-28,7.479
1994-08-29,7.055
1994-08-30,8.511
1994-08-31,11.64
1994-09-01,6.595
1994-09-02,7.5
1994-09-03,5.54
1994-09-04,10.446
1994-09-05,8.492
1994-09-06,5.101
1994-09-07,12.141
1994-09-08,6.112
1994-09-09,14.059
1994-09-10,3.826
1994-09-11,13.61
1994-09-12,12.52
1994-09-13,9.344
1994-09-14,8.392
1994-09-15,8.162
1994-09-16,9.299
1994-09-17,15.155
1994-09-18,14.674
1994-09-19,8.608
1994-09-20,13.374
1994-09-21,12.353
1994-09-22,8.748
1994-09-23,15.358
1994-09-24,6.573
1994-09-25,7.948
1994-09-26,12.468
1994-09-27,7.081
1994-09-28,7.99
1994-09-29,9.958
1994-09-30,6.441
1994-10-01,6.828
1994-10-02,9.227
1994-10-03,9.503
1994-10-04,4.186
1994-10-05,5.116
1994-10-06,13.334
1994-10-07,13.646
1994-10-08,9.909
1994-10-09,8.425
1994-10-10,15.632
1994-10-11,6.398
1994-10-12,12.034
1994-10-13,14.254
1994-10-14,7.268
1994-10-15,11.547
1994-10-16,12.191
1994-10-17,15.744
1994-10-18,13.778
1994-10-19,15.237
1994-10-20,12.106
1994-10-21,5.325
1994-10-22,15.951
1994-10-23,9.247
1994-10-24,11.682
1994-10-25,13.453
1994-10-26,15.243
1994-10-27,7.902
1994-10-28,5.801
1994-10-29,7.046
1994-10-30,3.828
1994-10-31,12.943
1994-11-01,8.272
1994-11-02,8.106
1994-11-03,4.966
1994-11-04,4.756
1994-11-05,15.104
1994-11-06,7.439
1994-11-07,10.989
1994-11-08,5.425
1994-11-09,9.234
1994-11-10,9.401
1994-11-11,3.545
1994-11-12,7.64
1994-11-13,9.471
1994-11-14,13.948
1994-11-15,13.004
1994-11-16,11.201
1994-11-17,12.17
1994-11-18,5.354
1994-11-19,7.421
1994-11-20,9.176
1994-11-21,8.509
1994-11-22,6.524
1994-11-23,12.918
1994-11-24,11.449
1994-11-25,16.349
1994-11-26,16.349
1994-11-27,14.871
1994-11-28,8.515
1994-11-29,4.456
1994-11-30,13.86
1994-12-01,16.037
1994-12-02,10.262
1994-12-03,15.52
1994-12-04,7.328
1994-12-05,4.483
1994-12-06,4.724
1994-12-07,11.935
1994-12-08,9.273
1994-12-09,6.107
1994-12-10,4.603
1994-12-11,10.527
1994-12-12,9.416
1994-12-13,12.566
1994-12-14,9.675
1994-12-15,14.872
1994-12-16,12.817
1994-12-17,9.895
1994-12-18,16.384
1994-12-19,4.394
1994-12-20,5.405
1994-12-21,10.934
1994-12-22,4.688
1994-12-23,8.435
1994-12-24,9.4
1994-12-25,13.692
1994-12-26,5.744
1994-12-27,7.509
1994-12-28,8.109
1994-12-29,4.45
1994-12-30,12.62
1994-12-31,16.351
1995-01-01,12.113
1995-01-02,15.851
1995-01-03,9.488
1995-01-04,10.562
1995-01-05,8.288
1995-01-06,11.081
1995-01-07,5.562
1995-01-08,12.363
1995-01-09,6.395
1995-01-10,8.387
1995-01-11,11.471
1995-01-12,10.053
1995-01-13,3.791
1995-01-14,11.692
1995-01-15,6.711
1995-01-16,5.143
1995-01-17,13.692
1995-01-18,15.754
1995-01-19,13.464
1995-01-20,7.244
1995-01-21,16.041
1995-01-22,9.955
1995-01-23,7.787
1995-01-24,8.901
1995-01-25,14.453
1995-01-26,4.829
1995-01-27,16.187
1995-01-28,8.484
1995-01-29,5.491
1995-01-30,8.885
1995-01-31,10.02
1995-02-01,11.75
1995-02-02,5.985
1995-02-03,11.026
1995-02-04,6.793
1995-02-05,11.749
1995-02-06,15.178
1995-02-07,15.977
1995-02-08,7.715
1995-02-09,16.31
1995-02-10,10.241
1995-02-11,9.995
1995-02-12,13.049
1995-02-13,10.744
1995-02-14,10.98
1995-02-15,14.128
1995-02-16,6.328
1995-02-17,3.837
1995-02-18,11.8
1995-02-19,10.683
1995-02-20,15.205
1995-02-21,5.47
1995-02-22,8.036
1995-02-23,6.562
1995-02-24,5.216
1995-02-25,15.852
1995-02-26,6.658
1995-02-27,8.806
1995-02-28,13.468
1995-03-01,5.968
1995-03-02,5.902
1995-03-03,4.122
1995-03-04,5.456
1995-03-05,5.521
1995-03-06,9.436
1995-03-07,15.427
1995-03-08,7.854
1995-03-09,10.767
1995-03-10,4.848
1995-03-11,10.466
1995-03-12,6.222
1995-03-13,7.934
1995-03-14,3.917
1995-03-15,6.822
1995-03-16,15.165
1995-03-17,5.657
1995-03-18,7.306
1995-03-19,11.115
1995-03-20,13.382
1995-03-21,9.274
1995-03-22,5.27
1995-03-23,12.185
1995-03-24,14.429
1995-03-25,14.18
1995-03-26,9.961
1995-03-27,12.782
1995-03-28,7.172
1995-03-29,14.81
1995-03-30,11.325
1995-03-31,12.182
1995-04-01,7.691
1995-04-02,5.321
1995-04-03,7.083
1995-04-04,11.976
1995-04-05,3.729
1995-04-06,12.066
1995-04-07,7.681
1995-04-08,6.035
1995-04-09,10.808
1995-04-10,7.221
1995-04-11,15.279
1995-04-12,9.642
1995-04-13,6.074
1995-04-14,16.045
1995-04-15,7.124
1995-04-16,7.643
1995-04-17,13.68
1995-04-18,11.817
1995-04-19,10.032
1995-04-20,11.912
1995-04-21,13.031
1995-04-22,7.682
1995-04-23,8.337
1995-04-24,15.453
1995-04-25,8.556
1995-04-26,5.368
1995-04-27,10.413
1995-04-28,4.261
1995-04-29,14.118
1995-04-30,8.704
1995-05-01,15.317
1995-05-02,14.172
1995-05-03,11.93
1995-05-04,13.746
1995-05-05,9.152
1995-05-06,12.437
1995-05-07,12.611
1995-05-08,8.928
1995-05-09,11.867
1995-05-10,16.093
1995-05-11,5.226
1995-05-12,15.738
1995-05-13,15.766
1995-05-14,4.913
1995-05-15,12.109
1995-05-16,16.355
1995-05-17,16.338
1995-05-18,8.975
1995-05-19,14.858
1995-05-20,10.821
1995-05-21,3.852
1995-05-22,12.499
1995-05-23,9.505
1995-05-24,11.607
1995-05-25,8.996
1995-05-26,9.67
1995-05-27,11.253
1995-05-28,12.539
1995-05-29,14.279
1995-05-30,12.659
1995-05-31,13.821
1995-06-01,13.035
1995-06-02,7.329
1995-06-03,14.216
1995-06-04,8.223
1995-06-05,7.879
1995-06-06,13.266
1995-06-07,16.353
1995-06-08,9.05
1995-06-09,13.211
1995-06-10,3.897
1995-06-11,15.61
1995-06-12,10.933
1995-06-13,6.849
1995-06-14,8.622
1995-06-15,15.076
1995-06-16,11.19
1995-06-17,9.452
1995-06-18,15.004
1995-06-19,10.223
1995-06-20,12.942
1995-06-21,4.885
1995-06-22,12.63
1995-06-23,4.803
1995-06-24,3.789
1995-06-25,6.258
1995-06-26,10.668
1995-06-27,13.805
1995-06-28,3.981
1995-06-29,15.513
1995-06-30,3.93
1995-07-01,13.586
1995-07-02,3.449
1995-07-03,4.776
1995-07-04,3.947
1995-07-05,13.332
1995-07-06,4.835
1995-07-07,4.264
1995-07-08,15.542
1995-07-09,10.646
1995-07-10,11.805
1995-07-11,13.805
1995-07-12,10.584
1995-07-13,15.131
1995-07-14,14.125
1995-07-15,14.627
1995-07-16,13.553
1995-07-17,4.344
1995-07-18,10.685
1995-07-19,11.233
1995-07-20,3.485
1995-07-21,11.82
1995-07-22,7.951
1995-07-23,12.112
1995-07-24,9.192
1995-07-25,12.028
1995-07-26,15.037
1995-07-27,8.791
1995-07-28,8.877
1995-07-29,15.541
1995-07-30,12.354
1995-07-31,9.263
1995-08-01,5.57
1995-08-02,7.951
1995-08-03,11.341
1995-08-04,13.101
1995-08-05,7.14
1995-08-06,3.566
1995-08-07,6.98
1995-08-08,3.37
1995-08-09,4.355
1995-08-10,9.938
1995-08-11,7.799
1995-08-12,13.061
1995-08-13,10.006
1995-08-14,6.34
1995-08-15,11.55
1995-08-16,15.305
1995-08-17,6.588
1995-08-18,16.159
1995-08-19,11.597
1995-08-20,6.924
1995-08-21,11.678
1995-08-22,6.457
1995-08-23,15.068
1995-08-24,10.666
1995-08-25,12.536
1995-08-26,13.071
1995-08-27,16.069
1995-08-28,14.446
1995-08-29,13.255
1995-08-30,14.491
1995-08-31,9.669
1995-09-01,7.153
1995-09-02,6.933
1995-09-03,14.689
1995-09-04,9.705
1995-09-05,9.108
1995-09-06,8.822
1995-09-07,12.59
1995-09-08,4.412
1995-09-09,11.54
1995-09-10,11.362
1995-09-11,13.729
1995-09-12,6.302
1995-09-13,6.42
1995-09-14,15.715
1995-09-15,8.367
1995-09-16,7.664
1995-09-17,14.997
1995-09-18,10.146
1995-09-19,15.199
1995-09-20,6.455
1995-09-21,15.953
1995-09-22,11.764
1995-09-23,13.177
1995-09-24,3.709
1995-09-25,4.79
1995-09-26,8.27
1995-09-27,13.423
1995-09-28,15.865
1995-09-29,12.35
1995-09-30,8.139
1995-10-01,15.131
1995-10-02,4.874
1995-10-03,6.138
1995-10-04,4.838
1995-10-05,5.964
1995-10-06,10.599
1995-10-07,9.141
1995-10-08,13.177
1995-10-09,9.816
1995-10-10,12.311
1995-10-11,10.412
1995-10-12,6.558
1995-10-13,7.267
1995-10-14,3.49
1995-10-15,11.533
1995-10-16,4.373
1995-10-17,7.862
1995-10-18,15.835
1995-10-19,5.369
1995-10-20,9.809
1995-10-21,13.323
1995-10-22,11.007
1995-10-23,12.759
1995-10-24,7.261
1995-10-25,11.18
1995-10-26,9.808
1995-10-27,10.155
1995-10-28,11.913
1995-10-29,16.334
1995-10-30,10.47
1995-10-31,11.385
1995-11-01,15.023
1995-11-02,10.079
1995-11-03,7.619
1995-11-04,13.256
1995-11-05,5.753
1995-11-06,11.225
1995-11-07,7.024
1995-11-08,10.386
1995-11-09,8.701
1995-11-10,11.051
1995-11-11,15.154
1995-11-12,5.272
1995-11-13,13.652
1995-11-14,4.814
1995-11-15,9.083
1995-11-16,16.314
1995-11-17,3.663
1995-11-18,15.605
1995-11-19,4.326
1995-11-20,7.711
1995-11-21,4.75
1995-11-22,14.524
1995-11-23,5.696
1995-11-24,15.019
1995-11-25,12.649
1995-11-26,8.577
1995-11-27,12.791
1995-11-28,15.117
1995-11-29,12.798
1995-11-30,7.971
1995-12-01,12.938
1995-12-02,14.375
1995-12-03,5.187
1995-12-04,5.957
1995-12-05,16.147
1995-12-06,7.881
1995-12-07,7.885
1995-12-08,12.806
1995-12-09,14.347
1995-12-10,9.943
1995-12-11,3.348
1995-12-12,15.584
1995-12-13,11.105
1995-12-14,14.1
1995-12-15,7.342
1995-12-16,14.562
1995-12-17,14.217
1995-12-18,4.638
1995-12-19,11.315
1995-12-20,10.34
1995-12-21,5.075
1995-12-22,7.605
1995-12-23,12.176
1995-12-24,11.022
1995-12-25,16.272
1995-12-26,14.207
1995-12-27,3.824
1995-12-28,14.068
1995-12-29,15.793
1995-12-30,4.272
1995-12-31,4.144
1996-01-01,10.953
1996-01-02,12.849
1996-01-03,4.051
1996-01-04,7.153
1996-01-05,10.744
1996-01-06,12.458
1996-01-07,8.794
1996-01-08,14.985
1996-01-09,12.503
1996-01-10,5.674
1996-01-11,11.716
1996-01-12,8.74
1996-01-13,7.214
1996-01-14,5.586
1996-01-15,4.991
1996-01-16,7.549
1996-01-17,12.563
1996-01-18,12.016
1996-01-19,8.188
1996-01-20,6.46
1996-01-21,4.632
1996-01-22,16.12
1996-01-23,7.802
1996-01-24,10.452
1996-01-25,9.276
1996-01-26,5.689
1996-01-27,5.729
1996-01-28,15.592
1996-01-29,5.762
1996-01-30,4.37
1996-01-31,12.691
1996-02-01,5.314
1996-02-02,10.944
1996-02-03,5.185
1996-02-04,14.885
1996-02-05,5.772
1996-02-06,3.976
1996-02-07,10.43
1996-02-08,5.819
1996-02-09,16.408
1996-02-10,6.772
1996-02-11,6.797
1996-02-12,9.959
1996-02-13,8.327
1996-02-14,16.064
1996-02-15,10.892
1996-02-16,13.193
1996-02-17,7.225
1996-02-18,5.562
1996-02-19,15.392
1996-02-20,4.954
1996-02-21,7.328
1996-02-22,6.519
1996-02-23,14.176
1996-02-24,5.43
1996-02-25,10.788
1996-02-26,15.98
1996-02-27,4.74
1996-02-28,13.487
1996-02-29,14.082
1996-03-01,11.728
1996-03-02,6.86
1996-03-03,4.132
1996-03-04,16.396
1996-03-05,14.131
1996-03-06,16.003
1996-03-07,12.345
1996-03-08,12.712
1996-03-09,16.169
1996-03-10,5.539
1996-03-11,7.926
1996-03-12,4.138
1996-03-13,14.421
1996-03-14,12.632
1996-03-15,10.976
1996-03-16,13.891
1996-03-17,15.989
1996-03-18,15.991
1996-03-19,11.699
1996-03-20,7.893
1996-03-21,14.507
1996-03-22,13.188
1996-03-23,5.706
1996-03-24,10.284
1996-03-25,13.039
1996-03-26,11.654
1996-03-27,9.1
1996-03-28,11.69
1996-03-29,12.497
1996-03-30,6.516
1996-03-31,6.639
1996-04-01,13.824
1996-04-02,13.094
1996-04-03,3.944
1996-04-04,16.066
1996-04-05,9.157
1996-04-06,4.678
1996-04-07,4.612
1996-04-08,10.461
1996-04-09,7.287
1996-04-10,13.444
1996-04-11,13.948
1996-04-12,5.827
1996-04-13,10.634
1996-04-14,6.757
1996-04-15,15.032
1996-04-16,5.088
1996-04-17,6.95
1996-04-18,13.252
1996-04-19,15.613
1996-04-20,6.662
1996-04-21,3.8
1996-04-22,15.215
1996-04-23,8.508
1996-04-24,14.158
1996-04-25,4.153
1996-04-26,15.903
1996-04-27,14.041
1996-04-28,5.673
1996-04-29,4.061
1996-04-30,8.644
1996-05-01,16.178
1996-05-02,5.04
1996-05-03,6.889
1996-05-04,11.941
1996-05-05,6.322
1996-05-06,12.701
1996-05-07,16.263
1996-05-08,11.5
1996-05-09,14.447
1996-05-10,8.466
1996-05-11,5.778
1996-05-12,3.36
1996-05-13,8.917
1996-05-14,13.003
1996-05-15,7.668
1996-05-16,4.588
1996-05-17,3.976
1996-05-18,6.215
1996-05-19,11.279
1996-05-20,11.604
1996-05-21,5.453
1996-05-22,10.728
1996-05-23,11.636
1996-05-24,10.917
1996-05-25,14.54
1996-05-26,15.718
1996-05-27,7.535
1996-05-28,11.436
1996-05-29,9.204
1996-05-30,6.008
1996-05-31,4.496
1996-06-01,12.932
1996-06-02,11.843
1996-06-03,8.913
1996-06-04,7.665
1996-06-05,14.044
1996-06-06,5.642
1996-06-07,8.275
1996-06-08,8.354
1996-06-09,11.121
1996-06-10,9.765
1996-06-11,16.199
1996-06-12,13.265
1996-06-13,15.968
1996-06-14,6.749
1996-06-15,7.592
1996-06-16,12.444
1996-06-17,6.52
1996-06-18,3.368
1996-06-19,4.857
1996-06-20,8.716
1996-06-21,7.11
1996-06-22,15.668
1996-06-23,10.979
1996-06-24,9.72
1996-06-25,11.13
1996-06-26,14.983
1996-06-27,13.564
1996-06-28,12.806
1996-06-29,14.723
1996-06-30,14.746
1996-07-01,3.435
1996-07-02,3.811
1996-07-03,12.532
1996-07-04,10.856
1996-07-05,4.18
1996-07-06,5.43
1996-07-07,15.604
1996-07-08,13.664
1996-07-09,6.49
1996-07-10,6.718
1996-07-11,12.702
1996-07-12,3.776
1996-07-13,14.067
1996-07-14,7.366
1996-07-15,12.424
1996-07-16,14.902
1996-07-17,16.036
1996-07-18,6.682
1996-07-19,11.591
1996-07-20,14.225
1996-07-21,12.358
1996-07-22,8.787
1996-07-23,15.897
1996-07-24,6.872
1996-07-25,16.076
1996-07-26,13.258
1996-07-27,11.163
1996-07-28,7.322
1996-07-29,16.276
1996-07-30,14.655
1996-07-31,12.407
1996-08-01,9.325
1996-08-02,15.778
1996-08-03,6.822
1996-08-04,3.417
1996-08-05,7.992
1996-08-06,12.142
1996-08-07,8.833
1996-08-08,13.014
1996-08-09,6.689
1996-08-10,7.401
1996-08-11,14.852
1996-08-12,11.128
1996-08-13,13.317
1996-08-14,9.71
1996-08-15,9.726
1996-08-16,4.531
1996-08-17,14.328
1996-08-18,13.293
1996-08-19,5.109
1996-08-20,9.777
1996-08-21,9.576
1996-08-22,10.433
1996-08-23,12.297
1996-08-24,10.248
1996-08-25,5.809
1996-08-26,4.239
1996-08-27,6.055
1996-08-28,7.388
1996-08-29,12.84
1996-08-30,16.065
1996-08-31,7.761
1996-09-01,13.486
1996-09-02,16.299
1996-09-03,14.021
1996-09-04,10.85
1996-09-05,7.824
1996-09-06,9.767
1996-09-07,12.423
1996-09-08,13.189
1996-09-09,12.183
1996-09-10,5.58
1996-09-11,13.711
1996-09-12,8.983
1996-09-13,15.341
1996-09-14,13.761
1996-09-15,11.852
1996-09-16,11.772
1996-09-17,13.082
1996-09-18,15.434
1996-09-19,3.368
1996-09-20,8.562
1996-09-21,12.187
1996-09-22,4.046
1996-09-23,10.194
1996-09-24,7.355
1996-09-25,8.471
1996-09-26,8.041
1996-09-27,11.533
1996-09-28,14.216
1996-09-29,6.15
1996-09-30,13.747
1996-10-01,11.612
1996-10-02,12.078
1996-10-03,11.253
1996-10-04,5.326
1996-10-05,8.717
1996-10-06,7.495
1996-10-07,3.378
1996-10-08,10.657
1996-10-09,10.179
1996-10-10,11.549
1996-10-11,4.757
1996-10-12,14.58
1996-10-13,16.03
1996-10-14,8.481
1996-10-15,10.216
1996-10-16,8.945
1996-10-17,13.729
1996-10-18,12.783
1996-10-19,3.904
1996-10-20,6.266
1996-10-21,6.738
1996-10-22,14.115
1996-10-23,13.267
1996-10-24,13.392
1996-10-25,11.296
1996-10-26,14.481
1996-10-27,14.406
1996-10-28,13.608
1996-10-29,12.719
1996-10-30,9.179
1996-10-31,11.587
1996-11-01,11.875
1996-11-02,15.268
1996-11-03,8.455
1996-11-04,11.779
1996-11-05,16.385
1996-11-06,7.424
1996-11-07,6.966
1996-11-08,14.936
1996-11-09,3.877
1996-11-10,4.302
1996-11-11,3.89
1996-11-12,6.442
1996-11-13,8.566
1996-11-14,13.478
1996-11-15,5.402
1996-11-16,13.586
1996-11-17,4.745
1996-11-18,8.054
1996-11-19,3.904
1996-11-20,14.589
1996-11-21,16.169
1996-11-22,13.42
1996-11-23,11.257
1996-11-24,10.077
1996-11-25,5.838
1996-11-26,10.475
1996-11-27,11.647
1996-11-28,15.709
1996-11-29,5.218
1996-11-30,11.84
1996-12-01,4.257
1996-12-02,12.921
1996-12-03,16.339
1996-12-04,5.583
1996-12-05,11.38
1996-12-06,6.46
1996-12-07,6.093
1996-12-08,13.381
1996-12-09,13.471
1996-12-10,12.403
1996-12-11,3.627
1996-12-12,12.988
1996-12-13,16.372
1996-12-14,7.612
1996-12-15,11.279
1996-12-16,3.562
1996-12-17,10.09
1996-12-18,13.929
1996-12-19,8.972
1996-12-20,12.44
1996-12-21,14.987
1996-12-22,5.578
1996-12-23,4.425
1996-12-24,11.44
1996-12-25,15.149
1996-12-26,9.776
1996-12-27,14.886
1996-12-28,9.158
1996-12-29,9.814
1996-12-30,15.239
1996-12-31,5.353
1997-01-01,5.03
1997-01-02,15.23
1997-01-03,16.16
1997-01-04,9.438
1997-01-05,7.134
1997-01-06,5.222
1997-01-07,7.208
1997-01-08,6.623
1997-01-09,14.812
1997-01-10,11.009
1997-01-11,15.388
1997-01-12,8.279
1997-01-13,13.399
1997-01-14,5.998
1997-01-15,9.004
1997-01-16,10.435
1997-01-17,8.528
1997-01-18,13.316
1997-01-19,3.644
1997-01-20,10.487
1997-01-21,6.993
1997-01-22,4.106
1997-01-23,15.222
1997-01-24,5.449
1997-01-25,6.234
1997-01-26,6.163
1997-01-27,14.561
1997-01-28,7.584
1997-01-29,12.229
1997-01-30,11.773
1997-01-31,13.315
1997-02-01,7.44
1997-02-02,4.601
1997-02-03,4.113
1997-02-04,10.784
1997-02-05,13.867
1997-02-06,5.29
1997-02-07,4.344
1997-02-08,7.381
1997-02-09,6.741
1997-02-10,8.659
1997-02-11,10.199
1997-02-12,11.165
1997-02-13,9.251
1997-02-14,13.588
1997-02-15,16.032
1997-02-16,7.827
1997-02-17,11.823
1997-02-18,7.063
1997-02-19,12.02
1997-02-20,7.376
1997-02-21,8.899
1997-02-22,15.64
1997-02-23,3.727
1997-02-24,15.241
1997-02-25,9.086
1997-02-26,5.794
1997-02-27,5.415
1997-02-28,8.524
1997-03-01,3.78
1997-03-02,9.282
1997-03-03,12.502
1997-03-04,4.324
1997-03-05,13.107
1997-03-06,7.184
1997-03-07,10.252
1997-03-08,15.604
1997-03-09,15.67
1997-03-10,10.342
1997-03-11,13.017
1997-03-12,11.607
1997-03-13,7.843
1997-03-14,14.456
1997-03-15,10.561
1997-03-16,7.722
1997-03-17,9.325
1997-03-18,14.105
1997-03-19,6.237
1997-03-20,15.728
1997-03-21,16.22
1997-03-22,13.258
1997-03-23,6.262
1997-03-24,9.727
1997-03-25,14.512
1997-03-26,9.54
1997-03-27,16.365
1997-03-28,14.471
1997-03-29,8.149
1997-03-30,4.642
1997-03-31,13.562
1997-04-01,8.944
1997-04-02,7.121
1997-04-03,10.93
1997-04-04,4.282
1997-04-05,16.266
1997-04-06,14.732
1997-04-07,16.047
1997-04-08,14.784
1997-04-09,14.656
1997-04-10,8.194
1997-04-11,10.476
1997-04-12,5.115
1997-04-13,16.255
1997-04-14,3.824
1997-04-15,4.041
1997-04-16,6.125
1997-04-17,9.543
1997-04-18,9.455
1997-04-19,5.993
1997-04-20,9.312
1997-04-21,4.762
1997-04-22,14.101
1997-04-23,13.22
1997-04-24,15.134
1997-04-25,7.436
1997-04-26,11.626
1997-04-27,7.024
1997-04-28,4.881
1997-04-29,8.174
1997-04-30,10.092
1997-05-01,10.064
1997-05-02,16.071
1997-05-03,4.252
1997-05-04,9.22
1997-05-05,12.614
1997-05-06,15.119
1997-05-07,4.37
1997-05-08,13.713
1997-05-09,9.89
1997-05-10,3.563
1997-05-11,8.742
1997-05-12,15.369
1997-05-13,5.691
1997-05-14,6.461
1997-05-15,4.907
1997-05-16,4.752
1997-05-17,14.91
1997-05-18,13.368
1997-05-19,10.53
1997-05-20,7.68
1997-05-21,6.237
1997-05-22,3.429
1997-05-23,14.689
1997-05-24,15.11
1997-05-25,12.617
1997-05-26,15.767
1997-05-27,9.828
1997-05-28,13.699
1997-05-29,15.149
1997-05-30,3.675
1997-05-31,10.989
1997-06-01,4.748
1997-06-02,12.273
1997-06-03,15.673
1997-06-04,4.196
1997-06-05,6.838
1997-06-06,11.784
1997-06-07,14.444
1997-06-08,5.449
1997-06-09,13.907
1997-06-10,11.032
1997-06-11,7.824
1997-06-12,8.69
1997-06-13,3.357
1997-06-14,5.656
1997-06-15,3.665
1997-06-16,14.574
1997-06-17,13.361
1997-06-18,6.781
1997-06-19,9.499
1997-06-20,7.562
1997-06-21,7.077
1997-06-22,15.576
1997-06-23,4.129
1997-06-24,14.441
1997-06-25,8.282
1997-06-26,4.594
1997-06-27,14.666
1997-06-28,4.6
1997-06-29,15.204
1997-06-30,10.841
1997-07-01,6.134
1997-07-02,13.97
1997-07-03,15.406
1997-07-04,5.652
1997-07-05,11.966
1997-07-06,8.672
1997-07-07,9.262
1997-07-08,8.561
1997-07-09,5.233
1997-07-10,13.362
1997-07-11,7.068
1997-07-12,3.82
1997-07-13,8.23
1997-07-14,5.691
1997-07-15,5.735
1997-07-16,15.071
1997-07-17,11.54
1997-07-18,15.707
1997-07-19,15.536
1997-07-20,4.06
1997-07-21,15.459
1997-07-22,6.143
1997-07-23,7.026
1997-07-24,8.307
1997-07-25,9.48
1997-07-26,3.425
1997-07-27,5.562
1997-07-28,13.087
1997-07-29,4.318
1997-07-30,3.837
1997-07-31,12.962
1997-08-01,12.67
1997-08-02,4.473
1997-08-03,9.704
1997-08-04,4.971
1997-08-05,5.686
1997-08-06,6.572
1997-08-07,12.498
1997-08-08,16.201
1997-08-09,3.907
1997-08-10,8.158
1997-08-11,13.098
1997-08-12,3.923
1997-08-13,10.624
1997-08-14,16.172
1997-08-15,14.866
1997-08-16,15.248
1997-08-17,4.08
1997-08-18,15.259
1997-08-19,5.962
1997-08-20,12.602
1997-08-21,12.232
1997-08-22,13.007
1997-08-23,4.47
1997-08-24,13.972
1997-08-25,15.148
1997-08-26,11.112
1997-08-27,16.163
1997-08-28,14.175
1997-08-29,8.222
1997-08-30,12.357
1997-08-31,9.757
1997-09-01,9.443
1997-09-02,7.397
1997-09-03,12.414
1997-09-04,7.307
1997-09-05,12.415
1997-09-06,8.587
1997-09-07,13.756
1997-09-08,3.523
1997-09-09,10.043
1997-09-10,8.431
1997-09-11,9.133
1997-09-12,5.909
1997-09-13,9.312
1997-09-14,11.528
1997-09-15,13.218
1997-09-16,7.407
1997-09-17,16.2
1997-09-18,9.901
1997-09-19,6.698
1997-09-20,8.817
1997-09-21,12.076
1997-09-22,3.937
1997-09-23,7.675
1997-09-24,6.296
1997-09-25,6.915
1997-09-26,12.136
1997-09-27,5.827
1997-09-28,3.893
1997-09-29,15.106
1997-09-30,5.936
1997-10-01,11.004
1997-10-02,14.717
1997-10-03,3.618
1997-10-04,6.571
1997-10-05,13.12
1997-10-06,3.665
1997-10-07,10.215
1997-10-08,6.786
1997-10-09,10.212
1997-10-10,12.349
1997-10-11,9.027
1997-10-12,5.865
1997-10-13,10.589
1997-10-14,12.578
1997-10-15,5.725
1997-10-16,9.294
1997-10-17,7.628
1997-10-18,12.036
1997-10-19,8.269
1997-10-20,8.903
1997-10-21,14.814
1997-10-22,8.583
1997-10-23,5.759
1997-10-24,11.357
1997-10-25,13.952
1997-10-26,6.984
1997-10-27,13.516
1997-10-28,7.427
1997-10-29,5.991
1997-10-30,8.181
1997-10-31,12.299
1997-11-01,15.057
1997-11-02,8.369
1997-11-03,4.339
1997-11-04,9.022
1997-11-05,7.864
1997-11-06,15.725
1997-11-07,16.363
1997-11-08,9.466
1997-11-09,9.928
1997-11-10,12.327
1997-11-11,15.609
1997-11-12,3.754
1997-11-13,7.067
1997-11-14,10.557
1997-11-15,8.663
1997-11-16,6.676
1997-11-17,15.722
1997-11-18,4.332
1997-11-19,15.026
1997-11-20,12.547
1997-11-21,11.331
1997-11-22,14.996
1997-11-23,8.555
1997-11-24,11.65
1997-11-25,5.318
1997-11-26,13.25
1997-11-27,3.396
1997-11-28,13.384
1997-11-29,8.082
1997-11-30,10.077
1997-12-01,13.628
1997-12-02,15.443
1997-12-03,10.231
1997-12-04,10.526
1997-12-05,14.561
1997-12-06,10.432
1997-12-07,13.719
1997-12-08,11.131
1997-12-09,11.558
1997-12-10,13.933
1997-12-11,13.488
1997-12-12,15.601
1997-12-13,12.16
1997-12-14,9.539
1997-12-15,15.988
1997-12-16,8.924
1997-12-17,13.292
1997-12-18,7.89
1997-12-19,8.331
1997-12-20,12.798
1997-12-21,13.735
1997-12-22,15.224
1997-12-23,8.452
1997-12-24,12.866
1997-12-25,4.797
1997-12-26,11.226
1997-12-27,4.885
1997-12-28,9.893
1997-12-29,3.832
1997-12-30,9.709
1997-12-31,15.77
1998-01-01,7.386
1998-01-02,11.991
1998-01-03,13.257
1998-01-04,11.034
1998-01-05,4.951
1998-01-06,4.482
1998-01-07,10.946
1998-01-08,5.983
1998-01-09,10.751
1998-01-10,10.53
1998-01-11,12.568
1998-01-12,9.392
1998-01-13,8.783
1998-01-14,13.167
1998-01-15,13.309
1998-01-16,4.723
1998-01-17,9.277
1998-01-18,5.083
1998-01-19,10.866
1998-01-20,7.895
1998-01-21,9.75
1998-01-22,6.434
1998-01-23,5.13
1998-01-24,15.519
1998-01-25,16.118
1998-01-26,9.896
1998-01-27,4.375
1998-01-28,10.684
1998-01-29,7.395
1998-01-30,16.108
1998-01-31,7.899
1998-02-01,3.627
1998-02-02,4.843
1998-02-03,10.76
1998-02-04,11.979
1998-02-05,5.01
1998-02-06,8.597
1998-02-07,7.498
1998-02-08,13.14
1998-02-09,6.627
1998-02-10,16.407
1998-02-11,14.369
1998-02-12,4.53
1998-02-13,15.512
1998-02-14,8.329
1998-02-15,8.817
1998-02-16,12.444
1998-02-17,4.972
1998-02-18,5.937
1998-02-19,5.538
1998-02-20,6.253
1998-02-21,7.497
1998-02-22,5.658
1998-02-23,15.685
1998-02-24,10.683
1998-02-25,15.87
1998-02-26,12.599
1998-02-27,6.038
1998-02-28,5.592
1998-03-01,9.399
1998-03-02,6.532
1998-03-03,9.617
1998-03-04,9.446
1998-03-05,8.121
1998-03-06,9.556
1998-03-07,12.705
1998-03-08,8.004
1998-03-09,9.719
1998-03-10,5.617
1998-03-11,4.215
1998-03-12,4.868
1998-03-13,10.12
1998-03-14,13.662
1998-03-15,6.306
1998-03-16,4.741
1998-03-17,12.552
1998-03-18,3.525
1998-03-19,13.57
1998-03-20,10.308
1998-03-21,15.887
1998-03-22,13.721
1998-03-23,12.335
1998-03-24,15.757
1998-03-25,11.497
1998-03-26,8.455
1998-03-27,8.528
1998-03-28,8.846
1998-03-29,5.225
1998-03-30,12.536
1998-03-31,8.946
1998-04-01,11.129
1998-04-02,8.354
1998-04-03,6.072
1998-04-04,13.179
1998-04-05,9.455
1998-04-06,9.154
1998-04-07,13.173
1998-04-08,6.393
1998-04-09,9.256
1998-04-10,6.292
1998-04-11,6.475
1998-04-12,7.13
1998-04-13,15.311
1998-04-14,10.417
1998-04-15,3.974
1998-04-16,12.33
1998-04-17,4.487
1998-04-18,7.679
1998-04-19,7.921
1998-04-20,4.52
1998-04-21,5.687
1998-04-22,10.284
1998-04-23,9.325
1998-04-24,5.266
1998-04-25,14.24
1998-04-26,6.89
1998-04-27,6.124
1998-04-28,6.051
1998-04-29,9.542
1998-04-30,9.053
1998-05-01,10.034
1998-05-02,5.528
1998-05-03,11.26
1998-05-04,5.479
1998-05-05,6.978
1998-05-06,9.617
1998-05-07,10.945
1998-05-08,8.823
1998-05-09,8.711
1998-05-10,16.0
1998-05-11,5.857
1998-05-12,12.326
1998-05-13,8.548
1998-05-14,13.009
1998-05-15,10.914
1998-05-16,5.63
1998-05-17,10.701
1998-05-18,12.77
1998-05-19,9.863
1998-05-20,13.984
1998-05-21,9.202
1998-05-22,7.257
1998-05-23,7.437
1998-05-24,5.166
1998-05-25,4.815
1998-05-26,10.077
1998-05-27,9.697
1998-05-28,3.473
1998-05-29,4.141
1998-05-30,10.689
1998-05-31,13.755
1998-06-01,5.16
1998-06-02,9.541
1998-06-03,9.378
1998-06-04,11.161
1998-06-05,4.824
1998-06-06,9.379
1998-06-07,6.839
1998-06-08,10.349
1998-06-09,6.87
1998-06-10,5.262
1998-06-11,15.485
1998-06-12,4.347
1998-06-13,8.56
1998-06-14,7.776
1998-06-15,15.967
1998-06-16,15.374
1998-06-17,13.808
1998-06-18,11.945
1998-06-19,15.305
1998-06-20,4.648
1998-06-21,9.057
1998-06-22,11.749
1998-06-23,9.019
1998-06-24,3.533
1998-06-25,6.062
1998-06-26,15.875
1998-06-27,9.112
1998-06-28,7.611
1998-06-29,10.91
1998-06-30,13.258
1998-07-01,7.224
1998-07-02,3.923
1998-07-03,14.446
1998-07-04,12.13
1998-07-05,14.284
1998-07-06,7.692
1998-07-07,13.628
1998-07-08,4.63
1998-07-09,3.908
1998-07-10,11.909
1998-07-11,16.03
1998-07-12,4.468
1998-07-13,11.41
1998-07-14,15.962
1998-07-15,10.98
1998-07-16,5.98
1998-07-17,3.83
1998-07-18,11.847
1998-07-19,12.392
1998-07-20,9.107
1998-07-21,6.951
1998-07-22,6.619
1998-07-23,5.629
1998-07-24,8.906
1998-07-25,13.464
1998-07-26,6.61
1998-07-27,8.185
1998-07-28,10.826
1998-07-29,5.31
1998-07-30,12.274
1998-07-31,5.46
1998-08-01,4.734
1998-08-02,5.961
1998-08-03,8.92
1998-08-04,4.659
1998-08-05,10.364
1998-08-06,9.289
1998-08-07,8.16
1998-08-08,3.409
1998-08-09,8.209
1998-08-10,9.242
1998-08-11,4.509
1998-08-12,4.905
1998-08-13,15.123
1998-08-14,10.644
1998-08-15,10.32
1998-08-16,15.266
1998-08-17,12.154
1998-08-18,7.554
1998-08-19,8.525
1998-08-20,3.657
1998-08-21,14.796
1998-08-22,9.396
1998-08-23,3.948
1998-08-24,5.309
1998-08-25,14.594
1998-08-26,9.098
1998-08-27,13.889
1998-08-28,11.763
1998-08-29,4.469
1998-08-30,6.874
1998-08-31,15.639
1998-09-01,13.527
1998-09-02,12.717
1998-09-03,10.991
1998-09-04,13.171
1998-09-05,3.596
1998-09-06,12.015
1998-09-07,15.939
1998-09-08,3.884
1998-09-09,14.906
1998-09-10,14.282
1998-09-11,9.339
1998-09-12,13.104
1998-09-13,5.746
1998-09-14,4.962
1998-09-15,14.654
1998-09-16,14.971
1998-09-17,11.051
1998-09-18,12.319
1998-09-19,10.457
1998-09-20,14.041
1998-09-21,3.745
1998-09-22,9.761
1998-09-23,4.823
1998-09-24,9.773
1998-09-25,8.355
1998-09-26,7.089
1998-09-27,14.699
1998-09-28,11.554
1998-09-29,11.084
1998-09-30,3.767
1998-10-01,15.773
1998-10-02,13.385
1998-10-03,11.068
1998-10-04,8.004
1998-10-05,8.216
1998-10-06,10.556
1998-10-07,13.404
1998-10-08,16.223
1998-10-09,6.883
1998-10-10,6.226
1998-10-11,14.378
1998-10-12,4.489
1998-10-13,5.314
1998-10-14,3.822
1998-10-15,10.727
1998-10-16,8.321
1998-10-17,8.444
1998-10-18,5.882
1998-10-19,10.687
1998-10-20,3.91
1998-10-21,8.439
1998-10-22,4.611
1998-10-23,6.706
1998-10-24,6.962
1998-10-25,12.266
1998-10-26,10.62
1998-10-27,14.561
1998-10-28,6.64
1998-10-29,4.927
1998-10-30,3.656
1998-10-31,7.733
1998-11-01,5.741
1998-11-02,6.251
1998-11-03,13.137
1998-11-04,8.104
1998-11-05,11.474
1998-11-06,10.561
1998-11-07,10.101
1998-11-08,12.671
1998-11-09,13.421
1998-11-10,3.907
1998-11-11,13.845
1998-11-12,4.95
1998-11-13,3.683
1998-11-14,15.724
1998-11-15,9.724
1998-11-16,13.267
1998-11-17,14.53
1998-11-18,6.207
1998-11-19,7.028
1998-11-20,5.912
1998-11-21,16.172
1998-11-22,12.767
1998-11-23,15.175
1998-11-24,7.438
1998-11-25,8.081
1998-11-26,12.002
1998-11-27,5.649
1998-11-28,6.543
1998-11-29,13.895
1998-11-30,13.097
1998-12-01,14.232
1998-12-02,14.408
1998-12-03,4.999
1998-12-04,6.252
1998-12-05,15.398
1998-12-06,15.025
1998-12-07,9.152
1998-12-08,13.423
1998-12-09,16.008
1998-12-10,14.327
1998-12-11,5.324
1998-12-12,12.379
1998-12-13,16.097
1998-12-14,13.124
1998-12-15,8.958
1998-12-16,7.384
1998-12-17,8.683
1998-12-18,10.34
1998-12-19,9.262
1998-12-20,10.118
1998-12-21,9.634
1998-12-22,10.594
1998-12-23,10.548
1998-12-24,10.178
1998-12-25,10.576
1998-12-26,11.372
1998-12-27,15.725
1998-12-28,5.668
1998-12-29,4.279
1998-12-30,13.086
1998-12-31,8.976
1999-01-01,16.151
1999-01-02,9.197
1999-01-03,13.076
1999-01-04,14.108
1999-01-05,10.591
1999-01-06,12.42
1999-01-07,5.636
1999-01-08,6.684
1999-01-09,9.367
1999-01-10,12.21
1999-01-11,10.388
1999-01-12,15.078
1999-01-13,4.873
1999-01-14,11.027
1999-01-15,7.659
1999-01-16,12.669
1999-01-17,15.362
1999-01-18,8.716
1999-01-19,10.357
1999-01-20,7.523
1999-01-21,5.612
1999-01-22,7.023
1999-01-23,9.011
1999-01-24,5.198
1999-01-25,5.457
1999-01-26,12.85
1999-01-27,5.093
1999-01-28,3.346
1999-01-29,8.528
1999-01-30,3.769
1999-01-31,6.648
1999-02-01,14.095
1999-02-02,16.307
1999-02-03,9.827
1999-02-04,4.56
1999-02-05,9.472
1999-02-06,3.563
1999-02-07,9.026
1999-02-08,14.974
1999-02-09,7.404
1999-02-10,4.04
1999-02-11,9.76
1999-02-12,14.924
1999-02-13,12.004
1999-02-14,14.654
1999-02-15,3.99
1999-02-16,11.432
1999-02-17,11.887
1999-02-18,10.675
1999-02-19,4.722
1999-02-20,6.765
1999-02-21,4.453
1999-02-22,10.452
1999-02-23,5.057
1999-02-24,6.757
1999-02-25,8.021
1999-02-26,5.215
1999-02-27,6.458
1999-02-28,7.161
1999-03-01,16.146
1999-03-02,3.515
1999-03-03,13.556
1999-03-04,11.798
1999-03-05,11.694
1999-03-06,15.403
1999-03-07,7.977
1999-03-08,13.224
1999-03-09,14.879
1999-03-10,10.939
1999-03-11,8.844
1999-03-12,11.169
1999-03-13,12.6
1999-03-14,7.568
1999-03-15,11.069
1999-03-16,15.427
1999-03-17,6.52
1999-03-18,7.215
1999-03-19,8.511
1999-03-20,5.552
1999-03-21,7.789
1999-03-22,10.968
1999-03-23,4.631
1999-03-24,4.136
1999-03-25,13.786
1999-03-26,4.459
1999-03-27,11.619
1999-03-28,3.927
1999-03-29,13.188
1999-03-30,3.694
1999-03-31,4.966
1999-04-01,14.972
1999-04-02,16.376
1999-04-03,12.364
1999-04-04,13.434
1999-04-05,15.301
1999-04-06,4.91
1999-04-07,12.11
1999-04-08,6.418
1999-04-09,14.046
1999-04-10,5.353
1999-04-11,12.913
1999-04-12,8.351
1999-04-13,8.715
1999-04-14,7.637
1999-04-15,14.094
1999-04-16,4.272
1999-04-17,15.582
1999-04-18,11.155
1999-04-19,6.047
1999-04-20,8.31
1999-04-21,8.154
1999-04-22,7.341
1999-04-23,9.042
1999-04-24,12.527
1999-04-25,15.971
1999-04-26,14.772
1999-04-27,6.21
1999-04-28,11.79
1999-04-29,15.32
1999-04-30,5.593
1999-05-01,7.944
1999-05-02,8.981
1999-05-03,11.443
1999-05-04,11.649
1999-05-05,15.789
1999-05-06,11.017
1999-05-07,7.155
1999-05-08,8.336
1999-05-09,5.44
1999-05-10,15.555
1999-05-11,8.441
1999-05-12,3.717
1999-05-13,8.949
1999-05-14,11.573
1999-05-15,16.292
1999-05-16,15.724
1999-05-17,5.245
1999-05-18,13.524
1999-05-19,15.539
1999-05-20,10.148
1999-05-21,6.093
1999-05-22,9.244
1999-05-23,5.541
1999-05-24,9.296
1999-05-25,8.641
1999-05-26,10.548
1999-05-27,9.189
1999-05-28,13.02
1999-05-29,5.317
1999-05-30,11.302
1999-05-31,12.017
1999-06-01,6.177
1999-06-02,4.353
1999-06-03,9.164
1999-06-04,8.333
1999-06-05,7.32
1999-06-06,15.247
1999-06-07,12.361
1999-06-08,10.719
1999-06-09,4.352
1999-06-10,11.924
1999-06-11,4.432
1999-06-12,7.852
1999-06-13,11.984
1999-06-14,10.849
1999-06-15,5.28
1999-06-16,7.189
1999-06-17,13.478
1999-06-18,5.077
1999-06-19,7.861
1999-06-20,5.683
1999-06-21,13.221
1999-06-22,4.027
1999-06-23,14.529
1999-06-24,16.02
1999-06-25,13.297
1999-06-26,12.313
1999-06-27,5.937
1999-06-28,4.284
1999-06-29,5.24
1999-06-30,7.926
1999-07-01,9.188
1999-07-02,9.649
1999-07-03,9.361
1999-07-04,10.451
1999-07-05,13.254
1999-07-06,10.245
1999-07-07,5.601
1999-07-08,12.845
1999-07-09,13.184
1999-07-10,4.148
1999-07-11,7.154
1999-07-12,16.002
1999-07-13,15.891
1999-07-14,10.08
1999-07-15,7.002
1999-07-16,14.6
1999-07-17,13.176
1999-07-18,11.428
1999-07-19,13.877
1999-07-20,8.377
1999-07-21,3.802
1999-07-22,4.383
1999-07-23,12.459
1999-07-24,11.423
1999-07-25,12.299
1999-07-26,5.812
1999-07-27,9.426
1999-07-28,10.477
1999-07-29,8.613
1999-07-30,7.158
1999-07-31,8.207
1999-08-01,6.198
1999-08-02,15.036
1999-08-03,14.934
1999-08-04,14.749
1999-08-05,12.484
1999-08-06,4.385
1999-08-07,5.439
1999-08-08,11.972
1999-08-09,12.83
1999-08-10,5.156
1999-08-11,3.361
1999-08-12,4.468
1999-08-13,13.683
1999-08-14,4.25
1999-08-15,5.425
1999-08-16,7.137
1999-08-17,10.797
1999-08-18,4.439
1999-08-19,9.616
1999-08-20,14.763
1999-08-21,8.454
1999-08-22,10.108
1999-08-23,11.736
1999-08-24,3.795
1999-08-25,6.595
1999-08-26,16.343
1999-08-27,7.023
1999-08-28,6.091
1999-08-29,12.693
1999-08-30,7.027
1999-08-31,10.911
1999-09-01,11.603
1999-09-02,4.415
1999-09-03,16.395
1999-09-04,6.146
1999-09-05,14.903
1999-09-06,13.18
1999-09-07,14.67
1999-09-08,11.84
1999-09-09,11.867
1999-09-10,8.68
1999-09-11,7.079
1999-09-12,7.302
1999-09-13,4.55
1999-09-14,11.265
1999-09-15,5.359
1999-09-16,14.413
1999-09-17,6.651
1999-09-18,10.407
1999-09-19,13.547
1999-09-20,8.143
1999-09-21,16.004
1999-09-22,14.006
1999-09-23,14.52
1999-09-24,10.115
1999-09-25,10.641
1999-09-26,14.128
1999-09-27,15.885
1999-09-28,8.864
1999-09-29,9.664
1999-09-30,11.068
1999-10-01,14.252
1999-10-02,9.203
1999-10-03,6.047
1999-10-04,15.704
1999-10-05,5.811
1999-10-06,7.781
1999-10-07,6.881
1999-10-08,4.5
1999-10-09,13.681
1999-10-10,15.798
1999-10-11,14.453
1999-10-12,14.368
1999-10-13,5.895
1999-10-14,8.252
1999-10-15,6.245
1999-10-16,11.06
1999-10-17,12.017
1999-10-18,6.475
1999-10-19,7.479
1999-10-20,14.002
1999-10-21,7.705
1999-10-22,8.627
1999-10-23,9.239
1999-10-24,11.016
1999-10-25,4.616
1999-10-26,4.871
1999-10-27,13.261
1999-10-28,14.229
1999-10-29,12.389
1999-10-30,8.124
1999-10-31,13.157
1999-11-01,14.793
1999-11-02,16.335
1999-11-03,7.418
1999-11-04,14.76
1999-11-05,12.044
1999-11-06,4.622
1999-11-07,8.231
1999-11-08,10.803
1999-11-09,11.36
1999-11-10,14.545
1999-11-11,7.676
1999-11-12,5.515
1999-11-13,12.441
1999-11-14,3.906
1999-11-15,6.113
1999-11-16,5.053
1999-11-17,4.285
1999-11-18,6.264
1999-11-19,8.005
1999-11-20,9.869
1999-11-21,9.156
1999-11-22,10.615
1999-11-23,13.885
1999-11-24,9.675
1999-11-25,9.615
1999-11-26,8.642
1999-11-27,6.161
1999-11-28,8.082
1999-11-29,10.001
1999-11-30,7.76
1999-12-01,7.408
1999-12-02,8.647
1999-12-03,9.577
1999-12-04,9.106
1999-12-05,16.309
1999-12-06,6.224
1999-12-07,13.145
1999-12-08,14.726
1999-12-09,5.69
1999-12-10,13.466
1999-12-11,8.945
1999-12-12,7.289
1999-12-13,14.281
1999-12-14,13.29
1999-12-15,7.093
1999-12-16,6.891
1999-12-17,13.068
1999-12-18,16.062
1999-12-19,16.36
1999-12-20,10.136
1999-12-21,4.935
1999-12-22,7.786
1999-12-23,8.828
1999-12-24,11.498
1999-12-25,10.131
1999-12-26,14.034
1999-12-27,16.095
1999-12-28,8.956
1999-12-29,15.925
1999-12-30,9.247
1999-12-31,10.899
2000-01-01,10.82
2000-01-02,15.973
2000-01-03,13.829
2000-01-04,8.887
2000-01-05,3.89
2000-01-06,9.847
2000-01-07,13.571
2000-01-08,7.071
2000-01-09,16.34
2000-01-10,6.043
2000-01-11,12.41
2000-01-12,4.06
2000-01-13,12.107
2000-01-14,15.3
2000-01-15,6.204
2000-01-16,12.43
2000-01-17,8.191
2000-01-18,12.222
2000-01-19,6.192
2000-01-20,4.312
2000-01-21,4.386
2000-01-22,5.686
2000-01-23,5.819
2000-01-24,10.801
2000-01-25,4.493
2000-01-26,11.716
2000-01-27,7.266
2000-01-28,5.365
2000-01-29,7.553
2000-01-30,3.371
2000-01-31,12.137
2000-02-01,14.673
2000-02-02,9.686
2000-02-03,3.404
2000-02-04,9.059
2000-02-05,15.748
2000-02-06,12.248
2000-02-07,7.102
2000-02-08,13.288
2000-02-09,16.021
2000-02-10,13.629
2000-02-11,12.156
2000-02-12,13.818
2000-02-13,16.407
2000-02-14,15.581
2000-02-15,8.682
2000-02-16,5.754
2000-02-17,4.722
2000-02-18,6.983
2000-02-19,5.221
2000-02-20,16.325
2000-02-21,9.036
2000-02-22,12.312
2000-02-23,11.838
2000-02-24,14.883
2000-02-25,9.059
2000-02-26,11.225
2000-02-27,16.012
2000-02-28,8.19
2000-02-29,15.233
2000-03-01,9.257
2000-03-02,12.16
2000-03-03,14.709
2000-03-04,15.275
2000-03-05,10.835
2000-03-06,5.606
2000-03-07,7.663
2000-03-08,3.597
2000-03-09,11.557
2000-03-10,4.94
2000-03-11,12.018
2000-03-12,3.478
2000-03-13,11.094
2000-03-14,15.999
2000-03-15,16.402
2000-03-16,7.824
2000-03-17,6.788
2000-03-18,11.469
2000-03-19,7.776
2000-03-20,16.18
2000-03-21,4.803
2000-03-22,5.751
2000-03-23,5.536
2000-03-24,13.804
2000-03-25,4.028
2000-03-26,11.101
2000-03-27,3.577
2000-03-28,14.372
2000-03-29,13.972
2000-03-30,6.909
2000-03-31,10.64
2000-04-01,10.124
2000-04-02,5.516
2000-04-03,10.532
2000-04-04,7.399
2000-04-05,6.972
2000-04-06,16.063
2000-04-07,3.901
2000-04-08,3.915
2000-04-09,3.485
2000-04-10,11.643
2000-04-11,10.839
2000-04-12,15.149
2000-04-13,5.32
2000-04-14,11.446
2000-04-15,14.4
2000-04-16,15.887
2000-04-17,5.094
2000-04-18,12.273
2000-04-19,15.4
2000-04-20,8.233
2000-04-21,7.546
2000-04-22,15.069
2000-04-23,12.702
2000-04-24,11.594
2000-04-25,13.103
2000-04-26,6.981
2000-04-27,10.214
2000-04-28,12.384
2000-04-29,6.566
2000-04-30,4.165
2000-05-01,14.333
2000-05-02,7.907
2000-05-03,3.546
2000-05-04,6.171
2000-05-05,13.116
2000-05-06,7.78
2000-05-07,6.009
2000-05-08,14.958
2000-05-09,6.199
2000-05-10,5.342
2000-05-11,5.432
2000-05-12,5.436
2000-05-13,3.562
2000-05-14,14.956
2000-05-15,12.309
2000-05-16,9.911
2000-05-17,7.84
2000-05-18,7.437
2000-05-19,13.143
2000-05-20,9.269
2000-05-21,11.786
2000-05-22,15.998
2000-05-23,6.952
2000-05-24,4.613
2000-05-25,14.183
2000-05-26,5.846
2000-05-27,16.229
2000-05-28,6.075
2000-05-29,14.009
2000-05-30,8.809
2000-05-31,15.544
2000-06-01,14.953
2000-06-02,4.825
2000-06-03,8.681
2000-06-04,14.204
2000-06-05,11.338
2000-06-06,13.529
2000-06-07,9.027
2000-06-08,10.667
2000-06-09,6.63
2000-06-10,5.766
2000-06-11,3.368
2000-06-12,8.727
2000-06-13,8.668
2000-06-14,16.13
2000-06-15,16.376
2000-06-16,15.731
2000-06-17,4.09
2000-06-18,14.938
2000-06-19,7.823
2000-06-20,4.015
2000-06-21,15.156
2000-06-22,5.83
2000-06-23,15.04
2000-06-24,8.776
2000-06-25,8.939
2000-06-26,8.98
2000-06-27,8.213
2000-06-28,15.772
2000-06-29,6.009
2000-06-30,6.762
2000-07-01,6.136
2000-07-02,6.281
2000-07-03,8.727
2000-07-04,15.108
2000-07-05,5.766
2000-07-06,10.867
2000-07-07,3.716
2000-07-08,8.186
2000-07-09,9.051
2000-07-10,3.495
2000-07-11,7.372
2000-07-12,8.563
2000-07-13,6.772
2000-07-14,5.77
2000-07-15,9.115
2000-07-16,8.801
2000-07-17,15.31
2000-07-18,8.68
2000-07-19,4.618
2000-07-20,6.459
2000-07-21,10.999
2000-07-22,4.6
2000-07-23,11.779
2000-07-24,16.303
2000-07-25,14.691
2000-07-26,5.211
2000-07-27,16.368
2000-07-28,5.473
2000-07-29,6.715
2000-07-30,9.513
2000-07-31,6.895
2000-08-01,13.608
2000-08-02,14.977
2000-08-03,11.452
2000-08-04,5.234
2000-08-05,12.858
2000-08-06,13.426
2000-08-07,8.336
2000-08-08,8.743
2000-08-09,3.918
2000-08-10,12.745
2000-08-11,5.49
2000-08-12,15.772
2000-08-13,15.42
2000-08-14,8.489
2000-08-15,8.219
2000-08-16,11.27
2000-08-17,9.502
2000-08-18,13.033
2000-08-19,8.621
2000-08-20,14.465
2000-08-21,11.103
2000-08-22,9.487
2000-08-23,11.254
2000-08-24,9.231
2000-08-25,6.428
2000-08-26,8.98
2000-08-27,8.624
2000-08-28,5.175
2000-08-29,6.772
2000-08-30,13.244
2000-08-31,14.349
2000-09-01,11.733
2000-09-02,9.216
2000-09-03,14.067
2000-09-04,7.05
2000-09-05,14.759
2000-09-06,11.845
2000-09-07,10.523
2000-09-08,7.299
2000-09-09,5.363
2000-09-10,9.364
2000-09-11,4.549
2000-09-12,10.228
2000-09-13,11.437
2000-09-14,7.991
2000-09-15,6.775
2000-09-16,9.014
2000-09-17,7.614
2000-09-18,12.88
2000-09-19,13.047
2000-09-20,13.333
2000-09-21,10.44
2000-09-22,10.974
2000-09-23,4.391
2000-09-24,14.239
2000-09-25,13.875
2000-09-26,7.602
2000-09-27,6.292
2000-09-28,9.312
2000-09-29,12.332
2000-09-30,13.823
2000-10-01,9.764
2000-10-02,8.732
2000-10-03,15.605
2000-10-04,15.707
2000-10-05,7.952
2000-10-06,13.723
2000-10-07,10.267
2000-10-08,7.145
2000-10-09,3.404
2000-10-10,14.006
2000-10-11,4.805
2000-10-12,15.269
2000-10-13,6.033
2000-10-14,4.064
2000-10-15,7.599
2000-10-16,4.197
2000-10-17,9.206
2000-10-18,9.648
2000-10-19,3.968
2000-10-20,9.165
2000-10-21,13.7
2000-10-22,7.64
2000-10-23,11.883
2000-10-24,3.41
2000-10-25,8.316
2000-10-26,3.771
2000-10-27,13.232
2000-10-28,13.288
2000-10-29,16.256
2000-10-30,3.467
2000-10-31,10.676
2000-11-01,4.531
2000-11-02,12.732
2000-11-03,13.528
2000-11-04,10.683
2000-11-05,5.947
2000-11-06,7.606
2000-11-07,7.309
2000-11-08,16.24
2000-11-09,12.69
2000-11-10,5.995
2000-11-11,16.332
2000-11-12,6.492
2000-11-13,12.87
2000-11-14,5.942
2000-11-15,10.504
2000-11-16,10.148
2000-11-17,12.91
2000-11-18,13.716
2000-11-19,4.678
2000-11-20,15.644
2000-11-21,6.106
2000-11-22,6.784
2000-11-23,9.256
2000-11-24,14.516
2000-11-25,9.761
2000-11-26,7.421
2000-11-27,13.068
2000-11-28,6.7
2000-11-29,12.729
2000-11-30,7.578
2000-12-01,9.158
2000-12-02,7.608
2000-12-03,7.948
2000-12-04,14.93
2000-12-05,6.16
2000-12-06,4.575
2000-12-07,16.092
2000-12-08,6.686
2000-12-09,5.6
2000-12-10,5.428
2000-12-11,13.634
2000-12-12,5.403
2000-12-13,11.207
2000-12-14,15.591
2000-12-15,10.364
2000-12-16,14.844
2000-12-17,6.555
2000-12-18,7.331
2000-12-19,4.084
2000-12-20,9.274
2000-12-21,4.659
2000-12-22,12.054
2000-12-23,15.644
2000-12-24,5.464
2000-12-25,11.053
2000-12-26,4.18
2000-12-27,13.832
2000-12-28,13.268
2000-12-29,6.45
2000-12-30,14.934
2000-12-31,4.095
2001-01-01,7.373
2001-01-02,14.938
2001-01-03,5.562
2001-01-04,7.633
2001-01-05,9.427
2001-01-06,8.885
2001-01-07,7.586
2001-01-08,13.116
2001-01-09,5.811
2001-01-10,13.392
2001-01-11,7.733
2001-01-12,7.527
2001-01-13,14.082
2001-01-14,9.642
2001-01-15,14.73
2001-01-16,6.482
2001-01-17,13.834
2001-01-18,10.737
2001-01-19,4.347
2001-01-20,10.401
2001-01-21,12.752
2001-01-22,10.725
2001-01-23,6.07
2001-01-24,9.143
2001-01-25,11.397
2001-01-26,6.769
2001-01-27,8.019
2001-01-28,7.909
2001-01-29,7.386
2001-01-30,15.243
2001-01-31,6.969
2001-02-01,3.672
2001-02-02,9.183
2001-02-03,15.182
2001-02-04,16.217
2001-02-05,13.324
2001-02-06,7.815
2001-02-07,9.381
2001-02-08,10.926
2001-02-09,9.426
2001-02-10,12.758
2001-02-11,5.918
2001-02-12,4.999
2001-02-13,6.308
2001-02-14,6.641
2001-02-15,6.936
2001-02-16,6.486
2001-02-17,9.025
2001-02-18,11.674
2001-02-19,13.028
2001-02-20,4.474
2001-02-21,12.664
2001-02-22,7.611
2001-02-23,3.776
2001-02-24,10.548
2001-02-25,15.701
2001-02-26,4.443
2001-02-27,4.597
2001-02-28,4.147
2001-03-01,11.491
2001-03-02,15.03
2001-03-03,16.374
2001-03-04,14.441
2001-03-05,9.668
2001-03-06,15.533
2001-03-07,3.606
2001-03-08,9.018
2001-03-09,7.245
2001-03-10,5.365
2001-03-11,14.558
2001-03-12,5.724
2001-03-13,10.859
2001-03-14,11.957
2001-03-15,12.764
2001-03-16,4.392
2001-03-17,11.128
2001-03-18,9.199
2001-03-19,11.093
2001-03-20,15.466
2001-03-21,8.801
2001-03-22,12.327
2001-03-23,8.486
2001-03-24,14.536
2001-03-25,9.555
2001-03-26,3.69
2001-03-27,12.421
2001-03-28,11.415
2001-03-29,11.459
2001-03-30,13.443
2001-03-31,12.63
2001-04-01,3.63
2001-04-02,4.781
2001-04-03,12.184
2001-04-04,11.062
2001-04-05,12.266
2001-04-06,13.586
2001-04-07,6.197
2001-04-08,5.212
2001-04-09,5.172
2001-04-10,7.931
2001-04-11,8.334
2001-04-12,15.836
2001-04-13,16.209
2001-04-14,11.932
2001-04-15,4.21
2001-04-16,11.419
2001-04-17,13.391
2001-04-18,11.703
2001-04-19,6.118
2001-04-20,9.097
2001-04-21,10.116
2001-04-22,9.792
2001-04-23,3.849
2001-04-24,7.553
2001-04-25,5.255
2001-04-26,9.323
2001-04-27,4.208
2001-04-28,7.454
2001-04-29,7.965
2001-04-30,7.861
2001-05-01,3.991
2001-05-02,12.183
2001-05-03,12.88
2001-05-04,4.816
2001-05-05,9.242
2001-05-06,5.811
2001-05-07,10.161
2001-05-08,11.353
2001-05-09,9.413
2001-05-10,15.619
2001-05-11,10.798
2001-05-12,9.377
2001-05-13,13.967
2001-05-14,6.872
2001-05-15,11.223
2001-05-16,5.506
2001-05-17,10.022
2001-05-18,13.104
2001-05-19,10.283
2001-05-20,9.167
2001-05-21,13.112
2001-05-22,12.645
2001-05-23,8.274
2001-05-24,10.186
2001-05-25,16.164
2001-05-26,11.769
2001-05-27,3.686
2001-05-28,14.516
2001-05-29,14.116
2001-05-30,4.774
2001-05-31,12.178
2001-06-01,11.858
2001-06-02,14.09
2001-06-03,14.312
2001-06-04,5.18
2001-06-05,6.385
2001-06-06,12.662
2001-06-07,8.343
2001-06-08,15.446
2001-06-09,5.363
2001-06-10,16.126
2001-06-11,4.293
2001-06-12,14.205
2001-06-13,4.552
2001-06-14,3.974
2001-06-15,6.4
2001-06-16,9.516
2001-06-17,14.791
2001-06-18,14.518
2001-06-19,10.444
2001-06-20,7.165
2001-06-21,15.179
2001-06-22,4.325
2001-06-23,5.375
2001-06-24,5.851
2001-06-25,8.909
2001-06-26,11.854
2001-06-27,8.634
2001-06-28,14.212
2001-06-29,13.721
2001-06-30,5.505
2001-07-01,13.512
2001-07-02,4.369
2001-07-03,12.712
2001-07-04,5.529
2001-07-05,10.923
2001-07-06,11.448
2001-07-07,10.793
2001-07-08,15.972
2001-07-09,8.234
2001-07-10,15.807
2001-07-11,14.308
2001-07-12,3.55
2001-07-13,5.619
2001-07-14,3.679
2001-07-15,10.099
2001-07-16,4.127
2001-07-17,6.637
2001-07-18,4.153
2001-07-19,6.157
2001-07-20,3.404
2001-07-21,13.141
2001-07-22,6.035
2001-07-23,9.084
2001-07-24,13.585
2001-07-25,7.803
2001-07-26,16.391
2001-07-27,8.78
2001-07-28,6.038
2001-07-29,7.786
2001-07-30,7.879
2001-07-31,9.163
2001-08-01,4.918
2001-08-02,11.733
2001-08-03,15.586
2001-08-04,5.727
2001-08-05,7.285
2001-08-06,6.277
2001-08-07,15.483
2001-08-08,6.552
2001-08-09,11.586
2001-08-10,5.466
2001-08-11,12.893
2001-08-12,14.283
2001-08-13,15.326
2001-08-14,15.638
2001-08-15,16.381
2001-08-16,7.8
2001-08-17,9.919
2001-08-18,11.208
2001-08-19,9.998
2001-08-20,7.318
2001-08-21,5.658
2001-08-22,5.438
2001-08-23,8.951
2001-08-24,6.118
2001-08-25,5.775
2001-08-26,7.078
2001-08-27,7.928
2001-08-28,4.839
2001-08-29,16.225
2001-08-30,6.911
2001-08-31,15.016
2001-09-01,9.298
2001-09-02,9.212
2001-09-03,11.847
2001-09-04,11.09
2001-09-05,12.231
2001-09-06,6.436
2001-09-07,13.0
2001-09-08,12.122
2001-09-09,14.572
2001-09-10,10.66
2001-09-11,14.193
2001-09-12,7.393
2001-09-13,13.253
2001-09-14,8.193
2001-09-15,10.326
2001-09-16,6.748
2001-09-17,5.843
2001-09-18,4.112
2001-09-19,15.385
2001-09-20,6.259
2001-09-21,11.518
2001-09-22,11.233
2001-09-23,13.406
2001-09-24,11.987
2001-09-25,12.035
2001-09-26,7.105
2001-09-27,7.684
2001-09-28,12.267
2001-09-29,8.04
2001-09-30,12.94
2001-10-01,8.302
2001-10-02,9.718
2001-10-03,10.419
2001-10-04,12.898
2001-10-05,15.899
2001-10-06,13.361
2001-10-07,4.434
2001-10-08,7.771
2001-10-09,10.498
2001-10-10,12.971
2001-10-11,12.283
2001-10-12,13.671
2001-10-13,7.236
2001-10-14,5.985
2001-10-15,8.119
2001-10-16,7.13
2001-10-17,9.808
2001-10-18,12.675
2001-10-19,8.448
2001-10-20,11.084
2001-10-21,10.726
2001-10-22,6.714
2001-10-23,6.629
2001-10-24,3.716
2001-10-25,10.816
2001-10-26,6.088
2001-10-27,7.301
2001-10-28,7.108
2001-10-29,11.738
2001-10-30,4.805
2001-10-31,16.218
2001-11-01,13.308
2001-11-02,10.567
2001-11-03,8.543
2001-11-04,5.296
2001-11-05,13.904
2001-11-06,3.749
2001-11-07,11.8
2001-11-08,14.788
2001-11-09,6.989
2001-11-10,7.123
2001-11-11,12.016
2001-11-12,10.125
2001-11-13,14.85
2001-11-14,10.247
2001-11-15,7.282
2001-11-16,5.814
2001-11-17,12.981
2001-11-18,14.492
2001-11-19,4.926
2001-11-20,6.25
2001-11-21,15.067
2001-11-22,15.441
2001-11-23,12.021
2001-11-24,11.165
2001-11-25,9.367
2001-11-26,4.709
2001-11-27,7.706
2001-11-28,15.733
2001-11-29,4.62
2001-11-30,9.749
2001-12-01,6.865
2001-12-02,4.715
2001-12-03,4.261
2001-12-04,5.831
2001-12-05,15.354
2001-12-06,11.158
2001-12-07,14.267
2001-12-08,4.982
2001-12-09,8.372
2001-12-10,16.11
2001-12-11,7.067
2001-12-12,8.345
2001-12-13,9.189
2001-12-14,7.126
2001-12-15,11.26
2001-12-16,16.065
2001-12-17,6.333
2001-12-18,15.975
2001-12-19,9.042
2001-12-20,14.812
2001-12-21,10.779
2001-12-22,12.463
2001-12-23,15.058
2001-12-24,9.02
2001-12-25,15.191
2001-12-26,4.591
2001-12-27,6.964
2001-12-28,15.711
2001-12-29,15.331
2001-12-30,7.136
2001-12-31,12.478
2002-01-01,14.517
2002-01-02,7.063
2002-01-03,4.609
2002-01-04,14.319
2002-01-05,12.348
2002-01-06,5.025
2002-01-07,14.395
2002-01-08,12.834
2002-01-09,3.866
2002-01-10,8.228
2002-01-11,12.187
2002-01-12,10.525
2002-01-13,6.142
2002-01-14,4.633
2002-01-15,4.764
2002-01-16,6.063
2002-01-17,5.473
2002-01-18,5.026
2002-01-19,9.337
2002-01-20,7.909
2002-01-21,5.21
2002-01-22,13.867
2002-01-23,9.154
2002-01-24,14.698
2002-01-25,11.174
2002-01-26,5.696
2002-01-27,12.908
2002-01-28,7.795
2002-01-29,13.19
2002-01-30,14.397
2002-01-31,13.262
2002-02-01,16.311
2002-02-02,4.361
2002-02-03,15.243
2002-02-04,15.269
2002-02-05,4.529
2002-02-06,9.706
2002-02-07,10.938
2002-02-08,13.561
2002-02-09,8.655
2002-02-10,13.893
2002-02-11,7.634
2002-02-12,7.136
2002-02-13,6.599
2002-02-14,4.761
2002-02-15,3.361
2002-02-16,4.617
2002-02-17,12.282
2002-02-18,13.183
2002-02-19,14.186
2002-02-20,10.265
2002-02-21,10.076
2002-02-22,8.178
2002-02-23,7.786
2002-02-24,16.242
2002-02-25,4.141
2002-02-26,9.382
2002-02-27,9.586
2002-02-28,12.648
2002-03-01,15.105
2002-03-02,8.612
2002-03-03,14.287
2002-03-04,9.312
2002-03-05,9.725
2002-03-06,3.832
2002-03-07,11.756
2002-03-08,5.988
2002-03-09,7.737
2002-03-10,7.974
2002-03-11,11.963
2002-03-12,15.395
2002-03-13,8.9
2002-03-14,14.186
2002-03-15,8.401
2002-03-16,10.641
2002-03-17,10.275
2002-03-18,10.332
2002-03-19,15.088
2002-03-20,10.5
2002-03-21,15.177
2002-03-22,12.415
2002-03-23,16.292
2002-03-24,8.201
2002-03-25,4.106
2002-03-26,4.376
2002-03-27,7.104
2002-03-28,6.196
2002-03-29,5.628
2002-03-30,6.788
2002-03-31,8.76
2002-04-01,10.492
2002-04-02,6.281
2002-04-03,15.328
2002-04-04,13.192
2002-04-05,8.295
2002-04-06,5.792
2002-04-07,9.358
2002-04-08,4.694
2002-04-09,16.014
2002-04-10,7.165
2002-04-11,6.882
2002-04-12,8.068
2002-04-13,12.531
2002-04-14,6.567
2002-04-15,12.033
2002-04-16,4.914
2002-04-17,15.494
2002-04-18,13.227
2002-04-19,12.92
2002-04-20,13.349
2002-04-21,12.188
2002-04-22,6.49
2002-04-23,12.289
2002-04-24,5.697
2002-04-25,4.541
2002-04-26,5.275
2002-04-27,13.936
2002-04-28,3.628
2002-04-29,8.016
2002-04-30,13.46
2002-05-01,9.524
2002-05-02,13.868
2002-05-03,6.295
2002-05-04,5.041
2002-05-05,10.382
2002-05-06,12.671
2002-05-07,6.688
2002-05-08,3.747
2002-05-09,7.864
2002-05-10,12.171
2002-05-11,4.966
2002-05-12,16.189
2002-05-13,8.849
2002-05-14,10.391
2002-05-15,6.136
2002-05-16,5.104
2002-05-17,3.89
2002-05-18,3.699
2002-05-19,6.134
2002-05-20,15.731
2002-05-21,14.663
2002-05-22,3.62
2002-05-23,6.603
2002-05-24,6.139
2002-05-25,6.431
2002-05-26,12.535
2002-05-27,7.356
2002-05-28,4.102
2002-05-29,15.978
2002-05-30,14.596
2002-05-31,7.724
2002-06-01,5.779
2002-06-02,5.634
2002-06-03,6.625
2002-06-04,9.92
2002-06-05,10.226
2002-06-06,9.835
2002-06-07,10.013
2002-06-08,5.882
2002-06-09,4.167
2002-06-10,13.284
2002-06-11,9.761
2002-06-12,7.436
2002-06-13,5.422
2002-06-14,14.987
2002-06-15,16.287
2002-06-16,9.188
2002-06-17,14.408
2002-06-18,3.823
2002-06-19,6.829
2002-06-20,15.358
2002-06-21,4.213
2002-06-22,15.012
2002-06-23,9.889
2002-06-24,10.355
2002-06-25,3.967
2002-06-26,3.447
2002-06-27,5.687
2002-06-28,14.041
2002-06-29,4.071
2002-06-30,10.9
2002-07-01,7.609
2002-07-02,12.816
2002-07-03,5.376
2002-07-04,3.843
2002-07-05,13.831
2002-07-06,7.236
2002-07-07,11.097
2002-07-08,12.575
2002-07-09,14.669
2002-07-10,9.668
2002-07-11,5.734
2002-07-12,16.151
2002-07-13,15.087
2002-07-14,4.015
2002-07-15,3.354
2002-07-16,4.836
2002-07-17,6.05
2002-07-18,5.652
2002-07-19,6.505
2002-07-20,15.325
2002-07-21,10.442
2002-07-22,13.617
2002-07-23,11.042
2002-07-24,7.497
2002-07-25,15.515
2002-07-26,15.752
2002-07-27,6.533
2002-07-28,13.885
2002-07-29,4.181
2002-07-30,13.483
2002-07-31,7.245
2002-08-01,3.705
2002-08-02,12.846
2002-08-03,8.198
2002-08-04,5.491
2002-08-05,14.605
2002-08-06,4.262
2002-08-07,5.801
2002-08-08,13.937
2002-08-09,3.635
2002-08-10,5.388
2002-08-11,9.353
2002-08-12,4.634
2002-08-13,11.318
2002-08-14,4.901
2002-08-15,8.205
2002-08-16,14.588
2002-08-17,10.998
2002-08-18,12.011
2002-08-19,5.402
2002-08-20,6.607
2002-08-21,7.176
2002-08-22,10.03
2002-08-23,14.672
2002-08-24,11.399
2002-08-25,5.697
2002-08-26,8.033
2002-08-27,3.465
2002-08-28,16.166
2002-08-29,7.145
2002-08-30,7.634
2002-08-31,10.795
2002-09-01,11.602
2002-09-02,9.623
2002-09-03,4.401
2002-09-04,4.172
2002-09-05,10.123
2002-09-06,11.781
2002-09-07,7.897
2002-09-08,6.101
2002-09-09,6.864
2002-09-10,6.294
2002-09-11,10.689
2002-09-12,11.848
2002-09-13,7.496
2002-09-14,7.184
2002-09-15,4.444
2002-09-16,13.311
2002-09-17,13.465
2002-09-18,6.526
2002-09-19,6.948
2002-09-20,9.048
2002-09-21,8.62
2002-09-22,11.881
2002-09-23,14.753
2002-09-24,15.404
2002-09-25,5.588
2002-09-26,13.036
2002-09-27,7.718
2002-09-28,10.565
2002-09-29,16.098
2002-09-30,6.242
2002-10-01,15.148
2002-10-02,8.979
2002-10-03,11.641
2002-10-04,16.149
2002-10-05,16.371
2002-10-06,3.744
2002-10-07,5.113
2002-10-08,9.361
2002-10-09,14.107
2002-10-10,9.334
2002-10-11,12.134
2002-10-12,11.441
2002-10-13,14.12
2002-10-14,12.015
2002-10-15,10.592
2002-10-16,6.11
2002-10-17,8.694
2002-10-18,11.097
2002-10-19,5.705
2002-10-20,11.832
2002-10-21,11.151
2002-10-22,7.212
2002-10-23,8.862
2002-10-24,11.423
2002-10-25,13.441
2002-10-26,14.419
2002-10-27,13.884
2002-10-28,7.844
2002-10-29,6.39
2002-10-30,14.655
2002-10-31,6.557
2002-11-01,3.585
2002-11-02,5.63
2002-11-03,9.803
2002-11-04,15.327
2002-11-05,15.511
2002-11-06,4.755
2002-11-07,15.727
2002-11-08,12.573
2002-11-09,8.189
2002-11-10,13.434
2002-11-11,10.944
2002-11-12,13.569
2002-11-13,9.03
2002-11-14,4.534
2002-11-15,13.158
2002-11-16,10.475
2002-11-17,15.634
2002-11-18,7.593
2002-11-19,4.847
2002-11-20,7.383
2002-11-21,10.353
2002-11-22,5.252
2002-11-23,16.045
2002-11-24,10.36
2002-11-25,4.173
2002-11-26,9.581
2002-11-27,9.779
2002-11-28,11.492
2002-11-29,5.032
2002-11-30,11.07
2002-12-01,7.965
2002-12-02,3.704
2002-12-03,5.31
2002-12-04,6.66
2002-12-05,14.512
2002-12-06,5.462
2002-12-07,7.555
2002-12-08,4.456
2002-12-09,14.255
2002-12-10,15.939
2002-12-11,8.669
2002-12-12,14.682
2002-12-13,6.605
2002-12-14,8.947
2002-12-15,12.43
2002-12-16,4.991
2002-12-17,7.72
2002-12-18,11.955
2002-12-19,16.086
2002-12-20,9.483
2002-12-21,10.507
2002-12-22,12.602
2002-12-23,14.3
2002-12-24,15.496
2002-12-25,7.137
2002-12-26,14.828
2002-12-27,3.723
2002-12-28,12.673
2002-12-29,3.358
2002-12-30,10.292
2002-12-31,11.128
2003-01-01,11.695
2003-01-02,10.676
2003-01-03,13.085
2003-01-04,10.486
2003-01-05,15.144
2003-01-06,5.664
2003-01-07,3.843
2003-01-08,9.153
2003-01-09,5.778
2003-01-10,7.343
2003-01-11,13.377
2003-01-12,7.97
2003-01-13,3.47
2003-01-14,15.432
2003-01-15,6.334
2003-01-16,14.079
2003-01-17,12.812
2003-01-18,4.401
2003-01-19,8.892
2003-01-20,14.04
2003-01-21,10.664
2003-01-22,4.219
2003-01-23,13.411
2003-01-24,6.096
2003-01-25,14.4
2003-01-26,13.109
2003-01-27,7.083
2003-01-28,12.773
2003-01-29,5.348
2003-01-30,9.043
2003-01-31,3.603
2003-02-01,8.054
2003-02-02,13.961
2003-02-03,4.564
2003-02-04,14.087
2003-02-05,5.397
2003-02-06,8.5
2003-02-07,15.969
2003-02-08,3.413
2003-02-09,4.647
2003-02-10,4.726
2003-02-11,13.952
2003-02-12,14.062
2003-02-13,10.647
2003-02-14,7.184
2003-02-15,15.143
2003-02-16,13.825
2003-02-17,16.306
2003-02-18,15.038
2003-02-19,12.155
2003-02-20,8.278
2003-02-21,3.562
2003-02-22,6.264
2003-02-23,15.297
2003-02-24,15.448
2003-02-25,5.538
2003-02-26,5.115
2003-02-27,4.186
2003-02-28,6.658
2003-03-01,8.94
2003-03-02,6.046
2003-03-03,12.307
2003-03-04,10.404
2003-03-05,10.015
2003-03-06,10.255
2003-03-07,15.505
2003-03-08,13.05
2003-03-09,7.466
2003-03-10,15.635
2003-03-11,15.727
2003-03-12,14.101
2003-03-13,3.973
2003-03-14,4.071
2003-03-15,10.685
2003-03-16,5.599
2003-03-17,9.679
2003-03-18,14.707
2003-03-19,7.296
2003-03-20,12.816
2003-03-21,13.623
2003-03-22,12.411
2003-03-23,5.091
2003-03-24,7.908
2003-03-25,15.042
2003-03-26,11.152
2003-03-27,11.822
2003-03-28,15.96
2003-03-29,15.309
2003-03-30,8.077
2003-03-31,5.95
2003-04-01,12.755
2003-04-02,13.126
2003-04-03,3.402
2003-04-04,5.752
2003-04-05,8.27
2003-04-06,11.212
2003-04-07,8.223
2003-04-08,11.388
2003-04-09,12.267
2003-04-10,6.196
2003-04-11,9.613
2003-04-12,4.153
2003-04-13,14.179
2003-04-14,7.036
2003-04-15,10.491
2003-04-16,10.009
2003-04-17,4.602
2003-04-18,7.959
2003-04-19,6.77
2003-04-20,8.329
2003-04-21,14.868
2003-04-22,3.692
2003-04-23,6.523
2003-04-24,13.383
2003-04-25,15.403
2003-04-26,10.09
2003-04-27,9.768
2003-04-28,15.553
2003-04-29,9.876
2003-04-30,8.35
2003-05-01,15.236
2003-05-02,6.451
2003-05-03,12.309
2003-05-04,5.126
2003-05-05,9.23
2003-05-06,14.722
2003-05-07,13.927
2003-05-08,11.668
2003-05-09,16.25
2003-05-10,14.737
2003-05-11,12.928
2003-05-12,8.64
2003-05-13,8.999
2003-05-14,14.603
2003-05-15,5.457
2003-05-16,11.571
2003-05-17,7.808
2003-05-18,6.821
2003-05-19,4.972
2003-05-20,14.223
2003-05-21,3.889
2003-05-22,7.839
2003-05-23,10.657
2003-05-24,6.122
2003-05-25,4.755
2003-05-26,9.379
2003-05-27,4.731
2003-05-28,10.082
2003-05-29,5.733
2003-05-30,12.351
2003-05-31,14.929
2003-06-01,8.941
2003-06-02,14.542
2003-06-03,10.242
2003-06-04,11.548
2003-06-05,5.0
2003-06-06,3.444
2003-06-07,10.858
2003-06-08,16.346
2003-06-09,5.44
2003-06-10,7.392
2003-06-11,12.568
2003-06-12,15.389
2003-06-13,5.382
2003-06-14,15.107
2003-06-15,13.655
2003-06-16,10.24
2003-06-17,6.348
2003-06-18,13.655
2003-06-19,6.607
2003-06-20,14.001
2003-06-21,14.167
2003-06-22,12.595
2003-06-23,15.279
2003-06-24,15.278
2003-06-25,9.632
2003-06-26,15.325
2003-06-27,8.46
2003-06-28,9.198
2003-06-29,12.476
2003-06-30,7.584
2003-07-01,3.605
2003-07-02,11.863
2003-07-03,7.159
2003-07-04,7.202
2003-07-05,15.532
2003-07-06,10.465
2003-07-07,5.282
2003-07-08,7.269
2003-07-09,8.986
2003-07-10,12.287
2003-07-11,15.751
2003-07-12,5.998
2003-07-13,4.22
2003-07-14,5.928
2003-07-15,5.949
2003-07-16,14.019
2003-07-17,4.743
2003-07-18,14.916
2003-07-19,8.571
2003-07-20,4.463
2003-07-21,16.188
2003-07-22,4.971
2003-07-23,10.839
2003-07-24,8.798
2003-07-25,12.067
2003-07-26,6.964
2003-07-27,8.427
2003-07-28,6.262
2003-07-29,10.551
2003-07-30,15.183
2003-07-31,5.809
2003-08-01,7.143
2003-08-02,14.928
2003-08-03,8.578
2003-08-04,4.192
2003-08-05,10.596
2003-08-06,15.783
2003-08-07,9.363
2003-08-08,12.377
2003-08-09,3.856
2003-08-10,13.105
2003-08-11,8.999
2003-08-12,11.256
2003-08-13,4.565
2003-08-14,13.925
2003-08-15,4.388
2003-08-16,6.178
2003-08-17,10.189
2003-08-18,14.999
2003-08-19,7.228
2003-08-20,13.611
2003-08-21,14.194
2003-08-22,4.53
2003-08-23,12.707
2003-08-24,5.755
2003-08-25,12.258
2003-08-26,13.599
2003-08-27,13.374
2003-08-28,6.692
2003-08-29,7.221
2003-08-30,6.267
2003-08-31,4.773
2003-09-01,11.043
2003-09-02,11.251
2003-09-03,14.469
2003-09-04,10.964
2003-09-05,5.839
2003-09-06,4.744
2003-09-07,15.354
2003-09-08,10.375
2003-09-09,9.579
2003-09-10,14.658
2003-09-11,12.096
2003-09-12,12.527
2003-09-13,12.648
2003-09-14,10.94
2003-09-15,10.92
2003-09-16,14.514
2003-09-17,11.487
2003-09-18,8.904
2003-09-19,8.813
2003-09-20,4.059
2003-09-21,13.511
2003-09-22,10.421
2003-09-23,3.94
2003-09-24,3.408
2003-09-25,4.912
2003-09-26,13.738
2003-09-27,3.989
2003-09-28,13.382
2003-09-29,3.695
2003-09-30,10.212
2003-10-01,6.504
2003-10-02,12.501
2003-10-03,14.671
2003-10-04,9.978
2003-10-05,7.344
2003-10-06,9.109
2003-10-07,7.858
2003-10-08,5.703
2003-10-09,15.659
2003-10-10,16.202
2003-10-11,7.621
2003-10-12,8.677
2003-10-13,6.001
2003-10-14,15.632
2003-10-15,7.239
2003-10-16,6.08
2003-10-17,12.362
2003-10-18,8.877
2003-10-19,6.176
2003-10-20,9.515
2003-10-21,6.139
2003-10-22,9.278
2003-10-23,8.432
2003-10-24,7.545
2003-10-25,9.968
2003-10-26,16.109
2003-10-27,12.035
2003-10-28,6.217
2003-10-29,7.82
2003-10-30,10.243
2003-10-31,5.749
2003-11-01,5.581
2003-11-02,7.71
2003-11-03,15.537
2003-11-04,10.451
2003-11-05,9.216
2003-11-06,3.736
2003-11-07,5.44
2003-11-08,6.118
2003-11-09,3.547
2003-11-10,15.992
2003-11-11,8.747
2003-11-12,12.618
2003-11-13,3.697
2003-11-14,8.376
2003-11-15,5.641
2003-11-16,7.836
2003-11-17,5.309
2003-11-18,11.301
2003-11-19,4.608
2003-11-20,9.304
2003-11-21,14.407
2003-11-22,5.68
2003-11-23,10.56
2003-11-24,3.549
2003-11-25,13.076
2003-11-26,11.945
2003-11-27,6.161
2003-11-28,9.52
2003-11-29,3.459
2003-11-30,7.546
2003-12-01,6.267
2003-12-02,6.762
2003-12-03,9.58
2003-12-04,10.793
2003-12-05,5.157
2003-12-06,7.317
2003-12-07,10.831
2003-12-08,13.002
2003-12-09,5.85
2003-12-10,6.122
2003-12-11,14.174
2003-12-12,10.345
2003-12-13,5.691
2003-12-14,11.686
2003-12-15,10.313
2003-12-16,10.746
2003-12-17,12.979
2003-12-18,6.763
2003-12-19,9.931
2003-12-20,8.921
2003-12-21,10.201
2003-12-22,15.598
2003-12-23,14.682
2003-12-24,8.195
2003-12-25,5.654
2003-12-26,4.206
2003-12-27,7.806
2003-12-28,4.646
2003-12-29,6.114
2003-12-30,15.581
2003-12-31,9.292
2004-01-01,6.55
2004-01-02,14.302
2004-01-03,13.538
2004-01-04,13.906
2004-01-05,6.303
2004-01-06,16.301
2004-01-07,4.531
2004-01-08,11.497
2004-01-09,3.787
2004-01-10,6.28
2004-01-11,5.201
2004-01-12,12.901
2004-01-13,7.411
2004-01-14,9.423
2004-01-15,8.56
2004-01-16,9.517
2004-01-17,8.087
2004-01-18,13.998
2004-01-19,7.771
2004-01-20,12.354
2004-01-21,10.866
2004-01-22,9.706
2004-01-23,12.57
2004-01-24,14.039
2004-01-25,16.345
2004-01-26,5.533
2004-01-27,9.254
2004-01-28,7.621
2004-01-29,16.168
2004-01-30,11.507
2004-01-31,14.739
2004-02-01,15.9
2004-02-02,12.246
2004-02-03,7.084
2004-02-04,11.908
2004-02-05,7.933
2004-02-06,16.09
2004-02-07,9.098
2004-02-08,9.766
2004-02-09,11.389
2004-02-10,14.113
2004-02-11,9.086
2004-02-12,3.693
2004-02-13,9.027
2004-02-14,13.326
2004-02-15,6.723
2004-02-16,15.859
2004-02-17,4.295
2004-02-18,10.598
2004-02-19,8.6
2004-02-20,9.227
2004-02-21,4.962
2004-02-22,5.012
2004-02-23,12.101
2004-02-24,9.199
2004-02-25,16.161
2004-02-26,5.427
2004-02-27,8.151
2004-02-28,9.764
2004-02-29,16.012
2004-03-01,5.708
2004-03-02,5.726
2004-03-03,15.792
2004-03-04,15.8
2004-03-05,10.664
2004-03-06,11.086
2004-03-07,8.195
2004-03-08,3.707
2004-03-09,12.101
2004-03-10,9.682
2004-03-11,9.566
2004-03-12,10.2
2004-03-13,7.993
2004-03-14,9.115
2004-03-15,10.67
2004-03-16,14.63
2004-03-17,12.833
2004-03-18,10.62
2004-03-19,10.731
2004-03-20,5.002
2004-03-21,6.393
2004-03-22,9.446
2004-03-23,13.773
2004-03-24,10.678
2004-03-25,15.515
2004-03-26,12.791
2004-03-27,10.518
2004-03-28,10.947
2004-03-29,12.014
2004-03-30,3.533
2004-03-31,16.081
2004-04-01,4.292
2004-04-02,5.357
2004-04-03,9.999
2004-04-04,14.458
2004-04-05,12.577
2004-04-06,11.884
2004-04-07,5.042
2004-04-08,4.207
2004-04-09,7.957
2004-04-10,5.862
2004-04-11,12.526
2004-04-12,3.729
2004-04-13,8.216
2004-04-14,3.346
2004-04-15,5.606
2004-04-16,15.973
2004-04-17,13.802
2004-04-18,13.719
2004-04-19,10.791
2004-04-20,9.216
2004-04-21,13.499
2004-04-22,11.25
2004-04-23,8.812
2004-04-24,8.229
2004-04-25,13.377
2004-04-26,4.659
2004-04-27,3.541
2004-04-28,11.284
2004-04-29,3.892
2004-04-30,16.033
2004-05-01,13.811
2004-05-02,15.581
2004-05-03,15.314
2004-05-04,3.865
2004-05-05,4.116
2004-05-06,5.04
2004-05-07,15.537
2004-05-08,14.145
2004-05-09,11.22
2004-05-10,11.848
2004-05-11,5.623
2004-05-12,4.347
2004-05-13,7.932
2004-05-14,7.204
2004-05-15,13.645
2004-05-16,14.595
2004-05-17,10.531
2004-05-18,13.09
2004-05-19,12.469
2004-05-20,12.141
2004-05-21,13.803
2004-05-22,14.868
2004-05-23,8.521
2004-05-24,13.478
2004-05-25,9.989
2004-05-26,11.155
2004-05-27,14.855
2004-05-28,10.768
2004-05-29,5.886
2004-05-30,7.684
2004-05-31,13.901
2004-06-01,14.848
2004-06-02,7.54
2004-06-03,12.998
2004-06-04,6.852
2004-06-05,4.425
2004-06-06,9.727
2004-06-07,11.653
2004-06-08,6.253
2004-06-09,15.291
2004-06-10,15.475
2004-06-11,5.273
2004-06-12,8.678
2004-06-13,14.8
2004-06-14,15.103
2004-06-15,11.541
2004-06-16,10.53
2004-06-17,9.297
2004-06-18,4.247
2004-06-19,14.008
2004-06-20,5.875
2004-06-21,12.791
2004-06-22,8.992
2004-06-23,14.084
2004-06-24,6.407
2004-06-25,7.461
2004-06-26,10.846
2004-06-27,9.84
2004-06-28,15.069
2004-06-29,8.178
2004-06-30,9.154
2004-07-01,5.208
2004-07-02,8.199
2004-07-03,12.325
2004-07-04,7.872
2004-07-05,8.501
2004-07-06,8.454
2004-07-07,10.723
2004-07-08,3.362
2004-07-09,3.919
2004-07-10,15.847
2004-07-11,8.863
2004-07-12,3.86
2004-07-13,12.054
2004-07-14,16.208
2004-07-15,13.692
2004-07-16,15.044
2004-07-17,8.481
2004-07-18,15.067
2004-07-19,6.35
2004-07-20,15.874
2004-07-21,13.002
2004-07-22,13.467
2004-07-23,5.335
2004-07-24,9.42
2004-07-25,7.52
2004-07-26,6.128
2004-07-27,13.512
2004-07-28,6.231
2004-07-29,5.929
2004-07-30,15.084
2004-07-31,16.408
2004-08-01,4.206
2004-08-02,10.511
2004-08-03,5.771
2004-08-04,3.952
2004-08-05,6.388
2004-08-06,14.422
2004-08-07,10.248
2004-08-08,6.203
2004-08-09,11.107
2004-08-10,16.352
2004-08-11,15.113
2004-08-12,4.852
2004-08-13,16.182
2004-08-14,7.429
2004-08-15,5.173
2004-08-16,4.355
2004-08-17,14.265
2004-08-18,11.107
2004-08-19,9.854
2004-08-20,6.034
2004-08-21,16.195
2004-08-22,5.505
2004-08-23,15.181
2004-08-24,14.594
2004-08-25,5.151
2004-08-26,8.048
2004-08-27,9.705
2004-08-28,15.78
2004-08-29,16.168
2004-08-30,11.664
2004-08-31,8.015
2004-09-01,4.556
2004-09-02,12.86
2004-09-03,10.829
2004-09-04,8.028
2004-09-05,11.666
2004-09-06,13.478
2004-09-07,5.46
2004-09-08,6.505
2004-09-09,15.904
2004-09-10,10.601
2004-09-11,15.174
2004-09-12,14.099
2004-09-13,9.046
2004-09-14,8.249
2004-09-15,15.634
2004-09-16,16.222
2004-09-17,11.803
2004-09-18,13.733
2004-09-19,9.468
2004-09-20,6.722
2004-09-21,6.176
2004-09-22,15.598
2004-09-23,15.517
2004-09-24,7.297
2004-09-25,6.037
2004-09-26,8.138
2004-09-27,10.723
2004-09-28,6.945
2004-09-29,16.086
2004-09-30,7.496
2004-10-01,7.922
2004-10-02,4.136
2004-10-03,11.184
2004-10-04,13.762
2004-10-05,7.552
2004-10-06,11.272
2004-10-07,12.59
2004-10-08,9.857
2004-10-09,10.819
2004-10-10,9.231
2004-10-11,7.399
2004-10-12,14.432
2004-10-13,7.617
2004-10-14,13.499
2004-10-15,10.664
2004-10-16,10.475
2004-10-17,13.272
2004-10-18,14.084
2004-10-19,10.755
2004-10-20,13.971
2004-10-21,10.413
2004-10-22,15.367
2004-10-23,11.071
2004-10-24,14.275
2004-10-25,9.819
2004-10-26,12.081
2004-10-27,3.7
2004-10-28,13.667
2004-10-29,14.782
2004-10-30,11.386
2004-10-31,10.496
2004-11-01,10.924
2004-11-02,5.036
2004-11-03,7.97
2004-11-04,8.514
2004-11-05,5.406
2004-11-06,13.591
2004-11-07,16.299
2004-11-08,7.763
2004-11-09,11.546
2004-11-10,7.656
2004-11-11,15.754
2004-11-12,4.493
2004-11-13,11.972
2004-11-14,6.522
2004-11-15,9.084
2004-11-16,15.702
2004-11-17,13.462
2004-11-18,10.004
2004-11-19,10.324
2004-11-20,7.746
2004-11-21,4.3
2004-11-22,7.07
2004-11-23,15.857
2004-11-24,13.375
2004-11-25,7.014
2004-11-26,8.863
2004-11-27,5.646
2004-11-28,6.667
2004-11-29,11.526
2004-11-30,4.211
2004-12-01,6.369
2004-12-02,4.297
2004-12-03,15.327
2004-12-04,14.41
2004-12-05,6.4
2004-12-06,15.994
2004-12-07,13.102
2004-12-08,8.694
2004-12-09,16.382
2004-12-10,6.453
2004-12-11,11.706
2004-12-12,5.84
2004-12-13,12.681
2004-12-14,11.977
2004-12-15,13.637
2004-12-16,10.987
2004-12-17,7.424
2004-12-18,5.024
2004-12-19,6.995
2004-12-20,6.914
2004-12-21,11.379
2004-12-22,10.126
2004-12-23,11.456
2004-12-24,10.678
2004-12-25,4.475
2004-12-26,6.118
2004-12-27,6.605
2004-12-28,11.998
2004-12-29,4.459
2004-12-30,7.65
2004-12-31,13.559
2005-01-01,12.168
2005-01-02,11.643
2005-01-03,15.96
2005-01-04,11.599
2005-01-05,13.698
2005-01-06,8.79
2005-01-07,16.191
2005-01-08,12.267
2005-01-09,7.746
2005-01-10,7.817
2005-01-11,8.488
2005-01-12,4.858
2005-01-13,13.245
2005-01-14,6.779
2005-01-15,13.228
2005-01-16,14.176
2005-01-17,7.882
2005-01-18,10.998
2005-01-19,16.158
2005-01-20,5.655
2005-01-21,14.938
2005-01-22,5.728
2005-01-23,15.507
2005-01-24,8.867
2005-01-25,10.176
2005-01-26,4.129
2005-01-27,4.293
2005-01-28,10.829
2005-01-29,8.579
2005-01-30,6.838
2005-01-31,12.931
2005-02-01,4.002
2005-02-02,9.87
2005-02-03,8.492
2005-02-04,5.182
2005-02-05,15.492
2005-02-06,7.68
2005-02-07,5.986
2005-02-08,15.269
2005-02-09,8.979
2005-02-10,5.011
2005-02-11,7.432
2005-02-12,7.004
2005-02-13,4.605
2005-02-14,5.4
2005-02-15,10.646
2005-02-16,8.616
2005-02-17,16.159
2005-02-18,4.699
2005-02-19,13.566
2005-02-20,8.343
2005-02-21,16.032
2005-02-22,8.046
2005-02-23,15.149
2005-02-24,16.123
2005-02-25,11.386
2005-02-26,8.738
2005-02-27,3.452
2005-02-28,8.212
2005-03-01,7.971
2005-03-02,15.544
2005-03-03,11.942
2005-03-04,15.241
2005-03-05,3.789
2005-03-06,15.007
2005-03-07,6.772
2005-03-08,13.587
2005-03-09,6.067
2005-03-10,8.261
2005-03-11,7.482
2005-03-12,14.391
2005-03-13,3.4
2005-03-14,6.493
2005-03-15,4.639
2005-03-16,8.918
2005-03-17,11.14
2005-03-18,13.014
2005-03-19,15.372
2005-03-20,9.487
2005-03-21,10.074
2005-03-22,6.686
2005-03-23,8.896
2005-03-24,11.856
2005-03-25,15.602
2005-03-26,12.516
2005-03-27,4.135
2005-03-28,6.262
2005-03-29,15.792
2005-03-30,11.033
2005-03-31,11.784
2005-04-01,5.311
2005-04-02,9.261
2005-04-03,12.425
2005-04-04,7.965
2005-04-05,13.095
2005-04-06,3.503
2005-04-07,5.7
2005-04-08,13.554
2005-04-09,15.861
2005-04-10,10.734
2005-04-11,9.969
2005-04-12,6.979
2005-04-13,14.501
2005-04-14,4.936
2005-04-15,3.925
2005-04-16,8.522
2005-04-17,10.207
2005-04-18,7.142
2005-04-19,15.36
2005-04-20,4.516
2005-04-21,12.086
2005-04-22,13.682
2005-04-23,9.831
2005-04-24,6.379
2005-04-25,11.418
2005-04-26,15.018
2005-04-27,6.63
2005-04-28,15.235
2005-04-29,8.709
2005-04-30,12.475
2005-05-01,8.913
2005-05-02,14.711
2005-05-03,5.63
2005-05-04,10.919
2005-05-05,16.072
2005-05-06,12.749
2005-05-07,11.391
2005-05-08,15.106
2005-05-09,15.983
2005-05-10,3.731
2005-05-11,14.583
2005-05-12,12.98
2005-05-13,16.353
2005-05-14,9.093
2005-05-15,11.939
2005-05-16,16.276
2005-05-17,4.102
2005-05-18,11.391
2005-05-19,4.181
2005-05-20,4.616
2005-05-21,9.157
2005-05-22,6.686
2005-05-23,7.056
2005-05-24,7.943
2005-05-25,8.034
2005-05-26,16.041
2005-05-27,13.401
2005-05-28,6.215
2005-05-29,15.755
2005-05-30,13.072
2005-05-31,8.844
2005-06-01,12.705
2005-06-02,16.325
2005-06-03,11.923
2005-06-04,4.54
2005-06-05,16.212
2005-06-06,9.409
2005-06-07,4.878
2005-06-08,6.678
2005-06-09,15.46
2005-06-10,7.894
2005-06-11,14.179
2005-06-12,16.088
2005-06-13,6.761
2005-06-14,12.811
2005-06-15,4.188
2005-06-16,8.903
2005-06-17,9.903
2005-06-18,12.509
2005-06-19,11.519
2005-06-20,13.612
2005-06-21,15.728
2005-06-22,14.931
2005-06-23,15.614
2005-06-24,6.226
2005-06-25,11.466
2005-06-26,6.543
2005-06-27,12.747
2005-06-28,6.092
2005-06-29,14.665
2005-06-30,6.654
2005-07-01,10.72
2005-07-02,12.847
2005-07-03,7.693
2005-07-04,6.194
2005-07-05,11.735
2005-07-06,9.027
2005-07-07,7.208
2005-07-08,11.348
2005-07-09,8.361
2005-07-10,6.619
2005-07-11,12.897
2005-07-12,14.404
2005-07-13,10.232
2005-07-14,14.879
2005-07-15,6.944
2005-07-16,15.636
2005-07-17,11.165
2005-07-18,10.577
2005-07-19,14.589
2005-07-20,10.012
2005-07-21,5.094
2005-07-22,14.029
2005-07-23,8.973
2005-07-24,14.11
2005-07-25,12.074
2005-07-26,13.426
2005-07-27,10.486
2005-07-28,15.939
2005-07-29,13.928
2005-07-30,4.894
2005-07-31,15.974
2005-08-01,11.737
2005-08-02,4.431
2005-08-03,14.579
2005-08-04,13.893
2005-08-05,9.648
2005-08-06,6.575
2005-08-07,13.865
2005-08-08,8.718
2005-08-09,10.227
2005-08-10,13.904
2005-08-11,6.221
2005-08-12,14.909
2005-08-13,14.266
2005-08-14,7.74
2005-08-15,4.02
2005-08-16,7.42
2005-08-17,5.569
2005-08-18,14.571
2005-08-19,8.614
2005-08-20,8.99
2005-08-21,8.213
2005-08-22,7.471
2005-08-23,12.532
2005-08-24,4.504
2005-08-25,15.631
2005-08-26,8.367
2005-08-27,9.249
2005-08-28,16.017
2005-08-29,13.19
2005-08-30,12.83
2005-08-31,14.733
2005-09-01,10.194
2005-09-02,15.024
2005-09-03,15.347
2005-09-04,4.741
2005-09-05,14.906
2005-09-06,12.121
2005-09-07,3.55
2005-09-08,10.795
2005-09-09,14.339
2005-09-10,9.227
2005-09-11,10.594
2005-09-12,11.546
2005-09-13,4.876
2005-09-14,9.162
2005-09-15,11.454
2005-09-16,11.757
2005-09-17,14.614
2005-09-18,10.322
2005-09-19,7.151
2005-09-20,16.402
2005-09-21,13.697
2005-09-22,6.783
2005-09-23,7.686
2005-09-24,13.271
2005-09-25,13.957
2005-09-26,5.22
2005-09-27,10.474
2005-09-28,12.1
2005-09-29,15.307
2005-09-30,8.29
2005-10-01,16.365
2005-10-02,10.142
2005-10-03,9.936
2005-10-04,13.313
2005-10-05,5.648
2005-10-06,8.3
2005-10-07,8.035
2005-10-08,3.421
2005-10-09,6.798
2005-10-10,3.502
2005-10-11,5.009
2005-10-12,14.9
2005-10-13,10.032
2005-10-14,10.042
2005-10-15,15.958
2005-10-16,5.678
2005-10-17,7.519
2005-10-18,16.359
2005-10-19,10.43
2005-10-20,4.172
2005-10-21,6.064
2005-10-22,14.926
2005-10-23,5.667
2005-10-24,5.512
2005-10-25,14.144
2005-10-26,8.623
2005-10-27,7.049
2005-10-28,10.609
2005-10-29,12.124
2005-10-30,13.878
2005-10-31,3.527
2005-11-01,14.023
2005-11-02,4.812
2005-11-03,4.804
2005-11-04,5.019
2005-11-05,8.64
2005-11-06,15.322
2005-11-07,4.127
2005-11-08,8.996
2005-11-09,5.866
2005-11-10,12.925
2005-11-11,5.023
2005-11-12,7.578
2005-11-13,6.073
2005-11-14,11.655
2005-11-15,11.282
2005-11-16,10.477
2005-11-17,8.03
2005-11-18,14.737
2005-11-19,15.201
2005-11-20,12.096
2005-11-21,8.421
2005-11-22,6.824
2005-11-23,8.129
2005-11-24,7.504
2005-11-25,7.461
2005-11-26,4.11
2005-11-27,12.705
2005-11-28,10.984
2005-11-29,8.674
2005-11-30,5.383
2005-12-01,12.677
2005-12-02,15.175
2005-12-03,8.047
2005-12-04,13.2
2005-12-05,6.84
2005-12-06,15.635
2005-12-07,3.98
2005-12-08,9.142
2005-12-09,9.72
2005-12-10,10.131
2005-12-11,9.067
2005-12-12,11.233
2005-12-13,12.881
2005-12-14,9.562
2005-12-15,9.783
2005-12-16,10.886
2005-12-17,8.213
2005-12-18,5.451
2005-12-19,12.279
2005-12-20,14.634
2005-12-21,5.596
2005-12-22,4.606
2005-12-23,11.331
2005-12-24,4.346
2005-12-25,9.592
2005-12-26,11.243
2005-12-27,15.396
2005-12-28,16.214
2005-12-29,5.357
2005-12-30,3.8
2005-12-31,6.38
2006-01-01,15.832
2006-01-02,15.638
2006-01-03,14.814
2006-01-04,5.916
2006-01-05,7.435
2006-01-06,11.977
2006-01-07,11.765
2006-01-08,12.529
2006-01-09,9.245
2006-01-10,12.882
2006-01-11,6.834
2006-01-12,13.167
2006-01-13,10.304
2006-01-14,11.815
2006-01-15,15.892
2006-01-16,6.012
2006-01-17,15.888
2006-01-18,5.65
2006-01-19,5.113
2006-01-20,11.371
2006-01-21,15.343
2006-01-22,12.46
2006-01-23,3.399
2006-01-24,3.725
2006-01-25,10.773
2006-01-26,4.646
2006-01-27,15.471
2006-01-28,7.205
2006-01-29,14.06
2006-01-30,6.514
2006-01-31,11.793
2006-02-01,10.937
2006-02-02,7.892
2006-02-03,15.918
2006-02-04,12.444
2006-02-05,11.703
2006-02-06,14.173
2006-02-07,10.548
2006-02-08,14.642
2006-02-09,14.632
2006-02-10,5.763
2006-02-11,10.094
2006-02-12,9.336
2006-02-13,10.113
2006-02-14,11.577
2006-02-15,3.512
2006-02-16,13.465
2006-02-17,12.027
2006-02-18,6.367
2006-02-19,15.795
2006-02-20,5.998
2006-02-21,7.071
2006-02-22,8.118
2006-02-23,7.85
2006-02-24,5.877
2006-02-25,9.713
2006-02-26,5.1
2006-02-27,12.925
2006-02-28,7.745
2006-03-01,14.603
2006-03-02,16.311
2006-03-03,13.087
2006-03-04,6.584
2006-03-05,15.968
2006-03-06,13.953
2006-03-07,6.231
2006-03-08,7.153
2006-03-09,10.693
2006-03-10,13.97
2006-03-11,3.459
2006-03-12,11.558
2006-03-13,4.127
2006-03-14,4.566
2006-03-15,10.057
2006-03-16,5.444
2006-03-17,4.961
2006-03-18,6.158
2006-03-19,6.127
2006-03-20,11.166
2006-03-21,9.451
2006-03-22,3.759
2006-03-23,7.091
2006-03-24,8.091
2006-03-25,13.598
2006-03-26,7.903
2006-03-27,12.067
2006-03-28,5.019
2006-03-29,10.461
2006-03-30,10.827
2006-03-31,8.161
2006-04-01,10.33
2006-04-02,4.099
2006-04-03,5.379
2006-04-04,9.422
2006-04-05,9.785
2006-04-06,12.817
2006-04-07,14.288
2006-04-08,4.06
2006-04-09,4.922
2006-04-10,6.254
2006-04-11,5.392
2006-04-12,12.875
2006-04-13,11.452
2006-04-14,5.76
2006-04-15,6.245
2006-04-16,15.809
2006-04-17,7.296
2006-04-18,13.281
2006-04-19,10.25
2006-04-20,14.013
2006-04-21,9.928
2006-04-22,11.953
2006-04-23,15.394
2006-04-24,12.215
2006-04-25,16.304
2006-04-26,11.18
2006-04-27,12.544
2006-04-28,7.86
2006-04-29,9.983
2006-04-30,3.977
2006-05-01,15.449
2006-05-02,4.651
2006-05-03,8.98
2006-05-04,4.795
2006-05-05,9.466
2006-05-06,5.452
2006-05-07,6.518
2006-05-08,4.51
2006-05-09,7.247
2006-05-10,7.352
2006-05-11,12.05
2006-05-12,14.441
2006-05-13,5.621
2006-05-14,13.318
2006-05-15,11.829
2006-05-16,6.894
2006-05-17,14.531
2006-05-18,15.361
2006-05-19,11.885
2006-05-20,7.916
2006-05-21,12.047
2006-05-22,9.156
2006-05-23,10.496
2006-05-24,9.009
2006-05-25,11.863
2006-05-26,11.2
2006-05-27,8.847
2006-05-28,13.979
2006-05-29,4.04
2006-05-30,6.509
2006-05-31,9.371
2006-06-01,6.441
2006-06-02,15.555
2006-06-03,15.662
2006-06-04,3.61
2006-06-05,9.327
2006-06-06,12.238
2006-06-07,12.394
2006-06-08,10.776
2006-06-09,4.787
2006-06-10,13.71
2006-06-11,5.904
2006-06-12,15.85
2006-06-13,11.057
2006-06-14,12.538
2006-06-15,3.688
2006-06-16,6.633
2006-06-17,7.045
2006-06-18,15.869
2006-06-19,6.922
2006-06-20,16.385
2006-06-21,14.239
2006-06-22,11.45
2006-06-23,13.843
2006-06-24,15.458
2006-06-25,14.503
2006-06-26,13.985
2006-06-27,16.24
2006-06-28,13.001
2006-06-29,11.024
2006-06-30,13.462
2006-07-01,11.755
2006-07-02,8.727
2006-07-03,10.195
2006-07-04,5.417
2006-07-05,10.95
2006-07-06,5.549
2006-07-07,14.499
2006-07-08,10.31
2006-07-09,9.857
2006-07-10,15.868
2006-07-11,11.879
2006-07-12,11.587
2006-07-13,8.81
2006-07-14,8.613
2006-07-15,11.26
2006-07-16,15.666
2006-07-17,13.811
2006-07-18,6.24
2006-07-19,12.304
2006-07-20,15.772
2006-07-21,9.762
2006-07-22,14.702
2006-07-23,4.192
2006-07-24,10.93
2006-07-25,9.501
2006-07-26,13.12
2006-07-27,8.729
2006-07-28,13.177
2006-07-29,8.324
2006-07-30,10.502
2006-07-31,8.568
2006-08-01,16.39
2006-08-02,11.775
2006-08-03,4.951
2006-08-04,14.193
2006-08-05,13.781
2006-08-06,10.947
2006-08-07,6.6
2006-08-08,12.774
2006-08-09,13.342
2006-08-10,7.571
2006-08-11,16.272
2006-08-12,9.822
2006-08-13,10.045
2006-08-14,3.718
2006-08-15,12.633
2006-08-16,15.422
2006-08-17,15.967
2006-08-18,13.041
2006-08-19,10.259
2006-08-20,9.802
2006-08-21,10.427
2006-08-22,4.152
2006-08-23,13.815
2006-08-24,11.875
2006-08-25,10.849
2006-08-26,10.926
2006-08-27,13.009
2006-08-28,15.779
2006-08-29,3.527
2006-08-30,13.146
2006-08-31,10.922
2006-09-01,13.164
2006-09-02,3.653
2006-09-03,13.343
2006-09-04,8.38
2006-09-05,14.554
2006-09-06,15.849
2006-09-07,14.67
2006-09-08,14.114
2006-09-09,3.457
2006-09-10,10.997
2006-09-11,7.35
2006-09-12,5.168
2006-09-13,6.257
2006-09-14,3.676
2006-09-15,6.084
2006-09-16,9.965
2006-09-17,12.666
2006-09-18,5.762
2006-09-19,9.18
2006-09-20,15.24
2006-09-21,8.781
2006-09-22,5.084
2006-09-23,4.995
2006-09-24,13.869
2006-09-25,6.657
2006-09-26,7.304
2006-09-27,8.244
2006-09-28,5.407
2006-09-29,8.621
2006-09-30,14.413
2006-10-01,8.11
2006-10-02,15.605
2006-10-03,6.019
2006-10-04,13.67
2006-10-05,14.298
2006-10-06,15.75
2006-10-07,10.679
2006-10-08,12.258
2006-10-09,11.76
2006-10-10,3.793
2006-10-11,13.275
2006-10-12,4.914
2006-10-13,10.332
2006-10-14,5.571
2006-10-15,6.707
2006-10-16,14.79
2006-10-17,15.101
2006-10-18,10.547
2006-10-19,14.046
2006-10-20,15.478
2006-10-21,7.251
2006-10-22,11.671
2006-10-23,8.084
2006-10-24,8.522
2006-10-25,8.674
2006-10-26,12.823
2006-10-27,5.041
2006-10-28,7.465
2006-10-29,6.763
2006-10-30,13.823
2006-10-31,11.516
2006-11-01,3.433
2006-11-02,8.769
2006-11-03,16.395
2006-11-04,5.28
2006-11-05,9.711
2006-11-06,4.808
2006-11-07,3.54
2006-11-08,15.862
2006-11-09,14.501
2006-11-10,9.279
2006-11-11,12.355
2006-11-12,11.651
2006-11-13,11.1
2006-11-14,14.566
2006-11-15,10.432
2006-11-16,8.779
2006-11-17,14.875
2006-11-18,15.369
2006-11-19,15.076
2006-11-20,8.765
2006-11-21,6.261
2006-11-22,10.713
2006-11-23,15.69
2006-11-24,7.113
2006-11-25,10.78
2006-11-26,6.744
2006-11-27,15.378
2006-11-28,6.31
2006-11-29,16.145
2006-11-30,6.033
2006-12-01,3.342
2006-12-02,5.792
2006-12-03,16.252
2006-12-04,9.427
2006-12-05,9.485
2006-12-06,13.337
2006-12-07,8.692
2006-12-08,8.004
2006-12-09,5.298
2006-12-10,12.981
2006-12-11,12.231
2006-12-12,11.174
2006-12-13,6.61
2006-12-14,12.119
2006-12-15,9.463
2006-12-16,5.009
2006-12-17,6.349
2006-12-18,8.071
2006-12-19,4.927
2006-12-20,15.906
2006-12-21,8.379
2006-12-22,3.388
2006-12-23,12.52
2006-12-24,5.454
2006-12-25,4.658
2006-12-26,9.335
2006-12-27,13.851
2006-12-28,10.307
2006-12-29,4.471
2006-12-30,13.872
2006-12-31,12.949
2007-01-01,13.232
2007-01-02,10.96
2007-01-03,6.114
2007-01-04,6.657
2007-01-05,5.339
2007-01-06,8.467
2007-01-07,14.177
2007-01-08,15.228
2007-01-09,8.299
2007-01-10,15.859
2007-01-11,13.56
2007-01-12,10.857
2007-01-13,14.085
2007-01-14,8.09
2007-01-15,13.334
2007-01-16,12.661
2007-01-17,4.736
2007-01-18,8.348
2007-01-19,15.615
2007-01-20,6.124
2007-01-21,7.54
2007-01-22,13.292
2007-01-23,7.699
2007-01-24,6.791
2007-01-25,5.477
2007-01-26,8.009
2007-01-27,10.621
2007-01-28,13.081
2007-01-29,8.61
2007-01-30,5.681
2007-01-31,16.146
2007-02-01,7.162
2007-02-02,8.827
2007-02-03,12.97
2007-02-04,5.206
2007-02-05,4.415
2007-02-06,7.828
2007-02-07,15.082
2007-02-08,7.863
2007-02-09,5.918
2007-02-10,14.918
2007-02-11,4.772
2007-02-12,9.171
2007-02-13,14.055
2007-02-14,3.751
2007-02-15,10.758
2007-02-16,8.153
2007-02-17,6.642
2007-02-18,8.895
2007-02-19,6.053
2007-02-20,4.045
2007-02-21,11.54
2007-02-22,13.199
2007-02-23,9.076
2007-02-24,5.722
2007-02-25,14.0
2007-02-26,9.562
2007-02-27,5.822
2007-02-28,12.336
2007-03-01,15.923
2007-03-02,4.282
2007-03-03,10.264
2007-03-04,4.385
2007-03-05,15.433
2007-03-06,14.781
2007-03-07,8.788
2007-03-08,8.128
2007-03-09,10.683
2007-03-10,4.764
2007-03-11,13.22
2007-03-12,11.523
2007-03-13,13.146
2007-03-14,10.805
2007-03-15,11.991
2007-03-16,7.391
2007-03-17,7.945
2007-03-18,7.585
2007-03-19,16.085
2007-03-20,11.22
2007-03-21,14.172
2007-03-22,13.775
2007-03-23,12.148
2007-03-24,9.94
2007-03-25,14.17
2007-03-26,9.02
2007-03-27,4.675
2007-03-28,3.518
2007-03-29,4.42
2007-03-30,12.311
2007-03-31,15.606
2007-04-01,14.67
2007-04-02,15.196
2007-04-03,10.46
2007-04-04,9.842
2007-04-05,12.18
2007-04-06,9.588
2007-04-07,15.723
2007-04-08,5.605
2007-04-09,9.27
2007-04-10,10.332
2007-04-11,16.108
2007-04-12,13.876
2007-04-13,16.259
2007-04-14,16.24
2007-04-15,4.46
2007-04-16,14.559
2007-04-17,12.095
2007-04-18,7.856
2007-04-19,15.512
2007-04-20,7.599
2007-04-21,9.586
2007-04-22,5.238
2007-04-23,9.335
2007-04-24,3.524
2007-04-25,8.815
2007-04-26,12.914
2007-04-27,12.099
2007-04-28,3.874
2007-04-29,12.91
2007-04-30,4.507
2007-05-01,4.73
2007-05-02,11.15
2007-05-03,12.311
2007-05-04,3.788
2007-05-05,11.185
2007-05-06,6.767
2007-05-07,3.64
2007-05-08,12.858
2007-05-09,6.16
2007-05-10,5.778
2007-05-11,13.671
2007-05-12,10.1
2007-05-13,12.215
2007-05-14,12.94
2007-05-15,3.432
2007-05-16,14.771
2007-05-17,14.101
2007-05-18,5.991
2007-05-19,13.942
2007-05-20,9.07
2007-05-21,13.532
2007-05-22,5.475
2007-05-23,15.451
2007-05-24,13.354
2007-05-25,6.646
2007-05-26,7.62
2007-05-27,15.097
2007-05-28,15.109
2007-05-29,7.326
2007-05-30,3.413
2007-05-31,6.406
2007-06-01,6.543
2007-06-02,4.197
2007-06-03,7.296
2007-06-04,10.964
2007-06-05,7.493
2007-06-06,10.215
2007-06-07,10.448
2007-06-08,8.175
2007-06-09,10.886
2007-06-10,3.678
2007-06-11,6.492
2007-06-12,6.791
2007-06-13,14.907
2007-06-14,15.058
2007-06-15,8.348
2007-06-16,6.038
2007-06-17,9.707
2007-06-18,15.529
2007-06-19,8.228
2007-06-20,9.942
2007-06-21,10.387
2007-06-22,12.176
2007-06-23,3.448
2007-06-24,13.392
2007-06-25,10.649
2007-06-26,7.758
2007-06-27,13.192
2007-06-28,9.081
2007-06-29,14.212
2007-06-30,7.918
2007-07-01,5.36
2007-07-02,3.341
2007-07-03,14.298
2007-07-04,13.174
2007-07-05,13.208
2007-07-06,6.975
2007-07-07,15.171
2007-07-08,11.713
2007-07-09,10.322
2007-07-10,7.977
2007-07-11,11.44
2007-07-12,9.666
2007-07-13,11.802
2007-07-14,12.939
2007-07-15,6.219
2007-07-16,7.708
2007-07-17,12.435
2007-07-18,6.665
2007-07-19,8.647
2007-07-20,15.308
2007-07-21,3.554
2007-07-22,8.39
2007-07-23,7.892
2007-07-24,7.941
2007-07-25,16.339
2007-07-26,9.91
2007-07-27,7.35
2007-07-28,7.035
2007-07-29,5.05
2007-07-30,12.23
2007-07-31,13.634
2007-08-01,7.804
2007-08-02,5.898
2007-08-03,10.36
2007-08-04,13.095
2007-08-05,9.202
2007-08-06,7.056
2007-08-07,4.103
2007-08-08,8.062
2007-08-09,13.104
2007-08-10,15.426
2007-08-11,6.608
2007-08-12,14.039
2007-08-13,6.576
2007-08-14,5.599
2007-08-15,4.626
2007-08-16,7.051
2007-08-17,14.035
2007-08-18,13.687
2007-08-19,8.542
2007-08-20,5.733
2007-08-21,15.233
2007-08-22,4.889
2007-08-23,9.763
2007-08-24,6.566
2007-08-25,5.025
2007-08-26,15.608
2007-08-27,10.719
2007-08-28,16.343
2007-08-29,9.151
2007-08-30,14.719
2007-08-31,12.525
2007-09-01,7.249
2007-09-02,8.0
2007-09-03,11.756
2007-09-04,14.219
2007-09-05,9.697
2007-09-06,6.298
2007-09-07,16.26
2007-09-08,10.733
2007-09-09,11.34
2007-09-10,5.792
2007-09-11,6.585
2007-09-12,7.91
2007-09-13,15.102
2007-09-14,12.074
2007-09-15,15.139
2007-09-16,5.302
2007-09-17,7.828
2007-09-18,7.456
2007-09-19,7.206
2007-09-20,10.376
2007-09-21,13.399
2007-09-22,5.66
2007-09-23,8.865
2007-09-24,4.6
2007-09-25,12.831
2007-09-26,8.082
2007-09-27,10.954
2007-09-28,5.275
2007-09-29,13.181
2007-09-30,4.181
2007-10-01,6.774
2007-10-02,15.683
2007-10-03,9.342
2007-10-04,16.409
2007-10-05,14.355
2007-10-06,4.292
2007-10-07,15.565
2007-10-08,9.823
2007-10-09,11.546
2007-10-10,5.846
2007-10-11,4.927
2007-10-12,12.458
2007-10-13,6.052
2007-10-14,15.595
2007-10-15,12.528
2007-10-16,5.843
2007-10-17,13.483
2007-10-18,15.833
2007-10-19,11.206
2007-10-20,14.041
2007-10-21,13.651
2007-10-22,10.913
2007-10-23,12.832
2007-10-24,3.763
2007-10-25,12.899
2007-10-26,5.3
2007-10-27,15.396
2007-10-28,11.288
2007-10-29,5.698
2007-10-30,16.163
2007-10-31,13.054
2007-11-01,11.951
2007-11-02,13.417
2007-11-03,8.772
2007-11-04,8.559
2007-11-05,15.976
2007-11-06,14.612
2007-11-07,12.321
2007-11-08,6.589
2007-11-09,5.794
2007-11-10,12.693
2007-11-11,12.739
2007-11-12,12.859
2007-11-13,8.386
2007-11-14,10.473
2007-11-15,6.028
2007-11-16,6.576
2007-11-17,4.842
2007-11-18,14.706
2007-11-19,13.017
2007-11-20,3.499
2007-11-21,5.418
2007-11-22,9.923
2007-11-23,4.234
2007-11-24,13.558
2007-11-25,5.833
2007-11-26,10.095
2007-11-27,7.677
2007-11-28,13.32
2007-11-29,11.436
2007-11-30,14.55
2007-12-01,4.388
2007-12-02,12.539
2007-12-03,7.914
2007-12-04,15.675
2007-12-05,12.694
2007-12-06,4.525
2007-12-07,14.631
2007-12-08,15.916
2007-12-09,15.349
2007-12-10,10.99
2007-12-11,5.093
2007-12-12,7.474
2007-12-13,13.347
2007-12-14,7.066
2007-12-15,12.838
2007-12-16,15.098
2007-12-17,12.598
2007-12-18,9.742
2007-12-19,10.397
2007-12-20,5.441
2007-12-21,4.656
2007-12-22,13.966
2007-12-23,15.57
2007-12-24,9.66
2007-12-25,15.634
2007-12-26,3.571
2007-12-27,6.423
2007-12-28,8.045
2007-12-29,11.359
2007-12-30,6.337
2007-12-31,4.996
2008-01-01,6.971
2008-01-02,13.927
2008-01-03,8.814
2008-01-04,13.5
2008-01-05,10.889
2008-01-06,15.899
2008-01-07,3.482
2008-01-08,14.723
2008-01-09,15.362
2008-01-10,10.047
2008-01-11,10.288
2008-01-12,6.64
2008-01-13,13.132
2008-01-14,10.538
2008-01-15,10.517
2008-01-16,9.67
2008-01-17,14.771
2008-01-18,3.831
2008-01-19,5.219
2008-01-20,7.111
2008-01-21,13.218
2008-01-22,7.3
2008-01-23,10.794
2008-01-24,11.62
2008-01-25,11.759
2008-01-26,12.117
2008-01-27,11.455
2008-01-28,10.186
2008-01-29,8.093
2008-01-30,15.121
2008-01-31,11.097
2008-02-01,11.112
2008-02-02,14.653
2008-02-03,7.201
2008-02-04,16.204
2008-02-05,16.306
2008-02-06,6.078
2008-02-07,6.867
2008-02-08,13.823
2008-02-09,4.958
2008-02-10,10.082
2008-02-11,9.567
2008-02-12,10.077
2008-02-13,3.834
2008-02-14,12.045
2008-02-15,6.397
2008-02-16,13.186
2008-02-17,4.02
2008-02-18,14.317
2008-02-19,10.795
2008-02-20,9.654
2008-02-21,11.65
2008-02-22,11.755
2008-02-23,6.559
2008-02-24,7.774
2008-02-25,12.617
2008-02-26,11.969
2008-02-27,6.72
2008-02-28,10.172
2008-02-29,4.6
2008-03-01,13.181
2008-03-02,5.905
2008-03-03,7.974
2008-03-04,3.68
2008-03-05,3.976
2008-03-06,14.586
2008-03-07,13.492
2008-03-08,5.089
2008-03-09,11.229
2008-03-10,15.759
2008-03-11,7.276
2008-03-12,10.333
2008-03-13,14.326
2008-03-14,5.714
2008-03-15,4.304
2008-03-16,14.279
2008-03-17,14.228
2008-03-18,12.261
2008-03-19,10.564
2008-03-20,14.98
2008-03-21,4.602
2008-03-22,6.865
2008-03-23,3.464
2008-03-24,5.003
2008-03-25,10.944
2008-03-26,10.149
2008-03-27,6.392
2008-03-28,4.851
2008-03-29,13.206
2008-03-30,7.879
2008-03-31,5.491
2008-04-01,5.422
2008-04-02,14.388
2008-04-03,15.024
2008-04-04,11.633
2008-04-05,9.747
2008-04-06,12.893
2008-04-07,6.431
2008-04-08,12.857
2008-04-09,9.668
2008-04-10,12.037
2008-04-11,6.426
2008-04-12,15.213
2008-04-13,14.236
2008-04-14,8.515
2008-04-15,5.844
2008-04-16,13.511
2008-04-17,14.45
2008-04-18,9.616
2008-04-19,10.826
2008-04-20,8.155
2008-04-21,7.843
2008-04-22,3.96
2008-04-23,4.15
2008-04-24,16.214
2008-04-25,9.884
2008-04-26,9.594
2008-04-27,14.877
2008-04-28,6.586
2008-04-29,12.635
2008-04-30,7.175
2008-05-01,15.516
2008-05-02,6.943
2008-05-03,15.693
2008-05-04,11.415
2008-05-05,6.967
2008-05-06,16.249
2008-05-07,13.677
2008-05-08,8.35
2008-05-09,5.565
2008-05-10,4.203
2008-05-11,13.529
2008-05-12,14.851
2008-05-13,14.782
2008-05-14,15.227
2008-05-15,4.59
2008-05-16,7.229
2008-05-17,4.663
2008-05-18,10.869
2008-05-19,8.417
2008-05-20,3.398
2008-05-21,10.377
2008-05-22,11.407
2008-05-23,12.273
2008-05-24,10.537
2008-05-25,10.806
2008-05-26,14.519
2008-05-27,5.261
2008-05-28,8.122
2008-05-29,8.941
2008-05-30,11.108
2008-05-31,5.982
2008-06-01,16.356
2008-06-02,14.401
2008-06-03,3.537
2008-06-04,6.272
2008-06-05,12.501
2008-06-06,9.263
2008-06-07,3.894
2008-06-08,16.01
2008-06-09,10.477
2008-06-10,14.668
2008-06-11,15.307
2008-06-12,14.05
2008-06-13,5.374
2008-06-14,7.281
2008-06-15,3.816
2008-06-16,14.835
2008-06-17,3.449
2008-06-18,10.886
2008-06-19,6.728
2008-06-20,8.335
2008-06-21,7.768
2008-06-22,3.379
2008-06-23,13.86
2008-06-24,8.001
2008-06-25,4.265
2008-06-26,5.499
2008-06-27,15.442
2008-06-28,16.137
2008-06-29,4.23
2008-06-30,13.932
2008-07-01,5.839
2008-07-02,9.993
2008-07-03,15.377
2008-07-04,8.532
2008-07-05,16.319
2008-07-06,12.155
2008-07-07,5.881
2008-07-08,11.943
2008-07-09,14.74
2008-07-10,11.454
2008-07-11,3.823
2008-07-12,13.938
2008-07-13,5.13
2008-07-14,7.279
2008-07-15,14.716
2008-07-16,12.666
2008-07-17,4.514
2008-07-18,12.846
2008-07-19,7.894
2008-07-20,12.519
2008-07-21,5.948
2008-07-22,11.415
2008-07-23,6.395
2008-07-24,13.092
2008-07-25,11.47
2008-07-26,5.132
2008-07-27,3.446
2008-07-28,14.983
2008-07-29,4.977
2008-07-30,8.941
2008-07-31,9.649
2008-08-01,14.213
2008-08-02,13.49
2008-08-03,3.431
2008-08-04,14.287
2008-08-05,5.813
2008-08-06,10.579
2008-08-07,14.996
2008-08-08,14.077
2008-08-09,12.688
2008-08-10,15.031
2008-08-11,11.415
2008-08-12,8.565
2008-08-13,10.921
2008-08-14,15.865
2008-08-15,15.774
2008-08-16,9.912
2008-08-17,14.411
2008-08-18,16.247
2008-08-19,4.84
2008-08-20,4.145
2008-08-21,10.78
2008-08-22,3.775
2008-08-23,15.009
2008-08-24,14.49
2008-08-25,5.543
2008-08-26,11.336
2008-08-27,13.408
2008-08-28,8.862
2008-08-29,4.603
2008-08-30,4.849
2008-08-31,9.377
2008-09-01,11.195
2008-09-02,11.024
2008-09-03,10.31
2008-09-04,6.37
2008-09-05,8.487
2008-09-06,10.649
2008-09-07,11.679
2008-09-08,11.449
2008-09-09,10.586
2008-09-10,12.432
2008-09-11,7.474
2008-09-12,13.659
2008-09-13,15.22
2008-09-14,5.161
2008-09-15,7.873
2008-09-16,4.143
2008-09-17,6.263
2008-09-18,10.231
2008-09-19,10.751
2008-09-20,13.967
2008-09-21,7.836
2008-09-22,13.977
2008-09-23,7.672
2008-09-24,12.064
2008-09-25,14.302
2008-09-26,9.045
2008-09-27,5.025
2008-09-28,16.17
2008-09-29,5.782
2008-09-30,10.466
2008-10-01,6.567
2008-10-02,14.677
2008-10-03,14.676
2008-10-04,9.957
2008-10-05,16.064
2008-10-06,12.429
2008-10-07,10.91
2008-10-08,5.465
2008-10-09,3.972
2008-10-10,13.392
2008-10-11,15.032
2008-10-12,14.788
2008-10-13,8.951
2008-10-14,15.515
2008-10-15,10.046
2008-10-16,11.51
2008-10-17,5.513
2008-10-18,4.766
2008-10-19,6.934
2008-10-20,14.335
2008-10-21,10.951
2008-10-22,9.256
2008-10-23,13.328
2008-10-24,11.27
2008-10-25,11.528
2008-10-26,14.76
2008-10-27,8.101
2008-10-28,8.409
2008-10-29,9.522
2008-10-30,15.823
2008-10-31,4.79
2008-11-01,16.33
2008-11-02,13.741
2008-11-03,5.961
2008-11-04,5.54
2008-11-05,6.705
2008-11-06,13.903
2008-11-07,7.31
2008-11-08,4.954
2008-11-09,3.404
2008-11-10,3.446
2008-11-11,5.693
2008-11-12,4.585
2008-11-13,12.624
2008-11-14,7.327
2008-11-15,6.646
2008-11-16,11.481
2008-11-17,15.674
2008-11-18,9.344
2008-11-19,6.994
2008-11-20,11.216
2008-11-21,13.689
2008-11-22,9.873
2008-11-23,9.358
2008-11-24,4.664
2008-11-25,5.013
2008-11-26,7.816
2008-11-27,9.351
2008-11-28,12.348
2008-11-29,6.55
2008-11-30,13.404
2008-12-01,8.948
2008-12-02,5.032
2008-12-03,8.524
2008-12-04,14.394
2008-12-05,13.232
2008-12-06,15.837
2008-12-07,6.736
2008-12-08,8.619
2008-12-09,3.925
2008-12-10,12.793
2008-12-11,14.39
2008-12-12,9.493
2008-12-13,16.107
2008-12-14,9.258
2008-12-15,14.649
2008-12-16,9.439
2008-12-17,14.301
2008-12-18,12.33
2008-12-19,9.152
2008-12-20,4.581
2008-12-21,4.597
2008-12-22,9.415
2008-12-23,14.433
2008-12-24,11.133
2008-12-25,10.236
2008-12-26,10.152
2008-12-27,9.98
2008-12-28,6.106
2008-12-29,15.99
2008-12-30,15.956
2008-12-31,10.684
2009-01-01,5.526
2009-01-02,3.874
2009-01-03,6.023
2009-01-04,9.495
2009-01-05,7.478
2009-01-06,8.529
2009-01-07,7.939
2009-01-08,3.462
2009-01-09,9.43
2009-01-10,13.732
2009-01-11,10.135
2009-01-12,13.012
2009-01-13,8.764
2009-01-14,9.151
2009-01-15,11.417
2009-01-16,8.564
2009-01-17,4.758
2009-01-18,3.577
2009-01-19,5.797
2009-01-20,10.087
2009-01-21,11.019
2009-01-22,12.263
2009-01-23,14.064
2009-01-24,13.528
2009-01-25,3.49
2009-01-26,13.578
2009-01-27,5.086
2009-01-28,15.658
2009-01-29,16.263
2009-01-30,10.542
2009-01-31,12.676
2009-02-01,8.847
2009-02-02,4.059
2009-02-03,8.555
2009-02-04,5.429
2009-02-05,11.937
2009-02-06,15.889
2009-02-07,3.77
2009-02-08,4.404
2009-02-09,7.548
2009-02-10,8.435
2009-02-11,4.56
2009-02-12,5.241
2009-02-13,13.315
2009-02-14,13.4
2009-02-15,3.493
2009-02-16,8.423
2009-02-17,3.722
2009-02-18,4.847
2009-02-19,15.748
2009-02-20,11.123
2009-02-21,16.211
2009-02-22,3.875
2009-02-23,5.573
2009-02-24,13.855
2009-02-25,7.511
2009-02-26,7.473
2009-02-27,11.942
2009-02-28,3.474
2009-03-01,9.45
2009-03-02,11.838
2009-03-03,9.083
2009-03-04,3.526
2009-03-05,4.11
2009-03-06,9.868
2009-03-07,5.767
2009-03-08,9.206
2009-03-09,9.698
2009-03-10,4.491
2009-03-11,4.764
2009-03-12,7.552
2009-03-13,11.926
2009-03-14,14.946
2009-03-15,14.027
2009-03-16,4.19
2009-03-17,3.73
2009-03-18,4.765
2009-03-19,6.246
2009-03-20,9.979
2009-03-21,6.411
2009-03-22,8.518
2009-03-23,14.888
2009-03-24,4.771
2009-03-25,11.869
2009-03-26,7.249
2009-03-27,15.291
2009-03-28,13.804
2009-03-29,6.411
2009-03-30,3.43
2009-03-31,3.978
2009-04-01,3.855
2009-04-02,14.466
2009-04-03,3.649
2009-04-04,11.216
2009-04-05,8.197
2009-04-06,5.905
2009-04-07,6.413
2009-04-08,11.17
2009-04-09,14.925
2009-04-10,6.35
2009-04-11,5.689
2009-04-12,7.181
2009-04-13,7.853
2009-04-14,13.839
2009-04-15,8.491
2009-04-16,11.014
2009-04-17,13.389
2009-04-18,4.877
2009-04-19,11.465
2009-04-20,12.584
2009-04-21,10.664
2009-04-22,15.581
2009-04-23,6.37
2009-04-24,6.92
2009-04-25,6.807
2009-04-26,16.147
2009-04-27,11.38
2009-04-28,15.102
2009-04-29,7.429
2009-04-30,8.802
2009-05-01,9.673
2009-05-02,16.411
2009-05-03,7.106
2009-05-04,7.644
2009-05-05,9.424
2009-05-06,15.706
2009-05-07,8.385
2009-05-08,9.097
2009-05-09,10.204
2009-05-10,13.39
2009-05-11,10.607
2009-05-12,5.694
2009-05-13,7.002
2009-05-14,8.388
2009-05-15,4.404
2009-05-16,4.058
2009-05-17,4.843
2009-05-18,14.724
2009-05-19,13.099
2009-05-20,9.172
2009-05-21,11.555
2009-05-22,14.9
2009-05-23,7.122
2009-05-24,7.087
2009-05-25,10.465
2009-05-26,5.694
2009-05-27,11.869
2009-05-28,13.439
2009-05-29,15.552
2009-05-30,5.163
2009-05-31,15.084
2009-06-01,16.187
2009-06-02,14.62
2009-06-03,15.404
2009-06-04,4.103
2009-06-05,12.226
2009-06-06,8.833
2009-06-07,15.646
2009-06-08,11.825
2009-06-09,9.583
2009-06-10,11.32
2009-06-11,14.567
2009-06-12,14.131
2009-06-13,14.084
2009-06-14,14.65
2009-06-15,5.189
2009-06-16,4.002
2009-06-17,6.723
2009-06-18,9.265
2009-06-19,8.197
2009-06-20,12.726
2009-06-21,3.864
2009-06-22,10.188
2009-06-23,9.386
2009-06-24,15.018
2009-06-25,4.008
2009-06-26,6.996
2009-06-27,13.026
2009-06-28,16.075
2009-06-29,16.004
2009-06-30,11.449
2009-07-01,6.185
2009-07-02,15.973
2009-07-03,9.488
2009-07-04,8.025
2009-07-05,7.052
2009-07-06,11.73
2009-07-07,13.405
2009-07-08,8.42
2009-07-09,8.175
2009-07-10,14.389
2009-07-11,10.144
2009-07-12,8.932
2009-07-13,9.528
2009-07-14,15.528
2009-07-15,6.339
2009-07-16,8.524
2009-07-17,7.231
2009-07-18,8.062
2009-07-19,13.597
2009-07-20,5.698
2009-07-21,15.265
2009-07-22,5.496
2009-07-23,9.55
2009-07-24,8.365
2009-07-25,6.916
2009-07-26,12.618
2009-07-27,8.611
2009-07-28,8.404
2009-07-29,8.845
2009-07-30,8.237
2009-07-31,7.054
2009-08-01,12.419
2009-08-02,6.418
2009-08-03,8.834
2009-08-04,13.959
2009-08-05,15.993
2009-08-06,12.955
2009-08-07,8.839
2009-08-08,10.405
2009-08-09,6.11
2009-08-10,6.408
2009-08-11,3.72
2009-08-12,6.683
2009-08-13,7.847
2009-08-14,13.987
2009-08-15,8.716
2009-08-16,13.958
2009-08-17,14.809
2009-08-18,4.769
2009-08-19,15.348
2009-08-20,14.881
2009-08-21,14.942
2009-08-22,3.657
2009-08-23,8.085
2009-08-24,4.932
2009-08-25,14.612
2009-08-26,8.794
2009-08-27,10.439
2009-08-28,3.42
2009-08-29,11.873
2009-08-30,3.836
2009-08-31,6.944
2009-09-01,6.333
2009-09-02,15.72
2009-09-03,5.528
2009-09-04,3.45
2009-09-05,6.019
2009-09-06,14.834
2009-09-07,3.558
2009-09-08,14.077
2009-09-09,8.524
2009-09-10,14.27
2009-09-11,3.632
2009-09-12,14.672
2009-09-13,13.228
2009-09-14,12.406
2009-09-15,9.463
2009-09-16,6.39
2009-09-17,10.171
2009-09-18,7.697
2009-09-19,3.629
2009-09-20,11.876
2009-09-21,15.765
2009-09-22,6.435
2009-09-23,7.48
2009-09-24,15.59
2009-09-25,9.514
2009-09-26,4.96
2009-09-27,4.724
2009-09-28,12.057
2009-09-29,4.742
2009-09-30,11.86
2009-10-01,4.059
2009-10-02,7.367
2009-10-03,14.481
2009-10-04,14.311
2009-10-05,4.078
2009-10-06,15.274
2009-10-07,3.729
2009-10-08,6.896
2009-10-09,9.981
2009-10-10,4.214
2009-10-11,12.141
2009-10-12,9.978
2009-10-13,15.253
2009-10-14,14.478
2009-10-15,7.955
2009-10-16,10.954
2009-10-17,8.329
2009-10-18,9.823
2009-10-19,11.271
2009-10-20,8.147
2009-10-21,9.883
2009-10-22,6.216
2009-10-23,13.488
2009-10-24,14.42
2009-10-25,11.207
2009-10-26,7.817
2009-10-27,5.336
2009-10-28,14.285
2009-10-29,10.115
2009-10-30,16.135
2009-10-31,13.537
2009-11-01,12.225
2009-11-02,3.789
2009-11-03,12.738
2009-11-04,15.708
2009-11-05,15.889
2009-11-06,13.928
2009-11-07,14.227
2009-11-08,14.366
2009-11-09,5.074
2009-11-10,14.316
2009-11-11,9.432
2009-11-12,12.34
2009-11-13,5.737
2009-11-14,10.727
2009-11-15,3.569
2009-11-16,9.429
2009-11-17,3.898
2009-11-18,14.895
2009-11-19,11.655
2009-11-20,8.672
2009-11-21,12.792
2009-11-22,4.236
2009-11-23,6.555
2009-11-24,5.974
2009-11-25,15.106
2009-11-26,16.389
2009-11-27,5.045
2009-11-28,15.77
2009-11-29,4.584
2009-11-30,9.775
2009-12-01,15.337
2009-12-02,10.955
2009-12-03,5.48
2009-12-04,8.537
2009-12-05,15.12
2009-12-06,13.592
2009-12-07,3.46
2009-12-08,16.072
2009-12-09,7.466
2009-12-10,11.657
2009-12-11,9.778
2009-12-12,14.6
2009-12-13,12.049
2009-12-14,3.39
2009-12-15,14.979
2009-12-16,7.233
2009-12-17,12.897
2009-12-18,10.266
2009-12-19,3.391
2009-12-20,16.251
2009-12-21,14.351
2009-12-22,14.888
2009-12-23,7.831
2009-12-24,11.942
2009-12-25,14.915
2009-12-26,8.165
2009-12-27,6.969
2009-12-28,7.67
2009-12-29,4.618
2009-12-30,5.25
2009-12-31,16.298
2010-01-01,6.225
2010-01-02,14.77
2010-01-03,14.538
2010-01-04,12.099
2010-01-05,15.776
2010-01-06,11.084
2010-01-07,11.102
2010-01-08,6.673
2010-01-09,15.674
2010-01-10,8.307
2010-01-11,10.489
2010-01-12,4.395
2010-01-13,7.416
2010-01-14,6.368
2010-01-15,12.973
2010-01-16,10.907
2010-01-17,3.943
2010-01-18,5.866
2010-01-19,4.488
2010-01-20,4.372
2010-01-21,12.231
2010-01-22,14.065
2010-01-23,3.429
2010-01-24,16.027
2010-01-25,4.585
2010-01-26,13.357
2010-01-27,3.572
2010-01-28,15.934
2010-01-29,12.421
2010-01-30,11.946
2010-01-31,11.294
2010-02-01,8.57
2010-02-02,13.28
2010-02-03,5.509
2010-02-04,13.107
2010-02-05,4.334
2010-02-06,5.441
2010-02-07,14.838
2010-02-08,5.37
2010-02-09,15.799
2010-02-10,3.798
2010-02-11,14.08
2010-02-12,14.63
2010-02-13,3.578
2010-02-14,4.065
2010-02-15,12.487
2010-02-16,4.02
2010-02-17,5.382
2010-02-18,3.347
2010-02-19,14.59
2010-02-20,15.529
2010-02-21,5.987
2010-02-22,15.224
2010-02-23,12.348
2010-02-24,12.348
2010-02-25,15.95
2010-02-26,9.242
2010-02-27,13.827
2010-02-28,5.353
2010-03-01,5.025
2010-03-02,5.652
2010-03-03,16.116
2010-03-04,13.791
2010-03-05,8.051
2010-03-06,6.732
2010-03-07,15.887
2010-03-08,15.094
2010-03-09,8.08
2010-03-10,4.712
2010-03-11,12.63
2010-03-12,15.873
2010-03-13,14.264
2010-03-14,11.7
2010-03-15,12.297
2010-03-16,4.506
2010-03-17,12.259
2010-03-18,3.369
2010-03-19,7.777
2010-03-20,9.376
2010-03-21,5.999
2010-03-22,9.788
2010-03-23,13.565
2010-03-24,15.224
2010-03-25,3.609
2010-03-26,11.047
2010-03-27,3.869
2010-03-28,13.905
2010-03-29,9.957
2010-03-30,16.002
2010-03-31,5.9
2010-04-01,11.963
2010-04-02,13.571
2010-04-03,8.564
2010-04-04,16.124
2010-04-05,12.67
2010-04-06,8.834
2010-04-07,4.001
2010-04-08,15.486
2010-04-09,14.315
2010-04-10,4.268
2010-04-11,13.963
2010-04-12,7.695
2010-04-13,7.05
2010-04-14,8.065
2010-04-15,12.479
2010-04-16,13.538
2010-04-17,12.399
2010-04-18,4.638
2010-04-19,14.473
2010-04-20,5.879
2010-04-21,9.386
2010-04-22,4.801
2010-04-23,5.561
2010-04-24,15.655
2010-04-25,14.468
2010-04-26,7.043
2010-04-27,10.001
2010-04-28,10.186
2010-04-29,3.891
2010-04-30,13.012
2010-05-01,4.112
2010-05-02,13.013
2010-05-03,8.623
2010-05-04,9.824
2010-05-05,6.349
2010-05-06,8.285
2010-05-07,11.391
2010-05-08,5.621
2010-05-09,11.772
2010-05-10,10.934
2010-05-11,16.4
2010-05-12,12.451
2010-05-13,11.224
2010-05-14,3.478
2010-05-15,4.086
2010-05-16,9.664
2010-05-17,14.517
2010-05-18,4.178
2010-05-19,10.404
2010-05-20,13.34
2010-05-21,8.811
2010-05-22,10.674
2010-05-23,3.473
2010-05-24,15.156
2010-05-25,11.696
2010-05-26,8.424
2010-05-27,16.297
2010-05-28,8.293
2010-05-29,12.87
2010-05-30,6.866
2010-05-31,10.1
2010-06-01,15.491
2010-06-02,8.505
2010-06-03,12.408
2010-06-04,13.359
2010-06-05,3.533
2010-06-06,8.835
2010-06-07,5.129
2010-06-08,6.205
2010-06-09,13.433
2010-06-10,6.938
2010-06-11,8.785
2010-06-12,11.045
2010-06-13,10.564
2010-06-14,10.507
2010-06-15,6.549
2010-06-16,16.216
2010-06-17,12.655
2010-06-18,11.516
2010-06-19,8.284
2010-06-20,9.582
2010-06-21,7.058
2010-06-22,8.857
2010-06-23,6.568
2010-06-24,16.211
2010-06-25,10.434
2010-06-26,4.799
2010-06-27,10.782
2010-06-28,14.162
2010-06-29,13.234
2010-06-30,12.349
2010-07-01,15.169
2010-07-02,7.27
2010-07-03,12.815
2010-07-04,10.578
2010-07-05,4.663
2010-07-06,16.114
2010-07-07,14.968
2010-07-08,9.782
2010-07-09,13.037
2010-07-10,7.759
2010-07-11,5.952
2010-07-12,9.237
2010-07-13,9.332
2010-07-14,5.463
2010-07-15,12.262
2010-07-16,10.443
2010-07-17,4.499
2010-07-18,12.311
2010-07-19,13.315
2010-07-20,8.631
2010-07-21,6.561
2010-07-22,3.777
2010-07-23,9.747
2010-07-24,10.018
2010-07-25,13.289
2010-07-26,6.687
2010-07-27,5.128
2010-07-28,14.812
2010-07-29,3.385
2010-07-30,5.365
2010-07-31,16.052
2010-08-01,12.049
2010-08-02,11.091
2010-08-03,14.479
2010-08-04,4.057
2010-08-05,15.101
2010-08-06,8.335
2010-08-07,10.226
2010-08-08,11.769
2010-08-09,10.38
2010-08-10,10.02
2010-08-11,3.968
2010-08-12,4.433
2010-08-13,14.209
2010-08-14,11.31
2010-08-15,11.114
2010-08-16,13.923
2010-08-17,8.764
2010-08-18,6.291
2010-08-19,4.142
2010-08-20,5.84
2010-08-21,11.702
2010-08-22,7.649
2010-08-23,11.383
2010-08-24,10.456
2010-08-25,4.1
2010-08-26,3.751
2010-08-27,15.216
2010-08-28,12.162
2010-08-29,6.204
2010-08-30,12.883
2010-08-31,14.354
2010-09-01,7.453
2010-09-02,7.231
2010-09-03,14.719
2010-09-04,3.995
2010-09-05,13.858
2010-09-06,13.578
2010-09-07,4.809
2010-09-08,15.844
2010-09-09,4.031
2010-09-10,13.87
2010-09-11,9.45
2010-09-12,5.803
2010-09-13,5.025
2010-09-14,14.873
2010-09-15,4.27
2010-09-16,7.65
2010-09-17,15.689
2010-09-18,4.608
2010-09-19,8.49
2010-09-20,3.39
2010-09-21,3.345
2010-09-22,11.984
2010-09-23,12.159
2010-09-24,15.544
2010-09-25,4.838
2010-09-26,5.3
2010-09-27,3.792
2010-09-28,4.693
2010-09-29,14.604
2010-09-30,12.334
2010-10-01,15.158
2010-10-02,11.202
2010-10-03,9.765
2010-10-04,4.15
2010-10-05,9.437
2010-10-06,3.829
2010-10-07,13.034
2010-10-08,3.77
2010-10-09,7.608
2010-10-10,9.571
2010-10-11,13.459
2010-10-12,7.937
2010-10-13,11.492
2010-10-14,4.739
2010-10-15,11.439
2010-10-16,3.678
2010-10-17,15.42
2010-10-18,9.02
2010-10-19,14.524
2010-10-20,10.383
2010-10-21,12.476
2010-10-22,3.456
2010-10-23,8.15
2010-10-24,13.836
2010-10-25,14.447
2010-10-26,4.122
2010-10-27,11.003
2010-10-28,8.517
2010-10-29,10.669
2010-10-30,8.486
2010-10-31,4.791
2010-11-01,5.846
2010-11-02,9.233
2010-11-03,5.816
2010-11-04,11.394
2010-11-05,15.932
2010-11-06,13.457
2010-11-07,5.585
2010-11-08,15.963
2010-11-09,14.915
2010-11-10,16.319
2010-11-11,14.959
2010-11-12,4.145
2010-11-13,5.228
2010-11-14,16.08
2010-11-15,13.189
2010-11-16,6.661
2010-11-17,3.668
2010-11-18,9.648
2010-11-19,9.655
2010-11-20,15.252
2010-11-21,8.138
2010-11-22,10.976
2010-11-23,3.349
2010-11-24,8.565
2010-11-25,4.481
2010-11-26,8.243
2010-11-27,5.915
2010-11-28,11.24
2010-11-29,10.372
2010-11-30,4.939
2010-12-01,8.108
2010-12-02,14.208
2010-12-03,3.989
2010-12-04,12.556
2010-12-05,13.309
2010-12-06,12.008
2010-12-07,11.624
2010-12-08,16.354
2010-12-09,7.377
2010-12-10,14.798
2010-12-11,16.039
2010-12-12,12.454
2010-12-13,4.378
2010-12-14,4.594
2010-12-15,3.37
2010-12-16,12.198
2010-12-17,13.988
2010-12-18,6.064
2010-12-19,13.725
2010-12-20,16.031
2010-12-21,6.423
2010-12-22,14.449
2010-12-23,7.591
2010-12-24,12.044
2010-12-25,12.095
2010-12-26,7.226
2010-12-27,9.938
2010-12-28,11.81
2010-12-29,13.094
2010-12-30,9.568
2010-12-31,15.047
2011-01-01,5.827
2011-01-02,13.719
2011-01-03,11.079
2011-01-04,14.566
2011-01-05,11.702
2011-01-06,13.061
2011-01-07,13.484
2011-01-08,6.381
2011-01-09,9.07
2011-01-10,5.46
2011-01-11,7.689
2011-01-12,10.123
2011-01-13,8.633
2011-01-14,4.7
2011-01-15,13.392
2011-01-16,15.386
2011-01-17,6.607
2011-01-18,14.102
2011-01-19,7.976
2011-01-20,8.769
2011-01-21,8.225
2011-01-22,7.465
2011-01-23,6.336
2011-01-24,16.186
2011-01-25,12.042
2011-01-26,8.775
2011-01-27,13.553
2011-01-28,8.061
2011-01-29,8.478
2011-01-30,11.243
2011-01-31,9.44
2011-02-01,10.435
2011-02-02,14.753
2011-02-03,10.117
2011-02-04,5.659
2011-02-05,4.259
2011-02-06,4.102
2011-02-07,9.09
2011-02-08,13.516
2011-02-09,10.308
2011-02-10,6.355
2011-02-11,10.998
2011-02-12,13.94
2011-02-13,14.502
2011-02-14,5.319
2011-02-15,9.414
2011-02-16,14.429
2011-02-17,14.744
2011-02-18,3.606
2011-02-19,6.667
2011-02-20,10.344
2011-02-21,4.153
2011-02-22,12.549
2011-02-23,8.017
2011-02-24,15.947
2011-02-25,14.961
2011-02-26,6.504
2011-02-27,15.141
2011-02-28,16.163
2011-03-01,8.692
2011-03-02,14.347
2011-03-03,12.853
2011-03-04,7.488
2011-03-05,16.068
2011-03-06,7.874
2011-03-07,12.48
2011-03-08,15.106
2011-03-09,7.68
2011-03-10,8.059
2011-03-11,13.388
2011-03-12,5.076
2011-03-13,8.086
2011-03-14,16.243
2011-03-15,7.817
2011-03-16,5.731
2011-03-17,15.839
2011-03-18,6.498
2011-03-19,11.093
2011-03-20,8.489
2011-03-21,15.49
2011-03-22,7.954
2011-03-23,16.267
2011-03-24,10.935
2011-03-25,16.1
2011-03-26,11.711
2011-03-27,8.718
2011-03-28,7.525
2011-03-29,15.115
2011-03-30,3.59
2011-03-31,10.223
2011-04-01,15.831
2011-04-02,5.941
2011-04-03,7.605
2011-04-04,10.873
2011-04-05,11.713
2011-04-06,10.188
2011-04-07,7.987
2011-04-08,5.119
2011-04-09,8.953
2011-04-10,11.8
2011-04-11,14.173
2011-04-12,3.458
2011-04-13,15.045
2011-04-14,6.777
2011-04-15,16.147
2011-04-16,12.15
2011-04-17,7.41
2011-04-18,15.137
2011-04-19,10.792
2011-04-20,9.988
2011-04-21,13.427
2011-04-22,3.797
2011-04-23,9.574
2011-04-24,14.295
2011-04-25,9.07
2011-04-26,6.484
2011-04-27,9.717
2011-04-28,12.49
2011-04-29,5.242
2011-04-30,3.831
2011-05-01,4.628
2011-05-02,13.865
2011-05-03,3.921
2011-05-04,6.568
2011-05-05,7.91
2011-05-06,4.35
2011-05-07,11.056
2011-05-08,14.473
2011-05-09,12.031
2011-05-10,15.39
2011-05-11,14.621
2011-05-12,8.34
2011-05-13,13.106
2011-05-14,4.188
2011-05-15,6.874
2011-05-16,5.043
2011-05-17,5.162
2011-05-18,3.667
2011-05-19,11.746
2011-05-20,5.145
2011-05-21,5.789
2011-05-22,4.7
2011-05-23,8.505
2011-05-24,7.864
2011-05-25,4.982
2011-05-26,15.789
2011-05-27,8.323
2011-05-28,4.057
2011-05-29,16.192
2011-05-30,10.483
2011-05-31,15.3
2011-06-01,5.981
2011-06-02,6.733
2011-06-03,9.262
2011-06-04,8.694
2011-06-05,12.882
2011-06-06,12.546
2011-06-07,15.682
2011-06-08,8.979
2011-06-09,7.583
2011-06-10,12.632
2011-06-11,11.196
2011-06-12,12.832
2011-06-13,4.323
2011-06-14,3.992
2011-06-15,16.338
2011-06-16,3.442
2011-06-17,9.634
2011-06-18,6.636
2011-06-19,4.38
2011-06-20,9.996
2011-06-21,9.725
2011-06-22,7.019
2011-06-23,4.392
2011-06-24,7.65
2011-06-25,4.855
2011-06-26,5.605
2011-06-27,11.87
2011-06-28,15.45
2011-06-29,8.022
2011-06-30,9.93
2011-07-01,9.846
2011-07-02,4.999
2011-07-03,4.047
2011-07-04,6.14
2011-07-05,8.613
2011-07-06,15.411
2011-07-07,13.555
2011-07-08,7.52
2011-07-09,9.926
2011-07-10,14.102
2011-07-11,8.733
2011-07-12,4.382
2011-07-13,3.384
2011-07-14,7.348
2011-07-15,10.262
2011-07-16,10.057
2011-07-17,5.885
2011-07-18,3.382
2011-07-19,13.438
2011-07-20,8.183
2011-07-21,5.233
2011-07-22,15.509
2011-07-23,3.615
2011-07-24,4.652
2011-07-25,3.962
2011-07-26,15.472
2011-07-27,15.573
2011-07-28,14.129
2011-07-29,4.265
2011-07-30,5.576
2011-07-31,10.672
2011-08-01,6.367
2011-08-02,3.556
2011-08-03,14.903
2011-08-04,8.106
2011-08-05,14.465
2011-08-06,13.358
2011-08-07,7.89
2011-08-08,6.328
2011-08-09,6.735
2011-08-10,11.738
2011-08-11,14.682
2011-08-12,15.038
2011-08-13,3.794
2011-08-14,3.38
2011-08-15,6.608
2011-08-16,8.693
2011-08-17,13.677
2011-08-18,6.505
2011-08-19,9.914
2011-08-20,14.192
2011-08-21,7.231
2011-08-22,11.285
2011-08-23,12.382
2011-08-24,13.796
2011-08-25,13.935
2011-08-26,6.834
2011-08-27,14.55
2011-08-28,15.728
2011-08-29,14.152
2011-08-30,6.995
2011-08-31,7.274
2011-09-01,10.166
2011-09-02,5.454
2011-09-03,4.773
2011-09-04,8.77
2011-09-05,3.762
2011-09-06,8.312
2011-09-07,11.307
2011-09-08,10.011
2011-09-09,3.919
2011-09-10,13.295
2011-09-11,4.998
2011-09-12,12.055
2011-09-13,10.003
2011-09-14,11.737
2011-09-15,15.504
2011-09-16,14.427
2011-09-17,5.977
2011-09-18,15.818
2011-09-19,9.93
2011-09-20,3.73
2011-09-21,9.964
2011-09-22,14.781
2011-09-23,13.359
2011-09-24,11.185
2011-09-25,10.847
2011-09-26,9.428
2011-09-27,10.75
2011-09-28,14.65
2011-09-29,10.789
2011-09-30,11.59
2011-10-01,13.482
2011-10-02,4.244
2011-10-03,9.018
2011-10-04,9.679
2011-10-05,12.126
2011-10-06,3.845
2011-10-07,6.393
2011-10-08,3.378
2011-10-09,14.728
2011-10-10,10.11
2011-10-11,6.369
2011-10-12,15.904
2011-10-13,5.521
2011-10-14,12.44
2011-10-15,6.197
2011-10-16,11.26
2011-10-17,5.799
2011-10-18,4.558
2011-10-19,7.344
2011-10-20,14.311
2011-10-21,11.404
2011-10-22,8.409
2011-10-23,4.571
2011-10-24,10.493
2011-10-25,15.542
2011-10-26,3.447
2011-10-27,7.83
2011-10-28,14.604
2011-10-29,5.763
2011-10-30,10.402
2011-10-31,9.514
2011-11-01,6.885
2011-11-02,15.715
2011-11-03,16.397
2011-11-04,11.051
2011-11-05,5.393
2011-11-06,8.533
2011-11-07,11.28
2011-11-08,6.151
2011-11-09,12.752
2011-11-10,12.051
2011-11-11,7.472
2011-11-12,6.474
2011-11-13,11.12
2011-11-14,5.457
2011-11-15,8.047
2011-11-16,14.814
2011-11-17,15.396
2011-11-18,7.017
2011-11-19,10.517
2011-11-20,9.79
2011-11-21,15.72
2011-11-22,5.076
2011-11-23,12.231
2011-11-24,7.561
2011-11-25,15.143
2011-11-26,15.702
2011-11-27,13.091
2011-11-28,12.913
2011-11-29,9.667
2011-11-30,10.076
2011-12-01,8.095
2011-12-02,8.931
2011-12-03,3.674
2011-12-04,7.67
2011-12-05,13.283
2011-12-06,4.623
2011-12-07,6.571
2011-12-08,3.563
2011-12-09,11.682
2011-12-10,8.568
2011-12-11,11.043
2011-12-12,7.347
2011-12-13,11.942
2011-12-14,5.874
2011-12-15,16.359
2011-12-16,11.681
2011-12-17,14.278
2011-12-18,11.498
2011-12-19,9.138
2011-12-20,4.065
2011-12-21,11.357
2011-12-22,12.475
2011-12-23,11.786
2011-12-24,5.991
2011-12-25,3.845
2011-12-26,12.901
2011-12-27,11.35
2011-12-28,13.81
2011-12-29,16.267
2011-12-30,13.87
2011-12-31,9.362
2012-01-01,5.759
2012-01-02,15.606
2012-01-03,7.223
2012-01-04,10.676
2012-01-05,14.344
2012-01-06,10.343
2012-01-07,14.688
2012-01-08,12.926
2012-01-09,13.219
2012-01-10,10.063
2012-01-11,10.331
2012-01-12,10.912
2012-01-13,8.32
2012-01-14,16.172
2012-01-15,15.512
2012-01-16,3.899
2012-01-17,13.809
2012-01-18,14.896
2012-01-19,12.972
2012-01-20,5.936
2012-01-21,10.901
2012-01-22,7.483
2012-01-23,7.628
2012-01-24,13.927
2012-01-25,11.341
2012-01-26,14.416
2012-01-27,12.313
2012-01-28,7.816
2012-01-29,6.252
2012-01-30,8.709
2012-01-31,8.724
2012-02-01,15.018
2012-02-02,3.7
2012-02-03,15.08
2012-02-04,15.899
2012-02-05,5.684
2012-02-06,5.913
2012-02-07,4.051
2012-02-08,10.939
2012-02-09,13.113
2012-02-10,14.496
2012-02-11,8.346
2012-02-12,11.694
2012-02-13,12.963
2012-02-14,4.716
2012-02-15,4.463
2012-02-16,15.507
2012-02-17,12.276
2012-02-18,5.417
2012-02-19,11.339
2012-02-20,13.664
2012-02-21,15.511
2012-02-22,3.56
2012-02-23,13.427
2012-02-24,7.714
2012-02-25,14.134
2012-02-26,13.413
2012-02-27,15.843
2012-02-28,15.876
2012-02-29,6.8
2012-03-01,7.606
2012-03-02,12.23
2012-03-03,9.695
2012-03-04,13.038
2012-03-05,14.718
2012-03-06,15.982
2012-03-07,9.056
2012-03-08,13.493
2012-03-09,6.247
2012-03-10,11.808
2012-03-11,13.076
2012-03-12,4.256
2012-03-13,14.047
2012-03-14,4.27
2012-03-15,13.34
2012-03-16,10.643
2012-03-17,15.662
2012-03-18,5.04
2012-03-19,5.242
2012-03-20,7.203
2012-03-21,3.474
2012-03-22,7.096
2012-03-23,11.509
2012-03-24,6.688
2012-03-25,10.001
2012-03-26,9.089
2012-03-27,13.016
2012-03-28,11.049
2012-03-29,14.685
2012-03-30,15.731
2012-03-31,9.443
2012-04-01,13.721
2012-04-02,11.356
2012-04-03,15.954
2012-04-04,5.232
2012-04-05,14.003
2012-04-06,6.773
2012-04-07,12.299
2012-04-08,7.215
2012-04-09,9.935
2012-04-10,6.604
2012-04-11,9.641
2012-04-12,8.179
2012-04-13,4.438
2012-04-14,12.471
2012-04-15,9.65
2012-04-16,11.793
2012-04-17,5.839
2012-04-18,12.731
2012-04-19,3.504
2012-04-20,14.295
2012-04-21,7.926
2012-04-22,3.941
2012-04-23,15.503
2012-04-24,11.668
2012-04-25,15.336
2012-04-26,14.465
2012-04-27,13.008
2012-04-28,5.717
2012-04-29,6.792
2012-04-30,5.957
2012-05-01,15.268
2012-05-02,4.931
2012-05-03,16.352
2012-05-04,4.537
2012-05-05,10.098
2012-05-06,3.832
2012-05-07,12.036
2012-05-08,10.244
2012-05-09,3.639
2012-05-10,14.581
2012-05-11,13.262
2012-05-12,3.812
2012-05-13,12.379
2012-05-14,9.729
2012-05-15,6.076
2012-05-16,9.289
2012-05-17,13.559
2012-05-18,11.168
2012-05-19,7.797
2012-05-20,13.906
2012-05-21,16.331
2012-05-22,7.757
2012-05-23,16.225
2012-05-24,16.135
2012-05-25,6.303
2012-05-26,15.713
2012-05-27,5.907
2012-05-28,8.991
2012-05-29,10.55
2012-05-30,11.561
2012-05-31,11.147
2012-06-01,12.188
2012-06-02,12.171
2012-06-03,13.071
2012-06-04,3.517
2012-06-05,8.858
2012-06-06,6.561
2012-06-07,12.794
2012-06-08,15.852
2012-06-09,6.797
2012-06-10,11.974
2012-06-11,13.896
2012-06-12,5.14
2012-06-13,11.924
2012-06-14,3.873
2012-06-15,8.515
2012-06-16,14.607
2012-06-17,14.152
2012-06-18,16.008
2012-06-19,8.093
2012-06-20,9.277
2012-06-21,16.149
2012-06-22,14.705
2012-06-23,8.481
2012-06-24,15.274
2012-06-25,11.315
2012-06-26,13.536
2012-06-27,7.418
2012-06-28,8.151
2012-06-29,11.662
2012-06-30,10.018
2012-07-01,15.488
2012-07-02,12.146
2012-07-03,10.152
2012-07-04,9.968
2012-07-05,10.251
2012-07-06,9.06
2012-07-07,6.199
2012-07-08,14.124
2012-07-09,12.25
2012-07-10,11.16
2012-07-11,3.791
2012-07-12,6.292
2012-07-13,7.333
2012-07-14,10.553
2012-07-15,3.506
2012-07-16,8.423
2012-07-17,13.815
2012-07-18,10.259
2012-07-19,12.828
2012-07-20,9.02
2012-07-21,7.515
2012-07-22,10.506
2012-07-23,12.065
2012-07-24,11.807
2012-07-25,9.627
2012-07-26,5.383
2012-07-27,5.149
2012-07-28,11.579
2012-07-29,11.909
2012-07-30,7.989
2012-07-31,11.146
2012-08-01,6.574
2012-08-02,12.076
2012-08-03,11.664
2012-08-04,13.189
2012-08-05,7.175
2012-08-06,3.617
2012-08-07,15.824
2012-08-08,13.84
2012-08-09,9.369
2012-08-10,9.842
2012-08-11,10.485
2012-08-12,14.033
2012-08-13,12.871
2012-08-14,11.225
2012-08-15,8.971
2012-08-16,8.375
2012-08-17,11.905
2012-08-18,15.086
2012-08-19,4.152
2012-08-20,11.204
2012-08-21,6.716
2012-08-22,9.655
2012-08-23,4.758
2012-08-24,6.687
2012-08-25,9.946
2012-08-26,6.67
2012-08-27,12.856
2012-08-28,15.232
2012-08-29,9.068
2012-08-30,8.871
2012-08-31,7.545
2012-09-01,5.843
2012-09-02,12.639
2012-09-03,7.61
2012-09-04,11.338
2012-09-05,10.151
2012-09-06,9.112
2012-09-07,13.83
2012-09-08,6.534
2012-09-09,14.458
2012-09-10,12.763
2012-09-11,13.265
2012-09-12,5.428
2012-09-13,3.721
2012-09-14,11.783
2012-09-15,12.693
2012-09-16,8.759
2012-09-17,15.781
2012-09-18,10.68
2012-09-19,7.439
2012-09-20,5.209
2012-09-21,9.061
2012-09-22,10.843
2012-09-23,5.714
2012-09-24,9.549
2012-09-25,4.166
2012-09-26,12.821
2012-09-27,13.686
2012-09-28,3.449
2012-09-29,8.318
2012-09-30,7.218
2012-10-01,8.425
2012-10-02,15.425
2012-10-03,15.728
2012-10-04,8.343
2012-10-05,9.588
2012-10-06,6.41
2012-10-07,13.151
2012-10-08,8.063
2012-10-09,16.352
2012-10-10,14.03
2012-10-11,13.299
2012-10-12,7.676
2012-10-13,10.693
2012-10-14,9.786
2012-10-15,9.251
2012-10-16,4.836
2012-10-17,13.505
2012-10-18,5.472
2012-10-19,5.175
2012-10-20,5.916
2012-10-21,4.633
2012-10-22,11.049
2012-10-23,13.412
2012-10-24,5.102
2012-10-25,7.242
2012-10-26,5.562
2012-10-27,9.795
2012-10-28,15.514
2012-10-29,5.227
2012-10-30,14.298
2012-10-31,7.387
2012-11-01,4.923
2012-11-02,4.612
2012-11-03,8.289
2012-11-04,14.059
2012-11-05,7.073
2012-11-06,8.6
2012-11-07,13.21
2012-11-08,9.903
2012-11-09,13.438
2012-11-10,10.785
2012-11-11,10.762
2012-11-12,5.696
2012-11-13,10.708
2012-11-14,13.564
2012-11-15,12.672
2012-11-16,12.006
2012-11-17,13.281
2012-11-18,4.256
2012-11-19,7.46
2012-11-20,6.238
2012-11-21,15.755
2012-11-22,6.339
2012-11-23,16.271
2012-11-24,8.517
2012-11-25,10.365
2012-11-26,12.905
2012-11-27,7.697
2012-11-28,14.065
2012-11-29,8.661
2012-11-30,7.932
2012-12-01,11.935
2012-12-02,10.943
2012-12-03,12.558
2012-12-04,15.164
2012-12-05,12.902
2012-12-06,11.648
2012-12-07,14.777
2012-12-08,15.187
2012-12-09,8.755
2012-12-10,11.914
2012-12-11,5.796
2012-12-12,8.471
2012-12-13,6.994
2012-12-14,13.347
2012-12-15,15.526
2012-12-16,6.785
2012-12-17,10.15
2012-12-18,7.084
2012-12-19,11.739
2012-12-20,7.346
2012-12-21,15.253
2012-12-22,4.64
2012-12-23,7.956
2012-12-24,16.053
2012-12-25,8.151
2012-12-26,11.417
2012-12-27,10.764
2012-12-28,15.42
2012-12-29,14.092
2012-12-30,15.58
2012-12-31,12.132
2013-01-01,6.21
2013-01-02,14.405
2013-01-03,16.303
2013-01-04,4.898
2013-01-05,4.05
2013-01-06,6.983
2013-01-07,12.581
2013-01-08,15.706
2013-01-09,5.94
2013-01-10,6.701
2013-01-11,8.47
2013-01-12,11.035
2013-01-13,15.668
2013-01-14,8.698
2013-01-15,5.321
2013-01-16,15.878
2013-01-17,14.52
2013-01-18,10.395
2013-01-19,7.776
2013-01-20,5.717
2013-01-21,4.652
2013-01-22,4.295
2013-01-23,13.199
2013-01-24,6.818
2013-01-25,15.522
2013-01-26,3.675
2013-01-27,16.193
2013-01-28,10.136
2013-01-29,12.314
2013-01-30,7.217
2013-01-31,12.388
2013-02-01,3.797
2013-02-02,10.381
2013-02-03,9.614
2013-02-04,4.6
2013-02-05,10.329
2013-02-06,14.923
2013-02-07,14.767
2013-02-08,4.125
2013-02-09,4.37
2013-02-10,10.985
2013-02-11,6.269
2013-02-12,12.443
2013-02-13,8.941
2013-02-14,5.585
2013-02-15,10.939
2013-02-16,7.442
2013-02-17,6.928
2013-02-18,12.545
2013-02-19,16.144
2013-02-20,14.508
2013-02-21,4.318
2013-02-22,11.061
2013-02-23,3.987
2013-02-24,6.703
2013-02-25,8.543
2013-02-26,3.342
2013-02-27,11.936
2013-02-28,5.812
2013-03-01,14.008
2013-03-02,15.86
2013-03-03,7.709
2013-03-04,6.249
2013-03-05,14.592
2013-03-06,6.055
2013-03-07,9.7
2013-03-08,10.806
2013-03-09,14.631
2013-03-10,13.735
2013-03-11,5.743
2013-03-12,7.215
2013-03-13,15.028
2013-03-14,7.32
2013-03-15,10.674
2013-03-16,13.914
2013-03-17,12.045
2013-03-18,8.42
2013-03-19,13.127
2013-03-20,14.15
2013-03-21,4.025
2013-03-22,8.239
2013-03-23,6.587
2013-03-24,3.635
2013-03-25,3.45
2013-03-26,5.826
2013-03-27,5.083
2013-03-28,7.596
2013-03-29,10.058
2013-03-30,12.781
2013-03-31,5.453
2013-04-01,11.097
2013-04-02,3.553
2013-04-03,4.466
2013-04-04,10.481
2013-04-05,14.444
2013-04-06,5.691
2013-04-07,10.155
2013-04-08,5.292
2013-04-09,8.163
2013-04-10,6.758
2013-04-11,13.32
2013-04-12,7.406
2013-04-13,15.565
2013-04-14,13.389
2013-04-15,13.191
2013-04-16,7.643
2013-04-17,16.09
2013-04-18,9.143
2013-04-19,10.948
2013-04-20,5.89
2013-04-21,14.016
2013-04-22,9.637
2013-04-23,3.706
2013-04-24,5.784
2013-04-25,7.108
2013-04-26,14.881
2013-04-27,8.839
2013-04-28,4.023
2013-04-29,9.455
2013-04-30,12.488
2013-05-01,15.079
2013-05-02,7.144
2013-05-03,3.619
2013-05-04,9.839
2013-05-05,14.748
2013-05-06,8.495
2013-05-07,12.477
2013-05-08,3.849
2013-05-09,10.203
2013-05-10,15.72
2013-05-11,14.836
2013-05-12,14.255
2013-05-13,8.903
2013-05-14,13.785
2013-05-15,6.049
2013-05-16,10.685
2013-05-17,15.692
2013-05-18,4.717
2013-05-19,5.274
2013-05-20,3.523
2013-05-21,7.995
2013-05-22,7.731
2013-05-23,16.094
2013-05-24,9.65
2013-05-25,4.101
2013-05-26,14.965
2013-05-27,6.17
2013-05-28,7.302
2013-05-29,9.521
2013-05-30,11.102
2013-05-31,8.917
2013-06-01,15.953
2013-06-02,4.667
2013-06-03,15.234
2013-06-04,13.112
2013-06-05,7.433
2013-06-06,3.896
2013-06-07,16.157
2013-06-08,14.969
2013-06-09,16.384
2013-06-10,5.809
2013-06-11,12.815
2013-06-12,5.411
2013-06-13,13.789
2013-06-14,8.743
2013-06-15,10.523
2013-06-16,13.327
2013-06-17,13.256
2013-06-18,11.754
2013-06-19,9.582
2013-06-20,9.078
2013-06-21,15.642
2013-06-22,4.41
2013-06-23,7.775
2013-06-24,11.876
2013-06-25,4.872
2013-06-26,6.554
2013-06-27,3.364
2013-06-28,10.361
2013-06-29,9.954
2013-06-30,13.576
2013-07-01,8.456
2013-07-02,8.307
2013-07-03,9.824
2013-07-04,3.787
2013-07-05,14.204
2013-07-06,11.813
2013-07-07,14.44
2013-07-08,11.933
2013-07-09,14.917
2013-07-10,10.637
2013-07-11,12.387
2013-07-12,7.447
2013-07-13,4.013
2013-07-14,4.939
2013-07-15,13.782
2013-07-16,8.648
2013-07-17,11.813
2013-07-18,5.947
2013-07-19,7.696
2013-07-20,13.134
2013-07-21,10.588
2013-07-22,6.558
2013-07-23,7.143
2013-07-24,7.071
2013-07-25,6.419
2013-07-26,9.049
2013-07-27,9.768
2013-07-28,4.36
2013-07-29,5.016
2013-07-30,10.056
2013-07-31,9.454
2013-08-01,8.84
2013-08-02,10.627
2013-08-03,7.884
2013-08-04,11.389
2013-08-05,15.504
2013-08-06,14.155
2013-08-07,10.39
2013-08-08,14.259
2013-08-09,6.393
2013-08-10,10.677
2013-08-11,14.322
2013-08-12,7.288
2013-08-13,14.674
2013-08-14,8.28
2013-08-15,12.124
2013-08-16,15.659
2013-08-17,9.128
2013-08-18,16.055
2013-08-19,9.727
2013-08-20,6.009
2013-08-21,8.509
2013-08-22,5.408
2013-08-23,13.993
2013-08-24,5.871
2013-08-25,14.319
2013-08-26,9.183
2013-08-27,13.566
2013-08-28,11.078
2013-08-29,15.891
2013-08-30,10.422
2013-08-31,6.127
2013-09-01,14.738
2013-09-02,3.978
2013-09-03,15.84
2013-09-04,15.65
2013-09-05,4.389
2013-09-06,15.87
2013-09-07,13.639
2013-09-08,4.944
2013-09-09,4.682
2013-09-10,8.222
2013-09-11,11.794
2013-09-12,8.327
2013-09-13,9.997
2013-09-14,7.665
2013-09-15,10.768
2013-09-16,9.417
2013-09-17,9.776
2013-09-18,13.149
2013-09-19,13.105
2013-09-20,4.604
2013-09-21,12.979
2013-09-22,9.633
2013-09-23,5.675
2013-09-24,10.677
2013-09-25,15.931
2013-09-26,16.101
2013-09-27,7.431
2013-09-28,8.194
2013-09-29,15.649
2013-09-30,12.857
2013-10-01,8.54
2013-10-02,14.7
2013-10-03,9.801
2013-10-04,6.933
2013-10-05,9.908
2013-10-06,7.568
2013-10-07,5.588
2013-10-08,4.291
2013-10-09,5.187
2013-10-10,12.818
2013-10-11,3.606
2013-10-12,11.543
2013-10-13,7.661
2013-10-14,13.266
2013-10-15,12.185
2013-10-16,4.772
2013-10-17,3.88
2013-10-18,15.2
2013-10-19,7.785
2013-10-20,11.393
2013-10-21,5.58
2013-10-22,15.589
2013-10-23,10.655
2013-10-24,8.444
2013-10-25,7.224
2013-10-26,10.301
2013-10-27,15.48
2013-10-28,4.542
2013-10-29,15.914
2013-10-30,4.862
2013-10-31,10.594
2013-11-01,10.224
2013-11-02,12.949
2013-11-03,15.096
2013-11-04,15.377
2013-11-05,12.79
2013-11-06,4.591
2013-11-07,8.859
2013-11-08,7.413
2013-11-09,16.293
2013-11-10,13.462
2013-11-11,9.543
2013-11-12,3.381
2013-11-13,9.323
2013-11-14,6.635
2013-11-15,7.95
2013-11-16,6.386
2013-11-17,12.276
2013-11-18,6.768
2013-11-19,12.767
2013-11-20,12.888
2013-11-21,13.098
2013-11-22,11.043
2013-11-23,13.324
2013-11-24,3.863
2013-11-25,9.154
2013-11-26,3.925
2013-11-27,13.177
2013-11-28,14.554
2013-11-29,3.894
2013-11-30,11.713
2013-12-01,4.534
2013-12-02,12.87
2013-12-03,9.711
2013-12-04,11.211
2013-12-05,10.332
2013-12-06,13.054
2013-12-07,11.332
2013-12-08,12.371
2013-12-09,13.46
2013-12-10,11.225
2013-12-11,10.753
2013-12-12,5.352
2013-12-13,10.011
2013-12-14,14.166
2013-12-15,5.858
2013-12-16,6.237
2013-12-17,12.56
2013-12-18,3.799
2013-12-19,5.9
2013-12-20,12.585
2013-12-21,14.457
2013-12-22,4.804
2013-12-23,14.754
2013-12-24,7.429
2013-12-25,14.496
2013-12-26,8.817
2013-12-27,10.778
2013-12-28,14.959
2013-12-29,4.832
2013-12-30,5.985
2013-12-31,15.868
2014-01-01,3.792
2014-01-02,12.739
2014-01-03,4.861
2014-01-04,10.652
2014-01-05,14.642
2014-01-06,9.15
2014-01-07,15.295
2014-01-08,13.648
2014-01-09,5.342
2014-01-10,11.174
2014-01-11,9.392
2014-01-12,14.786
2014-01-13,16.019
2014-01-14,10.863
2014-01-15,8.313
2014-01-16,9.586
2014-01-17,15.46
2014-01-18,15.478
2014-01-19,12.465
2014-01-20,14.513
2014-01-21,15.548
2014-01-22,3.556
2014-01-23,4.554
2014-01-24,9.7
2014-01-25,15.95
2014-01-26,15.284
2014-01-27,8.33
2014-01-28,4.695
2014-01-29,14.696
2014-01-30,5.473
2014-01-31,15.587
2014-02-01,16.314
2014-02-02,8.237
2014-02-03,5.333
2014-02-04,5.586
2014-02-05,15.893
2014-02-06,4.119
2014-02-07,8.478
2014-02-08,5.227
2014-02-09,6.356
2014-02-10,10.94
2014-02-11,8.848
2014-02-12,5.047
2014-02-13,12.171
2014-02-14,6.984
2014-02-15,14.754
2014-02-16,14.912
2014-02-17,11.228
2014-02-18,12.36
2014-02-19,16.174
2014-02-20,15.781
2014-02-21,6.941
2014-02-22,4.311
2014-02-23,7.033
2014-02-24,9.051
2014-02-25,4.99
2014-02-26,9.506
2014-02-27,7.476
2014-02-28,10.211
2014-03-01,5.462
2014-03-02,4.8
2014-03-03,14.639
2014-03-04,6.734
2014-03-05,7.836
2014-03-06,10.831
2014-03-07,15.223
2014-03-08,10.424
2014-03-09,9.454
2014-03-10,16.351
2014-03-11,6.355
2014-03-12,15.536
2014-03-13,14.961
2014-03-14,4.151
2014-03-15,14.869
2014-03-16,4.188
2014-03-17,12.146
2014-03-18,5.906
2014-03-19,15.931
2014-03-20,12.72
2014-03-21,15.054
2014-03-22,14.123
2014-03-23,4.967
2014-03-24,16.121
2014-03-25,8.526
2014-03-26,9.054
2014-03-27,4.498
2014-03-28,14.766
2014-03-29,11.146
2014-03-30,14.993
2014-03-31,7.077
2014-04-01,10.953
2014-04-02,11.529
2014-04-03,6.958
2014-04-04,8.448
2014-04-05,7.592
2014-04-06,4.506
2014-04-07,16.243
2014-04-08,14.997
2014-04-09,16.244
2014-04-10,9.604
2014-04-11,4.502
2014-04-12,9.54
2014-04-13,13.502
2014-04-14,15.998
2014-04-15,5.802
2014-04-16,7.745
2014-04-17,12.374
2014-04-18,12.082
2014-04-19,13.022
2014-04-20,7.946
2014-04-21,13.257
2014-04-22,7.182
2014-04-23,8.699
2014-04-24,9.918
2014-04-25,14.692
2014-04-26,5.255
2014-04-27,4.688
2014-04-28,13.556
2014-04-29,9.309
2014-04-30,4.247
2014-05-01,14.949
2014-05-02,4.846
2014-05-03,9.276
2014-05-04,4.903
2014-05-05,14.687
2014-05-06,3.709
2014-05-07,8.64
2014-05-08,6.637
2014-05-09,11.656
2014-05-10,10.999
2014-05-11,6.591
2014-05-12,5.624
2014-05-13,8.478
2014-05-14,13.015
2014-05-15,6.615
2014-05-16,12.397
2014-05-17,8.513
2014-05-18,15.248
2014-05-19,12.057
2014-05-20,13.203
2014-05-21,5.934
2014-05-22,14.888
2014-05-23,15.186
2014-05-24,15.515
2014-05-25,6.831
2014-05-26,9.317
2014-05-27,7.778
2014-05-28,7.41
2014-05-29,13.922
2014-05-30,15.18
2014-05-31,6.546
2014-06-01,12.066
2014-06-02,7.566
2014-06-03,5.474
2014-06-04,14.314
2014-06-05,6.661
2014-06-06,13.847
2014-06-07,12.02
2014-06-08,7.084
2014-06-09,15.754
2014-06-10,4.664
2014-06-11,12.681
2014-06-12,5.887
2014-06-13,13.301
2014-06-14,14.189
2014-06-15,13.578
2014-06-16,10.076
2014-06-17,4.654
2014-06-18,7.15
2014-06-19,8.252
2014-06-20,3.746
2014-06-21,15.34
2014-06-22,10.78
2014-06-23,11.344
2014-06-24,15.506
2014-06-25,4.793
2014-06-26,10.193
2014-06-27,14.085
2014-06-28,12.371
2014-06-29,4.69
2014-06-30,10.872
2014-07-01,13.847
2014-07-02,4.607
2014-07-03,9.634
2014-07-04,9.878
2014-07-05,3.462
2014-07-06,15.862
2014-07-07,4.468
2014-07-08,15.62
2014-07-09,14.591
2014-07-10,7.124
2014-07-11,5.724
2014-07-12,16.081
2014-07-13,9.217
2014-07-14,15.652
2014-07-15,6.883
2014-07-16,8.045
2014-07-17,7.045
2014-07-18,13.819
2014-07-19,16.259
2014-07-20,4.302
2014-07-21,3.56
2014-07-22,7.478
2014-07-23,8.006
2014-07-24,11.507
2014-07-25,8.575
2014-07-26,12.228
2014-07-27,7.948
2014-07-28,12.886
2014-07-29,8.565
2014-07-30,3.507
2014-07-31,7.427
2014-08-01,16.151
2014-08-02,13.615
2014-08-03,5.176
2014-08-04,12.594
2014-08-05,10.632
2014-08-06,8.389
2014-08-07,13.842
2014-08-08,11.973
2014-08-09,5.179
2014-08-10,13.601
2014-08-11,8.283
2014-08-12,4.438
2014-08-13,4.548
2014-08-14,11.434
2014-08-15,6.722
2014-08-16,4.412
2014-08-17,12.726
2014-08-18,15.475
2014-08-19,5.069
2014-08-20,15.404
2014-08-21,14.116
2014-08-22,8.253
2014-08-23,5.408
2014-08-24,8.851
2014-08-25,9.23
2014-08-26,16.216
2014-08-27,13.183
2014-08-28,6.583
2014-08-29,14.902
2014-08-30,4.373
2014-08-31,4.588
2014-09-01,15.226
2014-09-02,4.357
2014-09-03,7.455
2014-09-04,11.176
2014-09-05,9.3
2014-09-06,10.979
2014-09-07,11.926
2014-09-08,9.571
2014-09-09,4.417
2014-09-10,9.123
2014-09-11,12.593
2014-09-12,14.539
2014-09-13,5.234
2014-09-14,8.868
2014-09-15,15.525
2014-09-16,12.286
2014-09-17,8.622
2014-09-18,15.711
2014-09-19,5.593
2014-09-20,11.723
2014-09-21,12.967
2014-09-22,10.829
2014-09-23,9.549
2014-09-24,9.108
2014-09-25,15.399
2014-09-26,4.977
2014-09-27,11.497
2014-09-28,8.856
2014-09-29,7.088
2014-09-30,14.686
2014-10-01,7.376
2014-10-02,13.42
2014-10-03,5.7
2014-10-04,10.561
2014-10-05,6.977
2014-10-06,9.894
2014-10-07,5.586
2014-10-08,6.069
2014-10-09,11.637
2014-10-10,7.006
2014-10-11,12.566
2014-10-12,15.969
2014-10-13,15.016
2014-10-14,8.283
2014-10-15,5.941
2014-10-16,12.818
2014-10-17,15.524
2014-10-18,5.412
2014-10-19,13.834
2014-10-20,8.914
2014-10-21,4.419
2014-10-22,5.301
2014-10-23,4.414
2014-10-24,15.3
2014-10-25,15.049
2014-10-26,3.615
2014-10-27,5.178
2014-10-28,10.864
2014-10-29,5.326
2014-10-30,8.785
2014-10-31,7.504
2014-11-01,15.719
2014-11-02,3.713
2014-11-03,9.91
2014-11-04,4.573
2014-11-05,9.026
2014-11-06,13.839
2014-11-07,16.028
2014-11-08,7.295
2014-11-09,7.434
2014-11-10,10.736
2014-11-11,9.833
2014-11-12,5.379
2014-11-13,10.77
2014-11-14,10.833
2014-11-15,3.889
2014-11-16,9.511
2014-11-17,11.778
2014-11-18,14.11
2014-11-19,13.949
2014-11-20,10.521
2014-11-21,5.579
2014-11-22,8.935
2014-11-23,10.231
2014-11-24,6.495
2014-11-25,9.074
2014-11-26,8.603
2014-11-27,11.299
2014-11-28,10.49
2014-11-29,16.017
2014-11-30,3.406
2014-12-01,12.914
2014-12-02,12.828
2014-12-03,6.148
2014-12-04,6.532
2014-12-05,7.845
2014-12-06,10.626
2014-12-07,3.962
2014-12-08,15.811
2014-12-09,9.72
2014-12-10,6.268
2014-12-11,11.651
2014-12-12,6.684
2014-12-13,6.74
2014-12-14,15.244
2014-12-15,3.932
2014-12-16,8.529
2014-12-17,15.463
2014-12-18,8.68
2014-12-19,8.734
2014-12-20,7.609
2014-12-21,5.612
2014-12-22,12.072
2014-12-23,8.696
2014-12-24,4.029
2014-12-25,12.221
2014-12-26,13.193
2014-12-27,5.042
2014-12-28,11.9
2014-12-29,7.713
2014-12-30,14.403
2014-12-31,12.408
2015-01-01,5.603
2015-01-02,9.988
2015-01-03,4.938
2015-01-04,13.884
2015-01-05,6.915
2015-01-06,9.059
2015-01-07,13.681
2015-01-08,15.726
2015-01-09,10.793
2015-01-10,10.002
2015-01-11,6.409
2015-01-12,5.226
2015-01-13,4.464
2015-01-14,9.041
2015-01-15,5.75
2015-01-16,7.972
2015-01-17,14.245
2015-01-18,4.608
2015-01-19,6.53
2015-01-20,8.462
2015-01-21,15.065
2015-01-22,7.726
2015-01-23,16.303
2015-01-24,11.764
2015-01-25,16.255
2015-01-26,4.603
2015-01-27,4.875
2015-01-28,8.627
2015-01-29,16.275
2015-01-30,4.724
2015-01-31,6.23
2015-02-01,11.191
2015-02-02,8.286
2015-02-03,12.986
2015-02-04,8.724
2015-02-05,9.862
2015-02-06,11.798
2015-02-07,6.852
2015-02-08,6.954
2015-02-09,4.471
2015-02-10,10.051
2015-02-11,3.987
2015-02-12,6.936
2015-02-13,9.422
2015-02-14,5.055
2015-02-15,15.441
2015-02-16,15.176
2015-02-17,13.52
2015-02-18,4.091
2015-02-19,13.926
2015-02-20,9.861
2015-02-21,12.048
2015-02-22,5.365
2015-02-23,9.21
2015-02-24,7.599
2015-02-25,11.432
2015-02-26,6.396
2015-02-27,10.592
2015-02-28,14.512
2015-03-01,10.078
2015-03-02,5.354
2015-03-03,3.717
2015-03-04,13.835
2015-03-05,11.041
2015-03-06,13.111
2015-03-07,8.646
2015-03-08,13.972
2015-03-09,11.391
2015-03-10,9.654
2015-03-11,11.029
2015-03-12,5.452
2015-03-13,13.275
2015-03-14,15.562
2015-03-15,7.027
2015-03-16,14.305
2015-03-17,13.636
2015-03-18,9.376
2015-03-19,9.308
2015-03-20,3.772
2015-03-21,3.885
2015-03-22,12.716
2015-03-23,12.402
2015-03-24,13.787
2015-03-25,14.817
2015-03-26,5.446
2015-03-27,7.985
2015-03-28,12.819
2015-03-29,4.841
2015-03-30,8.54
2015-03-31,7.83
2015-04-01,12.635
2015-04-02,4.064
2015-04-03,4.792
2015-04-04,15.847
2015-04-05,15.818
2015-04-06,4.691
2015-04-07,14.198
2015-04-08,11.76
2015-04-09,7.142
2015-04-10,6.327
2015-04-11,5.124
2015-04-12,5.958
2015-04-13,4.801
2015-04-14,4.182
2015-04-15,6.723
2015-04-16,15.644
2015-04-17,11.724
2015-04-18,13.291
2015-04-19,3.468
2015-04-20,12.319
2015-04-21,9.734
2015-04-22,8.218
2015-04-23,14.09
2015-04-24,6.337
2015-04-25,14.084
2015-04-26,15.392
2015-04-27,4.325
2015-04-28,8.23
2015-04-29,6.68
2015-04-30,4.381
2015-05-01,13.086
2015-05-02,9.11
2015-05-03,12.844
2015-05-04,9.138
2015-05-05,4.512
2015-05-06,12.275
2015-05-07,4.142
2015-05-08,12.514
2015-05-09,9.208
2015-05-10,15.689
2015-05-11,12.887
2015-05-12,12.724
2015-05-13,7.028
2015-05-14,16.386
2015-05-15,15.641
2015-05-16,4.995
2015-05-17,14.642
2015-05-18,6.519
2015-05-19,6.425
2015-05-20,15.38
2015-05-21,13.552
2015-05-22,14.42
2015-05-23,5.672
2015-05-24,11.016
2015-05-25,7.789
2015-05-26,15.029
2015-05-27,5.948
2015-05-28,3.754
2015-05-29,15.123
2015-05-30,15.554
2015-05-31,3.971
2015-06-01,15.895
2015-06-02,10.778
2015-06-03,7.21
2015-06-04,9.764
2015-06-05,6.475
2015-06-06,14.204
2015-06-07,5.16
2015-06-08,11.38
2015-06-09,14.229
2015-06-10,10.457
2015-06-11,8.287
2015-06-12,11.099
2015-06-13,5.695
2015-06-14,6.209
2015-06-15,8.425
2015-06-16,4.739
2015-06-17,16.008
2015-06-18,4.654
2015-06-19,10.416
2015-06-20,8.322
2015-06-21,7.105
2015-06-22,7.671
2015-06-23,5.173
2015-06-24,11.239
2015-06-25,15.041
2015-06-26,5.128
2015-06-27,15.999
2015-06-28,11.069
2015-06-29,12.089
2015-06-30,15.151
2015-07-01,8.115
2015-07-02,13.268
2015-07-03,15.945
2015-07-04,9.749
2015-07-05,7.17
2015-07-06,12.716
2015-07-07,5.992
2015-07-08,14.423
2015-07-09,5.882
2015-07-10,9.499
2015-07-11,14.718
2015-07-12,11.147
2015-07-13,15.474
2015-07-14,9.981
2015-07-15,4.701
2015-07-16,16.256
2015-07-17,4.636
2015-07-18,8.031
2015-07-19,9.949
2015-07-20,7.9
2015-07-21,4.004
2015-07-22,9.501
2015-07-23,12.852
2015-07-24,12.759
2015-07-25,5.452
2015-07-26,7.97
2015-07-27,7.67
2015-07-28,14.585
2015-07-29,5.467
2015-07-30,14.114
2015-07-31,14.253
2015-08-01,14.816
2015-08-02,11.411
2015-08-03,12.334
2015-08-04,5.701
2015-08-05,9.78
2015-08-06,15.863
2015-08-07,8.194
2015-08-08,3.655
2015-08-09,14.742
2015-08-10,10.7
2015-08-11,7.402
2015-08-12,13.041
2015-08-13,12.14
2015-08-14,9.129
2015-08-15,13.868
2015-08-16,15.192
2015-08-17,15.988
2015-08-18,7.095
2015-08-19,5.358
2015-08-20,11.826
2015-08-21,8.867
2015-08-22,16.186
2015-08-23,10.632
2015-08-24,9.42
2015-08-25,6.199
2015-08-26,10.162
2015-08-27,6.325
2015-08-28,13.627
2015-08-29,15.154
2015-08-30,8.436
2015-08-31,9.37
2015-09-01,5.766
2015-09-02,6.236
2015-09-03,12.758
2015-09-04,13.273
2015-09-05,16.21
2015-09-06,13.716
2015-09-07,7.079
2015-09-08,6.063
2015-09-09,11.784
2015-09-10,16.251
2015-09-11,12.238
2015-09-12,9.186
2015-09-13,11.789
2015-09-14,14.934
2015-09-15,13.284
2015-09-16,12.363
2015-09-17,5.185
2015-09-18,10.919
2015-09-19,5.229
2015-09-20,6.291
2015-09-21,16.171
2015-09-22,9.28
2015-09-23,8.52
2015-09-24,9.501
2015-09-25,5.893
2015-09-26,4.636
2015-09-27,10.787
2015-09-28,15.003
2015-09-29,7.006
2015-09-30,13.21
2015-10-01,12.897
2015-10-02,13.123
2015-10-03,6.274
2015-10-04,10.306
2015-10-05,14.18
2015-10-06,6.768
2015-10-07,12.211
2015-10-08,6.808
2015-10-09,11.817
2015-10-10,16.388
2015-10-11,3.44
2015-10-12,16.216
2015-10-13,15.357
2015-10-14,7.14
2015-10-15,15.896
2015-10-16,15.718
2015-10-17,5.909
2015-10-18,7.522
2015-10-19,5.081
2015-10-20,9.961
2015-10-21,10.881
2015-10-22,10.858
2015-10-23,9.134
2015-10-24,5.06
2015-10-25,15.905
2015-10-26,8.369
2015-10-27,6.391
2015-10-28,16.303
2015-10-29,11.723
2015-10-30,14.515
2015-10-31,6.773
2015-11-01,10.74
2015-11-02,6.522
2015-11-03,15.1
2015-11-04,10.424
2015-11-05,7.035
2015-11-06,7.38
2015-11-07,4.535
2015-11-08,9.95
2015-11-09,12.12
2015-11-10,5.929
2015-11-11,5.541
2015-11-12,13.417
2015-11-13,5.637
2015-11-14,13.011
2015-11-15,14.73
2015-11-16,10.297
2015-11-17,4.685
2015-11-18,6.136
2015-11-19,11.814
2015-11-20,12.128
2015-11-21,3.521
2015-11-22,3.693
2015-11-23,7.794
2015-11-24,11.839
2015-11-25,15.813
2015-11-26,7.858
2015-11-27,13.375
2015-11-28,12.138
2015-11-29,8.93
2015-11-30,14.769
2015-12-01,4.752
2015-12-02,11.502
2015-12-03,15.228
2015-12-04,14.879
2015-12-05,9.379
2015-12-06,10.712
2015-12-07,14.744
2015-12-08,9.715
2015-12-09,8.264
2015-12-10,12.608
2015-12-11,6.332
2015-12-12,6.739
2015-12-13,4.79
2015-12-14,15.311
2015-12-15,5.233
2015-12-16,10.271
2015-12-17,10.309
2015-12-18,8.148
2015-12-19,3.924
2015-12-20,13.248
2015-12-21,14.664
2015-12-22,8.818
2015-12-23,13.497
2015-12-24,15.174
2015-12-25,12.482
2015-12-26,14.806
2015-12-27,8.082
2015-12-28,15.49
2015-12-29,13.954
2015-12-30,7.761
2015-12-31,12.487
2016-01-01,6.306
2016-01-02,10.487
2016-01-03,11.818
2016-01-04,14.171
2016-01-05,15.07
2016-01-06,12.35
2016-01-07,7.343
2016-01-08,4.784
2016-01-09,8.108
2016-01-10,10.139
2016-01-11,7.054
2016-01-12,9.151
2016-01-13,4.203
2016-01-14,13.444
2016-01-15,12.724
2016-01-16,10.228
2016-01-17,9.817
2016-01-18,15.35
2016-01-19,15.358
2016-01-20,11.58
2016-01-21,10.761
2016-01-22,5.588
2016-01-23,6.088
2016-01-24,14.604
2016-01-25,6.192
2016-01-26,6.871
