\\/wiki\\/Batman_(Bruce_Wayne)	Black Hair
\\/wiki\\/Superman_(Clark_Kent)	Black Hair
\\/wiki\\/Green_Lantern_(Hal_Jordan)	Brown Hair
\\/wiki\\/James_Gordon_(New_Earth)	White Hair
\\/wiki\\/Richard_Grayson_(New_Earth)	Black Hair
\\/wiki\\/Wonder_Woman_(Diana_Prince)	Black Hair
\\/wiki\\/Aquaman_(Arthur_Curry)	Blond Hair
\\/wiki\\/Timothy_Drake_(New_Earth)	Black Hair
\\/wiki\\/Dinah_Laurel_Lance_(New_Earth)	Blond Hair
\\/wiki\\/Flash_(Barry_Allen)	Blond Hair
\\/wiki\\/GenderTest	Blond Hair
\\/wiki\\/Alan_Scott_(New_Earth)	Blond Hair
\\/wiki\\/Barbara_Gordon_(New_Earth)	Red Hair
\\/wiki\\/Jason_Garrick_(New_Earth)	Brown Hair
\\/wiki\\/Lois_Lane_(New_Earth)	Black Hair
\\/wiki\\/Alfred_Pennyworth_(New_Earth)	Black Hair
\\/wiki\\/Carter_Hall_(New_Earth)	Brown Hair
\\/wiki\\/Kyle_Rayner_(New_Earth)	Black Hair
\\/wiki\\/Roy_Harper_(New_Earth)	Red Hair
\\/wiki\\/Kara_Zor-L_(Earth-Two)	Blond Hair
\\/wiki\\/Ted_Grant_(New_Earth)	Black Hair
\\/wiki\\/Garfield_Logan_(New_Earth)	Green Hair
\\/wiki\\/Guy_Gardner_(New_Earth)	Red Hair
\\/wiki\\/Victor_Stone_(New_Earth)	Black Hair
\\/wiki\\/Kon-El_(New_Earth)	Black Hair
\\/wiki\\/Ralph_Dibny_(New_Earth)	Red Hair
\\/wiki\\/James_Olsen_(New_Earth)	Red Hair
\\/wiki\\/John_Stewart_(New_Earth)	Black Hair
\\/wiki\\/Joker_(New_Earth)	Green Hair
\\/wiki\\/Garth_(New_Earth)	Black Hair
\\/wiki\\/Zatanna_Zatara_(New_Earth)	Black Hair
\\/wiki\\/Theodore_Kord_(New_Earth)	Brown Hair
\\/wiki\\/Michael_Jon_Carter_(New_Earth)	Blond Hair
\\/wiki\\/Cassandra_Sandsmark_(New_Earth)	Blond Hair
\\/wiki\\/Kent_Nelson_(New_Earth)	Blond Hair
\\/wiki\\/Harvey_Bullock_(New_Earth)	Black Hair
\\/wiki\\/Rachel_Roth_(New_Earth)	Black Hair
\\/wiki\\/Helena_Bertinelli_(New_Earth)	Black Hair
\\/wiki\\/Wesley_Dodds_(New_Earth)	Brown Hair
\\/wiki\\/Nathaniel_Adam_(New_Earth)	White Hair
\\/wiki\\/John_Constantine_(New_Earth)	Blond Hair
\\/wiki\\/Albert_Pratt_(New_Earth)	Red Hair
\\/wiki\\/Charles_McNider_(New_Earth)	Blond Hair
\\/wiki\\/Theodore_Knight_(New_Earth)	Brown Hair
\\/wiki\\/Lobo_(New_Earth)	Black Hair
\\/wiki\\/Perry_White_(New_Earth)	Brown Hair
\\/wiki\\/Slade_Wilson_(New_Earth)	White Hair
\\/wiki\\/Phantom_Stranger_(New_Earth)	Black Hair
\\/wiki\\/Beatriz_da_Costa_(New_Earth)	Green Hair
\\/wiki\\/William_Batson_(New_Earth)	Black Hair
\\/wiki\\/Carol_Ferris_(New_Earth)	Black Hair
\\/wiki\\/Jennifer-Lynn_Hayden_(New_Earth)	Green Hair
\\/wiki\\/Renee_Montoya_(New_Earth)	Black Hair
\\/wiki\\/Harvey_Dent_(New_Earth)	Brown Hair
\\/wiki\\/Courtney_Whitmore_(New_Earth)	Blond Hair
\\/wiki\\/Kendra_Saunders_(New_Earth)	Brown Hair
\\/wiki\\/Michael_Holt_(New_Earth)	Black Hair
\\/wiki\\/Kara_Zor-El_(New_Earth)	Blond Hair
\\/wiki\\/Jonah_Hex_(New_Earth)	Blond Hair
\\/wiki\\/Rex_Tyler_(New_Earth)	Brown Hair
\\/wiki\\/Pamela_Isley_(New_Earth)	Red Hair
\\/wiki\\/Pieter_Cross_(New_Earth)	Black Hair
\\/wiki\\/Jonathan_L._Thunder_(New_Earth)	Blond Hair
\\/wiki\\/Mari_McCabe_(New_Earth)	Brown Hair
\\/wiki\\/Scott_Free_(New_Earth)	Black Hair
\\/wiki\\/Martha_Clark_(New_Earth)	White Hair
\\/wiki\\/Daniel_Turpin_(New_Earth)	Brown Hair
\\/wiki\\/John_Zatara_(New_Earth)	Black Hair
\\/wiki\\/Jonathan_Kent_(New_Earth)	White Hair
\\/wiki\\/Oswald_Cobblepot_(New_Earth)	Black Hair
\\/wiki\\/Tatsu_Yamashiro_(New_Earth)	Black Hair
\\/wiki\\/Lawrence_Trainor_(New_Earth)	Blond Hair
\\/wiki\\/Brion_Markov_(New_Earth)	Strawberry Blond Hair
\\/wiki\\/Sanderson_Hawkins_(New_Earth)	Blond Hair
\\/wiki\\/Jonathan_Chambers_(New_Earth)	Blond Hair
\\/wiki\\/Orion_(New_Earth)	Strawberry Blond Hair
\\/wiki\\/Thaal_Sinestro_(New_Earth)	Black Hair
\\/wiki\\/Cassandra_Cain_(New_Earth)	Black Hair
\\/wiki\\/Jason_Todd_(New_Earth)	Black Hair
\\/wiki\\/Susan_Dearbon_(New_Earth)	Black Hair
\\/wiki\\/Jean-Paul_Valley_(New_Earth)	Blond Hair
\\/wiki\\/Hippolyta_(New_Earth)	Black Hair
\\/wiki\\/Joseph_Wilson_(New_Earth)	Blond Hair
\\/wiki\\/Bernhard_Baker_(New_Earth)	Blond Hair
\\/wiki\\/Sylvester_Pemberton_(New_Earth)	Black Hair
\\/wiki\\/Jesse_Chambers_(New_Earth)	Blond Hair
\\/wiki\\/Floyd_Lawton_(New_Earth)	Brown Hair
\\/wiki\\/Mera_(New_Earth)	Red Hair
\\/wiki\\/Tora_Olafsdotter_(New_Earth)	White Hair
\\/wiki\\/George_Harkness_(New_Earth)	Brown Hair
\\/wiki\\/Amanda_Waller_(New_Earth)	Black Hair
\\/wiki\\/Jonathan_Crane_(New_Earth)	Brown Hair
\\/wiki\\/Leonard_Snart_(New_Earth)	Brown Hair
\\/wiki\\/Shiera_Sanders_(New_Earth)	Red Hair
\\/wiki\\/Maxwell_Lord_IV_(New_Earth)	Brown Hair
\\/wiki\\/Jeb_Stuart_(New_Earth)	Brown Hair
\\/wiki\\/Damian_Wayne_(Prime_Earth)	Black Hair
\\/wiki\\/Big_Barda_(New_Earth)	Black Hair
\\/wiki\\/Niles_Caulder_(New_Earth)	Grey Hair
\\/wiki\\/James_Corrigan_(New_Earth)	Red Hair
\\/wiki\\/Samuel_Bradley_(New_Earth)	Grey Hair
\\/wiki\\/Richard_Tyler_(New_Earth)	Brown Hair
\\/wiki\\/James_Ewell_Brown_Stuart_(New_Earth)	Brown Hair
\\/wiki\\/Todd_Rice_(New_Earth)	Brown Hair
\\/wiki\\/Matrix_(Pocket_Universe)	Blond Hair
\\/wiki\\/Wolfgang_Winks_(New_Earth)	Black Hair
\\/wiki\\/William_Glenmorgan_(New_Earth)	Black Hair
\\/wiki\\/Stephanie_Brown_(New_Earth)	Blond Hair
\\/wiki\\/Raymond_Terrill_(New_Earth)	Red Hair
\\/wiki\\/Adam_Blake_(New_Earth)	Brown Hair
\\/wiki\\/Kimiyo_Hoshi_(New_Earth)	Black Hair
\\/wiki\\/Jack_Ryder_(New_Earth)	Black Hair
\\/wiki\\/Vandar_Adg_(New_Earth)	Black Hair
\\/wiki\\/Justin_Arthur_(New_Earth)	Blond Hair
\\/wiki\\/Max_Mercury_(New_Earth)	Grey Hair
\\/wiki\\/Abigail_Arcane_(New_Earth)	White Hair
\\/wiki\\/Thomas_Haukins_(New_Earth)	Blond Hair
\\/wiki\\/Travis_Morgan_(New_Earth)	White Hair
\\/wiki\\/Gorilla_Grodd_(New_Earth)	Black Hair
\\/wiki\\/Talia_al_Ghul_(New_Earth)	Brown Hair
\\/wiki\\/Adam_Strange_(New_Earth)	Blond Hair
\\/wiki\\/Patrick_Dugan_(New_Earth)	Red Hair
\\/wiki\\/James_Harper_Clone_(New_Earth)	Brown Hair
\\/wiki\\/Thomas_Kalmaku_(New_Earth)	Black Hair
\\/wiki\\/Gabrielle_Doe_(New_Earth)	Blond Hair
\\/wiki\\/Henry_Hall_(New_Earth)	Brown Hair
\\/wiki\\/Connor_Hawke_(New_Earth)	Blond Hair
\\/wiki\\/Linda_Park_(New_Earth)	Black Hair
\\/wiki\\/Cyrus_Gold_(New_Earth)	White Hair
\\/wiki\\/Edward_Nashton_(New_Earth)	Black Hair
\\/wiki\\/Arisia_Rrab_(New_Earth)	Blond Hair
\\/wiki\\/Joan_Williams_(New_Earth)	Grey Hair
\\/wiki\\/William_Magnus_(New_Earth)	Brown Hair
\\/wiki\\/Mary_Batson_(New_Earth)	Brown Hair
\\/wiki\\/Jean_Loring_(New_Earth)	Black Hair
\\/wiki\\/Oberon_(New_Earth)	White Hair
\\/wiki\\/Grant_Emerson_(New_Earth)	Black Hair
\\/wiki\\/Rita_Farr_(New_Earth)	Brown Hair
\\/wiki\\/Jason_Rusch_(New_Earth)	Black Hair
\\/wiki\\/Hector_Hall_(New_Earth)	White Hair
\\/wiki\\/Jaime_Reyes_(New_Earth)	Black Hair
\\/wiki\\/Andre_Chavard_(New_Earth)	Brown Hair
\\/wiki\\/Daniel_Leong_(New_Earth)	Black Hair
\\/wiki\\/Vril_Dox_II_(New_Earth)	Blond Hair
\\/wiki\\/Roy_Raymond,_Sr._(New_Earth)	Brown Hair
\\/wiki\\/Uncle_Sam_(New_Earth)	White Hair
\\/wiki\\/Metron_(New_Earth)	Black Hair
\\/wiki\\/Lucas_Carr_(New_Earth)	Brown Hair
\\/wiki\\/Hartley_Rathaway_(New_Earth)	Red Hair
\\/wiki\\/Lana_Lang_(New_Earth)	Red Hair
\\/wiki\\/Rose_Wilson_(New_Earth)	White Hair
\\/wiki\\/DeSaad_(New_Earth)	Black Hair
\\/wiki\\/Charles_Taine_(Pre-Zero_Hour)	Black Hair
\\/wiki\\/Bane_(New_Earth)	Brown Hair
\\/wiki\\/Samuel_Morgan_(New_Earth)	Red Hair
\\/wiki\\/Eve_Eden_(New_Earth)	Blond Hair
\\/wiki\\/Harleen_Quinzel_(New_Earth)	Blond Hair
\\/wiki\\/Benjamin_Turner_(New_Earth)	Black Hair
\\/wiki\\/Mark_Mardon_(New_Earth)	Black Hair
\\/wiki\\/Teth-Adam_(New_Earth)	Black Hair
\\/wiki\\/Catherine_Grant_(New_Earth)	Blond Hair
\\/wiki\\/Terrence_Sloane_(New_Earth)	Brown Hair
\\/wiki\\/Jason_Blood_(New_Earth)	Red Hair
\\/wiki\\/Thomas_Wayne_(New_Earth)	Brown Hair
\\/wiki\\/Arthur_Light_(New_Earth)	Black Hair
\\/wiki\\/Lester_Davis_(New_Earth)	Black Hair
\\/wiki\\/Artemis_of_Bana-Mighdall_(New_Earth)	Red Hair
\\/wiki\\/Alanna_Strange_(New_Earth)	Black Hair
\\/wiki\\/Nuidis_Vulko_(New_Earth)	White Hair
\\/wiki\\/Steven_Dayton_(New_Earth)	Brown Hair
\\/wiki\\/Lee_Travis_(New_Earth)	Black Hair
\\/wiki\\/Martin_Stein_(New_Earth)	Grey Hair
\\/wiki\\/Solis_(New_Earth)	Strawberry Blond Hair
\\/wiki\\/Tubby_Watts_(New_Earth)	Red Hair
\\/wiki\\/Unknown_Soldier_I_(New_Earth)	Blond Hair
\\/wiki\\/Giovanni_Giuseppe_(New_Earth)	Blond Hair
\\/wiki\\/Cynthia_Reynolds_(New_Earth)	Black Hair
\\/wiki\\/Victoria_Vale_(New_Earth)	Red Hair
\\/wiki\\/Lucius_Fox_(New_Earth)	Black Hair
\\/wiki\\/Ganthet_(New_Earth)	White Hair
\\/wiki\\/Izaya_(New_Earth)	White Hair
\\/wiki\\/Rory_Regan_(New_Earth)	Brown Hair
\\/wiki\\/Eclipso_(New_Earth)	Black Hair
\\/wiki\\/Kyle_Morgan_(New_Earth)	Blond Hair
\\/wiki\\/Matthew_Ryan_(New_Earth)	Red Hair
\\/wiki\\/Dinah_Drake_(New_Earth)	Black Hair
\\/wiki\\/Robert_Langstrom_(New_Earth)	Brown Hair
\\/wiki\\/Sargent_Steel_(New_Earth)	Brown Hair
\\/wiki\\/Victory_(New_Earth)	White Hair
\\/wiki\\/Katma_Tui_(New_Earth)	Black Hair
\\/wiki\\/Walter_Haley_(New_Earth)	Brown Hair
\\/wiki\\/Charles_Victor_Szasz_(New_Earth)	Strawberry Blond Hair
\\/wiki\\/Ares_(New_Earth)	Blond Hair
\\/wiki\\/Rip_Carter_(New_Earth)	Black Hair
\\/wiki\\/Eradicator_(New_Earth)	Black Hair
\\/wiki\\/Emil_Hamilton_(New_Earth)	Grey Hair
\\/wiki\\/Richard_Swift_(New_Earth)	Black Hair
\\/wiki\\/Frederick_Freeman_(New_Earth)	Black Hair
\\/wiki\\/Katar_Hol_(New_Earth)	Black Hair
\\/wiki\\/Richard_Occult_(New_Earth)	Black Hair
\\/wiki\\/Maxima_(New_Earth)	Red Hair
\\/wiki\\/Dawn_Granger_(New_Earth)	White Hair
\\/wiki\\/Inza_Cramer_(New_Earth)	Strawberry Blond Hair
\\/wiki\\/Linda_Danvers_(New_Earth)	Blond Hair
\\/wiki\\/Gunner_MacKay_(New_Earth)	Blond Hair
\\/wiki\\/Antonia_Monetti_(New_Earth)	Black Hair
\\/wiki\\/Jack_Knight_(New_Earth)	Black Hair
\\/wiki\\/Nimue_Inwudu_(New_Earth)	Black Hair
\\/wiki\\/Sarge_Clay_(New_Earth)	Strawberry Blond Hair
\\/wiki\\/Elizabeth_Lawrence_(New_Earth)	Blond Hair
\\/wiki\\/Pallas_Athena_(New_Earth)	Brown Hair
\\/wiki\\/Evan_McCulloch_(New_Earth)	Brown Hair
\\/wiki\\/Terrence_Long_(New_Earth)	Red Hair
\\/wiki\\/Granny_Goodness_(New_Earth)	White Hair
\\/wiki\\/Dolphin_(New_Earth)	Silver Hair
\\/wiki\\/Zeus_(New_Earth)	White Hair
\\/wiki\\/Holly_Robinson_(New_Earth)	Red Hair
\\/wiki\\/Martha_Kane_(New_Earth)	Black Hair
\\/wiki\\/Jason_Woodrue_(New_Earth)	Green Hair
\\/wiki\\/John_Sargent_(New_Earth)	Brown Hair
\\/wiki\\/Dian_Belmont_(New_Earth)	Brown Hair
\\/wiki\\/Edward_Bloomberg_(New_Earth)	Grey Hair
\\/wiki\\/Leslie_Thompkins_(New_Earth)	White Hair
\\/wiki\\/Tara_Markov_(Team_Titans)	Blond Hair
\\/wiki\\/Dmitri_Pushkin_(New_Earth)	Brown Hair
\\/wiki\\/June_Moone_(New_Earth)	Black Hair
\\/wiki\\/Mia_Dearden_(New_Earth)	Blond Hair
\\/wiki\\/Krypto_(New_Earth)	White Hair
\\/wiki\\/Ohiyesa_I_(New_Earth)	Black Hair
\\/wiki\\/Donald_Richards_(New_Earth)	Brown Hair
\\/wiki\\/Zauriel_(New_Earth)	White Hair
\\/wiki\\/Leonid_Kovar_(New_Earth)	Blond Hair
\\/wiki\\/Thomas_Blake_(New_Earth)	Blond Hair
\\/wiki\\/Emily_Briggs_(New_Earth)	Red Hair
\\/wiki\\/Lilith_Clay_(New_Earth)	Strawberry Blond Hair
\\/wiki\\/Thomas_Tresser_(New_Earth)	Blond Hair
\\/wiki\\/Hans_von_Hammer_(New_Earth)	Red Hair
\\/wiki\\/William_Polk_(New_Earth)	Brown Hair
\\/wiki\\/Lyla_Michaels_(New_Earth)	Blond Hair
\\/wiki\\/Bruce_Gordon_(New_Earth)	Brown Hair
\\/wiki\\/Sugar_Plumm_(New_Earth)	Blond Hair
\\/wiki\\/Jervis_Tetch_(New_Earth)	Red Hair
\\/wiki\\/Enya_Wazzo_(New_Earth)	Black Hair
\\/wiki\\/Werner_Vertigo_(New_Earth)	Blond Hair
\\/wiki\\/Sapphire_Stagg_(New_Earth)	Blond Hair
\\/wiki\\/Zinda_Blake_(New_Earth)	Blond Hair
\\/wiki\\/Cecil_Wilson_(New_Earth)	Red Hair
\\/wiki\\/Aphrodite_(New_Earth)	Blond Hair
\\/wiki\\/Sarah_Essen_(New_Earth)	Blond Hair
\\/wiki\\/Jade_Nguyen_(New_Earth)	Black Hair
\\/wiki\\/Rip_Hunter_(New_Earth)	Blond Hair
\\/wiki\\/Wing_How_(New_Earth)	Black Hair
\\/wiki\\/Jack_Drake_(New_Earth)	Brown Hair
\\/wiki\\/Adolf_Hitler_(New_Earth)	Brown Hair
\\/wiki\\/Grace_Choi_(New_Earth)	Red Hair
\\/wiki\\/Lawrence_Jordan_(New_Earth)	Brown Hair
\\/wiki\\/Natasha_Irons_(New_Earth)	Black Hair
\\/wiki\\/Katherine_Spencer_(New_Earth)	Black Hair
\\/wiki\\/Stealth_(New_Earth)	White Hair
\\/wiki\\/Lorraine_Reilly_(New_Earth)	Red Hair
\\/wiki\\/Noah_Kuttler_(New_Earth)	Brown Hair
\\/wiki\\/Jan_Haasan_(New_Earth)	Blond Hair
\\/wiki\\/Tef%C3%A9_Holland_(New_Earth)	White Hair
\\/wiki\\/Hippolyta_Trevor_(New_Earth)	Blond Hair
\\/wiki\\/Bizarro_(New_Earth)	Black Hair
\\/wiki\\/Henry_Henshaw_(New_Earth)	Black Hair
\\/wiki\\/Maxine_Hunkel_(New_Earth)	Red Hair
\\/wiki\\/Dream_(New_Earth)	Black Hair
\\/wiki\\/Wade_Eiling_(New_Earth)	Brown Hair
\\/wiki\\/Black_Manta_(New_Earth)	Black Hair
\\/wiki\\/Felix_Faust_(New_Earth)	Black Hair
\\/wiki\\/Virgil_Hawkins_(Dakotaverse)	Black Hair
\\/wiki\\/James_Harper_(New_Earth)	Brown Hair
\\/wiki\\/Soranik_Natu_(New_Earth)	Black Hair
\\/wiki\\/Anissa_Pierce_(New_Earth)	Black Hair
\\/wiki\\/Henry_King,_Jr._(New_Earth)	Strawberry Blond Hair
\\/wiki\\/Orm_Marius_(New_Earth)	Brown Hair
\\/wiki\\/Citizen_Abra_(New_Earth)	Black Hair
\\/wiki\\/Merlin_(New_Earth)	White Hair
\\/wiki\\/William_Payton_(New_Earth)	Brown Hair
\\/wiki\\/Danette_Reilly_(New_Earth)	Red Hair
\\/wiki\\/Jonathan_Tane_(New_Earth)	Blond Hair
\\/wiki\\/Ronald_Troupe_(New_Earth)	Black Hair
\\/wiki\\/William_Storm_(New_Earth)	Brown Hair
\\/wiki\\/Hermes_(New_Earth)	Blond Hair
\\/wiki\\/Timothy_Hunter_(New_Earth)	Black Hair
\\/wiki\\/Taghurrhu_(New_Earth)	Orange Hair
\\/wiki\\/Sandra_Wu-San_(New_Earth)	Black Hair
\\/wiki\\/Eobard_Thawne_(New_Earth)	Strawberry Blond Hair
\\/wiki\\/William_Zard_(New_Earth)	Black Hair
\\/wiki\\/Arnold_Wesker_(New_Earth)	White Hair
\\/wiki\\/Philippus_(New_Earth)	Black Hair
\\/wiki\\/David_Clinton_(New_Earth)	Black Hair
\\/wiki\\/Bobo_T._Chimpanzee_(New_Earth)	Black Hair
\\/wiki\\/Miriam_Delgado_(Team_Titans)	Black Hair
\\/wiki\\/Mikaal_Tomas_(New_Earth)	Purple Hair
\\/wiki\\/Peter_Ross_(New_Earth)	Blond Hair
\\/wiki\\/Suzanne_King-Jones_(New_Earth)	Blond Hair
\\/wiki\\/Herakles_(New_Earth)	Brown Hair
\\/wiki\\/Harold_Thompson_(New_Earth)	Blond Hair
\\/wiki\\/Shayera_Thal_(New_Earth)	Red Hair
\\/wiki\\/Mallah_(New_Earth)	Brown Hair
\\/wiki\\/Congorilla_(New_Earth)	Gold Hair
\\/wiki\\/Thomas_Elliot_(New_Earth)	Red Hair
\\/wiki\\/Greta_Hayes_(New_Earth)	Blond Hair
\\/wiki\\/Julia_Deneiros_(New_Earth)	Grey Hair
\\/wiki\\/Etta_Candy_(New_Earth)	Brown Hair
\\/wiki\\/Jonathan_Law_(New_Earth)	Blond Hair
\\/wiki\\/Thomas_Bronson_(New_Earth)	Black Hair
\\/wiki\\/Norda_Cantrell_(New_Earth)	Brown Hair
\\/wiki\\/Karen_Beecher_(New_Earth)	Black Hair
\\/wiki\\/Ellen_Frazier_(New_Earth)	Red Hair
\\/wiki\\/Simon_Stagg_(New_Earth)	White Hair
\\/wiki\\/Rex,_the_Wonder_Dog_(New_Earth)	White Hair
\\/wiki\\/Thomas_Monaghan_(New_Earth)	Black Hair
\\/wiki\\/Kalibak_(New_Earth)	Black Hair
\\/wiki\\/Drury_Walker_(New_Earth)	Brown Hair
\\/wiki\\/Terrence_Thirteen_(New_Earth)	Brown Hair
\\/wiki\\/Hannibal_Hawkes_(New_Earth)	Black Hair
\\/wiki\\/Circe_(New_Earth)	Purple Hair
\\/wiki\\/Baran_Flinders_(New_Earth)	Red Hair
\\/wiki\\/Mark_Shaw_(New_Earth)	Brown Hair
\\/wiki\\/Neal_Emerson_(New_Earth)	Black Hair
\\/wiki\\/Cameron_Chase_(New_Earth)	Blond Hair
\\/wiki\\/John_Corben_(New_Earth)	Brown Hair
\\/wiki\\/Vanessa_Kapatelis_(New_Earth)	Brown Hair
\\/wiki\\/Lian_Harper_(New_Earth)	Black Hair
\\/wiki\\/Malcolm_Duncan_(New_Earth)	Black Hair
\\/wiki\\/Samuel_Scudder_(New_Earth)	Brown Hair
\\/wiki\\/Sasha_Bordeaux_(New_Earth)	Black Hair
\\/wiki\\/Valentina_Vostok_(New_Earth)	Blond Hair
\\/wiki\\/Paul_Booker_(New_Earth)	Black Hair
\\/wiki\\/Abigail_Hunkel_(New_Earth)	Brown Hair
\\/wiki\\/Cyril_Saunders_(New_Earth)	White Hair
\\/wiki\\/Owen_Mercer_(New_Earth)	Red Hair
\\/wiki\\/Christopher_Smith_(New_Earth)	Black Hair
\\/wiki\\/Roger_Hayden_(New_Earth)	Red Hair
\\/wiki\\/Hector_Hammond_(New_Earth)	Brown Hair
\\/wiki\\/Lorena_Marquez_(New_Earth)	Brown Hair
\\/wiki\\/Boodikka_(New_Earth)	Black Hair
\\/wiki\\/Samuel_Lane_(New_Earth)	Grey Hair
\\/wiki\\/Joshua_Clay_(New_Earth)	Black Hair
\\/wiki\\/Lashina_(New_Earth)	Black Hair
\\/wiki\\/Curtis_Metcalf_(Dakotaverse)	Black Hair
\\/wiki\\/Adrian_Chase_(New_Earth)	Blond Hair
\\/wiki\\/Java_(New_Earth)	Black Hair
\\/wiki\\/Captain_Harding_(New_Earth)	Brown Hair
\\/wiki\\/Helena_Sandsmark_(New_Earth)	Brown Hair
\\/wiki\\/Sarah_Charles_(New_Earth)	Black Hair
\\/wiki\\/Richard_Flag,_Jr._(New_Earth)	Brown Hair
\\/wiki\\/Nathaniel_Heywood_(New_Earth)	Red Hair
\\/wiki\\/Hugh_Dawkins_(New_Earth)	Blond Hair
\\/wiki\\/Matthew_Cable_(New_Earth)	Black Hair
\\/wiki\\/Ultra-Humanite_(New_Earth)	White Hair
\\/wiki\\/Neron_(New_Earth)	Blond Hair
\\/wiki\\/Victor_Zsasz_(New_Earth)	Blond Hair
\\/wiki\\/Kay_Challis_(New_Earth)	Black Hair
\\/wiki\\/Roland_Desmond_(New_Earth)	Brown Hair
\\/wiki\\/Carl_Sands_(New_Earth)	Black Hair
\\/wiki\\/Dane_Dorrance_(New_Earth)	Brown Hair
\\/wiki\\/Flying_Cloud_(New_Earth)	Brown Hair
\\/wiki\\/Peter_Merkel,_Jr._(New_Earth)	Red Hair
\\/wiki\\/Garryn_Bek_(New_Earth)	Brown Hair
\\/wiki\\/Jose_Delgado_(New_Earth)	Black Hair
\\/wiki\\/Cain_(New_Earth)	Brown Hair
\\/wiki\\/Steven_Trevor_(New_Earth)	Blond Hair
\\/wiki\\/Edgar_Cizko_(New_Earth)	Black Hair
\\/wiki\\/Louise_Lincoln_(New_Earth)	Blue Hair
\\/wiki\\/Brian_Savage_(New_Earth)	Black Hair
\\/wiki\\/Thomas_Oscar_Morrow_(New_Earth)	Brown Hair
\\/wiki\\/Kingsley_Faraday_(New_Earth)	White Hair
\\/wiki\\/Clifford_Zmeck_(New_Earth)	Brown Hair
\\/wiki\\/Nabu_(New_Earth)	White Hair
\\/wiki\\/Bleez_(New_Earth)	Black Hair
\\/wiki\\/Catherine_Cobert_(New_Earth)	Black Hair
\\/wiki\\/Harry_Stein_(New_Earth)	Brown Hair
\\/wiki\\/Adeline_Kane_(New_Earth)	Brown Hair
\\/wiki\\/Tara_Markov_(New_Earth)	Blond Hair
\\/wiki\\/Shakira_(New_Earth)	Black Hair
\\/wiki\\/Tara_Morgan_(New_Earth)	Brown Hair
\\/wiki\\/Hop_Harrigan_(New_Earth)	Blond Hair
\\/wiki\\/Sonia_Sato_(New_Earth)	Black Hair
\\/wiki\\/Vath_Sarn_(New_Earth)	Black Hair
\\/wiki\\/Mercy_Graves_(New_Earth)	Blond Hair
\\/wiki\\/Arnold_Munro_(New_Earth)	Black Hair
\\/wiki\\/Bibbo_Bibbowski_(New_Earth)	Grey Hair
\\/wiki\\/Jebediah_of_Canaan_(New_Earth)	White Hair
\\/wiki\\/Lawrence_Bolatinsky_(New_Earth)	Black Hair
\\/wiki\\/Lydea_Mallor_(New_Earth)	Black Hair
\\/wiki\\/Tana_Moon_(New_Earth)	Black Hair
\\/wiki\\/Maxine_Baker_(New_Earth)	Red Hair
\\/wiki\\/Frances_Kane_(New_Earth)	Purple Hair
\\/wiki\\/Jason_Bard_(New_Earth)	Brown Hair
\\/wiki\\/Krona_(New_Earth)	White Hair
\\/wiki\\/Daniel_Dunbar_(New_Earth)	Red Hair
\\/wiki\\/Scandal_Savage_(New_Earth)	Brown Hair
\\/wiki\\/Amon_Hakk_(New_Earth)	Black Hair
\\/wiki\\/Karen_Lou_Faulkner_(New_Earth)	Brown Hair
\\/wiki\\/Albert_Desmond_(New_Earth)	Red Hair
\\/wiki\\/Kent_V._Nelson_(New_Earth)	Blond Hair
\\/wiki\\/Janos_Prohaska_(New_Earth)	Black Hair
\\/wiki\\/Edward_Fyers_(New_Earth)	Brown Hair
\\/wiki\\/Mister_Mxyzptlk_(New_Earth)	White Hair
\\/wiki\\/Jor-El_(New_Earth)	Black Hair
\\/wiki\\/Yolanda_Montez_(New_Earth)	Reddish Brown Hair
\\/wiki\\/William_Randolph_Wintergreen_(New_Earth)	White Hair
\\/wiki\\/William_Hand_(New_Earth)	Black Hair
\\/wiki\\/Molly_Mayne_(New_Earth)	Red Hair
\\/wiki\\/Scribbly_Jibbet_(New_Earth)	Black Hair
\\/wiki\\/Amy_Winston_(New_Earth)	Blond Hair
\\/wiki\\/Pooch_(New_Earth)	White Hair
\\/wiki\\/Tex_(New_Earth)	Red Hair
\\/wiki\\/Clifford_DeVoe_(New_Earth)	Black Hair
\\/wiki\\/Klarion_Bleak_(New_Earth)	Black Hair
\\/wiki\\/Mark_Merlin_(New_Earth)	Brown Hair
\\/wiki\\/Garfield_Lynns_(New_Earth)	White Hair
\\/wiki\\/David_Reid_(New_Earth)	Blond Hair
\\/wiki\\/Emil_LaSalle_(New_Earth)	Black Hair
\\/wiki\\/Clifford_Carmichael_(New_Earth)	Brown Hair
\\/wiki\\/Henry_Heywood,_Sr._(New_Earth)	Black Hair
\\/wiki\\/Morgaine_le_Fey_(New_Earth)	Black Hair
\\/wiki\\/Per_Degaton_(New_Earth)	Red Hair
\\/wiki\\/Roxanne_Leech_(New_Earth)	Blond Hair
\\/wiki\\/Paco_Ramone_(New_Earth)	Brown Hair
\\/wiki\\/Bette_Sans_Souci_(New_Earth)	Red Hair
\\/wiki\\/Chaselon_(New_Earth)	Black Hair
\\/wiki\\/Martha_Roberts_(New_Earth)	Brown Hair
\\/wiki\\/Angela_Hawkins_III_(New_Earth)	Black Hair
\\/wiki\\/Pren_(New_Earth)	Red Hair
\\/wiki\\/Arthur_Brown_(New_Earth)	Blond Hair
\\/wiki\\/Richard_Starr_(New_Earth)	Black Hair
\\/wiki\\/Paula_Brooks_(New_Earth)	Black Hair
\\/wiki\\/Langford_Terrill_(New_Earth)	Blond Hair
\\/wiki\\/Ryan_Kendall_(New_Earth)	Black Hair
\\/wiki\\/Death_(New_Earth)	Black Hair
\\/wiki\\/Cameron_Mahkent_(New_Earth)	White Hair
\\/wiki\\/Trigon_(New_Earth)	Red Hair
\\/wiki\\/James_Rook_(New_Earth)	Brown Hair
\\/wiki\\/Tula_(New_Earth)	Brown Hair
\\/wiki\\/Roscoe_Dillon_(New_Earth)	Brown Hair
\\/wiki\\/Ronald_Reagan_(New_Earth)	Black Hair
\\/wiki\\/Jonathan_Gabrielli_I_(New_Earth)	Black Hair
\\/wiki\\/Anita_Fite_(New_Earth)	Black Hair
\\/wiki\\/Arak_Red-Hand_(New_Earth)	Black Hair
\\/wiki\\/Anthony_Ivo_(New_Earth)	Black Hair
\\/wiki\\/Anthony_Rodriguez_I_(New_Earth)	Brown Hair
\\/wiki\\/Paul_Kirk_II_(New_Earth)	Brown Hair
\\/wiki\\/Thomas_Thompkins_I_(New_Earth)	Brown Hair
\\/wiki\\/Hera_(New_Earth)	Red Hair
\\/wiki\\/Baby_Wildebeest_(New_Earth)	Black Hair
\\/wiki\\/Jennifer_Morgan_(New_Earth)	Brown Hair
\\/wiki\\/Troy_Stewart_(Pre-Zero_Hour)	Black Hair
\\/wiki\\/Patrick_MacGuire_I_(New_Earth)	Red Hair
\\/wiki\\/Sebastian_Faust_(New_Earth)	Black Hair
\\/wiki\\/Voz_(New_Earth)	Brown Hair
\\/wiki\\/Stanley_Kitch_(New_Earth)	Blond Hair
\\/wiki\\/Henry_Heywood_III_(New_Earth)	Red Hair
\\/wiki\\/Yera_Allon_(Pre-Zero_Hour)	Purple Hair
\\/wiki\\/Anton_Arcane_(New_Earth)	White Hair
\\/wiki\\/Randu_Singh_(New_Earth)	Black Hair
\\/wiki\\/Judy_Walton_(New_Earth)	Blond Hair
\\/wiki\\/Nicholas_Walton_(New_Earth)	Blond Hair
\\/wiki\\/Johnny_Peril_(New_Earth)	Blond Hair
\\/wiki\\/Michael_Akins_(New_Earth)	Black Hair
\\/wiki\\/Natt_Walls_(New_Earth)	Black Hair
\\/wiki\\/Carol_Bucklen_(New_Earth)	Black Hair
\\/wiki\\/Jared_Stevens_(New_Earth)	Black Hair
\\/wiki\\/Satanus_(New_Earth)	Black Hair
\\/wiki\\/Alice_Spencer_(New_Earth)	White Hair
\\/wiki\\/Big_Bear_(New_Earth)	Red Hair
\\/wiki\\/Merlyn_(New_Earth)	Black Hair
\\/wiki\\/Arthur_Curry,_Jr._(New_Earth)	Blond Hair
\\/wiki\\/Jennifer_Pierce_(New_Earth)	Black Hair
\\/wiki\\/Knockout_(New_Earth)	Red Hair
\\/wiki\\/Clifford_Baker_(New_Earth)	Red Hair
\\/wiki\\/Daniel_Chase_(New_Earth)	Red Hair
\\/wiki\\/Danton_Black_(New_Earth)	Black Hair
\\/wiki\\/Lori_Zechlin_(New_Earth)	Black Hair
\\/wiki\\/Cody_Driscoll_(New_Earth)	Blond Hair
\\/wiki\\/Helena_Kosmatos_(New_Earth)	Blond Hair
\\/wiki\\/Kalista_(New_Earth)	Purple Hair
\\/wiki\\/Beautiful_Dreamer_(New_Earth)	Black Hair
\\/wiki\\/Biff_Bailey_(New_Earth)	Red Hair
\\/wiki\\/James_Craddock_(New_Earth)	Brown Hair
\\/wiki\\/Franklin_Delano_Roosevelt_(New_Earth)	Grey Hair
\\/wiki\\/Katherine_Kane_(New_Earth)	Red Hair
\\/wiki\\/Rex_Leech_(New_Earth)	Brown Hair
\\/wiki\\/Jayne_Payton_(New_Earth)	Red Hair
\\/wiki\\/Artemis,_Goddess_of_the_Hunt_(New_Earth)	Red Hair
\\/wiki\\/Andrew_Bennett_(New_Earth)	Black Hair
\\/wiki\\/Mark_Moonrider_(New_Earth)	Black Hair
\\/wiki\\/Serifan_(New_Earth)	Blond Hair
\\/wiki\\/Phillip_Mason_(New_Earth)	Blond Hair
\\/wiki\\/Joar_Mahkent_(New_Earth)	Red Hair
\\/wiki\\/Koryak_(New_Earth)	Black Hair
\\/wiki\\/Lyrl_Dox_(New_Earth)	Blond Hair
\\/wiki\\/Lonnie_Machin_(New_Earth)	Red Hair
\\/wiki\\/Sodam_Yat_(New_Earth)	Black Hair
\\/wiki\\/Chester_Williams_(New_Earth)	Red Hair
\\/wiki\\/Angela_Roth_(New_Earth)	Black Hair
\\/wiki\\/Christopher_King_(New_Earth)	Blond Hair
\\/wiki\\/Mad_Harriet_(New_Earth)	Green Hair
\\/wiki\\/Vykin_the_Black_(New_Earth)	Black Hair
\\/wiki\\/Donald_Hall_(New_Earth)	Blond Hair
\\/wiki\\/Jeffrey_Graves_(New_Earth)	Brown Hair
\\/wiki\\/Lor-Zod_(New_Earth)	Brown Hair
\\/wiki\\/Blaze_(New_Earth)	Black Hair
\\/wiki\\/Mary_Loyd_(New_Earth)	Black Hair
\\/wiki\\/Bernadeth_(New_Earth)	Black Hair
\\/wiki\\/Jay_Abrams_(New_Earth)	Black Hair
\\/wiki\\/Mortimer_Jibbet_(New_Earth)	Black Hair
\\/wiki\\/Iolande_(New_Earth)	Black Hair
\\/wiki\\/Traci_Thirteen_(New_Earth)	Black Hair
\\/wiki\\/Yrra_Cynril_(New_Earth)	Black Hair
\\/wiki\\/Aristotle_Rodor_(New_Earth)	White Hair
\\/wiki\\/Linda_Strauss_(New_Earth)	Blond Hair
\\/wiki\\/Harold_Jordan_(New_Earth)	Brown Hair
\\/wiki\\/Jonathan_Gabrielli_II_(New_Earth)	Black Hair
\\/wiki\\/Mona_Bennett_(New_Earth)	Blond Hair
\\/wiki\\/Joseph_Jones_(New_Earth)	Black Hair
\\/wiki\\/Matthew_Ryder_(New_Earth)	Blond Hair
\\/wiki\\/Neptune_Perkins_(New_Earth)	Black Hair
\\/wiki\\/Irene_Miller_(New_Earth)	Black Hair
\\/wiki\\/Helen_Claiborne_(New_Earth)	Black Hair
\\/wiki\\/Crystal_Brown_(New_Earth)	Brown Hair
\\/wiki\\/Mary_Elizabeth_Kane_(New_Earth)	Blond Hair
\\/wiki\\/Joseph_Chilton_(New_Earth)	Blond Hair
\\/wiki\\/Siobhan_McDougal_(New_Earth)	White Hair
\\/wiki\\/Miya_Shimada_(New_Earth)	Black Hair
\\/wiki\\/Alec_Holland_(New_Earth)	Blond Hair
\\/wiki\\/Stompa_(New_Earth)	Strawberry Blond Hair
\\/wiki\\/Bito_Wladon_(New_Earth)	Black Hair
\\/wiki\\/Hooty_the_Owl_(New_Earth)	Brown Hair
\\/wiki\\/Poseidon_(New_Earth)	White Hair
\\/wiki\\/Ryan_Choi_(New_Earth)	Black Hair
\\/wiki\\/Hunter_Zolomon_(New_Earth)	Brown Hair
\\/wiki\\/Wendy_Jones_(New_Earth)	Blond Hair
\\/wiki\\/Arani_Desai_(New_Earth)	Black Hair
\\/wiki\\/Duela_Dent_(Earth-3)	Red Hair
\\/wiki\\/Richard_Drakunovski_(New_Earth)	Red Hair
\\/wiki\\/Calvin_Carson_(New_Earth)	Brown Hair
\\/wiki\\/Gregory_Sanders_(New_Earth)	Brown Hair
\\/wiki\\/Mist_I_(New_Earth)	White Hair
\\/wiki\\/Rodney_Gaynor_(New_Earth)	Black Hair
\\/wiki\\/Larfleeze_(New_Earth)	Orange Hair
\\/wiki\\/Elaine_Marsh-Morton_(New_Earth)	Blond Hair
\\/wiki\\/Sean_Noonan_(New_Earth)	Black Hair
\\/wiki\\/John_Grayson_(New_Earth)	Black Hair
\\/wiki\\/Lara_Lor-Van_(New_Earth)	Black Hair
\\/wiki\\/William_Everett,_Sr._(New_Earth)	Black Hair
\\/wiki\\/Selinda_Flinders_(New_Earth)	Red Hair
\\/wiki\\/Victoria_Grant_(New_Earth)	Blond Hair
\\/wiki\\/Gavyn_(New_Earth)	Blond Hair
\\/wiki\\/Lisa_Snart_(New_Earth)	Blond Hair
\\/wiki\\/Jon_Valor_(New_Earth)	Brown Hair
\\/wiki\\/Zachary_Zatara_(New_Earth)	Black Hair
\\/wiki\\/Alura_In-Ze_(New_Earth)	Blond Hair
\\/wiki\\/Axel_Walker_(New_Earth)	Blond Hair
\\/wiki\\/Iris_West_II_(New_Earth)	Red Hair
\\/wiki\\/Edward_Indelicato_(New_Earth)	Brown Hair
\\/wiki\\/Sandra_Knight_(New_Earth)	Black Hair
\\/wiki\\/Elizabeth_Chapel_(New_Earth)	Black Hair
\\/wiki\\/Beverly_Lewis_(New_Earth)	Red Hair
\\/wiki\\/Teekl_(New_Earth)	Orange Hair
\\/wiki\\/Harry_Matthews_(New_Earth)	Brown Hair
\\/wiki\\/Louis_Kiyahani_(New_Earth)	Black Hair
\\/wiki\\/Emmaline_Brady_(New_Earth)	Brown Hair
\\/wiki\\/Dru-Zod_II_(New_Earth)	Black Hair
\\/wiki\\/Jock_Kellogg_(New_Earth)	Black Hair
\\/wiki\\/Paco_Testas_(New_Earth)	Brown Hair
\\/wiki\\/Mitchell_Shelley_(New_Earth)	White Hair
\\/wiki\\/Roy_Raymond,_Jr._(New_Earth)	Blond Hair
\\/wiki\\/Audrey_Spears_(New_Earth)	Brown Hair
\\/wiki\\/Nathaniel_Kane_(New_Earth)	Brown Hair
\\/wiki\\/Harold_Allnut_(New_Earth)	Blond Hair
\\/wiki\\/William_Henderson_(New_Earth)	Brown Hair
\\/wiki\\/Helga_Jace_(New_Earth)	Grey Hair
\\/wiki\\/Edward_Raymond_(New_Earth)	Brown Hair
\\/wiki\\/Traya_Sutton_(New_Earth)	Black Hair
\\/wiki\\/Rac_Shade_(New_Earth)	Red Hair
\\/wiki\\/Glorious_Godfrey_(New_Earth)	Red Hair
\\/wiki\\/William_Walker_(New_Earth)	Black Hair
\\/wiki\\/Appa_Ali_Apsa_(New_Earth)	White Hair
\\/wiki\\/Rama_Kushna_(New_Earth)	Black Hair
\\/wiki\\/Laura_De_Mille_(New_Earth)	Black Hair
\\/wiki\\/June_Robbins_(New_Earth)	Strawberry Blond Hair
\\/wiki\\/Janu_(New_Earth)	Brown Hair
\\/wiki\\/Myra_Mason_(New_Earth)	Blond Hair
\\/wiki\\/Iroque_(New_Earth)	Purple Hair
\\/wiki\\/Sayd_(New_Earth)	White Hair
\\/wiki\\/Veronica_Cale_(New_Earth)	Blond Hair
\\/wiki\\/Catalina_Flores_(New_Earth)	Black Hair
\\/wiki\\/Manitou_Raven_(New_Earth)	Black Hair
\\/wiki\\/Josephine_MacDonald_(New_Earth)	Black Hair
\\/wiki\\/Ariana_Dzerchenko_(New_Earth)	Black Hair
\\/wiki\\/Lazarus_Lane_(New_Earth)	Black Hair
\\/wiki\\/Patrick_MacGuire_II_(New_Earth)	Red Hair
\\/wiki\\/Abel_(New_Earth)	Black Hair
\\/wiki\\/Strong_Bow_(New_Earth)	Black Hair
\\/wiki\\/Phoebus_Apollo_(New_Earth)	Blond Hair
\\/wiki\\/Arthur_Pendragon_(New_Earth)	Brown Hair
\\/wiki\\/Brenda_Del_Vecchio_(New_Earth)	Red Hair
\\/wiki\\/Jai_West_(New_Earth)	Black Hair
\\/wiki\\/Jessica_Midnight_(New_Earth)	Black Hair
\\/wiki\\/Stacy_(New_Earth)	Red Hair
\\/wiki\\/Serling_Roquette_(New_Earth)	Blond Hair
\\/wiki\\/Thaddeus_Ryerstad_(New_Earth)	Blond Hair
\\/wiki\\/Donna_Carol_Force_(New_Earth)	Brown Hair
\\/wiki\\/Maurice_Douglas_(New_Earth)	Brown Hair
\\/wiki\\/Eric_Strauss_(New_Earth)	Brown Hair
\\/wiki\\/Mariah_Romanova_(New_Earth)	Red Hair
\\/wiki\\/Jenet_Klyburn_(New_Earth)	Red Hair
\\/wiki\\/Christopher_Chance_(New_Earth)	Black Hair
\\/wiki\\/Thomas_Thompkins_II_(New_Earth)	Brown Hair
\\/wiki\\/Eve_Aries_(Pre-Zero_Hour)	Red Hair
\\/wiki\\/Harold_Shapiro_(New_Earth)	Red Hair
\\/wiki\\/Ursa_(New_Earth)	Brown Hair
\\/wiki\\/Amon_Tomaz_(New_Earth)	Brown Hair
\\/wiki\\/Taleb_Beni_Khalid_(New_Earth)	Brown Hair
\\/wiki\\/Faith_(New_Earth)	Brown Hair
\\/wiki\\/Dudley_Soames_(New_Earth)	Brown Hair
\\/wiki\\/Preston_Lindsay_(New_Earth)	Blond Hair
\\/wiki\\/William_Everett_III_(New_Earth)	Black Hair
\\/wiki\\/Frieda_Goren_(Dakotaverse)	Red Hair
\\/wiki\\/Richard_Craemer_(New_Earth)	Brown Hair
\\/wiki\\/Sydney_Happersen_(New_Earth)	Black Hair
\\/wiki\\/Shilo_Norman_(New_Earth)	Black Hair
\\/wiki\\/John_Dee_(New_Earth)	Brown Hair
\\/wiki\\/Tegra_Kalmaku_(New_Earth)	Black Hair
\\/wiki\\/Adrianna_Tomaz_(New_Earth)	Brown Hair
\\/wiki\\/Brainiac_8_(New_Earth)	Pink Hair
\\/wiki\\/Amy_Rohrbach_(New_Earth)	Brown Hair
\\/wiki\\/Davroth_Catto_(New_Earth)	Brown Hair
\\/wiki\\/Zena_Moonstruk_(New_Earth)	White Hair
\\/wiki\\/Aleea_Strange_(New_Earth)	Blond Hair
\\/wiki\\/Anatoli_Knyazev_(New_Earth)	Blond Hair
\\/wiki\\/James_Cameron_(New_Earth)	Brown Hair
\\/wiki\\/Sigrid_Nansen_(New_Earth)	White Hair
\\/wiki\\/Kole_Weathers_(New_Earth)	Red Hair
\\/wiki\\/Arthur_Hall_(New_Earth)	White Hair
\\/wiki\\/Robert_Reed_(New_Earth)	Blond Hair
\\/wiki\\/James_Jordan_(New_Earth)	Brown Hair
\\/wiki\\/Solovar_(New_Earth)	Black Hair
\\/wiki\\/Cyril_Sheldrake_(New_Earth)	Brown Hair
\\/wiki\\/Keith_Everet_(New_Earth)	Brown Hair
\\/wiki\\/Thara_Ak-Var_(New_Earth)	Brown Hair
\\/wiki\\/Amy_Allen_(New_Earth)	Brown Hair
\\/wiki\\/Isaiah_Crockett_(New_Earth)	Brown Hair
\\/wiki\\/Azrael_(New_Earth)	Black Hair
\\/wiki\\/Elizabeth_Tremayne_(New_Earth)	Red Hair
\\/wiki\\/Kathleen_Sutton_(New_Earth)	Blond Hair
\\/wiki\\/Walter_Johnson_II_(New_Earth)	Black Hair
\\/wiki\\/Lawrence_Crock_(New_Earth)	Brown Hair
\\/wiki\\/Lance_Gallant_(Earth-X)	Blond Hair
\\/wiki\\/Joan_Dale_(New_Earth)	Black Hair
\\/wiki\\/Lawrence_Belmont_(New_Earth)	Brown Hair
\\/wiki\\/Non_(New_Earth)	Black Hair
\\/wiki\\/Charlotte_Gage-Radcliffe_(New_Earth)	Red Hair
\\/wiki\\/Stormy_Knight_(New_Earth)	Black Hair
\\/wiki\\/Ramsey_Robinson_(New_Earth)	Black Hair
\\/wiki\\/Zor-El_(New_Earth)	Blond Hair
\\/wiki\\/Bridget_Clancy_(New_Earth)	Black Hair
\\/wiki\\/Merayn_Dethalis_(New_Earth)	Purple Hair
\\/wiki\\/Robert_Hinckley_Long_(New_Earth)	Red Hair
\\/wiki\\/Shado_(New_Earth)	Black Hair
\\/wiki\\/Sarah_Simms_(New_Earth)	Blond Hair
\\/wiki\\/Maximillian_Zeus_(New_Earth)	Brown Hair
\\/wiki\\/Joshua_Morgan_(New_Earth)	Red Hair
\\/wiki\\/Glenda_Mark_(New_Earth)	Blond Hair
\\/wiki\\/Anthony_Rodriguez_II_(New_Earth)	Brown Hair
\\/wiki\\/Anthro_(New_Earth)	Brown Hair
\\/wiki\\/Mark_Desmond_(New_Earth)	Brown Hair
\\/wiki\\/Larvox_(New_Earth)	Orange Hair
\\/wiki\\/Hephaestus_(New_Earth)	White Hair
\\/wiki\\/Thomas_Ludlow_Hallaway_(New_Earth)	Brown Hair
\\/wiki\\/Jeannette_(New_Earth)	White Hair
\\/wiki\\/Dex-Starr_(New_Earth)	Blue Hair
\\/wiki\\/Michael_Lane_(New_Earth)	Black Hair
\\/wiki\\/Arthur_Joseph_Curry_(New_Earth)	Blond Hair
\\/wiki\\/Frederick_Chyre_(New_Earth)	Grey Hair
\\/wiki\\/Beryl_Hutchinson_(New_Earth)	Red Hair
\\/wiki\\/Mickey_Cannon_(New_Earth)	Brown Hair
\\/wiki\\/Carla_White_(New_Earth)	Brown Hair
\\/wiki\\/Jeffrey_Smith_(New_Earth)	Black Hair
\\/wiki\\/Delilah_Tyler_(New_Earth)	Black Hair
\\/wiki\\/Rhea_Jones_(New_Earth)	Red Hair
\\/wiki\\/Varix_(New_Earth)	White Hair
\\/wiki\\/Gardner_Grayle_(New_Earth)	Red Hair
\\/wiki\\/Lady_Chian_(New_Earth)	Black Hair
\\/wiki\\/Sebastian_Blood_VIII_(New_Earth)	Black Hair
\\/wiki\\/Laura_Neilsen_(New_Earth)	White Hair
\\/wiki\\/Mary_James_(New_Earth)	Strawberry Blond Hair
\\/wiki\\/Frankenstein_(New_Earth)	Black Hair
\\/wiki\\/Prometheus_(New_Earth)	White Hair
\\/wiki\\/Samuel_Makoa_(New_Earth)	Black Hair
\\/wiki\\/Valerie_Kameya_(Dakotaverse)	Black Hair
\\/wiki\\/Augustus_Freeman_(Dakotaverse)	Black Hair
\\/wiki\\/Courtney_Mason_(New_Earth)	Blond Hair
\\/wiki\\/Sebastian_Ives_(New_Earth)	Blond Hair
\\/wiki\\/Bonnie_Baxter_(New_Earth)	Brown Hair
\\/wiki\\/Oswald_Loomis_(New_Earth)	Brown Hair
\\/wiki\\/Jack_Wheeler_(New_Earth)	Blond Hair
\\/wiki\\/Mikhail_Arkadin_(New_Earth)	Brown Hair
\\/wiki\\/Natasha_Ulyanov_(New_Earth)	Blond Hair
\\/wiki\\/Diane_Meade_(New_Earth)	Blond Hair
\\/wiki\\/Brian_Kent_(New_Earth)	Blond Hair
\\/wiki\\/King_Standish_(New_Earth)	Blond Hair
\\/wiki\\/Monitor_Bob	Black Hair
\\/wiki\\/Darla_Aquista_(New_Earth)	Black Hair
\\/wiki\\/Bloodwynd_(New_Earth)	Black Hair
\\/wiki\\/Patricia_Trayce_(New_Earth)	Blond Hair
\\/wiki\\/Jonathan_Fox_(New_Earth)	Black Hair
\\/wiki\\/Jewelee_(New_Earth)	Blond Hair
\\/wiki\\/Simon_LaGrieve_(New_Earth)	Grey Hair
\\/wiki\\/Felicity_Smoak_(New_Earth)	Black Hair
\\/wiki\\/Isuma_Yasunari_(New_Earth)	Black Hair
\\/wiki\\/May_Bennett_(New_Earth)	Brown Hair
\\/wiki\\/Sensei_(New_Earth)	White Hair
\\/wiki\\/Peter_Merkel_(New_Earth)	Red Hair
\\/wiki\\/Rod_Reilly_(New_Earth)	Brown Hair
\\/wiki\\/Wendy_Kuttler_(New_Earth)	Black Hair
\\/wiki\\/Aleksandr_Creote_(New_Earth)	Brown Hair
\\/wiki\\/Albrecht_Krieger_(New_Earth)	Blond Hair
\\/wiki\\/Tawky_Tawny_(New_Earth)	Orange Hair
\\/wiki\\/Gerri_Brauer_(Dakotaverse)	Blond Hair
\\/wiki\\/Harry_Chawney_(Dakotaverse)	Grey Hair
\\/wiki\\/William_MacIntyre_(New_Earth)	White Hair
\\/wiki\\/Liri_Lee_(New_Earth)	Blond Hair
\\/wiki\\/Atlan_(New_Earth)	Blond Hair
\\/wiki\\/Corky_Baxter_(New_Earth)	Brown Hair
\\/wiki\\/Chester_Runk_(New_Earth)	Black Hair
\\/wiki\\/Boris_Ulyanov_(New_Earth)	Blond Hair
\\/wiki\\/Michelle_Carter_(New_Earth)	Blond Hair
\\/wiki\\/William_Vickers_(New_Earth)	Blond Hair
\\/wiki\\/Prince_Topaz_(New_Earth)	Blond Hair
\\/wiki\\/Ulysses_Hazard_(New_Earth)	Black Hair
\\/wiki\\/Eric_Needham_(New_Earth)	Black Hair
\\/wiki\\/Steven_Smith_(New_Earth)	Blond Hair
\\/wiki\\/Ira_Quimby_(New_Earth)	Brown Hair
\\/wiki\\/Simon_Hurt_(New_Earth)	Brown Hair
\\/wiki\\/Amos_Fortune_(New_Earth)	Black Hair
\\/wiki\\/William_Tockman_(New_Earth)	Black Hair
\\/wiki\\/Elinore_Lane_(New_Earth)	Black Hair
\\/wiki\\/Space_Cabby_(New_Earth)	Brown Hair
\\/wiki\\/Mortimer_Drake_(New_Earth)	Brown Hair
\\/wiki\\/Hades_(New_Earth)	Black Hair
\\/wiki\\/Santa_Claus	White Hair
\\/wiki\\/Andre_Twist_(New_Earth)	Blond Hair
\\/wiki\\/Marcus_Driver_(New_Earth)	Blond Hair
\\/wiki\\/Jared_Morillo_(New_Earth)	Black Hair
\\/wiki\\/Erica_Alexandra_del_Portenza_(New_Earth)	Brown Hair
\\/wiki\\/David_Kim_(Dakotaverse)	Black Hair
\\/wiki\\/Chandi_Gupta_(New_Earth)	Black Hair
\\/wiki\\/Laira_Omoto_(New_Earth)	Red Hair
\\/wiki\\/Armand_Krol_(New_Earth)	Brown Hair
\\/wiki\\/Benjamin_Lockwood_(New_Earth)	Brown Hair
\\/wiki\\/Flying_Fox_(New_Earth)	Black Hair
\\/wiki\\/Gretchen_Kelley_(New_Earth)	Grey Hair
\\/wiki\\/Jean-Louis_Droo_(New_Earth)	Black Hair
\\/wiki\\/Roy_G._Bivolo_(New_Earth)	Black Hair
\\/wiki\\/Lynn_Stewart_(New_Earth)	Black Hair
\\/wiki\\/Atlanna_(New_Earth)	Brown Hair
\\/wiki\\/King_Chimera_(New_Earth)	Black Hair
\\/wiki\\/Mark_Richards_(New_Earth)	Black Hair
\\/wiki\\/Rodunn_(New_Earth)	Brown Hair
\\/wiki\\/David_Cain_(New_Earth)	Grey Hair
\\/wiki\\/Thaddeus_Thawne_II_(New_Earth)	Blond Hair
\\/wiki\\/Michael_Schorr_(New_Earth)	Brown Hair
\\/wiki\\/Raquel_Ervin_(Dakotaverse)	Brown Hair
\\/wiki\\/Euboea_(New_Earth)	Black Hair
\\/wiki\\/Whit_(New_Earth)	White Hair
\\/wiki\\/Daniel_Garrett_(New_Earth)	Brown Hair
\\/wiki\\/Nommo_(New_Earth)	Black Hair
\\/wiki\\/Wanda_Wayland_(New_Earth)	Blond Hair
\\/wiki\\/Iluthin_(New_Earth)	Black Hair
\\/wiki\\/Loren_Jupiter_(New_Earth)	Grey Hair
\\/wiki\\/Hook_(New_Earth)	Black Hair
\\/wiki\\/Abel_Tarrant_(New_Earth)	Brown Hair
\\/wiki\\/Carl_Ferris_(New_Earth)	White Hair
\\/wiki\\/Percival_Clearweather_(New_Earth)	Brown Hair
\\/wiki\\/Blinky_Boylan_(New_Earth)	Red Hair
\\/wiki\\/Charles_Grayson_(New_Earth)	Brown Hair
\\/wiki\\/Noddy_Toylan_(New_Earth)	Black Hair
\\/wiki\\/Winky_Moylan_(New_Earth)	Brown Hair
\\/wiki\\/Alberto_Reyes_(New_Earth)	Black Hair
\\/wiki\\/Bianca_Reyes_(New_Earth)	Black Hair
\\/wiki\\/Jamie_Harper_(New_Earth)	Black Hair
\\/wiki\\/John_Trujillo_(New_Earth)	Black Hair
\\/wiki\\/Brian_Durlin_(New_Earth)	Blond Hair
\\/wiki\\/Angelo_Bend_(New_Earth)	Brown Hair
\\/wiki\\/Hacken_(New_Earth)	Brown Hair
\\/wiki\\/Arnold_Burnsteel_(New_Earth)	Black Hair
\\/wiki\\/Marcus_Aelius_(New_Earth)	Blond Hair
\\/wiki\\/Edmund_Dorrance_(New_Earth)	Blond Hair
\\/wiki\\/Gregorio_de_la_Vega_(New_Earth)	Black Hair
\\/wiki\\/Renata_Takamori_(New_Earth)	Black Hair
\\/wiki\\/Barbara_Eileen_Gordon_(New_Earth)	Red Hair
\\/wiki\\/Heinrich_Megala_(New_Earth)	Red Hair
\\/wiki\\/John_Economos_(New_Earth)	Brown Hair
\\/wiki\\/Denise_Howard_(New_Earth)	Brown Hair
\\/wiki\\/Natalia_Knight_(New_Earth)	Black Hair
\\/wiki\\/Remoni-Notra_(New_Earth)	Black Hair
\\/wiki\\/Lorna_Hill_(New_Earth)	Red Hair
\\/wiki\\/Key_(New_Earth)	White Hair
\\/wiki\\/Pedro,_Ghost_Patrol_(New_Earth)	Brown Hair
\\/wiki\\/Amentep_(New_Earth)	Black Hair
\\/wiki\\/Clarice_Winston_(New_Earth)	Brown Hair
\\/wiki\\/Gehenna_(New_Earth)	Brown Hair
\\/wiki\\/Candace_Jean_Gennaro_(New_Earth)	Black Hair
\\/wiki\\/Celia_Forrestal_(New_Earth)	Black Hair
\\/wiki\\/Hope_Taya_(New_Earth)	Black Hair
\\/wiki\\/Bonny_Hoffman_(New_Earth)	Blond Hair
\\/wiki\\/Deborah_Tiegel_(New_Earth)	Black Hair
\\/wiki\\/Dabney_Donovan_(New_Earth)	Black Hair
\\/wiki\\/Lyrissa_Mallor_(New_Earth)	Black Hair
\\/wiki\\/Steven_Lombard_(New_Earth)	Red Hair
\\/wiki\\/Ravan_(New_Earth)	Black Hair
\\/wiki\\/Gary_Washington_(New_Earth)	Black Hair
\\/wiki\\/Avery_Carlton_Sunderland_(New_Earth)	White Hair
\\/wiki\\/Deimos_(New_Earth)	Black Hair
\\/wiki\\/Susan_Linden_I_(New_Earth)	Violet Hair
\\/wiki\\/Virman_Vundabar_(New_Earth)	Black Hair
\\/wiki\\/Zazzala_(New_Earth)	Black Hair
\\/wiki\\/Ghast_(New_Earth)	Black Hair
\\/wiki\\/Jack_Jordan_(New_Earth)	Brown Hair
\\/wiki\\/Matthew_Hagen_(New_Earth)	Blond Hair
\\/wiki\\/Star_Hawkins_(New_Earth)	Black Hair
\\/wiki\\/Salvatore_Maroni_(New_Earth)	Brown Hair
\\/wiki\\/Slim,_Ghost_Patrol_(New_Earth)	Blond Hair
\\/wiki\\/Robin_Hood_(New_Earth)	Brown Hair
\\/wiki\\/Lyssa_Drak_(New_Earth)	Black Hair
\\/wiki\\/Rebecca_Carstairs_(New_Earth)	Red Hair
\\/wiki\\/Michael_Christian_Amar_(New_Earth)	Grey Hair
\\/wiki\\/Martin_van_Wyck_(New_Earth)	Blond Hair
\\/wiki\\/Carmen_Leno_(New_Earth)	Black Hair
\\/wiki\\/Roland_(New_Earth)	Brown Hair
\\/wiki\\/Geoffrey_Barron_(New_Earth)	Black Hair
\\/wiki\\/William_Clinton_(New_Earth)	Grey Hair
\\/wiki\\/Rose_Lewis_(New_Earth)	Red Hair
\\/wiki\\/Flora_Black_(New_Earth)	Violet Hair
\\/wiki\\/Elizabeth_Thorne_(New_Earth)	Black Hair
\\/wiki\\/Florence_Crawley_(New_Earth)	Black Hair
\\/wiki\\/Lori_Lemaris_(New_Earth)	Brown Hair
\\/wiki\\/Dirk_Davis_(New_Earth)	Red Hair
\\/wiki\\/Theresa_Collins_(New_Earth)	Red Hair
\\/wiki\\/Karras_(New_Earth)	Brown Hair
\\/wiki\\/Sharon_Scott_(New_Earth)	Blond Hair
\\/wiki\\/Dark_Opal_(New_Earth)	Black Hair
\\/wiki\\/Mona_Taylor_(New_Earth)	Black Hair
\\/wiki\\/Rupert_Thorne_(New_Earth)	White Hair
\\/wiki\\/David_Lincoln_(New_Earth)	Brown Hair
\\/wiki\\/Athena_Tremor_(New_Earth)	Blond Hair
\\/wiki\\/Epoch_(New_Earth)	Black Hair
\\/wiki\\/Robert_West_(New_Earth)	Brown Hair
\\/wiki\\/Fred,_Ghost_Patrol_(New_Earth)	Brown Hair
\\/wiki\\/Erik_Storn_(New_Earth)	Brown Hair
\\/wiki\\/Mi-Sun_Kwon_(New_Earth)	Brown Hair
\\/wiki\\/Shyleen_Lao_(New_Earth)	Blond Hair
\\/wiki\\/William_Pettit_(New_Earth)	White Hair
\\/wiki\\/Isadora_Wellington-Smythe_(Dakotaverse)	Brown Hair
\\/wiki\\/Kahina_Eskandari_(Dakotaverse)	Black Hair
\\/wiki\\/Kevin_Franklin_(Dakotaverse)	Brown Hair
\\/wiki\\/Mrs._McIlvaine_(New_Earth)	Grey Hair
\\/wiki\\/Matthew_Ryder_(Armageddon_2001)	Blond Hair
\\/wiki\\/Pythia_II_(New_Earth)	White Hair
\\/wiki\\/Weng_Chan_(New_Earth)	Black Hair
\\/wiki\\/James_Gordon,_Jr._(New_Earth)	Red Hair
\\/wiki\\/Lord_Garnet_(New_Earth)	Black Hair
\\/wiki\\/Summer_Day_(New_Earth)	Brown Hair
\\/wiki\\/Silver_St._Cloud_(New_Earth)	Silver Hair
\\/wiki\\/Carl_Andrew_Bork_(New_Earth)	Brown Hair
\\/wiki\\/Sam_Simeon_(New_Earth)	Black Hair
\\/wiki\\/Myron_Victor_(New_Earth)	Brown Hair
\\/wiki\\/Evil_Star_(New_Earth)	Blond Hair
\\/wiki\\/Richard_Rawlins_(New_Earth)	Blond Hair
\\/wiki\\/Susan_Williams_(New_Earth)	Blond Hair
\\/wiki\\/Celia_Penbrook_(New_Earth)	Blond Hair
\\/wiki\\/Thomas_Rogers_(New_Earth)	Black Hair
\\/wiki\\/Wonder_Boy_(Earth-X)	Black Hair
\\/wiki\\/Wotan_(New_Earth)	Green Hair
\\/wiki\\/Marco_Polo_(New_Earth)	Black Hair
\\/wiki\\/Joseph_Higgins_(New_Earth)	Red Hair
\\/wiki\\/Wildstar_(New_Earth)	Black Hair
\\/wiki\\/Kryb_(New_Earth)	Black Hair
\\/wiki\\/Helena_Kyle_(New_Earth)	Brown Hair
\\/wiki\\/Damon_Matthews_(New_Earth)	Blond Hair
\\/wiki\\/Manitou_Dawn_(New_Earth)	Black Hair
\\/wiki\\/Gavin_King_(New_Earth)	Black Hair
\\/wiki\\/Donald_Fite_(New_Earth)	Black Hair
\\/wiki\\/Sidney_Speck_(New_Earth)	Brown Hair
\\/wiki\\/Uno_(New_Earth)	Blond Hair
\\/wiki\\/Jarras_Minion_(New_Earth)	Green Hair
\\/wiki\\/Nash_(New_Earth)	Black Hair
\\/wiki\\/Clyde_Phillips_(New_Earth)	Brown Hair
\\/wiki\\/Luke_McKendrick_(New_Earth)	Brown Hair
\\/wiki\\/Maria_Verdugo_(New_Earth)	Red Hair
\\/wiki\\/Penelope_(New_Earth)	Black Hair
\\/wiki\\/Victor_Sommers_(New_Earth)	Brown Hair
\\/wiki\\/Jerry_McGee_(New_Earth)	Black Hair
\\/wiki\\/Carl_Nelligan_(New_Earth)	Black Hair
\\/wiki\\/Felicity_(New_Earth)	White Hair
\\/wiki\\/Lady_Turquoise_(New_Earth)	Red Hair
\\/wiki\\/Princess_Emerald_III_(New_Earth)	Brown Hair
\\/wiki\\/Sardonyx_(New_Earth)	Black Hair
\\/wiki\\/Eros_(New_Earth)	Blond Hair
\\/wiki\\/Nathaniel_Tryon_(New_Earth)	Black Hair
\\/wiki\\/Valda_(New_Earth)	Brown Hair
\\/wiki\\/Grant_Wilson_(New_Earth)	Blond Hair
\\/wiki\\/Lucien_(New_Earth)	Brown Hair
\\/wiki\\/Valcan_(New_Earth)	Black Hair
\\/wiki\\/Firehair_(New_Earth)	Red Hair
\\/wiki\\/Carlo_di_Rienzi_(New_Earth)	Black Hair
\\/wiki\\/Eric_Morden_(New_Earth)	Brown Hair
\\/wiki\\/Bonnie_King_(New_Earth)	Blond Hair
\\/wiki\\/Christopher_Freeman_(New_Earth)	Black Hair
\\/wiki\\/Thomas_N._Thomas_(New_Earth)	Brown Hair
\\/wiki\\/James_Forrest_(New_Earth)	Black Hair
\\/wiki\\/Milagro_Reyes_(New_Earth)	Black Hair
\\/wiki\\/Peter_Robinson_(New_Earth)	Black Hair
\\/wiki\\/Daniel_Evans_(New_Earth)	Black Hair
\\/wiki\\/Angela_St._Grace_(New_Earth)	Blond Hair
\\/wiki\\/Lindsay_Wah_(New_Earth)	Purple Hair
\\/wiki\\/Andrew_Van_Horn_(New_Earth)	Red Hair
\\/wiki\\/Krypto_the_Earth_Dog_(New_Earth)	White Hair
\\/wiki\\/Nicholas_Kovak_(New_Earth)	Black Hair
\\/wiki\\/Kreon_(New_Earth)	Blond Hair
\\/wiki\\/Peter_Cannon_(New_Earth)	Blond Hair
\\/wiki\\/Ulysses_Hadrian_Armstrong_(New_Earth)	Brown Hair
\\/wiki\\/Paul_Westfield_(New_Earth)	Brown Hair
\\/wiki\\/Anthony_Mantegna_(New_Earth)	Black Hair
\\/wiki\\/Sarah_Olsen_(New_Earth)	White Hair
\\/wiki\\/Carmine_Falcone_(New_Earth)	White Hair
\\/wiki\\/Martin_Allard_(New_Earth)	Brown Hair
\\/wiki\\/Franklin_Berkowitz_(New_Earth)	Grey Hair
\\/wiki\\/Coldsnap_(New_Earth)	White Hair
\\/wiki\\/Heatstroke_(New_Earth)	Red Hair
\\/wiki\\/Rebecca_Jones_(New_Earth)	Blue Hair
\\/wiki\\/Wayne_Tarrant_(New_Earth)	Black Hair
\\/wiki\\/Wyynde_(New_Earth)	Black Hair
\\/wiki\\/Lambien_(New_Earth)	Gold Hair
\\/wiki\\/Fero_(New_Earth)	Black Hair
\\/wiki\\/Linda_Olsen_Ridge_(New_Earth)	Red Hair
\\/wiki\\/Mark_Mandrill_(New_Earth)	White Hair
\\/wiki\\/Phillip_Cobb_(New_Earth)	Brown Hair
\\/wiki\\/Herbert_Simms_(New_Earth)	Black Hair
\\/wiki\\/Anthony_Zucco_(New_Earth)	Black Hair
\\/wiki\\/David_Singh_(New_Earth)	Brown Hair
\\/wiki\\/Karu-Sil_(New_Earth)	Brown Hair
\\/wiki\\/Gerome_McKenna_(New_Earth)	Black Hair
\\/wiki\\/Streaky_(New_Earth)	Orange Hair
\\/wiki\\/Zoanne_Wilkins_(New_Earth)	Black Hair
\\/wiki\\/Holly_Granger_(New_Earth)	Red Hair
\\/wiki\\/Jane_Doe_(New_Earth)	Brown Hair
\\/wiki\\/Kirk_DePaul_(New_Earth)	Brown Hair
\\/wiki\\/Freak_(New_Earth)	Black Hair
\\/wiki\\/Theodore_Bruder_(New_Earth)	Orange Hair
\\/wiki\\/Victor_Darge_(New_Earth)	Brown Hair
\\/wiki\\/Guillermo_Barrera_(New_Earth)	Black Hair
\\/wiki\\/Stella_Maxwell_(Dakotaverse)	Brown Hair
\\/wiki\\/Ladonna_Jameal_(New_Earth)	Brown Hair
\\/wiki\\/Mason_Trollbridge_(New_Earth)	Brown Hair
\\/wiki\\/Aristides_Demetrios_(New_Earth)	Black Hair
\\/wiki\\/Albert_Michaels_(New_Earth)	Blond Hair
\\/wiki\\/Steppenwolf_(New_Earth)	Black Hair
\\/wiki\\/Tannarak_(New_Earth)	Black Hair
\\/wiki\\/Jillian_Jackson_(New_Earth)	Blond Hair
\\/wiki\\/Saul_Erdel_(New_Earth)	White Hair
\\/wiki\\/Abraham_Lincoln_(New_Earth)	Black Hair
\\/wiki\\/Lawrence_Lance_(New_Earth)	Blond Hair
\\/wiki\\/Richard_Mehlville_(New_Earth)	Blond Hair
\\/wiki\\/Cronus_(New_Earth)	White Hair
\\/wiki\\/Dummy_(New_Earth)	Brown Hair
\\/wiki\\/Woodley_Allen_(New_Earth)	Brown Hair
\\/wiki\\/Karl_Hellfern_(New_Earth)	Black Hair
\\/wiki\\/Atlee_(New_Earth)	Black Hair
\\/wiki\\/Alix_Harrower_(New_Earth)	Red Hair
\\/wiki\\/Father_Time_(New_Earth)	Black Hair
\\/wiki\\/Jackson_Davies_(New_Earth)	Black Hair
\\/wiki\\/Kent_Connor_(New_Earth)	Black Hair
\\/wiki\\/Lyle_Bolton_(New_Earth)	Black Hair
\\/wiki\\/Nicholas_Bromfield_(New_Earth)	Brown Hair
\\/wiki\\/Liam_McHugh_(New_Earth)	Blond Hair
\\/wiki\\/Bird_(New_Earth)	Blond Hair
\\/wiki\\/Alicia_Collins_(New_Earth)	Green Hair
\\/wiki\\/Brian_Arsala_(New_Earth)	Brown Hair
\\/wiki\\/Otis_Flannegan_(New_Earth)	Blond Hair
\\/wiki\\/Walter_Johnson_I_(New_Earth)	Black Hair
\\/wiki\\/Wayne_Hawkins_(New_Earth)	Black Hair
\\/wiki\\/Andrew_Flint_(New_Earth)	Black Hair
\\/wiki\\/Myndi_Mayer_(New_Earth)	Black Hair
\\/wiki\\/Norman_Paxton_(New_Earth)	Black Hair
\\/wiki\\/Herbert_Winston_(New_Earth)	Black Hair
\\/wiki\\/Marion_Winston_(New_Earth)	Strawberry Blond Hair
\\/wiki\\/Anton_Lamont_(New_Earth)	White Hair
\\/wiki\\/Phobos_(New_Earth)	Red Hair
\\/wiki\\/William_King_(New_Earth)	Brown Hair
\\/wiki\\/Ace_Arn_(New_Earth)	White Hair
\\/wiki\\/Santiago_Vargas_(New_Earth)	Black Hair
\\/wiki\\/David_Clark_(New_Earth)	Black Hair
\\/wiki\\/Gavril_Ivanovich_(New_Earth)	Blond Hair
\\/wiki\\/John_Raymond_(New_Earth)	Blond Hair
\\/wiki\\/Moses_Lwanga_(New_Earth)	Black Hair
\\/wiki\\/Ghost_Fox_Killer_(New_Earth)	Black Hair
\\/wiki\\/Jeremy_Karne_(New_Earth)	Blond Hair
\\/wiki\\/Jonathan_Horne_(New_Earth)	Brown Hair
\\/wiki\\/Henry_Bucher_(New_Earth)	Black Hair
\\/wiki\\/Avruiskin_of_Pokolistan_(New_Earth)	Black Hair
\\/wiki\\/Ishido_Maad_(New_Earth)	Black Hair
\\/wiki\\/Fringe_(New_Earth)	White Hair
\\/wiki\\/Delmore_Redhorn_(New_Earth)	Red Hair
\\/wiki\\/Hero_Cruz_(New_Earth)	Black Hair
\\/wiki\\/Ringo_Chen_(New_Earth)	Black Hair
\\/wiki\\/Nora_Bromfield_(New_Earth)	Brown Hair
\\/wiki\\/Anthony_Burke_(New_Earth)	Brown Hair
\\/wiki\\/Leonard_Smalls_(Dakotaverse)	Black Hair
\\/wiki\\/Natalia_Dzerchenko_(New_Earth)	Brown Hair
\\/wiki\\/Keith_Robert_White_(New_Earth)	Black Hair
\\/wiki\\/Rafael_Sandoval_(New_Earth)	Black Hair
\\/wiki\\/Andre_Blanc-Dumont_(New_Earth)	Brown Hair
\\/wiki\\/Donna_Cabot_(New_Earth)	Brown Hair
\\/wiki\\/Elizabeth_Clawman_(New_Earth)	Black Hair
\\/wiki\\/Kyle_Spencer_(New_Earth)	Blond Hair
\\/wiki\\/Marie_Payton_(New_Earth)	Blond Hair
\\/wiki\\/Mitchell_Hoberman_(New_Earth)	Red Hair
\\/wiki\\/Adam_Grant_(New_Earth)	Blond Hair
\\/wiki\\/Alice,_Daily_Planet_(New_Earth)	Red Hair
\\/wiki\\/Ivana_Christina_Borodin_Molotova_(New_Earth)	Red Hair
\\/wiki\\/Bethany_Snow_(New_Earth)	Red Hair
\\/wiki\\/Mary_Seward_(New_Earth)	Red Hair
\\/wiki\\/Vernon_Questor_(New_Earth)	Black Hair
\\/wiki\\/Quentin_Turnbull_(New_Earth)	White Hair
\\/wiki\\/Doctor_Moon_(New_Earth)	Black Hair
\\/wiki\\/Himon_(New_Earth)	White Hair
\\/wiki\\/Benjamin_Hunter_(New_Earth)	Brown Hair
\\/wiki\\/Marcus_of_Rome_(New_Earth)	Black Hair
\\/wiki\\/Steven_Sharpe_III_(New_Earth)	White Hair
\\/wiki\\/Stretch_Skinner_(New_Earth)	Brown Hair
\\/wiki\\/Winston_Churchill_(New_Earth)	Grey Hair
\\/wiki\\/Roy_Lincoln_(New_Earth)	Black Hair
\\/wiki\\/Khufu_(New_Earth)	Blond Hair
\\/wiki\\/Lois_Lane_Robot_(New_Earth)	Black Hair
\\/wiki\\/Ciji_(New_Earth)	Brown Hair
\\/wiki\\/Robert_Dickering_(New_Earth)	Brown Hair
\\/wiki\\/Tamara_Fox_(New_Earth)	Black Hair
\\/wiki\\/James_Lenahan_(New_Earth)	Blond Hair
\\/wiki\\/Jillian_Pearlman_(New_Earth)	Blond Hair
\\/wiki\\/Lup%C3%A9_Teresa_Leocadio-Escudero_(New_Earth)	Brown Hair
\\/wiki\\/Aaron_Cash_(New_Earth)	Black Hair
\\/wiki\\/Ashley_Zolomon_(New_Earth)	Brown Hair
\\/wiki\\/Jonah_McCarthy_(New_Earth)	Brown Hair
\\/wiki\\/Daniel_Tsang_(New_Earth)	Black Hair
\\/wiki\\/Josiah_Power_(New_Earth)	Black Hair
\\/wiki\\/Cindy_Burman_(New_Earth)	Brown Hair
\\/wiki\\/Synnar_II_(New_Earth)	Black Hair
\\/wiki\\/Sofia_Falcone_(New_Earth)	Brown Hair
\\/wiki\\/Charles_Wylde_(New_Earth)	Brown Hair
\\/wiki\\/Mardin_(New_Earth)	Purple Hair
\\/wiki\\/Raelene_Sharp_(New_Earth)	Brown Hair
\\/wiki\\/Sharon_Hawkins_(Dakotaverse)	Brown Hair
\\/wiki\\/Trogg_(New_Earth)	Black Hair
\\/wiki\\/Kit_Ryan_(New_Earth)	Black Hair
\\/wiki\\/Lynx_(New_Earth)	Black Hair
\\/wiki\\/Ernest_Clay_(New_Earth)	Brown Hair
\\/wiki\\/Dominic_Mndawe_(New_Earth)	Black Hair
\\/wiki\\/Jeffrey_Goslin_(New_Earth)	Black Hair
\\/wiki\\/Margaret_Adam_(New_Earth)	Blond Hair
\\/wiki\\/Siegfried_Horatio_Hunch_III_(New_Earth)	Black Hair
\\/wiki\\/Wenonah_Littlebird_(New_Earth)	Black Hair
\\/wiki\\/Themis_(New_Earth)	Grey Hair
\\/wiki\\/Thia_(New_Earth)	Red Hair
\\/wiki\\/Arnold_Pruett_(New_Earth)	Red Hair
\\/wiki\\/Anton_Knight_(Earth-One)	Red Hair
\\/wiki\\/Gregor_Markov_(New_Earth)	Brown Hair
\\/wiki\\/Jonathan_Davis_(New_Earth)	Brown Hair
\\/wiki\\/Mara_(New_Earth)	Blond Hair
\\/wiki\\/Deborah_Dancer_(New_Earth)	Red Hair
\\/wiki\\/Silas_Stone_(New_Earth)	Black Hair
\\/wiki\\/Rebecca_Langstrom_(New_Earth)	Blond Hair
\\/wiki\\/Forager_I_(New_Earth)	Black Hair
\\/wiki\\/Gilotina_(New_Earth)	Platinum Blond Hair
\\/wiki\\/Ona_Tornsen_(New_Earth)	Black Hair
\\/wiki\\/Edward_Deacon_(New_Earth)	Blond Hair
\\/wiki\\/Simyan_(New_Earth)	Brown Hair
\\/wiki\\/Don_Allen_(New_Earth)	Red Hair
\\/wiki\\/Michael_Payson_Maxwell_(New_Earth)	Blond Hair
\\/wiki\\/Bulldozer_Smith_(New_Earth)	Strawberry Blond Hair
\\/wiki\\/Richard_Raleigh_(New_Earth)	Red Hair
\\/wiki\\/Adrian_Paratino_(New_Earth)	Black Hair
\\/wiki\\/Markus_Clay_(New_Earth)	Black Hair
\\/wiki\\/Thomas_Jagger_(New_Earth)	Brown Hair
\\/wiki\\/Vandor_(New_Earth)	White Hair
\\/wiki\\/Yao_Fei_(New_Earth)	Black Hair
\\/wiki\\/Alice_Cohen_II_(New_Earth)	Red Hair
\\/wiki\\/Daniel_Brickwell_(New_Earth)	White Hair
\\/wiki\\/Samuel_Bradley,_Jr._(New_Earth)	Brown Hair
\\/wiki\\/Leslie_Anderson_(New_Earth)	Brown Hair
\\/wiki\\/Nelson_Crowe_(New_Earth)	Blond Hair
\\/wiki\\/Romy_Chandler_(New_Earth)	Red Hair
\\/wiki\\/Manchester_Black_(New_Earth)	Purple Hair
\\/wiki\\/Cerdian_(New_Earth)	White Hair
\\/wiki\\/Barbara_Whitmore_(New_Earth)	Blond Hair
\\/wiki\\/Mario_Falcone_(New_Earth)	Brown Hair
\\/wiki\\/Maximillian_Deville_(New_Earth)	Black Hair
\\/wiki\\/Rita_Lopez_(New_Earth)	Black Hair
\\/wiki\\/Alberto_Falcone_(New_Earth)	Brown Hair
\\/wiki\\/Byron_Stark_(New_Earth)	Brown Hair
\\/wiki\\/Deborah_Perkins_(New_Earth)	Blue Hair
\\/wiki\\/Sonar_III_(New_Earth)	Red Hair
\\/wiki\\/Alexandra_DeWitt_(New_Earth)	Blond Hair
\\/wiki\\/Gunbunny_(New_Earth)	Blond Hair
\\/wiki\\/Edward_Walker_(New_Earth)	Brown Hair
\\/wiki\\/Hendricks_(New_Earth)	Brown Hair
\\/wiki\\/Kate_Godwin_(New_Earth)	Blond Hair
\\/wiki\\/Kelvin_Mao_(New_Earth)	Black Hair
\\/wiki\\/Elizabeth_Alderman_(New_Earth)	Black Hair
\\/wiki\\/Carlo_Sirianni_(New_Earth)	Red Hair
\\/wiki\\/Ivan_Illyich_Gort_(New_Earth)	Black Hair
\\/wiki\\/Scott_Fischer_(New_Earth)	Blond Hair
\\/wiki\\/Mnemosyne_II_(New_Earth)	Brown Hair
\\/wiki\\/Maxwell_Fisher_(New_Earth)	Black Hair
\\/wiki\\/Melody_Case_(New_Earth)	Red Hair
\\/wiki\\/Jonni_Thunder_(New_Earth)	Blond Hair
\\/wiki\\/Alan_Welles_(New_Earth)	Brown Hair
\\/wiki\\/Clay_Kendall_(New_Earth)	Blond Hair
\\/wiki\\/Maude_Stone_(New_Earth)	White Hair
\\/wiki\\/Tucker_Stone_(New_Earth)	White Hair
\\/wiki\\/Joan_Lincoln_(New_Earth)	Blond Hair
\\/wiki\\/Duarmzshee-Paan_(New_Earth)	Green Hair
\\/wiki\\/Tala_(New_Earth)	Black Hair
\\/wiki\\/Dawn_Allen_(New_Earth)	Red Hair
\\/wiki\\/Brute_(New_Earth)	Red Hair
\\/wiki\\/Juggler_(New_Earth)	Black Hair
\\/wiki\\/Snake-Oil_(New_Earth)	Black Hair
\\/wiki\\/Fisherman_(New_Earth)	Black Hair
\\/wiki\\/Roger_Denning_(New_Earth)	Black Hair
\\/wiki\\/Axel_Storm_(New_Earth)	Black Hair
\\/wiki\\/Ira_West_(New_Earth)	Grey Hair
\\/wiki\\/Jackie_Johnson_(New_Earth)	Black Hair
\\/wiki\\/Herupa_Hando_Hu_(New_Earth)	White Hair
\\/wiki\\/Marie_Leeds_(New_Earth)	Blond Hair
\\/wiki\\/Rose_Canton_(New_Earth)	Blond Hair
\\/wiki\\/Jonathan_Cheval_(New_Earth)	Brown Hair
\\/wiki\\/Leslie_Humphries_(New_Earth)	Black Hair
\\/wiki\\/Hadley_Jaggar_(New_Earth)	Blond Hair
\\/wiki\\/Bruce_Wayne_Clone_(New_Earth)	Black Hair
\\/wiki\\/Tallulah_Black_(New_Earth)	Brown Hair
\\/wiki\\/Leslie_Willis_(New_Earth)	Blue Hair
\\/wiki\\/Alexander_Montez_(New_Earth)	Black Hair
\\/wiki\\/Trevor_Barnes_(New_Earth)	Brown Hair
\\/wiki\\/Plunder_(New_Earth)	Brown Hair
\\/wiki\\/Thomas_Burke_(New_Earth)	Black Hair
\\/wiki\\/Eye_(New_Earth)	Blond Hair
\\/wiki\\/Anne_Fletcher_(New_Earth)	Red Hair
\\/wiki\\/Scott_Tucker_(New_Earth)	Blond Hair
\\/wiki\\/Jake_Ketchum_(New_Earth)	Red Hair
\\/wiki\\/Dudley_H._Dudley_(New_Earth)	White Hair
\\/wiki\\/Meridian_Mychaels_(New_Earth)	Brown Hair
\\/wiki\\/Annie_Bonelli_(New_Earth)	Brown Hair
\\/wiki\\/Amy_Beitermann_(New_Earth)	Black Hair
\\/wiki\\/John_Flint_(New_Earth)	Brown Hair
\\/wiki\\/Shondra_Kinsolving_(New_Earth)	Black Hair
\\/wiki\\/Mary_Frazier_(New_Earth)	Grey Hair
\\/wiki\\/Magdalene_Kyle_(New_Earth)	Brown Hair
\\/wiki\\/J._Daniel_Murphy_(New_Earth)	Red Hair
\\/wiki\\/Jerry_White_(New_Earth)	Brown Hair
\\/wiki\\/Susan_King_(New_Earth)	Blond Hair
\\/wiki\\/Thomas_Emery_(New_Earth)	Brown Hair
\\/wiki\\/Margaret_Pye_(New_Earth)	Red Hair
\\/wiki\\/Coeus_(New_Earth)	Blue Hair
\\/wiki\\/Michael_Dugan_(New_Earth)	Red Hair
\\/wiki\\/Leah_Wasserman_(New_Earth)	White Hair
\\/wiki\\/Norman_Brawler_(New_Earth)	Brown Hair
\\/wiki\\/Gan_Williams_(New_Earth)	Black Hair
\\/wiki\\/Jake_Simmons_(New_Earth)	Brown Hair
\\/wiki\\/Tavis_Williams_(New_Earth)	Black Hair
\\/wiki\\/Daniel_Cormac_(New_Earth)	Red Hair
\\/wiki\\/Garn_Daanuth_(New_Earth)	White Hair
\\/wiki\\/Jack_of_Spades_III_(New_Earth)	Blond Hair
\\/wiki\\/Kari_Limbo_(New_Earth)	Black Hair
\\/wiki\\/Crystal_Frost_(New_Earth)	Blue Hair
\\/wiki\\/Katherine_Manser_(New_Earth)	Red Hair
\\/wiki\\/Iris_Jacobs_(New_Earth)	Red Hair
\\/wiki\\/Gregori_Arcane_(New_Earth)	Black Hair
\\/wiki\\/Starbreaker_(New_Earth)	Black Hair
\\/wiki\\/Mordred_of_the_Kindly_Ones_(New_Earth)	White Hair
\\/wiki\\/Cleveland_Brand_(New_Earth)	Black Hair
\\/wiki\\/Irwin_Hall_(New_Earth)	Grey Hair
\\/wiki\\/Edward_Dawson_(New_Earth)	Red Hair
\\/wiki\\/Light_Fingers_(New_Earth)	Red Hair
\\/wiki\\/Urania_Blackwell_(New_Earth)	Green Hair
\\/wiki\\/Slim_Kilkenny_Stryker_(New_Earth)	Brown Hair
\\/wiki\\/Karin_Grace_(New_Earth)	Blond Hair
\\/wiki\\/Thomas_Curry_(New_Earth)	Black Hair
\\/wiki\\/Gudra_(New_Earth)	Blond Hair
\\/wiki\\/Turtle_(New_Earth)	Grey Hair
\\/wiki\\/Wanda_Wilson_(New_Earth)	Brown Hair
\\/wiki\\/Julie_Madison_(New_Earth)	Black Hair
\\/wiki\\/Carla_Moretti_(New_Earth)	Brown Hair
\\/wiki\\/Eric_Moran_(Prime_Earth)	Black Hair
\\/wiki\\/Achilles_Warkiller_(New_Earth)	Blond Hair
\\/wiki\\/Frank_Verrano_(New_Earth)	Brown Hair
\\/wiki\\/Marvin_Kuttler_(New_Earth)	Brown Hair
\\/wiki\\/Nadia_(New_Earth)	Black Hair
\\/wiki\\/Onomatopoeia_(New_Earth)	Brown Hair
\\/wiki\\/Alexander_Nero_(New_Earth)	Red Hair
\\/wiki\\/Veronica_Sinclair_(New_Earth)	Red Hair
\\/wiki\\/Aubrey_Sparks_(New_Earth)	Black Hair
\\/wiki\\/Dagmar_Procjnow_(New_Earth)	Black Hair
\\/wiki\\/Doctor_Poison_II_(New_Earth)	Black Hair
\\/wiki\\/Walker_Gabriel_(New_Earth)	Black Hair
\\/wiki\\/Alan_Wayne_(New_Earth)	Black Hair
\\/wiki\\/Benjamin_Newton_(New_Earth)	Red Hair
\\/wiki\\/Frostbite_(New_Earth)	Blue Hair
\\/wiki\\/Jeremy_Horton_(New_Earth)	Blond Hair
\\/wiki\\/Magala_(New_Earth)	Brown Hair
\\/wiki\\/Frederick_von_Frankenstein_(New_Earth)	Black Hair
\\/wiki\\/Jean_Hawkins_(Dakotaverse)	Brown Hair
\\/wiki\\/Mace_Gardner_(New_Earth)	Red Hair
\\/wiki\\/Vari_Dzerchenko_(New_Earth)	Brown Hair
\\/wiki\\/Mitchell_Anderson_(New_Earth)	Brown Hair
\\/wiki\\/Marianne_(New_Earth)	Blond Hair
\\/wiki\\/Martin_Jordan_(New_Earth)	Brown Hair
\\/wiki\\/Albrecht_von_Mannheim_(New_Earth)	Brown Hair
\\/wiki\\/Catalyst_(New_Earth)	Black Hair
\\/wiki\\/Louis_Godder_(New_Earth)	Black Hair
\\/wiki\\/Randall_Adam_(New_Earth)	Brown Hair
\\/wiki\\/David_Winston_(New_Earth)	Red Hair
\\/wiki\\/Tethys_(New_Earth)	Green Hair
\\/wiki\\/Trouble_(New_Earth)	White Hair
\\/wiki\\/Dale_Gunn_(New_Earth)	Black Hair
\\/wiki\\/James_Lockhart_(New_Earth)	Blond Hair
\\/wiki\\/Jock_Verner_(New_Earth)	Brown Hair
\\/wiki\\/Vanessa_van_Helsing_(New_Earth)	Red Hair
\\/wiki\\/Mikola_Rostov_(New_Earth)	Brown Hair
\\/wiki\\/Mnemosyne_(New_Earth)	Blond Hair
\\/wiki\\/Arkkis_Chummuck_(New_Earth)	Brown Hair
\\/wiki\\/Mei_Ling_(New_Earth)	Black Hair
\\/wiki\\/Justin_Ballantine_(New_Earth)	Brown Hair
\\/wiki\\/Fastbak_(New_Earth)	Strawberry Blond Hair
\\/wiki\\/Azmodus_(New_Earth)	Black Hair
\\/wiki\\/Christine_Madison_(New_Earth)	Blond Hair
\\/wiki\\/Matthew_Savage_(New_Earth)	Brown Hair
\\/wiki\\/Michael_Miller_(New_Earth)	Black Hair
\\/wiki\\/Meredith_Creamer_(New_Earth)	Red Hair
\\/wiki\\/Chay-Ara_(New_Earth)	Brown Hair
\\/wiki\\/Garret_Day_(New_Earth)	Red Hair
\\/wiki\\/Jack_Latham_(New_Earth)	Grey Hair
\\/wiki\\/Nicholas_Gage_(New_Earth)	Brown Hair
\\/wiki\\/Crazy_Shy_Lolita_Canary_(New_Earth)	Blond Hair
\\/wiki\\/John_Nichol_(New_Earth)	Brown Hair
\\/wiki\\/Miri_Riam_(New_Earth)	Red Hair
\\/wiki\\/Hector_(New_Earth)	Black Hair
\\/wiki\\/Amparo_Cardenas_(New_Earth)	Brown Hair
\\/wiki\\/Horoq_Nnot_(New_Earth)	Purple Hair
\\/wiki\\/Anjeli_Singh_(New_Earth)	Black Hair
\\/wiki\\/Sandra_Kincaid_(New_Earth)	Black Hair
\\/wiki\\/Slobo_(New_Earth)	Black Hair
\\/wiki\\/Justeen_(New_Earth)	Brown Hair
\\/wiki\\/Boone_(New_Earth)	Blond Hair
\\/wiki\\/Clark_Peter_Ross_(New_Earth)	Blond Hair
\\/wiki\\/Morlo_(New_Earth)	Brown Hair
\\/wiki\\/Wilfred_Parker_(New_Earth)	Blond Hair
\\/wiki\\/Grayven_(New_Earth)	Black Hair
\\/wiki\\/James_Tilton_(New_Earth)	Black Hair
\\/wiki\\/Kindred_Marx_(New_Earth)	Blond Hair
\\/wiki\\/Nina_Skorzeny_(New_Earth)	Black Hair
\\/wiki\\/Chase_Lawler_(New_Earth)	Brown Hair
\\/wiki\\/Thomas_Trigger_(New_Earth)	Red Hair
\\/wiki\\/Jack_T._Chance_(New_Earth)	Blue Hair
\\/wiki\\/Deathwing_(Team_Titans)	Black Hair
\\/wiki\\/David_Knight_(New_Earth)	Brown Hair
\\/wiki\\/Hans_Leckter_(New_Earth)	Blond Hair
\\/wiki\\/Ramban_(New_Earth)	Black Hair
\\/wiki\\/Tobias_Manning_(New_Earth)	Brown Hair
\\/wiki\\/Tracer_(New_Earth)	Red Hair
\\/wiki\\/Dwayne_Wainwright_(New_Earth)	Blond Hair
\\/wiki\\/Hector_Enriquez_(New_Earth)	Black Hair
\\/wiki\\/Katharine_Ferbel_(New_Earth)	Red Hair
\\/wiki\\/Vincent_Edge_(New_Earth)	White Hair
\\/wiki\\/Edward_Wolfson_(New_Earth)	Brown Hair
\\/wiki\\/Hellene_(New_Earth)	Blond Hair
\\/wiki\\/Jeremy_Wakefield_(New_Earth)	Blond Hair
\\/wiki\\/Kalia_Campbell_(New_Earth)	Red Hair
\\/wiki\\/Merc_(New_Earth)	Brown Hair
\\/wiki\\/Serafina_Arkadin_(New_Earth)	Blond Hair
\\/wiki\\/Valerie_Beaudry_(New_Earth)	Blond Hair
\\/wiki\\/Briscoe_(New_Earth)	Black Hair
\\/wiki\\/Kim_Liang_(New_Earth)	Black Hair
\\/wiki\\/Zviad_Baazovi_(New_Earth)	Black Hair
\\/wiki\\/Lady_Liberty_I_(New_Earth)	Black Hair
\\/wiki\\/Harry_Hokum_(New_Earth)	Grey Hair
\\/wiki\\/Princess_Emerald_II_(New_Earth)	White Hair
\\/wiki\\/Dmitri_Mishkin_(New_Earth)	White Hair
\\/wiki\\/Iapetus_(New_Earth)	Grey Hair
\\/wiki\\/Atlas_(New_Earth)	Brown Hair
\\/wiki\\/Eve_(New_Earth)	Black Hair
\\/wiki\\/Lonar_(New_Earth)	Black Hair
\\/wiki\\/Sven_Larson_(New_Earth)	White Hair
\\/wiki\\/Bess_Lynn_(New_Earth)	Blond Hair
\\/wiki\\/Qwsp_(New_Earth)	Green Hair
\\/wiki\\/Achilles_(New_Earth)	Brown Hair
\\/wiki\\/John_Pemberton_(New_Earth)	Grey Hair
\\/wiki\\/Stormy_Foster_(Earth-X)	Black Hair
\\/wiki\\/Richard_Grey,_Jr._(New_Earth)	Black Hair
\\/wiki\\/Anna_Fortune_(New_Earth)	Blond Hair
\\/wiki\\/Lori_Luthor_(New_Earth)	Blond Hair
\\/wiki\\/Simon_Peters_(New_Earth)	Brown Hair
\\/wiki\\/Simon_Valentine_(New_Earth)	Brown Hair
\\/wiki\\/Ann_Preston_(New_Earth)	Red Hair
\\/wiki\\/Harry_Bailey_(New_Earth)	Brown Hair
\\/wiki\\/Kim_Kimura_(New_Earth)	Green Hair
\\/wiki\\/Jax-Ur_(New_Earth)	Black Hair
\\/wiki\\/Nix_Uotan_(New_Earth)	Brown Hair
\\/wiki\\/Daniel_Carter_(New_Earth)	Blond Hair
\\/wiki\\/Emma_Glenn_(New_Earth)	Brown Hair
\\/wiki\\/Josephine_Tautin_(New_Earth)	Red Hair
\\/wiki\\/Sin_(New_Earth)	Black Hair
\\/wiki\\/Carl_Worth_(New_Earth)	Brown Hair
\\/wiki\\/Parademon_(New_Earth)	White Hair
\\/wiki\\/Arturo_Rodriguez_(New_Earth)	Brown Hair
\\/wiki\\/Elias_Orr_(New_Earth)	Blond Hair
\\/wiki\\/Io_(New_Earth)	Brown Hair
\\/wiki\\/Lianna_(New_Earth)	Black Hair
\\/wiki\\/Eric_Cohen_(New_Earth)	Black Hair
\\/wiki\\/Faora_(New_Earth)	Brown Hair
\\/wiki\\/Nathan_Craig_Jones_(New_Earth)	Black Hair
\\/wiki\\/Buzz_Cohen_(New_Earth)	Black Hair
\\/wiki\\/Jill_Carlyle_(New_Earth)	Black Hair
\\/wiki\\/Kyle_Abbot_(New_Earth)	Black Hair
\\/wiki\\/Mortalla_(New_Earth)	Black Hair
\\/wiki\\/Soseh_Mykros_(New_Earth)	Red Hair
\\/wiki\\/Devastation_(New_Earth)	Red Hair
\\/wiki\\/Nicholas_Scratch_(New_Earth)	Black Hair
\\/wiki\\/Louis_Martin_(New_Earth)	Brown Hair
\\/wiki\\/Amanda_Spence_(New_Earth)	Brown Hair
\\/wiki\\/Marion_Grange_(New_Earth)	White Hair
\\/wiki\\/Cissy_Chambers_(New_Earth)	Brown Hair
\\/wiki\\/Scavenger_(New_Earth)	White Hair
\\/wiki\\/Chaser_Bron_(New_Earth)	Grey Hair
\\/wiki\\/Joseph_Gardner_(New_Earth)	Red Hair
\\/wiki\\/Thaddeus_Trigger_(New_Earth)	Red Hair
\\/wiki\\/Yvette_DuBois_(New_Earth)	Black Hair
\\/wiki\\/Huvah_Jeddigar_(New_Earth)	Black Hair
\\/wiki\\/Adam_Cray_(New_Earth)	Red Hair
\\/wiki\\/Jesse_Vega_(New_Earth)	Black Hair
\\/wiki\\/Eileen_Flowers_(New_Earth)	Blond Hair
\\/wiki\\/Frederick_Rhino_(New_Earth)	Black Hair
\\/wiki\\/Janwillem_Kroef_(New_Earth)	White Hair
\\/wiki\\/John_Reed_(New_Earth)	Brown Hair
\\/wiki\\/Marj_(New_Earth)	Red Hair
\\/wiki\\/Mary_Martin_(New_Earth)	Black Hair
\\/wiki\\/Bynai_Bruun_(New_Earth)	Black Hair
\\/wiki\\/Gene_LaBostrie_(New_Earth)	Black Hair
\\/wiki\\/John_Hillary_(New_Earth)	Brown Hair
\\/wiki\\/Angelika_Bal_(New_Earth)	Black Hair
\\/wiki\\/Ilona_Markov_(New_Earth)	Red Hair
\\/wiki\\/Murray_Takamoto_(New_Earth)	Black Hair
\\/wiki\\/Marcie_Cooper_(New_Earth)	Blond Hair
\\/wiki\\/Blackbriar_Thorn_(New_Earth)	Brown Hair
\\/wiki\\/Silent_Majority_(New_Earth)	Brown Hair
\\/wiki\\/Paul_Hoben_(New_Earth)	Brown Hair
\\/wiki\\/William_Craig_(New_Earth)	Brown Hair
\\/wiki\\/Warren_Griffith_(New_Earth)	Brown Hair
\\/wiki\\/El_Papagayo_(New_Earth)	Black Hair
\\/wiki\\/Patty_Spivot_(New_Earth)	Blond Hair
\\/wiki\\/Thomas_Morita_(New_Earth)	Black Hair
\\/wiki\\/Starfire_(New_Earth)	Black Hair
\\/wiki\\/Elpis_(New_Earth)	Black Hair
\\/wiki\\/Jed_Paulsen_(New_Earth)	Blond Hair
\\/wiki\\/August_Durant_(New_Earth)	Black Hair
\\/wiki\\/John_Starr_(New_Earth)	Brown Hair
\\/wiki\\/Memakata_(New_Earth)	Black Hair
\\/wiki\\/Cerberus_(New_Earth)	Black Hair
\\/wiki\\/Richard_Carter_(Earth-One)	Black Hair
\\/wiki\\/George_Washington_(New_Earth)	White Hair
\\/wiki\\/Guinevere_(New_Earth)	Blond Hair
\\/wiki\\/Colleen_Franklin_(New_Earth)	Red Hair
\\/wiki\\/Roxy_(New_Earth)	Blue Hair
\\/wiki\\/Carrie_Cutter_(New_Earth)	Red Hair
\\/wiki\\/Gor_(New_Earth)	Blond Hair
\\/wiki\\/Elise_Kimble_(New_Earth)	Red Hair
\\/wiki\\/Poet_(New_Earth)	Black Hair
\\/wiki\\/Jenna_Raleigh_(New_Earth)	Black Hair
\\/wiki\\/Doctor_Gotham_(New_Earth)	White Hair
\\/wiki\\/Panda_Potter_(New_Earth)	Black Hair
\\/wiki\\/Sylbert_Rundine_(New_Earth)	Red Hair
\\/wiki\\/Tyrone_the_Dog_(New_Earth)	Grey Hair
\\/wiki\\/Zou_Kang_(New_Earth)	Black Hair
\\/wiki\\/Jake_Jordan_(New_Earth)	Black Hair
\\/wiki\\/Mister_Terrible_(New_Earth)	Brown Hair
\\/wiki\\/Nathan_Howe_(New_Earth)	Brown Hair
\\/wiki\\/Andrew_Grubs_(New_Earth)	Blond Hair
\\/wiki\\/Maat_Shadid_(New_Earth)	Brown Hair
\\/wiki\\/Vera_Lynn_Black_(New_Earth)	Blond Hair
\\/wiki\\/Josh_Azeveda_(New_Earth)	Brown Hair
\\/wiki\\/Nyssa_Raatko_(New_Earth)	Black Hair
\\/wiki\\/Rachel_Keast_(New_Earth)	Black Hair
\\/wiki\\/Gannon_Malloy_(New_Earth)	Blond Hair
\\/wiki\\/LeTonya_Charles_(New_Earth)	Black Hair
\\/wiki\\/Jeremy_Tell_(New_Earth)	Brown Hair
\\/wiki\\/Epsilon_(New_Earth)	Blond Hair
\\/wiki\\/Kip_Kettering_(New_Earth)	Red Hair
\\/wiki\\/Cal_Usjak_(New_Earth)	Red Hair
\\/wiki\\/Claudio_Tielli_(New_Earth)	Brown Hair
\\/wiki\\/Macklin_Arnot_(New_Earth)	Brown Hair
\\/wiki\\/Nona_Lin-Baker_(New_Earth)	Black Hair
\\/wiki\\/Theo_Storm_(New_Earth)	Black Hair
\\/wiki\\/Francis_Dutton_(New_Earth)	Blond Hair
\\/wiki\\/Henry_Hogan_(New_Earth)	Black Hair
\\/wiki\\/Lauren_Isley_(New_Earth)	Red Hair
\\/wiki\\/Malcolm_Thawne_(New_Earth)	Blond Hair
\\/wiki\\/Nathaniel_Finch_(New_Earth)	Brown Hair
\\/wiki\\/Randy_Hanrahan_(New_Earth)	Strawberry Blond Hair
\\/wiki\\/Stacy_Taglia_(New_Earth)	Blond Hair
\\/wiki\\/Valerie_Andrist_(New_Earth)	Black Hair
\\/wiki\\/J._Devlin_Davenport_(New_Earth)	Blond Hair
\\/wiki\\/Sinclair_Batson_(New_Earth)	Brown Hair
\\/wiki\\/Steeljacket_(New_Earth)	Blond Hair
\\/wiki\\/Fred_Bentson_(New_Earth)	Blond Hair
\\/wiki\\/Benjamin_Nakashima_(New_Earth)	Black Hair
\\/wiki\\/Dwayne_Geyer_(New_Earth)	Brown Hair
\\/wiki\\/George_Cross_(New_Earth)	Blond Hair
\\/wiki\\/Joshua_Xan_(New_Earth)	Black Hair
\\/wiki\\/Louis_Sendak_(New_Earth)	Brown Hair
\\/wiki\\/Matthew_Taylor_(New_Earth)	Black Hair
\\/wiki\\/Nik_Mayak_(New_Earth)	Black Hair
\\/wiki\\/Richard_Plante_(New_Earth)	Black Hair
\\/wiki\\/Jack_Marshall_(New_Earth)	Black Hair
\\/wiki\\/Lefty_(New_Earth)	Black Hair
\\/wiki\\/Ned_Smith_(New_Earth)	Black Hair
\\/wiki\\/Thomas_Asquith_Randolph_(New_Earth)	Red Hair
\\/wiki\\/Ace_the_Bat-Hound_(New_Earth)	Brown Hair
\\/wiki\\/Travis_Cody_(New_Earth)	Brown Hair
\\/wiki\\/Gideon_(New_Earth)	White Hair
\\/wiki\\/Iphthime_(New_Earth)	Red Hair
\\/wiki\\/Janet_Drake_(New_Earth)	Brown Hair
\\/wiki\\/Susan_Linden_II_(New_Earth)	Violet Hair
\\/wiki\\/Virginia_Dix_(New_Earth)	Blond Hair
\\/wiki\\/Yolanda_Ybarra_(New_Earth)	Black Hair
\\/wiki\\/Gary_Lester_(New_Earth)	Brown Hair
\\/wiki\\/Olaf_Friedriksen_(New_Earth)	Blond Hair
\\/wiki\\/Queen_Bee_II_(New_Earth)	Black Hair
\\/wiki\\/Rafael_di_Rienzi_(New_Earth)	Black Hair
\\/wiki\\/Epione_(New_Earth)	Brown Hair
\\/wiki\\/Harmonia_(New_Earth)	Blond Hair
\\/wiki\\/Angela_Revere_(New_Earth)	Black Hair
\\/wiki\\/Edward_Valentine_(New_Earth)	Brown Hair
\\/wiki\\/George_H._W._Bush_(New_Earth)	Brown Hair
\\/wiki\\/Nuada_Silverhand_(New_Earth)	Green Hair
\\/wiki\\/Cheeks_(New_Earth)	Blond Hair
\\/wiki\\/Crius_(New_Earth)	Blond Hair
\\/wiki\\/KT21_(New_Earth)	Blond Hair
\\/wiki\\/Lady_Eve_(New_Earth)	Black Hair
\\/wiki\\/Persephone_(New_Earth)	Black Hair
\\/wiki\\/Javelin_(New_Earth)	Blond Hair
\\/wiki\\/Lord_Moonstone_(New_Earth)	Black Hair
\\/wiki\\/Walter_Reilly_(New_Earth)	Grey Hair
\\/wiki\\/Woodson_Hex_(New_Earth)	White Hair
\\/wiki\\/Christine_St._Clair_(New_Earth)	Red Hair
\\/wiki\\/Hawk_Haukins_(New_Earth)	Brown Hair
\\/wiki\\/Keith_Kalmaku_(New_Earth)	Black Hair
\\/wiki\\/Fashion_Thing_(New_Earth)	White Hair
\\/wiki\\/King_Savage_(New_Earth)	Brown Hair
\\/wiki\\/Kit_Dawn-Langman_(New_Earth)	Blond Hair
\\/wiki\\/Lili_de_Neuve_(New_Earth)	Brown Hair
\\/wiki\\/Michael_Tempest_(New_Earth)	Red Hair
\\/wiki\\/Tadwallader_Jutefruce_(New_Earth)	Blond Hair
\\/wiki\\/Achilles_Milo_(New_Earth)	Black Hair
\\/wiki\\/Killer_Shark_(New_Earth)	Black Hair
\\/wiki\\/Thor_(New_Earth)	Red Hair
\\/wiki\\/Paul_Dekker_(New_Earth)	Brown Hair
\\/wiki\\/Bradford_Thorne_(New_Earth)	Brown Hair
\\/wiki\\/Gilda_Gold_(New_Earth)	Brown Hair
\\/wiki\\/Buddy_Smith_(New_Earth)	Blond Hair
\\/wiki\\/Terrence_Kurtzberger_(New_Earth)	Black Hair
\\/wiki\\/Niccolai_Tepes_(New_Earth)	Black Hair
\\/wiki\\/Gregory_Wolfe_(New_Earth)	Black Hair
\\/wiki\\/Kiran_Singh_(New_Earth)	Brown Hair
\\/wiki\\/Sonia_Zucco_(New_Earth)	Brown Hair
\\/wiki\\/Heretic_(New_Earth)	Black Hair
\\/wiki\\/Alysha_Grant_(New_Earth)	Blond Hair
\\/wiki\\/Elizabeth_Kane_(New_Earth)	Red Hair
\\/wiki\\/Ewan_McBane_(New_Earth)	Brown Hair
\\/wiki\\/Lucas_Hilton_(New_Earth)	Black Hair
\\/wiki\\/Marcus_Wise_(New_Earth)	Brown Hair
\\/wiki\\/Roman_Cavallo_(New_Earth)	White Hair
\\/wiki\\/Terrence_Bolatinsky_(New_Earth)	Blond Hair
\\/wiki\\/Tolifhar_(New_Earth)	White Hair
\\/wiki\\/Jezebel_Jet_(New_Earth)	Red Hair
\\/wiki\\/Relok_Hag_(New_Earth)	White Hair
\\/wiki\\/Valerie_Perez_(New_Earth)	Black Hair
\\/wiki\\/Xu_Tao_(New_Earth)	Black Hair
\\/wiki\\/Yang_Kei-Ying_(New_Earth)	Black Hair
\\/wiki\\/Ystina_(New_Earth)	Black Hair
\\/wiki\\/Sara_Descarl_(New_Earth)	Black Hair
\\/wiki\\/Alana_Dominguez_(New_Earth)	Brown Hair
\\/wiki\\/Kristopher_Roderic_(New_Earth)	Black Hair
\\/wiki\\/Phillip_Addad_(New_Earth)	Black Hair
\\/wiki\\/Raker_Qarrigat_(New_Earth)	Blue Hair
\\/wiki\\/Janice_Porter_(New_Earth)	Blond Hair
\\/wiki\\/Mary_Kramer_(New_Earth)	Red Hair
\\/wiki\\/Adam_Winterbourne_(New_Earth)	Black Hair
\\/wiki\\/Angela_Margolin_(New_Earth)	Blond Hair
\\/wiki\\/Ceritak_(New_Earth)	White Hair
\\/wiki\\/Jake_Bennetti_(New_Earth)	Brown Hair
\\/wiki\\/Meloni_Thawne_(New_Earth)	Brown Hair
\\/wiki\\/James_Barr_(New_Earth)	White Hair
\\/wiki\\/Stanley_Printwhistle_(New_Earth)	Grey Hair
\\/wiki\\/Sterling_Morris_(New_Earth)	White Hair
\\/wiki\\/Letifos_(New_Earth)	Black Hair
\\/wiki\\/Carl_Packard_(New_Earth)	Brown Hair
\\/wiki\\/Franklin_Stern_(New_Earth)	Black Hair
\\/wiki\\/Naomi_Carter_(New_Earth)	Grey Hair
\\/wiki\\/Cairo_DeFrey_(New_Earth)	Black Hair
\\/wiki\\/Shilandra_Thane_(New_Earth)	Red Hair
\\/wiki\\/Arnold_Etchinson_(New_Earth)	Brown Hair
\\/wiki\\/Kordax_(New_Earth)	Blond Hair
\\/wiki\\/Henri_Ducard_(New_Earth)	Grey Hair
\\/wiki\\/Jacques_Reynard_(New_Earth)	Black Hair
\\/wiki\\/Thomas_Longstreet_(New_Earth)	White Hair
\\/wiki\\/Alec_Rois_(New_Earth)	Black Hair
\\/wiki\\/Euryale_(New_Earth)	Black Hair
\\/wiki\\/Michael_Shands_(New_Earth)	Black Hair
\\/wiki\\/Natalie_Gurdin_(New_Earth)	Brown Hair
\\/wiki\\/Antiope_(New_Earth)	Blond Hair
\\/wiki\\/Phillip_Kramer_(New_Earth)	Brown Hair
\\/wiki\\/Rebecca_Sharpe_(New_Earth)	Red Hair
\\/wiki\\/William_Heller_(New_Earth)	Blond Hair
\\/wiki\\/Jack_Soo_(New_Earth)	Black Hair
\\/wiki\\/Richard_Hertz_(New_Earth)	Black Hair
\\/wiki\\/Emily_Rice_(New_Earth)	Blond Hair
\\/wiki\\/Penny_Dreadful_(New_Earth)	Red Hair
\\/wiki\\/Rhea_(New_Earth)	Red Hair
\\/wiki\\/Rita_Beckman_(New_Earth)	Brown Hair
\\/wiki\\/Bernal_Rojas_(New_Earth)	Brown Hair
\\/wiki\\/Harold_Carew_(New_Earth)	Blond Hair
\\/wiki\\/Kari_Kalmaku_(New_Earth)	Black Hair
\\/wiki\\/Lady_Merria_(New_Earth)	Brown Hair
\\/wiki\\/Helmut_Streicher_(New_Earth)	Blond Hair
\\/wiki\\/Peter_Gambi_(New_Earth)	Brown Hair
\\/wiki\\/Spawn_of_Frankenstein_(Earth-One)	Brown Hair
\\/wiki\\/Cassandra_Craft_(New_Earth)	White Hair
\\/wiki\\/Neil_Richards_(New_Earth)	Red Hair
\\/wiki\\/King_Ra-Man_(New_Earth)	Black Hair
\\/wiki\\/Wendi_Harris_(New_Earth)	Black Hair
\\/wiki\\/Bromwell_Stikk_(New_Earth)	Black Hair
\\/wiki\\/Paul_Gambi_(New_Earth)	Brown Hair
\\/wiki\\/Loki_(New_Earth)	Brown Hair
\\/wiki\\/Percy_Sheldrake_(New_Earth)	Brown Hair
\\/wiki\\/Dala_(New_Earth)	Black Hair
\\/wiki\\/Lady_of_the_Lake_(New_Earth)	Blue Hair
\\/wiki\\/Clarence_Charles_Batson_V_(New_Earth)	Black Hair
\\/wiki\\/Chad_Graham_(New_Earth)	Blond Hair
\\/wiki\\/Tanga_(New_Earth)	Purple Hair
\\/wiki\\/Toby_Henston_(New_Earth)	Black Hair
\\/wiki\\/Nicholas_Cho_(New_Earth)	Black Hair
\\/wiki\\/Weaponer_(New_Earth)	Black Hair
\\/wiki\\/Alyce_Sinner_(New_Earth)	Black Hair
\\/wiki\\/Astrild_Storm-Daughter_(New_Earth)	Black Hair
\\/wiki\\/Axel_Baines_(New_Earth)	Brown Hair
\\/wiki\\/Jennifer_Warren_(New_Earth)	Black Hair
\\/wiki\\/Lieutenant_Carson_(New_Earth)	Black Hair
\\/wiki\\/Nathan_Prince_(New_Earth)	Brown Hair
\\/wiki\\/Daniel_Khalifa_(New_Earth)	Brown Hair
\\/wiki\\/Kamandi_(New_Earth)	Blond Hair
\\/wiki\\/Katarina_Armstrong_(New_Earth)	Blond Hair
\\/wiki\\/Simon_Dark_(New_Earth)	Brown Hair
\\/wiki\\/Enigma_(New_Earth)	Red Hair
\\/wiki\\/Immortal_Man_in_Darkness_(New_Earth)	Black Hair
\\/wiki\\/Silica_(New_Earth)	Pink Hair
\\/wiki\\/Young_Frankenstein_(New_Earth)	Black Hair
\\/wiki\\/Sebastian_Blood_IX_(New_Earth)	White Hair
\\/wiki\\/Travis_Clevenger_(New_Earth)	Blond Hair
\\/wiki\\/William_Matthews_(New_Earth)	Brown Hair
\\/wiki\\/Constantine_Drakon_(New_Earth)	Black Hair
\\/wiki\\/James_Corrigan_II_(New_Earth)	Red Hair
\\/wiki\\/Isis,_Goddess_of_Fertility_(New_Earth)	Brown Hair
\\/wiki\\/Gray_Lady_(New_Earth)	White Hair
\\/wiki\\/Imperiex-Prime_(New_Earth)	Black Hair
\\/wiki\\/Terrence_Berg_(New_Earth)	Blond Hair
\\/wiki\\/Chanda_Madan_(New_Earth)	Black Hair
\\/wiki\\/Vicious_(New_Earth)	White Hair
\\/wiki\\/Dennis_Samuel_Ellis_(New_Earth)	Blond Hair
\\/wiki\\/Nunzio_(New_Earth)	Black Hair
\\/wiki\\/Dana_Dearden_(New_Earth)	Brown Hair
\\/wiki\\/Fay_Moffit_(New_Earth)	Pink Hair
\\/wiki\\/Jayna_(New_Earth)	Black Hair
\\/wiki\\/Pamela_Sweigeld_(New_Earth)	Brown Hair
\\/wiki\\/Sledge_(New_Earth)	White Hair
\\/wiki\\/Zan_(New_Earth)	Black Hair
\\/wiki\\/Barbara_Gordon_(Zero_Hour)	Brown Hair
\\/wiki\\/Caz_Sallucci_(New_Earth)	Black Hair
\\/wiki\\/Liam_Hawkleigh_(New_Earth)	Brown Hair
\\/wiki\\/Megan_Darrow_(New_Earth)	Brown Hair
\\/wiki\\/William_Twotrees_(New_Earth)	Black Hair
\\/wiki\\/Gunther_Van_Horn_(New_Earth)	Brown Hair
\\/wiki\\/Anne-Marie_Brogan_(New_Earth)	Black Hair
\\/wiki\\/Iqula_(New_Earth)	Black Hair
\\/wiki\\/Jennifer_Jurden_(New_Earth)	Brown Hair
\\/wiki\\/Tabu_Singh_(New_Earth)	Black Hair
\\/wiki\\/Jeb_Friedman_(New_Earth)	Black Hair
\\/wiki\\/Thesily_(New_Earth)	Black Hair
\\/wiki\\/Flex_Mentallo_(New_Earth)	Brown Hair
\\/wiki\\/John_Butcher_(New_Earth)	Black Hair
\\/wiki\\/Artemio_Villareal_(New_Earth)	Black Hair
\\/wiki\\/Chuy_Salinas_(New_Earth)	Black Hair
\\/wiki\\/Despair_(New_Earth)	Black Hair
\\/wiki\\/Edward_Ferbel_(New_Earth)	Black Hair
\\/wiki\\/Jason_Praxis_(New_Earth)	Blond Hair
\\/wiki\\/Lester_Lee_(New_Earth)	Brown Hair
\\/wiki\\/Sturgis_Butterfield_(New_Earth)	Blond Hair
\\/wiki\\/Harold_Melrose_(New_Earth)	Black Hair
\\/wiki\\/Jason_(New_Earth)	Black Hair
\\/wiki\\/Christine_Fenton_(New_Earth)	Blond Hair
\\/wiki\\/Diana_Rockwell_(New_Earth)	Blond Hair
\\/wiki\\/Garrison_Slate_(New_Earth)	Black Hair
\\/wiki\\/Jonathan_Lord_(New_Earth)	Black Hair
\\/wiki\\/Sea_Wolf_(New_Earth)	Brown Hair
\\/wiki\\/Brenda_Valentine_(New_Earth)	Black Hair
\\/wiki\\/Denton_Fixx_(New_Earth)	Brown Hair
\\/wiki\\/Theresa_Zimmer_(New_Earth)	Black Hair
\\/wiki\\/Bolphunga_(New_Earth)	Black Hair
\\/wiki\\/Syonide_II_(New_Earth)	Red Hair
\\/wiki\\/Tao_Jones_(New_Earth)	Black Hair
\\/wiki\\/Jogarr_(New_Earth)	Black Hair
\\/wiki\\/Luther_Mannkin_(New_Earth)	Black Hair
\\/wiki\\/Mayflower_(New_Earth)	Brown Hair
\\/wiki\\/Scoopshovel_(New_Earth)	Black Hair
\\/wiki\\/Sparkler_(New_Earth)	Black Hair
\\/wiki\\/Hollika_Rahn_(New_Earth)	Black Hair
\\/wiki\\/Jivan_Shi_(New_Earth)	Black Hair
\\/wiki\\/Prince_Moonstone_(New_Earth)	Red Hair
\\/wiki\\/Terri_Kurtzberger_(New_Earth)	Red Hair
\\/wiki\\/Black-Cloud-In-Morning_(New_Earth)	Black Hair
\\/wiki\\/Loretta_York_(New_Earth)	Blond Hair
\\/wiki\\/Elliot_Taylor_(New_Earth)	Black Hair
\\/wiki\\/Clive_Yorkin_(New_Earth)	Brown Hair
\\/wiki\\/Anubis_(New_Earth)	Black Hair
\\/wiki\\/Harvey_Lockman_(New_Earth)	Brown Hair
\\/wiki\\/Ne-ahn_(New_Earth)	Black Hair
\\/wiki\\/Charles_Vicker_(New_Earth)	Brown Hair
\\/wiki\\/Silver_Shannon_(New_Earth)	White Hair
\\/wiki\\/Stanley_Dover,_Younger_(New_Earth)	Blond Hair
\\/wiki\\/Charles_Brown_(New_Earth)	Brown Hair
\\/wiki\\/Jess_Bright_(New_Earth)	Brown Hair
\\/wiki\\/Simon_Ecks_(New_Earth)	Grey Hair
\\/wiki\\/Mad_Hatter_II_(New_Earth)	Red Hair
\\/wiki\\/William_Great_Eagle_(New_Earth)	Brown Hair
\\/wiki\\/Christopher_Ambler_(New_Earth)	Red Hair
\\/wiki\\/Mercury_(Roman_God)_(New_Earth)	Blond Hair
\\/wiki\\/Delores_Winters_(New_Earth)	Brown Hair
\\/wiki\\/Darrell_Dane_(New_Earth)	Black Hair
\\/wiki\\/Jupiter_(New_Earth)	White Hair
\\/wiki\\/Pegasus_(New_Earth)	Black Hair
\\/wiki\\/Asteroth_(New_Earth)	Black Hair
\\/wiki\\/Eric_Lindahl_(New_Earth)	Blond Hair
\\/wiki\\/Blanca_(New_Earth)	Blond Hair
\\/wiki\\/Galahad_II_(New_Earth)	Brown Hair
\\/wiki\\/Nora_Thompson_(New_Earth)	Blond Hair
\\/wiki\\/Clock_King_II_(New_Earth)	Brown Hair
\\/wiki\\/Lynx_II_(New_Earth)	Black Hair
\\/wiki\\/Marius_Dimeter_(New_Earth)	Black Hair
\\/wiki\\/Peter_Farelli_(New_Earth)	Red Hair
\\/wiki\\/Razorburn_(New_Earth)	Blue Hair
\\/wiki\\/David_Sargent_(New_Earth)	Blond Hair
\\/wiki\\/Elizabeth_Granger_(New_Earth)	Brown Hair
\\/wiki\\/Jonar_Jon_Carter_(New_Earth)	White Hair
\\/wiki\\/Peyton_Riley_(New_Earth)	Blond Hair
\\/wiki\\/Thomas_Kirk_(New_Earth)	Brown Hair
\\/wiki\\/Bride_(New_Earth)	Black Hair
\\/wiki\\/Doctor_Impossible_(New_Earth)	Black Hair
\\/wiki\\/K._Russell_Abernathy_(New_Earth)	Green Hair
\\/wiki\\/Norman_Madison_(New_Earth)	Brown Hair
\\/wiki\\/Shen_Li_Po_(New_Earth)	Black Hair
\\/wiki\\/Silent_Majority_II_(New_Earth)	Black Hair
\\/wiki\\/Johnny_Cloud_II_(New_Earth)	Black Hair
\\/wiki\\/Miguel_Devante_(New_Earth)	Brown Hair
\\/wiki\\/Linda_Friitawa_(New_Earth)	White Hair
\\/wiki\\/Saffron_Bell_(New_Earth)	Blond Hair
\\/wiki\\/Odalys_Valdez_(New_Earth)	Black Hair
\\/wiki\\/Stheno_(New_Earth)	Black Hair
\\/wiki\\/Gemini_De_Mille_(New_Earth)	Black Hair
\\/wiki\\/Killer_Wasp_(New_Earth)	Black Hair
\\/wiki\\/Simon_Culp_(New_Earth)	White Hair
\\/wiki\\/Wesley_Thomas_(New_Earth)	Brown Hair
\\/wiki\\/Aliki_Marceau_(New_Earth)	Red Hair
\\/wiki\\/Margot_Marceau_(New_Earth)	Red Hair
\\/wiki\\/Sharon_Vance_(New_Earth)	Brown Hair
\\/wiki\\/Ace_Atchinson_(New_Earth)	Blond Hair
\\/wiki\\/Gorr_(New_Earth)	Brown Hair
\\/wiki\\/Growler_(New_Earth)	Black Hair
\\/wiki\\/Howler_(New_Earth)	Grey Hair
\\/wiki\\/Noble_(New_Earth)	Grey Hair
\\/wiki\\/Terry_Chase_(New_Earth)	Black Hair
\\/wiki\\/Ali_Ben_Khadir_(New_Earth)	Black Hair
\\/wiki\\/Alejandro_Sanchez_(New_Earth)	Black Hair
\\/wiki\\/Chain_Lightning_(New_Earth)	Blond Hair
\\/wiki\\/Gaius_Marcus_(New_Earth)	Blond Hair
\\/wiki\\/Giz_(New_Earth)	Brown Hair
\\/wiki\\/Camorouge_(New_Earth)	Red Hair
\\/wiki\\/Lilhy_(New_Earth)	Brown Hair
\\/wiki\\/Mongal_(New_Earth)	Brown Hair
\\/wiki\\/Mope-Stattor_Neer_(New_Earth)	Black Hair
\\/wiki\\/Savitar_(New_Earth)	Blue Hair
\\/wiki\\/Talbot_Cantrip_(New_Earth)	Blond Hair
\\/wiki\\/Hippolyta_Milton_(New_Earth)	Purple Hair
\\/wiki\\/Kako_(New_Earth)	Black Hair
\\/wiki\\/Massacre_(New_Earth)	Grey Hair
\\/wiki\\/Ashel_Sabian_Formanta_(New_Earth)	Black Hair
\\/wiki\\/Etienne_Du_Vipere_(New_Earth)	Black Hair
\\/wiki\\/Meanstreak_(New_Earth)	Blond Hair
\\/wiki\\/James_Flint_(New_Earth)	Black Hair
\\/wiki\\/Babe_Tanaka_(New_Earth)	Black Hair
\\/wiki\\/Daniel_Hall_(New_Earth)	White Hair
\\/wiki\\/Dawg_(New_Earth)	White Hair
\\/wiki\\/Destruction_(New_Earth)	Red Hair
\\/wiki\\/Hercules_(New_Earth)	Black Hair
\\/wiki\\/Artemis_(Female_Furies)_(New_Earth)	Black Hair
\\/wiki\\/Cleric_(New_Earth)	White Hair
\\/wiki\\/Corinthian_(New_Earth)	Black Hair
\\/wiki\\/Mighty_Bruce_(New_Earth)	Brown Hair
\\/wiki\\/Phyllis_Haller_(New_Earth)	Blond Hair
\\/wiki\\/Rodger_Bach_(New_Earth)	Brown Hair
\\/wiki\\/William_Lefferts_(New_Earth)	Blond Hair
\\/wiki\\/Cheryl_Constantine_(New_Earth)	Blond Hair
\\/wiki\\/Lucy_Spears_(New_Earth)	Blond Hair
\\/wiki\\/Thaddeus_Killgrave_(New_Earth)	Red Hair
\\/wiki\\/Timandra_(New_Earth)	Brown Hair
\\/wiki\\/Amanda_McCoy_(New_Earth)	Brown Hair
\\/wiki\\/Arnold_Beck_(New_Earth)	Red Hair
\\/wiki\\/Gray_Man_(New_Earth)	Grey Hair
\\/wiki\\/Gregor_Gregorovich_(New_Earth)	Brown Hair
\\/wiki\\/Klaus_Cornelius_(New_Earth)	Grey Hair
\\/wiki\\/Toby_Raynes_(New_Earth)	Brown Hair
\\/wiki\\/Guido_Garibaldi_(New_Earth)	Black Hair
\\/wiki\\/Jeremiah_Duncan_(New_Earth)	Black Hair
\\/wiki\\/K.P._Watson_(New_Earth)	Strawberry Blond Hair
\\/wiki\\/Arak_Wind-Walker_(New_Earth)	Black Hair
\\/wiki\\/Emma_(New_Earth)	Brown Hair
\\/wiki\\/Bruno_George_(New_Earth)	Blond Hair
\\/wiki\\/Mister_Smith_(New_Earth)	Black Hair
\\/wiki\\/Rosie_(New_Earth)	Red Hair
\\/wiki\\/Steamroller_(New_Earth)	Black Hair
\\/wiki\\/Synn_(New_Earth)	Black Hair
\\/wiki\\/Alonzo_Dulak_(New_Earth)	White Hair
\\/wiki\\/Deeter_(New_Earth)	Red Hair
\\/wiki\\/Frederick_DeLamb_(New_Earth)	Brown Hair
\\/wiki\\/Lady_Sapphire_(New_Earth)	Black Hair
\\/wiki\\/Laethwen_(New_Earth)	Red Hair
\\/wiki\\/Maaldor_(New_Earth)	Red Hair
\\/wiki\\/Mica_Love_(New_Earth)	Black Hair
\\/wiki\\/Jefferson_Jackson_(New_Earth)	Black Hair
\\/wiki\\/Jennifer_Long_(New_Earth)	Brown Hair
\\/wiki\\/Ronald_Evers_(New_Earth)	Black Hair
\\/wiki\\/Valoric_(New_Earth)	Blond Hair
\\/wiki\\/Four-Eyes_(New_Earth)	Brown Hair
\\/wiki\\/Beowulf_(New_Earth)	Blond Hair
\\/wiki\\/Timothy_Ravenwind_(New_Earth)	Red Hair
\\/wiki\\/Eve_Donner_(New_Earth)	Black Hair
\\/wiki\\/Luigi_(New_Earth)	Black Hair
\\/wiki\\/Tigra_(New_Earth)	Red Hair
\\/wiki\\/Alex_Olsen_(New_Earth)	Blond Hair
\\/wiki\\/Claudia_Shane_(New_Earth)	Red Hair
\\/wiki\\/Esak_(New_Earth)	Blond Hair
\\/wiki\\/Gnarrk_(New_Earth)	Black Hair
\\/wiki\\/Olivia_Reynolds_(New_Earth)	Red Hair
\\/wiki\\/Lart_(New_Earth)	Blond Hair
\\/wiki\\/Rae_Hall_(New_Earth)	Red Hair
\\/wiki\\/Bertram_Larvan_(New_Earth)	Black Hair
\\/wiki\\/Shaggy_Man_I_(New_Earth)	Brown Hair
\\/wiki\\/Steven_Savage_(New_Earth)	Blond Hair
\\/wiki\\/Iona_Vane_(New_Earth)	Red Hair
\\/wiki\\/Musketeer_(New_Earth)	Black Hair
\\/wiki\\/Walter_Trigger_(New_Earth)	Orange Hair
\\/wiki\\/Wayne_Trigger_(New_Earth)	Orange Hair
\\/wiki\\/Richard_Dare_(New_Earth)	Brown Hair
\\/wiki\\/Rose_Psychic_(New_Earth)	Black Hair
\\/wiki\\/Henry_Cosgei_(New_Earth)	Black Hair
\\/wiki\\/Bilal_Asselah_(New_Earth)	Black Hair
\\/wiki\\/Elizabeth_Fleischmann_(New_Earth)	Brown Hair
\\/wiki\\/Hila_(New_Earth)	Purple Hair
\\/wiki\\/Kenneth_Wisdom_(New_Earth)	Black Hair
\\/wiki\\/Paul_Lincoln_(New_Earth)	Grey Hair
\\/wiki\\/Dexter_Nichols_(New_Earth)	Brown Hair
\\/wiki\\/William_Cayce_(New_Earth)	Black Hair
\\/wiki\\/Angelica_Smith_(New_Earth)	Blond Hair
\\/wiki\\/Charis_(New_Earth)	Brown Hair
\\/wiki\\/Frankie_the_Monkey_(New_Earth)	Brown Hair
\\/wiki\\/Kraken_(New_Earth)	Black Hair
\\/wiki\\/Liana_Kerzner_(New_Earth)	Red Hair
\\/wiki\\/Martin_Suarez_(New_Earth)	Black Hair
\\/wiki\\/Visionary_(New_Earth)	Black Hair
\\/wiki\\/Yvonne_Pariel_(New_Earth)	Black Hair
\\/wiki\\/Rose_Levin_(New_Earth)	Brown Hair
\\/wiki\\/Edison_(New_Earth)	Black Hair
\\/wiki\\/I-Ching_(New_Earth)	Black Hair
\\/wiki\\/Jacob_Colby_(New_Earth)	Blond Hair
\\/wiki\\/Julie_Robinson_(New_Earth)	Black Hair
\\/wiki\\/Michael_Lasky_(New_Earth)	Blond Hair
\\/wiki\\/Power_Boy_(New_Earth)	Black Hair
\\/wiki\\/Sabina_De_La_Croix_(New_Earth)	White Hair
\\/wiki\\/Stanley_Silver_(New_Earth)	Blond Hair
\\/wiki\\/Kara_Zor-El_II_(New_Earth)	Blond Hair
\\/wiki\\/Sir_Galahad_(New_Earth)	Brown Hair
\\/wiki\\/Gregory_Jupiter_(New_Earth)	Grey Hair
\\/wiki\\/Jonathan_Warren_(New_Earth)	Blond Hair
\\/wiki\\/Mick_Wong_(New_Earth)	Black Hair
\\/wiki\\/Simon_Lippman_(New_Earth)	Brown Hair
\\/wiki\\/Ted_Shoemaker_(New_Earth)	Black Hair
\\/wiki\\/Daria_Hernandez_(New_Earth)	Brown Hair
\\/wiki\\/Hagen_(New_Earth)	Grey Hair
\\/wiki\\/Maxine_Michaels_(New_Earth)	Blond Hair
\\/wiki\\/Robert_Garibaldi_(New_Earth)	Blond Hair
\\/wiki\\/Bugg_(New_Earth)	Brown Hair
\\/wiki\\/Cylvia_Anita_Cyber_(New_Earth)	Black Hair
\\/wiki\\/Jayita_Sahir_(New_Earth)	Black Hair
\\/wiki\\/Amunet_Black_(New_Earth)	Blue Hair
\\/wiki\\/Sebastian_Ballesteros_(New_Earth)	Black Hair
\\/wiki\\/Stanley_Dover,_Elder_(New_Earth)	Grey Hair
\\/wiki\\/Aviva_Weinberg_(New_Earth)	Brown Hair
\\/wiki\\/Cameron_Begay_(New_Earth)	Brown Hair
\\/wiki\\/Damara_Sinclair_(New_Earth)	Blond Hair
\\/wiki\\/Joel_Weinberg_(New_Earth)	Brown Hair
\\/wiki\\/Killshot_(New_Earth)	Brown Hair
\\/wiki\\/Short_Cut_(New_Earth)	Black Hair
\\/wiki\\/Tyson_Gilford_(New_Earth)	Black Hair
\\/wiki\\/Lourdes_Lucero_(New_Earth)	Brown Hair
\\/wiki\\/Tiger_(New_Earth)	Black Hair
\\/wiki\\/Farris_Knight_(DC_One_Million)	Blond Hair
\\/wiki\\/Sheeva_(New_Earth)	Blue Hair
\\/wiki\\/Ashbury_Armstrong_(New_Earth)	Blond Hair
\\/wiki\\/Axis_(New_Earth)	White Hair
\\/wiki\\/Bridget_(New_Earth)	Blue Hair
\\/wiki\\/Carlos_(New_Earth)	Black Hair
\\/wiki\\/Delroy_Amberson_(New_Earth)	Black Hair
\\/wiki\\/Moe_(New_Earth)	Brown Hair
\\/wiki\\/Reggie_(New_Earth)	Black Hair
\\/wiki\\/Aaron_Langstrom_(New_Earth)	Brown Hair
\\/wiki\\/Kindred_Grim_(New_Earth)	Blond Hair
\\/wiki\\/Mawzir_(New_Earth)	Blond Hair
\\/wiki\\/Diedre_Vance_(New_Earth)	Blond Hair
\\/wiki\\/Joshua_Terrill_(New_Earth)	Brown Hair
\\/wiki\\/White_Lightning_(New_Earth)	White Hair
\\/wiki\\/Backlash_(New_Earth)	Brown Hair
\\/wiki\\/Dennis_Baintan_(New_Earth)	Black Hair
\\/wiki\\/Holly_Marsh_(New_Earth)	Brown Hair
\\/wiki\\/Julianna_Hut%C3%B6ff_(New_Earth)	Strawberry Blond Hair
\\/wiki\\/Roberta_Harper_(New_Earth)	Brown Hair
\\/wiki\\/Strom_(New_Earth)	Brown Hair
\\/wiki\\/Wade_LaFarge_(New_Earth)	Grey Hair
\\/wiki\\/Patrick_Noonan_(New_Earth)	Black Hair
\\/wiki\\/Simpson_Flanders_(New_Earth)	Black Hair
\\/wiki\\/Taia_(New_Earth)	Black Hair
\\/wiki\\/Henry_Terrill_(New_Earth)	Brown Hair
\\/wiki\\/Jean-Paul_Ludovic_Valley_(New_Earth)	Blond Hair
\\/wiki\\/Stone_(New_Earth)	Grey Hair
\\/wiki\\/Clotho_(New_Earth)	White Hair
\\/wiki\\/Daniel_Hunter_(New_Earth)	Red Hair
\\/wiki\\/Belle_Jackson_(New_Earth)	Black Hair
\\/wiki\\/Diana_Theotocopoulos_(New_Earth)	Red Hair
\\/wiki\\/Gillespie_(New_Earth)	Black Hair
\\/wiki\\/Henri_Claude_Tibet_(New_Earth)	Brown Hair
\\/wiki\\/James_Highwater_(New_Earth)	Black Hair
\\/wiki\\/Moshe_Levy_(New_Earth)	Black Hair
\\/wiki\\/Robert_Cantwell_(New_Earth)	Grey Hair
\\/wiki\\/Robert_Queen_(New_Earth)	Black Hair
\\/wiki\\/Rovo_Quashi_(New_Earth)	Black Hair
\\/wiki\\/Dennis_Blake_(New_Earth)	Blond Hair
\\/wiki\\/Eliot_Shaw_(New_Earth)	Brown Hair
\\/wiki\\/Frank_Donovan_(New_Earth)	Black Hair
\\/wiki\\/Horace_Westlake_(New_Earth)	White Hair
\\/wiki\\/James_Shaw_(New_Earth)	Brown Hair
\\/wiki\\/Lucius_Best_(New_Earth)	Brown Hair
\\/wiki\\/Mashenka_Medviedenko_(New_Earth)	Brown Hair
\\/wiki\\/Olivia_Hardy_(New_Earth)	Red Hair
\\/wiki\\/Samantha_Morgan_(New_Earth)	Blond Hair
\\/wiki\\/Stanley_Hale_(New_Earth)	Grey Hair
\\/wiki\\/Steven_Majorski_(New_Earth)	Blond Hair
\\/wiki\\/Wintley_Roth_(New_Earth)	Black Hair
\\/wiki\\/Amazing_Grace_(New_Earth)	Red Hair
\\/wiki\\/Decay_(New_Earth)	Red Hair
\\/wiki\\/Usil_(New_Earth)	Black Hair
\\/wiki\\/Earl_Dukeston_(New_Earth)	Red Hair
\\/wiki\\/Baby_Boom_(New_Earth)	Blond Hair
\\/wiki\\/Franklin_North_(New_Earth)	Brown Hair
\\/wiki\\/Shatterfist_I_(New_Earth)	Black Hair
\\/wiki\\/Vanessa_Kingsbury_(New_Earth)	Pink Hair
\\/wiki\\/Theodore_Gaynor_(New_Earth)	Blond Hair
\\/wiki\\/William_Walsh_(New_Earth)	Brown Hair
\\/wiki\\/Clarissa_Clemens_(New_Earth)	Black Hair
\\/wiki\\/Rhoark_(New_Earth)	Brown Hair
\\/wiki\\/Theresa_Gomez_(New_Earth)	Black Hair
\\/wiki\\/Joseph_Rigger_(New_Earth)	Black Hair
\\/wiki\\/Tiffany_Fox_(New_Earth)	Black Hair
\\/wiki\\/Andrew_Vinson_(Earth-Two)	Black Hair
\\/wiki\\/Sumo_(New_Earth)	Black Hair
\\/wiki\\/Frank_Tanner_(New_Earth)	Black Hair
\\/wiki\\/Robert_Coleman_(New_Earth)	Black Hair
\\/wiki\\/Asano_Nitobe_(New_Earth)	Black Hair
\\/wiki\\/Theophilus_Warly_(New_Earth)	White Hair
\\/wiki\\/Moon_Fawn_(New_Earth)	Black Hair
\\/wiki\\/Ramia_(New_Earth)	Black Hair
\\/wiki\\/Tiger_Moth_(New_Earth)	Blond Hair
\\/wiki\\/Black_Wolf_(New_Earth)	Black Hair
\\/wiki\\/Jonathan_Dubrovny_(New_Earth)	White Hair
\\/wiki\\/Myrwhydden_(New_Earth)	White Hair
\\/wiki\\/Flying_Stag_(New_Earth)	Black Hair
\\/wiki\\/Jordan_Weir_(New_Earth)	Grey Hair
\\/wiki\\/Hugh_Evans_(New_Earth)	Red Hair
\\/wiki\\/Turtle_Man_(New_Earth)	Black Hair
\\/wiki\\/Charles_Great_Eagle_(New_Earth)	Brown Hair
\\/wiki\\/James_Butler_Hickok_(New_Earth)	Brown Hair
\\/wiki\\/Leonardo_da_Vinci_(New_Earth)	White Hair
\\/wiki\\/Queen_Clea_(New_Earth)	Blond Hair
\\/wiki\\/Joseph_Morgan_(New_Earth)	Black Hair
\\/wiki\\/Marilyn_Batson_(New_Earth)	Brown Hair
\\/wiki\\/Michael_Tree_(New_Earth)	Black Hair
\\/wiki\\/Arin_Sur_(New_Earth)	Black Hair
\\/wiki\\/Genocide_(New_Earth)	Red Hair
\\/wiki\\/Sasha_(New_Earth)	Brown Hair
\\/wiki\\/Colin_Wilkes_(New_Earth)	Red Hair
\\/wiki\\/Hops_Jones_(New_Earth)	Black Hair
\\/wiki\\/Jeremy_Jape_(New_Earth)	Blond Hair
\\/wiki\\/Johnny_Riley_(New_Earth)	Brown Hair
\\/wiki\\/Marla_Elliot_(New_Earth)	Red Hair
\\/wiki\\/Myrto_(New_Earth)	Blond Hair
\\/wiki\\/Philomela_(New_Earth)	Black Hair
\\/wiki\\/Tristessa_Delicias_(New_Earth)	Black Hair
\\/wiki\\/Rachel_Dodds_(New_Earth)	Brown Hair
\\/wiki\\/Anthony_Marchetti_(New_Earth)	Black Hair
\\/wiki\\/Damper_(New_Earth)	Brown Hair
\\/wiki\\/Michael_Costner_(New_Earth)	Brown Hair
\\/wiki\\/Nicki_Jones_(New_Earth)	Brown Hair
\\/wiki\\/Esther_Maris_(New_Earth)	Blond Hair
\\/wiki\\/Ilsa_von_Hammer_(New_Earth)	Blond Hair
\\/wiki\\/Jonathan_Stone_(New_Earth)	White Hair
\\/wiki\\/Preus_(New_Earth)	Blond Hair
\\/wiki\\/Martin_Garibaldi_(New_Earth)	Brown Hair
\\/wiki\\/Ronald_Probson_(New_Earth)	Brown Hair
\\/wiki\\/Sweeney_(New_Earth)	Black Hair
\\/wiki\\/Celia_Kazantkakis_(New_Earth)	Grey Hair
\\/wiki\\/Mister_Fun_(New_Earth)	Brown Hair
\\/wiki\\/Officer_Isabella_(New_Earth)	Black Hair
\\/wiki\\/Oliver_Evans_(New_Earth)	Black Hair
\\/wiki\\/Xavier_Dylan_(New_Earth)	Blond Hair
\\/wiki\\/Bud_and_Lou_the_Hyenas_(New_Earth)	Brown Hair
\\/wiki\\/Dakota_Jamison_(New_Earth)	Black Hair
\\/wiki\\/Thayer_Jost_(New_Earth)	Black Hair
\\/wiki\\/Andrea_Rojas_(New_Earth)	Red Hair
\\/wiki\\/Selma_Tolon_(New_Earth)	Black Hair
\\/wiki\\/Bethany_Lee_(New_Earth)	Black Hair
\\/wiki\\/Edwin_Gauss_(New_Earth)	Black Hair
\\/wiki\\/Lucas_Ludlow-Dalt_(New_Earth)	Brown Hair
\\/wiki\\/Maura_Rayner_(New_Earth)	Blond Hair
\\/wiki\\/Bouncer_(New_Earth)	Black Hair
\\/wiki\\/Julia_Frostick_(New_Earth)	Black Hair
\\/wiki\\/Callie_Evans_(New_Earth)	Brown Hair
\\/wiki\\/Kai_(New_Earth)	Black Hair
\\/wiki\\/Muscles_McGinnis_(New_Earth)	Brown Hair
\\/wiki\\/Nina_Damfino_(New_Earth)	Black Hair
\\/wiki\\/Sarah_Primm_(New_Earth)	Grey Hair
\\/wiki\\/Tiamat_(New_Earth)	Blond Hair
\\/wiki\\/Catholic_Girl_(Dakotaverse)	Blond Hair
\\/wiki\\/Dervish_(New_Earth)	Brown Hair
\\/wiki\\/Iron_Cross_(New_Earth)	Brown Hair
\\/wiki\\/Nadine_Terrill_(New_Earth)	Brown Hair
\\/wiki\\/Ramsey_Murdoch_(New_Earth)	Red Hair
\\/wiki\\/Alia_(New_Earth)	Red Hair
\\/wiki\\/Deacon_Dickson_(New_Earth)	Brown Hair
\\/wiki\\/Carleton_LeHah_(New_Earth)	White Hair
\\/wiki\\/Cassandra_Arnold_(New_Earth)	Blond Hair
\\/wiki\\/Daniel_Geller_(New_Earth)	Brown Hair
\\/wiki\\/Lillian_Worth_(New_Earth)	Black Hair
\\/wiki\\/Arizona_(New_Earth)	Blond Hair
\\/wiki\\/Chantinelle_(New_Earth)	Brown Hair
\\/wiki\\/Mister_Z_(New_Earth)	Black Hair
\\/wiki\\/Thessaly_(New_Earth)	Brown Hair
\\/wiki\\/Claire_Montgomery_(New_Earth)	Red Hair
\\/wiki\\/Joseph_Mason_(New_Earth)	Black Hair
\\/wiki\\/Obeah_Man_(New_Earth)	Black Hair
\\/wiki\\/Victor_Cypher_(New_Earth)	Black Hair
\\/wiki\\/Willoughby_Kipling_(New_Earth)	Black Hair
\\/wiki\\/Amos_Monroe_(New_Earth)	White Hair
\\/wiki\\/Athyns_(New_Earth)	Blue Hair
\\/wiki\\/Dexter_Fairfax_(New_Earth)	White Hair
\\/wiki\\/Lin_Koo_Teng_(New_Earth)	Black Hair
\\/wiki\\/Maire_Granger_(New_Earth)	Grey Hair
\\/wiki\\/Penthesilea_(New_Earth)	Brown Hair
\\/wiki\\/Rose_Walker_(New_Earth)	Red Hair
\\/wiki\\/David_Winters_(New_Earth)	Brown Hair
\\/wiki\\/Eleanor_Shaw_(New_Earth)	Blond Hair
\\/wiki\\/Grace_Kasaba_(New_Earth)	Brown Hair
\\/wiki\\/Igor_Medviedenko_(New_Earth)	Blond Hair
\\/wiki\\/Ilya_Trepliov_(New_Earth)	Brown Hair
\\/wiki\\/Kazuo_Hasegawa_(New_Earth)	Black Hair
\\/wiki\\/Roger_Simmons_(New_Earth)	Black Hair
\\/wiki\\/Steve_Claiborne_(New_Earth)	Brown Hair
\\/wiki\\/Boleslaw_Uminski_(New_Earth)	Blond Hair
\\/wiki\\/Gillian_B._Loeb_(New_Earth)	Black Hair
\\/wiki\\/Raza_Kattuah_(New_Earth)	Black Hair
\\/wiki\\/Roger_Huntoon_(New_Earth)	Brown Hair
\\/wiki\\/Edward_Bentama_(New_Earth)	Black Hair
\\/wiki\\/Taro_Raiden_(New_Earth)	Black Hair
\\/wiki\\/Gary_Sellers_(New_Earth)	Brown Hair
\\/wiki\\/Kritter_(New_Earth)	Brown Hair
\\/wiki\\/Prince_Garnet_(New_Earth)	Black Hair
\\/wiki\\/Harry_S._Truman_(New_Earth)	White Hair
\\/wiki\\/Nathaniel_Dusk_(New_Earth)	Brown Hair
\\/wiki\\/Gretti_(New_Earth)	Violet Hair
\\/wiki\\/Lady_Amethyst_(New_Earth)	Blond Hair
\\/wiki\\/Lord_Aquamarine_(New_Earth)	Black Hair
\\/wiki\\/Chaim_Lavon_(New_Earth)	Black Hair
\\/wiki\\/Gayle_Marsh_(New_Earth)	Black Hair
\\/wiki\\/Pan_(New_Earth)	Brown Hair
\\/wiki\\/Ulla_Paske_(New_Earth)	Blond Hair
\\/wiki\\/Matthew_Shrieve_(New_Earth)	Red Hair
\\/wiki\\/Sindella_Zatara_(New_Earth)	Blond Hair
\\/wiki\\/Arthur_Pemberton_(New_Earth)	Grey Hair
\\/wiki\\/James_Carter_(New_Earth)	Brown Hair
\\/wiki\\/Jeffrey_Sloane_(New_Earth)	Brown Hair
\\/wiki\\/Victor_Lanza_(New_Earth)	White Hair
\\/wiki\\/Sharon_Tracy_(New_Earth)	Blond Hair
\\/wiki\\/Eve_Doremus_(Earth-One)	Red Hair
\\/wiki\\/Farley_Fleeter_(New_Earth)	Brown Hair
\\/wiki\\/Marie_Logan_(New_Earth)	Brown Hair
\\/wiki\\/Mark_Logan_(New_Earth)	Blond Hair
\\/wiki\\/Rigoro_Mortis_(New_Earth)	Grey Hair
\\/wiki\\/Beast_With_No_Name_(New_Earth)	Red Hair
\\/wiki\\/Thomas_Dillon_(New_Earth)	Blond Hair
\\/wiki\\/Daphne_Dean_(New_Earth)	Red Hair
\\/wiki\\/Alphonso_Giovanni_(New_Earth)	Black Hair
\\/wiki\\/Oswald_Bane_(New_Earth)	Black Hair
\\/wiki\\/Darwin_Jones_(New_Earth)	Brown Hair
\\/wiki\\/William_Gunn_(New_Earth)	White Hair
\\/wiki\\/C.C._Haly_(New_Earth)	White Hair
\\/wiki\\/Crusader_(New_Earth)	Brown Hair
\\/wiki\\/Margaret_Mahoney_(New_Earth)	Red Hair
\\/wiki\\/Rani_(New_Earth)	Brown Hair
\\/wiki\\/Deborah_Marlow_(New_Earth)	Black Hair
\\/wiki\\/Felicidad_Gomez_(New_Earth)	Black Hair
\\/wiki\\/Geoffrey_de_Cantonna_(New_Earth)	Brown Hair
\\/wiki\\/Jordanna_Spence_(New_Earth)	Black Hair
\\/wiki\\/Anica_Balcescu_(New_Earth)	Brown Hair
\\/wiki\\/Dodger_(New_Earth)	Brown Hair
\\/wiki\\/Duel_Eknham_(New_Earth)	Black Hair
\\/wiki\\/Kho_Kharhi_(New_Earth)	Black Hair
\\/wiki\\/Maduvu_(New_Earth)	Brown Hair
\\/wiki\\/Maria_Amardosa_(New_Earth)	Black Hair
\\/wiki\\/Trang_Jones_(New_Earth)	Black Hair
\\/wiki\\/Bizarro_Lois_Lane_(New_Earth)	Black Hair
\\/wiki\\/Lionel_Luthor_(New_Earth)	Brown Hair
\\/wiki\\/Steven_Hazard_(New_Earth)	Blond Hair
\\/wiki\\/Amanda_Turner_(New_Earth)	Red Hair
\\/wiki\\/Blue_Moon_(New_Earth)	Blond Hair
\\/wiki\\/Bunny_(New_Earth)	Black Hair
\\/wiki\\/Dean_Mayland_(New_Earth)	Black Hair
\\/wiki\\/Helmond_Kettering_(New_Earth)	Brown Hair
\\/wiki\\/Henri_Doucette_(New_Earth)	Brown Hair
\\/wiki\\/Martin_Campbell_(New_Earth)	Grey Hair
\\/wiki\\/Niang_Guan_Jun_(New_Earth)	Black Hair
\\/wiki\\/Rio_Ferdinand_(New_Earth)	Black Hair
\\/wiki\\/Sierra_(New_Earth)	Red Hair
\\/wiki\\/Strega_II_(New_Earth)	Red Hair
\\/wiki\\/Toyboy_(New_Earth)	Blond Hair
\\/wiki\\/Vanguard_(New_Earth)	White Hair
\\/wiki\\/Walter_Pratt_(New_Earth)	White Hair
\\/wiki\\/Alexandra_Kosov_(New_Earth)	Blond Hair
\\/wiki\\/Henry_Aquista_(New_Earth)	Black Hair
\\/wiki\\/John_Mercado_(New_Earth)	Brown Hair
\\/wiki\\/Kitty_Kumbata_(New_Earth)	Black Hair
\\/wiki\\/McCaffrey_(New_Earth)	White Hair
\\/wiki\\/Daniel_Tran_(New_Earth)	Black Hair
\\/wiki\\/Doctor_Excess_(New_Earth)	White Hair
\\/wiki\\/Hiro_Okamura_(New_Earth)	Black Hair
\\/wiki\\/Rama_Khan_(New_Earth)	Black Hair
\\/wiki\\/Anaya_(New_Earth)	Brown Hair
\\/wiki\\/Wesley_Sloan_(New_Earth)	Blond Hair
\\/wiki\\/Daniel_Temple_(New_Earth)	Black Hair
\\/wiki\\/Helen_Angelico_(New_Earth)	Brown Hair
\\/wiki\\/Pasquale_Galante,_Jr._(New_Earth)	Silver Hair
\\/wiki\\/Tsaritsa_(New_Earth)	Black Hair
\\/wiki\\/DeShaun_Kendall_(New_Earth)	Black Hair
\\/wiki\\/Joshua_Hamman_(New_Earth)	Brown Hair
\\/wiki\\/Rama_Chandra_(New_Earth)	Black Hair
\\/wiki\\/Siren_(New_Earth)	Blond Hair
\\/wiki\\/Hex_(New_Earth)	Red Hair
\\/wiki\\/Matthew_Stuart_(New_Earth)	Blond Hair
\\/wiki\\/Tuftan_(New_Earth)	Orange Hair
\\/wiki\\/Bueno_Excellente_(New_Earth)	Brown Hair
\\/wiki\\/Carom_(New_Earth)	Red Hair
\\/wiki\\/Jebediah_Kent_(New_Earth)	Blond Hair
\\/wiki\\/Sasha_Martens_(New_Earth)	Brown Hair
\\/wiki\\/Misa_(New_Earth)	Blond Hair
\\/wiki\\/Pyra_(New_Earth)	Black Hair
\\/wiki\\/A.J._(New_Earth)	Blond Hair
\\/wiki\\/Savitar_Bandu_(New_Earth)	Black Hair
\\/wiki\\/Silver_Monkey_(New_Earth)	Brown Hair
\\/wiki\\/Triton_(New_Earth)	White Hair
\\/wiki\\/Bizarro_II_(New_Earth)	Black Hair
\\/wiki\\/Buck_Wargo_(New_Earth)	Brown Hair
\\/wiki\\/Chidi_(New_Earth)	Black Hair
\\/wiki\\/Heatmonger_(New_Earth)	Blond Hair
\\/wiki\\/Lacey_Van_Horn_(New_Earth)	Red Hair
\\/wiki\\/Mandra_Darrow_(New_Earth)	Blond Hair
\\/wiki\\/Moxie_Mannheim_(New_Earth)	Brown Hair
\\/wiki\\/Seneca_(New_Earth)	Black Hair
\\/wiki\\/Carter_Channel_(New_Earth)	Red Hair
\\/wiki\\/Death_Angel_(New_Earth)	Purple Hair
\\/wiki\\/Hoppy_Greene_(New_Earth)	Black Hair
\\/wiki\\/Joe_Public_(New_Earth)	Blond Hair
\\/wiki\\/Reginald_Hackman_(New_Earth)	Black Hair
\\/wiki\\/Tally_Man_I_(New_Earth)	White Hair
\\/wiki\\/William_Kavanagh_(New_Earth)	White Hair
\\/wiki\\/Antoine_(New_Earth)	Black Hair
\\/wiki\\/Derek_Bradbourne_(New_Earth)	Brown Hair
\\/wiki\\/Nomoz_(New_Earth)	Red Hair
\\/wiki\\/Thrust_(New_Earth)	Blond Hair
\\/wiki\\/Charles_Rowland_(Vertigo_Universe)	Black Hair
\\/wiki\\/Ice_Man_(New_Earth)	Black Hair
\\/wiki\\/Jasper_Evans_(New_Earth)	Brown Hair
\\/wiki\\/Myra_Allen_(New_Earth)	Brown Hair
\\/wiki\\/Myrrha_(New_Earth)	Brown Hair
\\/wiki\\/Richard_Mission_(New_Earth)	Brown Hair
\\/wiki\\/Hacohen_(New_Earth)	Black Hair
\\/wiki\\/Shango_(New_Earth)	Black Hair
\\/wiki\\/Tomy-Fai_(New_Earth)	Red Hair
\\/wiki\\/Vernon_Wells_(New_Earth)	Blond Hair
\\/wiki\\/Austin_Bowie_(New_Earth)	Red Hair
\\/wiki\\/Barbie_(New_Earth)	Blond Hair
\\/wiki\\/Carlotta_Rivera_(New_Earth)	Brown Hair
\\/wiki\\/Gary_DeVries_(New_Earth)	Black Hair
\\/wiki\\/Gregori_Eilovitch_Rasputin_(New_Earth)	Black Hair
\\/wiki\\/Henry_Hayes_(New_Earth)	Blond Hair
\\/wiki\\/Jack_Kovacs_(New_Earth)	Blond Hair
\\/wiki\\/Michael_Morice_(New_Earth)	White Hair
\\/wiki\\/Sparta_(New_Earth)	Orange Hair
\\/wiki\\/Vladimir_Morakov_(New_Earth)	Brown Hair
\\/wiki\\/Agni_(New_Earth)	Black Hair
\\/wiki\\/Daniel_Crown_(New_Earth)	Blond Hair
\\/wiki\\/George_Flannery_(New_Earth)	Brown Hair
\\/wiki\\/Myron_Mazursky_(New_Earth)	White Hair
\\/wiki\\/Richard_Simpson_(New_Earth)	Brown Hair
\\/wiki\\/Robert_Ablamsky_(New_Earth)	Brown Hair
\\/wiki\\/Sally_Stone_(New_Earth)	Black Hair
\\/wiki\\/Sheila_Haywood_(New_Earth)	Blond Hair
\\/wiki\\/Skirl_(New_Earth)	Brown Hair
\\/wiki\\/Sylvia_Kandrey_(New_Earth)	Red Hair
\\/wiki\\/Beautia_Sivana_(New_Earth)	Blond Hair
\\/wiki\\/Connie_Noleski_(New_Earth)	Blond Hair
\\/wiki\\/Marnie_Herrs_(New_Earth)	Blond Hair
\\/wiki\\/Emmett_Vale_(New_Earth)	Grey Hair
\\/wiki\\/Mary_Frances_Cassidy_(New_Earth)	Brown Hair
\\/wiki\\/John_Monroe_(New_Earth)	Brown Hair
\\/wiki\\/Joseph_Richani_(New_Earth)	Brown Hair
\\/wiki\\/Armando_Ramone_(New_Earth)	Black Hair
\\/wiki\\/Claudius_Tull_(New_Earth)	White Hair
\\/wiki\\/Henry_Cannon_(New_Earth)	Black Hair
\\/wiki\\/Marschall_Saber_(New_Earth)	Red Hair
\\/wiki\\/Maseo_Yamashiro_(New_Earth)	Black Hair
\\/wiki\\/Droxelle_(New_Earth)	White Hair
\\/wiki\\/Herbert_Hynde_(New_Earth)	Grey Hair
\\/wiki\\/Lani_Gilbert_(New_Earth)	Red Hair
\\/wiki\\/Emmylou_Hartley_(Earth-One)	Blond Hair
\\/wiki\\/Peter_Pauling_(New_Earth)	Brown Hair
\\/wiki\\/Long_Round_(New_Earth)	Brown Hair
\\/wiki\\/Ashiya_(New_Earth)	Black Hair
\\/wiki\\/Clay_Stoner_(New_Earth)	Black Hair
\\/wiki\\/Wallace_Hapgood_(New_Earth)	Brown Hair
\\/wiki\\/Jezebelle_of_New_Genesis_(New_Earth)	Red Hair
\\/wiki\\/Horgan_(New_Earth)	Grey Hair
\\/wiki\\/Yango_(New_Earth)	Brown Hair
\\/wiki\\/Lucian_Crawley_(New_Earth)	Brown Hair
\\/wiki\\/Taj-Ze_(New_Earth)	Black Hair
\\/wiki\\/Timothy_Trench_(New_Earth)	Brown Hair
\\/wiki\\/Emba_(New_Earth)	Brown Hair
\\/wiki\\/Embra_(New_Earth)	Blond Hair
\\/wiki\\/Lita_Brand_(New_Earth)	Black Hair
\\/wiki\\/Narkran_(New_Earth)	Black Hair
\\/wiki\\/Remington_Cord_(New_Earth)	Brown Hair
\\/wiki\\/Doctor_Cyclops_(New_Earth)	Grey Hair
\\/wiki\\/Bug_Baron_(New_Earth)	Black Hair
\\/wiki\\/Mister_Esper_(Earth-One)	Brown Hair
\\/wiki\\/Phillip_Hunter_(New_Earth)	Red Hair
\\/wiki\\/Johnny_Blake_(New_Earth)	Blond Hair
\\/wiki\\/Dexter_Myles_(New_Earth)	Grey Hair
\\/wiki\\/Abner_Krill_(New_Earth)	Black Hair
\\/wiki\\/John_Kennedy_(New_Earth)	Brown Hair
\\/wiki\\/Daniel_Dennis_(New_Earth)	Brown Hair
\\/wiki\\/Zobar_Zodiak_(New_Earth)	Black Hair
\\/wiki\\/Gabby_the_Monkey_(New_Earth)	Brown Hair
\\/wiki\\/Ramon_Solomano_(New_Earth)	White Hair
\\/wiki\\/Slugger_Dunn_(New_Earth)	Black Hair
\\/wiki\\/Oom_(New_Earth)	Grey Hair
\\/wiki\\/Kuan_Ti_(New_Earth)	Black Hair
\\/wiki\\/Kimberly_Rebecki_(Prime_Earth)	Brown Hair
\\/wiki\\/Anann_(New_Earth)	Red Hair
\\/wiki\\/Otto_Netz_(New_Earth)	Black Hair
\\/wiki\\/Samantha_Collins_(New_Earth)	Red Hair
\\/wiki\\/Bernard_Venton_(New_Earth)	Brown Hair
\\/wiki\\/Diana_Lincoln_(New_Earth)	Strawberry Blond Hair
\\/wiki\\/Judson_Pierce_(New_Earth)	Grey Hair
\\/wiki\\/Kim_Brand_(New_Earth)	Brown Hair
\\/wiki\\/Lisa_Jennings_(New_Earth)	Brown Hair
\\/wiki\\/Porcelain_Doll_(New_Earth)	Black Hair
\\/wiki\\/Scythe_(New_Earth)	Red Hair
\\/wiki\\/Sebastian_Hady_(New_Earth)	Brown Hair
\\/wiki\\/Amanda_Beckett_(New_Earth)	Black Hair
\\/wiki\\/Asha_Del-Nar_(New_Earth)	Blond Hair
\\/wiki\\/Francisco_Gracia_(New_Earth)	Black Hair
\\/wiki\\/Mirabai_(New_Earth)	Brown Hair
\\/wiki\\/Poprocket_(New_Earth)	Pink Hair
\\/wiki\\/Whip_(New_Earth)	Brown Hair
\\/wiki\\/Deborah_Poulos_(New_Earth)	Blond Hair
\\/wiki\\/Diro_Yat_(New_Earth)	Black Hair
\\/wiki\\/Guy_Dax_(New_Earth)	Brown Hair
\\/wiki\\/Jenna_Duffy_(New_Earth)	Brown Hair
\\/wiki\\/John_Denetto_(New_Earth)	Black Hair
\\/wiki\\/Katherine_Webb_(New_Earth)	Black Hair
\\/wiki\\/Marguerita_Covas_(New_Earth)	Brown Hair
\\/wiki\\/Marion_Lane_(New_Earth)	Black Hair
\\/wiki\\/Deborah_Morgna_(New_Earth)	Red Hair
\\/wiki\\/Feena_Sik_(New_Earth)	Blue Hair
\\/wiki\\/Lazlo_Valentin_(New_Earth)	Brown Hair
\\/wiki\\/Phillip_Lorens_(New_Earth)	Blond Hair
\\/wiki\\/Vode-M_(New_Earth)	Brown Hair
\\/wiki\\/Buddy_Pierce_(New_Earth)	White Hair
\\/wiki\\/Cheyenne_Freemont_(New_Earth)	Red Hair
\\/wiki\\/Diego_Zhao_(New_Earth)	Brown Hair
\\/wiki\\/Gonzo_the_Mechanical_Bastard_(New_Earth)	Black Hair
\\/wiki\\/Kala_Avasti_(New_Earth)	Black Hair
\\/wiki\\/Khimaera_(New_Earth)	Black Hair
\\/wiki\\/Ryan_Diaz_(New_Earth)	Brown Hair
\\/wiki\\/Thomas_Dinawa_(New_Earth)	Black Hair
\\/wiki\\/Batzarro_(New_Earth)	Black Hair
\\/wiki\\/Crazy_Quilt_II_(New_Earth)	Blond Hair
\\/wiki\\/Shane_Sellers_(New_Earth)	Brown Hair
\\/wiki\\/Venizz_(New_Earth)	Pink Hair
\\/wiki\\/Yasemin_Soze_(New_Earth)	Black Hair
\\/wiki\\/Zoe_Torres_(New_Earth)	Brown Hair
\\/wiki\\/Carrisa_(New_Earth)	Brown Hair
\\/wiki\\/Crucifer_(New_Earth)	Black Hair
\\/wiki\\/Malcolm_Allen_(New_Earth)	Black Hair
\\/wiki\\/Scott_Laughlin_(New_Earth)	Black Hair
\\/wiki\\/Wam_Wam_(New_Earth)	Blond Hair
\\/wiki\\/Cinnamon_II_(New_Earth)	Red Hair
\\/wiki\\/Joanna_Tanner_(New_Earth)	Black Hair
\\/wiki\\/Nora_Fields_(New_Earth)	Brown Hair
\\/wiki\\/Gamemnae_(New_Earth)	Blond Hair
\\/wiki\\/Lashawn_Baez_(New_Earth)	Black Hair
\\/wiki\\/Porter_Vito_(New_Earth)	White Hair
\\/wiki\\/Simon_Burton_(New_Earth)	Brown Hair
\\/wiki\\/Manuel_Esperanza_(New_Earth)	Black Hair
\\/wiki\\/Arnicus_Wolfram_(New_Earth)	Brown Hair
\\/wiki\\/Breathtaker_II_(New_Earth)	Red Hair
\\/wiki\\/March_(New_Earth)	Blond Hair
\\/wiki\\/Samuel_Kurtis_(New_Earth)	Brown Hair
\\/wiki\\/Disdain_(New_Earth)	Grey Hair
\\/wiki\\/Red_Panzer_III_(New_Earth)	Black Hair
\\/wiki\\/Starro_the_Cat_(New_Earth)	White Hair
\\/wiki\\/Vext_(New_Earth)	Brown Hair
\\/wiki\\/Doctor_Canus_(New_Earth)	White Hair
\\/wiki\\/Kyle_Knight_(New_Earth)	Black Hair
\\/wiki\\/Lea_Corben_(New_Earth)	Brown Hair
\\/wiki\\/Peter_Rice_(New_Earth)	Brown Hair
\\/wiki\\/Sandra_Barrett_(New_Earth)	Black Hair
\\/wiki\\/Friendly_Fire_(New_Earth)	Brown Hair
\\/wiki\\/Kathryn_McAllister_(New_Earth)	Red Hair
\\/wiki\\/Martin_Lewis_(New_Earth)	Black Hair
\\/wiki\\/Monsoon_(New_Earth)	Black Hair
\\/wiki\\/Tomorrow_Woman_(New_Earth)	Black Hair
\\/wiki\\/Wiley_Wolverman_(New_Earth)	Blond Hair
\\/wiki\\/Anthony_Monetti_(New_Earth)	Black Hair
\\/wiki\\/DJ_(New_Earth)	Red Hair
\\/wiki\\/Kevin_Soong_(New_Earth)	Black Hair
\\/wiki\\/Slyfox_(New_Earth)	Red Hair
\\/wiki\\/Incarnate_(New_Earth)	White Hair
\\/wiki\\/Mother_Herrae_(New_Earth)	Brown Hair
\\/wiki\\/Phillip_Parsons_(New_Earth)	Black Hair
\\/wiki\\/Seong_Barclay_(New_Earth)	Black Hair
\\/wiki\\/Blind_Faith_(New_Earth)	Blond Hair
\\/wiki\\/Christian_Castle_(New_Earth)	Blond Hair
\\/wiki\\/Gillian_Wahrman_(New_Earth)	Brown Hair
\\/wiki\\/Golden_Eagle_II_(New_Earth)	Blond Hair
\\/wiki\\/Hector_Rivera_(New_Earth)	Brown Hair
\\/wiki\\/Kristin_Castle_(New_Earth)	Blond Hair
\\/wiki\\/Lyle_Beedler_(New_Earth)	Blond Hair
\\/wiki\\/Mala_(New_Earth)	Blond Hair
\\/wiki\\/Musashi_(New_Earth)	Black Hair
\\/wiki\\/Paul_Longo_(New_Earth)	Black Hair
\\/wiki\\/Sandra_Hawke_(New_Earth)	Brown Hair
\\/wiki\\/Chief_Horgath_(New_Earth)	Black Hair
\\/wiki\\/Collector_(New_Earth)	Brown Hair
\\/wiki\\/Gunshot_(New_Earth)	Black Hair
\\/wiki\\/Hannibal_Martin_(New_Earth)	Brown Hair
\\/wiki\\/Layla_(New_Earth)	Purple Hair
\\/wiki\\/Ramon_Bracuda_(New_Earth)	Black Hair
\\/wiki\\/Robert_Hawkins_(Dakotaverse)	Black Hair
\\/wiki\\/Roderick_(New_Earth)	Black Hair
\\/wiki\\/Tony_Bressi_(New_Earth)	Blond Hair
\\/wiki\\/Caldwell_Dayzl_(New_Earth)	White Hair
\\/wiki\\/Phreaking_Phreddy_(New_Earth)	Brown Hair
\\/wiki\\/Walter_Sutcliffe_(New_Earth)	White Hair
\\/wiki\\/Weapons_Master_(New_Earth)	Black Hair
\\/wiki\\/Malice_Vundabar_(New_Earth)	Brown Hair
\\/wiki\\/Bazil_(New_Earth)	Brown Hair
\\/wiki\\/Delaken_(New_Earth)	Brown Hair
\\/wiki\\/Mitch_Wacky_(New_Earth)	White Hair
\\/wiki\\/Orin_I_(New_Earth)	Black Hair
\\/wiki\\/Sylvia_Contreras_(New_Earth)	Black Hair
\\/wiki\\/Terri_Henshaw_(New_Earth)	Red Hair
\\/wiki\\/Alan_Witherspoon_(New_Earth)	Grey Hair
\\/wiki\\/Blacksnake_(New_Earth)	Brown Hair
\\/wiki\\/David_Challoner_(New_Earth)	Blond Hair
\\/wiki\\/Felix_Zumac_(New_Earth)	Black Hair
\\/wiki\\/Holly_McKenzie_(New_Earth)	Black Hair
\\/wiki\\/Lloyd_Jefferson_(New_Earth)	Black Hair
\\/wiki\\/Ronald_Sweet_(New_Earth)	Blond Hair
\\/wiki\\/Unity_Kincaid_(New_Earth)	Brown Hair
\\/wiki\\/Aleister_Hook_(New_Earth)	White Hair
\\/wiki\\/Astra_Logue_(New_Earth)	Blond Hair
\\/wiki\\/Dominique_St._Claire_(New_Earth)	Brown Hair
\\/wiki\\/Gemma_Masters_(New_Earth)	Black Hair
\\/wiki\\/Joseph_Blackfire_(New_Earth)	White Hair
\\/wiki\\/Madame_Waxahachie_(New_Earth)	Brown Hair
\\/wiki\\/Mortimer_Kadaver_(New_Earth)	Black Hair
\\/wiki\\/Raymond_Monde_(New_Earth)	White Hair
\\/wiki\\/Rose_Shaw_(New_Earth)	Red Hair
\\/wiki\\/Ross_Llwellyn_(New_Earth)	Grey Hair
\\/wiki\\/Amelinda_Lopez_(New_Earth)	Black Hair
\\/wiki\\/Boris_Dmitravich_Razumihin_(New_Earth)	Black Hair
\\/wiki\\/Rumaan_Harjavti_(New_Earth)	Black Hair
\\/wiki\\/Lyle_Byrnes_(New_Earth)	Brown Hair
\\/wiki\\/Mindancer_(New_Earth)	Red Hair
\\/wiki\\/Penn_Maricc_(New_Earth)	Blond Hair
\\/wiki\\/Pravda_(New_Earth)	Black Hair
\\/wiki\\/Taryia_(New_Earth)	Red Hair
\\/wiki\\/White_Opal_(New_Earth)	White Hair
\\/wiki\\/Blythe_Bonner_(New_Earth)	Black Hair
\\/wiki\\/Cindy_Evans_(New_Earth)	Brown Hair
\\/wiki\\/Reiko_Yamashiro_(New_Earth)	Black Hair
\\/wiki\\/Yuki_Yamashiro_(New_Earth)	Black Hair
\\/wiki\\/Donna_Omicidio_(New_Earth)	Brown Hair
\\/wiki\\/Harvid_(New_Earth)	White Hair
\\/wiki\\/Lord_Amethyst_(New_Earth)	Blond Hair
\\/wiki\\/Symon_Terrynce_(New_Earth)	Grey Hair
\\/wiki\\/Worry_Wart_(New_Earth)	Blond Hair
\\/wiki\\/Creed_Phillips_(New_Earth)	Brown Hair
\\/wiki\\/Dalor_(New_Earth)	Red Hair
\\/wiki\\/Quentin_Quale_(New_Earth)	Black Hair
\\/wiki\\/Azar_(New_Earth)	White Hair
\\/wiki\\/Elinore_Stone_(New_Earth)	Black Hair
\\/wiki\\/Mister_E_(New_Earth)	Black Hair
\\/wiki\\/Pryemaul_(New_Earth)	Black Hair
\\/wiki\\/Short_Round_(New_Earth)	Black Hair
\\/wiki\\/Axe-Man_(New_Earth)	Black Hair
\\/wiki\\/Joseph_Toledo_(New_Earth)	Blond Hair
\\/wiki\\/Gerald_Ford_(New_Earth)	Brown Hair
\\/wiki\\/Kong_(New_Earth)	Blond Hair
\\/wiki\\/Lucifer_the_Horse_(New_Earth)	Black Hair
\\/wiki\\/Thanatos_(New_Earth)	Blond Hair
\\/wiki\\/Wise_Owl_(New_Earth)	White Hair
\\/wiki\\/Brother_Power_(New_Earth)	Blond Hair
\\/wiki\\/Iron_Major_(New_Earth)	Blond Hair
\\/wiki\\/Lawrence_Rock_(New_Earth)	Brown Hair
\\/wiki\\/Onu_Murtu_(New_Earth)	Red Hair
\\/wiki\\/Morpheus_(New_Earth)	White Hair
\\/wiki\\/Anais_Guillot_(New_Earth)	Black Hair
\\/wiki\\/Knodar_(New_Earth)	Brown Hair
\\/wiki\\/Sherlock_Holmes_(New_Earth)	Brown Hair
\\/wiki\\/Thomas_Revere_(New_Earth)	White Hair
\\/wiki\\/Gloria_Pemberton_(New_Earth)	Red Hair
\\/wiki\\/Sven_Nelson_(New_Earth)	Blond Hair
\\/wiki\\/Zachary_Zor_(New_Earth)	Black Hair
\\/wiki\\/Helen_of_Troy_(New_Earth)	Blond Hair
\\/wiki\\/Rachel_Niamo_(Prime_Earth)	Brown Hair
\\/wiki\\/Bellona_(New_Earth)	Black Hair
\\/wiki\\/Daniel_Crow-Brings-Darkness_(New_Earth)	Black Hair
\\/wiki\\/Iron_Maiden_(New_Earth)	Red Hair
\\/wiki\\/Jeramey_Chriqui_(New_Earth)	Brown Hair
\\/wiki\\/Jiro_Osamu_(New_Earth)	Black Hair
\\/wiki\\/Bizarro-Girl_(New_Earth)	Blond Hair
\\/wiki\\/Clancy_Johnson_(New_Earth)	Brown Hair
\\/wiki\\/Dale_Colton_(New_Earth)	Brown Hair
\\/wiki\\/Euan_Grieve_(New_Earth)	Black Hair
\\/wiki\\/Isabel_Rochev_(New_Earth)	Blond Hair
\\/wiki\\/Rafael_Hardy_(New_Earth)	Black Hair
\\/wiki\\/Salvatore_Guzzo_(New_Earth)	Grey Hair
\\/wiki\\/Sebastien_Mallory_(New_Earth)	Brown Hair
\\/wiki\\/Terrence_McGinnis_(New_Earth)	Black Hair
\\/wiki\\/Top_(New_Earth)	Brown Hair
\\/wiki\\/Trixster_(New_Earth)	Blond Hair
\\/wiki\\/Weather_Warlock_(New_Earth)	Brown Hair
\\/wiki\\/White_Canary_(New_Earth)	Black Hair
\\/wiki\\/Alessio_Morandi_(New_Earth)	Black Hair
\\/wiki\\/Blackfang_(New_Earth)	Brown Hair
\\/wiki\\/Euphemus_(New_Earth)	Blond Hair
\\/wiki\\/Gerard_Shugel_(New_Earth)	White Hair
\\/wiki\\/Henry_Allen_(New_Earth)	Blond Hair
\\/wiki\\/Jeq-Vay_(New_Earth)	Black Hair
\\/wiki\\/Justin_Hanover_(New_Earth)	Black Hair
\\/wiki\\/Michael_Henderson_(New_Earth)	Black Hair
\\/wiki\\/Narcissus_(New_Earth)	Black Hair
\\/wiki\\/Sem-Re_(New_Earth)	Blond Hair
\\/wiki\\/Tamara_Lane_(New_Earth)	Black Hair
\\/wiki\\/Antipathy_(New_Earth)	Red Hair
\\/wiki\\/Captain_Triumph_II_(New_Earth)	Brown Hair
\\/wiki\\/Chloe_Roberts_(New_Earth)	Blond Hair
\\/wiki\\/Kwaku_Anansi_(New_Earth)	Red Hair
\\/wiki\\/Maks_Chazov_(New_Earth)	Brown Hair
\\/wiki\\/Mirror-Man_(New_Earth)	Black Hair
\\/wiki\\/Topaz_(New_Earth)	Black Hair
\\/wiki\\/Amnee_Pree_(New_Earth)	Orange Hair
\\/wiki\\/Anthony_Gallo_(New_Earth)	Black Hair
\\/wiki\\/Belthera_(New_Earth)	White Hair
\\/wiki\\/Dahlia_Lorens_(New_Earth)	Blond Hair
\\/wiki\\/Ellie_(New_Earth)	Black Hair
\\/wiki\\/Kyesha_Salton_(New_Earth)	Orange Hair
\\/wiki\\/Liu_(New_Earth)	Red Hair
\\/wiki\\/Lorna_Shore_(New_Earth)	Black Hair
\\/wiki\\/Matoo_Pree_(New_Earth)	Orange Hair
\\/wiki\\/Schlagg-Man_(New_Earth)	Blue Hair
\\/wiki\\/Violet_Parris_(New_Earth)	Blond Hair
\\/wiki\\/Bloodsport_III_(New_Earth)	Black Hair
\\/wiki\\/Bonita_(New_Earth)	Blond Hair
\\/wiki\\/Copernicus_the_Dog_(New_Earth)	Brown Hair
\\/wiki\\/Griffin_Grey_(New_Earth)	Grey Hair
\\/wiki\\/Keane_(New_Earth)	Grey Hair
\\/wiki\\/Little_Barda_(New_Earth)	Brown Hair
\\/wiki\\/Mallory_Kimball_(New_Earth)	Brown Hair
\\/wiki\\/Scour_(New_Earth)	Black Hair
\\/wiki\\/Wild_Huntsman_III_(New_Earth)	White Hair
\\/wiki\\/Misty_Kilgore_(New_Earth)	Black Hair
\\/wiki\\/Rene_Carpenter_(New_Earth)	Brown Hair
\\/wiki\\/Ry_Sovereign_(New_Earth)	Brown Hair
\\/wiki\\/Thomas_Ludlow_Dalt_(New_Earth)	Black Hair
\\/wiki\\/Virtuoso_(New_Earth)	Black Hair
\\/wiki\\/William_Knightley_(New_Earth)	Brown Hair
\\/wiki\\/Albert_Davis_(New_Earth)	Blond Hair
\\/wiki\\/Bernard_Dowd_(New_Earth)	Blond Hair
\\/wiki\\/Domina_Paris_(New_Earth)	Blond Hair
\\/wiki\\/Erich_Donnerstein_(New_Earth)	Blond Hair
\\/wiki\\/Hwa_Rang_(New_Earth)	Black Hair
\\/wiki\\/John_Williamson_(New_Earth)	Black Hair
\\/wiki\\/Lyla_(New_Earth)	Purple Hair
\\/wiki\\/Naif_al-Sheikh_(New_Earth)	Black Hair
\\/wiki\\/Sidney_Shiang_(New_Earth)	Black Hair
\\/wiki\\/Sonja_(New_Earth)	Black Hair
\\/wiki\\/Doctor_Rovin_(New_Earth)	Brown Hair
\\/wiki\\/Montgomery_Kelly_(New_Earth)	Brown Hair
\\/wiki\\/Cole_Parker_(New_Earth)	Brown Hair
\\/wiki\\/Susan_Morrison_(New_Earth)	Black Hair
\\/wiki\\/Sylvia_Sinclair_(New_Earth)	Blond Hair
\\/wiki\\/Joshua_Jackam_(New_Earth)	Black Hair
\\/wiki\\/Madison_(Dakotaverse)	Black Hair
\\/wiki\\/Able_Crown_(New_Earth)	Black Hair
\\/wiki\\/Amsel_Reiniger_(New_Earth)	Blond Hair
\\/wiki\\/Diego_Irigoyen_(New_Earth)	Blond Hair
\\/wiki\\/Hamilton_Drew_(New_Earth)	Brown Hair
\\/wiki\\/Maxwell_Williams_(New_Earth)	Brown Hair
\\/wiki\\/Pablo_Valdez_(New_Earth)	Black Hair
\\/wiki\\/Ryuku_Orsono_(New_Earth)	Black Hair
\\/wiki\\/Stranglehold_(New_Earth)	Black Hair
\\/wiki\\/Damien_Darhk_(New_Earth)	Brown Hair
\\/wiki\\/Dina_Bell_(New_Earth)	Red Hair
\\/wiki\\/Ferak_(New_Earth)	Green Hair
\\/wiki\\/Pino_Maroni_(New_Earth)	Black Hair
\\/wiki\\/Jolene_Relazzo_(New_Earth)	Brown Hair
\\/wiki\\/Ratsputin_(New_Earth)	Grey Hair
\\/wiki\\/Sacker_(New_Earth)	White Hair
\\/wiki\\/Sweet_Sixteen_(New_Earth)	Red Hair
\\/wiki\\/Cassandra_Cartland_(New_Earth)	Brown Hair
\\/wiki\\/Jarrod_Jupiter_(New_Earth)	Brown Hair
\\/wiki\\/Leander_(New_Earth)	Blue Hair
\\/wiki\\/Scorcher_III_(New_Earth)	Black Hair
\\/wiki\\/Shakes_(New_Earth)	Brown Hair
\\/wiki\\/Vera_Burnsteel_(New_Earth)	Blond Hair
\\/wiki\\/Aarden_(New_Earth)	Brown Hair
\\/wiki\\/Andrew_Howe_(New_Earth)	Brown Hair
\\/wiki\\/Beta_Tos_(New_Earth)	Red Hair
\\/wiki\\/Carla_Falcone_(New_Earth)	Blond Hair
\\/wiki\\/Catwalk_(New_Earth)	Brown Hair
\\/wiki\\/Cleveden_Forbes_(New_Earth)	Black Hair
\\/wiki\\/Dawn_Driscoll_(New_Earth)	Brown Hair
\\/wiki\\/Dirk_Armstrong_(New_Earth)	Brown Hair
\\/wiki\\/Ephyra_(New_Earth)	Blue Hair
\\/wiki\\/Joy_Page_(New_Earth)	Blond Hair
\\/wiki\\/Jack_Weston_(New_Earth)	Brown Hair
\\/wiki\\/John_LaMonica_(New_Earth)	Black Hair
\\/wiki\\/Scarth_(New_Earth)	Blond Hair
\\/wiki\\/Adara_(New_Earth)	Green Hair
\\/wiki\\/Coven_(New_Earth)	Black Hair
\\/wiki\\/Damien_Kane_(New_Earth)	Brown Hair
\\/wiki\\/Harold_Ross_(New_Earth)	Brown Hair
\\/wiki\\/Honey_(New_Earth)	Blond Hair
\\/wiki\\/Jack_Snyder_(New_Earth)	Brown Hair
\\/wiki\\/Jonathan_Kellor_(New_Earth)	Brown Hair
\\/wiki\\/Lady_Dragon_(New_Earth)	Black Hair
\\/wiki\\/Loria_(New_Earth)	Black Hair
\\/wiki\\/Slagg_(New_Earth)	Brown Hair
\\/wiki\\/Angora_Lapin_(New_Earth)	White Hair
\\/wiki\\/Brian_Elliot_(New_Earth)	Blond Hair
\\/wiki\\/Camille_Sly_(New_Earth)	Black Hair
\\/wiki\\/Ewald_Olafsson_(New_Earth)	White Hair
\\/wiki\\/FerAlyce_(New_Earth)	Black Hair
\\/wiki\\/Micah_Rains_(New_Earth)	Brown Hair
\\/wiki\\/Powerhouse_(New_Earth)	Blue Hair
\\/wiki\\/Sylvia_Eisenberg_(New_Earth)	Brown Hair
\\/wiki\\/Daniel_William_Ducannon_(New_Earth)	White Hair
\\/wiki\\/Hi-Tech_(New_Earth)	Red Hair
\\/wiki\\/Hudson_Pyle_(New_Earth)	Brown Hair
\\/wiki\\/Jordan_Wylie_(New_Earth)	Brown Hair
\\/wiki\\/Echson_Krystal_(New_Earth)	Brown Hair
\\/wiki\\/Karl_Ranck_(New_Earth)	Blond Hair
\\/wiki\\/Pyotr_Raskov_(New_Earth)	Grey Hair
\\/wiki\\/Sumaan_Harjavti_(New_Earth)	Black Hair
\\/wiki\\/Tyrn_Krystal_(New_Earth)	Red Hair
\\/wiki\\/Dardanus_(New_Earth)	Blond Hair
\\/wiki\\/Dwight_Sykes_(New_Earth)	Black Hair
\\/wiki\\/Marvin_Noronsa_(New_Earth)	Black Hair
\\/wiki\\/Michael_Sykes_(New_Earth)	Black Hair
\\/wiki\\/Tanya_Fox_(New_Earth)	Black Hair
\\/wiki\\/Terri_Eckhart_(New_Earth)	Red Hair
\\/wiki\\/Azure_(New_Earth)	Black Hair
\\/wiki\\/Benjamin_Hecht_(New_Earth)	Grey Hair
\\/wiki\\/Byron_Shelley_(New_Earth)	Brown Hair
\\/wiki\\/Churljenkins_(New_Earth)	Green Hair
\\/wiki\\/Faruka_(New_Earth)	Brown Hair
\\/wiki\\/Lennox_(New_Earth)	White Hair
\\/wiki\\/Lionel_Hawkins_(New_Earth)	Brown Hair
\\/wiki\\/Maritza_Nitumbe_(New_Earth)	Brown Hair
\\/wiki\\/Melanie_Boulder_(New_Earth)	Blond Hair
\\/wiki\\/Nehebka_(New_Earth)	Brown Hair
\\/wiki\\/Oenone_(New_Earth)	Red Hair
\\/wiki\\/Phillip_Easton_(New_Earth)	Black Hair
\\/wiki\\/Quiz_(New_Earth)	Black Hair
\\/wiki\\/Rosa_Rubikskova_(New_Earth)	Brown Hair
\\/wiki\\/Russ_Granger_(New_Earth)	White Hair
\\/wiki\\/Stefano_Mandragora_(New_Earth)	White Hair
\\/wiki\\/Beth_Zahar_(New_Earth)	Red Hair
\\/wiki\\/Choi_(New_Earth)	Black Hair
\\/wiki\\/Hecate_(New_Earth)	White Hair
\\/wiki\\/Hugo_Danner_(New_Earth)	White Hair
\\/wiki\\/Jamie_Sawyer_(New_Earth)	Brown Hair
\\/wiki\\/Katina_Leikos_(New_Earth)	Black Hair
\\/wiki\\/Legs_(New_Earth)	Black Hair
\\/wiki\\/Marcia_Claiborne_(New_Earth)	Blond Hair
\\/wiki\\/Maxwell_Roger_Castle_(New_Earth)	Blond Hair
\\/wiki\\/Runaround_Sue_(New_Earth)	Blond Hair
\\/wiki\\/Branden_(New_Earth)	Brown Hair
\\/wiki\\/Fledermaus_(New_Earth)	Red Hair
\\/wiki\\/Helene_Astar_(New_Earth)	Black Hair
\\/wiki\\/Mister_Gilchrist_(New_Earth)	White Hair
\\/wiki\\/Noelle_Avril_(New_Earth)	White Hair
\\/wiki\\/Rachel_Caspian_(New_Earth)	Red Hair
\\/wiki\\/Robert_DuBois_(New_Earth)	Black Hair
\\/wiki\\/Stan_the_Pimp_(New_Earth)	Brown Hair
\\/wiki\\/Jonathan_Mann_(New_Earth)	Brown Hair
\\/wiki\\/Benjamin_Love_(New_Earth)	Black Hair
\\/wiki\\/Jonni_DC_(New_Earth)	Red Hair
\\/wiki\\/Matthew_Stein_(New_Earth)	Red Hair
\\/wiki\\/Shamus_(New_Earth)	Brown Hair
\\/wiki\\/Vance_Vanucci_(New_Earth)	Blond Hair
\\/wiki\\/Fay_Evans_(New_Earth)	Brown Hair
\\/wiki\\/Haifisch_(New_Earth)	Grey Hair
\\/wiki\\/Henry_P._Smithers_(New_Earth)	Black Hair
\\/wiki\\/Jerry_Evans_(New_Earth)	Brown Hair
\\/wiki\\/Kamah_(New_Earth)	Orange Hair
\\/wiki\\/Mama_Madame_(New_Earth)	White Hair
\\/wiki\\/Takeo_Yamashiro_(New_Earth)	Black Hair
\\/wiki\\/Thomas_Corbett_(New_Earth)	Black Hair
\\/wiki\\/Bedlam_(New_Earth)	Red Hair
\\/wiki\\/Ms._Mesmer_(New_Earth)	Black Hair
\\/wiki\\/Princess_Topaz_(New_Earth)	Black Hair
\\/wiki\\/Voss_(New_Earth)	Black Hair
\\/wiki\\/Anthony_Scarapelli_(New_Earth)	Black Hair
\\/wiki\\/Carl_Woods_(New_Earth)	Black Hair
\\/wiki\\/Virginia_Hex_(New_Earth)	Brown Hair
\\/wiki\\/Timothy_Fox_(New_Earth)	Black Hair
\\/wiki\\/Helen_Jordan_II_(New_Earth)	Brown Hair
\\/wiki\\/Madame_Zodiac_(New_Earth)	Red Hair
\\/wiki\\/Barney_Sands_(New_Earth)	Brown Hair
\\/wiki\\/Elizabeth_Berg_(New_Earth)	Blond Hair
\\/wiki\\/Richard_Benson_(New_Earth)	White Hair
\\/wiki\\/Avia_(New_Earth)	Blond Hair
\\/wiki\\/James_Corrigan_(Earth-One)	Black Hair
\\/wiki\\/Victor_Volcanum_(New_Earth)	Black Hair
\\/wiki\\/Richard_Wilson_(New_Earth)	Brown Hair
\\/wiki\\/Mupo_(New_Earth)	Black Hair
\\/wiki\\/Vera_Sweet_(New_Earth)	Blond Hair
\\/wiki\\/Gagsworth_A._Gagsworthy_(New_Earth)	Brown Hair
\\/wiki\\/Roy_Reynolds_(New_Earth)	Black Hair
\\/wiki\\/Farmer_Boy_(New_Earth)	Blond Hair
\\/wiki\\/F._Gaylord_Clayburne_III_(New_Earth)	Brown Hair
\\/wiki\\/Thomas_Jefferson_(New_Earth)	Red Hair
\\/wiki\\/Jeanne_Walker_(New_Earth)	Blond Hair
\\/wiki\\/John_Wilkes_Booth_(New_Earth)	Brown Hair
\\/wiki\\/Jonathan_Mayhew_(New_Earth)	Brown Hair
\\/wiki\\/Ranger_(New_Earth)	Red Hair
\\/wiki\\/Gerald_Shilling_(New_Earth)	Brown Hair
\\/wiki\\/Donna_Cavanagh_(New_Earth)	Blond Hair
\\/wiki\\/Enchantress_(Prime_Earth)	Brown Hair
\\/wiki\\/Orithia_(New_Earth)	Black Hair
\\/wiki\\/Rani_Singh_(New_Earth)	Brown Hair
\\/wiki\\/Sami_Mousawi_(New_Earth)	Brown Hair
\\/wiki\\/Tataka_(New_Earth)	Black Hair
\\/wiki\\/Theodore_Cobblepot_(New_Earth)	Grey Hair
\\/wiki\\/Vijay_Singh_(New_Earth)	Brown Hair
\\/wiki\\/Zachary_Gate_(New_Earth)	Blond Hair
\\/wiki\\/Catwoman_III_(New_Earth)	Black Hair
\\/wiki\\/Chloe_Sullivan_(New_Earth)	Blond Hair
\\/wiki\\/Dennis_Ennis_(New_Earth)	Black Hair
\\/wiki\\/Doctor_Caligan_(New_Earth)	Black Hair
\\/wiki\\/Goliath_(New_Earth)	Brown Hair
\\/wiki\\/Green_Ghoul_(New_Earth)	Black Hair
\\/wiki\\/Harold_Winer_(New_Earth)	Black Hair
\\/wiki\\/Jackal_III_(New_Earth)	Blond Hair
\\/wiki\\/Kristen_Kramer_(New_Earth)	Red Hair
\\/wiki\\/Mateo_Burland_(New_Earth)	Brown Hair
\\/wiki\\/Milton_Kroft_(New_Earth)	Brown Hair
\\/wiki\\/Nora_Reid_(New_Earth)	Red Hair
\\/wiki\\/Peter_Hayes_(New_Earth)	Brown Hair
\\/wiki\\/Archer_of_Angelsport_(New_Earth)	White Hair
\\/wiki\\/Donna_Anderson_(New_Earth)	Brown Hair
\\/wiki\\/Jamal_Stuart_(New_Earth)	Black Hair
\\/wiki\\/Millicent_Mayne_(New_Earth)	Brown Hair
\\/wiki\\/Riki_Kimura_(New_Earth)	Green Hair
\\/wiki\\/Sean_Sonus_(New_Earth)	White Hair
\\/wiki\\/Seductress_(New_Earth)	Blond Hair
\\/wiki\\/Son_of_the_Fallen_(New_Earth)	Black Hair
\\/wiki\\/Tyr-Van_(New_Earth)	Blond Hair
\\/wiki\\/Ugly_Man_(New_Earth)	Black Hair
\\/wiki\\/Burn_(New_Earth)	Brown Hair
\\/wiki\\/Gangly_Man_(New_Earth)	Brown Hair
\\/wiki\\/Jesse_(New_Earth)	Black Hair
\\/wiki\\/Marque_(New_Earth)	Black Hair
\\/wiki\\/Sendrina_(New_Earth)	Brown Hair
\\/wiki\\/Violet_(New_Earth)	Red Hair
\\/wiki\\/Bizarro_Jimmy_Olsen_(New_Earth)	Red Hair
\\/wiki\\/Brother_Flay_(New_Earth)	Black Hair
\\/wiki\\/Chien_Na_Wei_(New_Earth)	White Hair
\\/wiki\\/Edward_Hwang_(New_Earth)	Black Hair
\\/wiki\\/Frank_Halloran_(New_Earth)	Blond Hair
\\/wiki\\/Hackett_(New_Earth)	Brown Hair
\\/wiki\\/Jia_(New_Earth)	Black Hair
\\/wiki\\/Kid_Crusader_(New_Earth)	Black Hair
\\/wiki\\/Mallow_(New_Earth)	Grey Hair
\\/wiki\\/Thomas_Larson_(New_Earth)	Brown Hair
\\/wiki\\/Chief_Justice_(New_Earth)	Black Hair
\\/wiki\\/Corky_Charles_(New_Earth)	White Hair
\\/wiki\\/Embargo_(New_Earth)	Blond Hair
\\/wiki\\/Giggs_(New_Earth)	Grey Hair
\\/wiki\\/John_Smalls_(New_Earth)	Black Hair
\\/wiki\\/Lashorr_(New_Earth)	Red Hair
\\/wiki\\/Major_Victory_III_(New_Earth)	Blond Hair
\\/wiki\\/Mister_Choi_(New_Earth)	Black Hair
\\/wiki\\/Sara_Smart_(New_Earth)	Red Hair
\\/wiki\\/Violet_Robinson_(New_Earth)	Blond Hair
\\/wiki\\/Ali-Ka_Zoom_(New_Earth)	Black Hair
\\/wiki\\/Hummingbird_(New_Earth)	Blond Hair
\\/wiki\\/Lasso_(New_Earth)	Brown Hair
\\/wiki\\/Lisa_Yurigama_(New_Earth)	Black Hair
\\/wiki\\/Michelle_Torres_(New_Earth)	Brown Hair
\\/wiki\\/Richard_Beren_(New_Earth)	Black Hair
\\/wiki\\/Takahata_(New_Earth)	Black Hair
\\/wiki\\/Rava_(New_Earth)	White Hair
\\/wiki\\/Jennifer_Stuart_(New_Earth)	Blond Hair
\\/wiki\\/Madeline_Benoir_(New_Earth)	Red Hair
\\/wiki\\/Marisol_Samuels_(New_Earth)	Black Hair
\\/wiki\\/Rand_Westbrook_(New_Earth)	Brown Hair
\\/wiki\\/Reno_Rosetti_(New_Earth)	Black Hair
\\/wiki\\/Charles_Lau_(New_Earth)	Black Hair
\\/wiki\\/Claire_Foster_(New_Earth)	Black Hair
\\/wiki\\/David_Said_(New_Earth)	Black Hair
\\/wiki\\/Jeremy_Barlow_(New_Earth)	Black Hair
\\/wiki\\/Mateo_Flores_(New_Earth)	Black Hair
\\/wiki\\/Whaler_(New_Earth)	Black Hair
\\/wiki\\/Darius_Caldera_(New_Earth)	White Hair
\\/wiki\\/Epiphany_(New_Earth)	Blond Hair
\\/wiki\\/Mallory_Moxon_(New_Earth)	Red Hair
\\/wiki\\/Mary_Tanner_(New_Earth)	Red Hair
\\/wiki\\/Oshi_Sin_Gaaz_(New_Earth)	Black Hair
\\/wiki\\/Seraph_(New_Earth)	Black Hair
\\/wiki\\/Tana_Moon_II_(New_Earth)	Black Hair
\\/wiki\\/Agua_Sin_Gaaz_(New_Earth)	Black Hair
\\/wiki\\/Ekin_Tzu_(New_Earth)	Black Hair
\\/wiki\\/Jerry_Hennelly_(New_Earth)	Brown Hair
\\/wiki\\/La_Salamanca_(New_Earth)	Black Hair
\\/wiki\\/Matthew_Logan_(New_Earth)	Black Hair
\\/wiki\\/Sala_Nisaba_(New_Earth)	Brown Hair
\\/wiki\\/Skizm_(New_Earth)	Black Hair
\\/wiki\\/Akila_(New_Earth)	Brown Hair
\\/wiki\\/Bruno_(New_Earth)	Brown Hair
\\/wiki\\/Emma_Connors_(New_Earth)	Blond Hair
\\/wiki\\/Goth_(New_Earth)	Black Hair
\\/wiki\\/Thomas_McFadden_(New_Earth)	Red Hair
\\/wiki\\/Travis_Thomas_(New_Earth)	Red Hair
\\/wiki\\/Umberto_Maroni_(New_Earth)	Brown Hair
\\/wiki\\/Vartox_(New_Earth)	Brown Hair
\\/wiki\\/Bamboo_Monkey_(New_Earth)	Black Hair
\\/wiki\\/Brainiac_4_(Post-Zero_Hour)	Blond Hair
\\/wiki\\/Jonathan_Double_(New_Earth)	Blond Hair
\\/wiki\\/Paula_von_Gunther_(New_Earth)	Blond Hair
\\/wiki\\/Deanna_Barr_(New_Earth)	Brown Hair
\\/wiki\\/Georgia_Redmond_(New_Earth)	Black Hair
\\/wiki\\/Patrick_Wayne_(New_Earth)	Black Hair
\\/wiki\\/Angelica_Wallis_(New_Earth)	Black Hair
\\/wiki\\/Chillblaine_IV_(New_Earth)	Blond Hair
\\/wiki\\/Claw_Hammer_(New_Earth)	Blond Hair
\\/wiki\\/Frederick_Danvers_(New_Earth)	Black Hair
\\/wiki\\/Henrietta_Jessup_(New_Earth)	Black Hair
\\/wiki\\/Maxwell_Veezey_(New_Earth)	Brown Hair
\\/wiki\\/Slizzath_(New_Earth)	Grey Hair
\\/wiki\\/Spought_(New_Earth)	Grey Hair
\\/wiki\\/Wally_Mosely_(New_Earth)	Red Hair
\\/wiki\\/Gaelon_(New_Earth)	Brown Hair
\\/wiki\\/Moira_Queen_(New_Earth)	Blond Hair
\\/wiki\\/Robert_Henry_Queen_(New_Earth)	Blond Hair
\\/wiki\\/Wolf_Krieger_(New_Earth)	Grey Hair
\\/wiki\\/Clete_Jenkins_(New_Earth)	Brown Hair
\\/wiki\\/David_Manguy_(New_Earth)	Black Hair
\\/wiki\\/Doctor_Hutcheson_(New_Earth)	Brown Hair
\\/wiki\\/Jeremy_Baxter_(New_Earth)	Black Hair
\\/wiki\\/Jerry_Conover_(New_Earth)	Black Hair
\\/wiki\\/Jessica_Jordan_(New_Earth)	Brown Hair
\\/wiki\\/Kimon_Tanaka_(New_Earth)	Black Hair
\\/wiki\\/MacAlistaire_(New_Earth)	Red Hair
\\/wiki\\/Nuliajuk_(New_Earth)	Black Hair
\\/wiki\\/Penn_Selkirk_(New_Earth)	Black Hair
\\/wiki\\/Russell_Tenclouds_(New_Earth)	Black Hair
\\/wiki\\/Sujatmi_Sunowaparti_(New_Earth)	Black Hair
\\/wiki\\/Venelia_(New_Earth)	Black Hair
\\/wiki\\/Alexander_Trent_(New_Earth)	Blond Hair
\\/wiki\\/Cloudburst_(New_Earth)	Black Hair
\\/wiki\\/Deena_Walker_(New_Earth)	Red Hair
\\/wiki\\/Grand_Druid_(New_Earth)	Orange Hair
\\/wiki\\/Mayfly_(New_Earth)	Blond Hair
\\/wiki\\/Quinn_Thomas_(New_Earth)	Blond Hair
\\/wiki\\/Slingshot_(New_Earth)	Black Hair
\\/wiki\\/Bonnie_Robinson_(New_Earth)	Blond Hair
\\/wiki\\/Jakob_Whorrsman_(New_Earth)	Blond Hair
\\/wiki\\/Jennifer_Fletcher_(New_Earth)	Blond Hair
\\/wiki\\/Julia_of_Daxam_(New_Earth)	Red Hair
\\/wiki\\/Kaliber_(New_Earth)	Red Hair
\\/wiki\\/Lin_Canar_(New_Earth)	Green Hair
\\/wiki\\/Mustang_Suzy_(New_Earth)	Red Hair
\\/wiki\\/Ritar_(New_Earth)	Brown Hair
\\/wiki\\/Catseye_(New_Earth)	Black Hair
\\/wiki\\/Cydippe_(New_Earth)	Strawberry Blond Hair
\\/wiki\\/Ernest_Earnest_(New_Earth)	Brown Hair
\\/wiki\\/Schrek_(New_Earth)	Blond Hair
\\/wiki\\/William_Wildeagle_(New_Earth)	Black Hair
\\/wiki\\/Dagon-Ra_(New_Earth)	White Hair
\\/wiki\\/Davood_Nassur_(New_Earth)	Black Hair
\\/wiki\\/Kirby_(New_Earth)	Black Hair
\\/wiki\\/Konrad_Kaslak_(New_Earth)	White Hair
\\/wiki\\/Lark_(New_Earth)	Brown Hair
\\/wiki\\/Mister_Whisper_(New_Earth)	Black Hair
\\/wiki\\/Narmea_(New_Earth)	Brown Hair
\\/wiki\\/Nowhere_Man_(New_Earth)	Brown Hair
\\/wiki\\/Ruth_Spencer_(New_Earth)	Black Hair
\\/wiki\\/Theresa_Bua_Trinh_(New_Earth)	Black Hair
\\/wiki\\/Wilson_Klass_(New_Earth)	Grey Hair
\\/wiki\\/Alexander_Wyvern_(New_Earth)	Brown Hair
\\/wiki\\/Ariadne_of_Knossos_(New_Earth)	Black Hair
\\/wiki\\/Deb_Kafka_(New_Earth)	Brown Hair
\\/wiki\\/Jean-Marc_de_Villars_(New_Earth)	White Hair
\\/wiki\\/John_Henry_Martin_(New_Earth)	Brown Hair
\\/wiki\\/Jovita_(New_Earth)	Brown Hair
\\/wiki\\/Kel_Gand_(New_Earth)	Black Hair
\\/wiki\\/Kem-L_(New_Earth)	Black Hair
\\/wiki\\/Kuei_(New_Earth)	Green Hair
\\/wiki\\/Sonya_Chuikov_(New_Earth)	Black Hair
\\/wiki\\/Xanthi_(New_Earth)	White Hair
\\/wiki\\/Andrew_Draper_(New_Earth)	Red Hair
\\/wiki\\/Badb_(New_Earth)	Red Hair
\\/wiki\\/David_Palmer_(New_Earth)	Brown Hair
\\/wiki\\/Elder_Martin_(New_Earth)	Black Hair
\\/wiki\\/Henry_Cobb_Armbruster_(New_Earth)	Black Hair
\\/wiki\\/Johannes_van_der_Houten_(New_Earth)	White Hair
\\/wiki\\/Maxine_Sterenbuch_(New_Earth)	Brown Hair
\\/wiki\\/Michael_Boyd_(New_Earth)	Brown Hair
\\/wiki\\/Nicholas_Bassaglia_(New_Earth)	Black Hair
\\/wiki\\/Phthia_(New_Earth)	Blond Hair
\\/wiki\\/Ralph_Bundy_(New_Earth)	Brown Hair
\\/wiki\\/Red_Dragon_(New_Earth)	Red Hair
\\/wiki\\/Solomon_Buchman_(New_Earth)	Black Hair
\\/wiki\\/Weaver_(New_Earth)	Black Hair
\\/wiki\\/Belphegor_(New_Earth)	Black Hair
\\/wiki\\/Conrad_Bortz_(New_Earth)	Red Hair
\\/wiki\\/Elemental_Woman_(New_Earth)	White Hair
\\/wiki\\/Graham_Gault_(New_Earth)	Blond Hair
\\/wiki\\/Henry_Yarrow_(New_Earth)	Grey Hair
\\/wiki\\/Matthew_Michaelis_(New_Earth)	Brown Hair
\\/wiki\\/Randall_Truman_(New_Earth)	Brown Hair
\\/wiki\\/Stanley_Merkel_(New_Earth)	Black Hair
\\/wiki\\/Titano_(New_Earth)	Brown Hair
\\/wiki\\/Willis_Todd_(New_Earth)	Brown Hair
\\/wiki\\/Brittany_Brandon_(New_Earth)	Platinum Blond Hair
\\/wiki\\/Deron_Ved_(Earth-One)	Reddish Brown Hair
\\/wiki\\/Maxwell_Loomis_(New_Earth)	Brown Hair
\\/wiki\\/Thomas_Bolt_(New_Earth)	Brown Hair
\\/wiki\\/Whiteout_(New_Earth)	White Hair
\\/wiki\\/Chroma_(New_Earth)	White Hair
\\/wiki\\/Bekka_(New_Earth)	Black Hair
\\/wiki\\/Henry_Evans_(New_Earth)	Brown Hair
\\/wiki\\/Syrra_(New_Earth)	Blond Hair
\\/wiki\\/Jason_Hart_(New_Earth)	Brown Hair
\\/wiki\\/Kaylark_(New_Earth)	Black Hair
\\/wiki\\/Krista_X_(New_Earth)	Red Hair
\\/wiki\\/Lady_Moonstone_(New_Earth)	Black Hair
\\/wiki\\/Laral_(New_Earth)	Blond Hair
\\/wiki\\/Lord_Ruby_(New_Earth)	White Hair
\\/wiki\\/Remnant_Nod_(New_Earth)	White Hair
\\/wiki\\/Takeo_Sato_(New_Earth)	Black Hair
\\/wiki\\/Malagigi_(New_Earth)	White Hair
\\/wiki\\/Alexander_Tuttle_(New_Earth)	Blond Hair
\\/wiki\\/Cassius_Bannister_(Earth-One)	Black Hair
\\/wiki\\/Leona_Pierce_(New_Earth)	Brown Hair
\\/wiki\\/Earl_Clifford_(New_Earth)	Black Hair
\\/wiki\\/Osira_(New_Earth)	Black Hair
\\/wiki\\/Syonide_I_(New_Earth)	Blond Hair
\\/wiki\\/Clement_Tyme_(New_Earth)	Red Hair
\\/wiki\\/Paul_Kirk_III_(New_Earth)	Brown Hair
\\/wiki\\/Abdul_Smith_(New_Earth)	Black Hair
\\/wiki\\/John_Watson_(New_Earth)	Grey Hair
\\/wiki\\/Stacy_Conwell_(New_Earth)	Blond Hair
\\/wiki\\/Colonel_Sulphur_(New_Earth)	Black Hair
\\/wiki\\/Jack_the_Ripper_(New_Earth)	Black Hair
\\/wiki\\/Janet_Jones_(New_Earth)	Blond Hair
\\/wiki\\/Rori_Dag_(New_Earth)	Red Hair
\\/wiki\\/Ned_Creegan_(New_Earth)	Brown Hair
\\/wiki\\/Dela_Pharon_(New_Earth)	Blond Hair
\\/wiki\\/Juan_Vallambrosa_(New_Earth)	Black Hair
\\/wiki\\/Maxwell_Tremaine_(New_Earth)	White Hair
\\/wiki\\/Perseus_(New_Earth)	Black Hair
\\/wiki\\/Minister_Blizzard_(New_Earth)	Black Hair
\\/wiki\\/Elmer_Pane_(New_Earth)	Brown Hair
\\/wiki\\/Socker_Smith_(New_Earth)	Brown Hair
\\/wiki\\/Charles_Lane_(New_Earth)	Black Hair
\\/wiki\\/Mortimer_Wackey_(New_Earth)	White Hair
\\/wiki\\/Nyola_(Earth-Two)	Brown Hair
\\/wiki\\/Scott_Spencer_(New_Earth)	Black Hair
\\/wiki\\/Auerbach_(New_Earth)	Brown Hair
\\/wiki\\/Barack_Obama_(New_Earth)	Black Hair
\\/wiki\\/Bobbie_Stephenson_(New_Earth)	Black Hair
\\/wiki\\/Daniel_Rogers_(New_Earth)	Brown Hair
\\/wiki\\/Darla_Dudley_(New_Earth)	Black Hair
\\/wiki\\/Dawn_Golden_(New_Earth)	Red Hair
\\/wiki\\/Delores_Stebbins_(New_Earth)	Red Hair
\\/wiki\\/Eugene_Choi_(New_Earth)	Black Hair
\\/wiki\\/Funerella_(New_Earth)	White Hair
\\/wiki\\/Pedro_Pe%C3%B1a_(New_Earth)	Black Hair
\\/wiki\\/Penelope_Black_(New_Earth)	Black Hair
\\/wiki\\/Promise_(New_Earth)	Blond Hair
\\/wiki\\/Ri_(New_Earth)	Black Hair
\\/wiki\\/Sasha_Lo_(New_Earth)	Black Hair
\\/wiki\\/Therestra_(New_Earth)	Blond Hair
\\/wiki\\/Alisa_Adams_(New_Earth)	Brown Hair
\\/wiki\\/Captain_Murder_(New_Earth)	Black Hair
\\/wiki\\/Catherine_Van_Derm_(New_Earth)	Red Hair
\\/wiki\\/Funnel_(New_Earth)	Black Hair
\\/wiki\\/Khea_Taramka_(New_Earth)	Black Hair
\\/wiki\\/Nasreen_Samari_(New_Earth)	Black Hair
\\/wiki\\/Nell_Little_(New_Earth)	Black Hair
\\/wiki\\/Neon_Black_(New_Earth)	Black Hair
\\/wiki\\/Nicole_Morrison_(New_Earth)	Black Hair
\\/wiki\\/Recluse_(New_Earth)	Brown Hair
\\/wiki\\/Roshanna_Chatterji_(New_Earth)	Black Hair
\\/wiki\\/Thomas_Tomorrow_(New_Earth)	Blond Hair
\\/wiki\\/Winslow_Heath_(New_Earth)	Green Hair
\\/wiki\\/Amon_(New_Earth)	Brown Hair
\\/wiki\\/Archer_(New_Earth)	Brown Hair
\\/wiki\\/Az-Rel_(New_Earth)	Brown Hair
\\/wiki\\/Bettie_Reynolds_(New_Earth)	Blond Hair
\\/wiki\\/Expediter_(New_Earth)	Black Hair
\\/wiki\\/Giuana_(New_Earth)	Brown Hair
\\/wiki\\/Mark_Sunderland_(New_Earth)	Blond Hair
\\/wiki\\/Miss_Bloss_(New_Earth)	Black Hair
\\/wiki\\/Nadira_Va-Dim_(New_Earth)	Brown Hair
\\/wiki\\/Pele_(New_Earth)	Brown Hair
\\/wiki\\/Pristine_(New_Earth)	Red Hair
\\/wiki\\/Richard_Faulkner_(New_Earth)	Black Hair
\\/wiki\\/TNTeena_(New_Earth)	Blond Hair
\\/wiki\\/Vitoria_(New_Earth)	Brown Hair
\\/wiki\\/Zeddmore_Washington_(New_Earth)	Black Hair
\\/wiki\\/Caretaker_(New_Earth)	Brown Hair
\\/wiki\\/Carlo_Calzone_(New_Earth)	Red Hair
\\/wiki\\/Diamond_(New_Earth)	Blond Hair
\\/wiki\\/Gwendolyn_Lane_(New_Earth)	Black Hair
\\/wiki\\/Insect_Queen_(New_Earth)	Red Hair
\\/wiki\\/Jacob_(New_Earth)	Black Hair
\\/wiki\\/Jared_(New_Earth)	Black Hair
\\/wiki\\/Kusanagi_(New_Earth)	Grey Hair
\\/wiki\\/Matchmaker_(New_Earth)	Black Hair
\\/wiki\\/The_Thief_(New_Earth)	Brown Hair
\\/wiki\\/Titus_(New_Earth)	Black Hair
\\/wiki\\/Zale_(New_Earth)	Black Hair
\\/wiki\\/Amina_Franklin_(New_Earth)	Brown Hair
\\/wiki\\/Bizarro_Green_Lantern_(New_Earth)	Brown Hair
\\/wiki\\/Dusan_al_Ghul_(New_Earth)	White Hair
\\/wiki\\/Elias_Stone_(New_Earth)	Black Hair
\\/wiki\\/Gorflack_(New_Earth)	Brown Hair
\\/wiki\\/Krusivax_(New_Earth)	Blond Hair
\\/wiki\\/Lucas_Terrel_(New_Earth)	Brown Hair
\\/wiki\\/Rena_(New_Earth)	Black Hair
\\/wiki\\/Shaggy_Man_III_(New_Earth)	Brown Hair
\\/wiki\\/Vortigar_(New_Earth)	Brown Hair
\\/wiki\\/Alexander_Ferguson_(New_Earth)	Blond Hair
\\/wiki\\/Americommando_II_(New_Earth)	Blond Hair
\\/wiki\\/Arx_(New_Earth)	Brown Hair
\\/wiki\\/Danielle_Garrett_(New_Earth)	Blond Hair
\\/wiki\\/Diviner_(New_Earth)	Brown Hair
\\/wiki\\/Khalid_(New_Earth)	Black Hair
\\/wiki\\/Lady_Liberty_V_(New_Earth)	Black Hair
\\/wiki\\/Molecule_(New_Earth)	Blond Hair
\\/wiki\\/Myrrt_(New_Earth)	Brown Hair
\\/wiki\\/Probe_(New_Earth)	Black Hair
\\/wiki\\/Roxanne_Sutton_(New_Earth)	Red Hair
\\/wiki\\/Saber_(New_Earth)	Brown Hair
\\/wiki\\/Tally_Man_II_(New_Earth)	Black Hair
\\/wiki\\/Talon_(Earth-3)	Black Hair
\\/wiki\\/White_Rabbit_(New_Earth)	White Hair
\\/wiki\\/Carla_Marcus_(New_Earth)	Brown Hair
\\/wiki\\/Deuce_Canyard_(New_Earth)	Blond Hair
\\/wiki\\/Firebug_III_(New_Earth)	Blond Hair
\\/wiki\\/Kieran_Calahan_(New_Earth)	Blond Hair
\\/wiki\\/Lucia_(New_Earth)	Black Hair
\\/wiki\\/Mad_Dog_(New_Earth)	Black Hair
\\/wiki\\/Pandora_II_(New_Earth)	Brown Hair
\\/wiki\\/Soldado_(New_Earth)	Brown Hair
\\/wiki\\/Vincenzo_Baldi_(New_Earth)	Black Hair
\\/wiki\\/Fetch_(New_Earth)	Brown Hair
\\/wiki\\/Gideon_Rivers_(New_Earth)	Black Hair
\\/wiki\\/Sigourney_Amundsen_(New_Earth)	Blond Hair
\\/wiki\\/Daedalus_Boch_(New_Earth)	Black Hair
\\/wiki\\/Judith_Benoir_(New_Earth)	Red Hair
\\/wiki\\/Nnamdi_(New_Earth)	Black Hair
\\/wiki\\/Ale_(New_Earth)	Grey Hair
\\/wiki\\/Ariadne_Pinxit_(New_Earth)	Blond Hair
\\/wiki\\/Byakko_(New_Earth)	White Hair
\\/wiki\\/Diana_Prince_(New_Earth)	Black Hair
\\/wiki\\/Lady_Zand_(New_Earth)	Brown Hair
\\/wiki\\/Nia_(New_Earth)	Black Hair
\\/wiki\\/Rachel_Berkowitz_(New_Earth)	Black Hair
\\/wiki\\/Falizia_(New_Earth)	Brown Hair
\\/wiki\\/Patricia_Dugan_(New_Earth)	Red Hair
\\/wiki\\/Todd_Oszechorski_(New_Earth)	Blond Hair
\\/wiki\\/Clifford_Grimm_(New_Earth)	White Hair
\\/wiki\\/Marc_Navarone_(New_Earth)	Brown Hair
\\/wiki\\/Provoke_(New_Earth)	Black Hair
\\/wiki\\/Samuel_Yates_(New_Earth)	Brown Hair
\\/wiki\\/Shock_Trauma_(New_Earth)	Black Hair
\\/wiki\\/Star_(New_Earth)	White Hair
\\/wiki\\/Sylvan_Scofield_(New_Earth)	Brown Hair
\\/wiki\\/Turk_(New_Earth)	Brown Hair
\\/wiki\\/Al_Bizarro_(New_Earth)	Black Hair
\\/wiki\\/Angelo_Mirti_(New_Earth)	Grey Hair
\\/wiki\\/Bethany_McCade_(New_Earth)	Black Hair
\\/wiki\\/Isabelle_Cheranova_(New_Earth)	Red Hair
\\/wiki\\/Kali_(New_Earth)	Black Hair
\\/wiki\\/Rebecca_McFadden_(New_Earth)	Brown Hair
\\/wiki\\/Richard_Destine_(New_Earth)	Blond Hair
\\/wiki\\/Waterman_(New_Earth)	Black Hair
\\/wiki\\/William_Hayes_(New_Earth)	Black Hair
\\/wiki\\/Ariella_Kent_(New_Earth)	Red Hair
\\/wiki\\/Batrok_(New_Earth)	Grey Hair
\\/wiki\\/Biff_Bradley_(New_Earth)	Brown Hair
\\/wiki\\/Claudio_Volpe_(New_Earth)	Blond Hair
\\/wiki\\/Dava_Sborsc_(New_Earth)	Red Hair
\\/wiki\\/Great_Caesar_(New_Earth)	Orange Hair
\\/wiki\\/Joshua_Stanzland_(New_Earth)	Blond Hair
\\/wiki\\/Miss_Fear_(New_Earth)	Black Hair
\\/wiki\\/Scarlet_Rose_(New_Earth)	Brown Hair
\\/wiki\\/Armitage_Hawsley_(New_Earth)	Black Hair
\\/wiki\\/Bradford_Sackett_(New_Earth)	Brown Hair
\\/wiki\\/Chas_Parmenter_(New_Earth)	Brown Hair
\\/wiki\\/Craig_Windrow_(New_Earth)	Brown Hair
\\/wiki\\/Francis_Beauvedere_(New_Earth)	Blond Hair
\\/wiki\\/Nicholas_Kotero_(New_Earth)	Brown Hair
\\/wiki\\/Nora_Fries_(New_Earth)	Blond Hair
\\/wiki\\/Archer_Braun_(New_Earth)	Blond Hair
\\/wiki\\/Dalkriig-Hath_(New_Earth)	Black Hair
\\/wiki\\/Deadfall_I_(New_Earth)	Brown Hair
\\/wiki\\/Eldon_Adams_(New_Earth)	Black Hair
\\/wiki\\/Guardian_of_Hy-Brasil_(New_Earth)	Green Hair
\\/wiki\\/Johnny_Navarone_(New_Earth)	Black Hair
\\/wiki\\/JT_Burns_(New_Earth)	Brown Hair
\\/wiki\\/Jugular_(New_Earth)	Red Hair
\\/wiki\\/Know_Man_(New_Earth)	Purple Hair
\\/wiki\\/Longshadow_(New_Earth)	Black Hair
\\/wiki\\/Mattie_Harcourt_(New_Earth)	Black Hair
\\/wiki\\/Nathaniel_(New_Earth)	White Hair
\\/wiki\\/Sureshot_(New_Earth)	Blond Hair
\\/wiki\\/Alan_Armstrong_(New_Earth)	Black Hair
\\/wiki\\/Bomber_(New_Earth)	Brown Hair
\\/wiki\\/Devlin_(New_Earth)	Brown Hair
\\/wiki\\/Jacob_Bernstein_(New_Earth)	Blond Hair
\\/wiki\\/Jacob_Freeman_(New_Earth)	Grey Hair
\\/wiki\\/Joshua_Wayne_(New_Earth)	Brown Hair
\\/wiki\\/Julie_Caesar_(New_Earth)	Red Hair
\\/wiki\\/Paul_Christian_(New_Earth)	Brown Hair
\\/wiki\\/Rafael_Harris_(New_Earth)	Black Hair
\\/wiki\\/Shiv_II_(New_Earth)	Blond Hair
\\/wiki\\/Spindoc_(New_Earth)	Blond Hair
\\/wiki\\/Technician_(New_Earth)	Black Hair
\\/wiki\\/Uptown_(New_Earth)	Brown Hair
\\/wiki\\/Veronica_Dale_(New_Earth)	Brown Hair
\\/wiki\\/William_Baker_(New_Earth)	Black Hair
\\/wiki\\/Brontes_(New_Earth)	Brown Hair
\\/wiki\\/Carlton_Slater_(New_Earth)	Blond Hair
\\/wiki\\/Cricket_Kelly_(New_Earth)	Blond Hair
\\/wiki\\/Jeven_Ognats_(Post-Zero_Hour)	Brown Hair
\\/wiki\\/Madeline_Giles_(New_Earth)	Black Hair
\\/wiki\\/Madison_Claiborne_(New_Earth)	Brown Hair
\\/wiki\\/Njara_Kattuah_(New_Earth)	Black Hair
\\/wiki\\/Raymond_Kessler_(New_Earth)	Brown Hair
\\/wiki\\/Sidearm_(New_Earth)	Red Hair
\\/wiki\\/Troll_(New_Earth)	Black Hair
\\/wiki\\/Jillian_Conway_(New_Earth)	Blond Hair
\\/wiki\\/John_Oakes_(New_Earth)	Black Hair
\\/wiki\\/Pax_(New_Earth)	Black Hair
\\/wiki\\/Razer_(New_Earth)	Black Hair
\\/wiki\\/Roger_Goldman_(New_Earth)	Brown Hair
\\/wiki\\/Sanjeet_Bhatia_(New_Earth)	Black Hair
\\/wiki\\/Tiffany_Evans_(Dakotaverse)	Brown Hair
\\/wiki\\/Edwardo_Guzman_(New_Earth)	Black Hair
\\/wiki\\/Fel_Andar_(New_Earth)	Black Hair
\\/wiki\\/Jocasta_(New_Earth)	Red Hair
\\/wiki\\/Master_Blaster_(New_Earth)	Black Hair
\\/wiki\\/Percival_(New_Earth)	White Hair
\\/wiki\\/Sidewinder_(New_Earth)	Green Hair
\\/wiki\\/Agent_!_(New_Earth)	Black Hair
\\/wiki\\/Minkis_(New_Earth)	Red Hair
\\/wiki\\/Mrs._Gradenko_(New_Earth)	Grey Hair
\\/wiki\\/Robert_Carmichael_(New_Earth)	Blond Hair
\\/wiki\\/Andromeda_Strange_(New_Earth)	Brown Hair
\\/wiki\\/Carrie_Donahue_(New_Earth)	Brown Hair
\\/wiki\\/Grant_Morrison_(New_Earth)	Black Hair
\\/wiki\\/Johanna_Constantine_(New_Earth)	Blond Hair
\\/wiki\\/Mark_Nagoya_(New_Earth)	Black Hair
\\/wiki\\/Morax_(New_Earth)	Brown Hair
\\/wiki\\/Robert_Gadling_(New_Earth)	Brown Hair
\\/wiki\\/Shalako_(New_Earth)	Blond Hair
\\/wiki\\/Tsunami_II_(New_Earth)	Black Hair
\\/wiki\\/Alexander_Burgess_(New_Earth)	Red Hair
\\/wiki\\/Eleanor_Poole_(New_Earth)	Brown Hair
\\/wiki\\/Forager_II_(New_Earth)	Green Hair
\\/wiki\\/Joseph_Potato_(New_Earth)	White Hair
\\/wiki\\/La_Bruja_(New_Earth)	Grey Hair
\\/wiki\\/Mark_Felps_(New_Earth)	Blond Hair
\\/wiki\\/Maya_(New_Earth)	Blond Hair
\\/wiki\\/Mrs._Levy_(New_Earth)	Black Hair
\\/wiki\\/Ouranos_(New_Earth)	White Hair
\\/wiki\\/Richard_Redditch_(New_Earth)	Red Hair
\\/wiki\\/Ronnie_Sarasky_(New_Earth)	Red Hair
\\/wiki\\/Sarah_Moss_(New_Earth)	Brown Hair
\\/wiki\\/Tracker_(New_Earth)	Brown Hair
\\/wiki\\/Victor_Gover_(New_Earth)	Black Hair
\\/wiki\\/Ada_LaBostrie_(New_Earth)	Black Hair
\\/wiki\\/Arthur_Gordon_Pym_(New_Earth)	Blond Hair
\\/wiki\\/Carrie_Phillips_(New_Earth)	Black Hair
\\/wiki\\/David_Kapatelis_(New_Earth)	Brown Hair
\\/wiki\\/Death_Mayhew_(New_Earth)	Brown Hair
\\/wiki\\/Derek_Trevor_(New_Earth)	Brown Hair
\\/wiki\\/Frank_Keller_(New_Earth)	Blond Hair
\\/wiki\\/Garth_McGarth_(New_Earth)	Brown Hair
\\/wiki\\/Incinderella_(New_Earth)	Brown Hair
\\/wiki\\/Ixion_(New_Earth)	Green Hair
\\/wiki\\/James_Buchanan_Sawyer_(New_Earth)	Brown Hair
\\/wiki\\/Joachim_Hesse_(New_Earth)	Brown Hair
\\/wiki\\/Keng_Quan_Chee_(New_Earth)	Black Hair
\\/wiki\\/Lord_Malvolio_(New_Earth)	Grey Hair
\\/wiki\\/Mind_Games_(New_Earth)	Blond Hair
\\/wiki\\/Nabih_Salari_(New_Earth)	Black Hair
\\/wiki\\/Ritter_Hendricksen_(New_Earth)	White Hair
\\/wiki\\/Shadrack_Hightower_(New_Earth)	White Hair
\\/wiki\\/Stanislaus_Drozdowski_(New_Earth)	Blond Hair
\\/wiki\\/Stasis_(New_Earth)	Brown Hair
\\/wiki\\/Strobe_(New_Earth)	Brown Hair
\\/wiki\\/Trudy_Powell_(New_Earth)	Blond Hair
\\/wiki\\/Vincent_Meekins_(New_Earth)	Blond Hair
\\/wiki\\/Wellman_LeGros_(New_Earth)	Brown Hair
\\/wiki\\/Angela_Adam_(New_Earth)	Blond Hair
\\/wiki\\/Arnold_Flass_(New_Earth)	Blond Hair
\\/wiki\\/Ashok_Desai_(New_Earth)	Black Hair
\\/wiki\\/Godiva_II_(New_Earth)	Black Hair
\\/wiki\\/Jaculi_I_(New_Earth)	Black Hair
\\/wiki\\/Jefferson_Skeevers_(New_Earth)	Black Hair
\\/wiki\\/Josef_Denisovich_(New_Earth)	Blond Hair
\\/wiki\\/Mackenzie_Garrison_(New_Earth)	Brown Hair
\\/wiki\\/Richard_Flag,_Sr._(New_Earth)	Brown Hair
\\/wiki\\/Roger_Gordon_(New_Earth)	Brown Hair
\\/wiki\\/Ronal_(New_Earth)	Blond Hair
\\/wiki\\/Van-L_(New_Earth)	Brown Hair
\\/wiki\\/Wrynn_(New_Earth)	Black Hair
\\/wiki\\/Anne_Pasquale_(New_Earth)	Black Hair
\\/wiki\\/Edward_Slick_(New_Earth)	Black Hair
\\/wiki\\/Gwyneth_Tate_(New_Earth)	Red Hair
\\/wiki\\/Marlene_Simmonds_(New_Earth)	Green Hair
\\/wiki\\/Richard_Perignon_(New_Earth)	Brown Hair
\\/wiki\\/Amber_II_(New_Earth)	Black Hair
\\/wiki\\/Michael_Sanchez_(New_Earth)	Black Hair
\\/wiki\\/Nebel_(New_Earth)	Grey Hair
\\/wiki\\/Talmadge_(New_Earth)	Green Hair
\\/wiki\\/Chanka_Silver_Deer_(New_Earth)	Black Hair
\\/wiki\\/Delingis_Jarouq_(New_Earth)	Black Hair
\\/wiki\\/Diana_(New_Earth)	Brown Hair
\\/wiki\\/Jose_Ramirez_(New_Earth)	Black Hair
\\/wiki\\/Richard_Nixon_(New_Earth)	Black Hair
\\/wiki\\/Brains_II_(New_Earth)	Blond Hair
\\/wiki\\/Coopersmith_(New_Earth)	Brown Hair
\\/wiki\\/Lawrence_Loman_(New_Earth)	Black Hair
\\/wiki\\/Lord_Topaz_(New_Earth)	White Hair
\\/wiki\\/Lysandra_(New_Earth)	Red Hair
\\/wiki\\/Marcia_Long_(New_Earth)	Brown Hair
\\/wiki\\/Trident_III_(New_Earth)	Black Hair
\\/wiki\\/Diana_Lyon_(New_Earth)	Strawberry Blond Hair
\\/wiki\\/Helen_Alexandros_(New_Earth)	Blond Hair
\\/wiki\\/Jeryll_(New_Earth)	White Hair
\\/wiki\\/Lady_Viper_(Earth-One)	Blond Hair
\\/wiki\\/Luna_Nurblin_(New_Earth)	Blond Hair
\\/wiki\\/Michael_Beldon_(New_Earth)	Brown Hair
\\/wiki\\/Wu_Cheng_(New_Earth)	Black Hair
\\/wiki\\/Fentara_Rrab_(New_Earth)	White Hair
\\/wiki\\/Ishtar_(New_Earth)	Brown Hair
\\/wiki\\/Kana_(Earth-One)	Black Hair
\\/wiki\\/Marcy_Reynolds_(New_Earth)	Black Hair
\\/wiki\\/Alvin_Desmond_(New_Earth)	Red Hair
\\/wiki\\/Chakal_(New_Earth)	Black Hair
\\/wiki\\/Michael_Bailey_(Earth-One)	Black Hair
\\/wiki\\/Robert_Lee_(New_Earth)	White Hair
\\/wiki\\/Alexi_Kronsky_(New_Earth)	Black Hair
\\/wiki\\/Edward_Earhart_(New_Earth)	Brown Hair
\\/wiki\\/Janice_Jordan_(New_Earth)	Black Hair
\\/wiki\\/Wayne_Clifford_(New_Earth)	Blond Hair
\\/wiki\\/Jerzy_Reganiewicz_(New_Earth)	Red Hair
\\/wiki\\/Commodore_Murphy_(New_Earth)	Brown Hair
\\/wiki\\/J.P._Houston_(New_Earth)	Red Hair
\\/wiki\\/Solomon_Driver_(New_Earth)	Brown Hair
\\/wiki\\/Aurakles_(New_Earth)	Red Hair
\\/wiki\\/Heggra_(New_Earth)	Red Hair
\\/wiki\\/Harold_Christos_(New_Earth)	Brown Hair
\\/wiki\\/Thunderer_the_Horse_(New_Earth)	White Hair
\\/wiki\\/Jason_Grant,_Jr._(New_Earth)	Blond Hair
\\/wiki\\/Samuel_Wilson_(New_Earth)	Grey Hair
\\/wiki\\/Heller_(New_Earth)	Red Hair
\\/wiki\\/Jarvis_Kord_(New_Earth)	White Hair
\\/wiki\\/Delbert_Billings_(New_Earth)	Brown Hair
\\/wiki\\/Nicholas_Hunter_(New_Earth)	Red Hair
\\/wiki\\/Silken_Spider_(New_Earth)	Black Hair
\\/wiki\\/Christine_Ferris_(New_Earth)	Brown Hair
\\/wiki\\/Xebel_(New_Earth)	Grey Hair
\\/wiki\\/Samuel_Gordon_(New_Earth)	Brown Hair
\\/wiki\\/Brane_Taylor_(New_Earth)	Blond Hair
\\/wiki\\/Black_Lightning_the_Horse_(New_Earth)	White Hair
\\/wiki\\/James_Slade_(New_Earth)	Black Hair
\\/wiki\\/Fernando_Suarez_(New_Earth)	Black Hair
\\/wiki\\/Virgil_Adams_(New_Earth)	Black Hair
\\/wiki\\/Rema_(New_Earth)	Black Hair
\\/wiki\\/Mora_(New_Earth)	Blond Hair
\\/wiki\\/Adrasteia_(New_Earth)	Red Hair
\\/wiki\\/Aleister_Golden_(New_Earth)	Blond Hair
\\/wiki\\/Alexandra_Gianopoulos_(New_Earth)	Black Hair
\\/wiki\\/Annie_Palmer_(New_Earth)	Brown Hair
\\/wiki\\/Cameron_Kane_(New_Earth)	Black Hair
\\/wiki\\/David_Zavimbi_(New_Earth)	Black Hair
\\/wiki\\/Galenthias_(New_Earth)	Black Hair
\\/wiki\\/Inertia_II_(New_Earth)	Blond Hair
\\/wiki\\/Janosz_Valentin_(New_Earth)	Black Hair
\\/wiki\\/Jay_Young_(New_Earth)	Blond Hair
\\/wiki\\/Jennifer_Blitz_(New_Earth)	Blond Hair
\\/wiki\\/Martin_Mayne_(New_Earth)	White Hair
\\/wiki\\/Miranda_Shrieve_(New_Earth)	Brown Hair
\\/wiki\\/Qurina_Vint_(New_Earth)	Purple Hair
\\/wiki\\/Tracey_Graham_(New_Earth)	Brown Hair
\\/wiki\\/Una_Nemo_(New_Earth)	Black Hair
\\/wiki\\/Abraham_Pointe_(New_Earth)	Blond Hair
\\/wiki\\/Alton_Janus_(New_Earth)	White Hair
\\/wiki\\/Astarte_(New_Earth)	Blond Hair
\\/wiki\\/Car-Vex_(New_Earth)	Brown Hair
\\/wiki\\/Cybele_Sahin_(New_Earth)	Black Hair
\\/wiki\\/Divine_(New_Earth)	Black Hair
\\/wiki\\/Doctor_Demon_(New_Earth)	Blond Hair
\\/wiki\\/Doll_Face_(New_Earth)	Blond Hair
\\/wiki\\/Durvella_Cwion_(New_Earth)	Blond Hair
\\/wiki\\/Dust_Devil_(New_Earth)	Black Hair
\\/wiki\\/Hunter_II_(New_Earth)	Red Hair
\\/wiki\\/Jarvis_Poker_(New_Earth)	Purple Hair
\\/wiki\\/Jock_(New_Earth)	Red Hair
\\/wiki\\/Lucius_(New_Earth)	Blond Hair
\\/wiki\\/Nix_(New_Earth)	Black Hair
\\/wiki\\/Oracle_(New_Earth)	Blond Hair
\\/wiki\\/Quex-Ul_(New_Earth)	White Hair
\\/wiki\\/Sac_(New_Earth)	Black Hair
\\/wiki\\/Salt_of_the_Earth_(New_Earth)	Brown Hair
\\/wiki\\/Tender_Mercy_(New_Earth)	Blue Hair
\\/wiki\\/Wolf_(New_Earth)	Brown Hair
\\/wiki\\/Zadar_(New_Earth)	Black Hair
\\/wiki\\/Brown_Recluse_(New_Earth)	Black Hair
\\/wiki\\/Ermey_(New_Earth)	Red Hair
\\/wiki\\/Gabrielle_Kane_(New_Earth)	Blond Hair
\\/wiki\\/Leonard_Ruttman_(New_Earth)	Brown Hair
\\/wiki\\/Maelstrom_(New_Earth)	Black Hair
\\/wiki\\/Persephone_II_(New_Earth)	White Hair
\\/wiki\\/Ral-Dar_(New_Earth)	Blond Hair
\\/wiki\\/Shor_(New_Earth)	Black Hair
\\/wiki\\/Shuja_(New_Earth)	Black Hair
\\/wiki\\/Tanimin_(New_Earth)	Black Hair
\\/wiki\\/Tor-An_(New_Earth)	Brown Hair
\\/wiki\\/Underhand_(New_Earth)	Black Hair
\\/wiki\\/Adeline_Prescott_(New_Earth)	Brown Hair
\\/wiki\\/Civet_(New_Earth)	Brown Hair
\\/wiki\\/Doctor_Aesop_(New_Earth)	Grey Hair
\\/wiki\\/Fairy_Queen_(New_Earth)	Blond Hair
\\/wiki\\/Gwendoline_Harper_(New_Earth)	Blond Hair
\\/wiki\\/Joshua_Walker_(New_Earth)	White Hair
\\/wiki\\/Miss_Poltergeist_(New_Earth)	Purple Hair
\\/wiki\\/Palmer_Cokes_(New_Earth)	Black Hair
\\/wiki\\/Repro_(New_Earth)	Blond Hair
\\/wiki\\/Sardonyxx_(New_Earth)	Red Hair
\\/wiki\\/Acheron_(New_Earth)	Black Hair
\\/wiki\\/Bizarro_Wonder_Woman_(New_Earth)	Black Hair
\\/wiki\\/Blitzkrieg_(New_Earth)	Blond Hair
\\/wiki\\/Cheater_(New_Earth)	Blond Hair
\\/wiki\\/Jackanapes_(New_Earth)	Black Hair
\\/wiki\\/Karna_(New_Earth)	Black Hair
\\/wiki\\/Karsta_Wor-Ul_(New_Earth)	Red Hair
\\/wiki\\/Chen_Nuo_(New_Earth)	Black Hair
\\/wiki\\/Devem_(New_Earth)	Brown Hair
\\/wiki\\/Eliza_Harmon_(New_Earth)	Brown Hair
\\/wiki\\/Erik_Gavlin_(New_Earth)	Blond Hair
\\/wiki\\/Goldilocks_(New_Earth)	Blond Hair
\\/wiki\\/Hu_Wei_(New_Earth)	White Hair
\\/wiki\\/Jared_Walton_(New_Earth)	Brown Hair
\\/wiki\\/Krystal_(New_Earth)	Black Hair
\\/wiki\\/Lady_Liberty_IV_(New_Earth)	Black Hair
\\/wiki\\/Mabel_Martin_(New_Earth)	Blond Hair
\\/wiki\\/Ronald_Edwards_(New_Earth)	White Hair
\\/wiki\\/Sister_Shadow_(New_Earth)	White Hair
\\/wiki\\/Theodore_Gavlin_(New_Earth)	Grey Hair
\\/wiki\\/Venus_Sivana_(New_Earth)	Blond Hair
\\/wiki\\/Barnard_Blaine_(New_Earth)	Grey Hair
\\/wiki\\/Clarence_McMullen_(New_Earth)	Black Hair
\\/wiki\\/Jacqueline_Pemberton_(New_Earth)	Red Hair
\\/wiki\\/Louisa_Falcone_(New_Earth)	Black Hair
\\/wiki\\/Queen_of_Spades_III_(New_Earth)	Black Hair
\\/wiki\\/Red_of_the_Rainbow_Raiders_(New_Earth)	Red Hair
\\/wiki\\/Violet_of_the_Rainbow_Raiders_(New_Earth)	Purple Hair
\\/wiki\\/Todd_Martin_(New_Earth)	Blond Hair
\\/wiki\\/Alexander_Petrov_(New_Earth)	Black Hair
\\/wiki\\/Chad_Solomon_Kiyahani_(New_Earth)	Black Hair
\\/wiki\\/Colin_Mitchell_(New_Earth)	Red Hair
\\/wiki\\/David_Page_(New_Earth)	Red Hair
\\/wiki\\/Eric_Stewart_(New_Earth)	Blond Hair
\\/wiki\\/Harlan_Combs_(New_Earth)	Brown Hair
\\/wiki\\/Helen_Shepherd_(New_Earth)	Blond Hair
\\/wiki\\/Michael_Sommers_(New_Earth)	Black Hair
\\/wiki\\/Rajak_Darkraven_(New_Earth)	Black Hair
\\/wiki\\/Xenon_(New_Earth)	White Hair
\\/wiki\\/Agrippina_(New_Earth)	Blue Hair
\\/wiki\\/Hallucinatra_(New_Earth)	White Hair
\\/wiki\\/Jack_Spheer_(New_Earth)	Grey Hair
\\/wiki\\/Snake_Girl_(New_Earth)	Brown Hair
\\/wiki\\/Carnivora_(New_Earth)	Purple Hair
\\/wiki\\/Faora_Hu-Ul_(New_Earth)	Brown Hair
\\/wiki\\/Pamela_(New_Earth)	Black Hair
\\/wiki\\/Rampotatek_(New_Earth)	Blue Hair
\\/wiki\\/Theta_(New_Earth)	Blond Hair
\\/wiki\\/Alcmaeon_(New_Earth)	Black Hair
\\/wiki\\/Banner_(New_Earth)	Blond Hair
\\/wiki\\/Benito_Gallo_(New_Earth)	White Hair
\\/wiki\\/Cimarron_(New_Earth)	Black Hair
\\/wiki\\/Enrico_Inzerillo_(New_Earth)	Grey Hair
\\/wiki\\/Isabella_Feretti_(New_Earth)	Black Hair
\\/wiki\\/Katherine_Riordan_(New_Earth)	Red Hair
\\/wiki\\/Wallace_Ebersol_(New_Earth)	Black Hair
\\/wiki\\/Abu-Gita_(New_Earth)	Black Hair
\\/wiki\\/Bear_Boy_(New_Earth)	Brown Hair
\\/wiki\\/Black_Zero_(New_Earth)	Black Hair
\\/wiki\\/Camilla_Malone_(New_Earth)	Black Hair
\\/wiki\\/E._Wilbur_Wolfingham_(New_Earth)	Brown Hair
\\/wiki\\/Earl_James_(New_Earth)	Black Hair
\\/wiki\\/Frances_Monaghan_(New_Earth)	Black Hair
\\/wiki\\/Frederick_Fleming_(New_Earth)	Black Hair
\\/wiki\\/Garl_Rathbone_(New_Earth)	Black Hair
\\/wiki\\/Gonzalo_Vasquez_(New_Earth)	Brown Hair
\\/wiki\\/Ice_Sickle_(New_Earth)	Black Hair
\\/wiki\\/Rebecca_Tyler_(New_Earth)	Blond Hair
\\/wiki\\/Richard_Agoras_(New_Earth)	Black Hair
\\/wiki\\/Skanda_(New_Earth)	Black Hair
\\/wiki\\/Sool_(New_Earth)	Blond Hair
\\/wiki\\/Spotted_Balls_(New_Earth)	Black Hair
\\/wiki\\/Thula_(New_Earth)	Black Hair
\\/wiki\\/Ulgo_(New_Earth)	Black Hair
\\/wiki\\/William_Bruce_Smith_(New_Earth)	Black Hair
\\/wiki\\/Dolores_Winters_II_(New_Earth)	Brown Hair
\\/wiki\\/Kal-El_(DC_One_Million)	Gold Hair
\\/wiki\\/Kijaro_(New_Earth)	White Hair
\\/wiki\\/Knob_(New_Earth)	Brown Hair
\\/wiki\\/Morrigan_(New_Earth)	Black Hair
\\/wiki\\/Quartzite_(New_Earth)	Blond Hair
\\/wiki\\/Walter_Chase_(New_Earth)	Blond Hair
\\/wiki\\/Artemis_Freeker_(New_Earth)	Brown Hair
\\/wiki\\/Brenda_Ruskin_(New_Earth)	Red Hair
\\/wiki\\/Joseph_Zedno_(New_Earth)	Blond Hair
\\/wiki\\/Kenn_Kawa_(New_Earth)	Black Hair
\\/wiki\\/Marlon_Corbet_(New_Earth)	Black Hair
\\/wiki\\/Marnie_(New_Earth)	Blond Hair
\\/wiki\\/Milo_Armitage_(New_Earth)	Grey Hair
\\/wiki\\/Motalla_(New_Earth)	Black Hair
\\/wiki\\/Paula_Holt_(New_Earth)	Brown Hair
\\/wiki\\/Professor_Bibbowski_(New_Earth)	Grey Hair
\\/wiki\\/Belyllioth_(New_Earth)	Brown Hair
\\/wiki\\/Crackshot_(New_Earth)	Blond Hair
\\/wiki\\/Fixit_(New_Earth)	White Hair
\\/wiki\\/Helena_Perrier_(New_Earth)	Brown Hair
\\/wiki\\/Kendall_Stuart_(New_Earth)	Brown Hair
\\/wiki\\/Leanore_We_(New_Earth)	Brown Hair
\\/wiki\\/Marcia_Hargis_(New_Earth)	Blond Hair
\\/wiki\\/Milos_Grapa_(New_Earth)	Grey Hair
\\/wiki\\/Minerva_(New_Earth)	Brown Hair
\\/wiki\\/Pinky_Butler_(New_Earth)	Black Hair
\\/wiki\\/Rak_Arranya_(New_Earth)	Brown Hair
\\/wiki\\/Shaxak_(New_Earth)	Brown Hair
\\/wiki\\/Sylvia_Danvers_(New_Earth)	Brown Hair
\\/wiki\\/Wendell_Sharpe_(New_Earth)	Black Hair
\\/wiki\\/Actuary_(New_Earth)	White Hair
\\/wiki\\/Bounty_(New_Earth)	Black Hair
\\/wiki\\/Eryx_(New_Earth)	Purple Hair
\\/wiki\\/Goode_Ole_Bernie_(New_Earth)	Red Hair
\\/wiki\\/Heather_Farr_(New_Earth)	Blond Hair
\\/wiki\\/Katrina_Krieger_(New_Earth)	Blond Hair
\\/wiki\\/Kwintz_(New_Earth)	Orange Hair
\\/wiki\\/Phillip_Darrow_(New_Earth)	Grey Hair
\\/wiki\\/Russell_Wolf_(New_Earth)	Black Hair
\\/wiki\\/White_Lotus_(New_Earth)	Black Hair
\\/wiki\\/Wilde_Norton_(New_Earth)	Brown Hair
\\/wiki\\/Bad_Blood_(New_Earth)	Grey Hair
\\/wiki\\/Bernard_Emil_Morlock_(New_Earth)	White Hair
\\/wiki\\/Bloodmoney_(New_Earth)	Blond Hair
\\/wiki\\/Caliber_(New_Earth)	Brown Hair
\\/wiki\\/Chrysalis_(New_Earth)	Brown Hair
\\/wiki\\/Jonathan_Naissi_(New_Earth)	Blond Hair
\\/wiki\\/Miasma_(New_Earth)	Blond Hair
\\/wiki\\/Mohammed_Ibn_Bornu_(New_Earth)	Black Hair
\\/wiki\\/Payback_(New_Earth)	Green Hair
\\/wiki\\/Rumble_II_(New_Earth)	Brown Hair
\\/wiki\\/Scatter_(New_Earth)	Green Hair
\\/wiki\\/Shellshock_(New_Earth)	Green Hair
\\/wiki\\/Silver_Dragon_(New_Earth)	Black Hair
\\/wiki\\/Split_(New_Earth)	Blond Hair
\\/wiki\\/Wildside_(New_Earth)	Brown Hair
\\/wiki\\/Adam,_Sector_1055_(New_Earth)	Purple Hair
\\/wiki\\/Blaster_(New_Earth)	Black Hair
\\/wiki\\/Cokie_Walters_(New_Earth)	Brown Hair
\\/wiki\\/Darlene_Spritzer_(New_Earth)	Red Hair
\\/wiki\\/Harlequin_III_(New_Earth)	White Hair
\\/wiki\\/Isabelle_Modini_(New_Earth)	Brown Hair
\\/wiki\\/Kentor_Omoto_(New_Earth)	Purple Hair
\\/wiki\\/Kieron_Masterson_(New_Earth)	Brown Hair
\\/wiki\\/Kurt_Stack_(New_Earth)	Red Hair
\\/wiki\\/Michael_Ryer_(New_Earth)	Brown Hair
\\/wiki\\/Napalm_I_(New_Earth)	Red Hair
\\/wiki\\/Rebel_I_(New_Earth)	Brown Hair
\\/wiki\\/Riot_(New_Earth)	Brown Hair
\\/wiki\\/Slow_Go_Smith_(New_Earth)	White Hair
\\/wiki\\/Andre_Sinclair_(New_Earth)	Brown Hair
\\/wiki\\/Dean_Hunter_(New_Earth)	Blond Hair
\\/wiki\\/Dob_Zagil_(New_Earth)	Red Hair
\\/wiki\\/Jackal_II_(New_Earth)	Brown Hair
\\/wiki\\/Marian_Mercer_(New_Earth)	Blond Hair
\\/wiki\\/Martina_Mericloinka_(New_Earth)	Black Hair
\\/wiki\\/Merd_(New_Earth)	Red Hair
\\/wiki\\/Toy_(New_Earth)	White Hair
\\/wiki\\/Bes_(New_Earth)	Brown Hair
\\/wiki\\/Birgit_Eisenmann_(New_Earth)	Black Hair
\\/wiki\\/Hyanthis_(New_Earth)	Red Hair
\\/wiki\\/Natalia_Spirin_(New_Earth)	Black Hair
\\/wiki\\/Shen_Chi_(New_Earth)	Black Hair
\\/wiki\\/Shivering_Jemmy_(New_Earth)	Blond Hair
\\/wiki\\/Susano-o-no-Mikoto_(New_Earth)	Black Hair
\\/wiki\\/Tooley_Wilson_(New_Earth)	Black Hair
\\/wiki\\/Alan_Markham_(New_Earth)	Black Hair
\\/wiki\\/Alloroc_(New_Earth)	White Hair
\\/wiki\\/Eight_of_Spades_I_(New_Earth)	Blond Hair
\\/wiki\\/Four_of_Spades_I_(New_Earth)	Black Hair
\\/wiki\\/Haumond_(New_Earth)	Black Hair
\\/wiki\\/Honsu_(New_Earth)	Black Hair
\\/wiki\\/Loma_(New_Earth)	Brown Hair
\\/wiki\\/Lorelei_(New_Earth)	Brown Hair
\\/wiki\\/Nine_of_Spades_I_(New_Earth)	Black Hair
\\/wiki\\/Prince_Kraken_(New_Earth)	Black Hair
\\/wiki\\/Richard_Grant_(New_Earth)	Brown Hair
\\/wiki\\/Serina_Grant_(New_Earth)	White Hair
\\/wiki\\/Seven_of_Spades_I_(New_Earth)	Black Hair
\\/wiki\\/Simon_Petrarch_(New_Earth)	Black Hair
\\/wiki\\/Six_of_Spades_I_(New_Earth)	Black Hair
\\/wiki\\/Three_of_Spades_I_(New_Earth)	Red Hair
\\/wiki\\/Two_of_Spades_I_(New_Earth)	Black Hair
\\/wiki\\/Albert_Tyler_(New_Earth)	White Hair
\\/wiki\\/Anahid_(New_Earth)	Brown Hair
\\/wiki\\/Clio_(New_Earth)	Brown Hair
\\/wiki\\/Delia_Ryan_(New_Earth)	Blond Hair
\\/wiki\\/Eloise_Longacre_(New_Earth)	Black Hair
\\/wiki\\/Ernesto_Lopez_(New_Earth)	Brown Hair
\\/wiki\\/Frederick_Steddy_(New_Earth)	White Hair
\\/wiki\\/Lurgo_(New_Earth)	Black Hair
\\/wiki\\/Niobe_(New_Earth)	Black Hair
\\/wiki\\/Roger_Richter_(New_Earth)	Brown Hair
\\/wiki\\/Ashley_Mavis_Powell_(New_Earth)	Black Hair
\\/wiki\\/Eiji_Hasegawa_(New_Earth)	Black Hair
\\/wiki\\/Elizabeth_Joyce_(New_Earth)	Red Hair
\\/wiki\\/Eric_Forrester_(New_Earth)	Black Hair
\\/wiki\\/Force_(New_Earth)	Blond Hair
\\/wiki\\/Howard_Baxter-Foote_(New_Earth)	Blond Hair
\\/wiki\\/Jeannie_Kerr_(New_Earth)	Blond Hair
\\/wiki\\/Kevin_Mayer_(New_Earth)	Black Hair
\\/wiki\\/Lawrence_Eden_(New_Earth)	Black Hair
\\/wiki\\/Mitchell_Sekofsky_(New_Earth)	Red Hair
\\/wiki\\/Roger_Dayton_(New_Earth)	Brown Hair
\\/wiki\\/Shadowblade_(New_Earth)	Brown Hair
\\/wiki\\/Amber_(New_Earth)	Red Hair
\\/wiki\\/Broderick_(New_Earth)	Red Hair
\\/wiki\\/Donal_(New_Earth)	Blond Hair
\\/wiki\\/Eos_(New_Earth)	White Hair
\\/wiki\\/Fay_Gunn_(New_Earth)	White Hair
\\/wiki\\/Rita_Librado_(New_Earth)	Brown Hair
\\/wiki\\/Spectrumonster_(New_Earth)	Black Hair
\\/wiki\\/Theodora_Twidgett_(New_Earth)	Red Hair
\\/wiki\\/Vara_(New_Earth)	Black Hair
\\/wiki\\/Wissen_(New_Earth)	White Hair
\\/wiki\\/Zebra-Man_II_(New_Earth)	Black Hair
\\/wiki\\/Adolf_Hitler_Clone_(New_Earth)	Black Hair
\\/wiki\\/Eochaid_Bres_(New_Earth)	Green Hair
\\/wiki\\/Jonah_(New_Earth)	Blond Hair
\\/wiki\\/Blackjack_McCullough_(New_Earth)	Brown Hair
\\/wiki\\/Nacht_(New_Earth)	Black Hair
\\/wiki\\/Death_Dealer_(New_Earth)	Red Hair
\\/wiki\\/Elmira_Cassiday_(New_Earth)	White Hair
\\/wiki\\/Joel_Cochin_(New_Earth)	Brown Hair
\\/wiki\\/Julian_Hayden_(New_Earth)	Brown Hair
\\/wiki\\/Stratos_(New_Earth)	Blond Hair
\\/wiki\\/Avir_(New_Earth)	White Hair
\\/wiki\\/Brin_(New_Earth)	White Hair
\\/wiki\\/Executrix_(Earth-One)	Brown Hair
\\/wiki\\/Taren_(New_Earth)	Red Hair
\\/wiki\\/Titaness_(New_Earth)	Red Hair
\\/wiki\\/Violet_Harper_(New_Earth)	Blond Hair
\\/wiki\\/Renard_Traquer_(Earth-One)	Black Hair
\\/wiki\\/Tahr_(New_Earth)	White Hair
\\/wiki\\/Vanessa_Tremont_(New_Earth)	Strawberry Blond Hair
\\/wiki\\/Antonio_Ramirez_(Earth-One)	Black Hair
\\/wiki\\/Ahura-Mazda_(New_Earth)	Gold Hair
\\/wiki\\/Anton_Allegro_(New_Earth)	Red Hair
\\/wiki\\/Edward_Cantwell_(New_Earth)	Red Hair
\\/wiki\\/Helen_Jordan_(New_Earth)	Black Hair
\\/wiki\\/Ruth_Monroe_(New_Earth)	Red Hair
\\/wiki\\/Bananas_(New_Earth)	Black Hair
\\/wiki\\/Good_Looks_(New_Earth)	Brown Hair
\\/wiki\\/Krunch_(New_Earth)	Red Hair
\\/wiki\\/Liza_Warner_(New_Earth)	Blond Hair
\\/wiki\\/Ulysses_Grant_(New_Earth)	Brown Hair
\\/wiki\\/Dancer_(New_Earth)	Black Hair
\\/wiki\\/Auralie_(New_Earth)	Brown Hair
\\/wiki\\/John_Deleon_(New_Earth)	Black Hair
\\/wiki\\/Angel_Devlin_(New_Earth)	Black Hair
\\/wiki\\/Denise_de_Sevigne_(New_Earth)	Brown Hair
\\/wiki\\/Lee_Carver_(New_Earth)	Brown Hair
\\/wiki\\/Byron_Williams_(New_Earth)	Brown Hair
\\/wiki\\/Davo_Yull_(New_Earth)	Black Hair
\\/wiki\\/Gilbert_Jeffries_(New_Earth)	Black Hair
\\/wiki\\/Philip_Folger_(New_Earth)	Blond Hair
\\/wiki\\/Cernunnos_(New_Earth)	Black Hair
\\/wiki\\/Ding-Dong_Daddy_(New_Earth)	Black Hair
\\/wiki\\/Edward_Whit_(New_Earth)	Red Hair
\\/wiki\\/Shaggy_Man_II_(New_Earth)	Brown Hair
\\/wiki\\/Ki-Nilg_(New_Earth)	White Hair
\\/wiki\\/Frederick_Storm_(New_Earth)	Black Hair
\\/wiki\\/Tag-A-Long_Thomas_(New_Earth)	Blond Hair
\\/wiki\\/Bulldozer_Nichols_(New_Earth)	Blond Hair
\\/wiki\\/Brave_Bow_(New_Earth)	Grey Hair
\\/wiki\\/Albrecht_Raines_(New_Earth)	Brown Hair
\\/wiki\\/Montgomery_Moran_(New_Earth)	White Hair
\\/wiki\\/Roy_Pinto_(New_Earth)	Blond Hair
\\/wiki\\/Agatha_Wayne_(New_Earth)	White Hair
\\/wiki\\/Emery_Zackro_(New_Earth)	White Hair
\\/wiki\\/Fred_Kincaid_(New_Earth)	Brown Hair
\\/wiki\\/Brane_(New_Earth)	Black Hair
\\/wiki\\/Richard_(New_Earth)	Black Hair
\\/wiki\\/Roy_Harper,_Sr._(New_Earth)	Blond Hair
\\/wiki\\/Benito_Mussolini_(New_Earth)	Black Hair
\\/wiki\\/Henry_Claridge_(New_Earth)	Brown Hair
\\/wiki\\/Adam_(New_Earth)	Black Hair
\\/wiki\\/Noose_(New_Earth)	Blond Hair
\\/wiki\\/Anton_Schott_(New_Earth)	Red Hair
\\/wiki\\/Bixby_Rhodes_(New_Earth)	Black Hair
\\/wiki\\/Brendt_Sorensen_(New_Earth)	Red Hair
\\/wiki\\/Clive_(New_Earth)	White Hair
\\/wiki\\/Enyo_(New_Earth)	Black Hair
\\/wiki\\/Eric_Fine_(New_Earth)	Blond Hair
\\/wiki\\/Henry_Hackenbacker_(New_Earth)	Blond Hair
\\/wiki\\/Korrigan_(New_Earth)	Red Hair
\\/wiki\\/Maggie_Mxyzptlk_(New_Earth)	Brown Hair
\\/wiki\\/Manuel_Carlito_(New_Earth)	Brown Hair
\\/wiki\\/Ophelia_Day_(New_Earth)	Red Hair
\\/wiki\\/Prince_(New_Earth)	Black Hair
\\/wiki\\/Rayhan_Mazin_(New_Earth)	Black Hair
\\/wiki\\/Super-Chief_II_(New_Earth)	Black Hair
\\/wiki\\/Alera_(New_Earth)	White Hair
\\/wiki\\/Benjamin_Vitale_(New_Earth)	Black Hair
\\/wiki\\/Birthday_Girl_(New_Earth)	Black Hair
\\/wiki\\/Blind_Fury_(New_Earth)	White Hair
\\/wiki\\/Charlotte_Blackwood_(New_Earth)	Brown Hair
\\/wiki\\/Director_(New_Earth)	Brown Hair
\\/wiki\\/Distinguished_Gentleman_(New_Earth)	Grey Hair
\\/wiki\\/Elijah_(New_Earth)	White Hair
\\/wiki\\/Evan_Gibson_(New_Earth)	Black Hair
\\/wiki\\/Fro_(New_Earth)	Black Hair
\\/wiki\\/Henri_Ducart_(New_Earth)	Brown Hair
\\/wiki\\/Karl_Zorn_(New_Earth)	White Hair
\\/wiki\\/King_Coal_(New_Earth)	Brown Hair
\\/wiki\\/Lotta_(New_Earth)	Purple Hair
\\/wiki\\/Malia_(New_Earth)	White Hair
\\/wiki\\/Mayor_Fleming_(New_Earth)	Black Hair
\\/wiki\\/Phil_(New_Earth)	Brown Hair
\\/wiki\\/Professional_Scotsman_(New_Earth)	Grey Hair
\\/wiki\\/Rush_Hour_II_(New_Earth)	Black Hair
\\/wiki\\/Sebastian_Rothschild_(New_Earth)	Black Hair
\\/wiki\\/Tangle_(New_Earth)	White Hair
\\/wiki\\/Ak-Var_(New_Earth)	Blond Hair
\\/wiki\\/Alkistis_(New_Earth)	Brown Hair
\\/wiki\\/Beaumont_(New_Earth)	Blond Hair
\\/wiki\\/Big_Game_(New_Earth)	Red Hair
\\/wiki\\/Blake_(New_Earth)	Brown Hair
\\/wiki\\/Catherine_Hamilton_(New_Earth)	Brown Hair
\\/wiki\\/Dregz_(New_Earth)	Brown Hair
\\/wiki\\/Frederick_Abberline_(New_Earth)	Black Hair
\\/wiki\\/Gabriel_Santo_(New_Earth)	Black Hair
\\/wiki\\/Jennifer_Rice_(New_Earth)	Black Hair
\\/wiki\\/Leland_McCauley_(New_Earth)	White Hair
\\/wiki\\/Lyle_Blanco_(New_Earth)	Blond Hair
\\/wiki\\/Mur_(New_Earth)	Brown Hair
\\/wiki\\/Sunny_Jim_(New_Earth)	Blond Hair
\\/wiki\\/Tes_Ak-Var_(New_Earth)	Red Hair
\\/wiki\\/Todd_Rice_(Some_Years_Later)	Brown Hair
\\/wiki\\/Akhlut_(New_Earth)	Black Hair
\\/wiki\\/Alcinoe_(New_Earth)	Strawberry Blond Hair
\\/wiki\\/Brother_Drive_(New_Earth)	Brown Hair
\\/wiki\\/Brother_Think_(New_Earth)	Black Hair
\\/wiki\\/Empathy_(New_Earth)	Red Hair
\\/wiki\\/Honor_Jackson_(New_Earth)	Black Hair
\\/wiki\\/Jake_Donnelly_(New_Earth)	Black Hair
\\/wiki\\/Jonathan_Banks_(New_Earth)	Blond Hair
\\/wiki\\/Kane_Milohai_(New_Earth)	Brown Hair
\\/wiki\\/Sabine_Roth_(New_Earth)	Grey Hair
\\/wiki\\/Allison_Addison_(New_Earth)	Brown Hair
\\/wiki\\/Bizarro_Doomsday_(New_Earth)	Black Hair
\\/wiki\\/Bizarro_Mxyzptlk_(New_Earth)	White Hair
\\/wiki\\/Dev-Em_(New_Earth)	Purple Hair
\\/wiki\\/Eduardo_Flamingo_(New_Earth)	Pink Hair
\\/wiki\\/Jarod_Dale_(New_Earth)	Blond Hair
\\/wiki\\/Julie_Greer_(New_Earth)	Blond Hair
\\/wiki\\/Ken_Thurston_(New_Earth)	Brown Hair
\\/wiki\\/Macro_(New_Earth)	Red Hair
\\/wiki\\/Magda_(New_Earth)	Black Hair
\\/wiki\\/Major_Victory_IV_(New_Earth)	Blond Hair
\\/wiki\\/Micro_(New_Earth)	Black Hair
\\/wiki\\/Mircea_(New_Earth)	Black Hair
\\/wiki\\/Trey_Thompson_(New_Earth)	Black Hair
\\/wiki\\/Uriah_(New_Earth)	Black Hair
\\/wiki\\/Danae_(New_Earth)	Brown Hair
\\/wiki\\/Didiu_(New_Earth)	Brown Hair
\\/wiki\\/Fireball_II_(New_Earth)	Brown Hair
\\/wiki\\/Georgia_Sivana_(New_Earth)	Brown Hair
\\/wiki\\/Iolan_(New_Earth)	Blond Hair
\\/wiki\\/Jon_Standing_Bear_(New_Earth)	Black Hair
\\/wiki\\/Qanda_(New_Earth)	Orange Hair
\\/wiki\\/Robert_Castell_(New_Earth)	Black Hair
\\/wiki\\/Spin_Doctor_I_(New_Earth)	Red Hair
\\/wiki\\/Thaddeus_Sivana,_Jr._(New_Earth)	Brown Hair
\\/wiki\\/Thormon_Tox_(New_Earth)	Blond Hair
\\/wiki\\/Vera_Klopis_(New_Earth)	Pink Hair
\\/wiki\\/William_Slout_(New_Earth)	Grey Hair
\\/wiki\\/Aftermath_(New_Earth)	Blond Hair
\\/wiki\\/All-Beard_(New_Earth)	Grey Hair
\\/wiki\\/Callisto_(New_Earth)	Blond Hair
\\/wiki\\/Charity_Bleak_(New_Earth)	Black Hair
\\/wiki\\/Charliehorse_(New_Earth)	Brown Hair
\\/wiki\\/Erich_Thonius_(New_Earth)	Blond Hair
\\/wiki\\/Harris_D._Ledbetter_(New_Earth)	Blond Hair
\\/wiki\\/Harvest_I_(New_Earth)	Black Hair
\\/wiki\\/Helen_Helligan_(New_Earth)	Brown Hair
\\/wiki\\/Hollywood_(New_Earth)	Red Hair
\\/wiki\\/Horigal_(New_Earth)	Black Hair
\\/wiki\\/Kid_Impala_(New_Earth)	Black Hair
\\/wiki\\/Millions_(New_Earth)	White Hair
\\/wiki\\/Sadeh_(New_Earth)	Brown Hair
\\/wiki\\/Shelly_Gaynor_(New_Earth)	Blond Hair
\\/wiki\\/Strato_(New_Earth)	Grey Hair
\\/wiki\\/Submissionary_Judah_(New_Earth)	Black Hair
\\/wiki\\/Ten_of_Spades_V_(New_Earth)	Red Hair
\\/wiki\\/William_Beezer_(New_Earth)	Blond Hair
\\/wiki\\/Witchazel_(New_Earth)	Purple Hair
\\/wiki\\/Akahara_(New_Earth)	Black Hair
\\/wiki\\/Andrew_Lopez_(New_Earth)	Black Hair
\\/wiki\\/Casey_Krinsky_(New_Earth)	Blond Hair
\\/wiki\\/Erik_Verdalian_(New_Earth)	Black Hair
\\/wiki\\/Henry_Kucharski_(New_Earth)	Blond Hair
\\/wiki\\/Melinda_Spyros_(New_Earth)	Brown Hair
\\/wiki\\/Wormhole_(New_Earth)	Brown Hair
\\/wiki\\/Anne_Carver_(New_Earth)	Brown Hair
\\/wiki\\/Kid_Scout_(New_Earth)	Red Hair
\\/wiki\\/Kobe_Asuru_(New_Earth)	Brown Hair
\\/wiki\\/Rebecca_Muldoon_(New_Earth)	Black Hair
\\/wiki\\/Zaladin_(New_Earth)	Black Hair
\\/wiki\\/Antiphon_(New_Earth)	Blond Hair
\\/wiki\\/Izanami_(New_Earth)	Black Hair
\\/wiki\\/Madame_X_(New_Earth)	White Hair
\\/wiki\\/Nine_of_Diamonds_I_(New_Earth)	Brown Hair
\\/wiki\\/Scorcher_IV_(New_Earth)	Black Hair
\\/wiki\\/Siv_(New_Earth)	Blue Hair
\\/wiki\\/Tolteca_(New_Earth)	Black Hair
\\/wiki\\/General_Good_(New_Earth)	Brown Hair
\\/wiki\\/Kru-El_(New_Earth)	Black Hair
\\/wiki\\/Matatoa_(New_Earth)	Blond Hair
\\/wiki\\/Matches_Malone_(New_Earth)	Brown Hair
\\/wiki\\/Princess_Maru_(New_Earth)	Black Hair
\\/wiki\\/Zara_(New_Earth)	Brown Hair
\\/wiki\\/Aruna_Shende_(New_Earth)	Black Hair
\\/wiki\\/Blue_Ice_(New_Earth)	Black Hair
\\/wiki\\/Cachiru_(New_Earth)	Black Hair
\\/wiki\\/Calvin_Broderick_(New_Earth)	Black Hair
\\/wiki\\/Doctor_Echo_(New_Earth)	Black Hair
\\/wiki\\/Dolores_Pratchet_(New_Earth)	Red Hair
\\/wiki\\/Ebikar_Hrui_(New_Earth)	Green Hair
\\/wiki\\/Saraday_(New_Earth)	Brown Hair
\\/wiki\\/Acolyte_(New_Earth)	Blue Hair
\\/wiki\\/Anya_Savenlovich_(New_Earth)	Red Hair
\\/wiki\\/Badmouth_(New_Earth)	Black Hair
\\/wiki\\/Bette_Noir_(New_Earth)	Black Hair
\\/wiki\\/Dante_(New_Earth)	Brown Hair
\\/wiki\\/Dolmen_(New_Earth)	Brown Hair
\\/wiki\\/Ebenezer_Biggs_(New_Earth)	Blond Hair
\\/wiki\\/Edward_Skeevers_(New_Earth)	Black Hair
\\/wiki\\/Fireworks_(New_Earth)	Blond Hair
\\/wiki\\/Freight-Train_(New_Earth)	Blond Hair
\\/wiki\\/Hammeroon_(New_Earth)	Brown Hair
\\/wiki\\/Hanuman_(New_Earth)	Brown Hair
\\/wiki\\/Henry_Lee_Jordan_(New_Earth)	Brown Hair
\\/wiki\\/Ishi-Shujou_(New_Earth)	Black Hair
\\/wiki\\/Kathryn_Monaghan_(New_Earth)	Black Hair
\\/wiki\\/Lucia_Viti_(New_Earth)	Brown Hair
\\/wiki\\/Mahadevi_(New_Earth)	Black Hair
\\/wiki\\/Packrat_(New_Earth)	Brown Hair
\\/wiki\\/Paul_Deisinger_(New_Earth)	Black Hair
\\/wiki\\/Roo_(New_Earth)	Blond Hair
\\/wiki\\/Thomas_Dawson_(New_Earth)	Grey Hair
\\/wiki\\/Timothy_Townsend_(New_Earth)	Blond Hair
\\/wiki\\/Trafalgo_(New_Earth)	Black Hair
\\/wiki\\/Wardell_Washington_(New_Earth)	Black Hair
\\/wiki\\/Zolog_(New_Earth)	Black Hair
\\/wiki\\/Flex_II_(New_Earth)	Black Hair
\\/wiki\\/Lee_St._Lawrence_(New_Earth)	Blond Hair
\\/wiki\\/Major_Flashback_(New_Earth)	Blond Hair
\\/wiki\\/Pallas_(New_Earth)	Black Hair
\\/wiki\\/Sally_Marsden_(New_Earth)	Red Hair
\\/wiki\\/Sister_Sunlight_(New_Earth)	Blond Hair
\\/wiki\\/Thermal_(New_Earth)	Black Hair
\\/wiki\\/Bernell_Jones_(New_Earth)	Brown Hair
\\/wiki\\/Celestia_(New_Earth)	Grey Hair
\\/wiki\\/Cynthia_Brand_(New_Earth)	Red Hair
\\/wiki\\/Desmond_Connor_(New_Earth)	Brown Hair
\\/wiki\\/Emily_Washburn_(New_Earth)	Blond Hair
\\/wiki\\/Ferris_Boyle_(New_Earth)	Black Hair
\\/wiki\\/Frankie_Carbone_(New_Earth)	Brown Hair
\\/wiki\\/Joe_Bandano_(New_Earth)	Brown Hair
\\/wiki\\/Joseph_Minette_(New_Earth)	Brown Hair
\\/wiki\\/Kenneth_Wayne_(New_Earth)	Black Hair
\\/wiki\\/Luigi_Maroni_(New_Earth)	Grey Hair
\\/wiki\\/Marlon_Dall_(New_Earth)	Brown Hair
\\/wiki\\/Orunmilla_(New_Earth)	Black Hair
\\/wiki\\/Rhombus_(New_Earth)	White Hair
\\/wiki\\/Abigail_Moorland_(New_Earth)	Black Hair
\\/wiki\\/Adele_Drew_(New_Earth)	Brown Hair
\\/wiki\\/Bang_Bang_(New_Earth)	Black Hair
\\/wiki\\/Burton_Thompson_(New_Earth)	Brown Hair
\\/wiki\\/Daniel_Maris_(New_Earth)	Brown Hair
\\/wiki\\/Death-Doll_(New_Earth)	Blond Hair
\\/wiki\\/Eva_Green_(New_Earth)	Blond Hair
\\/wiki\\/Helen_Belcanto_(New_Earth)	Black Hair
\\/wiki\\/Holly_Green_(New_Earth)	Blond Hair
\\/wiki\\/Hugh_Danzizen_(New_Earth)	Brown Hair
\\/wiki\\/Lizard_King_(New_Earth)	Brown Hair
\\/wiki\\/Patty_Patty_(New_Earth)	Blond Hair
\\/wiki\\/Sinthia_(New_Earth)	Brown Hair
\\/wiki\\/Susan_Kent_(New_Earth)	Grey Hair
\\/wiki\\/Warhammer_(New_Earth)	Blond Hair
\\/wiki\\/Fauna_Faust_(New_Earth)	White Hair
\\/wiki\\/George_Tweedle_(New_Earth)	Black Hair
\\/wiki\\/James_Collins_(New_Earth)	Black Hair
\\/wiki\\/James_Craddock_II_(New_Earth)	White Hair
\\/wiki\\/Peter_Grogan_(New_Earth)	Red Hair
\\/wiki\\/Strega_I_(New_Earth)	Blond Hair
\\/wiki\\/Techno_(New_Earth)	Black Hair
\\/wiki\\/Equinox_(New_Earth)	Blond Hair
\\/wiki\\/Ernest_Widdle_(New_Earth)	Blond Hair
\\/wiki\\/Hardsell_(New_Earth)	Black Hair
\\/wiki\\/Judomaster_II_(New_Earth)	Black Hair
\\/wiki\\/Matthew_Nieman_(New_Earth)	Black Hair
\\/wiki\\/Megafire_(New_Earth)	Blond Hair
\\/wiki\\/Nuscia_(New_Earth)	Brown Hair
\\/wiki\\/Solomon_Perggia_(New_Earth)	White Hair
\\/wiki\\/Unclean_(New_Earth)	Brown Hair
\\/wiki\\/Zephyr_(New_Earth)	Red Hair
\\/wiki\\/Blynde_(New_Earth)	Blond Hair
\\/wiki\\/Colin_Brandywine_(New_Earth)	Black Hair
\\/wiki\\/Immortal_(New_Earth)	Blond Hair
\\/wiki\\/Krater_(New_Earth)	Brown Hair
\\/wiki\\/Shadowstryke_(New_Earth)	Black Hair
\\/wiki\\/White_Spider_(New_Earth)	White Hair
\\/wiki\\/Blockhouse_II_(New_Earth)	Blond Hair
\\/wiki\\/Celestine_Babcock_(New_Earth)	Blond Hair
\\/wiki\\/Cesare_Sabatini_(New_Earth)	Brown Hair
\\/wiki\\/Headhunter_I_(New_Earth)	White Hair
\\/wiki\\/Horten_Spence_(New_Earth)	Black Hair
\\/wiki\\/Iris_Phelios_(New_Earth)	Black Hair
\\/wiki\\/Jolt_II_(New_Earth)	Brown Hair
\\/wiki\\/Jon_Riksson_(New_Earth)	Blond Hair
\\/wiki\\/Miles_Lydecker_(New_Earth)	Red Hair
\\/wiki\\/Ramona_(New_Earth)	Blond Hair
\\/wiki\\/Rhodri_Llewelyn_(New_Earth)	Brown Hair
\\/wiki\\/Waverly_Sayre_(New_Earth)	Black Hair
\\/wiki\\/Balder_(New_Earth)	Blond Hair
\\/wiki\\/Dispatcher_(New_Earth)	Brown Hair
\\/wiki\\/Ernest_Franklin_(New_Earth)	Blond Hair
\\/wiki\\/Jiv_Reduu_(New_Earth)	Black Hair
\\/wiki\\/Miliza_(New_Earth)	Black Hair
\\/wiki\\/Roscoe_Barrow_(New_Earth)	Black Hair
\\/wiki\\/Albart_(New_Earth)	White Hair
\\/wiki\\/Crimesmith_(New_Earth)	Black Hair
\\/wiki\\/Curtis_Base_(New_Earth)	Green Hair
\\/wiki\\/Darren_Jones_(New_Earth)	Black Hair
\\/wiki\\/Gulacia_(New_Earth)	Brown Hair
\\/wiki\\/Illya_(New_Earth)	Red Hair
\\/wiki\\/Kathryn_George_(New_Earth)	Black Hair
\\/wiki\\/Marleah_(New_Earth)	Brown Hair
\\/wiki\\/Notional_Man_(New_Earth)	White Hair
\\/wiki\\/Rafael_Santini_(New_Earth)	Black Hair
\\/wiki\\/Scourge_(New_Earth)	Brown Hair
\\/wiki\\/Steven_Sharpe_V_(New_Earth)	Brown Hair
\\/wiki\\/Trevis_(New_Earth)	Brown Hair
\\/wiki\\/Viro_(New_Earth)	Grey Hair
\\/wiki\\/Batiri_(New_Earth)	Brown Hair
\\/wiki\\/Conrad_Mackay_(New_Earth)	Black Hair
\\/wiki\\/Dana_Rubikskova_(New_Earth)	Brown Hair
\\/wiki\\/Darius_Wayne_(New_Earth)	Black Hair
\\/wiki\\/Esteban_Sanchez_(New_Earth)	Black Hair
\\/wiki\\/Inez_Luisa_(New_Earth)	Black Hair
\\/wiki\\/Joshua_Barbazon_(New_Earth)	Blond Hair
\\/wiki\\/Kadesha_Banu_(New_Earth)	Brown Hair
\\/wiki\\/Kenneth_Harbinger_(New_Earth)	White Hair
\\/wiki\\/Kirigi_(New_Earth)	White Hair
\\/wiki\\/Lydia_(New_Earth)	Brown Hair
\\/wiki\\/Manuel_Castillo_(New_Earth)	Black Hair
\\/wiki\\/Marie_Saloppe_(New_Earth)	Strawberry Blond Hair
\\/wiki\\/Pelle_(New_Earth)	White Hair
\\/wiki\\/Ravager_II_(New_Earth)	Brown Hair
\\/wiki\\/Rudolpho_Valentino_(New_Earth)	Blond Hair
\\/wiki\\/Terrence_Carbone_(New_Earth)	Brown Hair
\\/wiki\\/Andrew_Haskell_(New_Earth)	Blond Hair
\\/wiki\\/Calyce_(New_Earth)	Brown Hair
\\/wiki\\/Eric_Gunderson_(New_Earth)	Blond Hair
\\/wiki\\/George_Lawton_(New_Earth)	Brown Hair
\\/wiki\\/Hellbender_(New_Earth)	Black Hair
\\/wiki\\/Jaculi_II_(New_Earth)	Black Hair
\\/wiki\\/Jarrett_Parker_(New_Earth)	Brown Hair
\\/wiki\\/Joanqin_(New_Earth)	Orange Hair
\\/wiki\\/Karin_Preus_(New_Earth)	Red Hair
\\/wiki\\/Kent_Thurston_(New_Earth)	Blond Hair
\\/wiki\\/Lawrence_Gonzalez_(New_Earth)	Black Hair
\\/wiki\\/Matvei_Rodor_(New_Earth)	Red Hair
\\/wiki\\/Owen_Slade_(New_Earth)	Grey Hair
\\/wiki\\/Rikkard_Rynders_(New_Earth)	Brown Hair
\\/wiki\\/Salima_Baranizar_(New_Earth)	Black Hair
\\/wiki\\/Sen-M_(New_Earth)	Black Hair
\\/wiki\\/Shawn_Rogers_(New_Earth)	Blond Hair
\\/wiki\\/Slats_Mehlville_(New_Earth)	Red Hair
\\/wiki\\/Sweryn_Kania_(New_Earth)	Red Hair
\\/wiki\\/Thunder_II_(New_Earth)	Strawberry Blond Hair
\\/wiki\\/Timothy_Simms_(New_Earth)	Black Hair
\\/wiki\\/Wes_Anselm_(New_Earth)	Blond Hair
\\/wiki\\/Eyra-L_(New_Earth)	Black Hair
\\/wiki\\/Jason_Krinnski_(New_Earth)	Brown Hair
\\/wiki\\/Johnny_Vitti_(New_Earth)	Brown Hair
\\/wiki\\/Kan-Z_(New_Earth)	Blond Hair
\\/wiki\\/Nurse_Rench_(New_Earth)	Black Hair
\\/wiki\\/Ran-L_(New_Earth)	White Hair
\\/wiki\\/Spaulding_(New_Earth)	Black Hair
\\/wiki\\/William_Schmitz_(New_Earth)	Grey Hair
\\/wiki\\/Wizened_Sage_(New_Earth)	Black Hair
\\/wiki\\/Benjamin_Lindgren_(New_Earth)	Brown Hair
\\/wiki\\/Caitiff_(New_Earth)	Brown Hair
\\/wiki\\/Dropded_(New_Earth)	Brown Hair
\\/wiki\\/Jose_Montez_(New_Earth)	Black Hair
\\/wiki\\/Luri_Hoshid_(New_Earth)	Black Hair
\\/wiki\\/Makaira_(New_Earth)	Black Hair
\\/wiki\\/Martin_Kramer_(New_Earth)	Black Hair
\\/wiki\\/Nelson_Mandutu_(New_Earth)	Black Hair
\\/wiki\\/Mustapha_Maksai_(New_Earth)	Black Hair
\\/wiki\\/Peter_Lomax_(New_Earth)	Black Hair
\\/wiki\\/Prince_Ruby_(New_Earth)	Red Hair
\\/wiki\\/Quentin_Quantis_(New_Earth)	Grey Hair
\\/wiki\\/Charles_Chase_(New_Earth)	Grey Hair
\\/wiki\\/Peter_Farley_(New_Earth)	Black Hair
\\/wiki\\/Philip_Rothstein_(New_Earth)	Brown Hair
\\/wiki\\/Sturges_Hellstrom_(Earth-One)	Brown Hair
\\/wiki\\/Synnar_(New_Earth)	Black Hair
\\/wiki\\/Wrath_(Earth-One)	Black Hair
\\/wiki\\/Blue_Damsel_Fly_(New_Earth)	Red Hair
\\/wiki\\/Chance_(New_Earth)	Black Hair
\\/wiki\\/Edward_Trane_(New_Earth)	White Hair
\\/wiki\\/Majistra_(New_Earth)	Black Hair
\\/wiki\\/Margaret_Carle_(New_Earth)	Brown Hair
\\/wiki\\/Metalliferro_(New_Earth)	Brown Hair
\\/wiki\\/Princess_Emerald_I_(New_Earth)	Brown Hair
\\/wiki\\/Serpentina_(New_Earth)	Black Hair
\\/wiki\\/Solar_Dynamo_(New_Earth)	Blond Hair
\\/wiki\\/Spyderr_(New_Earth)	Blond Hair
\\/wiki\\/Bison-Black-As-Midnight-Sky_(New_Earth)	White Hair
\\/wiki\\/Colonel_Blimp_(New_Earth)	Black Hair
\\/wiki\\/David_Rennington_(New_Earth)	Black Hair
\\/wiki\\/Derek_Reston_(New_Earth)	Black Hair
\\/wiki\\/Feathered_Serpent_(Earth-Two)	Blond Hair
\\/wiki\\/Headmaster_(Earth-One)	White Hair
\\/wiki\\/Jesus_of_Nazareth_(New_Earth)	Brown Hair
\\/wiki\\/Louis_Yagger_(New_Earth)	Blond Hair
\\/wiki\\/Quarzz_Teranh_(New_Earth)	Brown Hair
\\/wiki\\/Wylxa_(New_Earth)	Red Hair
\\/wiki\\/Conrad_Bloch_(New_Earth)	White Hair
\\/wiki\\/Master_Shoju_(New_Earth)	Black Hair
\\/wiki\\/Piledriver_(New_Earth)	Black Hair
\\/wiki\\/Samuel_Toth_(New_Earth)	Blond Hair
\\/wiki\\/Arbee_Stoneham_(New_Earth)	Black Hair
\\/wiki\\/Alianna_Hubbard_(New_Earth)	Brown Hair
\\/wiki\\/Cossack_(New_Earth)	Brown Hair
\\/wiki\\/George_Barrow_(New_Earth)	Black Hair
\\/wiki\\/Jason_Jordan_(New_Earth)	Brown Hair
\\/wiki\\/Malachi_Yandro_(New_Earth)	Black Hair
\\/wiki\\/Tall_Bird_(New_Earth)	Brown Hair
\\/wiki\\/Flamesplasher_(New_Earth)	Black Hair
\\/wiki\\/Clifton_Lacey_(New_Earth)	Black Hair
\\/wiki\\/Hairy_Larry_(New_Earth)	Red Hair
\\/wiki\\/Mighty_Mary_(New_Earth)	Blond Hair
\\/wiki\\/Captain_Demo_(New_Earth)	Black Hair
\\/wiki\\/Daniel_Kingdom_(New_Earth)	Blond Hair
\\/wiki\\/Amos_Sharkey_(New_Earth)	White Hair
\\/wiki\\/Philip_Chance_(New_Earth)	Brown Hair
\\/wiki\\/Harris_Blaine_(New_Earth)	Black Hair
\\/wiki\\/Magnar_(New_Earth)	Blond Hair
\\/wiki\\/Tempter_(New_Earth)	Black Hair
\\/wiki\\/Cutlass_Charlie_(New_Earth)	Black Hair
\\/wiki\\/Ace_Chance_(New_Earth)	Brown Hair
\\/wiki\\/Prince_Peril_(New_Earth)	Black Hair
\\/wiki\\/Sheila_Dover_(New_Earth)	Blond Hair
\\/wiki\\/Kajz_Dox_(Pre-Zero_Hour)	Blond Hair
\\/wiki\\/Midas_(New_Earth)	Gold Hair
\\/wiki\\/Howard_Crane_(New_Earth)	Brown Hair
\\/wiki\\/Paul_Barrett_(New_Earth)	Grey Hair
\\/wiki\\/Pomoxis_(New_Earth)	Black Hair
\\/wiki\\/Stamar_(New_Earth)	Brown Hair
\\/wiki\\/Irving_Norbet_(New_Earth)	Grey Hair
\\/wiki\\/Gustave_(New_Earth)	Black Hair
\\/wiki\\/Don_Caballero_(New_Earth)	Black Hair
\\/wiki\\/Ralph_Jackson_(New_Earth)	Black Hair
\\/wiki\\/Loral_(New_Earth)	Black Hair
\\/wiki\\/Rocco_Togg_(New_Earth)	Grey Hair
\\/wiki\\/Jabah_(New_Earth)	Black Hair
\\/wiki\\/Tamara_Belson_(New_Earth)	Brown Hair
\\/wiki\\/Magi_(New_Earth)	Black Hair
\\/wiki\\/Lisa_Morice_(New_Earth)	Strawberry Blond Hair
\\/wiki\\/Carter_Nichols_(New_Earth)	Brown Hair
\\/wiki\\/Luki_Lo_(New_Earth)	Black Hair
\\/wiki\\/Stanley_Wilson_(New_Earth)	Black Hair
\\/wiki\\/Elena_Leal_(New_Earth)	White Hair
\\/wiki\\/Druid_(New_Earth)	Black Hair
\\/wiki\\/Crone_(New_Earth)	Grey Hair
\\/wiki\\/Rico_Strada_(New_Earth)	Blond Hair
\\/wiki\\/Adellca_(New_Earth)	Black Hair
\\/wiki\\/Armory_(New_Earth)	Blond Hair
\\/wiki\\/Artois_(New_Earth)	Blond Hair
\\/wiki\\/Bizarro_Power_Girl_(New_Earth)	Blond Hair
\\/wiki\\/Black_Spider_IV_(New_Earth)	Black Hair
\\/wiki\\/Blinder_(New_Earth)	Black Hair
\\/wiki\\/Cricket_(New_Earth)	White Hair
\\/wiki\\/Ernie_II_(New_Earth)	Brown Hair
\\/wiki\\/Ethan_Kramer_(New_Earth)	Red Hair
\\/wiki\\/Gigorr_(New_Earth)	Black Hair
\\/wiki\\/James_Kim_(New_Earth)	Black Hair
\\/wiki\\/Jennifer_Myers_(New_Earth)	Blond Hair
\\/wiki\\/Jinny_Greenteeth_(New_Earth)	White Hair
\\/wiki\\/Joan_Ng_(New_Earth)	Brown Hair
\\/wiki\\/Kha-Ef-Re_(New_Earth)	Black Hair
\\/wiki\\/Krypto_(Clone)_(New_Earth)	White Hair
\\/wiki\\/Lattea_(New_Earth)	Black Hair
\\/wiki\\/Mister_Unknown_(New_Earth)	Black Hair
\\/wiki\\/Morris_Major_(New_Earth)	Brown Hair
\\/wiki\\/Naomi_Lord_(New_Earth)	Brown Hair
\\/wiki\\/Nicholas_Pierce_(New_Earth)	Red Hair
\\/wiki\\/Norman_Rotrig_(New_Earth)	Red Hair
\\/wiki\\/Orphan_(New_Earth)	Blond Hair
\\/wiki\\/Robert_Kane_(New_Earth)	Blond Hair
\\/wiki\\/Southside_(New_Earth)	Blue Hair
\\/wiki\\/Theodoric_(New_Earth)	Brown Hair
\\/wiki\\/Vegar_(New_Earth)	Blue Hair
\\/wiki\\/Yo-Yo_(New_Earth)	Blond Hair
\\/wiki\\/Ace_of_Spades_VII_(New_Earth)	Brown Hair
\\/wiki\\/Altman_(New_Earth)	Brown Hair
\\/wiki\\/Bizarro_Booster_Gold_(New_Earth)	Blond Hair
\\/wiki\\/Bizarro_Fire_(New_Earth)	Blue Hair
\\/wiki\\/Bogeyman_(New_Earth)	White Hair
\\/wiki\\/Brigadoom_(New_Earth)	Red Hair
\\/wiki\\/Byrna_Brilyant_(New_Earth)	Black Hair
\\/wiki\\/Cloud_(New_Earth)	Black Hair
\\/wiki\\/Coalface_(New_Earth)	Red Hair
\\/wiki\\/Dana_Tan_(New_Earth)	Black Hair
\\/wiki\\/Fabulous_Boater_Man_(New_Earth)	Brown Hair
\\/wiki\\/Glyn_Droilx_(New_Earth)	Grey Hair
\\/wiki\\/Immortal_Man_in_Darkness_III_(New_Earth)	Black Hair
\\/wiki\\/Isabel_Glenn_(New_Earth)	Red Hair
\\/wiki\\/Jack_of_Clubs_IV_(New_Earth)	Black Hair
\\/wiki\\/Joshua_Dazzleby_(New_Earth)	Black Hair
\\/wiki\\/Joshua_Turnbull_(New_Earth)	Black Hair
\\/wiki\\/King_of_Diamonds_IV_(New_Earth)	Brown Hair
\\/wiki\\/Lady_Nightingale_(New_Earth)	Grey Hair
\\/wiki\\/Major_Hubert_(New_Earth)	White Hair
\\/wiki\\/Mareena_(New_Earth)	Green Hair
\\/wiki\\/Maxine_Gibson_(New_Earth)	Purple Hair
\\/wiki\\/Micron_(New_Earth)	Black Hair
\\/wiki\\/Mind_Czar_(New_Earth)	Black Hair
\\/wiki\\/Mirror_Monarch_(New_Earth)	Brown Hair
\\/wiki\\/Mister_Justice_(New_Earth)	Black Hair
\\/wiki\\/Momma_Cuss_(New_Earth)	Black Hair
\\/wiki\\/Nathaniel_Wayne_(New_Earth)	Black Hair
\\/wiki\\/Near_Miss_(New_Earth)	Brown Hair
\\/wiki\\/Nicholas_Quinzel_(New_Earth)	Brown Hair
\\/wiki\\/Olivia_Reynolds_II_(New_Earth)	Brown Hair
\\/wiki\\/Only_Child_(New_Earth)	Blond Hair
\\/wiki\\/Paul_F._Burrows_(New_Earth)	Brown Hair
\\/wiki\\/Phinea_(New_Earth)	Brown Hair
\\/wiki\\/Queen_of_Hearts_V_(New_Earth)	Red Hair
\\/wiki\\/Quetzlotl_(New_Earth)	Blond Hair
\\/wiki\\/Reb_(New_Earth)	Blond Hair
\\/wiki\\/Rush_Hour_I_(New_Earth)	White Hair
\\/wiki\\/Senior_Citizen_(New_Earth)	Grey Hair
\\/wiki\\/Sharon_Quinzel_(New_Earth)	Green Hair
\\/wiki\\/Stake_(New_Earth)	Blond Hair
\\/wiki\\/Stuart_Rawlings_(New_Earth)	Brown Hair
\\/wiki\\/Ten_of_Hearts_II_(New_Earth)	Black Hair
\\/wiki\\/Vivienne_(New_Earth)	Black Hair
\\/wiki\\/Walter_Steele_(New_Earth)	Blond Hair
\\/wiki\\/Antinus_(New_Earth)	Brown Hair
\\/wiki\\/Barbara_Lane_(New_Earth)	Black Hair
\\/wiki\\/Batman_Jones_(New_Earth)	Black Hair
\\/wiki\\/Big_Don_Drummond_(New_Earth)	Brown Hair
\\/wiki\\/Blockbuster_IV_(New_Earth)	Blond Hair
\\/wiki\\/Chante_Coles_(New_Earth)	Brown Hair
\\/wiki\\/Cyrus_Lord_(New_Earth)	Brown Hair
\\/wiki\\/Dax-Am_(New_Earth)	Blond Hair
\\/wiki\\/Diane_Dorst_(New_Earth)	Blond Hair
\\/wiki\\/Dyn-Xe_(New_Earth)	Blond Hair
\\/wiki\\/Greb_(New_Earth)	Black Hair
\\/wiki\\/Imecsub_(New_Earth)	Red Hair
\\/wiki\\/Jonathan_Romero_(New_Earth)	White Hair
\\/wiki\\/King_Billy_(New_Earth)	Black Hair
\\/wiki\\/La_Sangre_(New_Earth)	Red Hair
\\/wiki\\/Lightning_Bug_(New_Earth)	Brown Hair
\\/wiki\\/Mitchell_Lane_(New_Earth)	Black Hair
\\/wiki\\/N-Emy_(New_Earth)	Blue Hair
\\/wiki\\/Norman_McCay_(New_Earth)	Grey Hair
\\/wiki\\/Six_of_Spades_II_(New_Earth)	Black Hair
\\/wiki\\/Vial_(New_Earth)	Brown Hair
\\/wiki\\/William_von_Hammer_(New_Earth)	Blond Hair
\\/wiki\\/Ace_of_Spades_VI_(New_Earth)	Black Hair
\\/wiki\\/Agrippe_(New_Earth)	Red Hair
\\/wiki\\/Clot_(New_Earth)	Green Hair
\\/wiki\\/Falseface_(New_Earth)	Brown Hair
\\/wiki\\/Gennes_(New_Earth)	Brown Hair
\\/wiki\\/Gluttony_II_(New_Earth)	Black Hair
\\/wiki\\/Jack_(New_Earth)	Black Hair
\\/wiki\\/James_(New_Earth)	Black Hair
\\/wiki\\/Koko_(New_Earth)	White Hair
\\/wiki\\/Layla_Adams_(New_Earth)	Brown Hair
\\/wiki\\/Margaux_de_Mortain_(New_Earth)	Blond Hair
\\/wiki\\/Mike_Virgil_(New_Earth)	Grey Hair
\\/wiki\\/Recca_(New_Earth)	Black Hair
\\/wiki\\/Sterling_Fry_(New_Earth)	Black Hair
\\/wiki\\/Tyson_Sykes_(New_Earth)	Black Hair
\\/wiki\\/White_Star_(New_Earth)	Brown Hair
\\/wiki\\/Zevonn_Parzzx_(New_Earth)	White Hair
\\/wiki\\/Bizarro_Aquaman_(New_Earth)	Blond Hair
\\/wiki\\/Bizarro_Green_Arrow_(New_Earth)	Blond Hair
\\/wiki\\/Bizarro_Robin_(New_Earth)	Black Hair
\\/wiki\\/Bizarro_Toyman_(New_Earth)	Blond Hair
\\/wiki\\/Dale_Smith_(New_Earth)	Brown Hair
\\/wiki\\/George_Calderon_(New_Earth)	Brown Hair
\\/wiki\\/Jackson_Jones_(New_Earth)	Brown Hair
\\/wiki\\/Khyrana_(New_Earth)	Blond Hair
\\/wiki\\/Laryn_Nelson_(New_Earth)	Brown Hair
\\/wiki\\/Marissa_Nelson_(New_Earth)	Brown Hair
\\/wiki\\/Marta_(New_Earth)	Brown Hair
\\/wiki\\/Maxi-Man_II_(New_Earth)	Blond Hair
\\/wiki\\/Nina_Close_(New_Earth)	Black Hair
\\/wiki\\/Roxanne_Snow_(New_Earth)	Red Hair
\\/wiki\\/Strongarm_(New_Earth)	Brown Hair
\\/wiki\\/Barnabus_(New_Earth)	Brown Hair
\\/wiki\\/Big_Thunder_(New_Earth)	Black Hair
\\/wiki\\/Bryony_(New_Earth)	Brown Hair
\\/wiki\\/Bulletdog_(New_Earth)	Brown Hair
\\/wiki\\/Cilissa_(New_Earth)	Brown Hair
\\/wiki\\/E.S._Pete_(New_Earth)	Black Hair
\\/wiki\\/Eric_Trautmann_(New_Earth)	Brown Hair
\\/wiki\\/Erik_Hanson_(New_Earth)	Blond Hair
\\/wiki\\/Esteban_of_the_Posse_(New_Earth)	Black Hair
\\/wiki\\/Henry_Knight_(New_Earth)	Black Hair
\\/wiki\\/Honest_Abe_(New_Earth)	Black Hair
\\/wiki\\/Lady_Liberty_III_(New_Earth)	Red Hair
\\/wiki\\/Lance_Harrower_(New_Earth)	Blond Hair
\\/wiki\\/Mickey_the_Mouse_(New_Earth)	White Hair
\\/wiki\\/Mother_Zed_(New_Earth)	Black Hair
\\/wiki\\/Shirea_Vaas_(New_Earth)	Black Hair
\\/wiki\\/Sitra_(New_Earth)	Brown Hair
\\/wiki\\/Sparkplug_(New_Earth)	Red Hair
\\/wiki\\/Suli_Stellamaris_(New_Earth)	Black Hair
\\/wiki\\/Terri_Thirteen_(New_Earth)	Black Hair
\\/wiki\\/Thumbelina_(New_Earth)	Red Hair
\\/wiki\\/Uglyhead_(New_Earth)	Black Hair
\\/wiki\\/Vitaman_(New_Earth)	Blond Hair
\\/wiki\\/Ahmed_Samsarra_(New_Earth)	Brown Hair
\\/wiki\\/Antonio_Silencio_(New_Earth)	Black Hair
\\/wiki\\/Captain_(New_Earth)	Black Hair
\\/wiki\\/David_Sutabi_(New_Earth)	Black Hair
\\/wiki\\/Debra_Sinclair_(New_Earth)	Black Hair
\\/wiki\\/Ebeneezer_Badde_(New_Earth)	Black Hair
\\/wiki\\/Guilt_(New_Earth)	Blue Hair
\\/wiki\\/High-Rise_(New_Earth)	Black Hair
\\/wiki\\/Lagomorph_(New_Earth)	Blond Hair
\\/wiki\\/Nobody_(New_Earth)	Blond Hair
\\/wiki\\/Oksana_Verchenko_(New_Earth)	Blond Hair
\\/wiki\\/Patricia_Grace-Colby_(New_Earth)	Brown Hair
\\/wiki\\/Purple_Pilgrim_(New_Earth)	Black Hair
\\/wiki\\/Samuel_Benjamin_(New_Earth)	Brown Hair
\\/wiki\\/Soapy_(New_Earth)	Black Hair
\\/wiki\\/Tech-Fu_(New_Earth)	Black Hair
\\/wiki\\/White_Willow_(New_Earth)	Blond Hair
\\/wiki\\/Wunda_(New_Earth)	Black Hair
\\/wiki\\/Carol_Erikson_(New_Earth)	Brown Hair
\\/wiki\\/James_Wright_(New_Earth)	Brown Hair
\\/wiki\\/Louis_Erikson_(New_Earth)	Brown Hair
\\/wiki\\/Precious_(New_Earth)	Red Hair
\\/wiki\\/Scratch_(New_Earth)	Red Hair
\\/wiki\\/Sheila_Carr_(New_Earth)	Black Hair
\\/wiki\\/Althea_(New_Earth)	Brown Hair
\\/wiki\\/Amok_(New_Earth)	Black Hair
\\/wiki\\/Catalyn_(New_Earth)	Brown Hair
\\/wiki\\/Dennap_(New_Earth)	White Hair
\\/wiki\\/Koenraad_Von_Grimm_(New_Earth)	Brown Hair
\\/wiki\\/Macaria_(New_Earth)	Blond Hair
\\/wiki\\/Marlus_Randone_(New_Earth)	Brown Hair
\\/wiki\\/Mourn_II_(New_Earth)	Brown Hair
\\/wiki\\/Paul_Proch_(New_Earth)	White Hair
\\/wiki\\/Rudyon_(New_Earth)	Red Hair
\\/wiki\\/Three_of_Diamonds_I_(New_Earth)	Brown Hair
\\/wiki\\/Trey_Hartley_(New_Earth)	Blond Hair
\\/wiki\\/Buckeye_(New_Earth)	Red Hair
\\/wiki\\/David_DeVille_(New_Earth)	Blond Hair
\\/wiki\\/Dickson_Kurata_(New_Earth)	White Hair
\\/wiki\\/Eliza_(New_Earth)	Black Hair
\\/wiki\\/Jack_Monteleone_(New_Earth)	Black Hair
\\/wiki\\/James_Stark_(New_Earth)	White Hair
\\/wiki\\/King_of_Spades_IV_(New_Earth)	Blond Hair
\\/wiki\\/Meat_Cleaver_(New_Earth)	Brown Hair
\\/wiki\\/Muhammad_X_(New_Earth)	Black Hair
\\/wiki\\/Nyrese_(New_Earth)	Brown Hair
\\/wiki\\/Shadower_II_(New_Earth)	White Hair
\\/wiki\\/Virago_(New_Earth)	White Hair
\\/wiki\\/Carver_Malone_(New_Earth)	Black Hair
\\/wiki\\/Ericht_(New_Earth)	Blond Hair
\\/wiki\\/Marge_Dover_(New_Earth)	Blond Hair
\\/wiki\\/Max_Tuefeld_(New_Earth)	Brown Hair
\\/wiki\\/Mudge_(New_Earth)	Brown Hair
\\/wiki\\/Oya_(New_Earth)	Black Hair
\\/wiki\\/Ratira_(New_Earth)	Black Hair
\\/wiki\\/Sirius_(New_Earth)	Red Hair
\\/wiki\\/Duran_(New_Earth)	Black Hair
\\/wiki\\/El_Lobizon_(New_Earth)	Brown Hair
\\/wiki\\/Eve_Teschmacher_(New_Earth)	Brown Hair
\\/wiki\\/Joatt_(New_Earth)	Blond Hair
\\/wiki\\/Kittyhawk_(New_Earth)	Black Hair
\\/wiki\\/Lakutha_(New_Earth)	Brown Hair
\\/wiki\\/Laura_Klein_(New_Earth)	Black Hair
\\/wiki\\/Metalhead_II_(New_Earth)	Red Hair
\\/wiki\\/Napalm_II_(New_Earth)	Black Hair
\\/wiki\\/Rosemary_Fields_(New_Earth)	Red Hair
\\/wiki\\/Audrey_Lee_(New_Earth)	Grey Hair
\\/wiki\\/Bad_Grrl_(New_Earth)	Black Hair
\\/wiki\\/Bitter_Ruth_(New_Earth)	Blond Hair
\\/wiki\\/Blithe_(New_Earth)	Black Hair
\\/wiki\\/Bobby_Gazzo_(New_Earth)	Brown Hair
\\/wiki\\/Buzzword_(New_Earth)	Blond Hair
\\/wiki\\/Constance_Hollis_(New_Earth)	Brown Hair
\\/wiki\\/Cythonna_(New_Earth)	White Hair
\\/wiki\\/Dartagnan_(New_Earth)	Red Hair
\\/wiki\\/Doctor_Omega_(New_Earth)	Red Hair
\\/wiki\\/Dome_(New_Earth)	Black Hair
\\/wiki\\/Echielias_(New_Earth)	Grey Hair
\\/wiki\\/Gorbzil_Mammit_(New_Earth)	Black Hair
\\/wiki\\/Grover_Cleveland_(New_Earth)	Brown Hair
\\/wiki\\/Heraphon_(New_Earth)	Grey Hair
\\/wiki\\/Illuminata_(New_Earth)	Blond Hair
\\/wiki\\/Miss_Gsptlsnz_(New_Earth)	Red Hair
\\/wiki\\/Red_Dart_(New_Earth)	Red Hair
\\/wiki\\/Rrall_(New_Earth)	Grey Hair
\\/wiki\\/Sir_Real_(New_Earth)	Blue Hair
\\/wiki\\/Tora_(New_Earth)	Black Hair
\\/wiki\\/Vestina_(New_Earth)	Black Hair
\\/wiki\\/William_Riley_(New_Earth)	Grey Hair
\\/wiki\\/Acidia_(New_Earth)	Blond Hair
\\/wiki\\/Becky_Albright_(New_Earth)	Brown Hair
\\/wiki\\/Bookworm_III_(New_Earth)	Brown Hair
\\/wiki\\/Carnivore_(New_Earth)	Black Hair
\\/wiki\\/Crackle_(New_Earth)	Brown Hair
\\/wiki\\/Dimita_(New_Earth)	Black Hair
\\/wiki\\/Kid_Emotion_(New_Earth)	Brown Hair
\\/wiki\\/Michael_Patten_(New_Earth)	Brown Hair
\\/wiki\\/Mister_Action_(New_Earth)	Black Hair
\\/wiki\\/Pom_Pom_Girl_(New_Earth)	Blond Hair
\\/wiki\\/Prom_Queen_(New_Earth)	Black Hair
\\/wiki\\/Retro_(New_Earth)	Blond Hair
\\/wiki\\/Rip_Roar_(New_Earth)	Strawberry Blond Hair
\\/wiki\\/Robert_Smith_(New_Earth)	Grey Hair
\\/wiki\\/Song_Bird_(New_Earth)	Black Hair
\\/wiki\\/Aimee_DeWitt_(New_Earth)	Brown Hair
\\/wiki\\/Althesia_(New_Earth)	Brown Hair
\\/wiki\\/Andrew_McFee_(New_Earth)	Red Hair
\\/wiki\\/Ariadne_of_the_Blue_Guard_(New_Earth)	Black Hair
\\/wiki\\/AWOL_(New_Earth)	Black Hair
\\/wiki\\/Bloodhound_(New_Earth)	Black Hair
\\/wiki\\/David_Mancini_(New_Earth)	Blond Hair
\\/wiki\\/Donald_Sullivan_(New_Earth)	Brown Hair
\\/wiki\\/Earl_Povich_(New_Earth)	Black Hair
\\/wiki\\/Franklin_Pierce_(New_Earth)	Black Hair
\\/wiki\\/Hannibal_Hawk_(New_Earth)	Black Hair
\\/wiki\\/Hathak_(New_Earth)	Black Hair
\\/wiki\\/Hoppy_(New_Earth)	Pink Hair
\\/wiki\\/Isaac_Fisher_(New_Earth)	Black Hair
\\/wiki\\/Jasper_Dolan_(New_Earth)	Grey Hair
\\/wiki\\/Jimmy_Murphy_(New_Earth)	Brown Hair
\\/wiki\\/Kevin_Kelly_(New_Earth)	Brown Hair
\\/wiki\\/Luca_Mareli_(New_Earth)	Brown Hair
\\/wiki\\/Mawu_(New_Earth)	Black Hair
\\/wiki\\/Mickey_Sullivan_(New_Earth)	Brown Hair
\\/wiki\\/Millie_(New_Earth)	Pink Hair
\\/wiki\\/Mister_Finish_(New_Earth)	Brown Hair
\\/wiki\\/Mister_Frost_(New_Earth)	White Hair
\\/wiki\\/Ohiyesa_II_(New_Earth)	Black Hair
\\/wiki\\/Peter_Ostine_(New_Earth)	Brown Hair
\\/wiki\\/Richard_Malverne_(New_Earth)	Red Hair
\\/wiki\\/Silas_Kent_(New_Earth)	White Hair
\\/wiki\\/Tattoo_II_(New_Earth)	Blond Hair
\\/wiki\\/Twilight_II_(New_Earth)	White Hair
\\/wiki\\/Vincent_Falcone_(New_Earth)	Grey Hair
\\/wiki\\/Ace_of_Clubs_(Arcana)_(New_Earth)	Black Hair
\\/wiki\\/Ace_of_Diamonds_(Arcana)_(New_Earth)	Brown Hair
\\/wiki\\/Ace_of_Hearts_(Arcana)_(New_Earth)	Grey Hair
\\/wiki\\/Arashi_Ohashi_(New_Earth)	Black Hair
\\/wiki\\/Curtis_Falconer_(New_Earth)	Brown Hair
\\/wiki\\/Fong_(New_Earth)	Black Hair
\\/wiki\\/Ironbolt_(New_Earth)	Red Hair
\\/wiki\\/Mindy_Falconer_(New_Earth)	Brown Hair
\\/wiki\\/Myst_(New_Earth)	Black Hair
\\/wiki\\/Poltergeist_(New_Earth)	Black Hair
\\/wiki\\/Richard_Daniel_(New_Earth)	Brown Hair
\\/wiki\\/Richard_Dunston_(New_Earth)	Red Hair
\\/wiki\\/Wallace_Johnson_(New_Earth)	Black Hair
\\/wiki\\/Abner_Girdler_(New_Earth)	Brown Hair
\\/wiki\\/Ace_of_Spades_(Arcana)_(New_Earth)	Blond Hair
\\/wiki\\/Adrian_Zapruder_(New_Earth)	White Hair
\\/wiki\\/Buna_(New_Earth)	Black Hair
\\/wiki\\/Chillblaine_III_(New_Earth)	Brown Hair
\\/wiki\\/Clay_Irons_(New_Earth)	Black Hair
\\/wiki\\/Herbert_Johnson_(New_Earth)	Black Hair
\\/wiki\\/Indigo_(New_Earth)	Black Hair
\\/wiki\\/Kalibre_(New_Earth)	Black Hair
\\/wiki\\/Lighter_Man_(New_Earth)	Black Hair
\\/wiki\\/Miles_Duncan_(New_Earth)	Black Hair
\\/wiki\\/Mountain_Man_(New_Earth)	Brown Hair
\\/wiki\\/Onassis_Sklar_(New_Earth)	Brown Hair
\\/wiki\\/Percival_Pill_(New_Earth)	Black Hair
\\/wiki\\/Pierce_I_(New_Earth)	Brown Hair
\\/wiki\\/Piton_I_(New_Earth)	Blond Hair
\\/wiki\\/Steven_Kernahan_(New_Earth)	Brown Hair
\\/wiki\\/Thomas_Raymond_Chatham_(New_Earth)	Brown Hair
\\/wiki\\/Backstabber_(New_Earth)	Brown Hair
\\/wiki\\/Blowout_(New_Earth)	Black Hair
\\/wiki\\/Chillblaine_II_(New_Earth)	Brown Hair
\\/wiki\\/Daniel_Paoulo_(New_Earth)	Brown Hair
\\/wiki\\/Druu_(New_Earth)	Green Hair
\\/wiki\\/Freelance_(New_Earth)	Black Hair
\\/wiki\\/Helen_(New_Earth)	Brown Hair
\\/wiki\\/Jocasta_of_Themyscira_(New_Earth)	Black Hair
\\/wiki\\/Kkrudd_(New_Earth)	Brown Hair
\\/wiki\\/Mala_of_Bana-Mighdall_(New_Earth)	Brown Hair
\\/wiki\\/Mark_Armstrong_(New_Earth)	Brown Hair
\\/wiki\\/Mary_Harper_(New_Earth)	Grey Hair
\\/wiki\\/Merritz_(New_Earth)	Red Hair
\\/wiki\\/Penelope_II_(New_Earth)	Blond Hair
\\/wiki\\/Salvo_(New_Earth)	Blond Hair
\\/wiki\\/Shellgame_(New_Earth)	Black Hair
\\/wiki\\/Stiletta_(New_Earth)	Brown Hair
\\/wiki\\/Trigona_(New_Earth)	Brown Hair
\\/wiki\\/Wildman_(New_Earth)	Black Hair
\\/wiki\\/Billy_the_Girl_(New_Earth)	Brown Hair
\\/wiki\\/Bludhound_(New_Earth)	Blond Hair
\\/wiki\\/Codpiece_(New_Earth)	Brown Hair
\\/wiki\\/Harry_Kent_(New_Earth)	Brown Hair
\\/wiki\\/Janissary_(New_Earth)	Brown Hair
\\/wiki\\/Jesus_Valdez_(New_Earth)	Black Hair
\\/wiki\\/Luke_Hames_(New_Earth)	Blond Hair
\\/wiki\\/Marauder_I_(New_Earth)	Red Hair
\\/wiki\\/Michael_Wasco_(New_Earth)	Black Hair
\\/wiki\\/Perry_Dennison_(New_Earth)	Black Hair
\\/wiki\\/Timothy_Miller_(New_Earth)	Black Hair
\\/wiki\\/Aaron_Babcock_(New_Earth)	Brown Hair
\\/wiki\\/Archibald_Tipple_(New_Earth)	Black Hair
\\/wiki\\/Chillblaine_I_(New_Earth)	Brown Hair
\\/wiki\\/Darthartheen_(New_Earth)	Brown Hair
\\/wiki\\/Dawlakispokpok_(New_Earth)	White Hair
\\/wiki\\/Jon_Kennedy_Payne_(New_Earth)	Blond Hair
\\/wiki\\/Norman_the_Doorman_(New_Earth)	Brown Hair
\\/wiki\\/Pharamond_(New_Earth)	Brown Hair
\\/wiki\\/Phyllis_Baker_(New_Earth)	Strawberry Blond Hair
\\/wiki\\/Sonarr_(New_Earth)	Red Hair
\\/wiki\\/Stanislaus_Johns_(New_Earth)	White Hair
\\/wiki\\/Thwarcharchura_(New_Earth)	Brown Hair
\\/wiki\\/Zifor_(New_Earth)	White Hair
\\/wiki\\/Agogg_(New_Earth)	Brown Hair
\\/wiki\\/Amaya_(New_Earth)	Black Hair
\\/wiki\\/Angst_(New_Earth)	Black Hair
\\/wiki\\/Big_Breeda_(New_Earth)	Red Hair
\\/wiki\\/Caesar_Lopez_(New_Earth)	Black Hair
\\/wiki\\/Cursor_(New_Earth)	Black Hair
\\/wiki\\/Jasmine_(New_Earth)	Brown Hair
\\/wiki\\/Julie_Crystal_(New_Earth)	Blond Hair
\\/wiki\\/Julius_Barrow_(New_Earth)	Black Hair
\\/wiki\\/Lyana_(New_Earth)	Black Hair
\\/wiki\\/Mainframe_(New_Earth)	Blond Hair
\\/wiki\\/Marita_(New_Earth)	Black Hair
\\/wiki\\/Paradox_(New_Earth)	White Hair
\\/wiki\\/Priscilla_Stryker_(New_Earth)	Blond Hair
\\/wiki\\/Professor_Powder_(New_Earth)	White Hair
\\/wiki\\/Ricochet_I_(New_Earth)	Black Hair
\\/wiki\\/Shalir_(New_Earth)	Brown Hair
\\/wiki\\/Sigyn_(New_Earth)	White Hair
\\/wiki\\/Turbeau_(New_Earth)	Blond Hair
\\/wiki\\/Virtual_(New_Earth)	Black Hair
\\/wiki\\/Arsala_(New_Earth)	Black Hair
\\/wiki\\/Britton_(New_Earth)	Brown Hair
\\/wiki\\/Crissy_(New_Earth)	Brown Hair
\\/wiki\\/Dyctinna_(New_Earth)	Black Hair
\\/wiki\\/Elizabeth_Harkness_(New_Earth)	Brown Hair
\\/wiki\\/Ismure_(New_Earth)	Brown Hair
\\/wiki\\/Jake_Olsen_(New_Earth)	Red Hair
\\/wiki\\/Jonathan_Hedley_(New_Earth)	Blond Hair
\\/wiki\\/Maia_(New_Earth)	Brown Hair
\\/wiki\\/Miss_Tribb_(New_Earth)	Black Hair
\\/wiki\\/Morisca_(New_Earth)	Red Hair
\\/wiki\\/Noor_Harjavti_(New_Earth)	Black Hair
\\/wiki\\/Pandora_I_(New_Earth)	Black Hair
\\/wiki\\/Poet_II_(New_Earth)	Blond Hair
\\/wiki\\/Rajar_(New_Earth)	Brown Hair
\\/wiki\\/Rutherford_B._Hayes_(New_Earth)	Brown Hair
\\/wiki\\/Stearn_(New_Earth)	White Hair
\\/wiki\\/Thorne_(New_Earth)	Grey Hair
\\/wiki\\/Ana%C3%AFs_Arcane_(New_Earth)	White Hair
\\/wiki\\/Aniela_Arcane_(New_Earth)	Brown Hair
\\/wiki\\/Assyra_(New_Earth)	Black Hair
\\/wiki\\/Beast_(New_Earth)	Black Hair
\\/wiki\\/Blowhard_(New_Earth)	Brown Hair
\\/wiki\\/Card_Queen_(New_Earth)	Brown Hair
\\/wiki\\/Carya_(New_Earth)	Black Hair
\\/wiki\\/Chlorino_(New_Earth)	Black Hair
\\/wiki\\/Cyndy_Kurahara_(New_Earth)	Black Hair
\\/wiki\\/Dana_Simpson_(New_Earth)	Brown Hair
\\/wiki\\/Diana_Tyler_(New_Earth)	Black Hair
\\/wiki\\/Fatima_II_(New_Earth)	Black Hair
\\/wiki\\/Grover_Baines_(New_Earth)	Brown Hair
\\/wiki\\/Gyp_(New_Earth)	Blond Hair
\\/wiki\\/Hippodamia_(New_Earth)	Brown Hair
\\/wiki\\/Inada_Akatsu_(New_Earth)	Black Hair
\\/wiki\\/Iota_(New_Earth)	Black Hair
\\/wiki\\/Jerrie_Rathaway_(New_Earth)	Red Hair
\\/wiki\\/Lawless_(New_Earth)	Brown Hair
\\/wiki\\/Ms._Terrific_(New_Earth)	Red Hair
\\/wiki\\/Nickels_(New_Earth)	Grey Hair
\\/wiki\\/Rachel_Rathaway_(New_Earth)	Red Hair
\\/wiki\\/Ray_Carson_(New_Earth)	Brown Hair
\\/wiki\\/Rodan_Katatami_(New_Earth)	Black Hair
\\/wiki\\/Shiv_I_(New_Earth)	Brown Hair
\\/wiki\\/Sunburst_IV_(New_Earth)	Black Hair
\\/wiki\\/Syra_(New_Earth)	Blond Hair
\\/wiki\\/Tyr-N_(New_Earth)	Red Hair
\\/wiki\\/Will_Jones_(New_Earth)	Blond Hair
\\/wiki\\/Zaharra_(New_Earth)	Brown Hair
\\/wiki\\/Abe_Crane_(New_Earth)	Black Hair
\\/wiki\\/Abednego_Danner_(New_Earth)	Black Hair
\\/wiki\\/Blathoxi_(New_Earth)	Black Hair
\\/wiki\\/Hurricane_(New_Earth)	Blond Hair
\\/wiki\\/Hydra_(New_Earth)	Brown Hair
\\/wiki\\/Jake_Tyler_(New_Earth)	Blond Hair
\\/wiki\\/Jewelius_Blak_(New_Earth)	Brown Hair
\\/wiki\\/Margaret_Thatcher_(New_Earth)	Brown Hair
\\/wiki\\/Misanthrope_(New_Earth)	Black Hair
\\/wiki\\/Muse_(New_Earth)	White Hair
\\/wiki\\/Snowflame_(New_Earth)	White Hair
\\/wiki\\/Susan_Palmer_(New_Earth)	Blond Hair
\\/wiki\\/Barbara_Kowaleski_(New_Earth)	Brown Hair
\\/wiki\\/Constantine_Stratos_(New_Earth)	Red Hair
\\/wiki\\/Doctor_Aikens_(New_Earth)	Grey Hair
\\/wiki\\/Doctor_Cummings_(New_Earth)	Red Hair
\\/wiki\\/Doctor_Peterson_(New_Earth)	Brown Hair
\\/wiki\\/Ellie_Mae_Skaggs_(New_Earth)	Blond Hair
\\/wiki\\/Eugenie_Hedstrom_(New_Earth)	Brown Hair
\\/wiki\\/Gan-M_(New_Earth)	Brown Hair
\\/wiki\\/Han-T_(New_Earth)	Grey Hair
\\/wiki\\/Harold_Halston_(New_Earth)	Blond Hair
\\/wiki\\/John_Charles_Collins_(New_Earth)	Black Hair
\\/wiki\\/Lucas_McGill_(New_Earth)	Black Hair
\\/wiki\\/Nyra_(New_Earth)	Black Hair
\\/wiki\\/Quinlan_(New_Earth)	Grey Hair
\\/wiki\\/Rose_Beryl_(New_Earth)	Red Hair
\\/wiki\\/Skid_Row_Slasher_(New_Earth)	Black Hair
\\/wiki\\/Sunspot_(New_Earth)	Brown Hair
\\/wiki\\/Ten-R_(New_Earth)	Black Hair
\\/wiki\\/William_Roberts_(New_Earth)	Brown Hair
\\/wiki\\/Anna_Resik_(New_Earth)	Brown Hair
\\/wiki\\/Bizarro_I_(New_Earth)	Black Hair
\\/wiki\\/Elvira_(New_Earth)	Black Hair
\\/wiki\\/Lucifer_(New_Earth)	Black Hair
\\/wiki\\/Steven_Brockman_(New_Earth)	Brown Hair
\\/wiki\\/Xavier_Purvis_(New_Earth)	Blond Hair
\\/wiki\\/Carl_Hammer_(New_Earth)	Black Hair
\\/wiki\\/Lady_Aquamarine_(New_Earth)	Grey Hair
\\/wiki\\/Mr._Hammer_(New_Earth)	Black Hair
\\/wiki\\/Phineas_Quayle_(New_Earth)	White Hair
\\/wiki\\/Red-Eye_(New_Earth)	Brown Hair
\\/wiki\\/Brighteyes_(New_Earth)	Blue Hair
\\/wiki\\/Calvin_Coolidge_(New_Earth)	Brown Hair
\\/wiki\\/Frederick_Delmar_(New_Earth)	Brown Hair
\\/wiki\\/Henry_Heywood,_Jr._(New_Earth)	Brown Hair
\\/wiki\\/Juju_(New_Earth)	Black Hair
\\/wiki\\/Katydid_(New_Earth)	Blond Hair
\\/wiki\\/Skittre_(New_Earth)	Brown Hair
\\/wiki\\/Sparx_(New_Earth)	Blue Hair
\\/wiki\\/Allen_Barr_(New_Earth)	Blond Hair
\\/wiki\\/Aurora_(Earth-One)	Black Hair
\\/wiki\\/Bazooka_(New_Earth)	Brown Hair
\\/wiki\\/Brand_(New_Earth)	White Hair
\\/wiki\\/Edgar_Warnock_(New_Earth)	White Hair
\\/wiki\\/Firecracker_I_(New_Earth)	Blue Hair
\\/wiki\\/Jonathan_Gunnarson_(New_Earth)	Blond Hair
\\/wiki\\/Overseer_(New_Earth)	Black Hair
\\/wiki\\/Prof_(New_Earth)	Black Hair
\\/wiki\\/Ranakar_(New_Earth)	White Hair
\\/wiki\\/Sammy_Jaye_(New_Earth)	Brown Hair
\\/wiki\\/Slasher_(New_Earth)	Black Hair
\\/wiki\\/Spear_(New_Earth)	Black Hair
\\/wiki\\/Swarm_(New_Earth)	Red Hair
\\/wiki\\/Windrider_(New_Earth)	White Hair
\\/wiki\\/Yuri_Rashnikov_(New_Earth)	Brown Hair
\\/wiki\\/Daniel_Young_(New_Earth)	Blond Hair
\\/wiki\\/Senses-Taker_(New_Earth)	Black Hair
\\/wiki\\/Tsunami_(New_Earth)	Black Hair
\\/wiki\\/Angela_Wainwright_(New_Earth)	Red Hair
\\/wiki\\/Charles_Ralston_(Earth-One)	Black Hair
\\/wiki\\/Emil_Veldt_(New_Earth)	Black Hair
\\/wiki\\/Familiar_(New_Earth)	Blond Hair
\\/wiki\\/Gary_Ames_(New_Earth)	Black Hair
\\/wiki\\/Harold_Kramer_(Earth-One)	Brown Hair
\\/wiki\\/K-9_(New_Earth)	Brown Hair
\\/wiki\\/Martha_Winters_(Earth-One)	Brown Hair
\\/wiki\\/Martin_Mantle,_Jr._(New_Earth)	Red Hair
\\/wiki\\/Sky_Raider_(New_Earth)	Black Hair
\\/wiki\\/Thomas_Quigley_(Earth-One)	Brown Hair
\\/wiki\\/William_Kessler_(New_Earth)	Blond Hair
\\/wiki\\/Jaime_Sanchez_(New_Earth)	Black Hair
\\/wiki\\/Stavros_Markos_(New_Earth)	White Hair
\\/wiki\\/Alvin_Pierce_(New_Earth)	Black Hair
\\/wiki\\/Berelda_(New_Earth)	Black Hair
\\/wiki\\/Charlotte_West_(New_Earth)	Brown Hair
\\/wiki\\/Henry_Crawford_(New_Earth)	White Hair
\\/wiki\\/Hildy_Park_(New_Earth)	Black Hair
\\/wiki\\/Inez_Rhodes_(New_Earth)	Brown Hair
\\/wiki\\/Lewis_Farnham_(New_Earth)	Black Hair
\\/wiki\\/Michael_Wheeler_(New_Earth)	Brown Hair
\\/wiki\\/Sophia_Santos_(New_Earth)	Brown Hair
\\/wiki\\/Victor_Christianson_(New_Earth)	Brown Hair
\\/wiki\\/Darklight_(New_Earth)	Black Hair
\\/wiki\\/Doc_Scary_(New_Earth)	Red Hair
\\/wiki\\/Norman_Grimes_(New_Earth)	Orange Hair
\\/wiki\\/Xenofobe_(New_Earth)	Green Hair
\\/wiki\\/Achille_Destinee_(New_Earth)	White Hair
\\/wiki\\/Woodrow_Wilson_(New_Earth)	White Hair
\\/wiki\\/Weisbogg_(New_Earth)	Black Hair
\\/wiki\\/Big_Jim_(New_Earth)	Brown Hair
\\/wiki\\/Randall_Stagg_(New_Earth)	Blond Hair
\\/wiki\\/Stanga_(New_Earth)	White Hair
\\/wiki\\/Seagrin_(New_Earth)	Black Hair
\\/wiki\\/Sif_(New_Earth)	Blond Hair
\\/wiki\\/Toymaster_(Earth-One)	Brown Hair
\\/wiki\\/Doctor_Drago_(New_Earth)	Red Hair
\\/wiki\\/Huntress_(O.G.R.E.)_(New_Earth)	Brown Hair
\\/wiki\\/Supreme_One_(New_Earth)	Black Hair
\\/wiki\\/Typhoon_(O.G.R.E.)_(New_Earth)	Red Hair
\\/wiki\\/Zedabon_Zarr_(New_Earth)	Red Hair
\\/wiki\\/Otto_Fisher_(New_Earth)	Black Hair
\\/wiki\\/Doctor_Deering_(New_Earth)	White Hair
\\/wiki\\/William_Magnus_(robot)_(New_Earth)	Brown Hair
\\/wiki\\/Boka_(New_Earth)	Black Hair
\\/wiki\\/Charles_Elkin_(New_Earth)	Brown Hair
\\/wiki\\/Ferenc_Aldebaran_(New_Earth)	Black Hair
\\/wiki\\/Tommy_Moon_(New_Earth)	Black Hair
\\/wiki\\/John_Dolan_(Earth-One)	Brown Hair
\\/wiki\\/Clyde_Mardon_(New_Earth)	Brown Hair
\\/wiki\\/Jacob_Baker_(Earth-One)	Brown Hair
\\/wiki\\/Paul_Strobe_(Earth-One)	Brown Hair
\\/wiki\\/Jeffrey_Graham_(New_Earth)	Blond Hair
\\/wiki\\/Brenda_Forest_(New_Earth)	Brown Hair
\\/wiki\\/Green_Arrow_(Oliver_Queen)	Blond Hair
\\/wiki\\/Gypper_Zilich_(New_Earth)	Black Hair
\\/wiki\\/Robert_Mason_(New_Earth)	Black Hair
\\/wiki\\/Diablo_the_Horse_(New_Earth)	Black Hair
\\/wiki\\/Scott_Scanlon_(New_Earth)	Blond Hair
\\/wiki\\/Materna_Minnx_(New_Earth)	Brown Hair
\\/wiki\\/Frank_Baker,_Jr._(New_Earth)	Grey Hair
\\/wiki\\/Prowley_(New_Earth)	Black Hair
\\/wiki\\/Mark_Antaeus_(New_Earth)	Black Hair
\\/wiki\\/Ben_Lo_(New_Earth)	Black Hair
\\/wiki\\/Auctioneer_II_(New_Earth)	White Hair
\\/wiki\\/Matteo_Bischoff_(New_Earth)	Grey Hair
\\/wiki\\/Doomslayer_(New_Earth)	White Hair
\\/wiki\\/Emily_Sung_(New_Earth)	Purple Hair
\\/wiki\\/Barry_Quinzel_(New_Earth)	Black Hair
\\/wiki\\/Dragonfly_II_(New_Earth)	Black Hair
\\/wiki\\/Jade_Emperor_Impostor_(New_Earth)	Black Hair
\\/wiki\\/Kaldur%27ahm_(New_Earth)	Black Hair
\\/wiki\\/Douglas_Parker_(New_Earth)	Grey Hair
\\/wiki\\/S%27kidds%27kakoth_(New_Earth)	Brown Hair
\\/wiki\\/Dorian_Chase_(New_Earth)	Black Hair
\\/wiki\\/Bizarro_Joker_(New_Earth)	Green Hair
\\/wiki\\/R%27amey_Holl_(New_Earth)	Brown Hair
\\/wiki\\/Baron_Bedlam_II_(New_Earth)	Blond Hair
\\/wiki\\/Barry_Pierce_(New_Earth)	White Hair
\\/wiki\\/Killa_%27Nilla_(New_Earth)	Blond Hair
\\/wiki\\/M%27gann_M%27orzz_(New_Earth)	Red Hair
\\/wiki\\/Barreer_Wot_(New_Earth)	Grey Hair
\\/wiki\\/B%27dg_(New_Earth)	Brown Hair
\\/wiki\\/T%27oombala_(New_Earth)	Black Hair
\\/wiki\\/Basqat_(New_Earth)	Green Hair
\\/wiki\\/Dore_Allen_(New_Earth)	Black Hair
\\/wiki\\/Joseph_Abernathy_(New_Earth)	Brown Hair
\\/wiki\\/Joseph_N%27Bobo_(New_Earth)	Brown Hair
\\/wiki\\/Sh%27ri_Valkyr_(New_Earth)	Blue Hair
\\/wiki\\/Daniel_Coleman_(New_Earth)	Brown Hair
\\/wiki\\/Tai%27Darshan_(New_Earth)	Black Hair
\\/wiki\\/Luke_O%27Brian_(New_Earth)	Black Hair
\\/wiki\\/Thomas_Hart_(New_Earth)	Brown Hair
\\/wiki\\/Beatriz_(New_Earth)	Black Hair
\\/wiki\\/Jong_Li_(Dragon_Lord)	Black Hair
\\/wiki\\/Sandalphon_(New_Earth)	White Hair
\\/wiki\\/Alisand%27r_(New_Earth)	Red Hair
\\/wiki\\/B%27Shi_(New_Earth)	Brown Hair
\\/wiki\\/Elaine_Belloc_(New_Earth)	Black Hair
\\/wiki\\/Kagutsuchi_(New_Earth)	Black Hair
\\/wiki\\/M%27hdahna_(New_Earth)	Brown Hair
\\/wiki\\/Pocket_Pal_(New_Earth)	Black Hair
\\/wiki\\/Shrike_III_(New_Earth)	Black Hair
\\/wiki\\/Tsuki-yomi_(New_Earth)	Black Hair
\\/wiki\\/Tybalt_Bak%27sar_(New_Earth)	Brown Hair
\\/wiki\\/Valkus_(New_Earth)	Black Hair
\\/wiki\\/Whisper_A%27Daire_(New_Earth)	Red Hair
\\/wiki\\/Yama-no-Kami_(New_Earth)	Black Hair
\\/wiki\\/Cha%27rissa_(New_Earth)	Black Hair
\\/wiki\\/Jensen_(New_Earth)	Blond Hair
\\/wiki\\/Kali_Gari_(New_Earth)	Black Hair
\\/wiki\\/Murmur_(New_Earth)	Blue Hair
\\/wiki\\/Nu%27bia_(New_Earth)	Black Hair
\\/wiki\\/Utopian_(New_Earth)	Black Hair
\\/wiki\\/Dr._Morpheus_(New_Earth)	White Hair
\\/wiki\\/Astorr_(New_Earth)	White Hair
\\/wiki\\/Lance_O%27Casey_(New_Earth)	Grey Hair
\\/wiki\\/Roland_Seers_(New_Earth)	Black Hair
\\/wiki\\/Shauna_Harwood_(New_Earth)	Blond Hair
\\/wiki\\/Walker_Gabriel_II_(New_Earth)	Black Hair
\\/wiki\\/Leonard_Carnell_(New_Earth)	Brown Hair
\\/wiki\\/Morella_(New_Earth)	Black Hair
\\/wiki\\/Pierce_II_(New_Earth)	Black Hair
\\/wiki\\/Tempus_(New_Earth)	Blue Hair
\\/wiki\\/Valkyra_(New_Earth)	Brown Hair
\\/wiki\\/Vayla_(New_Earth)	Black Hair
\\/wiki\\/Widow_(New_Earth)	Red Hair
\\/wiki\\/William_O%27Neil_(New_Earth)	Brown Hair
\\/wiki\\/El%27qa_Squa_Zreenah_(New_Earth)	Black Hair
\\/wiki\\/Ephemera_(New_Earth)	Black Hair
\\/wiki\\/Faith_O%27Dare_(New_Earth)	Black Hair
\\/wiki\\/Foreman_(New_Earth)	Red Hair
\\/wiki\\/Hardwire_(New_Earth)	Brown Hair
\\/wiki\\/Heatseeker_(New_Earth)	Black Hair
\\/wiki\\/Nameless_One_(New_Earth)	White Hair
\\/wiki\\/Oleand%27r_(New_Earth)	Red Hair
\\/wiki\\/William_O%27Dare_(New_Earth)	Red Hair
\\/wiki\\/Dorothea_Wayne_(New_Earth)	Brown Hair
\\/wiki\\/B%27aad_(New_Earth)	Pink Hair
\\/wiki\\/Bug_II_(New_Earth)	Red Hair
\\/wiki\\/Clarence_O%27Dare_(New_Earth)	Red Hair
\\/wiki\\/Ebrax_(New_Earth)	Black Hair
\\/wiki\\/Gray_Abbott_(New_Earth)	White Hair
\\/wiki\\/Jitter_(New_Earth)	Brown Hair
\\/wiki\\/Johnny_Lynx_(New_Earth)	Black Hair
\\/wiki\\/K%27zandr_(New_Earth)	White Hair
\\/wiki\\/Lethal_(New_Earth)	Blond Hair
\\/wiki\\/Milo_Shrevlak_(New_Earth)	Black Hair
\\/wiki\\/Painkiller_(New_Earth)	Black Hair
\\/wiki\\/Ph%27yzzon_(New_Earth)	White Hair
\\/wiki\\/Barry_O%27Dare_(New_Earth)	Red Hair
\\/wiki\\/Donovan_Wallace_(New_Earth)	Red Hair
\\/wiki\\/Dominique_Duchamp_(New_Earth)	Brown Hair
\\/wiki\\/Flatline_(New_Earth)	Brown Hair
\\/wiki\\/Hope_O%27Dare_(New_Earth)	Red Hair
\\/wiki\\/J.J._Crook_(New_Earth)	White Hair
\\/wiki\\/Ke%27Haan_(New_Earth)	Black Hair
\\/wiki\\/Mason_O%27Dare_(New_Earth)	Red Hair
\\/wiki\\/Matthew_O%27Dare_(New_Earth)	Red Hair
\\/wiki\\/Rumble_I_(New_Earth)	Black Hair
\\/wiki\\/Donna_Parker_(New_Earth)	Brown Hair
\\/wiki\\/Ambrose_Bierce_(New_Earth)	Blond Hair
\\/wiki\\/Fadeout_(New_Earth)	Brown Hair
\\/wiki\\/Strongbox_(New_Earth)	Black Hair
\\/wiki\\/Doomsday_(New_Earth)	White Hair
\\/wiki\\/Doranchatok_(New_Earth)	Blue Hair
\\/wiki\\/Donald_Trollbridge_(New_Earth)	Black Hair
\\/wiki\\/Morris_Eagleton_(New_Earth)	White Hair
\\/wiki\\/S%27Ona_(New_Earth)	Black Hair
\\/wiki\\/Bashira_(New_Earth)	Black Hair
\\/wiki\\/F%27ancha_(New_Earth)	Brown Hair
\\/wiki\\/Ig%27nea_G%27odd_(New_Earth)	Blond Hair
\\/wiki\\/Maxwell_Lord_III_(New_Earth)	Brown Hair
\\/wiki\\/Pyranis_(New_Earth)	Red Hair
\\/wiki\\/Nomad_(New_Earth)	Brown Hair
\\/wiki\\/Barter_(New_Earth)	Brown Hair
\\/wiki\\/Douglas_Strange_(New_Earth)	Brown Hair
\\/wiki\\/Marij%27n_Bek_(New_Earth)	Blond Hair
\\/wiki\\/Martin_Hawkins_(New_Earth)	Black Hair
\\/wiki\\/Baron_Sunday_(New_Earth)	Black Hair
\\/wiki\\/Dorothy_Spinner_(New_Earth)	Brown Hair
\\/wiki\\/G%27Newmann_G%27Noggs_(New_Earth)	Brown Hair
\\/wiki\\/G%27Nort_(New_Earth)	Reddish Brown Hair
\\/wiki\\/Maddax_the_Destroyer_(New_Earth)	Brown Hair
\\/wiki\\/Barry_Locatelli_(New_Earth)	Black Hair
\\/wiki\\/Dorcas_Leigh_(New_Earth)	Blond Hair
\\/wiki\\/Branden_(Earth-31)	Brown Hair
\\/wiki\\/Isadore_O%27Toole_(New_Earth)	Black Hair
\\/wiki\\/Lupe_(New_Earth)	Black Hair
\\/wiki\\/Barry_LeSabre_(New_Earth)	Grey Hair
\\/wiki\\/B%27rr_(New_Earth)	Brown Hair
\\/wiki\\/M%27Bulaze_(New_Earth)	Black Hair
\\/wiki\\/Barry_Stein_(New_Earth)	Brown Hair
\\/wiki\\/Megan_O%27Dell_(New_Earth)	Brown Hair
\\/wiki\\/Pasha_Gorki_(New_Earth)	Red Hair
\\/wiki\\/Barry_Long_(New_Earth)	Brown Hair
\\/wiki\\/Dorothy_Hinckley_(New_Earth)	Black Hair
\\/wiki\\/April_O%27Rourke_(New_Earth)	Red Hair
\\/wiki\\/Bazooka_Joan_(New_Earth)	Black Hair
\\/wiki\\/Cecile_O%27Malley_(New_Earth)	Red Hair
\\/wiki\\/V%27lana_(New_Earth)	Black Hair
\\/wiki\\/Wen_Ch%27ang_(New_Earth)	White Hair
\\/wiki\\/Baron_Winters_(New_Earth)	Grey Hair
\\/wiki\\/Donovan_Caine_(New_Earth)	Black Hair
\\/wiki\\/Ahri%27ahn_(New_Earth)	Brown Hair
\\/wiki\\/Bloodclaw_(New_Earth)	Brown Hair
\\/wiki\\/Ch%27p_(New_Earth)	Brown Hair
\\/wiki\\/Ryand%27r_(New_Earth)	Red Hair
\\/wiki\\/X%27Hal_(New_Earth)	Red Hair
\\/wiki\\/A%27Hwiirdh-Paan%27A_(New_Earth)	Purple Hair
\\/wiki\\/Hermit_(Earth-One)	White Hair
\\/wiki\\/High_Priestess_(Earth-One)	Blond Hair
\\/wiki\\/K%27ryssma_(New_Earth)	White Hair
\\/wiki\\/Mikron_O%27Jeneus_(New_Earth)	Brown Hair
\\/wiki\\/Charles_Tane_(New_Earth)	Blond Hair
\\/wiki\\/Rebecca_Tane_(New_Earth)	Blond Hair
\\/wiki\\/Doreen_Day_(New_Earth)	Blond Hair
\\/wiki\\/James_Daniels_(New_Earth)	Brown Hair
\\/wiki\\/Baron_Blitzkrieg_(New_Earth)	Black Hair
\\/wiki\\/Lucifar_(New_Earth)	Brown Hair
\\/wiki\\/Norman_Techno_(New_Earth)	Brown Hair
\\/wiki\\/Ch%27al_Andar_(New_Earth)	Blond Hair
\\/wiki\\/Dragorin_(New_Earth)	Black Hair
\\/wiki\\/Ra%27s_al_Ghul_(New_Earth)	Grey Hair
\\/wiki\\/Bartholomew_Lash_(New_Earth)	Red Hair
\\/wiki\\/Angel_Beatrix_O%27Day_(New_Earth)	Blond Hair
\\/wiki\\/Hard_Head_(New_Earth)	Black Hair
\\/wiki\\/Dragonfly_(New_Earth)	Black Hair
\\/wiki\\/Donna_Troy_(New_Earth)	Black Hair
\\/wiki\\/Flash_(Wally_West)	Red Hair
\\/wiki\\/Dorothea_Tane_(New_Earth)	Blond Hair
\\/wiki\\/Maximillian_O%27Leary_(New_Earth)	Black Hair
\\/wiki\\/Doris_Zuel_(New_Earth)	Red Hair
\\/wiki\\/Doris_Lee_(New_Earth)	Brown Hair
\\/wiki\\/Patrick_O%27Brian_(New_Earth)	Black Hair
\\/wiki\\/Basil_Karlo_(New_Earth)	Black Hair
\\/wiki\\/Catwoman_(Selina_Kyle)	Black Hair
\\/wiki\\/Frank_Fitzsimmons_(New_Earth)	Grey Hair
\\/wiki\\/Mookie_(New_Earth)	Blond Hair
