id,question,choices,answerKey
1,"Garrett collected some large rocks from a stream near his home. He measured the rocks on a balance. When he records the mass of the rocks, which units should Garrett use?",1,A
2,"When the pesticide DDT was first used, it killed nearly every mosquito it touched. Within a few years, however, many mosquitoes became resistant to DDT and survived. What enabled this to happen?",2,A
3,Radio signal interruption sometimes causes a humming or buzzing sound. These sounds are most likely caused by,3,B
4,Which is the result of mitosis?,4,B
5,Nicole was studying different ecosystems. She compared the number of plants living in a forest to those in a desert. Which factor best explains why more plants may survive in a forest?,5,C
6,"After a rainstorm, a big pile of rocks blocks part of a mountain road. Which event most likely caused the rocks to move onto the road?",6,B
7,Which object is nonliving?,7,C
8,What is the role of chlorophyll in photosynthesis?,8,A
9,What biological concept was Mendel studying when he crossed pea plants many times over many generations?,9,C
10,A scientist is comparing two body cells of a multicellular organism. Which of the following is most likely identical?,10,B
11,Which type of organism would most likely benefit directly from increased levels of CO_{2}?,11,B
12,"Rocks can be classified many different ways, including as igneous, metamorphic, and sedimentary. This classification is based on the",12,B
13,Which metric unit is used to describe an object's length?,13,A
14,Nerve cells transmitting messages to the body best demonstrate which primary function?,14,B
15,Which is a process that converts sunlight energy into a compound that stores chemical energy?,15,D
16,What advantage do sea stars gain from having radial symmetry?,16,C
17,A scientist studies how weathering and erosion can change the shape of a mountain. The scientist needs to collect information over what period of time to gather the most accurate information?,17,D
18,A student measures the growth of a group of plants given different amounts of fertilizer. Which data display should the student use to compare the growth of the plants?,18,C
19,In which object does chemical energy most likely transform into electrical energy?,19,A
20,Which action is an example of an exothermic process?,20,C
21,Phyllis investigated what happened when she added some different substances to water. Which substance can combine with water to form a solution?,21,D
22,Which natural event can dry out plants and cause wildfires?,22,D
23,Phyllis investigated what happened when she added some different substances to water. Which substance can combine with water to form a solution?,23,A
24,Which two body systems work together to transport oxygen to the cells?,24,D
25,Smoking harms the body in many ways. It is most harmful to which organ?,25,A
26,A rock has most likely traveled a long distance from its place of origin if it is,26,A
27,The magnitude of the gravitational force between two planets depends on the,27,D
28,An engineer constructs a prototype from wood. Which of the following is the best tool for the engineer to use to make the prototype's surface smooth?,28,A
29,"A student heated a pan of soup on a stove. While stirring the soup with a metal spoon, the student noticed the spoon became very warm. What is the most likely reason the spoon became warm?",29,C
30,Which two activities use most of the water used in an average U.S. household?,30,A
31,Chromosomes contain the genetic information of an organism. Fruit flies reproduce by sexual reproduction. Most of the cells of a fruit fly have 8 chromosomes. Which statement best explains the source of the chromosomes in a normal fertilized fruit fly egg?,31,C
32,Which human organ system produces sperm or egg cells?,32,D
33,Which part of a plant cell is responsible for controlling the activities of the other parts of the cell?,33,A
34,"Which animals live part of their lives in water and part on land, and go through metamorphosis?",34,B
35,Plants on hills keep dirt in place during a rain storm. Plant roots grow into the dirt and keep the dirt from moving. Why do roots grow into the dirt?,35,A
36,Which two body systems are directly involved in movement?,36,C
37,Scientists who have studied global climate changes have found that the average temperature of Earth has risen. There has also been an increase in the accumulation of atmospheric greenhouse gases. What is the goal of the scientific community in collecting this type of data?,37,A
38,Which term identifies a group of cells that work together to perform a similar function?,38,B
39,Mosquitoes have adapted to detect carbon dioxide using certain sensory nerves. Mosquitoes instinctually move toward greater concentrations of carbon dioxide. What is the importance of this adaptation?,39,A
40,Which structure surrounds and protects an animal cell?,40,A
41,Earthquake waves are recorded by seismograph machines. What does an earthquake wave transmit?,41,A
42,The greatest amount of diversity can be found among which type of organism?,42,C
43,"A group of vertebrates has lungs, a body covered with scales, internal fertilization, and amniotic eggs. Which group of vertebrates does this describe?",43,C
44,How can plants most likely improve air quality?,44,C
45,A student is investigating which type of soil is best for growing tomato plants from seeds. The student plants four tomato seeds in each of three different containers of soil. Which step of the procedure would help the student get the most reliable results?,45,A
46,Which process allows green plants to control the amount of water stored in their leaves?,46,2
47,"When a boy stands in a field in the sunlight, he usually is able to see his",47,A
48,"Jonathan places a pot of water on a stove. As the water boils, how does the state of the water change?",48,D
49,Hereditary information is transmitted from parents to offspring through,49,A
50,One process in the formation of sedimentary rocks is when rocks are,50,B
51,"In order for boulders to become sediments, the boulders must first be",51,A
52,It is necessary to add a day to the calendar every four years because,52,A
53,Which of the following helped lead to the invention of personal computers?,53,B
54,"After playing outside on a cold day, Jaime went inside to wash his hands. Although the water was normal temperature, he noticed that it felt warmer than usual. What would explain this phenomenon?",54,C
55,What is significant about the discovery of water on Mars?,55,A
56,Which of the following is a characteristic of all chemical changes?,56,D
57,Which of these is most likely to be spread when two people drink from the same water bottle?,57,C
58,Natural processes shape the surface of Earth. Most canyons are formed by ___.,58,1
59,A scientist was examining a large boulder that was covered with lichens (a combination of fungi and algae). He chipped a piece of the rock and placed it under a microscope. He observed that the surface of the rock was breaking down underneath the lichen. Which was the scientist most likely observing?,59,C
60,What supplies most of the energy that plants need to make food?,60,D
61,A city has an outbreak of a disease that affects an unusually large portion of its population at the same time. Which term best describes the outbreak?,61,D
62,Which trait does a puppy inherit from its parents?,62,D
63,"If a lake is polluted, which organism would most likely accumulate the highest concentration of contaminants?",63,2
64,"Oil, coal, and natural gas are fossil fuels formed under what conditions?",64,C
65,"A vaccine can prevent a serious disease. When a new vaccine is developed, it is given to a small group of people. Why would it be important to test each vaccine on a small group of people before everyone can have one?",65,B
66,Which geologic feature most likely forms when an oceanic tectonic plate is slowly subducted beneath a continental tectonic plate?,66,D
67,"Many types of organisms live in a meadow. With the introduction of a large, swift-moving predator into the meadow ecosystem, which group of organisms will MOST likely have an advantage of surviving and reproducing?",67,C
68,In what type of rock would a geologist most likely find evidence of ancient life?,68,D
69,"Based on the evidence available at the time, early models of the solar system stated that all objects in space orbited Earth. In the 16th century, an astronomer reevaluated the evidence and proposed a model of the solar system that is still in use. What part of this model corrected the mistake in previous solar system models?",69,C
70,How is the structure of an atom best described?,70,1
71,Astronomers have found evidence for the existence of a super-massive black hole in the center of the giant elliptical galaxy M87. What is thought to cause black holes to form?,71,B
72,Which human organ system exchanges gases with the environment?,72,B
73,A car skids along the road and smoke appears to be coming from under the tires. The heat that produces the smoke is caused by,73,B
74,What two gases make up most of the Earth's atmosphere?,74,A
75,How does the appearance of a constellation change during the night?,75,A
76,Which is a major organ of the nervous system?,76,B
77,"Before rock can become soil, it must undergo certain processes. One process in the formation of soil involves plants. How can plants chemically change rocks into soil?",77,C
78,Which adaptation allows a walrus to stay warm in cold water?,78,B
79,Greenhouse gases in the atmosphere trap heat near Earth's surface. Which of these is a greenhouse gas?,79,A
80,Different units of measurement are more useful in some settings than in others. Which unit of measurement is most used when comparing distances within the solar system?,80,B
81,All organisms contain DNA and RNA. What are the subunits of DNA and RNA?,81,D
82,Which of the following helps keep the Moon in its orbit?,82,D
83,"In New York State, an observer will usually see the Sun rise in the",83,C
84,Which property of an object can be described as smooth?,84,A
85,A disorder is associated with certain flaws in the human respiratory system. Which is most likely a typical symptom of this disorder?,85,B
86,Which best describes a proton?,86,A
87,Scientists measured the patterns of spectral lines given off by distant galaxies and concluded that almost all of these galaxies are moving away from Earth. What did the scientists observe directly?,87,B
88,Water is a very important part of the physical weathering of rock. Which of these properties of water is most important in causing some of the physical weathering of rock?,88,1
89,"When ice melts, it becomes a",89,B
90,Which part of the atom has a negative charge?,90,D
91,What should a scientist do to help make sure the results of an experiment are unbiased?,91,D
92,Investigations were performed to test several methods of keeping petals from falling off flowers that had been cut. Which is the most likely reason for this investigation?,92,B
93,The floating arrow on a compass always points towards the,93,D
94,Which of the following correctly orders part of a fish's respiratory system from the least complex to most complex?,94,D
95,A student is playing with a small toy boat on a pond. The student throws a rock in the pond. This creates waves that move the boat toward the shore. The boat moves toward the shore because the waves transfer,95,B
96,All rocks are composed of,96,A
97,"Maria collected the gas given off by a glowing piece of charcoal. The gas was then bubbled through a small amount of colorless limewater. Part of Maria's report stated, ""After the gas was put into the jar, the limewater gradually changed to a milky white color."" This statement is",97,D
98,Which of the following causes a ship’s iron anchor to sink to the ocean floor when it is released overboard?,98,B
99,In the human body the digestion of proteins takes place primarily in which two organs?,99,D
100,Which of the following is a common renewable resource found in deserts?,100,D
101,Sound waves can pass through all of these except,101,D
102,"In a city, the daily high and low 16 temperatures for a month are best represented by which of the following?",102,A
103,Which of these is hottest?,103,3
104,Approximately how many times will Earth rotate during one revolution around the Sun?,104,C
105,What role does the centromere play in cellular reproduction?,105,B
106,Which animals are most likely to carry the seeds found in berries from the parent plant to another area?,106,D
107,The human body gets the energy it needs for growth and repair directly from,107,C
108,"When a switch is used in an electrical circuit, the switch can",108,C
109,Which of these provides the best evidence that Earth's crust is divided into tectonic plates?,109,D
110,Which of the following does not give an example of how sparrows use resources in their environment to survive?,110,C
111,Which of the following heat exchange processes involves the collision of particles?,111,C
112,"In the past, Native American Indians buried dead fish along with corn seeds. This technique was used because the decomposing dead fish would",112,A
113,Rachel purchased a kit for making a skateboard ramp. Which of the following is most important to have for putting the ramp together?,113,A
114,Which of the following describes a reason why companies irradiate some fruits and vegetables before they are sold to the public?,114,A
115,"When the cells in an organism divide and reproduce, the organism can grow. Which cell organelle contains the genetic material for reproduction?",115,B
116,Human actions can change the rate at which soil erodes. Which of the following would most likely slow the rate of soil erosion?,116,C
117,"Some immune cells are actively involved in ingesting, destroying, and presenting invading microbial antigens on their surface to stimulate other cells to produce antibodies. Which of these cells is responsible for initiating such an immune response?",117,C
118,"Some schools have programs to recycle paper products such as student papers, newspapers, and cardboard boxes. Which of these statements describes a positive effect of recycling paper products?",118,C
119,Which structure is found in producers in nearly all ecosystems?,119,C
120,Students studying the atmosphere want to display the percentage of each greenhouse gas as compared to the total amount of greenhouse gases found in the atmosphere. Which representation would be most appropriate for displaying these percentages?,120,D
121,"When ice melts, it becomes a",121,A
122,Which organ system is responsible for the exchange of oxygen and carbon dioxide between the body and the environment?,122,B
123,How is the structure of an atom best described?,123,A
124,Which is the best way a science student can help to maintain laboratory equipment?,124,B
125,What is the main function of scales on a fish?,125,D
126,How does a human body get energy?,126,D
127,Which atmospheric phenomena are created by the interaction of charged particles with Earth's magnetosphere?,127,D
128,Paco throws a ball. What force pulls the ball down toward the ground?,128,C
129,Which type of rock is formed when limestone is subjected to heat and pressure?,129,B
130,Earth is made of different layers that have varying characteristics. Which is the thickest layer?,130,A
131,Many scientists theorize that global warming will melt the polar ice caps. What would most likely happen if the polar ice caps melted?,131,D
132,The freezing and thawing action of water affects a rock by,132,B
133,A shiny aluminum screen can be placed on the windshield of a parked car. This screen helps to keep the car cool because it,133,2
134,Ninety-nine percent of the mass of an atom is located in,134,2
135,Which scientist formulated rules that describe the observable relationships of plant traits to the traits of the ancestor plants?,135,D
136,Which organ is most responsible for oxygen entering the blood stream?,136,D
137,Which human trait is most likely inherited from a parent?,137,D
138,Owen tested a physical property of a mineral. He rubbed a mineral sample on a piece of white tile. The mineral left a red mark on the tile. Which of the following physical properties of the mineral was Owen most likely testing?,138,B
139,Which of these cycles takes 24 hours?,139,B
140,The length of a year is equivalent to the time it takes for one,140,C
141,"Air in the atmosphere is heated unevenly by the sun, causing",141,C
142,"Which scientist studied biology by traveling by ship to different islands observing animal life, and developed a hypothesis about how species change?",142,A
143,The chemical equation below shows a reaction of copper (Cu) with silver nitrate (AgNO_{3}) yielding silver (Ag) and copper(II) nitrate (Cu(NO_{3})_{2}) Cu + 2AgNO_{3} -> 2Ag + Cu(NO_{3})_{2} Silver and copper(II) nitrate are called the,143,D
144,Which factor will most likely cause a person to develop a fever?,144,A
145,"Most stars in the Milky Way are like the Sun. The Sun will eventually become a red giant. After the red giant stage, what determines whether a star will become a white dwarf or a supernova?",145,B
146,Different units of measurement are more useful in some settings than in others. Which unit of measurement is most used when comparing distances within the solar system?,146,B
147,Which of these would best be shown as a 3-D model?,147,C
148,Which process in the water cycle would be accelerated by an increase in temperature?,148,B
149,Which system of the human body provides protection to most of the major organs?,149,B
150,"During science class, students combined 1 kg of iron filings with 1 kg of sand to create a mixture. Which of the following methods would be best for separating the iron filings from the sand?",150,A
151,Which part of a plant is used to absorb sunlight during photosynthesis?,151,D
152,A glacier sometimes leaves behind large chunks of ice. What is left in the ground when these chunks of ice melt?,152,A
153,"If its food supply in a field decreases, the mouse population in that field will probably",153,B
154,"Some students were investigating the relationship between position, time, and speed. The students marked the initial position of a toy car. The students set the car into motion and marked the position of the car each second. Which of these are most appropriate for recording and analyzing the students' data?",154,C
155,"In a closed system, what happens to the total energy of the system as energy conversions take place?",155,C
156,Which characteristic is the best example of an inherited trait?,156,D
157,Which of the following best describes a role of mushrooms in ecosystems?,157,D
158,"When stratospheric ozone levels are reduced, the amount of ultraviolet radiation hitting Earth increases. Ozone depletion is most often caused",158,A
159,Which of these is a function of a leaf?,159,B
160,Which of these elements is likely to be found in an organic compound?,160,D
161,Astronomers have determined the surface temperature of stars by studying their colors. What color emission represents stars with the hottest temperatures?,161,D
162,"When a switch is used in an electrical circuit, the switch can",162,D
163,In the human body the digestion of proteins takes place primarily in which two organs?,163,C
164,Which energy source is considered nonrenewable?,164,B
165,Living things depend on energy from,165,C
166,"Which of these actions will change a sedimentary rock, such as limestone, into a metamorphic rock, such as marble?",166,C
167,"The Sun appears to move across the sky each day, rising in the east and setting in the west. What causes this apparent motion?",167,A
168,"In a mixture, a magnet is used to separate some particles from sand. The dark particles are most likely made of which element?",168,D
169,Scientists who have studied the hydrosphere concluded that about 71% of Earth is covered with water. Which part of the hydrosphere is most often associated with the formation of organic rocks?,169,C
170,In which of these investigations would pictures from a camera be most useful?,170,D
171,Which of these animals has a young form that looks the most like the adult form?,171,D
172,Nonrenewable sources of energy have limited supplies. Researchers are developing devices that will make renewable energy more available. Which is a source of renewable energy?,172,A
173,Sherry is going to use her computer to draw a three-dimensional box. She wants to be able to specify the exact dimensions and angles and to rotate the box as needed on the screen. Which of the following types of programs would Sherry most likely use for this purpose?,173,4
174,Which of the following remains constant in Earth's carbon cycle?,174,A
175,Juvenile diabetes is a disease caused by the body's inability to create insulin. The body's white blood cells attack the pancreatic cells that produce insulin. This type of disease is known as,175,A
176,The continental crust floats on top of the mantle because the crust is,176,A
177,"The population of which of the following 26 organisms would most likely decline if small animals like rats, rabbits, and snakes were eliminated from an ecosystem?",177,A
178,Which process in the water cycle would be accelerated by an increase in temperature?,178,D
179,Which resource has the most potential for production of renewable electric energy?,179,C
180,"In order for a glider to fly, its weight must be opposed by",180,C
181,What motion causes day and night?,181,D
182,"Strontium, barium, and radium are grouped together on the Periodic Table of the Elements because they all have",182,D
183,Which item is used for protection from chemical splashing?,183,C
184,Freda always hangs her wet swimsuit outdoors after getting out of the swimming pool. Which of the following is least likely to affect the rate at which Freda's swimsuit dries?,184,A
185,In what type of rock would a geologist most likely find evidence of ancient life?,185,C
186,"When a tree suffers from a decreased ability to transport materials within the phloem, what is directly impacted?",186,3
187,What relationship exists between a dog and its fleas?,187,B
188,Which of the following is not an inherited trait of humans?,188,3
189,What happens when water flows over a rock for a long period of time?,189,B
190,Most of the concentration of which gas results from the activity of producer organisms?,190,C
191,A scientist is searching for areas where new solar systems might form. What feature is the scientist looking for?,191,E
192,Which conclusion can be made about earthworms because they do not have an internal skeleton?,192,B
193,"Stem cells are cells that can differentiate into many different kinds of cells. Scientists have discovered that the environment supporting the cells influences stem-cell differentiation. For example, stem cells grown on strong, flexible surfaces became muscle cells. What most likely happened to stem cells grown on a hard, rigid surface?",193,D
194,"An area received six inches of snow during the winter. Before the snow can continue through the water cycle as ground water or runoff, it must first ___.",194,D
195,Which tool would be best to measure the length of a butterfly?,195,D
196,Which of the following is a harmful waste material that leaves the blood and travels through the lungs before leaving the body?,196,C
197,"When oil is burning, the reaction will",197,B
198,Which are the best tools to use for growing and studying bacterial cultures?,198,C
199,Which group of organisms can make food by a process called chemosynthesis?,199,A
200,Which part of the electromagnetic spectrum can humans sense without using equipment or technology?,200,D
201,"When the lighted half of the Moon faces the Sun and the dark half faces Earth, the phase of the Moon viewed from Earth is called the",201,C
202,Heat from deep in Earth's interior is transferred to its crust by which of the following?,202,C
203,One process in the formation of sedimentary rocks is when rocks are,203,B
204,The surface of the Moon is covered with craters. Most of these craters were formed by,204,B
205,Students perform an investigation designed to measure the daily growth of a bean plant. Which should the students do every day of this investigation?,205,B
206,Erin placed her shamrock plant in a dark corner. Soon she saw that the leaves had tilted toward her window. What did the plant need most from the window?,206,D
207,The rocks that form most of the Sierra Nevada are granitic rocks. This means that the mountains were most likely formed by,207,B
208,What causes nighttime and daytime on Earth?,208,D
209,Which tool is used to measure the volume of a liquid?,209,D
210,Which model is used by scientists to determine the properties of elements?,210,B
211,"In the 17th century, Gregor Mendel crossed pea plants with different traits and observed the results in their offspring. To which of these did Mendel contribute most directly with his work?",211,D
212,A student climbs up a rocky mountain trail in Maine. She sees many small pieces of rock on the path. Which action most likely made the small pieces of rock?,212,A
213,"Since green plants make their own food, they are called",213,D
214,"When liquid water freezes, it forms ice. What is the physical state of an ice cube?",214,C
215,Gregor Mendel cross-pollinated red and white snapdragon flowers. What information indicates that incomplete dominance was achieved?,215,D
216,Which two systems of the body are interacting when a runner sprains his ankle?,216,C
217,"If a class wants to measure the speed of a bicycle during an outdoor lab exercise, which two devices would be most useful?",217,C
218,"Kim lost her hammer outside. When she found it a few months later, some parts of the metal were covered with flaky, brown rust. Which type of change occurred when rust formed on the hammer?",218,2
219,"Pesticides and fertilizers can help farmers to produce more crops. However, overuse of these chemicals can result in",219,D
220,"If a student gets a chemical splashed into an eye, what is the most appropriate first action to be taken?",220,A
221,Which characteristic can an amoeba change that a paramecium cannot change?,221,C
222,Which object is powered by an electrical circuit?,222,C
223,Which of these is most likely the cause of a father and son having almost identical-sounding voices?,223,A
224,Why are many telescopes used far from cities?,224,D
225,Which of the following properties provides the BEST way to identify a mineral?,225,C
226,Scientists are discovering ways to make some crops use less water. A person working in which job would most benefit from this research?,226,B
227,"Wire was looped several times around an iron nail, and the wire's ends were connected to a battery. For which of these will this device most likely be used?",227,A
228,Rocks in warm and humid environments can be weathered faster than rocks in other environments. Which is most likely the next step in the rock cycle for weathered rocks?,228,C
229,Which characteristic is not an inherited trait?,229,A
230,"Increased populations can lead to the depletion of locally available resources. Compared to other communities, which of these locally available resources is most likely to be depleted in desert communities?",230,B
231,Alex looked at an electric toothbrush that had a plug with three metal prongs. Why are these prongs made out of metal?,231,C
232,"If the solar system were used as a model of an atom, what would the Sun most likely represent?",232,C
233,Planting legumes in order to add nitrogen to soil most likely causes,233,C
234,Which is the best explanation of the term ecology?,234,A
235,Which of the following is a property of CO2 gas?,235,B
236,What may form as a direct result of a star collapsing?,236,C
237,The Grand Canyon is an example of,237,A
238,Which interaction within an ecosystem is characterized by gradual change from one community of organisms to another?,238,D
239,Which lists the diameter of the planets in order from smallest to largest?,239,C
240,A student pours a clear liquid from a test tube into a beaker with a clear liquid already in it and notices that the mixture turns pink. The student infers the two clear liquids are different. This inference is a result of,240,A
241,Fossils of clam shells were found in the Appalachian Mountains. Which of these statements best explains why the clam shells were found in the Appalachian Mountains?,241,A
242,Which of the following is most likely to make a rock crack and crumble?,242,A
243,Which best describes a characteristic of the jet stream?,243,C
244,"Mitosis occurs in living things when a cell divides to produce two cells. Compared to the original cell, how many chromosomes are in each of the resulting cells?",244,C
245,The stages of evolution of a star are determined by the mass of the star at the beginning of its life cycle. Which stage of evolution is the oldest form of a massive star?,245,B
246,"The snowshoe hare was once common in Maryland. In 1986, researchers in the state noted that the snowshoe hare was no longer found in Maryland. Which statement best explains why the snowshoe hare is no longer found in Maryland?",246,C
247,"Which of these structures form when materials are deposited, buried, and cemented?",247,D
248,The measure of the amount of light received on Earth from a star is known as,248,B
249,"Humans cannot survive without clean, fresh water. Reservoirs of liquid water vary, but all water spends time as a gas in the atmosphere. What is the source of most of the water in the atmosphere?",249,2
250,What is the outermost structure in a plant cell?,250,C
251,Which characteristic is shared by Earth and the Moon?,251,D
252,In what type of rock would a geologist most likely find evidence of ancient life?,252,C
253,The topography of Nevada is dominated by basins and mountain ranges associated with which geological phenomena?,253,D
254,Which conclusion can be made about earthworms because they do not have an internal skeleton?,254,A
255,"According to the fossil record, when did episodes of rapid speciation commonly take place?",255,A
256,Which distance is the smallest for which it is most practical to use the light-year as a unit of measurement?,256,C
257,Which plant trait is inherited?,257,A
258,A student standing near a campfire feels warmer as the fire grows. Which process most likely transfers heat from the campfire to the student?,258,A
259,Acid rain caused by industrial pollution greatly reduces the number of trees in a forested region that is home to a particular species of bird. How might this decrease in the number of trees most likely affect this bird population?,259,A
260,"Paleontologists often find and study the remains of ancient plants and animals. When the remains of ancient plants and animals are covered by layers of sediment over time, the remains",260,B
261,Noah visited a park that had many oak trees. Which best describes the role of an oak tree in its ecosystem?,261,C
262,A large rock breaks into small pieces within 10 years. Which process is most likely responsible for breaking the large rock into small pieces within 10 years?,262,A
263,Which part of the electromagnetic spectrum can humans sense without using equipment or technology?,263,C
264,"Granite is an igneous rock. Which of these describes what usually happens to granite after it is weathered, broken into small particles, buried deep underground, and compacted?",264,B
265,"A drain cleaner consists of sodium hydroxide and aluminum. When the drain cleaner is added to water, bubbles of hydrogen are produced, and the solution becomes very hot. Which of these best describes what happens to form the bubbles when the cleaner is added to water? F",265,D
266,A person in a dark room looking through a window can clearly see a person outside in the daylight. But a person outside cannot see the person inside. Why does this happen?,266,C
267,"Scientists use the term ""light year"" to describe",267,A
268,"A group of vertebrates has lungs, a body covered with scales, internal fertilization, and amniotic eggs. Which group of vertebrates does this describe?",268,A
269,Campers shouted toward a canyon wall. What characteristic of sound best explains why the campers heard an echo?,269,C
270,Which of the following elements is best able to combine with itself and hydrogen [H] to form large molecules?,270,D
271,Which organisms form the base of all ecosystems?,271,A
272,The sum of all chemical reactions in the human body is known as,272,D
273,Earth is about 81 times more massive than the Moon. How will the mass and weight of a rocket on the Moon compare to its mass and weight on Earth?,273,B
274,The digestive system breaks food into simple substances that the body can use. What system carries these simple substances from the digestive system to other parts of the body?,274,C
275,A lunar eclipse occurs when the Moon passes through Earth's shadow. A lunar eclipse can only occur during a,275,3
276,Which of the following events during meiosis contributes most to the variation within a species?,276,D
277,The property of matter that resists changes in motion is called,277,B
278,"In pea plants, tall is dominant over short. What size pea plants will result when a pure tall plant is crossed with a pure short plant?",278,A
279,"Which of these is most likely caused by the action of water, wind, and animals?",279,B
280,Changes to Earth's surface can happen slowly or quickly. Which of these changes happens the most quickly?,280,B
281,Which dog trait is a learned behavior?,281,A
282,A student states that plants grow taller when grown in natural light than they do in artificial light. Which method is the best way to determine if the statement is fact or opinion?,282,C
283,Before it rains water must collect in,283,A
284,Which of the following materials would best slow the transfer of heat?,284,B
285,A metal spoon was left in a pot of boiling soup. The cook burned a finger by touching the spoon. Why did the finger get burned?,285,C
286,Which property of proteins best allows them to perform an enormously diverse range of functions?,286,B
287,Cells in the body use oxygen (O2) for cellular respiration. Which is the result of cellular respiration?,287,D
288,Which physical structure would best help a bear to survive a winter in New York State?,288,2
289,Which of these is an organism that is unicellular?,289,B
290,Which is an example of light being reflected?,290,C
291,Light travels fastest through which of the following?,291,D
292,Which of these provides most of the oxygen in Earth's atmosphere?,292,C
293,"A light bulb manufacturer claims its light bulb is ""twice as bright"" per unit of electrical energy consumed as the leading light bulb. If this claim is correct, what factor must be accurately compared between the two bulbs?",293,C
294,Which processes change magma into igneous rock?,294,C
295,Which factor would have the greatest influence on the southern migration of animals living in the Northern Hemisphere?,295,C
296,A light-year is a measure of,296,D
297,"Which of these actions will change a sedimentary rock, such as limestone, into a metamorphic rock, such as marble?",297,D
298,"Rocks are classified as igneous, metamorphic, or sedimentary according to",298,A
299,A difference between the oceanic crust and the continental crust is that the oceanic crust is,299,A
300,Which of these is the BEST reason to study weather?,300,B
301,Which is a feedback mechanism the human body uses to maintain homeostasis?,301,B
302,How do plants most commonly break large rocks into smaller pieces?,302,B
303,"Several interchangeable parts are used in the manufacture of automobiles. Some examples of these parts are batteries, windshield wiper blades, spark plugs, and tires. Which of the following is an advantage of interchangeable parts over non-interchangeable parts on automobiles?",303,A
304,Which gravitational pull has the greatest influence on Earth's tides?,304,A
305,A student wants to look under a heavy rock. Which simple machine would be BEST to use to lift the rock?,305,C
306,Which action forms a different chemical substance?,306,C
307,Which event would most likely occur if the number of nitrogen fixing bacteria were reduced within an ecosystem?,307,B
308,The oceans most influence global climate by,308,A
309,Scientists dig in a dry area at the bottom of a mountain range. Fossilized shells of freshwater mussels are found in the area. Which is a likely conclusion that scientists will draw based on this evidence?,309,A
310,Which interaction within an ecosystem is characterized by gradual change from one community of organisms to another?,310,B
311,Why is it important to have a large sample size in an investigation?,311,C
312,Which statement explains what will most likely happen to the hydrosphere in an area where air temperatures increase?,312,A
313,Which of the following is a crucial piece of evidence supporting scientists' theory of how the continents and the ocean basins formed?,313,A
314,Two processes are involved in the formation of a sand dune. Which two processes best describe how a sand dune forms?,314,B
315,Sophie investigates the water supply at her school and the things that affect it. Which action is a direct observation?,315,D
316,Which invention has technology that helps people keep food fresh for a long period of time?,316,D
317,"If a neutral atom loses an electron, what is formed?",317,A
318,"When specific hormones are present in the blood of a hen, an egg is released from an ovary. Which two systems are involved with the release of an egg?",318,D
319,"When a dog smells food and begins drooling, it is responding to an external stimulus. Which of these describes a response to an internal stimulus?",319,A
320,Heat from deep in Earth's interior is transferred to its crust by which of the following?,320,D
321,Which tool would best help a person observe the parts of a plant cell?,321,D
322,A scientist is searching for areas where new solar systems might form. What feature is the scientist looking for?,322,C
323,"In order for a glider to fly, its weight must be opposed by",323,B
324,"In a forest community, trees produce leaves that can be eaten by deer. The leaves also fall to the forest floor during autumn. Fungi break the leaves down into nutrients that enter the soil. What is the decomposer in this forest community?",324,A
325,How does an ecosystem benefit when leaves fall from a tree and decompose on the soil?,325,B
326,Which situation is the best example of ecological succession?,326,B
327,What do all animals need in order to survive?,327,D
328,Light enters the human eye through the,328,A
329,Which resource is considered nonrenewable?,329,D
330,Which word best describes the speed of a cart that has a positive velocity and a negative acceleration?,330,B
331,Earth's core is primarily composed of which of the following materials?,331,D
332,Overuse of soil for farming causes local disruptions of several Earth subsystems. Which of these is a part of the biogeochemical cycle that experiences the most severe local disruption?,332,C
333,Which of the following is one reason that quartz is classified as a mineral?,333,C
334,Which process drives most of the ATP synthesis in a chloroplast?,334,C
335,A student is designing a model of the solar system and writing a report. She is trying to be as accurate as possible. Which statement should she include in her report?,335,B
336,Which of these resources will most likely be depleted first?,336,B
337,"Lemon juice turns litmus paper red, is corrosive and tastes sour. Lemon juice is classified as",337,C
338,A recycling plant manager needs to melt 1500 kg of scrap copper to sell to a wire manufacturer. The copper is at 15°C and its melting point is 1083°C. The copper has a specific heat of 385 J/kg x K. How much heat is required to raise the temperature of the copper to its melting point?,338,D
339,Which units are best to measure the amount of rain that fell during a thunderstorm?,339,B
340,"When a book is dropped onto a wooden desk, the molecules in the wood begin to vibrate from the force of the book. Which of these is produced by the vibrations?",340,B
341,Which pair together could cause a rainbow?,341,A
342,Which rapid changes are caused by heat from inside Earth?,342,A
343,Chromosomes contain the genetic information of an organism. Fruit flies reproduce by sexual reproduction. Most of the cells of a fruit fly have 8 chromosomes. Which statement best explains the source of the chromosomes in a normal fertilized fruit fly egg?,343,A
344,Multicellular organisms grow in size by producing more,344,D
345,A student examines a new watch design. The watch has a small solar cell on its face. The main function of the solar cell is to,345,B
346,What happens when water flows over a rock for a long period of time?,346,B
347,"According to the Big Bang Theory, how is the universe changing?",347,C
348,"A student is working on a science project display for the school science fair. To best communicate why her conclusions are valid, what should be included on the display?",348,A
349,A teacher asks her students to examine titles of four scientific articles. Which titled article is specifically about a chemical change?,349,C
350,Which would best aid a scientist in discovering how Earth may have changed over time?,350,C
351,Where does a landslide begin?,351,B
352,Which discovery revealed that the universe contains many structures composed of millions of stars?,352,A
353,"Monarch butterflies use milkweed plants during all of their life stages. Milkweed plants grow in open areas, such as grasslands and wetlands. They also often grow between row crops. Given this information, which of these biotechnologies would pose the greatest threat to monarch butterflies?",353,B
354,Which part of a strawberry plant absorbs most of the water needed by the plant?,354,A
355,"An object's hardness, taste, and texture are examples of",355,A
356,Changes to Earth's surface can happen slowly or quickly. Which of these changes happens the most quickly?,356,C
357,All organisms contain DNA and RNA. What are the subunits of DNA and RNA?,357,D
358,Which part of the body carries out the function of copying DNA?,358,C
359,"When plants undergo photosynthesis, a reaction produces sugar, oxygen, and water. During respiration, stored energy from the products of photosynthesis is converted to usable energy. In what form is the energy stored prior to use in respiration?",359,C
360,"Of the examples listed, which event is thought by scientists to have led to the greatest extinction?",360,D
361,Different species of carnivorous animals that share the same habitat in an ecosystem may,361,D
362,What product was being formed as plants died and sank to the bottom of swamps?,362,C
363,Why would explorers use a compass when traveling to unknown lands?,363,C
364,Clearing forests of trees and vegetation for human development can have major impacts on the ecosystem. Which would most likely occur after a forested area is cleared?,364,C
365,Which most accurately describes a circle (pie) graph?,365,B
366,"Jenny measures the outside temperature as 16 degrees Celsius (°C), 61 degrees Fahrenheit (°F). She observes precipitation falling from the clouds in a solid form. What type of precipitation is Jenny most likely observing?",366,A
367,"Wolves kill many elk every year and often attack old, sick, and injured members of a herd. Which of the following best describes the role of the wolves in the wolf-elk relationship?",367,C
368,An idea that the universe originated with an explosion is supported by repeated observations of light from distant galaxies traveling away from Earth. An idea that has been tested repeatedly and is supported by repeated results is most likely a,368,1
369,Baby chicks peck their way out of their shells when they hatch. This activity is an example of which of the following types of behavior?,369,D
370,An element with which property would be best to use in electrical wiring?,370,C
371,The brown tree snake is a nonnative species found on the South Pacific island of Guam. The brown tree snake population in Guam is so large that it negatively affects the humans there. Which statement best explains why the brown tree snake has flourished in Guam?,371,D
372,"The nervous system is composed of cells, tissues, and organs. Which is a cell of the nervous system?",372,A
373,"Most stars in the Milky Way are like the Sun. The Sun will eventually become a red giant. After the red giant stage, what determines whether a star will become a white dwarf or a supernova?",373,A
374,Vascular plants have tissue called xylem. Which of these is transported by the xylem?,374,C
375,Which process has most likely occurred when new traits appear in a species?,375,4
376,"Traveling in opposite directions, buses A and B are passing each other at the relative speed of 25 km/h, while a passenger on bus A walks toward the back of the bus at the speed of 5 km/h. What is the velocity of the passenger on bus A relative to bus B?",376,C
377,Which are two parts of the carbon cycle?,377,A
378,Which is the best explanation of the term ecology?,378,3
379,"Jonathan places a pot of water on a stove. As the water boils, how does the state of the water change?",379,C
380,The Mariana Trench is the deepest ocean trench on Earth. This trench occurs at a plate boundary where,380,B
381,The process by which organisms with favorable variations reproduce at higher rates than those without such variations is,381,B
382,Which characteristic can a puppy inherit from its parents?,382,C
383,Offshore oil platforms affect ocean habitats. An ocean environment is most likely damaged by an offshore oil platform because,383,A
384,A lizard most likely would be protected from its enemies if it has which characteristic?,384,1
385,Which physical characteristic do some organisms have that helps them survive in the Arctic?,385,A
386,What energy transformation occurs when an electric lamp is turned on?,386,C
387,"When two nuclei are combined into one nucleus, there is a slight change in mass and the release of a large amount of energy. What is this process called?",387,A
388,A deer inherits some of its features from its parents. Other features come from its environment. Which feature would a deer most likely inherit from its parents?,388,A
389,Which of the following is visible through a reflecting telescope?,389,C
390,The movement of soil by wind or water is called,390,B
391,"Plants have special tissues that transport food, water, and minerals throughout the plant. What are these tissues similar to in animals?",391,B
392,Which is a process that most likely formed the Appalachian Mountains found in the eastern part of North America?,392,D
393,Which is an example of melting?,393,A
394,"The process of digestion breaks down proteins into smaller molecules that are used to rebuild other proteins. During digestion, proteins undergo",394,B
395,"Which resource, abundant in Nevada, is nonrenewable?",395,C
396,Natural processes cause rapid and slow changes to Earth's surface. Which event causes changes to Earth's surface most rapidly?,396,C
397,A cell that is unable to import substances required to process chemical energy is most likely a result of a malfunctioning,397,C
398,Moving water in a river is considered a renewable resource because it,398,A
399,"Wire was looped several times around an iron nail, and the wire's ends were connected to a battery. For which of these will this device most likely be used?",399,B
400,Which organ directly works to protect the human body from disease?,400,A
401,What would be the result of adding one proton to an atom?,401,A
402,Which of these elements is found in the greatest amount in organisms?,402,D
403,Which type of energy conversion occurs in a flashlight?,403,C
404,Which property of air does a barometer measure?,404,A
405,Which units are best to measure the amount of rain that fell during a thunderstorm?,405,A
406,Which of the following animals goes through metamorphosis?,406,B
407,"For a technology project, Kyle came up with an idea to build a model bridge. He wants his bridge to span 50 cm and to support a 1 kg object. According to the engineering design process, which of the following should be Kyle's next step?",407,C
408,Which of these explains how a trench can form?,408,A
409,A water wave that occurs in an ocean is an example of which type of wave?,409,B
410,What advantage is gained by using radio telescopes as opposed to optical telescopes?,410,C
411,Vein deposits of gold and silver are often formed in areas that have experienced which geologic process?,411,D
412,"If you wanted to be able to look at the stars, the planets, and the Moon more closely, what should you use?",412,C
413,"If wolves prey on deer for food, what will most likely happen to the deer population if wolves are removed from an area where deer live?",413,B
414,The surface of Earth is covered by a relatively thin layer of water called the,414,A
415,"Water that is used to cool nuclear power plants can be released into water bodies, causing an area called a thermal plume. A thermal plume can be 12-18°C warmer than surrounding waters. Although some fish may be attracted to the warmer water, other organisms may not be able to survive. Government officials order a study to determine the effects of a thermal plume in a water body near a nuclear power plant in North Carolina. Which factor most related to temperature should the study focus on in order to determine whether the thermal plume is damaging the health of the water system?",415,4
416,Fossils of clam shells were found in the Appalachian Mountains. Which of these statements best explains why the clam shells were found in the Appalachian Mountains?,416,D
417,Which group of organisms would all be found living in a tropical rain forest?,417,B
418,Which of these organisms has cells with cell walls?,418,C
419,An organism's traits are largely determined by the genetic makeup of its parents. A mutation in which kinds of cells in a parent could cause a new trait to appear in the parent's offspring?,419,C
420,Florida has a large supply of phosphate that ancient seas deposited millions of years ago. The phosphate contains the remains of animals that were deposited in layers on the sea floor. Which type of rock did the phosphate become?,420,C
421,"After nitrogen becomes part of the lithosphere, what is the next change that nitrogen will undergo?",421,D
422,Which of the following best describes a role of mushrooms in ecosystems?,422,D
423,Which best describes why winds at the beach change direction between day and night?,423,B
424,Which effect do rapidly cooling temperatures have on the water cycle?,424,B
425,Plants make sugars in the presence of sunlight in a process called photosynthesis. What form of carbon do the plants take in for this process?,425,A
426,DNA stores the genetic instructions transferred from one generation to the next. What is DNA?,426,B
427,"An elephant is a multicellular organism that weighs about 200 pounds at birth and can grow to weigh as much as 15,000 pounds. What increases as the elephant grows into an adult?",427,C
428,Which statement best describes the nature of sound?,428,C
429,"In an investigation, a student wants to see how a ball is affected by rolling it over a surface covered with sandpaper. In preparation for the trial, the student makes a list of the possible conditions that could affect the investigation. The student is most likely listing the",429,B
430,Which movement of carbon between reservoirs takes the longest to achieve?,430,D
431,Western coral snakes have a striped color pattern and are poisonous. Arizona mountain king snakes look like western coral snakes but are not poisonous. The color pattern of the Arizona mountain king snake is an example of,431,C
432,Large amounts of metals like iron and aluminum are found in,432,C
433,The brain and spinal cord are parts of which body system?,433,D
434,Phyllis investigated what happened when she added some different substances to water. Which substance can combine with water to form a solution?,434,B
435,"All stars start forming in the same manner. Some follow the life cycle of the Sun, while others turn into neutron stars or black holes. Which property determines the fate of a star as it develops?",435,D
436,"As the human population increases, more fossil fuels are being used. The burning of fossil fuels produces greenhouse gases. How might humans reduce greenhouse gases?",436,A
437,Where is the first place a scientist should present new research data about the structure of a galaxy in order to receive the most appropriate review of the research?,437,A
438,Which item is designed to change electrical energy into heat energy?,438,B
439,Which unit of measurement can be used to describe the length of a desk?,439,A
440,Which of these organisms is a producer in a marine ecosystem?,440,A
441,Which of the following helps the leaves break down after they have fallen off the tree?,441,B
442,Measurements of carbon dioxide concentrations in the air taken over the past decade have shown a,442,D
443,"If an environment becomes warmer and drier, the change that would most likely help a species adapt would be an increase in its",443,D
444,"When a red bull (RR) is bred with a white cow (WW), a roan calf (RW) is sometimes produced. If a roan bull (RW) is bred with a roan cow (RW), what is the most likely outcome of the offspring?",444,A
445,Which characteristic of a volvox colony makes it more like a multicellular organism than a simple cluster of unicellular organisms?,445,A
446,The brown fur of the arctic hare turns white in winter. How does this color change most likely help the arctic hare?,446,4
447,"An ocean, a forest, and a grassy meadow are each examples of a complete ecosystem. Complete ecosystems contain only",447,D
448,Which of these renewable resources results in an increase in pollution when used to produce energy?,448,A
449,Earth is about 81 times more massive than the Moon. How will the mass and weight of a rocket on the Moon compare to its mass and weight on Earth?,449,2
450,"If a scientist wants the medical community to revise old information and use new research findings in the treatment of a disease, it would be best to present the information",450,2
451,"A group of students investigated the effect of water temperature on the gill movements of goldfish. The students tested water temperatures from 20°C to 10°C at 2-degree intervals. The data showed that as water temperature decreased, the average number of gill movements per minute by the goldfish also decreased. Which type of display is BEST used to show this relationship?",451,B
452,Which statement best describes the organization of the Periodic Table of the Elements?,452,D
453,What is the relationship between tissues and organs?,453,B
454,Which is the result of mitosis?,454,A
455,The chemical reaction of ethane and oxygen produces carbon dioxide and water. Which is the best form to identify reactants and products of the reaction?,455,A
456,The position of the liver in the circulatory system maximizes its ability to filter out harmful chemicals as soon as they enter the bloodstream. Blood travels to the liver from the,456,D
457,Which best describes why winds at the beach change direction between day and night?,457,C
458,"When the pesticide DDT was first used, it killed nearly every mosquito it touched. Within a few years, however, many mosquitoes became resistant to DDT and survived. What enabled this to happen?",458,C
459,"When light is bounced off a mirror, the light is",459,1
460,Some objects conduct electricity. Which object is the best conductor of electricity?,460,D
461,Falling and rising air and water molecules inside of clouds are believed to be factors in the formation of lightning. Which kind of energy transfer is taking place to cause this weather phenomenon?,461,B
462,A student is playing with a small toy boat on a pond. The student throws a rock in the pond. This creates waves that move the boat toward the shore. The boat moves toward the shore because the waves transfer,462,A
463,"In the 17th century, Gregor Mendel crossed pea plants with different traits and observed the results in their offspring. To which of these did Mendel contribute most directly with his work?",463,B
464,"Monarch butterflies use milkweed plants during all of their life stages. Milkweed plants grow in open areas, such as grasslands and wetlands. They also often grow between row crops. Given this information, which of these biotechnologies would pose the greatest threat to monarch butterflies?",464,A
465,"In the human body, the breaking down of food into simple substances occurs in the",465,D
466,Martin is writing a report for science class about how the tilt of Earth affects living organisms. Which subject should Martin include in his report that is directly affected by Earth's tilt?,466,B
467,"From Earth, the Sun appears brighter than any other star because the Sun is the",467,B
468,Which of the following foods is highest in polysaccharides?,468,C
469,"Two students make hot chocolate. One student pours the hot chocolate into a foam cup. The other student pours the hot chocolate into a metal cup. The metal cup becomes too hot to touch, but the foam cup can be held comfortably. The best explanation for this difference in temperature is that the foam cup-- A heats up much faster than the metal cup",469,B
470,Where do plants get energy from to make food?,470,B
471,The transfer of thermal energy from one object to another is known as,471,A
472,Eating leafy vegetables is important for human health. This is because leafy vegetables are a good source of which of the following?,472,A
473,"A condition in bees called ""colony collapse disorder"" occurs when worker bees leave the hive to collect nectar and never return. How would a decline in the bee population most likely affect a farm ecosystem?",473,A
474,Planting legumes in order to add nitrogen to soil most likely causes,474,C
475,Which ability is the most useful for making observations?,475,A
476,Nerve cells transmitting messages to the body best demonstrate which primary function?,476,D
477,What causes a blue block to appear blue in the sunlight?,477,3
478,Which is an example of primary ecological succession?,478,D
479,Which of these BEST describes the way a feather feels?,479,D
480,The mathematical model for calculating speed is shown below. Speed = distance/time. An airplane traveled 700 kilometers in two hours during a trip. What was the average speed of the plane during the trip?,480,C
481,"In an earthquake, the primary waves move through",481,B
482,"What is the mass number of an atom with 17 protons, 17 electrons, and 18 neutrons?",482,A
483,Which item is designed to change electrical energy into heat energy?,483,D
484,Which habitat on Earth would probably 28 add the greatest amount of water to the water cycle through evaporation?,484,A
485,Which sequence correctly shows the levels of organization for structure and function in a human?,485,C
486,Which process causes the leaves of a plant to become larger?,486,B
487,Which characteristic is shared by Earth and the Moon?,487,C
488,An ice cube is placed in a pan. The pan is placed over an open flame. Which change will most likely happen over time?,488,A
489,"Deforestation in the rainforest can lead to localized extinctions of populations of some organisms. Once an area is deforested, which is most likely to decrease and result in organisms' extinctions?",489,A
490,Which disease is a result of abnormal cell division?,490,D
491,The gravitational attraction of the Moon causes which effect on Earth?,491,A
492,Which two activities are carried out by all species of living things?,492,D
493,A student is using hydrochloric acid in an investigation. Which piece of safety equipment is most important during this investigation?,493,B
494,During a lab investigation a scientist heats a solid substance. The scientist observes that the solid has two different melting points. The scientist is able to separate the two resulting liquids. Which statement best classifies the original solid substance?,494,B
495,The difference between the atomic number of an element and the element's atomic mass is the number of,495,C
496,Which process directly adds carbon into the atmosphere?,496,B
497,Which item would a magnet attract?,497,C
498,A pencil falls off of a desk. What moves the pencil toward the floor?,498,C
499,Water moves by capillary action through soil from moist areas to dry areas. Which property of water is most responsible for this capillary action?,499,B
500,"Some birds live in a forest. If many of the trees in the forest are cut down, the shelter for the birds will",500,B
501,A researcher found shark fossils on top of a mountain. This evidence suggests which of the following about this region?,501,B
502,One way to protect against food poisoning is to,502,D
503,"Paleontologists often find and study the remains of ancient plants and animals. When the remains of ancient plants and animals are covered by layers of sediment over time, the remains",503,3
504,Animal cells obtain energy by,504,D
505,Which is a major organ of the nervous system?,505,C
506,From which part of the plant does a bee get food?,506,B
507,What two gases make up most of the Earth's atmosphere?,507,B
508,"An organism, such as a nematode worm, may have only 1000 cells. It should be classified as being",508,C
509,How would a drought most likely affect the plants of a grassy plain?,509,D
510,"In large industrial cities, the emissions from fossil fuels cause the atmosphere to change. Which process allows the atmosphere to change?",510,C
511,Which of these elements is likely to be found in an organic compound?,511,D
512,Which object in our solar system reflects light and is a satellite that orbits around one planet?,512,B
513,"To safely conduct an experiment using chemicals, what should students always do?",513,A
514,Research into the total amount of oil available for use around the world can affect what kind of human choice?,514,C
515,Which of these human activities in a forest has a positive effect on the ecosystem?,515,B
516,Which of these describes a chemical change?,516,C
517,What is the most prominent land feature formed by the convergence of the Indo-Australian and Eurasian plates?,517,A
518,Which is the greatest impact humans have had on the carbon cycle?,518,A
519,Which of the following organisms have the greatest effect on an ecosystem because of the changes they make to their environment?,519,A
520,What determines if twins are identical?,520,B
521,Humans depend on which natural resource from the environment?,521,A
522,A student proposes the rate of increase in a plant's mass will be proportional to the length of light exposure per day when all other variables are constant. How should this proposal be classified?,522,D
523,All rocks are composed of,523,A
524,A dragonfly develops through incomplete metamorphosis. Which stages does the dragonfly's life cycle include?,524,A
525,Plankton are tiny ocean organisms. The role of one type of plankton is to use the energy from the Sun to produce food that other animals eat. Which organism has the same role in the ocean as this type of plankton?,525,C
526,Which is an example of kinetic energy?,526,B
527,Growing thicker fur in the winter helps some animals to,527,1
528,"Why are seals able to live off the coast of Antarctica while frogs, snakes, and panthers are not?",528,A
529,Paco throws a ball. What force pulls the ball down toward the ground?,529,C
530,"Jake's cats eat food from a can. The cats come running into the kitchen when they hear the electric can opener. Now, each time Jake's mother opens a can of corn, the cats come running. This is an example of",530,D
531,Which measurement tool is used to find the volume of a small piece of granite?,531,B
532,Why is protein an important part of a healthy diet?,532,A
533,What two gases make up most of the Earth's atmosphere?,533,D
534,Which is the best explanation of the term ecology?,534,A
535,Which element is necessary for the formation of coal?,535,D
536,"Discarded electronic devices, such as outdated computers and cell phones, contain materials that can be toxic to the environment. Which statement best explains why humans continue to use these technologies?",536,A
537,You wish to closely observe a small insect. Which tool is the best to use?,537,E
538,What is the most likely function of a turtle's hard shell?,538,C
539,"When liquid water freezes, it forms ice. What is the physical state of an ice cube?",539,3
540,Oceans have many layers of sediments. These layers become compacted when they are buried under other layers of sediments. Which is most likely to happen to the deepest layers?,540,A
541,The danger posed to fish in an aquarium by an overpopulation of bacteria caused by an algal bloom is most likely a,541,D
542,Which of the following is produced when sugar is digested in an animal cell?,542,B
543,Electron transport in mitochondria results in a chemiosmotic gradient of which particle across the mitochondrial membrane?,543,C
544,"When plants undergo photosynthesis, a reaction produces sugar, oxygen, and water. During respiration, stored energy from the products of photosynthesis is converted to usable energy. In what form is the energy stored prior to use in respiration?",544,C
545,"When water vapor rises and cools, the liquid water in the air comes together forming",545,A
546,What is the smallest particle of the element gold (Au) that can still be classified as gold?,546,A
547,"Which color shirt will reflect the most light on a hot, sunny day?",547,A
548,What characteristic of viruses distinguishes them from cells?,548,D
549,Which of the following events involves a consumer and producer in a food chain?,549,D
550,Darwin's theory that animal species can change over time was inspired by his research on which set of islands?,550,B
551,"If you breathe on a mirror, part of the mirror clouds up. What are you actually seeing when you see the mirror cloud up?",551,B
552,The digestive system breaks food into simple substances that the body can use. What system carries these simple substances from the digestive system to other parts of the body?,552,D
553,The crude oil extracted today was formed millions of years ago from the fossilized remains of algae and other tiny marine organisms. Most parts of the organisms decomposed soon after they died. Which biomolecules decomposed more slowly and became the basis of crude oil?,553,A
554,"When an atom loses or gains an electron, it changes",554,A
555,Some kinds of fish live most of their lives in salt water but lay their eggs in freshwater. Their ability to survive in different environments is an example of,555,B
556,Multicellular organisms grow in size by producing more,556,D
557,"Which of these best defines the term ""pollutant""?",557,B
558,Which of the following systems breaks food into nutrients that can be used by the body?,558,A
559,Biologists have discovered that the beluga whales of Canada's St. Lawrence River have the highest rates of cancer among animals. What is most likely the reason for this high incidence of cancer in these whales?,559,D
560,"A researcher is viewing a cell that has cell walls. To best narrow down the taxonomic group from which the cell belongs, which question should a researcher ask?",560,C
561,What will be the most likely result for some species of animals with the continued burning of rain forests in Africa?,561,A
562,An atom consists of a nucleus surrounded by,562,A
563,Why are some rocks smoother and rounder than others?,563,D
564,"The sun is a star of average size and brightness. From Earth, the sun appears as a round, yellow object in the daytime sky. At night, we see other stars. They appear as tiny points of light. Why does the sun appear larger than stars that we see at night?",564,C
565,Earthquake waves are recorded by seismograph machines. What does an earthquake wave transmit?,565,B
566,Which will most likely cause a decrease in predator populations?,566,A
567,"On the periodic table, the elements in group 18 (8A) (helium, neon, argon, etc.) are grouped together because",567,A
568,The interaction of the skeletal and muscular systems to produce locomotion is coordinated by which human body system?,568,D
569,"The Florida Bog Frog (Lithobates okaloosae) inhabits shallow stream overflows in three counties in Florida. With such a small geographic habitat, any change in the frog's environment could cause drastic changes in the population. Which would most likely affect the frog population if acid rain changed the pH of the water?",569,B
570,"The primary functions of the digestive system are to break down food, absorb nutrients and excrete wastes. Once food is absorbed, what system is responsible for carrying the nutrients to the body cells?",570,C
571,"When carbon and oxygen combine chemically, the mass of the product is",571,D
572,Scientists recorded the hourly temperature at a weather station for the month of July and want to quickly measure a trend over time in temperature changes. Which of these formats would be the most appropriate representation of the temperature data to quickly measure any trend?,572,B
573,Which is an example of a single-celled organism?,573,D
574,A dog opens its mouth and lets its tongue hang out. A human's body produces sweat. These are two ways that organisms may adjust to,574,B
575,"Students are learning about the natural resources in Maryland. One group of students researches information about renewable natural resources in the state. The other group researches information about nonrenewable natural resources in the state. The resources the students investigate include plants, animals, soil, minerals, water, coal, and oil. Which nonrenewable natural resource heats homes?",575,A
576,Peach trees have sweet-smelling blossoms and produce rich fruit. What is the main purpose of the flowers of a peach tree?,576,B
577,Which statement correctly describes why there are fewer than 24 hours of daylight in Alaska during each day in April?,577,C
578,Sugar is added to water and the mixture is stirred. Which observation is evidence that the sugar dissolved in the water?,578,A
579,"A student adds sugar, spices, and salt to a bowl of peanuts and stirs them together. What has the student made?",579,A
580,Which of the following processes is an important part of star formation?,580,D
581,Which statement describes the location of our Sun in the universe?,581,D
582,Which organ removes cell waste from the blood?,582,B
583,Which is an example of an organism that has been selectively bred for a particular genetic trait?,583,A
584,The stages in the life cycle of an organism are shown below. birth -> growth -> development -> reproduction -> death In which life cycle stage will a new organism be made?,584,C
585,Which rapid changes can be caused by storms?,585,D
586,A dog opens its mouth and lets its tongue hang out. A human's body produces sweat. These are two ways that organisms may adjust to,586,C
587,What is the most reasonable explanation for why a toy car rolls farther on a wood floor than on a thick carpet?,587,B
588,In which example could a thermometer be used to show that heat energy is being transferred?,588,D
589,In which pair of elements are both metalloids?,589,B
590,What form of energy is stored in a battery?,590,A
591,"A small, fast-moving river in is in a V-shaped valley on the slope of a mountain. If you follow the river to where it passes through a plain, what will the river most likely look like compared with how it looked on the mountain?",591,B
592,"In what way do transit systems, such as buses, benefit society?",592,D
593,"A population of wood mice lives in a cool, moist temperate forest. Several years of hot, dry weather have affected the plants in the area. Which mice in the population are most likely to survive this change and pass their genes on to their offspring?",593,C
594,Which characteristic is common to all reptile species?,594,B
595,One of the functions of a topographic map is to,595,B
596,The surface of the Moon is covered with craters. Most of these craters were formed by,596,B
597,The elements sulfur (S) and oxygen (O2) combine to form a substance called sulfur dioxide (SO2). Sulfur dioxide is also formed when coal and oil are burned. Sulfur dioxide can best be described as,597,D
598,"Jake's cats eat food from a can. The cats come running into the kitchen when they hear the electric can opener. Now, each time Jake's mother opens a can of corn, the cats come running. This is an example of",598,B
599,An artificial pacemaker is a device that regulates the beat of the heart by an electrical stimulus. Some early pacemakers were powered by batteries and were worn externally with wires passing through the skin to the surface of the heart. Modern pacemakers are now much smaller and are implanted surgically. Which most likely has increased the lifespan and effectiveness of artificial pacemakers?,599,C
600,Frank needs to move a box by sliding it across the floor. Which two factors will most strongly affect how hard Frank needs to push the box?,600,B
601,"Stretching is considered an important step before engaging in sports. In an investigation to see whether stretching before physical exertion reduces sports injuries, who would the control group most likely be?",601,B
602,Which is a learned behavior?,602,C
603,"In 2004 the Hubble space telescope captured images of distant star clusters, each containing about a million stars. These star clusters were most likely part of which structure?",603,C
604,A research team wanted to produce a smaller variety of German shepherd dogs. They mated the smallest dogs from different litters for several generations. This is an example of which concept?,604,A
605,Which process allows green plants to control the amount of water stored in their leaves?,605,B
606,Which is a chemical compound?,606,B
607,"A student conducts an experiment using a common but potentially harmful bacteria culture. After working with the bacteria, which is the most important safety practice to follow?",607,C
608,How has the invention of the personal computer helped people the most?,608,C
609,"Windy, cloudy, rainy, and cold are words that help describe",609,B
610,Scientists think that dolphins and whales may have evolved from a common ancestor. What evidence supports this hypothesis?,610,C
611,"In a meadow ecosystem, mice receive most of the energy they need to survive directly from which of the following sources?",611,B
612,A student tosses a ball into the air. Which force causes the ball to fall back to the ground?,612,C
613,Sherry is going to use her computer to draw a three-dimensional box. She wants to be able to specify the exact dimensions and angles and to rotate the box as needed on the screen. Which of the following types of programs would Sherry most likely use for this purpose?,613,A
614,"On a small, isolated island, a hurricane destroyed all the trees that produced a large, hard-shelled nut. Which bird population would most likely decrease?",614,A
615,"The change in the use of one model of the solar system to the use of another model resulted in major changes in science and society. Which two scientists produced the earlier and later models, respectively?",615,D
616,Scientists measured the patterns of spectral lines given off by distant galaxies and concluded that almost all of these galaxies are moving away from Earth. What did the scientists observe directly?,616,B
617,Fourth graders are planning a roller-skate race. Which surface would be the best for this race?,617,A
618,"Pedro shook a can of soda. When the soda was opened, foam and soda burst from the can. Which statement best explains what happened?",618,D
619,Mount St. Helens was a cone-shaped mountain that formed when molten material reached the surface of Earth and formed layers. Cone-shaped mountains form as a result of which one of these events?,619,B
620,What would be the best way to determine the role of squirrels in a forest ecosystem?,620,B
621,"Single-celled organisms can reproduce and create cells exactly like themselves without combining genes from two different parent cells. When they do this, they use a type of",621,B
622,Temperature is the measurement of which type of energy?,622,4
623,Which best describes the orbit of the Moon around Earth?,623,A
624,Which is the best example of evaporation?,624,A
625,What do all animals need in order to survive?,625,B
626,Which of these is a way the people of Virginia can help restore a natural ecosystem?,626,B
627,"When two objects are touching, heat is transferred from the warmer object to the cooler one by",627,A
628,Vehicle exhaust contains a form of pollution called particulate matter. Technologies are being developed to reduce the amount of particulate matter in exhaust. A vehicle that produces less particulate matter would have the greatest impact on which aspect of human health?,628,A
629,Which of the following occurs during photosynthesis?,629,A
630,Roger poured water over a pile of sand. Some of the sand washed away. This process is similar to which of the following?,630,A
631,"Sodium bicarbonate (NaHCO_{3}) is commonly known as baking soda. Sodium bicarbonate is a white solid that can dissolve in water. Under the proper conditions, sodium bicarbonate can release carbon dioxide (CO_{2}) gas. Which of the following is not a physical property of sodium bicarbonate?",631,A
632,What are the two main jobs of the skeletal system?,632,B
633,A student is growing some plants for an experiment. She notices small white spots on the leaves. Which tool should she use to get a better look at the spots?,633,C
634,What geographic obstacle causes water to condense in an air mass as the air mass moves?,634,B
635,A student mixed baking soda with vinegar and observed that the reaction was endothermic. When is a reaction endothermic?,635,A
636,Which of the following best describes the climate of an area?,636,D
637,What causes a blue block to appear blue in the sunlight?,637,C
638,Which human activity has most negatively affected air quality?,638,B
639,What can a moving magnet in a coil of copper wire cause?,639,3
640,One hundred grams of water and 100 grams of vegetable oil are heated in identical containers at 70°C for 5 minutes. Their temperatures at the end of 5 minutes are different due to the difference in which property?,640,B
641,Movement of Earth's crust along plate boundaries produces,641,D
642,At what time on a sunny day will the shadow of the school's flagpole be the shortest?,642,D
643,What is the primary job of red blood cells?,643,C
644,Which sentence describes a characteristic of offspring produced by sexual reproduction?,644,D
645,"A large cold front is moving past the school on a hot, humid summer day. Which best describes the type of weather as the cold front passes by?",645,C
646,Quartz and feldspar are two common minerals. When they are found mixed together in nature they form,646,A
647,"Which color shirt will reflect the most light on a hot, sunny day?",647,D
648,To which group does an animal belong if it lays eggs and has scales and gills?,648,C
649,Which term describes Earth's orbit around the Sun?,649,1
650,The continental crust floats on top of the mantle because the crust is,650,1
651,An ice cube is placed in a pan. The pan is placed over an open flame. Which change will most likely happen over time?,651,C
652,"When a person speaks into a telephone, sound energy is changed mostly into which form of energy?",652,D
653,Why is a healthy diet important?,653,C
654,"In order to survive, all organisms must have",654,B
655,More sulfur dioxide is being added to the atmosphere. How will this most likely affect the hydrosphere?,655,B
656,A scientist plans to investigate the nervous system of sea slugs. What should the scientist do first?,656,B
657,Which tool could be used to help someone count the number of ladybugs on a leaf?,657,A
658,Which of the following is not an inherited trait of humans?,658,2
659,"Several interchangeable parts are used in the manufacture of automobiles. Some examples of these parts are batteries, windshield wiper blades, spark plugs, and tires. Which of the following is an advantage of interchangeable parts over non-interchangeable parts on automobiles?",659,C
660,The theory of continental drift states that the land masses called continents were once closer together and have drifted apart over time. Which circumstance is the strongest evidence in support of this theory?,660,A
661,Most of Earth's major earthquakes are caused by,661,A
662,Where are proteins synthesized?,662,C
663,The periodic table provides information about the atoms of different elements. Which is a characteristic of an atom determines what element it is?,663,B
664,Many scientists theorize that global warming will melt the polar ice caps. What would most likely happen if the polar ice caps melted?,664,A
665,Offshore oil platforms affect ocean habitats. An ocean environment is most likely damaged by an offshore oil platform because,665,B
666,The energy stored in the bonds of a glucose molecule during photosynthesis is in what form?,666,D
667,"Traveling in opposite directions, buses A and B are passing each other at the relative speed of 25 km/h, while a passenger on bus A walks toward the back of the bus at the speed of 5 km/h. What is the velocity of the passenger on bus A relative to bus B?",667,C
668,Campers shouted toward a canyon wall. What characteristic of sound best explains why the campers heard an echo?,668,D
669,"If a chemical reaction such as photosynthesis begins with 6 atoms of carbon [C], how many atoms of carbon [C] should be in the products?",669,A
670,"The population of which of the following 26 organisms would most likely decline if small animals like rats, rabbits, and snakes were eliminated from an ecosystem?",670,A
671,"Sandy and Keith plan to move a 6-kilogram block. If they wanted to calculate the mechanical energy required to move the block, what units would they use to report their answer?",671,B
672,"It rained on a hot summer afternoon and a puddle formed. After several hours, the puddle was gone. Which two processes made the puddle form and then disappear?",672,C
673,A recycling plant manager needs to melt 1500 kg of scrap copper to sell to a wire manufacturer. The copper is at 15°C and its melting point is 1083°C. The copper has a specific heat of 385 J/kg x K. How much heat is required to raise the temperature of the copper to its melting point?,673,C
674,Alicia has lots of old bicycle parts. She wants to build something new with the parts. What is the first thing Alicia should do?,674,A
675,Quartz and feldspar are two common minerals. When they are found mixed together in nature they form,675,D
676,Gregor Mendel cross-pollinated red and white snapdragon flowers. What information indicates that incomplete dominance was achieved?,676,D
677,Which part of a plant is most responsible for using energy from the Sun to produce food for the plant?,677,A
678,"When sugar is heated on a hot plate, it turns into a liquid. When the liquid sugar is cooled, a hard-crystalline substance is formed. This model best demonstrates the formation of",678,D
679,All matter is made up of particles called,679,D
680,"Estella spilled tomato sauce on her shirt. When she washed her shirt, she noticed that the detergent she used contained enzymes. Enzymes are added to detergents to break down proteins from food and other substances that may stain clothing. Which would most likely inhibit the ability of the enzymes to remove the stain on her shirt?",680,D
681,Which sentence about the periodic table of elements is true?,681,B
682,"In an experiment, a scientist named Pavlov rang a bell before he fed his dogs, which made the dogs drool. Soon the dogs would drool when they heard the bell, even if they did not receive any food. What type of response did the dogs exhibit?",682,D
683,Which of the following is visible through a reflecting telescope?,683,D
684,The motion of Earth is responsible for several celestial events. Which of the following events is caused by Earth revolving around the sun?,684,C
685,Which metalloid is used in solar cells and computer chips?,685,D
686,Which characteristic is the best example of an inherited trait?,686,A
687,"In the 1600s, Galileo Galilei studied the moons of Jupiter. What did Galileo do to make better observations?",687,D
688,One of the functions of a topographic map is to,688,A
689,Which energy type is common enough in Nevada to make a significant contribution to the renewable energy needs of the state?,689,B
690,Which of the following properties of a substance is conserved during thermal expansion?,690,A
691,A difference between the oceanic crust and the continental crust is that the oceanic crust is,691,A
692,Which sequence represents the order of development for many plants?,692,C
693,Which situation is the best example of ecological succession?,693,A
694,Which of the following best describes the purpose of cellular respiration?,694,D
695,Some machines can remove the salt that is in seawater. How does removing salt from seawater most help people?,695,A
696,Which energy type is common enough in Nevada to make a significant contribution to the renewable energy needs of the state?,696,D
697,Which trait does a puppy inherit from its parents?,697,A
698,In what way does society benefit from research on diseases?,698,C
699,Chromosomes contain the genetic information of an organism. Fruit flies reproduce by sexual reproduction. Most of the cells of a fruit fly have 8 chromosomes. Which statement best explains the source of the chromosomes in a normal fertilized fruit fly egg?,699,A
700,Which of the following has the greatest effect on the ability of soil to hold water?,700,A
701,Which characteristic is shared by Earth and the Moon?,701,D
702,"In the atomic model that includes a nucleus, the positive charge is",702,C
703,A difference between the oceanic crust and the continental crust is that the oceanic crust is,703,C
704,A delta can be seen from the air at the mouth of the Mississippi River. This delta was formed by,704,D
705,Which behavior is a learned behavior?,705,B
706,Which of the following describes an instinctive behavior?,706,B
707,Which of these mixtures would be easiest to separate?,707,A
708,"Some birds live in a forest. If many of the trees in the forest are cut down, the shelter for the birds will",708,C
709,What motion causes day and night?,709,A
710,Which behavior is an example of an animal adapting to a change in the environment?,710,B
711,"Frog eggs hatch into tadpoles, and then tadpoles gradually develop into frogs. This process is known as",711,B
712,The brain and spinal cord are parts of which body system?,712,D
713,"Which of these best defines the term ""pollutant""?",713,C
714,Why should scientists wear goggles during experiments?,714,B
715,"Of the examples listed, which event is thought by scientists to have led to the greatest extinction?",715,B
716,How do most fish get the oxygen they need to survive?,716,B
717,Which process of the water cycle transports water from plants to clouds?,717,D
718,A car skids along the road and smoke appears to be coming from under the tires. The heat that produces the smoke is caused by,718,D
719,A student wants to find the most accurate account of a scientific discovery that took place within the past three months. In which of these sources should the student look?,719,D
720,A student wants to find the most accurate account of a scientific discovery that took place within the past three months. In which of these sources should the student look?,720,B
721,"A spring-fed stream forms a pond that contains watercress plants, minnows, and crayfish. The pond receives 5 hours of direct sunlight every day. Which of the following is an abiotic factor in this ecosystem?",721,A
722,Vehicle exhaust contains a form of pollution called particulate matter. Technologies are being developed to reduce the amount of particulate matter in exhaust. A vehicle that produces less particulate matter would have the greatest impact on which aspect of human health?,722,B
723,"A small, fast-moving river in is in a V-shaped valley on the slope of a mountain. If you follow the river to where it passes through a plain, what will the river most likely look like compared with how it looked on the mountain?",723,A
724,Growth and repair in multicellular organisms are the result of,724,C
725,Clouds and precipitation moved across western Massachusetts one evening. The temperature changed from 41°F to 28°F. Which of the following changes in precipitation most likely occurred on this evening?,725,D
726,What event happens in a daily cycle?,726,C
727,"A scientist crosses a red-flowered plant with a white-flowered plant, and all offspring have red flowers. What will most likely result if these red-flowered offspring are crossed with white-flowered plants?",727,3
728,"The Sun appears to move across the sky each day, rising in the east and setting in the west. What causes this apparent motion?",728,B
729,Which physical property is important to have in a material used in cookware?,729,D
730,Fourth graders are planning a roller-skate race. Which surface would be the best for this race?,730,D
731,A student uses a telescope to view stars at night. The student notices some of the stars are different colors. The color of a star is determined most by its,731,D
732,Which item would a magnet attract?,732,D
733,Which trait does a puppy inherit from its parents?,733,A
734,"Sandra puts some pill bugs into an open box. She covers half the box with a piece of cardboard. She then places the box outside on a summer day, and all the pill bugs move under the cardboard. The pill bugs are most likely responding to which of the following?",734,B
735,Which of these human activities in a forest has a positive effect on the ecosystem?,735,C
736,Earth rotates on its north-south axis. Which statement best describes one complete rotation?,736,A
737,"In order for boulders to become sediments, the boulders must first be",737,D
738,Darwin's theory that animal species can change over time was inspired by his research on which set of islands?,738,C
739,Water moves by capillary action through soil from moist areas to dry areas. Which property of water is most responsible for this capillary action?,739,D
740,Erin placed her shamrock plant in a dark corner. Soon she saw that the leaves had tilted toward her window. What did the plant need most from the window?,740,B
741,Students planned an investigation that included adding a quantity of vinegar to a small amount of baking soda. Which is the best tool to measure the volume of the liquid vinegar used in the investigation?,741,C
742,How do decomposers obtain their food?,742,C
743,A robin catches and eats a cricket. Which statement best describes the roles of each animal?,743,D
744,All of the following are functions of a cell membrane except,744,C
745,Rhea is a moon of Saturn. Which of these facts about Rhea best indicates that it does not have a water cycle in which water changes state?,745,A
746,Which is an example of water condensing?,746,A
747,John has diabetes. Which of the following should he be careful about eating or drinking?,747,D
748,Meteorologists categorize hurricanes based on the Saffir-Simpson scale. The scale measures the intensity and destructive potential of hurricanes. Which factor has the most significant effect on the strength of a hurricane?,748,D
749,Minerals are formed by which process?,749,D
750,Which of these causes the atmosphere to change?,750,D
751,The incompleteness of the fossil record results primarily from which phenomenon?,751,A
752,Which inventor had the greatest impact on the development of artificial light?,752,B
753,"When two bumper cars collide, some of the kinetic energy of the cars is transformed. Which form of energy is most likely formed as a result of this collision?",753,B
754,Which a molecular process found only in retroviruses?,754,A
755,Which of the following best explains why the Sun appears to move across the sky every day?,755,B
756,"A forest is flooded when a natural dam breaks, leaving the forest floor under two meters of water. Which animal is most affected by the flooding?",756,C
757,Delilah put a container of water in the freezer and left it there overnight. The next morning she saw that the water in the container had changed to ice. Which of the following statements best explains why the water changed to ice?,757,C
758,"Air in the atmosphere is heated unevenly by the sun, causing",758,A
759,Which of the following statements best explains why stars appear to move across Earth's sky each night?,759,A
760,A student is investigating which type of soil is best for growing tomato plants from seeds. The student plants four tomato seeds in each of three different containers of soil. Which step of the procedure would help the student get the most reliable results?,760,C
761,A student describes a substance as lacking a definite shape. The description also states that the particles of matter are close to each other but still able to flow past each other. Which type of substance is the student most likely describing?,761,A
762,What safety rule is most important for students to follow when working with acids and bases?,762,D
763,Which animal eats only plants?,763,A
764,A dragonfly develops through incomplete metamorphosis. Which stages does the dragonfly's life cycle include?,764,B
765,In which environment is white fur color an advantage for survival?,765,D
766,"Reading from left to right, elements in the same period on the Periodic Table of the Elements",766,C
767,"Which natural formation is the best example of the result of both constructive and destructive forces such as weathering, erosion, and deposition of sediment?",767,3
768,"Over a long period of time, a rocky volcanic island that previously did not support any form of life got transformed into a dense forested region. Which of these species is most likely to have been the pioneer species that initiated this transformation?",768,4
769,"A layer of solid brittle rock comprises the outer 100 kilometers of Earth. This layer, which contains both the crust and the upper mantle, is called the",769,C
770,Which provides the oldest evidence for oxygen accumulation in Earth's atmosphere?,770,B
771,Which of these geographic features most directly influences the climate of Nevada by limiting the amount of water vapor that can reach the state and fall as rain?,771,A
772,Which human trait is most likely inherited from a parent?,772,D
773,Which system of the human body provides protection to most of the major organs?,773,D
774,Which tool could be used to help someone count the number of ladybugs on a leaf?,774,A
775,Scientists claim that the area around the Grand Canyon was once covered by an ocean. What evidence would support their claim?,775,D
776,"On the periodic table, the elements in group 18 (8A) (helium, neon, argon, etc.) are grouped together because",776,B
777,Scientists measured the patterns of spectral lines given off by distant galaxies and concluded that almost all of these galaxies are moving away from Earth. What did the scientists observe directly?,777,B
778,Most of the concentration of which gas results from the activity of producer organisms?,778,B
779,Students studying the atmosphere want to display the percentage of each greenhouse gas as compared to the total amount of greenhouse gases found in the atmosphere. Which representation would be most appropriate for displaying these percentages?,779,4
780,Arctic areas are covered with snow and ice for much of the year. Which color rabbits would be safest from foxes there?,780,B
781,"Some birds live in a forest. If many of the trees in the forest are cut down, the shelter for the birds will",781,C
782,The transfer of thermal energy from one object to another is known as,782,D
783,Jupiter is the largest planet in the solar system. It rotates on its axis once about every 10 hours. What time period on Earth would be 10 hours long if Earth rotated on its axis once every 10 hours?,783,B
784,A rubber band will make a sound when it is,784,A
785,Copernicus changed the way people viewed the solar system by,785,A
786,What safety rule is most important for students to follow when working with acids and bases?,786,A
787,"When a red bull (RR) is bred with a white cow (WW), a roan calf (RW) is sometimes produced. If a roan bull (RW) is bred with a roan cow (RW), what is the most likely outcome of the offspring?",787,C
788,A metal ball has a constant velocity of zero. Which other quantity must also be zero?,788,C
789,The oceans most influence global climate by,789,D
790,Some plant cells are coated in a waxy layer that prevents water loss. This specialization is found in which plant cells?,790,D
791,Which behavior is a learned behavior?,791,A
792,People are developing electric cars that would replace gasoline-burning cars. One major advantage of the electric car is that it,792,D
793,Which statement is a MAJOR mistake in the experimental design?,793,B
794,The process by which organisms with favorable variations reproduce at higher rates than those without such variations is,794,C
795,"Students are investigating which type of fruit attracts the most fruit flies. Equally sized pieces of ripe apple, peach, and banana are placed in separate containers. The containers allow fruit flies to enter, but the fruit flies are unable to escape. The containers are placed outside on a picnic table for two days. The most reliable method for collecting data is to count the number of fruit flies",795,C
796,"A drain cleaner consists of sodium hydroxide and aluminum. When the drain cleaner is added to water, bubbles of hydrogen are produced, and the solution becomes very hot. Which of these best describes what happens to form the bubbles when the cleaner is added to water? F",796,A
797,Which of the following can only be seen with a telescope?,797,C
798,Some areas of the world are experiencing more desert-like conditions. This change most favors survival of species with the ability to do which of the following?,798,B
799,Most of Earth's surface is covered by,799,C
800,Which pair of items will repel each other?,800,D
801,Mount St. Helens was a cone-shaped mountain that formed when molten material reached the surface of Earth and formed layers. Cone-shaped mountains form as a result of which one of these events?,801,C
802,"According to the Periodic Table of the Elements, mercury (Hg) is different from other metals because mercury is",802,B
803,During which of the processes below does water vapor change to liquid water?,803,A
804,Which best describes the role of the esophagus in digestion?,804,D
805,Which stage of a frog's life cycle can be compared to a plant seed growing into a new plant?,805,D
806,Which instrument would be used when studying a unit on amphibian anatomy?,806,C
807,"The thin, semi-permeable membrane that encloses a cell allows nutrients to enter and wastes to be",807,C
808,A large quantity of heavy rain falling in a short time period will most likely,808,A
809,Earth's core is primarily composed of which of the following materials?,809,B
810,A ball is tossed up in the air and it comes back down. The ball comes back down because of,810,D
811,A scientist reads about an experiment conducted by a researcher.The scientist conducts the same experiment and collects data but this data contradicts what was published by the researcher. What should the scientist do since the data from the two experiments is contradictory?,811,B
812,Which method could be used to separate a solution of table salt and water?,812,C
813,What may form as a direct result of a star collapsing?,813,D
814,What part of the scientific method involves measuring the growth of a plant over a one-month period?,814,C
815,"Which color shirt will reflect the most light on a hot, sunny day?",815,A
816,The students in an engineering class built a robot that stacks wooden blocks. A built-in computer controls the movement of the robot. The computer in the robot performs a function most similar to which part of the human body?,816,1
817,A student wants to design an experiment regarding the behavior of crickets. Which is the best question to ask to begin the experiment?,817,C
818,A company plants trees on a bare hillside. Which of these is the BEST reason for planting the trees?,818,B
819,Which of the following is not an inherited trait of humans?,819,C
820,"In what way do transit systems, such as buses, benefit society?",820,D
821,Which of the following is an example of genetic engineering?,821,B
822,"If its food supply in a field decreases, the mouse population in that field will probably",822,A
823,"Mold is often found growing on old bread. In a food chain, mold is a ___.",823,C
824,Which BEST explains why green marine algae are most often restricted to the top 100 meters of the ocean?,824,A
825,"Gregor Mendel studied ratios related to traits passed from parent pea plants to offspring pea plants. Mendel used large numbers of plants to avoid ""sampling error."" This changed the way scientists studied genetics because it included ideas of",825,C
826,"Several interchangeable parts are used in the manufacture of automobiles. Some examples of these parts are batteries, windshield wiper blades, spark plugs, and tires. Which of the following is an advantage of interchangeable parts over non-interchangeable parts on automobiles?",826,C
827,Which tool would be best to use for counting the number of legs on an ant?,827,C
828,Multicellular organisms grow in size by producing more,828,3
829,"Mark wants to make lemonade for his friends. He uses water, lemon juice, and sugar. Which of these best describes the lemonade?",829,A
830,Which factor will most likely cause a person to develop a fever?,830,D
831,A single prokaryotic cell can divide several times in an hour. Few eukaryotic cells can divide as quickly. Which of the following statements best explains this difference?,831,D
832,"If two objects are two meters apart, which of these changes will increase the gravitational force between the two objects?",832,A
833,How does the length of daylight in New York State change from summer to fall?,833,B
834,Astronomers have found evidence for the existence of a super-massive black hole in the center of the giant elliptical galaxy M87. What is thought to cause black holes to form?,834,B
835,Bones support the body. What pulls and pushes on bones to move them?,835,A
836,"Increased populations can lead to the depletion of locally available resources. Compared to other communities, which of these locally available resources is most likely to be depleted in desert communities?",836,D
837,What is the primary source of energy for organisms from a beach ecosystem?,837,C
838,Which human body system produces the hormones that regulate growth?,838,B
839,A student climbs up a rocky mountain trail in Maine. She sees many small pieces of rock on the path. Which action most likely made the small pieces of rock?,839,C
840,How do the waxy stem covering and needle-shaped leaves improve the ability of a cactus to survive in the desert?,840,A
841,"The work of which scientist serves as the basis for many procedures used in agriculture, such as selective breeding of plants?",841,D
842,Which example describes a learned behavior in a dog?,842,C
843,A student has a ball of clay that sinks when placed in a pan of water. Which property should he change to make the clay float?,843,C
844,Which has the greatest effect on aiding the movement of blood through the human body?,844,B
845,Which object below is gaining stored energy?,845,B
846,Copper is used in house wiring because it is,846,D
847,A star is a large astronomical body that,847,C
848,"Pedro shook a can of soda. When the soda was opened, foam and soda burst from the can. Which statement best explains what happened?",848,D
849,"When plants undergo photosynthesis, a reaction produces sugar, oxygen, and water. During respiration, stored energy from the products of photosynthesis is converted to usable energy. In what form is the energy stored prior to use in respiration?",849,A
850,"Rolanda is growing tomato plants in her garden. She has created a compost pile and has been adding compost around her tomato plants to help fertilize them. Compost is solid waste in which organic material is broken down by microorganisms in the presence of oxygen to where it can be safely stored, handled, and applied to the environment. On what does Rolanda primarily rely in order for composting to work?",850,D
851,Hereditary information is transmitted from parents to offspring through,851,B
852,"Generally, the deeper rock layers of Earth are older than shallower rock layers. How can the collision of two tectonic plates change the order of the rock layers?",852,D
853,"Stacey picks apples and puts them in a basket. When she puts her basket on a scale, the scale reads two kilograms (kg). What property is Stacey measuring?",853,C
854,"When an ice cube melts, its state of matter changes from a",854,A
855,Which of these dissolve in water?,855,B
856,"Large populations of tortoises inhabited the Galapagos Islands before humans. When humans settled on the islands and introduced goats, the number of tortoise declined. What is most likely the explanation for the decrease in the tortoise population?",856,D
857,"Sodium bicarbonate (NaHCO_{3}) is commonly known as baking soda. Sodium bicarbonate is a white solid that can dissolve in water. Under the proper conditions, sodium bicarbonate can release carbon dioxide (CO_{2}) gas. Which of the following is not a physical property of sodium bicarbonate?",857,B
858,Which of these would best help a scientist discover a new planet?,858,D
859,"In one area, a large source of prey for eagles is rabbits. If the number of rabbits suddenly decreases, what effect will it most likely have on the eagles?",859,D
860,An abiotic factor that most influences the organisms living in a salt marsh is,860,C
861,"In order for a glider to fly, its weight must be opposed by",861,B
862,A solar cell turns sunlight into another form of energy. A solar cell is most like what natural structure?,862,D
863,Peach trees have sweet-smelling blossoms and produce rich fruit. What is the main purpose of the flowers of a peach tree?,863,3
864,What type of precipitation occurs when raindrops freeze as they fall?,864,D
865,Which is a distinction between an epidemic and a pandemic?,865,C
866,Which disease is a result of abnormal cell division?,866,C
867,"Which scientist studied biology by traveling by ship to different islands observing animal life, and developed a hypothesis about how species change?",867,B
868,The starch and water molecules in potato cells are stored in what organelle?,868,A
869,Where is most of the mass of the atom located?,869,D
870,"When studying planetary data, Jackie found some similarities and differences among the planets that make up the solar system. Which generalization is true about the orbits of the major planets in the solar system?",870,C
871,"In 1933, a hurricane came ashore at Ocean City, Maryland. A hurricane negatively affects a coastline by",871,D
872,Randall is picking lettuce from his garden for dinner. His mother told him to leave some leaves on each plant. Why is it important to leave some leaves on the plant?,872,B
873,Which of the following properties of a substance is conserved during thermal expansion?,873,C
874,"As the population of small fish in a lake decreases, the population of large fish that depend on the small fish for food will",874,C
875,"In any physical or chemical process, what two quantities are always conserved?",875,D
876,What happens to the physical state of water when it freezes?,876,C
877,Which organ removes cell waste from the blood?,877,B
878,Which trait does a puppy inherit from its parents?,878,3
879,An earthquake in the Earth's crust under the ocean releases sound waves. Which statement accurately describes how the sound waves spread?,879,D
880,Which structure is found in producers in nearly all ecosystems?,880,3
881,At what time on a sunny day will the shadow of the school's flagpole be the shortest?,881,A
882,A new mutation that occurs in which type of cell can be passed on to offspring?,882,4
883,In which oceanic zone do clams and crabs survive by burrowing in the sand?,883,B
884,A student is playing with a small toy boat on a pond. The student throws a rock in the pond. This creates waves that move the boat toward the shore. The boat moves toward the shore because the waves transfer,884,C
885,Amanda is learning about different adaptations of animals. Which is an example of a behavioral adaptation?,885,C
886,Which process has most likely occurred when new traits appear in a species?,886,A
887,Which part of the atom has a negative charge?,887,C
888,Why is it important to repeat an experiment several times?,888,C
889,How many times does the Moon rotate on its axis during a lunar month?,889,B
890,Which organism belongs in the kingdom Protista?,890,A
891,"Which of these actions will change a sedimentary rock, such as limestone, into a metamorphic rock, such as marble?",891,A
892,Which of the following would be more likely to pollute a river?,892,C
893,Which of these BEST describes the way a feather feels?,893,C
894,An atom will always have,894,4
895,The production of sweat is typically a response to an increase in the body's,895,C
896,Which is an example of an organism that has been selectively bred for a particular genetic trait?,896,A
897,What takes place as a light wave enters a denser medium?,897,D
898,Which of the following is most likely to make a rock crack and crumble?,898,A
899,Which process directly adds carbon into the atmosphere?,899,A
900,Which term identifies a single unit of hereditary information?,900,C
901,"If wolves prey on deer for food, what will most likely happen to the deer population if wolves are removed from an area where deer live?",901,B
902,"When an atom loses or gains an electron, it changes",902,A
903,Which human activity has most negatively affected air quality?,903,D
904,Deer eat different types of plants in an ecosystem. Which method would best show the percentages of the plant types in the deer diet?,904,C
905,Which stimulus causes a porcupine to extend its quills?,905,A
906,Rocks in warm and humid environments can be weathered faster than rocks in other environments. Which is most likely the next step in the rock cycle for weathered rocks?,906,D
907,The smallest part of an element that retains the properties of the element is the,907,B
908,"On a warm sunny afternoon, ocean water splashed onto a rock. A short time later, the rock was dry. Which statement best explains what happened to the water on the rock?",908,D
909,Who was a leading authority on continental drift in the early 1900s?,909,B
910,Which of these is the most responsible for the changes of the seasons on Earth?,910,C
911,"When the lighted half of the Moon faces the Sun and the dark half faces Earth, the phase of the Moon viewed from Earth is called the",911,C
912,"As more people have moved to the beach, the sea turtle population has decreased. Which is most likely the cause of this decrease?",912,B
913,Which has the greatest effect on aiding the movement of blood through the human body?,913,D
914,"The sound, light, and heat that a firecracker produces are originally stored as which type of energy?",914,C
915,Materials such as carbon and nitrogen go through cycles. The cycling of nitrogen waste materials is mostly dependent upon the role of which factor?,915,A
916,The following represents a number displayed on a calculator. 1.454545 E3. Which of the following shows how a student should record this number in a laboratory report?,916,C
917,Two identical lamps contain the same amount of different types of oil. They are allowed to burn until all the oil has been burned. Which measurement will best provide the total difference in chemical energy between the two oils?,917,A
918,Sulfur scrubbers are devices installed in coal-fired power plants. Sulfur scrubbers reduce the emission of sulfur dioxide. What environmental problem are sulfur scrubbers most likely trying to address?,918,D
919,What are the two main jobs of the skeletal system?,919,D
920,The stages in the life cycle of an organism are shown below. birth -> growth -> development -> reproduction -> death In which life cycle stage will a new organism be made?,920,A
921,Which two activities are carried out by all species of living things?,921,B
922,The water in a pond gets colder one night. Which tool is best to observe its temperature change?,922,B
923,Which statement explains why light from the Sun can warm up water in a glass?,923,A
924,Erin placed her shamrock plant in a dark corner. Soon she saw that the leaves had tilted toward her window. What did the plant need most from the window?,924,C
925,A student places a sheet of black construction paper on her desk. What happens to most of the light that strikes the black construction paper?,925,A
926,The primary function of a doorbell circuit is to convert electrical energy into,926,B
927,Liam lives in the Northern Hemisphere of Earth and plays in the snow in December. His friend lives in the Southern Hemisphere of Earth and plays at the beach in December. What is the best explanation for why this is possible?,927,A
928,Which environmental factor would most likely prevent an orange tree from surviving in the desert?,928,A
929,Why do doctors suggest that people get a flu vaccine each year?,929,D
930,"In the initial stages of manned space exploration, scientists needed to address adequate nutrition to provide astronauts with energy throughout the mission. Which of these criteria could not be used when considering food and energy for astronauts during manned space flights?",930,A
931,Which of the following animal features most helps the animal move around in its habitat?,931,D
932,Some butterflies live an average of two weeks. This period of time is called a life,932,D
933,"When nitrogen-rich runoff from farms enters a nearby farm, it causes abundant growth of algal mat on the pond surface. As a result, underwater plants in the pond begin to die. Identify the limiting factor that is most responsible for causing the underwater plants to die.",933,B
934,What is one factor that contributes to seasons occurring in New York State?,934,A
935,The movement of soil by wind or water is called,935,B
936,"In an earthquake, the primary waves move through",936,A
937,Which object would best help a student determine if a block of an unknown material is magnetic?,937,B
938,A student wants to find the most accurate account of a scientific discovery that took place within the past three months. In which of these sources should the student look?,938,D
939,"When igneous rock is changed into metamorphic rock, which form of energy is this process?",939,B
940,The cheetah population around the world has decreased because of poaching and loss of habitat. The surviving population is found to have similar alleles. Which factor is endangering the species' survival the most?,940,B
941,"When sodium hydroxide reacts with a copper nitrate solution, the reaction vessel needs to be kept on ice to slow down the reaction. What best describes this reaction?",941,D
942,An idea that the universe originated with an explosion is supported by repeated observations of light from distant galaxies traveling away from Earth. An idea that has been tested repeatedly and is supported by repeated results is most likely a,942,A
943,"In a city, the daily high and low 16 temperatures for a month are best represented by which of the following?",943,A
944,A scientist observes an unusual activity while studying bacterial cells. Using scientific inquiry to investigate the activity will enable the scientist to,944,D
945,Where is most of the mass of the atom located?,945,C
946,"During an ice age, enormous ice sheets called glaciers increase in size on Earth's surface, resulting in decreased ocean depths. Due to global cooling, the water cycle is disrupted between which two stages to cause an increase in glacier size?",946,B
947,Which are examples of inherited traits?,947,1
948,A student is writing a report on volcanoes. What should the student include to best help explain how a volcano works?,948,A
949,Which of these is the most responsible for the changes of the seasons on Earth?,949,C
950,Which of these is directly formed as a result of weathering and erosion?,950,A
951,Which of the statements is the most accurate in describing the chemical equation shown below? 2H_{2}(g) + O_{2}(g) -> 2H_{2}O(g) + energy,951,B
952,Which statement best describes the nature of sound?,952,A
953,Which sequence correctly shows the levels of increasing organization in the human body?,953,B
954,Which of the following is the major cause of tides?,954,B
955,"A dung beetle is an insect that gathers waste from animals, rolls it into a compact ball, lays eggs in it, and buries it in the soil. This gives the eggs a warm, safe place to hatch and provides a food source for the developing larvae. Which impact does the dung beetle most likely have on its ecosystem?",955,D
956,Which of the following climates has cold winters and hot summers?,956,A
957,"Plants have special tissues that transport food, water, and minerals throughout the plant. What are these tissues similar to in animals?",957,B
958,What travels through the stem of a plant?,958,C
959,What is the main source of energy for the water cycle?,959,3
960,Toads lay their eggs in ponds. Tadpoles hatch from the eggs and eat the plants floating in the pond. Which resource is most important for toads to survive?,960,A
961,Which of the following is most likely to lead to error in an experiment?,961,B
962,What part of the scientific method involves measuring the growth of a plant over a one-month period?,962,A
963,A recent study concluded that about 90% of all large predatory fish such as tuna have disappeared from the world's oceans in the past 50 years. Which of these is most likely the direct cause of this loss?,963,B
964,"A plant produces tiny plants around the edges of its leaves. When these tiny plants fall to the ground, they take root and become new plants. This process is an example of",964,C
965,"The Sun appears to move across the sky each day, rising in the east and setting in the west. What causes this apparent motion?",965,B
966,"From smallest to largest, the levels of organization in living things are",966,A
967,Which behavior can help animals establish a territory?,967,4
968,"A geologist finds a layer of shale near the surface from a certain time period. Nearby, the geologist finds the same layer of shale, but it is deeper underground than the first layer. What might have caused the difference in the depth of the shale layer?",968,D
969,Which action causes a chemical change?,969,A
970,The aloe plant can absorb a lot of water during a rain shower. The extra water is stored in its leaves. The ability to store water in its leaves is most likely an adaptation to which type of environment?,970,D
971,"When plants undergo photosynthesis, a reaction produces sugar, oxygen, and water. During respiration, stored energy from the products of photosynthesis is converted to usable energy. In what form is the energy stored prior to use in respiration?",971,D
972,The continuous changes of a seed to an adult plant that produces seeds is known as a,972,B
973,The elements sulfur (S) and oxygen (O2) combine to form a substance called sulfur dioxide (SO2). Sulfur dioxide is also formed when coal and oil are burned. Sulfur dioxide can best be described as,973,A
974,"To compare the hardness of different minerals, it would be BEST to find",974,D
975,A student pours a clear liquid from a test tube into a beaker with a clear liquid already in it and notices that the mixture turns pink. The student infers the two clear liquids are different. This inference is a result of,975,B
976,Which example describes a learned behavior in a dog?,976,3
977,Which event becomes more likely during a drought in a prairie ecosystem?,977,D
978,"Colored alcohol is used in some glass thermometers. When placed in air of different temperatures, the column of alcohol rises or falls in the glass thermometer. Which of the following best explains why the height of the alcohol column changes?",978,D
979,"If Lisa wants to experiment with bean plants, which of these is the best example of a hypothesis?",979,D
980,The property of matter that resists changes in motion is called,980,A
981,Delilah put a container of water in the freezer and left it there overnight. The next morning she saw that the water in the container had changed to ice. Which of the following statements best explains why the water changed to ice?,981,B
982,"Some birds live in a forest. If many of the trees in the forest are cut down, the shelter for the birds will",982,C
983,Selective breeding has resulted in plants that are resistant to pests and produce a higher yield of fruits and vegetables. Which of these is the most likely disadvantage that can result from this process?,983,A
984,Which of the following is the primary advantage of sexual reproduction when compared to asexual reproduction?,984,D
985,"Humans cannot survive without clean, fresh water. Reservoirs of liquid water vary, but all water spends time as a gas in the atmosphere. What is the source of most of the water in the atmosphere?",985,B
986,Noah studied different systems in the human body. Which best describes a function of veins in the circulatory system?,986,C
987,Sugar is added to water and the mixture is stirred. Which observation is evidence that the sugar dissolved in the water?,987,3
988,Cumulonimbus clouds often form along cold fronts. Which type of weather is most likely to occur along a cold front?,988,D
989,"Jonathan places a pot of water on a stove. As the water boils, how does the state of the water change?",989,B
990,Why is it important to have a large sample size in an investigation?,990,C
991,Which of the following is a common renewable resource found in deserts?,991,D
992,Kate sees a full moon. About how much time will go by before the next full moon?,992,A
993,Sir Isaac Newton determined that white light is made up of all the colors of the rainbow. What did he use to discover this phenomenon?,993,A
994,"Pedro shook a can of soda. When the soda was opened, foam and soda burst from the can. Which statement best explains what happened?",994,A
995,"When plants undergo photosynthesis, a reaction produces sugar, oxygen, and water. During respiration, stored energy from the products of photosynthesis is converted to usable energy. In what form is the energy stored prior to use in respiration?",995,A
996,"A student used two long wires to connect a lightbulb to a battery. The student noticed that as soon as the circuit was complete, a nearby compass started to point in a direction other than north. The compass pointed in a different direction because it was reacting to the",996,B
997,"What do playing a guitar, banging a drum, and dropping a pebble in the water have in common?",997,D
998,"The human body has an average, normal temperature of about 98.6ºF. To keep the core body temperature from becoming too high, the brain sends a signal to the body to",998,A
999,"During a rainstorm, leaves wash down a gully on a hillside. The water slows down at the foot of the hill and fans out, depositing the leaves. What geologic structure is formed in a similar way?",999,A
1000,The reaction that releases energy for use by the cell occurs in which site?,1000,A
1001,"If its food supply in a field decreases, the mouse population in that field will probably",1001,B
1002,To which group does an animal belong if it lays eggs and has scales and gills?,1002,D
1003,Which geologic process is absent from the Gulf Coast states?,1003,C
1004,The transfer of thermal energy from one object to another is known as,1004,C
1005,Which characteristic can a puppy inherit from its parents?,1005,C
1006,"When a red bull (RR) is bred with a white cow (WW), a roan calf (RW) is sometimes produced. If a roan bull (RW) is bred with a roan cow (RW), what is the most likely outcome of the offspring?",1006,C
1007,There is a river at the base of Mount Tom. In the spring the water level is usually very high. In the summer it is lower. The higher level of water during the spring comes from,1007,C
1008,"When carbon and oxygen combine chemically, the mass of the product is",1008,B
1009,Which part of a bicycle BEST moves in a circle?,1009,D
1010,"Gregor Mendel was the first to show that organisms had traits that are passed on from parents to the next generation. In order for the scientific community to accept Mendel's discovery, others had to",1010,C
1011,Which process causes the leaves of a plant to become larger?,1011,B
1012,A student reaches one hand into a bag filled with smooth objects. The student feels the objects but does not look into the bag. Which property of the objects can the student most likely identify?,1012,C
1013,Which statement is the best description of the Milky Way galaxy?,1013,C
1014,Which of the following would most likely happen if grasses and shrubs were removed from a rural Massachusetts ecosystem?,1014,A
1015,"When the pesticide DDT was first used, it killed nearly every mosquito it touched. Within a few years, however, many mosquitoes became resistant to DDT and survived. What enabled this to happen?",1015,B
1016,Which of these resources is renewable?,1016,D
1017,Which best describes a characteristic of the jet stream?,1017,A
1018,The greatest amount of diversity can be found among which type of organism?,1018,C
1019,"If a class wants to measure the speed of a bicycle during an outdoor lab exercise, which two devices would be most useful?",1019,C
1020,"Iron oxides, such as rust, form when iron metal reacts with oxygen in the air. What are the chemical symbols for the two elements found in iron oxide?",1020,B
1021,Most of Earth's surface is covered by,1021,C
1022,What happens when oil and water are mixed?,1022,B
1023,What are the names of the products in the chemical equation shown below? HCl + NaHCO_{3} -> NaCl + CO_{2} + H_{2}O,1023,C
1024,"In an accurate diagram of the solar system, which object would be shown closest to Earth?",1024,C
1025,Which of these is hottest?,1025,A
1026,There are MORE hours of sunlight in the Northern Hemisphere during which season?,1026,C
1027,Which items would best protect a group of students while investigating a forest ecosystem?,1027,C
1028,The islands in the mid-Pacific Ocean region were formed by,1028,D
1029,"In Costa Rica a small tree, the acacia, provides shelter and food for ants. The ants protect the acacia by removing other insects and vines that might harm it. Which term best describes the relationship between the acacia and the ants?",1029,1
1030,Which is the most likely reason why scientific theories change?,1030,C
1031,"Which type of rock is formed from limestone that has been compacted, heated, and recrystallized?",1031,A
1032,"Gregor Mendel was the first to show that organisms had traits that are passed on from parents to the next generation. In order for the scientific community to accept Mendel's discovery, others had to",1032,D
1033,An organ pipe produces a musical note same number of nitrogen gas molecules. with a wavelength of 2.72 m. What is the frequency of this note if the speed of sound is 348 m/s?,1033,C
1034,All matter is made up of particles called,1034,D
1035,Sally is making candy on the stove. She places a thermometer in the candy. What is she measuring?,1035,B
1036,"Since green plants make their own food, they are called",1036,C
1037,Which instrument should a student use to best examine bacteria?,1037,A
1038,There is a river at the base of Mount Tom. In the spring the water level is usually very high. In the summer it is lower. The higher level of water during the spring comes from,1038,4
1039,Conjugation in a paramecium differs from sexual reproduction in volvox because conjugation,1039,D
1040,A lab technician places a colony of bacterial cells in a nutrient-rich growth medium. Which event is the technician most likely to observe with a microscope?,1040,E
1041,"The students were told that the net applied force from the engine was the same for each vehicle tested. Based on this information, which vehicle had the greatest acceleration (a = F/m)?",1041,D
1042,Which best describes why winds at the beach change direction between day and night?,1042,A
1043,"When the wax from a candle drips, the wax has reached",1043,C
1044,The digestive system breaks food into simple substances that the body can use. What system carries these simple substances from the digestive system to other parts of the body?,1044,A
1045,Which of these BEST describes the way a feather feels?,1045,B
1046,What can a moving magnet in a coil of copper wire cause?,1046,C
1047,The primary function of a doorbell circuit is to convert electrical energy into,1047,D
1048,Which tool is used to determine the mass of an object?,1048,B
1049,"Some microorganisms cause human disease. Other microorganisms are used in making cheese, yogurt, and bread. Based on this information, the relationship between humans and microorganisms can be",1049,D
1050,All matter is made up of particles called,1050,C
1051,What is a galaxy?,1051,A
1052,"If a tall tree falls over in a crowded forest, which resource becomes available to the surrounding plants?",1052,A
1053,The starch and water molecules in potato cells are stored in what organelle?,1053,A
1054,Different systems of the human body perform different functions. Which system takes oxygen from the air to be moved by the circulatory system?,1054,B
1055,Which characteristic is inherited rather than learned?,1055,B
1056,Eating leafy vegetables is important for human health. This is because leafy vegetables are a good source of which of the following?,1056,D
1057,What is the main function of scales on a fish?,1057,4
1058,Which best describes a proton?,1058,B
1059,Which two activities are carried out by all species of living things?,1059,A
1060,Which of the following keeps the planets in our solar system in orbit around the Sun?,1060,A
1061,Some birds fly south before winter each year. This is an example of,1061,C
1062,"Some animals, such as squirrels, may bury acorns. Which of the following is most likely to happen to the acorns after they have been buried?",1062,B
1063,What causes a meteoroid to glow as it falls through the atmosphere of Earth?,1063,C
1064,"When a balloon is filled with air and suddenly released, it will fly around the room as the air escapes. If compared to space transportation, the escaping air is most similar to what subsystem of a spacecraft?",1064,D
1065,How do producers get energy?,1065,C
1066,"Which gas, when condensed into its liquid state in the atmosphere, forms clouds?",1066,C
1067,"Which of these particles, when found in soil, contributes most to the water retention in soil?",1067,C
1068,All matter is made up of particles called,1068,D
1069,A cat jumps when startled by a loud noise. This is an example of an organism,1069,C
1070,"In 1609, Galileo Galilei used lenses to construct the first telescope. His telescope allowed him to observe many objects in space. His invention of the telescope and the data he gathered directly contributed to the understanding that",1070,D
1071,A modern theory of the origin of the universe proposes that the first atoms formed were primarily atoms of which element?,1071,C
1072,Temperatures below freezing are expected overnight. What might be done to protect plants growing outside?,1072,D
1073,"When sound waves with large amplitude are compared to sound waves with small amplitude, which of the following is true?",1073,B
1074,Human muscle cells need nutrients and oxygen during exercise. The human body is able to meet the needs of the muscle cells during exercise by increasing,1074,3
1075,Conjugation in a paramecium differs from sexual reproduction in volvox because conjugation,1075,D
1076,Which are the best tools to use for growing and studying bacterial cultures?,1076,A
1077,Which of the following is produced when sugar is digested in an animal cell?,1077,C
1078,A line graph is best used when the measured variable is,1078,A
1079,Which tool is used to determine the mass of an object?,1079,B
1080,"If the solar system were used as a model of an atom, what would the Sun most likely represent?",1080,C
1081,Which of these is most likely harmful to an ecosystem?,1081,B
1082,"When animals use energy, they produce",1082,C
1083,An organ pipe produces a musical note same number of nitrogen gas molecules. with a wavelength of 2.72 m. What is the frequency of this note if the speed of sound is 348 m/s?,1083,B
1084,A large quantity of heavy rain falling in a short time period will most likely,1084,B
1085,Directions Read the information about wind erosion then answer the question. Wind can cause erosion that changes the surface of the Earth. Wind erosion can have negative effects on the environment by removing soil and polluting the air during dust storms. Walter wanted to find out if faster wind speeds increased the amount of wind erosion. Which instrument should he use to measure wind speed?,1085,A
1086,An astronomical unit (AU) refers to the distance between,1086,B
1087,What is the most likely function of a turtle's hard shell?,1087,1
1088,Human muscle cells need nutrients and oxygen during exercise. The human body is able to meet the needs of the muscle cells during exercise by increasing,1088,B
1089,How can plants most likely improve air quality?,1089,B
1090,About how often is a full moon observed from Earth's surface?,1090,B
1091,Which did Thomas Edison invent?,1091,B
1092,Which tool should be used to compare the growth of an algal colony growing in a petri dish?,1092,D
1093,Which effect do rapidly cooling temperatures have on the water cycle?,1093,D
1094,"During a presentation on astronomy, Professor Williams discussed various measurements in space. Which objects was she referring to when she talked about how astronomical units (AU) were determined?",1094,C
1095,"Which gas, when condensed into its liquid state in the atmosphere, forms clouds?",1095,A
1096,"European starlings are birds that take over the nests of other birds. When they move into an area, starlings reproduce quickly. Taking over the nests of other birds most likely increases the number of starlings by helping them to do what?",1096,B
1097,"A population of small, plant-eating beetles lives in a forest. About half of the beetles are light brown and the others are dark green. If years of drought cause the area to become dry with few trees, what would the beetle population most likely look like after several generations?",1097,C
1098,Which of these provides most of the oxygen in Earth's atmosphere?,1098,B
1099,Which are examples of inherited traits?,1099,D
1100,Some birds build nests in the spring. This nest building is a seasonal adaptation that occurs to help the birds,1100,C
1101,Which tool should a student use to compare the masses of two small rocks?,1101,D
1102,The sediments found in a riverbed are most likely a result of which action on nearby rock?,1102,D
1103,Living things depend on energy from,1103,A
1104,A simple machine that helps move a flag up a flagpole is,1104,A
1105,"When a volcano erupts, dust and ash are blown into the atmosphere. The eruption directly reduces the transfer of energy from",1105,A
1106,A researcher determines a cell has a flexible cell wall composed of peptidoglycan. This observation narrows possible classifications of the cell to which taxonomic group?,1106,A
1107,"A cow and a frog have similar bone structures in their forelimbs. Both have phalanges, radius, ulna, and humerus bones. However, the cow and frog are animals with very different life cycles from each other. Which most likely describes why the body structures of these animals are so similar?",1107,A
1108,The formation of the Himalayan Mountains is one example of land features caused by compressive forces. Which action most likely led to the formation of these mountains?,1108,A
1109,"Some meteorologists use visual aids such as diagrams, maps, and charts when they present the weather to television viewers. How do different types of visual aids help the viewers understand complex weather phenomena?",1109,A
1110,Which is a process that most likely formed the Appalachian Mountains found in the eastern part of North America?,1110,A
1111,"When two nuclei are combined into one nucleus, there is a slight change in mass and the release of a large amount of energy. What is this process called?",1111,C
1112,Scientists estimate that Maryland contains more than 850 million tons of coal. Coal is most commonly used to produce ___.,1112,A
1113,Measurements of carbon dioxide concentrations in the air taken over the past decade have shown a,1113,A
1114,Rust is a compound with the formula Fe_{2}O_{3}. Which elements combine to form rust?,1114,B
1115,Which group of organisms can make food by a process called chemosynthesis?,1115,B
1116,Which of the following properties of a substance is conserved during thermal expansion?,1116,D
1117,"When plants and animals die, which organisms help return nutrients to the food chain?",1117,B
1118,Which is true of scientific discoveries?,1118,D
1119,"When the wax from a candle drips, the wax has reached",1119,A
1120,Some of Earth's water is stored underground in porous rock formations known as aquifers. Which of these could use up groundwater in aquifers?,1120,D
1121,"The Greek philosopher Aristotle described matter with the phrase ""unable to be divided."" The modern concept that grew from Aristotle's idea is the",1121,A
1122,Which statement best describes the energy transformations that occur when a candle burns?,1122,D
1123,"Katia was listening to music on the radio. In order for the sound to be produced, the electrical energy must be converted into which type of energy?",1123,C
1124,"In what way do transit systems, such as buses, benefit society?",1124,A
1125,Howie put his plants under a plant light. What was he helping his plants do by providing light?,1125,A
1126,An astronomical unit (AU) refers to the distance between,1126,C
1127,Which scale is used to report the intensity of an earthquake?,1127,C
1128,Which statement describes animal embryos?,1128,B
1129,One example of matter is,1129,C
1130,What happens to water when it boils?,1130,A
1131,Which statement best identifies a living thing that depends on another living thing to survive?,1131,A
1132,Wind can cause erosion that changes the surface of the Earth. Wind erosion can have negative effects on the environment by removing soil and polluting the air during dust storms. Which of the following land forms are created by wind erosion?,1132,A
1133,Different species of carnivorous animals that share the same habitat in an ecosystem may,1133,B
1134,Which of the following is a correct food chain?,1134,A
1135,What is taken in by the leaves of a tree so it can make its own food?,1135,C
1136,A pond is near river but not connected to it. What would most likely allow fish to move from the pond to the river?,1136,C
1137,Dominic placed a caterpillar in a container with different kinds of leaves. Which information should he record to find out what food this caterpillar eats?,1137,B
1138,"In order to survive, all organisms must have",1138,D
1139,"Rocks are classified as igneous, metamorphic, or sedimentary according to",1139,B
1140,Which object refracts light?,1140,D
1141,"Sodium bicarbonate (NaHCO_{3}) is commonly known as baking soda. Sodium bicarbonate is a white solid that can dissolve in water. Under the proper conditions, sodium bicarbonate can release carbon dioxide (CO_{2}) gas. Which of the following is not a physical property of sodium bicarbonate?",1141,D
1142,Phyllis investigated what happened when she added some different substances to water. Which substance can combine with water to form a solution?,1142,A
1143,Which of the following describes an instinctive behavior?,1143,A
1144,A student has two solid samples of the same substance. Which property do the substances most likely have in common?,1144,A
1145,Eating leafy vegetables is important for human health. This is because leafy vegetables are a good source of which of the following?,1145,B
1146,The correct procedure after completing a laboratory experiment is to,1146,C
1147,Which process causes light to bend and form a rainbow?,1147,A
1148,Fossil records indicate that Earth was first inhabited by bacteria-like organisms. These organisms,1148,D
1149,Which tool would be best to measure the length of a butterfly?,1149,C
1150,A child walks across a carpet and generates an electrical charge. The child will get a slight shock by touching a,1150,A
1151,The Theory of Plate Tectonics revolutionized scientific thought because it,1151,A
1152,A class is testing the effect of exercise on heart rate. The heart rate of two students before exercise is compared to their heart rate after running around a track. Which procedure will most likely help the class correctly compare the results of the two students?,1152,B
1153,Prolonged exercise stimulates muscle cells to absorb sugar from the blood. This mechanism reduces stress placed on the body by signaling the body to produce,1153,A
1154,Scientists recorded the hourly temperature at a weather station for the month of July and want to quickly measure a trend over time in temperature changes. Which of these formats would be the most appropriate representation of the temperature data to quickly measure any trend?,1154,A
1155,Which human organ system exchanges gases with the environment?,1155,A
1156,Which of the following identifies the primary function of a radio station tower in a communication system?,1156,C
1157,Which statement best explains Earth's day and night cycle?,1157,B
1158,Cells that conduct messages are known as,1158,D
1159,Fossil fuels were formed from,1159,B
1160,Which sentence about the periodic table of elements is true?,1160,A
1161,"As the population of small fish in a lake decreases, the population of large fish that depend on the small fish for food will",1161,A
1162,"Scientists Stanley Miller and Harold Urey sealed water, methane, ammonia, and hydrogen in a flask, to simulate Earth's early environment. They exposed the chemicals to electric charges to simulate lighting. What did the process produce?",1162,C
1163,What determines if twins are identical?,1163,A
1164,An organism's traits are largely determined by the genetic makeup of its parents. A mutation in which kinds of cells in a parent could cause a new trait to appear in the parent's offspring?,1164,B
1165,A student places a sheet of black construction paper on her desk. What happens to most of the light that strikes the black construction paper?,1165,D
1166,Which effect do rapidly cooling temperatures have on the water cycle?,1166,C
1167,A negatively-charged ion has,1167,B
1168,A student proposes the rate of increase in a plant's mass will be proportional to the length of light exposure per day when all other variables are constant. How should this proposal be classified?,1168,B
1169,"Generally, the deeper rock layers of Earth are older than shallower rock layers. How can the collision of two tectonic plates change the order of the rock layers?",1169,A
1170,What two gases make up most of the Earth's atmosphere?,1170,A
1171,"What kingdom contains organisms that are multicellular, have no chlorophyll, and absorb nutrients from decaying tissue?",1171,C
1172,Light travels fastest through which of the following?,1172,D
1173,The stages of evolution of a star are determined by the mass of the star at the beginning of its life cycle. Which stage of evolution is the oldest form of a massive star?,1173,B
1174,"When a large oak tree is cut down in a forest, it leaves a gap in the forest canopy which allows smaller trees to quickly grow in the available sunlight. Which interaction is best represented among the smaller trees?",1174,A
1175,A student provides the following directions for brushing teeth: • Turn on the water. • Fill the glass with water and leave the water running. • Put toothpaste on the toothbrush. • Brush for two minutes. • Rinse mouth with the water from the glass. • Rinse the toothbrush with the running water. • Turn off the water. Which change in these directions would conserve the most water?,1175,C
1176,What season is the Northern Hemisphere experiencing when it is tilted directly toward the Sun?,1176,D
1177,Which statement best describes the organization of the Periodic Table of the Elements?,1177,D
1178,What supplies most of the energy that plants need to make food?,1178,A
1179,Runoff from farms that use fertilizers is entering a small lake. This will most directly affect the lake by causing,1179,B
1180,The atoms that make up oxygen gas,1180,A
1181,What is the smallest unit of an element that still has the properties of that element?,1181,C
1182,Which organ system is responsible for the exchange of oxygen and carbon dioxide between the body and the environment?,1182,C
1183,The energy required to lift an object is supplied by ATP derived from the breakdown of molecules of,1183,A
1184,What is made when sugar is dissolved in water?,1184,A
1185,The property of matter that resists changes in motion is called,1185,D
1186,"A short plant with a thick, fleshy stem, extensive roots, and a short blooming period would most likely be found in which of the following environments?",1186,C
1187,Mount St. Helens was a cone-shaped mountain that formed when molten material reached the surface of Earth and formed layers. Cone-shaped mountains form as a result of which one of these events?,1187,A
1188,Which change would most likely cause deer to die or leave a woodland?,1188,A
1189,Mr. Mendoza's class studied different body systems. What is an important function of the circulatory system?,1189,D
1190,Which change in the state of water particles causes the particles to become arranged in a fixed position?,1190,C
1191,"According to the periodic table, all of the following are metals except",1191,C
1192,Life is more likely to be found on a planet whose atmosphere contains abundant,1192,C
1193,Water is a very important part of the physical weathering of rock. Which of these properties of water is most important in causing some of the physical weathering of rock?,1193,B
1194,Where do many of the basic life functions take place in organisms?,1194,D
1195,"The Heliocentric Theory, as supported by Copernicus, revolutionized scientific theories regarding",1195,A
1196,"According to the periodic table, all of the following are metals except",1196,B
1197,The growth of which of the following usually occurs first in primary succession on a bare rock?,1197,3
1198,Plate movement can form different features on Earth. The movement of tectonic plates can be both a constructive and a destructive force. At which type of plate boundary is new crust formed?,1198,4
1199,"Some microorganisms cause human disease. Other microorganisms are used in making cheese, yogurt, and bread. Based on this information, the relationship between humans and microorganisms can be",1199,B
1200,"Windy, cloudy, rainy, and cold are words that help describe",1200,B
1201,"When using more than the recommended amounts of pesticide on farmland, yards, and gardens, what is most likely to occur?",1201,B
1202,"A certain disease of the spinal cord can be passed on from a dog to its offspring. This disease can result in the dog's muscles becoming weak, leading to paralysis. This is an example of",1202,A
1203,Which is an example of water condensing?,1203,D
1204,What type of galaxy is the Milky Way?,1204,C
1205,An Earth year is the length of time it takes for,1205,D
1206,What causes the soil in a flood plain to be generally rich in nutrients?,1206,3
1207,A cat jumps when startled by a loud noise. This is an example of an organism,1207,A
1208,"Near Earth's equator, water generally exists naturally in the liquid and gas states. In which other part of Earth is water usually found naturally in only two states?",1208,3
1209,"Pedro shook a can of soda. When the soda was opened, foam and soda burst from the can. Which statement best explains what happened?",1209,B
1210,Scientists can identify an element by looking at the structure of a single,1210,A
1211,John has diabetes. Which of the following should he be careful about eating or drinking?,1211,B
1212,Which did Thomas Edison invent?,1212,D
1213,Which type of organism is at the lowest level of the food chain?,1213,B
1214,Some plant species are more tolerant of acidic soil than others. The tolerant species are favored in areas affected by which consequence of human activity?,1214,D
1215,A scientist finds the bones of a dinosaur. What could help the scientist determine the approximate age of the dinosaur bones?,1215,D
1216,Which body system is most responsible for the removal of waste?,1216,D
1217,What determines if twins are identical?,1217,A
1218,In which oceanic zone do clams and crabs survive by burrowing in the sand?,1218,C
1219,Burt used a spoon to stir soup that was cooking on his stove. Which spoon will stay the coolest while he stirs?,1219,C
1220,"When a book is dropped onto a wooden desk, the molecules in the wood begin to vibrate from the force of the book. Which of these is produced by the vibrations?",1220,D
1221,A change in the environment that causes a response is known as a,1221,A
1222,Why is water considered to be a renewable resource?,1222,D
1223,Which unit of measurement can be used to describe the length of a desk?,1223,A
1224,Most types of cacti survive the dry conditions of a desert because they hold water in their stems. This is an example of,1224,A
1225,Darwin's theory that animal species can change over time was inspired by his research on which set of islands?,1225,B
1226,Which environmental problem was directly caused by the invention of the automobile?,1226,B
1227,The main function of hormones in the human body is to,1227,A
1228,"In addition to oxygen, which gases make up the largest percentage of Earth's atmosphere?",1228,A
1229,Which of these processes is a conversion made by solar panels?,1229,C
1230,"Over geologic time, global mean sea level has varied significantly. Which change is most likely responsible for an increase in global mean sea level?",1230,C
1231,Howie put his plants under a plant light. What was he helping his plants do by providing light?,1231,C
1232,"In the past, wild hogs called ""javelinas"" were seen only in the southern part of New Mexico. Now, javelinas are seen in areas 100 miles further north. What is the most likely cause of this expansion?",1232,A
1233,Meiosis contributes to the process of reproduction by producing what type of cell?,1233,C
1234,Vultures are scavengers that most likely help ecosystems by quickly consuming dead organisms and,1234,D
1235,Organisms that consume wastes to obtain the nutrients they need to survive are classified as,1235,C
1236,Which of these is a negative effect associated with some types of new technology?,1236,A
1237,Which metalloid is used in solar cells and computer chips?,1237,A
1238,Which sentence about the periodic table of elements is true?,1238,C
1239,Which characteristic is an example of learned behavior?,1239,D
1240,A baby kit fox grows to become an adult with a mass of over 3.5 kg. What factor will have the greatest influence on this kit fox's survival?,1240,A
1241,"Pedro shook a can of soda. When the soda was opened, foam and soda burst from the can. Which statement best explains what happened?",1241,A
1242,Some types of trees are able to survive the heat of a forest fire. Which of the following characteristics would best help a tree survive a fire?,1242,B
1243,Which of the statements is the most accurate in describing the chemical equation shown below? 2H_{2}(g) + O_{2}(g) -> 2H_{2}O(g) + energy,1243,C
1244,Which of the following is not an inherited trait of humans?,1244,B
1245,"What organ system in the human body contains the pituitary gland, hypothalamus gland, and thyroid gland?",1245,A
1246,A student wants to find the relationship between the diameter of several plastic disks and the circumference of each disk. Which of these types of graphs should be constructed to determine this relationship?,1246,A
1247,Which of the following identifies the primary function of a radio station tower in a communication system?,1247,C
1248,Which mechanism helps carbon to cycle from the atmosphere to living organisms?,1248,C
1249,How does the appearance of a constellation change during the night?,1249,C
1250,Which processes change magma into igneous rock?,1250,B
1251,Which type of organism is the best at fixing nitrogen?,1251,A
1252,Which of these statements about nonrenewable resources is true?,1252,D
1253,Which of the following helps to produce urine in humans and other mammals?,1253,C
1254,Sedimentary deposits formed from organic material tend to include a high amount of,1254,C
1255,Which interaction benefits both organisms?,1255,A
1256,Which object best reflects light?,1256,A
1257,A car may produce many forms of energy from the fuel it uses. Which indicates that a car does not use fuel with 100% efficiency?,1257,B
1258,Which of the following best explains why the Sun appears to move across the sky every day?,1258,A
1259,"When the lighted half of the Moon faces the Sun and the dark half faces Earth, the phase of the Moon viewed from Earth is called the",1259,D
1260,One hundred grams of water and 100 grams of vegetable oil are heated in identical containers at 70°C for 5 minutes. Their temperatures at the end of 5 minutes are different due to the difference in which property?,1260,A
1261,Which metalloid is used in solar cells and computer chips?,1261,B
1262,Which of these would best be shown as a 3-D model?,1262,B
1263,Which of the following does not give an example of how sparrows use resources in their environment to survive?,1263,B
1264,Which is an example of substances reacting chemically?,1264,C
1265,Vinegar and water are placed in a container and stirred. What is formed when they are mixed?,1265,D
1266,The change in fur color of the Arctic hare from brown in the summer to white in the winter is an example of,1266,A
1267,Which gravitational pull has the greatest influence on Earth's tides?,1267,B
1268,New vaccines for diseases are being developed all the time. How do vaccines most likely help people?,1268,3
1269,"When sugar is heated on a hot plate, it turns into a liquid. When the liquid sugar is cooled, a hard-crystalline substance is formed. This model best demonstrates the formation of",1269,D
1270,"In order to record the passing of a distant comet, which instruments would be the most useful?",1270,C
1271,"When liquid water freezes, it forms ice. What is the physical state of an ice cube?",1271,D
1272,Which system of the human body provides protection to most of the major organs?,1272,C
1273,Which instrument would be best to measure the volume of a liquid?,1273,B
1274,A scientist finds the bones of a dinosaur. What could help the scientist determine the approximate age of the dinosaur bones?,1274,C
1275,"The exotic plant Melaleuca, or Australian Pine, has increased the intensity of fires across the Everglades. The amount of fuel available for fires has increased due to the presence of the Melaleuca. The Melaleuca releases massive numbers of seeds in response to fire, drought, and herbicide damage. Which best describes the reason the Melaleuca has been able to survive?",1275,C
1276,Students measure the time for toy cars of different masses to roll down a hill. Which of the following units should the students use to measure time?,1276,A
1277,Mr. Mendoza's class studied different body systems. What is an important function of the circulatory system?,1277,A
1278,"If water gets into the crack of a rock and then freezes, the rock will MOST likely",1278,B
1279,Which adaptation allows a fish to get oxygen underwater?,1279,C
1280,"Some schools have programs to recycle paper products such as student papers, newspapers, and cardboard boxes. Which of these statements describes a positive effect of recycling paper products?",1280,A
1281,"When a person chews, saliva from the mouth mixes with starches in food. These starches begin to turn into sugars. Changing starches into sugars is best described as",1281,C
1282,Which of the following processes is responsible for changing liquid water into water vapor?,1282,C
1283,Which characteristic can an amoeba change that a paramecium cannot change?,1283,C
1284,"Nevada is much drier than regions in California that are at the same latitude. Compared to these regions in California, which feature of Nevada contributes most to this dry climate?",1284,B
1285,Noah studied different systems in the human body. Which best describes a function of veins in the circulatory system?,1285,D
1286,The surface gravity of Pluto is the weakest of the nine planets because Pluto,1286,D
1287,Which is a source of sound?,1287,B
1288,"In fruit flies, red eyes are dominant over sepia eyes. A male with red eyes is crossed with a female with sepia eyes producing first generation offspring that all had sepia eyes. What does this indicate about the flies that were crossed?",1288,C
1289,Where is most of Earth's water located?,1289,B
1290,A girl with long hair is going to be participating in an experiment that uses an alcohol burner for an energy source. What is the best thing for her to do to prepare for this experiment?,1290,A
1291,Helen is preparing a presentation about objects in the solar system. She includes facts about the order of the planets and their distances from the Sun. Which statement could she include in an accurate presentation?,1291,B
1292,During which process does a caterpillar become a butterfly?,1292,C
1293,Which is a process that occurs during photosynthesis?,1293,D
1294,Which two processes in the water cycle are primarily responsible for the creation of a lake?,1294,D
1295,"Several types of mechanisms in the body regulate the rate of chemical reactions in the digestive system. Among the most important are feedback systems, which control the release rate of",1295,A
1296,"The orbit of Earth is almost circular and has a period of about 365 days. Compared to the orbit of Earth, which of these objects usually have highly elliptical orbits and can have periods of over 1000 years?",1296,C
1297,Movement of Earth's crust along plate boundaries produces,1297,B
1298,"In fruit flies, red eyes are dominant over sepia eyes. A male with red eyes is crossed with a female with sepia eyes producing first generation offspring that all had sepia eyes. What does this indicate about the flies that were crossed?",1298,D
1299,A research team wanted to produce a smaller variety of German shepherd dogs. They mated the smallest dogs from different litters for several generations. This is an example of which concept?,1299,B
1300,"Because sulfur cannot be decomposed by simple chemical methods into two or more different substances, it is classified as",1300,A
1301,"In the atomic model that includes a nucleus, the positive charge is",1301,B
1302,What would be the result of adding one proton to an atom?,1302,C
1303,The North America Nebula is named for its similarity in shape to the North American continent. It was discovered within the Milky Way by astronomer William Herschel in 1790. What was Mr. Herschel most likely observing?,1303,A
1304,The surface of Earth is constantly changing. Which of these findings provides the best evidence that the crustal surface of Earth has changed over time?,1304,B
1305,Which of these is the best definition of heredity?,1305,D
1306,In which of these investigations would pictures from a camera be most useful?,1306,D
1307,Which model best illustrates the wave property that enables scientists to explore Earth's interior using seismic waves?,1307,A
1308,Which metalloid is used in solar cells and computer chips?,1308,B
1309,A dragonfly develops through incomplete metamorphosis. Which stages does the dragonfly's life cycle include?,1309,A
1310,Which geologic feature most likely forms when an oceanic tectonic plate is slowly subducted beneath a continental tectonic plate?,1310,B
1311,What are petri dishes used for in a lab?,1311,C
1312,"When a switch to a ceiling fan is turned on, electrical energy is being transformed into",1312,C
1313,Which human body system attacks viruses and bacteria once they have invaded the body?,1313,C
1314,Which would cause the most soil to erode from a river bank in just a few days?,1314,A
1315,Which of the following identifies the primary function of a radio station tower in a communication system?,1315,B
1316,What relationship exists between a dog and its fleas?,1316,D
1317,There is a river at the base of Mount Tom. In the spring the water level is usually very high. In the summer it is lower. The higher level of water during the spring comes from,1317,C
1318,"In some national parks, controlled fires are maintained by firefighters. Which of these is one of the major reasons for using controlled burns to maintain certain ecosystems?",1318,D
1319,What two gases make up most of the Earth's atmosphere?,1319,C
1320,Phyllis investigated what happened when she added some different substances to water. Which substance can combine with water to form a solution?,1320,B
1321,A pond is near river but not connected to it. What would most likely allow fish to move from the pond to the river?,1321,A
1322,Which adaptation allows a walrus to stay warm in cold water?,1322,D
1323,What type of chemical reaction occurs when the body breaks down fats and sugars that supply it with energy?,1323,D
1324,Earth is about 81 times more massive than the Moon. How will the mass and weight of a rocket on the Moon compare to its mass and weight on Earth?,1324,B
1325,Beaver dams can cause floods. This statement shows how,1325,D
1326,"In Maryland, most bears have thick, dark fur. Which statement best explains how dark fur helps bears survive in the forests of Maryland?",1326,D
1327,"Estuaries in Florida often have mangrove trees growing in them. The roots of the mangrove trees slow the flow of the water, which allows soil particles to settle. If people were allowed to remove the mangrove trees, how would the estuary environment most likely be affected?",1327,B
1328,The greatest amount of diversity can be found among which type of organism?,1328,A
1329,Which kind of rock is produced by deposition and cementation?,1329,C
1330,"A scientist looks at a graph that shows the percentages of humus, clay, and sand that make up a soil. If the scientist had the total weight of each material, instead of percentages, what type of graph would be best to illustrate the data?",1330,4
1331,Air is made up of many gases. Which gas is found in the greatest amount?,1331,B
1332,"During winter, the white fur of an arctic fox blends in with the snow. This adaptation is called",1332,B
1333,Which atmospheric phenomena are created by the interaction of charged particles with Earth's magnetosphere?,1333,D
1334,Different units of measurement are more useful in some settings than in others. Which unit of measurement is most used when comparing distances within the solar system?,1334,B
1335,Cells that conduct messages are known as,1335,A
1336,"A scientist looks at a graph that shows the percentages of humus, clay, and sand that make up a soil. If the scientist had the total weight of each material, instead of percentages, what type of graph would be best to illustrate the data?",1336,A
1337,What structure surrounds the cell and regulates materials that enter and leave the cell?,1337,A
1338,The prairie grass ecosystem once had a deep layer of topsoil which was protected by the grasses that covered it. Removal of these grasses for farmland is causing the soil to be eroded mainly by,1338,D
1339,A student states that plants grow taller when grown in natural light than they do in artificial light. Which method is the best way to determine if the statement is fact or opinion?,1339,D
1340,Snapping a rubber band most likely produces which type of energy?,1340,C
1341,The measure of the amount of light received on Earth from a star is known as,1341,A
1342,Which object best reflects light?,1342,A
1343,What do all animals need in order to survive?,1343,B
1344,Infectious diseases are caused by,1344,A
1345,"A certain disease of the spinal cord can be passed on from a dog to its offspring. This disease can result in the dog's muscles becoming weak, leading to paralysis. This is an example of",1345,D
1346,"A large cold front is moving past the school on a hot, humid summer day. Which best describes the type of weather as the cold front passes by?",1346,D
1347,A student completes several tasks while making breakfast. During which task does the student make a solution?,1347,C
1348,"In 1609, Galileo Galilei used lenses to construct the first telescope. His telescope allowed him to observe many objects in space. His invention of the telescope and the data he gathered directly contributed to the understanding that",1348,A
1349,Most sedimentary rock is made from sediments of other rock. Which of these processes would the sediments most likely go through to form sedimentary rock?,1349,C
1350,In which way are evaporation and condensation similar?,1350,A
1351,A student is visiting a local limestone quarry and finds fossils of seashells. The quarry is located hundreds of miles from the ocean. The fossils best indicate that,1351,C
1352,The moon goes through phases as it revolves around Earth. During which phase of the moon would it be possible for a solar eclipse to occur?,1352,C
1353,Which change in the environment would have a negative effect on the survival of a species in an ecosystem?,1353,B
1354,"The iron in iron-rich red soils may not be in a form that can be taken up by tree roots. As a result, leaves and needles may look yellow. Some trees release acids that convert iron in soil to a usable form. This change in soil chemistry is a type of which process?",1354,C
1355,Copper is used in house wiring because it is,1355,C
1356,Sedimentary deposits formed from organic material tend to include a high amount of,1356,C
1357,"The students were told that the net applied force from the engine was the same for each vehicle tested. Based on this information, which vehicle had the greatest acceleration (a = F/m)?",1357,C
1358,The praying mantis is well camouflaged in its natural habitat. What is a benefit of this adaptation?,1358,D
1359,"A drain cleaner consists of sodium hydroxide and aluminum. When the drain cleaner is added to water, bubbles of hydrogen are produced, and the solution becomes very hot. Which of these best describes what happens to form the bubbles when the cleaner is added to water? F",1359,A
1360,What are petri dishes used for in a lab?,1360,A
1361,"In 2004, Maryland recycled more than 35% of all of the waste the state produced. Which of these benefits does recycling provide to Maryland?",1361,A
1362,In which way are evaporation and condensation similar?,1362,D
1363,A student provides the following directions for brushing teeth: • Turn on the water. • Fill the glass with water and leave the water running. • Put toothpaste on the toothbrush. • Brush for two minutes. • Rinse mouth with the water from the glass. • Rinse the toothbrush with the running water. • Turn off the water. Which change in these directions would conserve the most water?,1363,D
1364,Removing waste from the body is the primary function of which body system?,1364,B
1365,"Oscar and Andre used a microscope to observe a sample of pond water and drew an example of each type of organism they saw. Then they compared their drawings. They discovered that their drawings of a euglena and a paramecium were alike, but their amoeba drawings had very different shapes. What are two things that Oscar's amoeba could have been doing that made his drawing look different from Andre's?",1365,B
1366,A company that makes fences started using a new material instead of wood. The new material will last longer than wood. What is the most likely benefit of the new material?,1366,D
1367,"When animals use energy, what is always produced?",1367,B
1368,The brown tree snake is a nonnative species found on the South Pacific island of Guam. The brown tree snake population in Guam is so large that it negatively affects the humans there. Which statement best explains why the brown tree snake has flourished in Guam?,1368,B
1369,"Phobos is one of two large objects that orbit the planet Mars. Because Phobos orbits Mars, Phobos should be classified as which type of body?",1369,4
1370,Which type of rock is formed when limestone is subjected to heat and pressure?,1370,B
1371,Which of the following best explains why the Sun appears to move across the sky every day?,1371,B
1372,Which of the following statements best explains why stars appear to move across Earth's sky each night?,1372,B
1373,Which of these will best separate iron filings from sand?,1373,C
1374,"A student adds sugar, spices, and salt to a bowl of peanuts and stirs them together. What has the student made?",1374,D
1375,Many areas of Massachusetts have small deep ponds called kettle ponds. Which of the following best explains the formation of these ponds?,1375,A
1376,"Which substance is usually found in nature as a liquid, solid, and gas?",1376,C
1377,Which animals are most likely to carry the seeds found in berries from the parent plant to another area?,1377,A
1378,Plants need a source of energy in order to perform photosynthesis. From which source do plants receive the energy needed to perform photosynthesis?,1378,C
1379,What is a galaxy?,1379,C
1380,Which of these cell parts contain instructions for the passage of traits from one generation to the next?,1380,A
1381,Which of the following is a reason life in the outermost planets is less likely than life on planets nearer the Sun?,1381,2
1382,Water is a very important part of the physical weathering of rock. Which of these properties of water is most important in causing some of the physical weathering of rock?,1382,C
1383,"In 1872, the United States created a national park called Yellowstone. The park includes more than two million acres in the three states of Idaho, Montana, and Wyoming. Which statement best explains why national parks have a positive effect on ecosystems?",1383,B
1384,Students want to find out at which temperature bean plants grow tallest. Which science process skill would be used to find this temperature?,1384,B
1385,Hydrogen gas and oxygen gas combine to form water. Which would be a more concise way of expressing what happens in this chemical reaction?,1385,A
1386,"When two nuclei are combined into one nucleus, there is a slight change in mass and the release of a large amount of energy. What is this process called?",1386,B
1387,"When plants undergo photosynthesis, a reaction produces sugar, oxygen, and water. During respiration, stored energy from the products of photosynthesis is converted to usable energy. In what form is the energy stored prior to use in respiration?",1387,C
1388,Which of the following is believed to be one cause of global warming?,1388,D
1389,Which is the best explanation of the term ecology?,1389,A
1390,A student proposes the rate of increase in a plant's mass will be proportional to the length of light exposure per day when all other variables are constant. How should this proposal be classified?,1390,B
1391,Measurements of carbon dioxide concentrations in the air taken over the past decade have shown a,1391,B
1392,Which material is most easily recycled at school?,1392,B
1393,The Milky Way Galaxy is visible as a bright region in the night sky. Modern telescopic observation has made it possible to discover that the brightness of the Milky Way Galaxy is due primarily to which structure?,1393,B
1394,Which pair of English and metric units has most nearly the same value?,1394,C
1395,Which best describes the function of the small intestine?,1395,C
1396,What happens during photosynthesis?,1396,A
1397,Sarah's class is learning about mixtures and solutions. Her teacher writes four statements on the board. Which statement best describes a mixture?,1397,A
1398,Which change would have the greatest negative impact on the survival of an owl species?,1398,D
1399,Certain flowers will open for twelve hours and then close. Which stimulus do the flowers respond to when they open and then when they close for that time period?,1399,A
1400,Which of the following is not an inherited trait of humans?,1400,B
1401,Which of the following causes a ship’s iron anchor to sink to the ocean floor when it is released overboard?,1401,B
1402,Martin is writing a report for science class about how the tilt of Earth affects living organisms. Which subject should Martin include in his report that is directly affected by Earth's tilt?,1402,A
1403,Which statement best explains how periods on the periodic table are organized?,1403,D
1404,What is the composition of the nucleus of an atom?,1404,A
1405,A newborn kangaroo has the ability to crawl into its mother's pouch to drink milk. This is an example of,1405,A
1406,What type of galaxy is the Milky Way?,1406,A
1407,Which interaction within an ecosystem is characterized by gradual change from one community of organisms to another?,1407,B
1408,A pot of cold water was heated on a stove until the water boiled. Which of the following best explains why the water was able to boil?,1408,C
1409,Which stimulus causes a porcupine to extend its quills?,1409,B
1410,"Nevada is much drier than regions in California that are at the same latitude. Compared to these regions in California, which feature of Nevada contributes most to this dry climate?",1410,A
1411,"When scientists publish papers describing the results and conclusions of their experiments, members of the scientific community should",1411,C
1412,Which organ is most responsible for oxygen entering the blood stream?,1412,B
1413,"A 10 g sample of aluminum and a 10 g sample of iron were each heated by 100 joules of energy. The temperature of the aluminum sample rose 11°C, while the temperature of the iron sample increased 23°C. Which statement best accounts for these results?",1413,D
1414,Mammals must eliminate waste products that their bodies produce. Which organ helps mammals eliminate bodily waste?,1414,B
1415,The smallest part of an element that retains the properties of the element is the,1415,C
1416,Chemical pesticides are sometimes sprayed on crops to kill insects that eat the crops. People have different viewpoints about the use of pesticides on crops. What might be a concern about using pesticides on the crops?,1416,C
1417,"The Heliocentric Theory, as supported by Copernicus, revolutionized scientific theories regarding",1417,C
1418,Which is the best example of evaporation?,1418,D
1419,Earth's core is primarily composed of which of the following materials?,1419,B
1420,"When a red bull (RR) is bred with a white cow (WW), a roan calf (RW) is sometimes produced. If a roan bull (RW) is bred with a roan cow (RW), what is the most likely outcome of the offspring?",1420,A
1421,"Some birds live in a forest. If many of the trees in the forest are cut down, the shelter for the birds will",1421,B
1422,"In Alaska, there are fewer hours of daylight in the winter than in the summer. Which statement best explains why this difference occurs?",1422,B
1423,Which of these cell parts contain instructions for the passage of traits from one generation to the next?,1423,D
1424,Which of the following best explains what will occur when a population grows larger than the carrying capacity of its environment?,1424,C
1425,"Pedro shook a can of soda. When the soda was opened, foam and soda burst from the can. Which statement best explains what happened?",1425,A
1426,A simple machine that helps move a flag up a flagpole is,1426,C
1427,The number of squirrels in a certain ecosystem changes over time. These changes can be represented as a number of connected data points. Which method would a student most likely use to show this information?,1427,A
1428,Jupiter is the largest planet in the solar system. It rotates on its axis once about every 10 hours. What time period on Earth would be 10 hours long if Earth rotated on its axis once every 10 hours?,1428,D
1429,The length of daylight changes as the seasons change during the year. What causes these changes in daylight?,1429,B
1430,Carlos puts a new battery into a radio. What does the battery supply to the radio that makes it turn on?,1430,A
1431,Which scientist formulated rules that describe the observable relationships of plant traits to the traits of the ancestor plants?,1431,A
1432,"Which substance is usually found in nature as a liquid, solid, and gas?",1432,A
1433,Which process occurs when rocks and soil slide down a mountain?,1433,A
1434,A dog opens its mouth and lets its tongue hang out. A human's body produces sweat. These are two ways that organisms may adjust to,1434,D
1435,Natural processes cause rapid and slow changes to Earth's surface. Which event causes changes to Earth's surface most rapidly?,1435,D
1436,Which pair together could cause a rainbow?,1436,A
1437,"If Lisa wants to experiment with bean plants, which of these is the best example of a hypothesis?",1437,B
1438,Which of the following best describes the climate of an area?,1438,A
1439,"Blood is composed of different cell types that transport nutrients and wastes throughout the body. Because of this, blood is classified as",1439,B
1440,Which renewable energy resource possesses the greatest potential for providing renewable energy to meet the future needs of the southern United States?,1440,C
1441,"During a presentation on astronomy, Professor Williams discussed various measurements in space. Which objects was she referring to when she talked about how astronomical units (AU) were determined?",1441,B
1442,Temperatures below freezing are expected overnight. What might be done to protect plants growing outside?,1442,D
1443,Which characteristic of a cell membrane allows it to control materials entering and leaving a cell?,1443,3
1444,Which of these best indicates that sediments can be changed into rock?,1444,A
1445,"Generally, the deeper rock layers of Earth are older than shallower rock layers. How can the collision of two tectonic plates change the order of the rock layers?",1445,C
1446,"A manufacturer wants to produce a container for food storage that does not break easily and is airtight, inexpensive, and microwave-safe. Which of the following is the best material to use to make the container?",1446,C
1447,Which example shows a new substance being formed?,1447,D
1448,"When an ice cube melts, its state of matter changes from a",1448,C
1449,How do the waxy stem covering and needle-shaped leaves improve the ability of a cactus to survive in the desert?,1449,C
1450,"What organ system in the human body contains the pituitary gland, hypothalamus gland, and thyroid gland?",1450,C
1451,The cell cycle describes the processes that take place as a cell,1451,A
1452,Which process drives most of the ATP synthesis in a chloroplast?,1452,D
1453,What is the smallest structural and functional unit of the nervous system?,1453,D
1454,Which part of the body works closely with the digestive system to transport nutrients to the cells?,1454,A
1455,"In the first half of this century, which technology allowed people, for the first time, to work IN the city but live OUTSIDE the city?",1455,D
1456,All plants and animals have mechanisms that,1456,D
1457,A root emerges from a seed because of the force of,1457,A
1458,A group of scientists predicts that Earth's oceans will be able to take up more carbon dioxide as atmospheric carbon dioxide levels increase and the atmosphere warms. Which of these statements about the solubility of gases in ocean water would lead you to question this prediction?,1458,D
1459,Which action involving a pulley system requires the least amount of force?,1459,B
1460,A tight metal lid on a jar of pickles may loosen when it has been held in hot water. This is because the hot water causes the,1460,B
1461,A seed of a plant sticks to the fur of an animal as it walks by. How has the animal most likely helped the plant?,1461,D
1462,"In the Adirondack forests of New York, some trees have died. The change in the forest is thought to be related to air pollution and rain. Which abiotic factor most likely has been changed as a result of the pollution and rain which resulted in the death of the trees?",1462,D
1463,A student needs to find the mass of an atom. The numbers of which atomic particles determines the mass of the atom?,1463,D
1464,The change from day to night on Earth can be explained by,1464,D
1465,Which of the following groups of organisms uses sunlight to convert carbon dioxide and water into sugar and oxygen?,1465,A
1466,Which of the following is a reason life in the outermost planets is less likely than life on planets nearer the Sun?,1466,B
1467,Some ancient Greeks tried to discover the laws of the universe through thought and logic. Which part of the scientific process were these scientists missing?,1467,D
1468,"Stretching is considered an important step before engaging in sports. In an investigation to see whether stretching before physical exertion reduces sports injuries, who would the control group most likely be?",1468,D
1469,Which animal eats only plants?,1469,3
1470,"In order for rocks to be classified as igneous, the rocks must",1470,B
1471,A tight metal lid on a jar of pickles may loosen when it has been held in hot water. This is because the hot water causes the,1471,A
1472,"When an octopus feels threatened, it can release black ink into the water. The ink MOST likely helps the octopus",1472,B
1473,What is the primary source of energy for organisms from a beach ecosystem?,1473,A
1474,"Which type of rock is formed from limestone that has been compacted, heated, and recrystallized?",1474,C
1475,Improvements in farming technology would most likely,1475,A
1476,Which of these characteristics best helps scientists classify organisms?,1476,D
1477,A lipid bilayer allows certain molecules to pass through and blocks other molecules. Which structure is most often protected by a lipid bilayer?,1477,B
1478,Scientists wonder how the Egyptian pyramids were built. They think that the huge blocks of stone may have been put into place by pushing them up a sloping pathway. The pathway is which type of simple machine?,1478,C
1479,There is a thunderstorm close to your house. The windows rattle at the same time that you hear the thunder. What causes the windows to rattle?,1479,D
1480,Evidence that living things have evolved over hundreds of millions of years can be found in,1480,C
1481,Which change increases the rate of a chemical reaction?,1481,A
1482,Which of these processes is a conversion made by solar panels?,1482,B
1483,Anthony and Zach want to know how the temperature of the air affects the temperature of lake water. Which type of tool should they use to measure the temperatures?,1483,B
1484,What would be the best source to find information about DNA testing?,1484,D
1485,Arctic areas are covered with snow and ice for much of the year. Which color rabbits would be safest from foxes there?,1485,C
1486,Which sentence best describes the organization of the heart?,1486,A
1487,"Plants have special tissues that transport food, water, and minerals throughout the plant. What are these tissues similar to in animals?",1487,D
1488,A team of surveyors takes measurements of ground altitude at horizontal intervals of 1 meter over a 400 square meter area. These measurements can best be used to produce which representation of the area?,1488,A
1489,"A rainforest area is experiencing a severe drought. As a consequence, the insect population has decreased. What will the insect-eating birds most likely do as a result of the drought?",1489,D
1490,One example of matter is,1490,D
1491,What causes a free falling object to accelerate?,1491,1
1492,Humans depend on which natural resource from the environment?,1492,D
1493,How is the theory of plate tectonics different from a hypothesis regarding a certain aspect of plate movement?,1493,D
1494,Fish can live in lakes that are frozen because liquid water remains below the ice at the surface. Which of these describes a property of water that allows some liquid water to remain in frozen lakes?,1494,B
1495,"A population of small, plant-eating beetles lives in a forest. About half of the beetles are light brown and the others are dark green. If years of drought cause the area to become dry with few trees, what would the beetle population most likely look like after several generations?",1495,D
1496,A flower produces seeds that fall to the ground and grow into new plants that produce more flowers. The seeds begin to grow by the process of,1496,2
1497,Joel made some measurements and recorded this data: Sample 1 - 45 mL Sample 2 - 15 mL Sample 3 - 30 mL Sample 4 - 20 mL Which of these tools would most likely have been used to obtain these measurements?,1497,A
1498,The production of sweat is typically a response to an increase in the body's,1498,D
1499,A student provides the following directions for brushing teeth: • Turn on the water. • Fill the glass with water and leave the water running. • Put toothpaste on the toothbrush. • Brush for two minutes. • Rinse mouth with the water from the glass. • Rinse the toothbrush with the running water. • Turn off the water. Which change in these directions would conserve the most water?,1499,A
1500,Which stimulus causes a porcupine to extend its quills?,1500,B
1501,Which lists the diameter of the planets in order from smallest to largest?,1501,A
1502,Which has the greatest effect on aiding the movement of blood through the human body?,1502,C
1503,Which invention will best help people travel quickly to far away places?,1503,C
1504,A lab technician places a colony of bacterial cells in a nutrient-rich growth medium. Which event is the technician most likely to observe with a microscope?,1504,A
1505,"Which of these best defines the term ""pollutant""?",1505,D
1506,"Many types of organisms live in a meadow. With the introduction of a large, swift-moving predator into the meadow ecosystem, which group of organisms will MOST likely have an advantage of surviving and reproducing?",1506,D
1507,Felicia investigated whether water color affected how fast the water heated in sunlight. She poured tap water into five beakers and placed food coloring in four out of the five beakers. Felicia then used a thermometer to measure the temperature of the water in each of the beakers. Which of these was used as control in her investigation?,1507,D
1508,Which of these is the main contributor to the formation of hurricanes?,1508,A
1509,"Sodium bicarbonate (NaHCO_{3}) is commonly known as baking soda. Sodium bicarbonate is a white solid that can dissolve in water. Under the proper conditions, sodium bicarbonate can release carbon dioxide (CO_{2}) gas. Which of the following is not a physical property of sodium bicarbonate?",1509,C
1510,"Near Earth's equator, water generally exists naturally in the liquid and gas states. In which other part of Earth is water usually found naturally in only two states?",1510,B
1511,"On a field trip, a student holds a frog and reports that it has slippery skin. This is an example of",1511,D
1512,A single prokaryotic cell can divide several times in an hour. Few eukaryotic cells can divide as quickly. Which of the following statements best explains this difference?,1512,B
1513,"According to the periodic table, all of the following are metals except",1513,C
1514,Multicellular organisms grow in size by producing more,1514,B
1515,Paleontologists are scientists who study evidence of past life on Earth. Which method do paleontologists most likely use to determine the forms of life that existed millions of years ago?,1515,A
1516,A city has an outbreak of a disease that affects an unusually large portion of its population at the same time. Which term best describes the outbreak?,1516,A
1517,Plants need a source of energy in order to perform photosynthesis. From which source do plants receive the energy needed to perform photosynthesis?,1517,C
1518,Juvenile diabetes is a disease caused by the body's inability to create insulin. The body's white blood cells attack the pancreatic cells that produce insulin. This type of disease is known as,1518,B
1519,A student is growing some plants for an experiment. She notices small white spots on the leaves. Which tool should she use to get a better look at the spots?,1519,1
1520,"A spring-fed stream forms a pond that contains watercress plants, minnows, and crayfish. The pond receives 5 hours of direct sunlight every day. Which of the following is an abiotic factor in this ecosystem?",1520,A
1521,What is an example of a shelter in an ecosystem?,1521,C
1522,"Sugar is composed of carbon, hydrogen, and oxygen. Sugar is an example of which of the following?",1522,B
1523,Which best explains why some reptiles and amphibians lay an abundance of eggs?,1523,A
1524,Which interaction benefits both organisms?,1524,A
1525,Which tool would a student use to measure wind speed?,1525,B
1526,Timber companies can best manage the number of trees in forests by,1526,4
1527,Fossil fuels were formed from,1527,D
1528,"As the human population increases, more fossil fuels are being used. The burning of fossil fuels produces greenhouse gases. How might humans reduce greenhouse gases?",1528,A
1529,"In fruit flies, red eyes are dominant over sepia eyes. A male with red eyes is crossed with a female with sepia eyes producing first generation offspring that all had sepia eyes. What does this indicate about the flies that were crossed?",1529,A
1530,Which adaptation will warn predators not to eat an animal?,1530,B
1531,Felicia investigated whether water color affected how fast the water heated in sunlight. She poured tap water into five beakers and placed food coloring in four out of the five beakers. Felicia then used a thermometer to measure the temperature of the water in each of the beakers. Which of these was used as control in her investigation?,1531,C
1532,A student is measuring a liquid in a graduated cylinder. The student is not tall enough to read the measurement at eye level. Which of these is the best action for the student to take to read the measurement correctly?,1532,B
1533,The cones of a jack pine tree require great amounts of heat to release their seeds. When are jack pine tree seeds most likely released?,1533,B
1534,A baby kit fox grows to become an adult with a mass of over 3.5 kg. What factor will have the greatest influence on this kit fox's survival?,1534,A
1535,The magnitude of the gravitational force between two planets depends on the,1535,A
1536,What type of inheritance controls blood types in humans?,1536,B
1537,"When athletes begin to exercise, their heart rates and respiration rates increase. At what level of organization does the human body coordinate these functions?",1537,C
1538,The reaction that releases energy for use by the cell occurs in which site?,1538,B
1539,Which of these organisms has cells with cell walls?,1539,D
1540,A student climbs up a rocky mountain trail in Maine. She sees many small pieces of rock on the path. Which action most likely made the small pieces of rock?,1540,C
1541,The number of daylight hours in New York State changes with the,1541,D
1542,Which stimulus causes a porcupine to extend its quills?,1542,B
1543,Which term identifies a single unit of hereditary information?,1543,D
1544,What statement describes what happens to the carbon dioxide waste produced by a developing baby during pregnancy?,1544,D
1545,Which of the following best describes an atom?,1545,A
1546,"Mold is often found growing on old bread. In a food chain, mold is a ___.",1546,C
1547,An object such as a hammer weighs less on the Moon than on Earth. This is because the Moon has a,1547,A
1548,"Jennifer has collected rocks while hiking. As she attempts to classify her rocks, which will she put in the pile of sedimentary rocks?",1548,C
1549,"With a microscope, you see that an object has a cell wall, a chloroplast, and a nucleus. What is being observed?",1549,D
1550,Which event would most likely occur if the number of nitrogen fixing bacteria were reduced within an ecosystem?,1550,D
1551,"When a red bull (RR) is bred with a white cow (WW), a roan calf (RW) is sometimes produced. If a roan bull (RW) is bred with a roan cow (RW), what is the most likely outcome of the offspring?",1551,C
1552,Which of these items contains only a solution?,1552,B
1553,Which is a chemical compound?,1553,3
1554,Which change is most likely caused by a thunderstorm?,1554,D
1555,Which example describes a learned behavior in a dog?,1555,A
1556,Which action involving a pulley system requires the least amount of force?,1556,B
1557,A decomposer is an organism that,1557,1
1558,Which resource is most likely found in large amounts in forest ecosystems?,1558,B
1559,Which object refracts light?,1559,C
1560,"In an accurate diagram of the solar system, which object would be shown closest to Earth?",1560,C
1561,Which of the following can provide the human body with long-term immunity against some diseases?,1561,C
1562,"The fur color of a bear varies with its environment. Polar bears found in the Arctic have white fur, while black bears found in Pennsylvania have dark fur. Which best describes the variation of fur color amongst the bear species?",1562,A
1563,"In snapdragon plants, red flowers are dominant to white flowers. When red-flowered plants are crossed with white-flowered plants, pink flowers are produced. If a researcher wants to produce plants with only white flowers, what color should the parent plants be?",1563,D
1564,Increased nutrient levels in lakes can cause ecological changes that result in the death of many fish. At what point in the hydrological cycle are most nutrients deposited into lakes?,1564,3
1565,"When large areas of the rainforests are cleared and burned, climate can be affected. Which best explains how rainforest destruction can contribute to the greenhouse effect?",1565,D
1566,Which of the following causes a ship’s iron anchor to sink to the ocean floor when it is released overboard?,1566,A
1567,Which of the following is a typical example of a unicellular organism?,1567,D
1568,Which process allows green plants to control the amount of water stored in their leaves?,1568,A
1569,"When a switch to a ceiling fan is turned on, electrical energy is being transformed into",1569,D
1570,A geologist found fossils of horse bones in different rock layers of a canyon. The fossils in the lower levels show shorter bones than those in the upper-level fossils. Which conclusion is based on the geologist's observations?,1570,A
1571,Which explains the pattern of day and night?,1571,C
1572,Which action is an example of good water management?,1572,A
1573,Birds eat non-camouflaged moths at a higher rate than they eat camouflaged moths. In which situation would birds eat the moths at the slowest rate?,1573,A
1574,An organism's traits are largely determined by the genetic makeup of its parents. A mutation in which kinds of cells in a parent could cause a new trait to appear in the parent's offspring?,1574,D
1575,Which statement best describes the organization of the Periodic Table of the Elements?,1575,B
1576,The digestive system breaks food into simple substances that the body can use. What system carries these simple substances from the digestive system to other parts of the body?,1576,A
1577,Which inventor had the greatest impact on the development of artificial light?,1577,C
1578,Which of the following could limit the supply of a renewable resource?,1578,B
1579,What product was being formed as plants died and sank to the bottom of swamps?,1579,C
1580,Which best describes all unicellular organisms?,1580,D
1581,Early scientists most likely saw a discharge of electricity for the first time when observing a,1581,A
1582,Which method could be used to separate a solution of table salt and water?,1582,A
1583,Vehicle exhaust contains a form of pollution called particulate matter. Technologies are being developed to reduce the amount of particulate matter in exhaust. A vehicle that produces less particulate matter would have the greatest impact on which aspect of human health?,1583,A
1584,Plate movement can form different features on Earth. The movement of tectonic plates can be both a constructive and a destructive force. At which type of plate boundary is new crust formed?,1584,A
1585,Scientists study the current conditions of many solar system objects to gain insight into conditions early in the history of Earth. Which phenomenon most closely models current theories of early Earth?,1585,D
1586,Which of the following is most responsible for the decay of dead organisms?,1586,D
1587,All living organisms are dependent on plants because plants,1587,B
1588,Most birds sit on their eggs until they hatch. Which of these is the most important reason why birds sit on their eggs?,1588,C
1589,Which of these processes is a conversion made by solar panels?,1589,B
1590,The surface of the Moon is covered with craters. Most of these craters were formed by,1590,B
1591,Jessica watches the Sun set in the evening sky. What causes the setting of the Sun?,1591,4
1592,Biologists have discovered that the beluga whales of Canada's St. Lawrence River have the highest rates of cancer among animals. What is most likely the reason for this high incidence of cancer in these whales?,1592,D
1593,A factory in Japan had been dumping mercury into Minamata Bay. Certain microorganisms in the water were able to change the mercury into a form that the plankton could use. Which most likely happened next?,1593,C
1594,Living things are classified as producers or consumers according to,1594,C
1595,"Gregor Mendel was the first to show that organisms had traits that are passed on from parents to the next generation. In order for the scientific community to accept Mendel's discovery, others had to",1595,A
1596,"European starlings are birds that take over the nests of other birds. When they move into an area, starlings reproduce quickly. Taking over the nests of other birds most likely increases the number of starlings by helping them to do what?",1596,B
1597,The freezing and thawing action of water affects a rock by,1597,B
1598,Which resource is most likely found in large amounts in forest ecosystems?,1598,B
1599,The Moon has the greatest effect on Earth's,1599,A
1600,Two identical books are on opposite ends of a table. Which of these would increase the gravitational force exerted between the two books?,1600,C
1601,"Over time, non-volcanic mountains can form due to the interaction of plate boundaries. Which interaction is most likely associated with the formation of non-volcanic mountains?",1601,B
1602,"When someone plays the flute, sound is produced because the air in the flute is",1602,C
1603,A radio station broadcasting across a large area is experiencing thunderstorms. How will the radio waves from the station be affected?,1603,A
1604,Ninety-nine percent of the mass of an atom is located in,1604,C
1605,"A student adds sugar, spices, and salt to a bowl of peanuts and stirs them together. What has the student made?",1605,C
1606,Why is the ozone content of the stratosphere important to living organisms?,1606,A
1607,"When a person sees something, what carries the message from the eyes to the brain?",1607,C
1608,Which human trait is most likely inherited from a parent?,1608,A
1609,Henry and Emily are building a tree house. Which tool should be used to measure the height of the door?,1609,C
1610,The bonding of oxygen to red blood cells is important to the body because it enables the body to,1610,A
1611,What are the two main jobs of the skeletal system?,1611,A
1612,"In a city, the daily high and low 16 temperatures for a month are best represented by which of the following?",1612,C
1613,What happens to metal railroad tracks during the heat of a summer day?,1613,D
1614,The water contained in a geyser system gains energy from the underground material surrounding it. The water molecules gain kinetic energy and this results in an increase in the pressure of the water. Eventually the geyser erupts and expels water into the air above ground. Which of the following types of energy is the source for the initial energy gain of the water?,1614,B
1615,Which are examples of inherited traits?,1615,A
1616,Ninety-nine percent of the mass of an atom is located in,1616,C
1617,Which part of an atom is involved in chemical reactions?,1617,C
1618,A paper bag is ripped into pieces. Which of these BEST describes the pieces of the bag?,1618,A
1619,Scurvy is a disease that sailors often got on long voyages. It was discovered that scurvy could be prevented by eating oranges and lemons. This suggests that scurvy is a disease caused by,1619,A
1620,Sound will not travel in a,1620,B
1621,Conjugation in a paramecium differs from sexual reproduction in volvox because conjugation,1621,B
1622,"A large cold front is moving past the school on a hot, humid summer day. Which best describes the type of weather as the cold front passes by?",1622,D
1623,Strong winds have the ability to uproot large trees in a wooded area. Which of these organisms would most likely benefit from this change in a habitat?,1623,D
1624,The action that results when waves made in a pond strike the edges and bounce back is known as,1624,A
1625,A scientist is comparing two body cells of a multicellular organism. Which of the following is most likely identical?,1625,B
1626,Which is a distinction between an epidemic and a pandemic?,1626,C
1627,"The Great Basin in Nevada is characterized by uplifted, tilted blocks forming mountain ranges and downthrown blocks forming basins. What rock type is MOST likely to form in the basins?",1627,B
1628,Visible light is which type of wave?,1628,C
1629,A group of students are observing a fish tank for a school assignment. The group is to share the observations with the class. Which statement about observations is true?,1629,A
1630,Which is the thickest layer of Earth?,1630,B
1631,"In the human body, what part of the central nervous system connects with other nerves outside of the central nervous system?",1631,C
1632,The Water Quality Act of 1987 required the development of standards that would prevent toxic pollutants from reaching dangerous levels in bodies of water. This act affected the amounts of toxic chemicals that could be discharged into bodies of water. Which of the following would have been most regulated by this act?,1632,A
1633,"The Greek philosopher Aristotle described matter with the phrase ""unable to be divided."" The modern concept that grew from Aristotle's idea is the",1633,B
1634,Which is a unit of measure for length?,1634,D
1635,Which statement best describes the energy transformations that occur when a candle burns?,1635,B
1636,A fever is a response to a disease-causing agent infecting the body. Raising one's body temperature changes the shape of enzymes in the agent so it cannot reproduce. Which statement best describes a fever?,1636,D
1637,"Oil, coal, and natural gas are fossil fuels formed under what conditions?",1637,A
1638,Which of these characteristics best helps scientists classify organisms?,1638,A
1639,Which type of energy in gasoline is transformed into mechanical energy in a motorcycle engine?,1639,A
1640,Why is it important to repeat an experiment several times?,1640,A
1641,"Some of the thermal structure of Earth is the result of a combination of chemical composition, temperature, and pressure. Which is a boundary that best demonstrates a contact point between layers having relatively the same temperature and chemical composition?",1641,D
1642,Which is a reason for Arkansas having multiple seasons?,1642,B
1643,"In a lab investigation, a student notes that two metal blocks have the same mass. Based on this observation, if the two blocks were put on opposite sides of a balance, they would best represent",1643,2
1644,Which is an example of a chemical change?,1644,A
1645,Which is a chemical compound?,1645,A
1646,Unequal distribution of the hormone auxin in plants helps to regulate the direction of plant growth. Which of the following is accomplished by plants in regulating the distribution of auxin?,1646,C
1647,Which is an example of melting?,1647,A
1648,A worker needs to load a heavy box onto a truck. The worker uses a ramp to move the box because the ramp,1648,C
1649,"When a cold front moves over a land region that has warm, moist air, a transfer of energy occurs. Cold air sinks and pushes warmer air upward. As energy is removed from the air, which change will most likely take place?",1649,D
1650,"If a tall tree falls over in a crowded forest, which resource becomes available to the surrounding plants?",1650,B
1651,During which stage of an insect's life cycle does the female lay eggs?,1651,A
1652,Which cellular structure allows nutrients to pass into cells?,1652,D
1653,"A population of wood mice lives in a cool, moist temperate forest. Several years of hot, dry weather have affected the plants in the area. Which mice in the population are most likely to survive this change and pass their genes on to their offspring?",1653,D
1654,In what type of rock would a geologist most likely find evidence of ancient life?,1654,B
1655,Rheumatoid arthritis is a disease that occurs when the body attacks its own tissues. Which body system becomes disordered first?,1655,C
1656,"According to the Big Bang Theory, which element most likely formed first?",1656,B
1657,Students perform an investigation designed to measure the daily growth of a bean plant. Which should the students do every day of this investigation?,1657,A
1658,A teacher asks her students to examine titles of four scientific articles. Which titled article is specifically about a chemical change?,1658,C
1659,Jonny climbed an apple tree. How are Jonny and the apple tree similar to each other?,1659,C
1660,How has the invention of the personal computer helped people the most?,1660,A
1661,An important rule for students to know when heating a test tube is to,1661,B
1662,Research into the total amount of oil available for use around the world can affect what kind of human choice?,1662,B
1663,A drinking water reservoir for a small town develops a blue-green algae bloom. The town hires a company to eliminate the problem. Which of the following should the company investigate first as a likely source of the problem?,1663,A
1664,Which is a physical property of an apple?,1664,C
1665,"Many types of organisms live in a meadow. With the introduction of a large, swift-moving predator into the meadow ecosystem, which group of organisms will MOST likely have an advantage of surviving and reproducing?",1665,B
1666,Rheumatoid arthritis is a disease that occurs when the body attacks its own tissues. Which body system becomes disordered first?,1666,A
1667,"Of the examples listed, which event is thought by scientists to have led to the greatest extinction?",1667,C
1668,All the ponds in an area dried up during a drought. The population of which of the following animals that live in the area is most affected by the drought?,1668,C
1669,Which behavior can help animals establish a territory?,1669,A
1670,Which of the following causes a ship’s iron anchor to sink to the ocean floor when it is released overboard?,1670,3
1671,Which renewable resource is used with photovoltaic cells to produce electricity?,1671,C
1672,What is the major function of the human excretory system?,1672,A
1673,Which factor will most likely cause a person to develop a fever?,1673,B
1674,Which best describes all unicellular organisms?,1674,C
1675,"When you are riding a bicycle at night, your bicycle's reflectors help people in cars see your bicycle. How do bicycle reflectors work?",1675,C
1676,The moon goes through phases as it revolves around Earth. During which phase of the moon would it be possible for a solar eclipse to occur?,1676,A
1677,What travels through the stem of a plant?,1677,A
1678,"Plants have special tissues that transport food, water, and minerals throughout the plant. What are these tissues similar to in animals?",1678,C
1679,Which of these best indicates that sediments can be changed into rock?,1679,B
1680,Students are studying some leaves. They group the leaves by shape. Which science process are the students using when they put the leaves in different groups?,1680,A
1681,Which instrument should a student use to best examine bacteria?,1681,D
1682,Which inventor had the greatest impact on the development of artificial light?,1682,B
1683,"After a rainstorm, a big pile of rocks blocks part of a mountain road. Which event most likely caused the rocks to move onto the road?",1683,C
1684,"When a switch to a ceiling fan is turned on, electrical energy is being transformed into",1684,A
1685,Which of the following processes is an important part of star formation?,1685,D
1686,Some butterflies live an average of two weeks. This period of time is called a life,1686,D
1687,Where would animals and plants be most affected by a flood?,1687,2
1688,"A hydrologist studies the location, movement, and quality of water. A hydrologist recognizes the importance that water exists as ___.",1688,D
1689,Which of these is directly formed as a result of weathering and erosion?,1689,B
1690,Multicellular organisms grow in size by producing more,1690,B
1691,"A student wants to figure out how many calories are needed to perform various activities. A list of some everyday activities is made, and the number of calories burned during each activity is recorded. Which method is the best way for the student to display and evaluate the information?",1691,A
1692,Carlos puts a new battery into a radio. What does the battery supply to the radio that makes it turn on?,1692,C
1693,Clouds and precipitation moved across western Massachusetts one evening. The temperature changed from 41°F to 28°F. Which of the following changes in precipitation most likely occurred on this evening?,1693,A
1694,The comet Shoemaker-Levy struck the planet Jupiter in July of 1994. The process of a comet striking a planet is an example of a net decrease in kinetic energy. Kinetic energy was ultimately converted into,1694,A
1695,Which is the best way a science student can help to maintain laboratory equipment?,1695,A
1696,"Until recently the Grand Canyon was thought to be about 5-6 million years old. Recently a scientist gathered data and wrote a paper for a scientific journal that indicated the canyon is about 17 million years old. Before this new information about the canyon is accepted, which of these needs to occur?",1696,C
1697,"When a switch to a ceiling fan is turned on, electrical energy is being transformed into",1697,C
1698,Copper is used in house wiring because it is,1698,A
1699,"If an object is attracted to a magnet, the object is most likely made of",1699,B
1700,Which types of objects are most easily seen by the human eye?,1700,B
1701,"Many types of organisms live in a meadow. With the introduction of a large, swift-moving predator into the meadow ecosystem, which group of organisms will MOST likely have an advantage of surviving and reproducing?",1701,A
1702,"A student poured some sugar into a glass of water. After the water was stirred, no solid sugar remained in the glass. Which statement best describes what happened?",1702,C
1703,Which of the following is an example of a physical change but not a chemical change?,1703,C
1704,Some birds fly south before winter each year. This is an example of,1704,A
1705,Which statement describes animal embryos?,1705,A
1706,What is the main reason we can see the Moon?,1706,A
1707,Scientists recorded the hourly temperature at a weather station for the month of July and want to quickly measure a trend over time in temperature changes. Which of these formats would be the most appropriate representation of the temperature data to quickly measure any trend?,1707,A
1708,At what time on a sunny day will the shadow of the school's flagpole be the shortest?,1708,C
1709,Which of the following describes a reason why companies irradiate some fruits and vegetables before they are sold to the public?,1709,D
1710,"In order to record the passing of a distant comet, which instruments would be the most useful?",1710,D
1711,Which type of rock is formed when hot lava cools?,1711,B
1712,Directions Read the information about wind erosion then answer the question. Wind can cause erosion that changes the surface of the Earth. Wind erosion can have negative effects on the environment by removing soil and polluting the air during dust storms. Walter wanted to find out if faster wind speeds increased the amount of wind erosion. Which instrument should he use to measure wind speed?,1712,B
1713,"Large populations of tortoises inhabited the Galapagos Islands before humans. When humans settled on the islands and introduced goats, the number of tortoise declined. What is most likely the explanation for the decrease in the tortoise population?",1713,D
1714,"When a boy stands in a field in the sunlight, he usually is able to see his",1714,D
1715,"In what way do transit systems, such as buses, benefit society?",1715,B
1716,"According to the endosymbiotic theory, double-membrane mitochondria originated as a result of some larger eukaryotic cells with flexible membranes engulfing smaller prokaryotic cells. Which of these explains where the outer layer of the double membrane of the mitochondria originated?",1716,A
1717,Different species of carnivorous animals that share the same habitat in an ecosystem may,1717,C
1718,Which human body system attacks viruses and bacteria once they have invaded the body?,1718,D
1719,Which of the following is an abiotic factor that can influence the quantity of fish a pond can support?,1719,D
1720,What process forms an image in a mirror?,1720,B
1721,A hillside along a highway has exposed layers of undisturbed sedimentary rock. Which method would be best for scientists to use to determine the relative age of these sedimentary rock layers?,1721,B
1722,Most sedimentary rock is made from sediments of other rock. Which of these processes would the sediments most likely go through to form sedimentary rock?,1722,A
1723,The process by which water vapor in the atmosphere cools and becomes a liquid is called,1723,C
1724,Which adaptive feature most helps a baby jaguar survive the first few weeks of life?,1724,A
1725,Which two activities use most of the water used in an average U.S. household?,1725,D
1726,"Sodium bicarbonate (NaHCO_{3}) is commonly known as baking soda. Sodium bicarbonate is a white solid that can dissolve in water. Under the proper conditions, sodium bicarbonate can release carbon dioxide (CO_{2}) gas. Which of the following is not a physical property of sodium bicarbonate?",1726,D
1727,"Some meteorologists use visual aids such as diagrams, maps, and charts when they present the weather to television viewers. How do different types of visual aids help the viewers understand complex weather phenomena?",1727,B
1728,Which of these features of Earth's crust are caused by the shifting of tectonic plates?,1728,D
1729,"On a small, isolated island, a hurricane destroyed all the trees that produced a large, hard-shelled nut. Which bird population would most likely decrease?",1729,B
1730,Which is a process that converts sunlight energy into a compound that stores chemical energy?,1730,D
1731,"Sodium bicarbonate (NaHCO_{3}) is commonly known as baking soda. Sodium bicarbonate is a white solid that can dissolve in water. Under the proper conditions, sodium bicarbonate can release carbon dioxide (CO_{2}) gas. Which of the following is not a physical property of sodium bicarbonate?",1731,C
1732,Which best describes the role of the esophagus in digestion?,1732,3
1733,Cancer is best described as,1733,2
1734,Felicia investigated whether water color affected how fast the water heated in sunlight. She poured tap water into five beakers and placed food coloring in four out of the five beakers. Felicia then used a thermometer to measure the temperature of the water in each of the beakers. Which of these was used as control in her investigation?,1734,D
1735,A flower produces seeds that fall to the ground and grow into new plants that produce more flowers. The seeds begin to grow by the process of,1735,C
1736,"When animals use energy, what is always produced?",1736,A
1737,Which organ removes cell waste from the blood?,1737,C
1738,"David planted ten corn seeds in sandy soil and ten corn seeds in clay soil. He kept both groups of plants at room temperature, gave them the same amount of water, and placed them all in the same sunny room. Which of the following questions is David most able to answer with his experiment?",1738,D
1739,"A group of students was preparing an activity to determine whether certain materials will float or sink when placed on water. Before the experiment started, one student said, ""I think the sponge will float."" This statement was",1739,D
1740,Life is more likely to be found on a planet whose atmosphere contains abundant,1740,C
1741,A disorder is associated with certain flaws in the human respiratory system. Which is most likely a typical symptom of this disorder?,1741,A
1742,"Over time, non-volcanic mountains can form due to the interaction of plate boundaries. Which interaction is most likely associated with the formation of non-volcanic mountains?",1742,A
1743,Which of the following is the best observation of the refraction of light?,1743,A
1744,Frogs lay eggs that develop into tadpoles and then into adult frogs. This sequence of changes is an example of how living things,1744,3
1745,"In 1609, Galileo Galilei used lenses to construct the first telescope. His telescope allowed him to observe many objects in space. His invention of the telescope and the data he gathered directly contributed to the understanding that",1745,A
1746,"If a chemical reaction such as photosynthesis begins with 6 atoms of carbon [C], how many atoms of carbon [C] should be in the products?",1746,D
1747,"For two organisms to be classified as the same species, they must produce offspring that are",1747,A
1748,The features below are all present on Earth. Which feature could also be found on the Moon?,1748,A
1749,A recent scientific study funded by a medical corporation concluded that its product is not as harmful as consumers have reported. Identify a possible problem with this study.,1749,B
1750,Louis Pasteur discovered that the bacteria in a substance can be killed by heating the substance for a short period of time. Which of these practices benefited most from Pasteur's discovery?,1750,D
1751,An organism's cells include organelles and a cell wall. In which taxonomic group or groups might the organism be classified?,1751,B
1752,"On a cold, cloudy day, the local weather forecaster predicts that a high-pressure system will be moving into the area in the next 24 hours. Which weather conditions will this system most likely bring to the area?",1752,C
1753,An organism's cells include organelles and a cell wall. In which taxonomic group or groups might the organism be classified?,1753,B
1754,"When plants undergo photosynthesis, a reaction produces sugar, oxygen, and water. During respiration, stored energy from the products of photosynthesis is converted to usable energy. In what form is the energy stored prior to use in respiration?",1754,A
1755,Which word best describes the speed of a cart that has a positive velocity and a negative acceleration?,1755,A
1756,Which sequence correctly shows the levels of organization for structure and function in a human?,1756,B
1757,Which of these characteristics best helps scientists classify organisms?,1757,A
1758,"Which method below would be the best way to determine if an egg, plastic foam, a piece of wood, or a candle would float on water?",1758,A
1759,"On a cold, cloudy day, the local weather forecaster predicts that a high-pressure system will be moving into the area in the next 24 hours. Which weather conditions will this system most likely bring to the area?",1759,D
1760,DNA stores the genetic instructions transferred from one generation to the next. What is DNA?,1760,B
1761,"When an octopus feels threatened, it can release black ink into the water. The ink MOST likely helps the octopus",1761,A
1762,One process in the formation of sedimentary rocks is when rocks are,1762,D
1763,Electricity to play your radio can be made using renewable or nonrenewable resources. Which of the following resources are renewable?,1763,C
1764,Which object is the best conductor of electricity?,1764,D
1765,"If a species is no longer able to reproduce, it will",1765,C
1766,Where do many of the basic life functions take place in organisms?,1766,B
1767,DNA molecules contain the genetic information that determines the characteristics of a living organism. How do DNA molecules express the genetic information they contain?,1767,A
1768,Which part of the electromagnetic spectrum can humans sense without using equipment or technology?,1768,D
1769,What causes the most soil and rock erosion?,1769,C
1770,"Sodium chloride, commonly called ""table salt,"" is made up of sodium and chlorine that have been combined chemically. Which term best describes sodium chloride?",1770,A
1771,Which organ is part of the respiratory system?,1771,D
1772,Which of these is a function of a leaf?,1772,C
1773,Which of these provide the best evidence that life could develop on Mars?,1773,C
1774,A particular organism is able to survive in an environment due to a thick layer of fat beneath its skin. In which situation would the layer of fat most likely be a survival advantage?,1774,A
1775,"When a hammer strikes a nail, the nail",1775,D
1776,Which of the following identifies the primary function of a radio station tower in a communication system?,1776,C
1777,Which of the following can provide the human body with long-term immunity against some diseases?,1777,D
1778,A class is testing the effect of exercise on heart rate. The heart rate of two students before exercise is compared to their heart rate after running around a track. Which procedure will most likely help the class correctly compare the results of the two students?,1778,A
1779,Which of these groups animals are ALL mammals?,1779,D
1780,A worker needs to load a heavy box onto a truck. The worker uses a ramp to move the box because the ramp,1780,C
1781,A push or a pull on an object is an example of,1781,C
1782,Which of the following events involves a consumer and producer in a food chain?,1782,C
1783,A scientist reads about an experiment conducted by a researcher.The scientist conducts the same experiment and collects data but this data contradicts what was published by the researcher. What should the scientist do since the data from the two experiments is contradictory?,1783,B
1784,The Sun appears larger than other stars because of its,1784,D
1785,Which three systems of the human body function together to move and control body parts?,1785,D
1786,Grooves running down the sides of a riverbank are most likely caused by,1786,D
1787,Condensation in the water cycle can best be described as the result of water vapor,1787,A
1788,A student measured the volume of water in a pan. The student boiled the water for thirty minutes and then measured the volume of the water again. The volume of water most likely,1788,A
1789,"A plant produces tiny plants around the edges of its leaves. When these tiny plants fall to the ground, they take root and become new plants. This process is an example of",1789,B
1790,A girl with long hair is going to be participating in an experiment that uses an alcohol burner for an energy source. What is the best thing for her to do to prepare for this experiment?,1790,D
1791,What event happens in a daily cycle?,1791,A
1792,Which system of the human body provides protection to most of the major organs?,1792,B
1793,Which is the best tool to measure the angles of a triangular object?,1793,B
1794,Which is a unit of measure for length?,1794,C
1795,The burning of fossil fuels has added pollutants that contain sulfur atoms to the air. These pollutants have contributed to which of the following?,1795,B
1796,"Sandy and Keith plan to move a 6-kilogram block. If they wanted to calculate the mechanical energy required to move the block, what units would they use to report their answer?",1796,A
1797,Which two processes could result in the formation of high mountains with well-rounded peaks?,1797,A
1798,The following statements are from an article in a fitness magazine. Which of these is an opinion?,1798,A
1799,The production of sweat is typically a response to an increase in the body's,1799,B
1800,A pencil falls off of a desk. What moves the pencil toward the floor?,1800,B
1801,Which processes change magma into igneous rock?,1801,D
1802,What is the repeating monomer of a DNA molecule?,1802,D
1803,Where do plants get energy from to make food?,1803,A
1804,A robin catches and eats a cricket. Which statement best describes the roles of each animal?,1804,B
1805,"After mining removes layers of rock from a hillside, new plants begin to grow in the cracks of the bare rock. The plants beginning to grow are an example of which natural process?",1805,B
1806,Baby chicks peck their way out of their shells when they hatch. This activity is an example of which of the following types of behavior?,1806,D
1807,A student provides the following directions for brushing teeth: • Turn on the water. • Fill the glass with water and leave the water running. • Put toothpaste on the toothbrush. • Brush for two minutes. • Rinse mouth with the water from the glass. • Rinse the toothbrush with the running water. • Turn off the water. Which change in these directions would conserve the most water?,1807,B
1808,Frogs and salamanders compete with each other for insects. Both frogs and salamanders catch flying insects with their tongues. Which feature would most likely help both animals compete for flying insects?,1808,D
1809,How hot is it on the surface of the Sun?,1809,C
1810,Which is the most basic unit of living things?,1810,A
1811,"Water that is used to cool nuclear power plants can be released into water bodies, causing an area called a thermal plume. A thermal plume can be 12-18°C warmer than surrounding waters. Although some fish may be attracted to the warmer water, other organisms may not be able to survive. Government officials order a study to determine the effects of a thermal plume in a water body near a nuclear power plant in North Carolina. Which factor most related to temperature should the study focus on in order to determine whether the thermal plume is damaging the health of the water system?",1811,B
1812,"In Maryland, most bears have thick, dark fur. Which statement best explains how dark fur helps bears survive in the forests of Maryland?",1812,C
1813,"A population of small, plant-eating beetles lives in a forest. About half of the beetles are light brown and the others are dark green. If years of drought cause the area to become dry with few trees, what would the beetle population most likely look like after several generations?",1813,B
1814,Which is the best plan to make the fossil fuel supply last longer?,1814,D
1815,What most likely happens to soil when crops are not rotated from year to year?,1815,C
1816,In which example could a thermometer be used to show that heat energy is being transferred?,1816,1
1817,What is necessary to use on a telescope in order to photograph solar flares and solar prominences?,1817,C
1818,Natural selection cannot occur without,1818,B
1819,"When two bumper cars collide, some of the kinetic energy of the cars is transformed. Which form of energy is most likely formed as a result of this collision?",1819,D
1820,Which element is most likely to form an ion with a negative 2 charge?,1820,D
1821,The most common way humans contribute to the extinction of organisms is by,1821,A
1822,In which environment is white fur color an advantage for survival?,1822,A
1823,Which items would best protect a group of students while investigating a forest ecosystem?,1823,D
1824,A seed of a plant sticks to the fur of an animal as it walks by. How has the animal most likely helped the plant?,1824,C
1825,Different systems of the human body perform different functions. Which system takes oxygen from the air to be moved by the circulatory system?,1825,B
1826,"Stretching is considered an important step before engaging in sports. In an investigation to see whether stretching before physical exertion reduces sports injuries, who would the control group most likely be?",1826,D
1827,Which model is used by scientists to determine the properties of elements?,1827,B
1828,"Some animals, such as squirrels, may bury acorns. Which of the following is most likely to happen to the acorns after they have been buried?",1828,D
1829,Which is a source of sound?,1829,D
1830,Which will most likely happen to a solid substance that is heated?,1830,C
1831,"A student conducts an investigation using mold spores. In one part of the investigation, he needs to closely examine a spore sample. Which piece of equipment does the student need to use to keep mold spores from entering his respiratory system?",1831,C
1832,Which statement about all living organisms is true?,1832,A
1833,Which describes a specific characteristic necessary for survival in the desert?,1833,A
1834,Certain flowers will open for twelve hours and then close. Which stimulus do the flowers respond to when they open and then when they close for that time period?,1834,B
1835,What happens when water flows over a rock for a long period of time?,1835,B
1836,The fusion reaction that fuels the Sun converts hydrogen into,1836,A
1837,Which resource provides the minerals plants need to grow?,1837,D
1838,Which part of the body carries out the function of copying DNA?,1838,D
1839,Which of the following is visible through a reflecting telescope?,1839,A
1840,"To compare the hardness of different minerals, it would be BEST to find",1840,C
1841,Which tool is most responsible for preventing future pandemics of smallpox?,1841,D
1842,Selective breeding has resulted in plants that are resistant to pests and produce a higher yield of fruits and vegetables. Which of these is the most likely disadvantage that can result from this process?,1842,B
1843,Which is a major organ of the nervous system?,1843,A
1844,More sulfur dioxide is being added to the atmosphere. How will this most likely affect the hydrosphere?,1844,C
1845,"When a tree suffers from a decreased ability to transport materials within the phloem, what is directly impacted?",1845,B
1846,Which of these is a freshwater reservoir?,1846,B
1847,Fossil fuels were formed from,1847,D
1848,Which phase change in the atmosphere forms clouds?,1848,C
1849,Which is a reason for Arkansas having multiple seasons?,1849,D
1850,Which action forms a different chemical substance?,1850,C
1851,Pollen is necessary for a flowering plant to,1851,A
1852,DNA molecules contain the genetic information that determines the characteristics of a living organism. How do DNA molecules express the genetic information they contain?,1852,D
1853,"When a soccer player kicks a ball, which two systems work directly with the muscular system?",1853,C
1854,Astronomers have determined the surface temperature of stars by studying their colors. What color emission represents stars with the hottest temperatures?,1854,B
1855,The water in a pond gets colder one night. Which tool is best to observe its temperature change?,1855,C
1856,Corals are animals that live in tropical oceans. Fossils of corals are found in Ohio. What does the presence of coral fossils suggest about how the environment of Ohio has changed over time?,1856,A
1857,The starch and water molecules in potato cells are stored in what organelle?,1857,A
1858,Pollen is necessary for a flowering plant to,1858,C
1859,"A small, fast-moving river in is in a V-shaped valley on the slope of a mountain. If you follow the river to where it passes through a plain, what will the river most likely look like compared with how it looked on the mountain?",1859,D
1860,Different systems of the human body perform different functions. Which system takes oxygen from the air to be moved by the circulatory system?,1860,B
1861,Which part of a plant is most responsible for using energy from the Sun to produce food for the plant?,1861,D
1862,Natural processes shape the surface of Earth. Most canyons are formed by ___.,1862,D
1863,A rock has most likely traveled a long distance from its place of origin if it is,1863,B
1864,"When buried sediments are subjected to pressure, the mineral grains are squeezed together. What is the result of this action?",1864,2
1865,What are the names of the products in the chemical equation shown below? HCl + NaHCO_{3} -> NaCl + CO_{2} + H_{2}O,1865,D
1866,How does repeating an experiment improve the likelihood of obtaining accurate results?,1866,B
1867,Which change in the state of water particles causes the particles to become arranged in a fixed position?,1867,C
1868,"Intense heat and pressure in Earth's crust can change sandstone into quartzite. During this metamorphosis, many properties of these rocks change. Which property of these rocks will most likely remain the same?",1868,B
1869,The range of all forms of radiant energy is called the,1869,B
1870,Which of the following helps keep the Moon in its orbit?,1870,C
1871,The populations of black rhinoceroses have been impacted by human interactions to the point of being endangered. Which interaction best explains why the black rhino is now endangered?,1871,C
1872,Which characteristic of a volvox colony makes it more like a multicellular organism than a simple cluster of unicellular organisms?,1872,D
1873,A solar cell turns sunlight into another form of energy. A solar cell is most like what natural structure?,1873,C
1874,Visible light is which type of wave?,1874,B
1875,To which group does an animal belong if it lays eggs and has scales and gills?,1875,D
1876,A common characteristic of all living things is that they,1876,A
1877,Which cell part is correctly paired with its function?,1877,A
1878,The process by which water vapor in the atmosphere cools and becomes a liquid is called,1878,3
1879,A student combined rice cereal with melted marshmallows. Which best describes what the student made?,1879,D
1880,Which term identifies a single unit of hereditary information?,1880,B
1881,The invention of the telescope allowed which of the following to take place?,1881,C
1882,Scientists estimate that Maryland contains more than 850 million tons of coal. Coal is most commonly used to produce ___.,1882,D
1883,"When bedrock in Massachusetts is examined, it often appears scraped and polished. Which of the following most likely caused the bedrock to appear scraped and polished?",1883,B
1884,What do producers need to make food?,1884,B
1885,The magnitude of the gravitational force between two planets depends on the,1885,A
1886,The Himalayan Mountain chain is the youngest and tallest mountain chain on Earth. Which phenomenon contributed most to this area of continental buildup?,1886,C
1887,"The exotic plant Melaleuca, or Australian Pine, has increased the intensity of fires across the Everglades. The amount of fuel available for fires has increased due to the presence of the Melaleuca. The Melaleuca releases massive numbers of seeds in response to fire, drought, and herbicide damage. Which best describes the reason the Melaleuca has been able to survive?",1887,C
1888,Which of the following is one reason that quartz is classified as a mineral?,1888,B
1889,Which item is used for protection from chemical splashing?,1889,A
1890,"A population of small, plant-eating beetles lives in a forest. About half of the beetles are light brown and the others are dark green. If years of drought cause the area to become dry with few trees, what would the beetle population most likely look like after several generations?",1890,C
1891,The human body gets the energy it needs for growth and repair directly from,1891,D
1892,What motion causes day and night?,1892,B
1893,What happens when oil and water are mixed?,1893,B
1894,A marble is dropped in a glass of water. Which force pulls the marble to the bottom of the glass?,1894,D
1895,Which of the following is a characteristic of all chemical changes?,1895,D
1896,Which best describes a proton?,1896,A
1897,The magnitude of the gravitational force between two planets depends on the,1897,A
1898,Why do planets stay in orbit around the Sun?,1898,A
1899,Scientists dig in a dry area at the bottom of a mountain range. Fossilized shells of freshwater mussels are found in the area. Which is a likely conclusion that scientists will draw based on this evidence?,1899,A
1900,The formation of coal deposits occurred over millions of years. Which feature was most responsible for these deposits?,1900,C
1901,Most of the concentration of which gas results from the activity of producer organisms?,1901,A
1902,What is one factor that contributes to seasons occurring in New York State?,1902,B
1903,The magnitude of the gravitational force between two planets depends on the,1903,A
1904,A large quantity of heavy rain falling in a short time period will most likely,1904,C
1905,Which is the greatest impact humans have had on the carbon cycle?,1905,C
1906,What will be the most likely result for some species of animals with the continued burning of rain forests in Africa?,1906,C
1907,"Farmers in the 1800s used axes to clear trees from farmland. Now, farmers use chainsaws to clear the trees. How do chainsaws most likely help farmers?",1907,A
1908,"A drain cleaner consists of sodium hydroxide and aluminum. When the drain cleaner is added to water, bubbles of hydrogen are produced, and the solution becomes very hot. Which of these best describes what happens to form the bubbles when the cleaner is added to water? F",1908,C
1909,"While studying the relationship between number of trees and amount of atmospheric oxygen, which of the following would be most important to take into account?",1909,A
1910,Scientists can identify an element by looking at the structure of a single,1910,B
1911,Investigations were performed to test several methods of keeping petals from falling off flowers that had been cut. Which is the most likely reason for this investigation?,1911,D
1912,Which of these properties of water helps moderate the weather of coastal areas?,1912,A
1913,Some materials are electrical conductors. Which material best conducts electricity?,1913,B
1914,A root emerges from a seed because of the force of,1914,B
1915,Why is some food dehydrated for astronauts to eat in space?,1915,B
1916,"Deer live in forest for shelter. If the forest was cut down, which situation would most likely happen?",1916,D
1917,A large rock breaks into small pieces within 10 years. Which process is most likely responsible for breaking the large rock into small pieces within 10 years?,1917,C
1918,How do producers get energy?,1918,D
1919,Which of these is the best definition of heredity?,1919,A
1920,"While running, leg muscles work to move leg bones, and the skin helps to",1920,B
1921,A student wants to cut a piece of string for a class activity. The length of the string is measured BEST in which units?,1921,A
1922,Which most accurately describes a circle (pie) graph?,1922,B
1923,Which cell can survive without the help of other cells?,1923,1
1924,Which term identifies a single unit of hereditary information?,1924,C
1925,Which of these tectonic plate boundaries is most likely to form a volcano?,1925,B
1926,Which of the following describes an object that must have a net negative charge?,1926,B
1927,Reptiles become more active as the day gets warmer. This is because,1927,A
1928,Automobile engines built today are designed to be gas efficient. Gas-efficient engines most likely affect a city by reducing,1928,C
1929,Solar radiation has a part in the water cycle by,1929,D
1930,An astronomical unit (AU) refers to the distance between,1930,A
1931,Which of the following tools is most useful for tightening a small mechanical fastener?,1931,D
1932,"Water that is used to cool nuclear power plants can be released into water bodies, causing an area called a thermal plume. A thermal plume can be 12-18°C warmer than surrounding waters. Although some fish may be attracted to the warmer water, other organisms may not be able to survive. Government officials order a study to determine the effects of a thermal plume in a water body near a nuclear power plant in North Carolina. Which factor most related to temperature should the study focus on in order to determine whether the thermal plume is damaging the health of the water system?",1932,D
1933,"Paleontologists often find and study the remains of ancient plants and animals. When the remains of ancient plants and animals are covered by layers of sediment over time, the remains",1933,B
1934,Which effect do rapidly cooling temperatures have on the water cycle?,1934,B
1935,All organisms contain DNA and RNA. What are the subunits of DNA and RNA?,1935,D
1936,Which types of objects are most easily seen by the human eye?,1936,A
1937,The atomic mass of an atom is,1937,C
1938,Decomposers are organisms that obtain their food from dead organisms. Which of these would be classified as decomposers?,1938,4
1939,"Alicia gives her brother a push while he is seated on a swing. She finds that after a few seconds, she needs to push again to keep him going. The reason her brother slows down is because the mechanical energy is converted into",1939,B
1940,Which of these is directly formed as a result of weathering and erosion?,1940,C
1941,Which term identifies a single unit of hereditary information?,1941,B
1942,"In New York State, an observer will usually see the Sun rise in the",1942,A
1943,Which of these converts electrical energy to light energy?,1943,C
1944,Which stage in the reptile life cycle is most like the birth of a lion cub?,1944,D
1945,Which of the following can only be seen with a telescope?,1945,A
1946,A scientist studies the remains of two extinct animals to learn more about how they lived. She determines that one animal was a carnivore and the other was an herbivore. Which of the following did the scientist most likely compare to make this conclusion?,1946,A
1947,Earth rotates on its north-south axis. Which statement best describes one complete rotation?,1947,4
1948,Which of these elements is found in the greatest amount in organisms?,1948,D
1949,One cause of heat in a car engine is caused by friction between parts. Which of these reduces the amount of heat produced by friction?,1949,C
1950,An earthquake in the Earth's crust under the ocean releases sound waves. Which statement accurately describes how the sound waves spread?,1950,B
1951,"A student conducts an experiment using a common but potentially harmful bacteria culture. After working with the bacteria, which is the most important safety practice to follow?",1951,C
1952,Which term describes an organism's ability to maintain a stable internal environment?,1952,C
1953,Which characteristic of a cell membrane allows it to control materials entering and leaving a cell?,1953,D
1954,Extinction of a species is most likely to occur as a result of,1954,C
1955,"A calculation based on the chemical energy of gasoline shows that a car should be able to go 100 miles on a gallon of fuel. When the car was driven on a test track, the car only went 25 miles on a gallon of fuel. What accounts for most of the difference?",1955,B
1956,Claudia's teacher places a photograph of an organism on the board. He asks Claudia to determine if the organism is a plant or an animal. The answer to which question will best help Claudia determine if the organism is a plant or an animal?,1956,C
1957,"Minerals can be identified using hardness, streak, and cleavage because",1957,A
1958,Where is most of Earth's water located?,1958,B
1959,"A hydrologist studies the location, movement, and quality of water. A hydrologist recognizes the importance that water exists as ___.",1959,A
1960,Why is protein an important part of a healthy diet?,1960,C
1961,"At room temperature, what state of matter is copper?",1961,D
1962,What will be the most likely result for some species of animals with the continued burning of rain forests in Africa?,1962,D
1963,Conjugation in a paramecium differs from sexual reproduction in volvox because conjugation,1963,3
1964,Which of the following can only be seen with a telescope?,1964,A
1965,An astronomical unit (AU) refers to the distance between,1965,1
1966,Which human body system produces the hormones that regulate growth?,1966,A
1967,Burt used a spoon to stir soup that was cooking on his stove. Which spoon will stay the coolest while he stirs?,1967,C
1968,What causes the most soil and rock erosion?,1968,A
1969,Nicole was studying different ecosystems. She compared the number of plants living in a forest to those in a desert. Which factor best explains why more plants may survive in a forest?,1969,B
1970,"In a large forest with many animals, there are only a small number of bears. Which of these most likely limits the population of bears in the forest?",1970,D
1971,A patient visits the doctor for a checkup and is diagnosed with skin cancer. Which of the following is the most likely cause of this disease?,1971,D
1972,"If an environment becomes warmer and drier, the change that would most likely help a species adapt would be an increase in its",1972,A
1973,"While studying the relationship between number of trees and amount of atmospheric oxygen, which of the following would be most important to take into account?",1973,D
1974,The following statements are from an article in a fitness magazine. Which of these is an opinion?,1974,A
1975,"Rich beds of marine fossils have been found in Florida. By dating these fossils, scientists can best determine",1975,4
1976,"When a hammer strikes a nail, the nail",1976,A
1977,Which two body systems are directly involved in movement?,1977,B
1978,"When animals use energy, they produce",1978,D
1979,"In Maryland, most bears have thick, dark fur. Which statement best explains how dark fur helps bears survive in the forests of Maryland?",1979,D
1980,What is the highest temperature that water can reach in a pot on a stove?,1980,C
1981,Which of the following helps keep the Moon in its orbit?,1981,B
1982,"Students are investigating which type of fruit attracts the most fruit flies. Equally sized pieces of ripe apple, peach, and banana are placed in separate containers. The containers allow fruit flies to enter, but the fruit flies are unable to escape. The containers are placed outside on a picnic table for two days. The most reliable method for collecting data is to count the number of fruit flies",1982,D
1983,"In pea plants, tall is dominant over short. What size pea plants will result when a pure tall plant is crossed with a pure short plant?",1983,1
1984,Life is more likely to be found on a planet whose atmosphere contains abundant,1984,B
1985,The floating arrow on a compass always points towards the,1985,1
1986,Eye color in human beings is an,1986,B
1987,Which human organ system exchanges gases with the environment?,1987,B
1988,"A car has a small gasoline engine combined with a battery-powered electric motor. When the car stops at a red light, the gasoline engine stops running and the electric motor begins working. How does this type of car most likely benefit people?",1988,2
1989,Which of the following statements best explains why earthquakes occur more frequently in California than in Massachusetts?,1989,D
1990,"Because sulfur cannot be decomposed by simple chemical methods into two or more different substances, it is classified as",1990,C
1991,A shiny aluminum screen can be placed on the windshield of a parked car. This screen helps to keep the car cool because it,1991,D
1992,What is the MAJOR role of the Sun in the water cycle?,1992,D
1993,Deer provide food for wolves. How does this relationship also benefit the deer herd?,1993,A
1994,Which BEST explains why green marine algae are most often restricted to the top 100 meters of the ocean?,1994,A
1995,Which process initiates the passage of half of a parent's DNA to offspring?,1995,A
1996,A shoe manufacturer randomly selects 10% of the production from each shift. Each of these shoes is checked to ensure that it is correctly made. What is this process called?,1996,C
1997,All rocks are composed of,1997,C
1998,Why can a small fire be put out by placing a heavy blanket over it?,1998,C
1999,Students perform an investigation designed to measure the daily growth of a bean plant. Which should the students do every day of this investigation?,1999,B
2000,Sand and iron particles that are similar in size and color are mixed together in a beaker. What would be the best method of separating the particles?,2000,D
2001,Scientists dig in a dry area at the bottom of a mountain range. Fossilized shells of freshwater mussels are found in the area. Which is a likely conclusion that scientists will draw based on this evidence?,2001,A
2002,"In the 17th century, Gregor Mendel crossed pea plants with different traits and observed the results in their offspring. To which of these did Mendel contribute most directly with his work?",2002,B
2003,Repeated exposure to extremely loud sounds can reduce hearing ability by direct damage to which structures?,2003,1
2004,"When sunlight shines on a plant, its leaves",2004,C
2005,The measure of the amount of light received on Earth from a star is known as,2005,A
2006,How are animals that prey on other animals classified?,2006,C
2007,What is the smallest particle of the element gold (Au) that can still be classified as gold?,2007,B
2008,"Before rock can become soil, it must undergo certain processes. One process in the formation of soil involves plants. How can plants chemically change rocks into soil?",2008,A
2009,Turning off the light when leaving a room is an example of,2009,A
2010,Which item is designed to change electrical energy into heat energy?,2010,C
2011,"In the process of photosynthesis, sunlight is converted into",2011,A
2012,"In pea plants, tall is dominant over short. What size pea plants will result when a pure tall plant is crossed with a pure short plant?",2012,C
2013,"Each organ in the digestive system has a specific function. During digestion, food passes from the stomach into the small intestine. Which statement best describes what takes place in the small intestine?",2013,C
2014,Some birds build nests in the spring. This nest building is a seasonal adaptation that occurs to help the birds,2014,D
2015,"A 10 g sample of aluminum and a 10 g sample of iron were each heated by 100 joules of energy. The temperature of the aluminum sample rose 11°C, while the temperature of the iron sample increased 23°C. Which statement best accounts for these results?",2015,D
2016,A dog opens its mouth and lets its tongue hang out. A human's body produces sweat. These are two ways that organisms may adjust to,2016,D
2017,"In the human body, the breaking down of food into simple substances occurs in the",2017,B
2018,All the ponds in an area dried up during a drought. The population of which of the following animals that live in the area is most affected by the drought?,2018,3
2019,What is the role of decomposers in a food chain?,2019,A
2020,A root emerges from a seed because of the force of,2020,B
2021,Ninety-nine percent of the mass of an atom is located in,2021,C
2022,"When a person sees something, what carries the message from the eyes to the brain?",2022,D
2023,"For many years, people have been curious about the stars. In the past, people have shared what they knew about the stars through stories and drawings. Which pair of tools would be most helpful for people today to gather and share information about stars?",2023,B
2024,A flower produces seeds that fall to the ground and grow into new plants that produce more flowers. The seeds begin to grow by the process of,2024,D
2025,"If left in the sunshine, water in an open jar will",2025,C
2026,Meiosis contributes to the process of reproduction by producing what type of cell?,2026,B
2027,A drinking water reservoir for a small town develops a blue-green algae bloom. The town hires a company to eliminate the problem. Which of the following should the company investigate first as a likely source of the problem?,2027,B
2028,Some areas of the world are experiencing more desert-like conditions. This change most favors survival of species with the ability to do which of the following?,2028,A
2029,Which SI unit would be most appropriate for recording the length of a typical classroom?,2029,3
2030,Which statement explains what will most likely happen to the hydrosphere in an area where air temperatures increase?,2030,A
2031,What is true of mutualistic relationships among organisms?,2031,A
2032,Students planned an investigation that included adding a quantity of vinegar to a small amount of baking soda. Which is the best tool to measure the volume of the liquid vinegar used in the investigation?,2032,D
2033,Which method could be used to separate a solution of table salt and water?,2033,C
2034,Traits are transferred from generation to generation through the,2034,B
2035,Overuse of soil for farming causes local disruptions of several Earth subsystems. Which of these is a part of the biogeochemical cycle that experiences the most severe local disruption?,2035,D
2036,"If its food supply in a field decreases, the mouse population in that field will probably",2036,D
2037,Which will most likely happen to a solid substance that is heated?,2037,A
2038,Which would most likely be the characteristic of an object with a small volume and large mass?,2038,3
2039,How are droughts always different from floods?,2039,C
2040,Pepsin is an enzyme that acts in the stomach for protein digestion. Which of these is most likely the main role of pepsin in this metabolic reaction?,2040,A
2041,A city has an outbreak of a disease that affects an unusually large portion of its population at the same time. Which term best describes the outbreak?,2041,1
2042,"Oil, coal, and natural gas are fossil fuels formed under what conditions?",2042,C
2043,A powder made up of both white specks and black specks is likely to be,2043,D
2044,The energy required to lift an object is supplied by ATP derived from the breakdown of molecules of,2044,D
2045,Joanne wants to investigate factors that affect different patterns of the flight of bees. Which step in the scientific method must she follow before forming a hypothesis?,2045,D
2046,Natural processes cause rapid and slow changes to Earth's surface. Which event causes changes to Earth's surface most rapidly?,2046,C
2047,Changes to abiotic factors in an environment can impact biotic factors. Which statement is the BEST example of this situation?,2047,A
2048,Paula determines a property of a marble using a balance and a graduated cylinder. What property is Paula most likely determining by using both tools?,2048,B
2049,There is a river at the base of Mount Tom. In the spring the water level is usually very high. In the summer it is lower. The higher level of water during the spring comes from,2049,C
2050,What energy transformation occurs when an electric lamp is turned on?,2050,C
2051,Which two processes could result in the formation of high mountains with well-rounded peaks?,2051,A
2052,Which characteristic would best help a land animal survive in a cold Arctic climate?,2052,D
2053,Which event would most likely cause a rapid extinction of organisms?,2053,D
2054,Which organisms benefit in the relationship between bees and flowering plants?,2054,B
2055,Which of the following allows a cell to become specialized?,2055,B
2056,Which process drives most of the ATP synthesis in a chloroplast?,2056,B
2057,"When electric current flows through the metal filament of a light bulb, electrical energy is converted to",2057,B
2058,Which of the following animal features most helps the animal move around in its habitat?,2058,A
2059,Different species of carnivorous animals that share the same habitat in an ecosystem may,2059,A
2060,There are MORE hours of sunlight in the Northern Hemisphere during which season?,2060,B
2061,"When igneous rock is changed into metamorphic rock, which form of energy is this process?",2061,B
2062,A team of surveyors takes measurements of ground altitude at horizontal intervals of 1 meter over a 400 square meter area. These measurements can best be used to produce which representation of the area?,2062,B
2063,Which of the following is most likely to make a rock crack and crumble?,2063,C
2064,Paco throws a ball. What force pulls the ball down toward the ground?,2064,D
2065,"A group of students was preparing an activity to determine whether certain materials will float or sink when placed on water. Before the experiment started, one student said, ""I think the sponge will float."" This statement was",2065,A
2066,Which of the following best describes a mineral?,2066,A
2067,All of the inherited traits that are passed to offspring during asexual reproduction come from a single,2067,B
2068,"When two objects are touching, heat is transferred from the warmer object to the cooler one by",2068,D
2069,During a lab investigation a scientist heats a solid substance. The scientist observes that the solid has two different melting points. The scientist is able to separate the two resulting liquids. Which statement best classifies the original solid substance?,2069,D
2070,A student combined rice cereal with melted marshmallows. Which best describes what the student made?,2070,A
2071,What type of energy travels through the body of a microscope that allows the specimen to be seen by a student?,2071,C
2072,"If a student gets a chemical splashed into an eye, what is the most appropriate first action to be taken?",2072,D
2073,Alex looked at an electric toothbrush that had a plug with three metal prongs. Why are these prongs made out of metal?,2073,C
2074,Which statement describes the location of our Sun in the universe?,2074,D
2075,"According to the endosymbiotic theory, double-membrane mitochondria originated as a result of some larger eukaryotic cells with flexible membranes engulfing smaller prokaryotic cells. Which of these explains where the outer layer of the double membrane of the mitochondria originated?",2075,D
2076,Which of these describes a property of all matter?,2076,D
2077,"Plants have special tissues that transport food, water, and minerals throughout the plant. What are these tissues similar to in animals?",2077,B
2078,Which of the following is the best observation of the refraction of light?,2078,A
2079,A group of scientists predicts that Earth's oceans will be able to take up more carbon dioxide as atmospheric carbon dioxide levels increase and the atmosphere warms. Which of these statements about the solubility of gases in ocean water would lead you to question this prediction?,2079,A
2080,A loaf of bread is baking in a pan in a 350° F oven. What would cause a burn to a hand the quickest because of its low specific heat?,2080,D
2081,The chemical reaction of ethane and oxygen produces carbon dioxide and water. Which is the best form to identify reactants and products of the reaction?,2081,A
2082,Owen tested a physical property of a mineral. He rubbed a mineral sample on a piece of white tile. The mineral left a red mark on the tile. Which of the following physical properties of the mineral was Owen most likely testing?,2082,C
2083,Which two objects produce their own light?,2083,D
2084,"A rainforest area is experiencing a severe drought. As a consequence, the insect population has decreased. What will the insect-eating birds most likely do as a result of the drought?",2084,A
2085,"How do traits of animals such as ear shape, nose shape, and hair color most often get passed to offspring?",2085,D
2086,What two gases make up most of the Earth's atmosphere?,2086,D
2087,Where are proteins synthesized?,2087,B
2088,Endothermic reactions are reactions that require more energy to start than they give off in the products. Which statement describes an endothermic reaction?,2088,1
2089,Which of the following is a crucial piece of evidence supporting scientists' theory of how the continents and the ocean basins formed?,2089,D
2090,Which is a source of sound?,2090,D
2091,What is the main source of energy that drives all weather patterns?,2091,D
2092,"A student put 200 milliliters (mL) of water into a pot, sets the pot on a burner, and heats the water to boil. When the pot is taken off the burner, it contains only 180 milliliters (mL) of water. What happened to the rest of the water?",2092,A
2093,"The brain, spinal cord, and nerves are organs that perform which primary function?",2093,C
2094,Which sense can be used to determine an object's ability to reflect light?,2094,A
2095,A teacher demonstrates a chemical reaction. A student observes that the test tube in which the reaction occurs becomes warm. What is the source of the thermal energy generated by the reaction?,2095,C
2096,Which best explains why a person infected with bacteria may have a fever?,2096,B
2097,Freda always hangs her wet swimsuit outdoors after getting out of the swimming pool. Which of the following is least likely to affect the rate at which Freda's swimsuit dries?,2097,C
2098,"If a neutral atom loses an electron, what is formed?",2098,C
2099,What do plants take from the air that helps them make food?,2099,D
2100,Which is the most likely reason why scientific theories change?,2100,C
2101,A student wants to look under a heavy rock. Which simple machine would be BEST to use to lift the rock?,2101,C
2102,Which occurs as a result of Earth's tilt on its rotating axis?,2102,D
2103,A student measures the growth of a group of plants given different amounts of fertilizer. Which data display should the student use to compare the growth of the plants?,2103,B
2104,Selective breeding has resulted in plants that are resistant to pests and produce a higher yield of fruits and vegetables. Which of these is the most likely disadvantage that can result from this process?,2104,B
2105,Most sedimentary rock is made from sediments of other rock. Which of these processes would the sediments most likely go through to form sedimentary rock?,2105,1
2106,"Studies of snail fossils in Egypt indicate that areas of Egypt that are now desert were once thriving savannahs approximately 130,000 years ago. What does the presence of these fossils indicate about the area of Egypt that was thriving 130,000 years ago?",2106,D
2107,"An elephant is a multicellular organism that weighs about 200 pounds at birth and can grow to weigh as much as 15,000 pounds. What increases as the elephant grows into an adult?",2107,D
2108,"A student had a cup of ice while working outside. After a while, the ice melted because the Sun emits energy in the form of light and",2108,A
2109,"A 10 g sample of aluminum and a 10 g sample of iron were each heated by 100 joules of energy. The temperature of the aluminum sample rose 11°C, while the temperature of the iron sample increased 23°C. Which statement best accounts for these results?",2109,A
2110,Snapping a rubber band most likely produces which type of energy?,2110,D
2111,The atomic mass of an atom is,2111,A
2112,The transfer of thermal energy from one object to another is known as,2112,D
2113,"The students were told that the net applied force from the engine was the same for each vehicle tested. Based on this information, which vehicle had the greatest acceleration (a = F/m)?",2113,4
2114,A student learns that one year on Mercury is about 88 Earth days. This means it takes 88 Earth days for Mercury to,2114,A
2115,"Students are learning about the natural resources in Maryland. One group of students researches information about renewable natural resources in the state. The other group researches information about nonrenewable natural resources in the state. The resources the students investigate include plants, animals, soil, minerals, water, coal, and oil. Which nonrenewable natural resource heats homes?",2115,B
2116,A mixture of powdered iron and sulfur is heated. What will be formed?,2116,A
2117,Water is often put through a treatment system before it is used in homes as drinking water. Which is the most likely reason water is treated before people drink it?,2117,B
2118,What will be the most likely result for some species of animals with the continued burning of rain forests in Africa?,2118,D
2119,Changes to Earth's surface can happen slowly or quickly. Which of these changes happens the most quickly?,2119,D
2120,What is the primary source of energy for organisms from a beach ecosystem?,2120,C
2121,"Jenny measures the outside temperature as 16 degrees Celsius (°C), 61 degrees Fahrenheit (°F). She observes precipitation falling from the clouds in a solid form. What type of precipitation is Jenny most likely observing?",2121,A
2122,Malaria is a common disease in many countries. What is the cause of this disease?,2122,A
2123,Turning off the light when leaving a room is an example of,2123,B
2124,Which atmospheric phenomena are created by the interaction of charged particles with Earth's magnetosphere?,2124,A
2125,A wet towel will dry when it is left in the Sun. Which process occurs to make this happen?,2125,A
2126,A child walks across a carpet and generates an electrical charge. The child will get a slight shock by touching a,2126,C
2127,"During an ice age, enormous ice sheets called glaciers increase in size on Earth's surface, resulting in decreased ocean depths. Due to global cooling, the water cycle is disrupted between which two stages to cause an increase in glacier size?",2127,D
2128,One process in the formation of sedimentary rocks is when rocks are,2128,C
2129,Which of the following allows a cell to become specialized?,2129,D
2130,The functions of a plant's roots are to support the plant and,2130,C
2131,Which two factors determine the gravitational attraction between two objects?,2131,D
2132,What safety rule is most important for students to follow when working with acids and bases?,2132,C
2133,How do most fish get the oxygen they need to survive?,2133,B
2134,Which action illustrates a chemical change?,2134,D
2135,The number of fish in a lake suddenly increases. How will the increase most likely affect the lake?,2135,A
2136,Which provides the oldest evidence for oxygen accumulation in Earth's atmosphere?,2136,A
2137,John has diabetes. Which of the following should he be careful about eating or drinking?,2137,A
2138,During which process does a caterpillar become a butterfly?,2138,D
2139,A student is measuring a liquid in a graduated cylinder. The student is not tall enough to read the measurement at eye level. Which of these is the best action for the student to take to read the measurement correctly?,2139,B
2140,Many cells have a nucleus that contains chromosomes. These chromosomes carry genes that are composed of,2140,D
2141,How do most fish get the oxygen they need to survive?,2141,D
2142,"When nitrogen-rich runoff from farms enters a nearby farm, it causes abundant growth of algal mat on the pond surface. As a result, underwater plants in the pond begin to die. Identify the limiting factor that is most responsible for causing the underwater plants to die.",2142,D
2143,"In humans, a trait can be determined by one pair or many pairs of",2143,C
2144,Which mechanism helps carbon to cycle from the atmosphere to living organisms?,2144,D
2145,A student determined the density of different bars of soap. Which should the student most likely do to check the accuracy of the results?,2145,A
2146,"Feathers, wings, and the hollow bones of birds are examples of",2146,D
2147,"When an iron nail wrapped in a copper wire is attached to a circuit, it forms",2147,2
2148,Green plants get the energy they need to make food from,2148,D
2149,Which human body system produces the hormones that regulate growth?,2149,D
2150,One process in the formation of sedimentary rocks is when rocks are,2150,2
2151,Which of the following is a typical example of a unicellular organism?,2151,C
2152,"In the past, Native American Indians buried dead fish along with corn seeds. This technique was used because the decomposing dead fish would",2152,B
2153,"A scientist crosses a red-flowered plant with a white-flowered plant, and all offspring have red flowers. What will most likely result if these red-flowered offspring are crossed with white-flowered plants?",2153,C
2154,"When ice melts, it becomes a",2154,C
2155,Frogs lay eggs that develop into tadpoles and then into adult frogs. This sequence of changes is an example of how living things,2155,1
2156,"Because sulfur cannot be decomposed by simple chemical methods into two or more different substances, it is classified as",2156,C
2157,Which would provide evidence of seafloor spreading?,2157,B
2158,More sulfur dioxide is being added to the atmosphere. How will this most likely affect the hydrosphere?,2158,C
2159,Which most accurately describes a circle (pie) graph?,2159,C
2160,Which tool is used to measure the volume of a liquid?,2160,A
2161,"As the human population increases, more fossil fuels are being used. The burning of fossil fuels produces greenhouse gases. How might humans reduce greenhouse gases?",2161,D
2162,What can cause a moving object to increase its speed in a forward direction?,2162,A
2163,Which environmental stimulus causes leaves on certain trees to change color in autumn?,2163,B
2164,Many bacteria are decomposer organisms. Which of the following statements best describes how these bacteria help make soil more fertile?,2164,A
2165,"A volcano under the ocean slowly releases lava over time. As the lava is released, it cools and hardens on the ocean floor. Which feature will most likely form from the release and cooling of the lava on the ocean floor over time?",2165,D
2166,Which sequence lists the levels of organization in the human body from simplest to most complex?,2166,B
2167,"Generally, the deeper rock layers of Earth are older than shallower rock layers. How can the collision of two tectonic plates change the order of the rock layers?",2167,C
2168,"Granite is an igneous rock. Which of these describes what usually happens to granite after it is weathered, broken into small particles, buried deep underground, and compacted?",2168,A
2169,"When a transverse wave passes from right to left through a medium, what happens to the particles of the medium?",2169,2
2170,Which rock is most likely to contain fossil seashells?,2170,B
2171,Anthony and Zach want to know how the temperature of the air affects the temperature of lake water. Which type of tool should they use to measure the temperatures?,2171,C
2172,Which of these is an example of an endothermic process?,2172,A
2173,Lori owns a house next to the lake. She uses lots of fertilizer to keep her lawn green. Which impact could fertilizing her lawn have on the lake?,2173,D
2174,A wet towel will dry when it is left in the Sun. Which process occurs to make this happen?,2174,B
2175,How do most fish get the oxygen they need to survive?,2175,A
2176,The comet Shoemaker-Levy struck the planet Jupiter in July of 1994. The process of a comet striking a planet is an example of a net decrease in kinetic energy. Kinetic energy was ultimately converted into,2176,B
2177,"A strawberry farmer finds that, after a hard freeze, some of his strawberries are still alive. Which best explains why these strawberries were able to survive?",2177,C
2178,"Which of the following was probably most important in the formation of dark, fertile soil that is good for farming?",2178,C
2179,What safety rule is most important for students to follow when working with acids and bases?,2179,D
2180,Felicia investigated whether water color affected how fast the water heated in sunlight. She poured tap water into five beakers and placed food coloring in four out of the five beakers. Felicia then used a thermometer to measure the temperature of the water in each of the beakers. Which of these was used as control in her investigation?,2180,B
2181,"The distance between the Sun and the next closest star, Proxima Centauri, is most accurately measured in",2181,D
2182,What happens to metal railroad tracks during the heat of a summer day?,2182,A
2183,"The population of which of the following 26 organisms would most likely decline if small animals like rats, rabbits, and snakes were eliminated from an ecosystem?",2183,B
2184,Snapping a rubber band most likely produces which type of energy?,2184,A
2185,Which part of a DNA molecule represents encoded information?,2185,A
2186,Water is a very important part of the physical weathering of rock. Which of these properties of water is most important in causing some of the physical weathering of rock?,2186,B
2187,What are the basic structural units of living organisms?,2187,A
2188,Which environmental stimulus causes leaves on certain trees to change color in autumn?,2188,A
2189,Which pair together could cause a rainbow?,2189,B
2190,"In humans, the amount of sugar in blood is controlled by the release of a hormone called insulin. This process is an example of",2190,D
2191,Which of the following tools is most useful for tightening a small mechanical fastener?,2191,C
2192,"If a species is no longer able to reproduce, it will",2192,D
2193,"When liquid water freezes, it forms ice. What is the physical state of an ice cube?",2193,A
2194,Which behavior is an example of an animal adapting to a change in the environment?,2194,D
2195,Which part of a plant is used to absorb sunlight during photosynthesis?,2195,A
2196,Which term describes an organism's ability to maintain a stable internal environment?,2196,C
2197,The ratio of an object's mass to its volume is its,2197,C
2198,The continental crust floats on top of the mantle because the crust is,2198,B
2199,A caterpillar changing into a butterfly is an example of,2199,D
2200,How is the stratosphere different from the troposphere?,2200,C
2201,Falling and rising air and water molecules inside of clouds are believed to be factors in the formation of lightning. Which kind of energy transfer is taking place to cause this weather phenomenon?,2201,A
2202,"What is the primary energy source that drives all weather events, including precipitation, hurricanes, and tornados?",2202,C
2203,Which force causes a marble to sink to the bottom of a glass of water?,2203,B
2204,Which of the following is the best estimate of the number of stars in a typical galaxy?,2204,C
2205,Water at 20°C in an uncovered pan is evaporating very slowly. What could be done to the water to make it evaporate more quickly?,2205,B
2206,How far from Earth is an object that is 10 light years from Earth?,2206,B
2207,A snail's shell provides the snail with,2207,A
2208,What happens to metal railroad tracks during the heat of a summer day?,2208,C
2209,Which of the following is a reason life in the outermost planets is less likely than life on planets nearer the Sun?,2209,C
2210,Some birds build nests in the spring. This nest building is a seasonal adaptation that occurs to help the birds,2210,4
2211,Students on two different school campuses are comparing the growth rate of grass three weeks after fertilizer has been applied. The same fertilizer and the same amount of water are used on both campuses. Which additional variable is most important to control when the results of the two investigations are compared?,2211,D
2212,"In any physical or chemical process, what two quantities are always conserved?",2212,D
2213,"Plumes of water vapor have been observed rising from the southern polar region of Enceladus, one of the moons of Saturn. A team of scientists proposed an explanation for the plumes and developed a model. They also published calculations based on their model. These calculations would most likely be used for which purpose in future research?",2213,C
2214,Which energy type is common enough in Nevada to make a significant contribution to the renewable energy needs of the state?,2214,D
2215,"Sodium bicarbonate (NaHCO_{3}) is commonly known as baking soda. Sodium bicarbonate is a white solid that can dissolve in water. Under the proper conditions, sodium bicarbonate can release carbon dioxide (CO_{2}) gas. Which of the following is not a physical property of sodium bicarbonate?",2215,B
2216,"If a lake is polluted, which organism would most likely accumulate the highest concentration of contaminants?",2216,D
2217,"In the initial stages of manned space exploration, scientists needed to address adequate nutrition to provide astronauts with energy throughout the mission. Which of these criteria could not be used when considering food and energy for astronauts during manned space flights?",2217,A
2218,Anthony and Zach want to know how the temperature of the air affects the temperature of lake water. Which type of tool should they use to measure the temperatures?,2218,C
2219,Which set of equipment would be best to use when investigating what is found in a sample of pond water?,2219,D
2220,A class is studying textures and collects several samples. Which of these items would the students most likely use magnification to study?,2220,D
2221,Which of these geographic features most directly influences the climate of Nevada by limiting the amount of water vapor that can reach the state and fall as rain?,2221,A
2222,A geologist found fossils of horse bones in different rock layers of a canyon. The fossils in the lower levels show shorter bones than those in the upper-level fossils. Which conclusion is based on the geologist's observations?,2222,C
2223,What should a scientist do to help make sure the results of an experiment are unbiased?,2223,A
2224,The following represents a number displayed on a calculator. 1.454545 E3. Which of the following shows how a student should record this number in a laboratory report?,2224,B
2225,A flower produces seeds that fall to the ground and grow into new plants that produce more flowers. The seeds begin to grow by the process of,2225,C
2226,One thing that all human cells have in common is that they,2226,D
2227,"In a laboratory activity, four different types of rock were placed in identical acid solutions for one week. Each sample was then measured to see if any of the rock mass was dissolved by the acid solution. Which is the dependent (responding) variable in this activity?",2227,C
2228,"When too much salt is detected in the bloodstream, the brain secretes a hormone that helps the body retain water by reducing the amount of urine produced. This is an example of",2228,D
2229,Which is a process that most likely formed the Appalachian Mountains found in the eastern part of North America?,2229,C
2230,The surface of the Moon is made up of,2230,A
2231,Carolina uses a microscope to view a soil sample taken from her backyard. Which part of the soil would she ONLY be able to see with a microscope?,2231,B
2232,Onions can reproduce from bulbs. One parent bulb generates daughter bulbs with duplicate genetic information. Which is the most likely advantage of this kind of reproduction?,2232,D
2233,In which example could a thermometer be used to show that heat energy is being transferred?,2233,C
2234,The Sun appears larger than other stars because of its,2234,C
2235,The hormone insulin is secreted by the pancreas. Which activity is most likely to trigger an increase in the levels of insulin circulating in the blood?,2235,D
2236,Which part of the body works closely with the digestive system to transport nutrients to the cells?,2236,A
2237,The surface of Earth is covered by a relatively thin layer of water called the,2237,D
2238,Growth and repair in multicellular organisms are the result of,2238,D
2239,"If the number of trees significantly decreases, the atmosphere's level of which gas might significantly increase?",2239,D
2240,One example of matter is,2240,C
2241,Which of these is hottest?,2241,A
2242,"As the population in an area grows, water usage increases. Eventually, water usage can outstrip the supply. Which measure to increase the amount of available water demonstrates the best stewardship of the resource?",2242,A
2243,"Air in the atmosphere is heated unevenly by the sun, causing",2243,B
2244,At what time on a sunny day will the shadow of the school's flagpole be the shortest?,2244,B
2245,Which human activity most often has a harmful effect on the environment?,2245,B
2246,Which features are physical properties of an iron nail?,2246,A
2247,Smoking harms the body in many ways. It is most harmful to which organ?,2247,B
2248,"A scientist was investigating why several fish caught from a local stream displayed similar mutations. He found that the water temperature of the stream was elevated since an industrial plant began discharging heated water into the stream. The scientist concluded that increased water temperature during the egg phase led to the mutation in the fish. According to this conclusion, the mutation was caused by",2248,C
2249,The Grand Canyon is an example of,2249,A
2250,A paper bag is ripped into pieces. Which of these BEST describes the pieces of the bag?,2250,D
2251,Which process in the water cycle would be accelerated by an increase in temperature?,2251,C
