id,question,choices,answerKey
1,Which item would a magnet attract?,1,B
2,"The snowshoe hare was once common in Maryland. In 1986, researchers in the state noted that the snowshoe hare was no longer found in Maryland. Which statement best explains why the snowshoe hare is no longer found in Maryland?",2,D
3,Which is a process that occurs during photosynthesis?,3,D
4,The Milky Way Galaxy is visible as a bright region in the night sky. Modern telescopic observation has made it possible to discover that the brightness of the Milky Way Galaxy is due primarily to which structure?,4,D
5,Atmospheric greenhouse gases help heat the atmosphere by,5,B
6,Sound waves can pass through all of these except,6,C
7,Which element is necessary for the formation of coal?,7,A
8,"The part of the rock cycle that transforms compressed rock formed from sea organism shells into a harder, denser rock is",8,C
9,"Which type of rock is formed from limestone that has been compacted, heated, and recrystallized?",9,A
10,"Residential construction is expanding in Florida. The expansion has caused fragmentation of habitats. One of the results of the increased construction is a decrease in the number of large predators such as the coyote, black bear, and panther. Which will be the most immediate local result of this fragmentation?",10,B
11,Jupiter is the largest planet in the solar system. It rotates on its axis once about every 10 hours. What time period on Earth would be 10 hours long if Earth rotated on its axis once every 10 hours?,11,C
12,Why is it important to repeat an experiment several times?,12,B
13,A student is using hydrochloric acid in an investigation. Which piece of safety equipment is most important during this investigation?,13,B
14,Which tool would a student use to measure wind speed?,14,B
15,A scientist is comparing two body cells of a multicellular organism. Which of the following is most likely identical?,15,D
16,What is the complementary base of adenine in DNA?,16,B
17,Scientists have categorized trees based on whether they keep or lose their leaves each year. Another logical way to categorize trees is based on the,17,D
18,A push or a pull on an object is an example of,18,B
19,What most likely happens to soil when crops are not rotated from year to year?,19,A
20,Which action is the best method to separate a mixture of salt and water?,20,D
21,In which process is nitrogen from the air put into a form that plants can use?,21,D
22,"When stratospheric ozone levels are reduced, the amount of ultraviolet radiation hitting Earth increases. Ozone depletion is most often caused",22,D
23,Which action forms a different chemical substance?,23,4
24,Sedimentary deposits formed from organic material tend to include a high amount of,24,C
25,Which serve as evidence for a scientific theory?,25,C
26,A star is a large astronomical body that,26,C
27,Which is an example of a decomposer?,27,B
28,"When two objects are touching, heat is transferred from the warmer object to the cooler one by",28,A
29,"Census data show that the human population doubled from 2.65 billion in 1953 to 5.3 billion in 1990. If it continues to double at this rate, the human population could reach 10 billion by the year 2020. Which best explains how this rate of human growth can harm the environment on which humans depend?",29,B
30,Which of the following is an example of a physical change but not a chemical change?,30,B
31,Which factor would have the greatest influence on the southern migration of animals living in the Northern Hemisphere?,31,C
32,An idea that the universe originated with an explosion is supported by repeated observations of light from distant galaxies traveling away from Earth. An idea that has been tested repeatedly and is supported by repeated results is most likely a,32,C
33,Which scientist formulated rules that describe the observable relationships of plant traits to the traits of the ancestor plants?,33,A
34,Which type of rock is formed when limestone is subjected to heat and pressure?,34,A
35,"During subduction, one tectonic plate is forced below another. The subducting plate is forced into the",35,B
36,What type of inheritance controls blood types in humans?,36,A
37,Which of these would best help a scientist discover a new planet?,37,C
38,Which force keeps the planets in their orbits around the Sun?,38,C
39,Plants need a source of energy in order to perform photosynthesis. From which source do plants receive the energy needed to perform photosynthesis?,39,B
40,Approximately how long does Earth take to complete its orbit around the Sun?,40,A
41,A company plants trees on a bare hillside. Which of these is the BEST reason for planting the trees?,41,A
42,Directions Read the information about wind erosion then answer the question. Wind can cause erosion that changes the surface of the Earth. Wind erosion can have negative effects on the environment by removing soil and polluting the air during dust storms. Walter wanted to find out if faster wind speeds increased the amount of wind erosion. Which instrument should he use to measure wind speed?,42,B
43,"Toni got a cut on her arm while playing in a softball game. A few weeks later, the cut was healed. Which process is most responsible for repairing the cut?",43,C
44,"While studying the relationship between number of trees and amount of atmospheric oxygen, which of the following would be most important to take into account?",44,D
45,"How do traits of animals such as ear shape, nose shape, and hair color most often get passed to offspring?",45,C
46,Which of the following is a harmful waste material that leaves the blood and travels through the lungs before leaving the body?,46,C
47,Baby chicks peck their way out of their shells when they hatch. This activity is an example of which of the following types of behavior?,47,A
48,One of the functions of a topographic map is to,48,B
49,"When animals use energy, what is always produced?",49,D
50,A lab technician places a colony of bacterial cells in a nutrient-rich growth medium. Which event is the technician most likely to observe with a microscope?,50,C
51,The reaction that releases energy for use by the cell occurs in which site?,51,B
52,Which of the following is an example of a behavioral adaptation?,52,B
53,"A female dog is having puppies. She has black fur, brown eyes, and a curly tail. She can sit, bark, and roll over on command. Which set of traits can the female dog's puppies inherit?",53,C
54,Mount St. Helens was a cone-shaped mountain that formed when molten material reached the surface of Earth and formed layers. Cone-shaped mountains form as a result of which one of these events?,54,B
55,Which disease is a result of abnormal cell division?,55,B
56,"A student heated a pan of soup on a stove. While stirring the soup with a metal spoon, the student noticed the spoon became very warm. What is the most likely reason the spoon became warm?",56,B
57,"Scientists Stanley Miller and Harold Urey sealed water, methane, ammonia, and hydrogen in a flask, to simulate Earth's early environment. They exposed the chemicals to electric charges to simulate lighting. What did the process produce?",57,A
58,Sedimentary deposits formed from organic material tend to include a high amount of,58,C
59,"A calculation based on the chemical energy of gasoline shows that a car should be able to go 100 miles on a gallon of fuel. When the car was driven on a test track, the car only went 25 miles on a gallon of fuel. What accounts for most of the difference?",59,C
60,A student describes a substance as lacking a definite shape. The description also states that the particles of matter are close to each other but still able to flow past each other. Which type of substance is the student most likely describing?,60,C
61,"If a lake is polluted, which organism would most likely accumulate the highest concentration of contaminants?",61,C
62,The comet Shoemaker-Levy struck the planet Jupiter in July of 1994. The process of a comet striking a planet is an example of a net decrease in kinetic energy. Kinetic energy was ultimately converted into,62,A
63,"Over a long period of time, some flowering plants have become dependent on honey bees to fertilize their seeds. In recent years, a form of mite has infected and killed the honey bees in many areas of the country. Since this has happened, the once bee-dependent plants with the best chance of surviving are those that",63,C
64,Reptiles become more active as the day gets warmer. This is because,64,D
65,"Denise was driving east over a hill in the afternoon, shortly after a rain shower. Suddenly the sun broke through the clouds, and she saw a rainbow ahead of her. Which of the following made the rainbow possible?",65,A
66,Which is a feedback mechanism the human body uses to maintain homeostasis?,66,C
67,Scientists who have studied the hydrosphere concluded that about 71% of Earth is covered with water. Which part of the hydrosphere is most often associated with the formation of organic rocks?,67,A
68,"A student had a cup of ice while working outside. After a while, the ice melted because the Sun emits energy in the form of light and",68,B
69,"After months of studying and obtaining data on the behavior of birds, biologists from around the world will look at the data and",69,C
70,Students researched monkeys at a zoo. They recorded the monkeys' traits and behaviors. This investigation activity is best described as,70,D
71,Fertilizers added by farmers to the soil contain high amounts of nitrates. How do fertilizers affect the nitrogen cycle?,71,B
72,"The metal lid on a glass jar is hard to open, so it is held under warm, running water. What causes the jar to open easily after it was held under the water?",72,C
73,Which statement describes the location of our Sun in the universe?,73,C
74,"When igneous rock is changed into metamorphic rock, which form of energy is this process?",74,B
75,Which organisms use the energy from the remains of dead animals and recycle the nutrients back into the environment?,75,A
76,The human body gets the energy it needs for growth and repair directly from,76,B
77,The Grand Canyon is an example of,77,B
78,Tony is studying ladybugs in a garden. Which of these would BEST help Tony to count the spots on a ladybug?,78,A
79,Many leaves appear green because the leaves,79,A
80,What product was being formed as plants died and sank to the bottom of swamps?,80,C
81,"The atmosphere of Mars is almost entirely composed of a greenhouse gas. Compared with Earth, which factor accounts for the low, nighttime surface temperatures on Mars?",81,D
82,What supplies most of the energy that plants need to make food?,82,A
83,Planets remain in orbit around the Sun because of,83,D
84,What is the main function of a plant stem?,84,D
85,Which process moves an ion across a cell membrane against the concentration gradient?,85,C
86,Which sense is used to tell if there is sugar in a glass of tea?,86,B
87,A scientist plans to investigate the nervous system of sea slugs. What should the scientist do first?,87,B
88,"In some communities, forests are cleared through burning, and the deforested land is used for farming. Which of these is a negative consequence of this practice?",88,D
89,"Rocks are classified as igneous, metamorphic, or sedimentary according to",89,A
90,A class planted trees and shrubs in an empty dirt lot beside the school. The roots of the plants can help protect the soil. The soil is most likely being protected from what?,90,A
91,Some of Earth's water is stored underground in porous rock formations known as aquifers. Which of these could use up groundwater in aquifers?,91,C
92,Which activity is an example of a chemical change?,92,A
93,The brain and spinal cord are parts of which body system?,93,B
94,A tight metal lid on a jar of pickles may loosen when it has been held in hot water. This is because the hot water causes the,94,C
95,What type of inheritance controls blood types in humans?,95,A
96,Which of these natural events occurs at time intervals that are the most regular?,96,B
97,"In an investigation, a student wants to see how a ball is affected by rolling it over a surface covered with sandpaper. In preparation for the trial, the student makes a list of the possible conditions that could affect the investigation. The student is most likely listing the",97,C
98,Which tool could be used to help someone count the number of ladybugs on a leaf?,98,C
99,Earth is about 81 times more massive than the Moon. How will the mass and weight of a rocket on the Moon compare to its mass and weight on Earth?,99,A
100,"In gym class a student kicks a soccer ball high into the air. As the ball goes upward, which type of energy is increasing?",100,D
101,Protein is used by the human body to,101,A
102,Which example describes a learned behavior in a dog?,102,A
103,"Wire was looped several times around an iron nail, and the wire's ends were connected to a battery. For which of these will this device most likely be used?",103,A
104,Infections may be caused by,104,B
105,"Louis Pasteur discovered a process that allows milk to be stored in sealed containers for long periods of time without spoiling. The process, called pasteurization, involves heating the milk before placing it in the sealed containers.Which is the best explanation of how pasteurization works?",105,B
106,How do decomposers obtain their food?,106,C
107,A push or a pull on an object is an example of,107,C
108,"A vaccine can prevent a serious disease. When a new vaccine is developed, it is given to a small group of people. Why would it be important to test each vaccine on a small group of people before everyone can have one?",108,A
109,"Which correctly arranges three scientific terms-theory, law, and hypothesis-from least to most accepted or tested?",109,B
110,The Grand Canyon is an example of,110,C
111,Which instrument would be used when studying a unit on amphibian anatomy?,111,C
112,The action that results when waves made in a pond strike the edges and bounce back is known as,112,D
113,Which living organism makes its own food using sunlight?,113,A
114,The most common way humans contribute to the extinction of organisms is by,114,D
115,"In 2004 the Hubble space telescope captured images of distant star clusters, each containing about a million stars. These star clusters were most likely part of which structure?",115,B
116,Some materials are electrical conductors. Which material best conducts electricity?,116,D
117,Turning off the light when leaving a room is an example of,117,D
118,"Many types of organisms live in a meadow. With the introduction of a large, swift-moving predator into the meadow ecosystem, which group of organisms will MOST likely have an advantage of surviving and reproducing?",118,D
119,Frame construction predominates in the New England area due to the abundance of,119,A
120,Some of Earth's water is stored underground in porous rock formations known as aquifers. Which of these could use up groundwater in aquifers?,120,D
121,What are petri dishes used for in a lab?,121,B
122,The energy required to lift an object is supplied by ATP derived from the breakdown of molecules of,122,B
123,"Which of the following was probably most important in the formation of dark, fertile soil that is good for farming?",123,D
124,"When ice melts, it becomes a",124,B
125,Which part of a bicycle BEST moves in a circle?,125,A
126,Certain fossils can be used to help determine the age of the rock layer in which the fossils are found. Which type of fossil is best to use when making this determination?,126,C
127,What supplies most of the energy that plants need to make food?,127,A
128,A child walks across a carpet and generates an electrical charge. The child will get a slight shock by touching a,128,B
129,"During winter, the white fur of an arctic fox blends in with the snow. This adaptation is called",129,C
130,"All natural resources on Earth are either renewable or nonrenewable. Whether a resource is renewable or nonrenewable depends on how fast or slow the resource is replaced. If the resource is used faster than it is replaced, then the resource will, in time, disappear. Which statement describes the use of a renewable natural resource?",130,D
131,The axis of Earth is tilted at an angle of 23.5° from the vertical position. Which of the following is the main result of this tilt?,131,C
132,"When astronauts walked on the Moon, they used weighted boots to help them walk due to the lower gravitational pull. What difference between Earth and the Moon accounts for the difference in gravity?",132,C
133,Which items would best protect a group of students while investigating a forest ecosystem?,133,C
134,The nucleus of MOST atoms consists of,134,D
135,"When a volcano erupts, dust and ash are blown into the atmosphere. The eruption directly reduces the transfer of energy from",135,C
136,Which function do kidneys provide to maintain homeostasis?,136,A
137,Which type of rock is formed when hot lava cools?,137,C
138,An idea that the universe originated with an explosion is supported by repeated observations of light from distant galaxies traveling away from Earth. An idea that has been tested repeatedly and is supported by repeated results is most likely a,138,C
139,Which two body systems are involved in inhaling oxygen and exhaling carbon dioxide?,139,A
140,"Wire was looped several times around an iron nail, and the wire's ends were connected to a battery. For which of these will this device most likely be used?",140,B
141,A student is measuring the distance a car travels down a ramp using yards. Which measurement is most similar in length when using the metric system of measurement?,141,B
142,"While conducting an investigation on refraction, a teacher uses a red laser pointer to show how a beam of light is affected as it passes through several glass objects. The teacher should make sure that the",142,D
143,"The orbit of Earth is almost circular and has a period of about 365 days. Compared to the orbit of Earth, which of these objects usually have highly elliptical orbits and can have periods of over 1000 years?",143,D
144,A mixture of powdered iron and sulfur is heated. What will be formed?,144,D
145,Which rapid changes are caused by heat from inside Earth?,145,C
146,Which two activities use most of the water used in an average U.S. household?,146,C
147,Strong winds have the ability to uproot large trees in a wooded area. Which of these organisms would most likely benefit from this change in a habitat?,147,A
148,Pollen is necessary for a flowering plant to,148,C
149,"The metal lid on a glass jar is hard to open, so it is held under warm, running water. What causes the jar to open easily after it was held under the water?",149,C
150,"When someone plays the flute, sound is produced because the air in the flute is",150,D
151,Which part of a plant produces the seeds?,151,B
152,"Lemon juice turns litmus paper red, is corrosive and tastes sour. Lemon juice is classified as",152,C
153,"By attaching to sharks, remora fish eat the scraps of food left behind when the sharks feed. If remoras were not able to attach to sharks, they would most likely",153,1
154,In what leaf structure is photosynthetic tissue found?,154,A
155,The surface of a heated metal object measures 120°C. It is dropped into a bucket filled with water measuring 10°C. Which of the following is most likely to occur?,155,B
156,Which of the following helped lead to the invention of personal computers?,156,A
157,A water company uses lab tests on the water supply before sending the water through pipes to people's homes. How do these lab tests help people?,157,B
158,Clearing forests of trees and vegetation for human development can have major impacts on the ecosystem. Which would most likely occur after a forested area is cleared?,158,C
159,"A student flips a coin four times. It lands ""heads"" up three times. The student concludes that the coin will land ""heads"" up three times out of four. What will make the conclusion more accurate?",159,B
160,Why is some food dehydrated for astronauts to eat in space?,160,D
161,Jupiter is the largest planet in the solar system. It rotates on its axis once about every 10 hours. What time period on Earth would be 10 hours long if Earth rotated on its axis once every 10 hours?,161,B
162,Temperatures below freezing are expected overnight. What might be done to protect plants growing outside?,162,A
163,Materials must pass through a cell's semi-permeable membrane in order for energy to be utilized. This process is called,163,B
164,"During photosynthesis, plants absorb light energy from the Sun and convert it into chemical energy in the form of glucose. Which compounds combine in the presence of sunlight to form glucose?",164,D
165,A chewable calcium carbonate tablet is a common treatment for stomach discomfort. Calcium carbonate is most likely used as this type of medicine because calcium carbonate,165,B
166,What can a moving magnet in a coil of copper wire cause?,166,D
167,Delilah put a container of water in the freezer and left it there overnight. The next morning she saw that the water in the container had changed to ice. Which of the following statements best explains why the water changed to ice?,167,D
168,An idea that the universe originated with an explosion is supported by repeated observations of light from distant galaxies traveling away from Earth. An idea that has been tested repeatedly and is supported by repeated results is most likely a,168,D
169,Which of these is most likely the cause of a father and son having almost identical-sounding voices?,169,B
170,"If a species is no longer able to reproduce, it will",170,D
171,Heat from deep in Earth's interior is transferred to its crust by which of the following?,171,D
172,Roger poured water over a pile of sand. Some of the sand washed away. This process is similar to which of the following?,172,D
173,An ice cube is placed in a pan. The pan is placed over an open flame. Which change will most likely happen over time?,173,1
174,"In Alaska, there are fewer hours of daylight in the winter than in the summer. Which statement best explains why this difference occurs?",174,A
175,Plants need a source of energy in order to perform photosynthesis. From which source do plants receive the energy needed to perform photosynthesis?,175,D
176,Termites eat wood but cannot digest it. Protozoans live in the termites' stomachs and use enzymes to break down the wood. The digested wood provides nutrition for both the termites and the protozoans. What type of relationship is this?,176,D
177,Which process has most likely occurred when new traits appear in a species?,177,D
178,Which landforms are most like hills but are much taller?,178,A
179,Which is an example of an organism that has been selectively bred for a particular genetic trait?,179,C
180,Natural selection is a mechanism that acts on individuals within a population. Which is a result of the process of natural selection?,180,D
181,"When igneous rock is changed into metamorphic rock, which form of energy is this process?",181,D
182,Which of the following animals goes through metamorphosis?,182,4
183,"A geologist finds a layer of shale near the surface from a certain time period. Nearby, the geologist finds the same layer of shale, but it is deeper underground than the first layer. What might have caused the difference in the depth of the shale layer?",183,C
184,"Blood is composed of different cell types that transport nutrients and wastes throughout the body. Because of this, blood is classified as",184,B
185,When would the highest tides occur along the Texas coast?,185,B
186,Arctic areas are covered with snow and ice for much of the year. Which color rabbits would be safest from foxes there?,186,A
187,Harmful ultraviolet rays from the Sun are primarily absorbed by,187,A
188,A balloon filled with helium gas is set free and starts to move upward. Which of the following best explains why the helium balloon moves upward?,188,4
189,"Sodium (Na) and chlorine (Cl) combine to form sodium chloride (NaCl), which is commonly known as",189,C
190,Hydrogen gas and oxygen gas combine to form water. Which would be a more concise way of expressing what happens in this chemical reaction?,190,C
191,"In snapdragon plants, red flowers are dominant to white flowers. When red-flowered plants are crossed with white-flowered plants, pink flowers are produced. If a researcher wants to produce plants with only white flowers, what color should the parent plants be?",191,C
192,The abundance of a mineral at the surface of Earth most likely depends upon the,192,B
193,Which of the following is a living component of a desert in California?,193,A
194,"A gastroenterologist is a doctor who treats problems of the esophagus, stomach, and intestines. Which organ system is cared for by this type of doctor?",194,C
195,Which is the thickest layer of Earth?,195,A
196,Anthony and Zach want to know how the temperature of the air affects the temperature of lake water. Which type of tool should they use to measure the temperatures?,196,A
197,Which is a source of sound?,197,D
198,A line graph is best used when the measured variable is,198,B
199,"When animals use energy, what is always produced?",199,B
200,"When animals use energy, what is always produced?",200,C
201,Which process initiates the passage of half of a parent's DNA to offspring?,201,3
202,A team of surveyors takes measurements of ground altitude at horizontal intervals of 1 meter over a 400 square meter area. These measurements can best be used to produce which representation of the area?,202,D
203,Which process must occur for clouds to form?,203,A
204,Large amounts of metals like iron and aluminum are found in,204,B
205,Repeated pesticide use on an insect population can result in some of the insects becoming resistant to that pesticide over time. Which process is responsible for the pesticides no longer being effective on the insects?,205,B
206,A lab technician places a colony of bacterial cells in a nutrient-rich growth medium. Which event is the technician most likely to observe with a microscope?,206,A
207,A particular organism is able to survive in an environment due to a thick layer of fat beneath its skin. In which situation would the layer of fat most likely be a survival advantage?,207,B
208,The cones of a jack pine tree require great amounts of heat to release their seeds. When are jack pine tree seeds most likely released?,208,A
209,"In animal skin tissue, cell division is responsible for",209,C
210,Which force produces energy as heat?,210,C
211,Darwin's theory that animal species can change over time was inspired by his research on which set of islands?,211,A
212,Mammals must eliminate waste products that their bodies produce. Which organ helps mammals eliminate bodily waste?,212,D
213,A glacier sometimes leaves behind large chunks of ice. What is left in the ground when these chunks of ice melt?,213,B
214,Which of the following helps keep the Moon in its orbit?,214,D
215,Which relationship between Earth's outer core and inner core generates a large portion of Earth's magnetic field?,215,2
216,The number of fish in a lake suddenly increases. How will the increase most likely affect the lake?,216,B
217,Research into the total amount of oil available for use around the world can affect what kind of human choice?,217,B
218,Most underground caves are formed by the action of water on,218,B
219,Earth rotates on its north-south axis. Which statement best describes one complete rotation?,219,A
220,A robin catches and eats a cricket. Which statement best describes the roles of each animal?,220,C
221,"David planted ten corn seeds in sandy soil and ten corn seeds in clay soil. He kept both groups of plants at room temperature, gave them the same amount of water, and placed them all in the same sunny room. Which of the following questions is David most able to answer with his experiment?",221,A
222,Which of the following is the primary advantage of sexual reproduction when compared to asexual reproduction?,222,A
223,"In cherry tomatoes, red color (R) is dominant to yellow color (r). If two heterozygous plants are crossed, what percentage of the offspring will be yellow?",223,D
224,A rock sample will most likely contain,224,A
225,Which metalloid is used in solar cells and computer chips?,225,A
226,"After playing outside on a cold day, Jaime went inside to wash his hands. Although the water was normal temperature, he noticed that it felt warmer than usual. What would explain this phenomenon?",226,D
227,What chemical symbol represents the element iron?,227,D
228,Which natural material is best for making a table?,228,C
229,Which part of a plant produces the seeds?,229,B
230,Which of the following is an abiotic factor that can influence the quantity of fish a pond can support?,230,D
231,"Mold is often found growing on old bread. In a food chain, mold is a ___.",231,A
232,"Sleet, rain, snow, and hail are forms of",232,B
233,"The primary functions of the digestive system are to break down food, absorb nutrients and excrete wastes. Once food is absorbed, what system is responsible for carrying the nutrients to the body cells?",233,A
234,A lunar eclipse occurs when the Moon passes through Earth's shadow. A lunar eclipse can only occur during a,234,A
235,A star is a large astronomical body that,235,D
236,Joanne wants to investigate factors that affect different patterns of the flight of bees. Which step in the scientific method must she follow before forming a hypothesis?,236,B
237,During which stage of an insect's life cycle does the female lay eggs?,237,A
238,Which is an example of water condensing?,238,A
239,A generator converts mechanical energy to electrical energy by using a conducting metal loop turning in a,239,A
240,Which of the following describes a reason why companies irradiate some fruits and vegetables before they are sold to the public?,240,D
241,"Nuclear fusion is the source of energy for stars. Besides hydrogen, which other element is most likely also common in stars?",241,C
242,The stages of evolution of a star are determined by the mass of the star at the beginning of its life cycle. Which stage of evolution is the oldest form of a massive star?,242,D
243,A dog gets the energy it needs to run from ___.,243,A
244,Scientists claim that the area around the Grand Canyon was once covered by an ocean. What evidence would support their claim?,244,D
245,Gasoline for cars is produced from fossil fuels. Using gasoline can most likely lead to which environmental problem?,245,C
246,"Near Earth's equator, water generally exists naturally in the liquid and gas states. In which other part of Earth is water usually found naturally in only two states?",246,C
247,The brain and spinal cord are parts of which body system?,247,A
248,Which event would most likely occur if the number of nitrogen fixing bacteria were reduced within an ecosystem?,248,D
249,Which of the following properties of a substance is conserved during thermal expansion?,249,B
250,"Which of these actions will change a sedimentary rock, such as limestone, into a metamorphic rock, such as marble?",250,A
251,Which of the following best describes the purpose of cellular respiration?,251,A
252,"Magnesium strips are long, thin strips that are gray and shiny. Which action will lead to a chemical change of magnesium strips?",252,D
253,The Water Quality Act of 1987 required the development of standards that would prevent toxic pollutants from reaching dangerous levels in bodies of water. This act affected the amounts of toxic chemicals that could be discharged into bodies of water. Which of the following would have been most regulated by this act?,253,D
254,"In a large forest with many animals, there are only a small number of bears. Which of these most likely limits the population of bears in the forest?",254,C
255,What carries oxygen throughout the body?,255,A
256,"As the human population increases, more fossil fuels are being used. The burning of fossil fuels produces greenhouse gases. How might humans reduce greenhouse gases?",256,A
257,Which characteristic can an amoeba change that a paramecium cannot change?,257,C
258,"Based on the evidence available at the time, early models of the solar system stated that all objects in space orbited Earth. In the 16th century, an astronomer reevaluated the evidence and proposed a model of the solar system that is still in use. What part of this model corrected the mistake in previous solar system models?",258,D
259,"Which correctly arranges three scientific terms-theory, law, and hypothesis-from least to most accepted or tested?",259,A
260,Plants need iron to grow. What parts of plants take in iron?,260,B
261,The continuous changes of a seed to an adult plant that produces seeds is known as a,261,C
262,A teacher is performing a demonstration about static electricity for his class by rubbing a balloon against a wool sweater. The balloon sticks to the wool sweater. Which particles are exchanged during the demonstration?,262,3
263,Which example describes an organism taking in nutrients?,263,B
264,Which of the following best describes the purpose of cellular respiration?,264,A
265,The best example of heat transfer by convection is when,265,A
266,"Which type of rock is formed from limestone that has been compacted, heated, and recrystallized?",266,D
267,An example of a learned behavior is,267,D
268,"The distance between the Sun and the next closest star, Proxima Centauri, is most accurately measured in",268,B
269,The aloe plant can absorb a lot of water during a rain shower. The extra water is stored in its leaves. The ability to store water in its leaves is most likely an adaptation to which type of environment?,269,D
270,"While conducting an investigation on refraction, a teacher uses a red laser pointer to show how a beam of light is affected as it passes through several glass objects. The teacher should make sure that the",270,B
271,Which set contains kingdoms that contain only heterotrophs?,271,C
272,Signs in many stores and restaurants warn that microwaves are in use. What is the main reason for this warning?,272,C
273,Which of these describes a small range in the electromagnetic spectrum?,273,D
274,"Which method below would be the best way to determine if an egg, plastic foam, a piece of wood, or a candle would float on water?",274,A
275,"A student finds a round, smooth pebble on a beach. Which action made the pebble smooth?",275,D
276,"Which of the following eras is known as the ""Age of Mammals""?",276,C
277,Different units of measurement are more useful in some settings than in others. Which unit of measurement is most used when comparing distances within the solar system?,277,B
278,Which of the following groups of organisms uses sunlight to convert carbon dioxide and water into sugar and oxygen?,278,D
279,"When a hammer strikes a nail, the nail",279,B
280,What safety equipment should be taken on all field trips?,280,D
281,"Farmers in the 1800s used axes to clear trees from farmland. Now, farmers use chainsaws to clear the trees. How do chainsaws most likely help farmers?",281,B
282,Which is an example of a decomposer?,282,C
283,Atmospheric greenhouse gases help heat the atmosphere by,283,B
284,Which statement best describes the energy transformations that occur when a candle burns?,284,A
285,A shiny aluminum screen can be placed on the windshield of a parked car. This screen helps to keep the car cool because it,285,C
286,Which body system is most responsible for the removal of waste?,286,D
287,"A drain cleaner consists of sodium hydroxide and aluminum. When the drain cleaner is added to water, bubbles of hydrogen are produced, and the solution becomes very hot. Which of these best describes what happens to form the bubbles when the cleaner is added to water? F",287,B
288,Which of these involves the formation of a new chemical substance?,288,C
289,Which is a physical property of an apple?,289,D
290,Which of the following best describes the climate of an area?,290,B
291,New vaccines for diseases are being developed all the time. How do vaccines most likely help people?,291,C
292,A student reaches one hand into a bag filled with smooth objects. The student feels the objects but does not look into the bag. Which property of the objects can the student most likely identify?,292,C
293,Who was the first person to base a system of classification on organisms having similar structures?,293,C
294,Which geologic feature is evidence that the North American plate once collided with the Eurasian and African plates?,294,A
295,"A plant produces tiny plants around the edges of its leaves. When these tiny plants fall to the ground, they take root and become new plants. This process is an example of",295,A
296,This in turn causes the average temperature on Earth to rise. Which of the following observations supports that theory?,296,C
297,"Sandra puts some pill bugs into an open box. She covers half the box with a piece of cardboard. She then places the box outside on a summer day, and all the pill bugs move under the cardboard. The pill bugs are most likely responding to which of the following?",297,B
298,Scientists are discovering ways to make some crops use less water. A person working in which job would most benefit from this research?,298,C
299,Which of these elements is likely to be found in an organic compound?,299,C
300,"When an octopus feels threatened, it can release black ink into the water. The ink MOST likely helps the octopus",300,D
301,A lipid bilayer allows certain molecules to pass through and blocks other molecules. Which structure is most often protected by a lipid bilayer?,301,A
302,Which of the following is a correct food chain?,302,B
303,What are the two main jobs of the skeletal system?,303,A
304,Which statement best describes the climate of Nevada?,304,D
305,The following statements are from an article in a fitness magazine. Which of these is an opinion?,305,B
306,Freda always hangs her wet swimsuit outdoors after getting out of the swimming pool. Which of the following is least likely to affect the rate at which Freda's swimsuit dries?,306,B
307,"Jake is testing how light affects plant growth. He grows two plants in identical pots with the same amount of water and fertilizer. Jake grows one of the plants in the sun, and the other in the shade. Which part of Jake's process indicates that there is a control for this investigation?",307,3
308,Which of these processes is a conversion made by solar panels?,308,D
309,A student measured the volume of water in a pan. The student boiled the water for thirty minutes and then measured the volume of the water again. The volume of water most likely,309,A
310,Martin is writing a report for science class about how the tilt of Earth affects living organisms. Which subject should Martin include in his report that is directly affected by Earth's tilt?,310,C
311,When can producers make the most food?,311,D
312,Which of the following helped lead to the invention of personal computers?,312,A
313,"Sleet, rain, snow, and hail are forms of",313,A
314,"The diet of a brown bear includes roots, grasses, berries, nuts, fish, insects, and mammals. Based on this description, in what category is a brown bear?",314,B
315,Which provides the oldest evidence for oxygen accumulation in Earth's atmosphere?,315,D
316,Which scientist is known for his genetics experiments with pea plants?,316,D
317,Which characteristic is shared by Earth and the Moon?,317,D
318,Alex looked at an electric toothbrush that had a plug with three metal prongs. Why are these prongs made out of metal?,318,A
319,Which of these statements is not considered part of the Big Bang Theory?,319,B
320,Which best describes transportation technology?,320,A
321,Which of the following elements is best able to combine with itself and hydrogen [H] to form large molecules?,321,D
322,The chemical equation below shows reactants and products. 6CO_{2} + 12H_{2}O + light + enzymes -> C_{6}H_{12}O_{6} + 6O_{2} + 6H_{2}O Which statement is best supported by analyzing this equation?,322,A
323,Which type of organism would most likely benefit directly from increased levels of CO_{2}?,323,C
324,Meiosis contributes to the process of reproduction by producing what type of cell?,324,C
325,"In an accurate diagram of the solar system, which object would be shown closest to Earth?",325,B
326,A student wants to find the most accurate account of a scientific discovery that took place within the past three months. In which of these sources should the student look?,326,C
327,What is the complementary base of adenine in DNA?,327,C
328,The pull of gravity on Earth is caused by,328,A
329,"In an investigation, a student wants to see how a ball is affected by rolling it over a surface covered with sandpaper. In preparation for the trial, the student makes a list of the possible conditions that could affect the investigation. The student is most likely listing the",329,C
330,"When a hammer strikes a nail, the nail",330,B
331,What is the process called when an acid and a base combine to produce water and salt?,331,D
332,Scientists have categorized trees based on whether they keep or lose their leaves each year. Another logical way to categorize trees is based on the,332,C
333,"When large areas of the rainforests are cleared and burned, climate can be affected. Which best explains how rainforest destruction can contribute to the greenhouse effect?",333,A
334,A student reaches one hand into a bag filled with smooth objects. The student feels the objects but does not look into the bag. Which property of the objects can the student most likely identify?,334,C
335,Which of these describes a chemical change?,335,C
336,How does an ecosystem benefit when leaves fall from a tree and decompose on the soil?,336,A
337,During which of the processes below does water vapor change to liquid water?,337,C
338,In the human body the digestion of proteins takes place primarily in which two organs?,338,D
339,Which characteristic helps a fox find food?,339,4
340,Which is an example of water condensing?,340,D
341,"Which of these best defines the term ""pollutant""?",341,D
342,Decomposers are organisms that eat and break down dead plant and animal material. Which organism is a decomposer?,342,B
343,Which will most likely cause a decrease in predator populations?,343,C
344,A seed of a plant sticks to the fur of an animal as it walks by. How has the animal most likely helped the plant?,344,C
345,What form of energy is stored in a battery?,345,B
346,A lunar eclipse occurs when the Moon passes through Earth's shadow. A lunar eclipse can only occur during a,346,A
347,"Rocks that contain fragments of bones, shells, and plant remains are most likely",347,C
348,"Which gas, when condensed into its liquid state in the atmosphere, forms clouds?",348,D
349,In which way are evaporation and condensation similar?,349,D
350,Which habitat on Earth would probably 28 add the greatest amount of water to the water cycle through evaporation?,350,A
351,Carbon dioxide is removed from Earth's atmosphere by,351,D
352,A fox grows thicker fur as a season changes. This adaptation helps the fox to,352,D
353,A student recorded the amount of rain that fell in one year in his city. What is the best way for him to organize his information?,353,D
354,Which tool could be used to help someone count the number of ladybugs on a leaf?,354,A
355,Which of these is the best definition of heredity?,355,D
356,Beaver dams can cause floods. This statement shows how,356,C
357,Which of these occurs if myosin fails to bind to actin during muscle contraction?,357,A
358,A student proposes the rate of increase in a plant's mass will be proportional to the length of light exposure per day when all other variables are constant. How should this proposal be classified?,358,B
359,A class is testing the effect of exercise on heart rate. The heart rate of two students before exercise is compared to their heart rate after running around a track. Which procedure will most likely help the class correctly compare the results of the two students?,359,D
360,Carolina uses a microscope to view a soil sample taken from her backyard. Which part of the soil would she ONLY be able to see with a microscope?,360,B
361,"Several interchangeable parts are used in the manufacture of automobiles. Some examples of these parts are batteries, windshield wiper blades, spark plugs, and tires. Which of the following is an advantage of interchangeable parts over non-interchangeable parts on automobiles?",361,A
362,The action of turning off the water while brushing teeth is an example of,362,A
363,Which instrument would be best to measure the volume of a liquid?,363,B
364,Which is an example of a chemical change?,364,B
365,Life is more likely to be found on a planet whose atmosphere contains abundant,365,D
366,What supplies most of the energy that plants need to make food?,366,A
367,Which tool could be used to help someone count the number of ladybugs on a leaf?,367,B
368,Which object in our solar system reflects light and is a satellite that orbits around one planet?,368,A
369,The brown fur of the arctic hare turns white in winter. How does this color change most likely help the arctic hare?,369,A
370,Which unit of measurement describes an object's length?,370,B
371,Which of these conditions would most likely be shown in the fossil record as a reason for mass extinctions?,371,D
372,Which sequence correctly shows the levels of increasing organization in the human body?,372,D
373,"In the atomic model that includes a nucleus, the positive charge is",373,A
374,Young frogs do not resemble adult frogs. Which term is given to this pattern of development in frogs?,374,D
375,The following statements are from an article in a fitness magazine. Which of these is an opinion?,375,C
376,"Janet learns that Earth is tilted. Due to its tilt, some areas on the surface of Earth experience darkness for an entire day. Which plant process is affected most during this darkness?",376,D
377,"A forest was cleared for the building of a resort, but before construction began, secondary succession set in. Which of these describes why secondary succession appeared so rapidly?",377,D
378,A delta can be seen from the air at the mouth of the Mississippi River. This delta was formed by,378,B
379,What are the products in the chemical reaction below? NaOH + HCl -> NaCl + H_{2}O,379,C
380,What statement describes what happens to the carbon dioxide waste produced by a developing baby during pregnancy?,380,C
381,What best describes objects orbiting in the Kuiper Belt?,381,A
382,Why does tapping a fork against a water glass produce a sound?,382,B
383,Water causes weathering when it,383,B
384,Which of the following converts electrical energy into motion?,384,B
385,What is the main function of a plant stem?,385,B
386,Which organ directly works to protect the human body from disease?,386,C
387,Scientists found fish fossils in the desert. What do the fossils tell about this environment when the fish were alive?,387,D
388,Which of the following energy conversions takes place in a battery-operated flashlight?,388,D
389,Which cellular structure allows nutrients to pass into cells?,389,B
390,Which change in the environment would have a negative effect on the survival of a species in an ecosystem?,390,D
391,"Colored alcohol is used in some glass thermometers. When placed in air of different temperatures, the column of alcohol rises or falls in the glass thermometer. Which of the following best explains why the height of the alcohol column changes?",391,A
392,What type of precipitation occurs when raindrops freeze as they fall?,392,A
393,Which ability is the most useful for making observations?,393,D
394,Which of these cycles takes 24 hours?,394,A
395,Copernicus changed the way people viewed the solar system by,395,A
396,The stages in the life cycle of an organism are shown below. birth -> growth -> development -> reproduction -> death In which life cycle stage will a new organism be made?,396,B
397,A recycling plant manager needs to melt 1500 kg of scrap copper to sell to a wire manufacturer. The copper is at 15°C and its melting point is 1083°C. The copper has a specific heat of 385 J/kg x K. How much heat is required to raise the temperature of the copper to its melting point?,397,D
398,The change in fur color of the Arctic hare from brown in the summer to white in the winter is an example of,398,B
399,Which method could be used to separate a solution of table salt and water?,399,D
400,"In making a pizza, which process involves a chemical change?",400,A
401,"In the 1600s, Galileo Galilei studied the moons of Jupiter. What did Galileo do to make better observations?",401,1
402,How does an ecosystem benefit when leaves fall from a tree and decompose on the soil?,402,A
403,About how many Earth days does it take the Moon to travel around Earth?,403,D
404,"When plants and animals die, which organisms help return nutrients to the food chain?",404,B
405,Which of the following would be more likely to pollute a river?,405,3
406,Students are studying some leaves. They group the leaves by shape. Which science process are the students using when they put the leaves in different groups?,406,A
407,"When using more than the recommended amounts of pesticide on farmland, yards, and gardens, what is most likely to occur?",407,A
408,Gasoline for cars is produced from fossil fuels. Using gasoline can most likely lead to which environmental problem?,408,B
409,"As the human population increases, more fossil fuels are being used. The burning of fossil fuels produces greenhouse gases. How might humans reduce greenhouse gases?",409,A
410,"Hydrogen is located on the left side of the periodic table in the same column as the alkali metals, but it has characteristics of a nonmetal. Which of the following is a physical property of hydrogen?",410,B
411,Where is the first place a scientist should present new research data about the structure of a galaxy in order to receive the most appropriate review of the research?,411,D
412,Evidence that living things have evolved over hundreds of millions of years can be found in,412,C
413,Which of these is a function of a leaf?,413,D
414,Which two systems of the body are interacting when a runner sprains his ankle?,414,C
415,Environmental organizations have asked businesses to take action to reduce waste. Which of the following changes could a business make in order to become more “environmentally friendly”?,415,A
416,Why does tapping a fork against a water glass produce a sound?,416,A
417,"In a large forest with many animals, there are only a small number of bears. Which of these most likely limits the population of bears in the forest?",417,D
418,Atmospheric greenhouse gases help heat the atmosphere by,418,D
419,"If an object is attracted to a magnet, the object is most likely made of",419,D
420,Which cell structure carries out a function for a cell that is similar to the function that bark carries out for a tree?,420,D
421,Light waves are arranged in the electromagnetic spectrum by,421,D
422,Genes are located on chromosomes which are composed of,422,A
423,Arctic areas are covered with snow and ice for much of the year. Which color rabbits would be safest from foxes there?,423,B
424,Scurvy is a disease that sailors often got on long voyages. It was discovered that scurvy could be prevented by eating oranges and lemons. This suggests that scurvy is a disease caused by,424,B
425,Which of the following processes is an important part of star formation?,425,C
426,Why is it important to have a large sample size in an investigation?,426,D
427,"A meeting of scientists, called a symposium, occurs every year to share recent research about the atmosphere of Earth. This symposium mainly serves which purpose in science?",427,B
428,Which would provide evidence of seafloor spreading?,428,A
429,Why is the ozone content of the stratosphere important to living organisms?,429,A
430,Which of these cell parts contain instructions for the passage of traits from one generation to the next?,430,D
431,Which action is an example of an exothermic process?,431,C
432,How does repeating an experiment improve the likelihood of obtaining accurate results?,432,B
433,The following represents a number displayed on a calculator. 1.454545 E3. Which of the following shows how a student should record this number in a laboratory report?,433,A
434,"When large areas of the rainforests are cleared and burned, climate can be affected. Which best explains how rainforest destruction can contribute to the greenhouse effect?",434,D
435,Onions can reproduce from bulbs. One parent bulb generates daughter bulbs with duplicate genetic information. Which is the most likely advantage of this kind of reproduction?,435,3
436,Structural geologists study rock formations to determine the type of environment in which the rocks formed and the events that shaped the rocks. Paleontologists study fossils found in rock formations. Scientists in both these fields have a common interest in discovering the,436,A
437,Why should plants be included in investigations about the water cycle?,437,D
438,Oxygen reacts with iron to produce rust and with hydrogen to produce water. Which statement describes both reactions?,438,A
439,"Students are learning about the natural resources in Maryland. One group of students researches information about renewable natural resources in the state. The other group researches information about nonrenewable natural resources in the state. The resources the students investigate include plants, animals, soil, minerals, water, coal, and oil. Which nonrenewable natural resource heats homes?",439,D
440,Which of these living things in a grassland ecosystem depend on the presence of a variety of bacteria and other microorganisms in the soil?,440,C
441,"In order to record the passing of a distant comet, which instruments would be the most useful?",441,C
442,Why would explorers use a compass when traveling to unknown lands?,442,B
443,Which is the best plan to make the fossil fuel supply last longer?,443,B
444,"Denise was driving east over a hill in the afternoon, shortly after a rain shower. Suddenly the sun broke through the clouds, and she saw a rainbow ahead of her. Which of the following made the rainbow possible?",444,C
445,Which statement explains why light from the Sun can warm up water in a glass?,445,1
446,Amylase is a chemical that decomposes starch into maltose and dextrin. Which best describes the role of amylase in the human body?,446,C
447,Diseases that can be transmitted between organisms are,447,A
448,The scientific name for a giraffe is Giraffa camelopardalis. What two levels of classification does this name represent?,448,B
449,Which stage in the reptile life cycle is most like the birth of a lion cub?,449,B
450,Which of these elements is found in the greatest amount in organisms?,450,C
451,Changes to abiotic factors in an environment can impact biotic factors. Which statement is the BEST example of this situation?,451,B
452,A student is growing some plants for an experiment. She notices small white spots on the leaves. Which tool should she use to get a better look at the spots?,452,B
453,Which are the best tools to use for growing and studying bacterial cultures?,453,B
454,Which characteristic of a volvox colony makes it more like a multicellular organism than a simple cluster of unicellular organisms?,454,3
455,Which stage in the reptile life cycle is most like the birth of a lion cub?,455,D
456,Improvements in farming technology would most likely,456,B
457,What is the main source of energy that causes water to evaporate from the surface of Earth?,457,B
458,Many people like to use microwave ovens rather than traditional ovens. The main reason for this is that microwave ovens,458,D
459,What form of energy causes an ice cube to melt?,459,C
460,Which resource is most likely found in large amounts in forest ecosystems?,460,B
461,A teacher places an item in a box. The item takes the shape of the entire container. This item is most likely,461,B
462,Scientists recorded the hourly temperature at a weather station for the month of July and want to quickly measure a trend over time in temperature changes. Which of these formats would be the most appropriate representation of the temperature data to quickly measure any trend?,462,D
463,The aloe plant can absorb a lot of water during a rain shower. The extra water is stored in its leaves. The ability to store water in its leaves is most likely an adaptation to which type of environment?,463,4
464,Which of the following statements best explains how the decomposition of plant and animal matter helps to form rich soils?,464,A
465,Rocks in warm and humid environments can be weathered faster than rocks in other environments. Which is most likely the next step in the rock cycle for weathered rocks?,465,B
466,Which of these describes a chemical change?,466,C
467,A researcher determines a cell has a flexible cell wall composed of peptidoglycan. This observation narrows possible classifications of the cell to which taxonomic group?,467,C
468,"Which of the following eras is known as the ""Age of Mammals""?",468,D
469,"Mitosis occurs in living things when a cell divides to produce two cells. Compared to the original cell, how many chromosomes are in each of the resulting cells?",469,B
470,What best describes objects orbiting in the Kuiper Belt?,470,D
471,An engineer constructs a prototype from wood. Which of the following is the best tool for the engineer to use to make the prototype's surface smooth?,471,B
472,Which is an example of a different substance being formed?,472,A
473,"Tay-Sachs disease is a recessive genetic disorder. If only one gene is present, an individual is a carrier. What is the probability of two healthy Tay-Sachs carriers having a child that has the disease?",473,B
474,"After mining removes layers of rock from a hillside, new plants begin to grow in the cracks of the bare rock. The plants beginning to grow are an example of which natural process?",474,D
475,Which of the following best explains why the tectonic plates of Earth move?,475,B
476,Which group of organisms would all be found living in a tropical rain forest?,476,A
477,Which is a physical property of an apple?,477,D
478,Certain fossils can be used to help determine the age of the rock layer in which the fossils are found. Which type of fossil is best to use when making this determination?,478,B
479,Birds eat non-camouflaged moths at a higher rate than they eat camouflaged moths. In which situation would birds eat the moths at the slowest rate?,479,C
480,"During winter, the white fur of an arctic fox blends in with the snow. This adaptation is called",480,3
481,The mathematical model for calculating speed is shown below. Speed = distance/time. An airplane traveled 700 kilometers in two hours during a trip. What was the average speed of the plane during the trip?,481,D
482,Which of these is a freshwater reservoir?,482,B
483,The greatest amount of diversity can be found among which type of organism?,483,A
484,Which effect do rapidly cooling temperatures have on the water cycle?,484,C
485,Where would animals and plants be most affected by a flood?,485,A
486,A robin catches and eats a cricket. Which statement best describes the roles of each animal?,486,D
487,What most likely happens to soil when crops are not rotated from year to year?,487,C
488,Which of the following groups of organisms uses sunlight to convert carbon dioxide and water into sugar and oxygen?,488,C
489,"When a soccer player kicks a ball, which two systems work directly with the muscular system?",489,B
490,The sound heard when a piano key is hit is caused by,490,C
491,Many areas of Massachusetts have small deep ponds called kettle ponds. Which of the following best explains the formation of these ponds?,491,C
492,A student uses a hand lens to observe which of these objects?,492,D
493,"Mrs. Henderson's class has five small, covered boxes. One contains perfume; another contains dried onions. There is also a box of pine needles, a box of lemon pieces, and a box with a paper towel wet with vanilla flavoring. Which should they do to get the best information about what is in each box?",493,B
494,Light rays are focused by the lens of a camera through the process of,494,D
495,"A hydrologist studies the location, movement, and quality of water. A hydrologist recognizes the importance that water exists as ___.",495,2
496,Which of the following gases do plants use in photosynthesis?,496,C
497,"When two objects are touching, heat is transferred from the warmer object to the cooler one by",497,D
498,Ninety-nine percent of the mass of an atom is located in,498,C
499,A student proposes the rate of increase in a plant's mass will be proportional to the length of light exposure per day when all other variables are constant. How should this proposal be classified?,499,B
500,What happens to metal railroad tracks during the heat of a summer day?,500,A
501,Planting legumes in order to add nitrogen to soil most likely causes,501,A
502,Which best explains the importance of nitrogen in the cycling of energy and matter?,502,B
503,Light enters the human eye through the,503,C
504,"If two objects are two meters apart, which of these changes will increase the gravitational force between the two objects?",504,C
505,Changes in the weather are important to people living in Alaska. Which two tools best help scientists to share information about weather?,505,B
506,A student is designing a model of the solar system and writing a report. She is trying to be as accurate as possible. Which statement should she include in her report?,506,A
507,What advantage is gained by using radio telescopes as opposed to optical telescopes?,507,C
508,Which of the following correctly orders part of a fish's respiratory system from the least complex to most complex?,508,B
509,One student wrote a report about an investigation in which fertilizer was added to tomato plants. Which information from that student's report would most help a second student repeat the investigation?,509,D
510,Mount St. Helens was a cone-shaped mountain that formed when molten material reached the surface of Earth and formed layers. Cone-shaped mountains form as a result of which one of these events?,510,A
511,"When a dog smells food and begins drooling, it is responding to an external stimulus. Which of these describes a response to an internal stimulus?",511,D
512,Which observation of a plant supports the inference that photosynthesis can take place?,512,D
513,Which object is made to reflect light?,513,C
514,A scientist studies the remains of two extinct animals to learn more about how they lived. She determines that one animal was a carnivore and the other was an herbivore. Which of the following did the scientist most likely compare to make this conclusion?,514,A
515,"Alicia gives her brother a push while he is seated on a swing. She finds that after a few seconds, she needs to push again to keep him going. The reason her brother slows down is because the mechanical energy is converted into",515,A
516,Arctic areas are covered with snow and ice for much of the year. Which color rabbits would be safest from foxes there?,516,C
517,"Air in the atmosphere is heated unevenly by the sun, causing",517,C
518,Which object used in an experiment can safely be recycled?,518,B
519,What can a moving magnet in a coil of copper wire cause?,519,D
520,Which of the following events involves a consumer and producer in a food chain?,520,C
521,"Which substance is usually found in nature as a liquid, solid, and gas?",521,B
522,The crude oil extracted today was formed millions of years ago from the fossilized remains of algae and other tiny marine organisms. Most parts of the organisms decomposed soon after they died. Which biomolecules decomposed more slowly and became the basis of crude oil?,522,A
523,Which illness is associated with a weakened immune system in the body?,523,B
524,Which object refracts light?,524,D
525,Asexually produced offspring are genetically,525,A
526,All matter is made up of particles called,526,C
527,"Blood is composed of different cell types that transport nutrients and wastes throughout the body. Because of this, blood is classified as",527,C
528,Which would most likely be the characteristic of an object with a small volume and large mass?,528,B
529,Which of the following is an example of genetic engineering?,529,C
530,A student observes a glowing band across the night sky. This glowing band is most likely,530,D
531,Which renewable resource is used with photovoltaic cells to produce electricity?,531,B
532,Automobile engines built today are designed to be gas efficient. Gas-efficient engines most likely affect a city by reducing,532,C
533,There is a thunderstorm close to your house. The windows rattle at the same time that you hear the thunder. What causes the windows to rattle?,533,B
534,Which human organ system primarily exchanges gases between the body and the atmosphere?,534,A
535,Directions Read the information about wind erosion then answer the question. Wind can cause erosion that changes the surface of the Earth. Wind erosion can have negative effects on the environment by removing soil and polluting the air during dust storms. Walter wanted to find out if faster wind speeds increased the amount of wind erosion. Which instrument should he use to measure wind speed?,535,3
536,Which event becomes more likely during a drought in a prairie ecosystem?,536,B
537,"In a desert environment, cactus wrens often build their nests in cholla cacti to avoid predators. This behavior does not hurt the cacti. Which type of relationship do cactus wrens and cholla cacti demonstrate?",537,C
538,How would a drought most likely affect the plants of a grassy plain?,538,D
539,The action of turning off the water while brushing teeth is an example of,539,A
540,Condensation in the water cycle can best be described as the result of water vapor,540,B
541,Which statement best explains Earth's day and night cycle?,541,B
542,Movement of Earth's crust along plate boundaries produces,542,A
543,Termites eat wood but cannot digest it. Protozoans live in the termites' stomachs and use enzymes to break down the wood. The digested wood provides nutrition for both the termites and the protozoans. What type of relationship is this?,543,C
544,Which part of a plant produces the seeds?,544,B
545,Biologists have discovered that the beluga whales of Canada's St. Lawrence River have the highest rates of cancer among animals. What is most likely the reason for this high incidence of cancer in these whales?,545,3
546,Which conclusion can be made about earthworms because they do not have an internal skeleton?,546,C
547,Which is an example of a physical change?,547,C
548,What two gases make up most of the Earth's atmosphere?,548,A
549,Which of the following systems breaks food into nutrients that can be used by the body?,549,A
550,Several dinosaur bones are discovered buried in volcanic ash. The type of dinosaur can best be identified by,550,D
551,Which pair of English and metric units has most nearly the same value?,551,B
552,Which is a reason for Arkansas having multiple seasons?,552,B
553,"Which of the following was probably most important in the formation of dark, fertile soil that is good for farming?",553,C
554,Which object will most likely be attracted to a magnet?,554,A
555,Which landforms are most like hills but are much taller?,555,B
556,Many processes on Earth occur at or near tectonic plate boundaries. Which geological events are most common along tectonic plate boundaries?,556,D
557,Which of these objects is visible because it reflects light toward the eye?,557,D
558,"Sugar is composed of carbon, hydrogen, and oxygen. Sugar is an example of which of the following?",558,C
559,Which force keeps the planets in their orbits around the Sun?,559,1
560,Howie put his plants under a plant light. What was he helping his plants do by providing light?,560,A
561,Which statement is true for all objects?,561,C
562,"When the lighted half of the Moon faces the Sun and the dark half faces Earth, the phase of the Moon viewed from Earth is called the",562,D
563,A common characteristic of all living things is that they,563,A
564,Oxygen reacts with iron to produce rust and with hydrogen to produce water. Which statement describes both reactions?,564,A
565,Which of these makes it possible for hurricanes to form?,565,D
566,What do all mammals have in common that distinguishes them from birds?,566,A
567,Which is a process that converts sunlight energy into a compound that stores chemical energy?,567,D
568,Which of the following devices relies on electromagnetic radiation in the radio wave region of the spectrum for operation?,568,D
569,Eye color in human beings is an,569,C
570,The measure of the amount of light received on Earth from a star is known as,570,C
571,A student wants to look under a heavy rock. Which simple machine would be BEST to use to lift the rock?,571,B
572,What is the MAJOR role of the Sun in the water cycle?,572,B
573,A rock has most likely traveled a long distance from its place of origin if it is,573,B
574,Which of these must occur for sediments to form new rock?,574,D
575,Which of the following energy conversions takes place in a battery-operated flashlight?,575,D
576,What is the relationship between tissues and organs?,576,B
577,"Chromosome mutations involve the deletion or duplication of many genes. The effects of chromosome mutations are often much greater than mutations within a single gene, because chromosome mutations",577,D
578,A student recorded the amount of rain that fell in one year in his city. What is the best way for him to organize his information?,578,D
579,"The metal lid on a glass jar is hard to open, so it is held under warm, running water. What causes the jar to open easily after it was held under the water?",579,B
580,A student proposes the rate of increase in a plant's mass will be proportional to the length of light exposure per day when all other variables are constant. How should this proposal be classified?,580,3
581,"In a laboratory activity, four different types of rock were placed in identical acid solutions for one week. Each sample was then measured to see if any of the rock mass was dissolved by the acid solution. Which is the dependent (responding) variable in this activity?",581,C
582,The stages in the life cycle of an organism are shown below. birth -> growth -> development -> reproduction -> death In which life cycle stage will a new organism be made?,582,1
583,Which of these explains how a trench can form?,583,C
584,Which unit is used to indicate the amount of energy in food?,584,A
585,What happens to water molecules during the boiling process?,585,D
586,Which of the following heat exchange processes involves the collision of particles?,586,B
587,Strong winds have the ability to uproot large trees in a wooded area. Which of these organisms would most likely benefit from this change in a habitat?,587,C
588,Most sedimentary rock is made from sediments of other rock. Which of these processes would the sediments most likely go through to form sedimentary rock?,588,A
589,Which of the following converts electrical energy into motion?,589,D
590,"When someone plays the flute, sound is produced because the air in the flute is",590,C
591,Frame construction predominates in the New England area due to the abundance of,591,1
592,The Sun appears larger than other stars because of its,592,4
593,Which of the following is visible through a reflecting telescope?,593,D
594,Which statement is true for all objects?,594,B
595,Which items would best protect a group of students while investigating a forest ecosystem?,595,B
596,"During photosynthesis, plants absorb light energy from the Sun and convert it into chemical energy in the form of glucose. Which compounds combine in the presence of sunlight to form glucose?",596,C
597,Measurements of carbon dioxide concentrations in the air taken over the past decade have shown a,597,D
598,Which group of organisms can make food by a process called chemosynthesis?,598,A
599,Which of these environmental changes goes on for months or years?,599,A
600,Which is needed for both boiling and melting to occur?,600,A
601,Which of these is an organism that is unicellular?,601,C
602,Frogs and salamanders compete with each other for insects. Both frogs and salamanders catch flying insects with their tongues. Which feature would most likely help both animals compete for flying insects?,602,C
603,Increased nutrient levels in lakes can cause ecological changes that result in the death of many fish. At what point in the hydrological cycle are most nutrients deposited into lakes?,603,A
604,"The population of which of the following 26 organisms would most likely decline if small animals like rats, rabbits, and snakes were eliminated from an ecosystem?",604,3
605,Gasoline for cars is produced from fossil fuels. Using gasoline can most likely lead to which environmental problem?,605,B
606,Which invention will best help people travel quickly to far away places?,606,B
607,Which provides the oldest evidence for oxygen accumulation in Earth's atmosphere?,607,B
608,Meiosis contributes to the process of reproduction by producing what type of cell?,608,B
609,This in turn causes the average temperature on Earth to rise. Which of the following observations supports that theory?,609,B
610,Which of the following is a characteristic of all chemical changes?,610,C
611,A pencil falls off of a desk. What moves the pencil toward the floor?,611,A
612,Which characteristic below most likely accounts for our limited knowledge of galaxies?,612,D
613,Which of these cycles takes 24 hours?,613,B
614,"In 1918, an outbreak of influenza infected 500,000 people all over the world. Tens of millions of those infected died. In 1994, an outbreak of pneumonic plague spread quickly through the city of Surat in India, killing 52 people. Which statement best describes the two events?",614,B
615,Which of the following is found in all living organisms?,615,D
616,Which landforms are most like hills but are much taller?,616,C
617,You wish to closely observe a small insect. Which tool is the best to use?,617,3
618,The BEST way to tell the DIFFERENCE between an oak and a maple tree is to compare the,618,2
619,"Magnesium strips are long, thin strips that are gray and shiny. Which action will lead to a chemical change of magnesium strips?",619,A
620,Cells in the body use oxygen (O2) for cellular respiration. Which is the result of cellular respiration?,620,C
621,Which of the following best explains why the Sun appears to move across the sky every day?,621,B
622,The main function of hormones in the human body is to,622,D
623,Soda water is a liquid that has bubbles of carbon dioxide in it. Which term best describes soda water?,623,C
624,A snail's shell provides the snail with,624,C
625,Joanne wants to investigate factors that affect different patterns of the flight of bees. Which step in the scientific method must she follow before forming a hypothesis?,625,C
626,Delilah put a container of water in the freezer and left it there overnight. The next morning she saw that the water in the container had changed to ice. Which of the following statements best explains why the water changed to ice?,626,B
627,Which of these is an example of an endothermic process?,627,C
628,Which event is most likely to increase the genetic variation in a population of organisms?,628,A
629,"When compared to current average conditions, which term would best describe conditions in Earth's lower atmosphere if greenhouse gases were absent?",629,B
630,Which action is an example of good water management?,630,D
631,"Paleontologists often find and study the remains of ancient plants and animals. When the remains of ancient plants and animals are covered by layers of sediment over time, the remains",631,D
632,"Deforestation in the rainforest can lead to localized extinctions of populations of some organisms. Once an area is deforested, which is most likely to decrease and result in organisms' extinctions?",632,3
633,"An area received six inches of snow during the winter. Before the snow can continue through the water cycle as ground water or runoff, it must first ___.",633,A
634,Which is the most likely response of a human to an increase in temperature?,634,2
635,Most stars are similar to each other in,635,A
636,A student wraps a wire around an iron nail. The student then connects the wire to a battery. The nail attracts another nail and they stick together. What force holds the two nails together?,636,B
637,"During a lab investigation, students were asked to determine the best way to clean up an oil spill using different materials. Investigation Materials • filter paper • foam sponge • metal wire screen • thin sock filled with hair The students tested the materials by placing each material into separate buckets containing oil and water. They recorded their observations on which material absorbed the most oil. Why would the students' teacher ask them to repeat their tests?",637,B
638,A group of scientists predicts that Earth's oceans will be able to take up more carbon dioxide as atmospheric carbon dioxide levels increase and the atmosphere warms. Which of these statements about the solubility of gases in ocean water would lead you to question this prediction?,638,C
639,Which of the following gases do plants use in photosynthesis?,639,C
640,Which best explains why a person infected with bacteria may have a fever?,640,D
641,"An Italian scientist named Alessandro Volta invented the Voltaic pile in 1800. It was able to produce a steady electrical current. Based on this description, what is the modern equivalent of the Voltaic pile?",641,A
642,Which of these organisms has cells with cell walls?,642,A
643,Which of the following causes a ship’s iron anchor to sink to the ocean floor when it is released overboard?,643,A
644,Which of the following events involves a consumer and producer in a food chain?,644,C
645,A newborn kangaroo has the ability to crawl into its mother's pouch to drink milk. This is an example of,645,B
646,What relationship exists between a dog and its fleas?,646,C
647,A scientist plans to investigate the nervous system of sea slugs. What should the scientist do first?,647,C
648,"When a large oak tree is cut down in a forest, it leaves a gap in the forest canopy which allows smaller trees to quickly grow in the available sunlight. Which interaction is best represented among the smaller trees?",648,A
649,Why should plants be included in investigations about the water cycle?,649,B
650,Chemical pesticides are sometimes sprayed on crops to kill insects that eat the crops. People have different viewpoints about the use of pesticides on crops. What might be a concern about using pesticides on the crops?,650,C
651,Planting legumes in order to add nitrogen to soil most likely causes,651,B
652,"If an environment becomes warmer and drier, the change that would most likely help a species adapt would be an increase in its",652,B
653,"Sodium chloride, commonly called ""table salt,"" is made up of sodium and chlorine that have been combined chemically. Which term best describes sodium chloride?",653,B
654,Which of the following would be most useful for calculating the density of a rock sample?,654,B
655,An ecosystem is a community of organisms interacting with their physical environment. Why are decomposers an important part of ecosystems?,655,C
656,Harmful ultraviolet rays from the Sun are primarily absorbed by,656,A
657,"Which scientist studied biology by traveling by ship to different islands observing animal life, and developed a hypothesis about how species change?",657,D
658,What is the MAJOR role of the Sun in the water cycle?,658,B
659,"At room temperature, what state of matter is copper?",659,B
660,The topography of Nevada is dominated by basins and mountain ranges associated with which geological phenomena?,660,A
661,Chinese and European societies can use different but effective technologies when addressing medical questions. What does this demonstrate?,661,B
662,A class learns about weather. The students in the class measure the outside air temperature at the same time each day. Which way of measuring the temperature would provide the most accurate data?,662,C
663,A scientist needs to take a picture of the well-ordered arrangements of the atoms and molecules within a substance. Which of the following instruments would be best for the scientist to use?,663,A
664,What is determined by the speed that Earth rotates on its axis?,664,B
665,"Nevada is much drier than regions in California that are at the same latitude. Compared to these regions in California, which feature of Nevada contributes most to this dry climate?",665,C
666,The most effective way to show a change happening over time is to display your results using a,666,C
667,What is the main function of a plant stem?,667,D
668,A recycling plant manager needs to melt 1500 kg of scrap copper to sell to a wire manufacturer. The copper is at 15°C and its melting point is 1083°C. The copper has a specific heat of 385 J/kg x K. How much heat is required to raise the temperature of the copper to its melting point?,668,2
669,Which of the following is an example of a container that is filled with a pure substance rather than with a mixture?,669,D
670,Which method could be used to separate a solution of table salt and water?,670,C
671,An example of a renewable resource is,671,B
672,Which stimulus causes a porcupine to extend its quills?,672,B
673,Scientists who have studied global climate changes have found that the average temperature of Earth has risen. There has also been an increase in the accumulation of atmospheric greenhouse gases. What is the goal of the scientific community in collecting this type of data?,673,B
674,Which units are best to measure the amount of rain that fell during a thunderstorm?,674,B
675,"Large populations of tortoises inhabited the Galapagos Islands before humans. When humans settled on the islands and introduced goats, the number of tortoise declined. What is most likely the explanation for the decrease in the tortoise population?",675,B
676,Which of the following processes is an important part of star formation?,676,A
677,Which part of a strawberry plant absorbs most of the water needed by the plant?,677,B
678,What happens to water molecules during the boiling process?,678,A
679,"Rocks can be classified many different ways, including as igneous, metamorphic, and sedimentary. This classification is based on the",679,D
680,"When oxygen combines with hydrogen, which substance is formed?",680,D
681,"Which system supports the body, protects internal organs, and makes blood cells?",681,C
682,What happens when water flows over a rock for a long period of time?,682,D
683,Which of the following is an abiotic factor that can influence the quantity of fish a pond can support?,683,B
684,Which of the following best describes the number of chromosomes in a normal human liver cell?,684,A
685,The first step in the water cycle is evaporation. What gives water the energy to evaporate?,685,D
686,Students planned an investigation that included adding a quantity of vinegar to a small amount of baking soda. Which is the best tool to measure the volume of the liquid vinegar used in the investigation?,686,A
687,What event happens in a daily cycle?,687,A
688,Which action involving a pulley system requires the least amount of force?,688,B
689,How far from Earth is an object that is 10 light years from Earth?,689,D
690,"According to Darwin's theory of evolution, the variations among finches that he observed in the Galapagos Islands resulted from",690,A
691,What is the primary source of energy for organisms from a beach ecosystem?,691,C
692,"When a dog smells food and begins drooling, it is responding to an external stimulus. Which of these describes a response to an internal stimulus?",692,C
693,A baby kit fox grows to become an adult with a mass of over 3.5 kg. What factor will have the greatest influence on this kit fox's survival?,693,B
694,What causes the soil in a flood plain to be generally rich in nutrients?,694,D
695,"In 1872, the United States created a national park called Yellowstone. The park includes more than two million acres in the three states of Idaho, Montana, and Wyoming. Which statement best explains why national parks have a positive effect on ecosystems?",695,C
696,Which sentence describes a characteristic of offspring produced by sexual reproduction?,696,A
697,"Air in the atmosphere is heated unevenly by the sun, causing",697,C
698,Why should scientists wear goggles during experiments?,698,D
699,"In 1872, the United States created a national park called Yellowstone. The park includes more than two million acres in the three states of Idaho, Montana, and Wyoming. Which statement best explains why national parks have a positive effect on ecosystems?",699,C
700,"In some communities, forests are cleared through burning, and the deforested land is used for farming. Which of these is a negative consequence of this practice?",700,B
701,Which items would best protect a group of students while investigating a forest ecosystem?,701,B
702,Most sedimentary rock is made from sediments of other rock. Which of these processes would the sediments most likely go through to form sedimentary rock?,702,B
703,"In Costa Rica a small tree, the acacia, provides shelter and food for ants. The ants protect the acacia by removing other insects and vines that might harm it. Which term best describes the relationship between the acacia and the ants?",703,D
704,Sound waves can pass through all of these except,704,A
705,Improvements in farming technology would most likely,705,D
706,Some types of trees are able to survive the heat of a forest fire. Which of the following characteristics would best help a tree survive a fire?,706,C
707,The motion of Earth is responsible for several celestial events. Which of the following events is caused by Earth revolving around the sun?,707,A
708,Some butterflies live an average of two weeks. This period of time is called a life,708,C
709,Conjugation in a paramecium differs from sexual reproduction in volvox because conjugation,709,A
710,"When the Northern Hemisphere is tilted toward the Sun, what season is occurring in Australia?",710,C
711,Which element is necessary for the formation of coal?,711,B
712,What is the repeating monomer of a DNA molecule?,712,3
713,Scientists think that dolphins and whales may have evolved from a common ancestor. What evidence supports this hypothesis?,713,2
714,"If you wanted to be able to look at the stars, the planets, and the Moon more closely, what should you use?",714,B
715,Which of the following best describes the number of chromosomes in a normal human liver cell?,715,A
716,Joanne wants to investigate factors that affect different patterns of the flight of bees. Which step in the scientific method must she follow before forming a hypothesis?,716,A
717,Smoking harms the body in many ways. It is most harmful to which organ?,717,C
718,How are cells able to produce the proteins required by certain conditions?,718,D
719,Which process has most likely occurred when new traits appear in a species?,719,C
720,"In 1987, a supernova was detected in the Large Magellanic Cloud galaxy, which is approximately 169,000 light years from Earth. Which event produces a supernova?",720,3
721,What is the main function of a plant stem?,721,B
722,Decomposers are organisms that eat and break down dead plant and animal material. Which organism is a decomposer?,722,D
723,All rocks are composed of,723,D
724,Which kind of rock is produced by deposition and cementation?,724,A
725,Which of the following could limit the supply of a renewable resource?,725,D
726,"A population of small, plant-eating beetles lives in a forest. About half of the beetles are light brown and the others are dark green. If years of drought cause the area to become dry with few trees, what would the beetle population most likely look like after several generations?",726,C
727,Which is an example of a physical change?,727,B
728,The main function of a duck's webbed feet is to help the duck,728,C
729,The body is able to detect pressure on its surface by which direct means?,729,D
730,"Some schools have programs to recycle paper products such as student papers, newspapers, and cardboard boxes. Which of these statements describes a positive effect of recycling paper products?",730,C
731,Which statement describes animal embryos?,731,C
732,Sharpening a pencil and tearing paper are examples of physical changes. Which statement describes why these are physical changes?,732,2
733,"What is an environmental threat posed by oil and gas acquisition and transport that is not posed by the acquisition and transport of the energy resources uranium, and wood?",733,D
734,"Which substance is usually found in nature as a liquid, solid, and gas?",734,C
735,What most likely happens to soil when crops are not rotated from year to year?,735,B
736,A homeowner wants to use a renewable resource to heat the home. Which resource would be the best to use?,736,A
737,What is the main source of energy that drives all weather patterns?,737,B
738,The smallest part of an element that retains the properties of the element is the,738,C
739,Plants on hills keep dirt in place during a rain storm. Plant roots grow into the dirt and keep the dirt from moving. Why do roots grow into the dirt?,739,1
740,What is a decomposer?,740,D
741,Earth is composed of layers of material with different properties. Which of the following is most likely to be in constant motion?,741,B
742,Which measurement tool is used to find the volume of a small piece of granite?,742,C
743,"A student notices dogs have more fleas in the summer than in the winter. Based on these observations, which is the most logical question for the student to investigate?",743,A
744,Temperature is the measurement of which type of energy?,744,C
745,The comet Shoemaker-Levy struck the planet Jupiter in July of 1994. The process of a comet striking a planet is an example of a net decrease in kinetic energy. Kinetic energy was ultimately converted into,745,C
746,When can producers make the most food?,746,C
747,In which way are evaporation and condensation similar?,747,B
748,The formation of coal deposits occurred over millions of years. Which feature was most responsible for these deposits?,748,1
749,Which material is most easily recycled at school?,749,D
750,"Sodium chloride, commonly called ""table salt,"" is made up of sodium and chlorine that have been combined chemically. Which term best describes sodium chloride?",750,C
751,What determines if twins are identical?,751,C
752,Which is an example of an organism that has been selectively bred for a particular genetic trait?,752,C
753,Which change would have the greatest negative impact on the survival of an owl species?,753,A
754,During a lab investigation a scientist heats a solid substance. The scientist observes that the solid has two different melting points. The scientist is able to separate the two resulting liquids. Which statement best classifies the original solid substance?,754,D
755,An abiotic factor that most influences the organisms living in a salt marsh is,755,D
756,Which renewable resource is used with photovoltaic cells to produce electricity?,756,D
757,What is the highest temperature that water can reach in a pot on a stove?,757,A
758,Arteries and veins are two important parts of the circulatory system. What is the relationship between arteries and veins?,758,D
759,A student was taking notes while the teacher was discussing cells. Which of these is a statement that the teacher most likely made?,759,B
760,Blood absorbs oxygen in the,760,A
761,A mixture of powdered iron and sulfur is heated. What will be formed?,761,B
762,"In an atom, protons plus neutrons make up the atom's",762,A
763,"When a frying pan is placed on an electric stove top, heat energy is transferred from the burner to the pan by",763,D
764,A student uses a telescope to view stars at night. The student notices some of the stars are different colors. The color of a star is determined most by its,764,D
765,If soil is permeable,765,B
766,Which unit can be used to describe an object's length?,766,B
767,Which organ system is responsible for the exchange of oxygen and carbon dioxide between the body and the environment?,767,A
768,Fossil fuels were formed from,768,D
769,One student wrote a report about an investigation in which fertilizer was added to tomato plants. Which information from that student's report would most help a second student repeat the investigation?,769,B
770,Which of the following can cause erosion?,770,D
771,Which would provide evidence of seafloor spreading?,771,D
772,Which form of energy is found in food?,772,D
773,Which is a nonrenewable natural resource that is used to make electrical energy?,773,D
774,A student is investigating which type of soil is best for growing tomato plants from seeds. The student plants four tomato seeds in each of three different containers of soil. Which step of the procedure would help the student get the most reliable results?,774,A
775,Where are the most reactive nonmetals located on the periodic table?,775,D
776,Some objects conduct electricity. Which object is the best conductor of electricity?,776,C
777,"Stretching is considered an important step before engaging in sports. In an investigation to see whether stretching before physical exertion reduces sports injuries, who would the control group most likely be?",777,A
778,The body maintains equilibrium through a series of messages called a feedback mechanism. What organ releases hormones that maintain balanced glucose levels?,778,C
779,"In the process of photosynthesis, sunlight is converted into",779,A
780,Which statement best describes the climate of Nevada?,780,D
781,"Which gas, when condensed into its liquid state in the atmosphere, forms clouds?",781,B
782,Lori owns a house next to the lake. She uses lots of fertilizer to keep her lawn green. Which impact could fertilizing her lawn have on the lake?,782,C
783,Meteorologists categorize hurricanes based on the Saffir-Simpson scale. The scale measures the intensity and destructive potential of hurricanes. Which factor has the most significant effect on the strength of a hurricane?,783,B
784,"What do playing a guitar, banging a drum, and dropping a pebble in the water have in common?",784,A
785,Which three systems of the human body function together to move and control body parts?,785,B
786,Prairie dogs can run very quickly. This adaptation enables the prairie dog to,786,D
787,The rocks that form most of the Sierra Nevada are granitic rocks. This means that the mountains were most likely formed by,787,D
788,All rocks are composed of,788,B
789,"As more people have moved to the beach, the sea turtle population has decreased. Which is most likely the cause of this decrease?",789,A
790,Which of these is a negative effect associated with some types of new technology?,790,B
791,Who was a leading authority on continental drift in the early 1900s?,791,A
792,A chemist observed bubbling and fizzing after adding an acid solution to a white powdery substance in a beaker. Which of the following can be inferred?,792,B
793,"Of the examples listed, which event is thought by scientists to have led to the greatest extinction?",793,C
794,Which action is the best method to separate a mixture of salt and water?,794,A
795,Which cell part is correctly paired with its function?,795,B
796,Which of the following is most likely to make a rock crack and crumble?,796,B
797,"A gastroenterologist is a doctor who treats problems of the esophagus, stomach, and intestines. Which organ system is cared for by this type of doctor?",797,C
798,Anthony and Zach want to know how the temperature of the air affects the temperature of lake water. Which type of tool should they use to measure the temperatures?,798,A
799,After which event will ecological succession most likely happen?,799,C
800,Which sequence lists the levels of organization in the human body from simplest to most complex?,800,D
801,Which are the best tools to use for growing and studying bacterial cultures?,801,B
802,A patient visits the doctor for a checkup and is diagnosed with skin cancer. Which of the following is the most likely cause of this disease?,802,B
803,Meteorologists categorize hurricanes based on the Saffir-Simpson scale. The scale measures the intensity and destructive potential of hurricanes. Which factor has the most significant effect on the strength of a hurricane?,803,A
804,"In many caves, rock formations include stalactites and stalagmites. Where does the rock in these formations come from?",804,A
805,Human actions can change the rate at which soil erodes. Which of the following would most likely slow the rate of soil erosion?,805,B
806,What tool is used to determine the mass of an object?,806,B
807,Which tool would best help a person observe the parts of a plant cell?,807,D
808,A student wants to find the most accurate account of a scientific discovery that took place within the past three months. In which of these sources should the student look?,808,C
809,"According to the Big Bang Theory, which element most likely formed first?",809,B
810,Which of these is the main contributor to the formation of hurricanes?,810,B
811,"Intense heat and pressure in Earth's crust can change sandstone into quartzite. During this metamorphosis, many properties of these rocks change. Which property of these rocks will most likely remain the same?",811,B
812,Tony is studying ladybugs in a garden. Which of these would BEST help Tony to count the spots on a ladybug?,812,C
813,"In some national parks, controlled fires are maintained by firefighters. Which of these is one of the major reasons for using controlled burns to maintain certain ecosystems?",813,A
814,"Which of these are broken down during chemical, but not physical, changes?",814,A
815,In which oceanic zone do clams and crabs survive by burrowing in the sand?,815,D
816,What is the role of chlorophyll in photosynthesis?,816,C
817,"A student wants to figure out how many calories are needed to perform various activities. A list of some everyday activities is made, and the number of calories burned during each activity is recorded. Which method is the best way for the student to display and evaluate the information?",817,A
818,Which is the best example of evaporation?,818,D
819,Which technological advancement has done the most to improve the accuracy of weather predictions?,819,B
820,"When an atom loses or gains an electron, it changes",820,C
821,"At a weightlifting competition, two competitors lifted the same weight to the same height. The second competitor accomplished the lift 2 seconds faster than the first competitor. This demonstrated that the second competitor had more",821,A
822,How are animals that prey on other animals classified?,822,D
823,"The process of digestion breaks down proteins into smaller molecules that are used to rebuild other proteins. During digestion, proteins undergo",823,C
824,A student learns that one year on Mercury is about 88 Earth days. This means it takes 88 Earth days for Mercury to,824,B
825,What advantage do sea stars gain from having radial symmetry?,825,A
826,One way animals usually respond to a sudden drop in temperature is by,826,B
827,"During science class, students combined 1 kg of iron filings with 1 kg of sand to create a mixture. Which of the following methods would be best for separating the iron filings from the sand?",827,3
828,Which of the following describes an instinctive behavior?,828,B
829,What is a large buildup of moving ice and snow called?,829,A
830,Which atmospheric phenomena are created by the interaction of charged particles with Earth's magnetosphere?,830,B
831,Which of these groups animals are ALL mammals?,831,C
832,"Which of these is most likely caused by the action of water, wind, and animals?",832,C
833,A gas is heated and its temperature increases. What happens to the gas molecules?,833,B
834,Which property of Earth's interior keeps the innermost part in a solid state?,834,C
835,A large tree was cut down with a saw. What is the best way to estimate the age of this tree?,835,A
836,Which part of a plant cell is responsible for controlling the activities of the other parts of the cell?,836,B
837,The formation of the Himalayan Mountains is one example of land features caused by compressive forces. Which action most likely led to the formation of these mountains?,837,B
838,Before it rains water must collect in,838,B
839,Increased nutrient levels in lakes can cause ecological changes that result in the death of many fish. At what point in the hydrological cycle are most nutrients deposited into lakes?,839,C
840,Which is an example of light being reflected?,840,D
841,Which of the following is found in all living organisms?,841,D
842,Which of these cycles takes 24 hours?,842,D
843,"Rocks found on Earth are classified as sedimentary, metamorphic, or igneous based on",843,A
844,Which element is most likely to form an ion with a negative 2 charge?,844,A
845,A rubber band will make a sound when it is,845,B
846,High-altitude cirrus clouds are primarily formed from which substance?,846,C
847,"Estella spilled tomato sauce on her shirt. When she washed her shirt, she noticed that the detergent she used contained enzymes. Enzymes are added to detergents to break down proteins from food and other substances that may stain clothing. Which would most likely inhibit the ability of the enzymes to remove the stain on her shirt?",847,B
848,Greenhouse gases in the atmosphere trap heat near Earth's surface. Which of these is a greenhouse gas?,848,B
849,A change in the environment that causes a response is known as a,849,D
850,A student wants to design an experiment regarding the behavior of crickets. Which is the best question to ask to begin the experiment?,850,A
851,Which term identifies a group of cells that work together to perform a similar function?,851,D
852,Which scale is used to report the intensity of an earthquake?,852,C
853,Which is the best example of an inherited behavior?,853,B
854,Which statement explains why light from the Sun can warm up water in a glass?,854,B
855,How does the length of daylight in New York State change from summer to fall?,855,A
856,Which of the following remains constant in Earth's carbon cycle?,856,A
857,Cumulonimbus clouds often form along cold fronts. Which type of weather is most likely to occur along a cold front?,857,B
858,The energy stored in the bonds of a glucose molecule during photosynthesis is in what form?,858,A
859,"The Greek philosopher Aristotle described matter with the phrase ""unable to be divided."" The modern concept that grew from Aristotle's idea is the",859,A
860,Frogs and salamanders compete with each other for insects. Both frogs and salamanders catch flying insects with their tongues. Which feature would most likely help both animals compete for flying insects?,860,B
861,The mathematical model for calculating speed is shown below. Speed = distance/time. An airplane traveled 700 kilometers in two hours during a trip. What was the average speed of the plane during the trip?,861,C
862,An ice cube is placed in a pan. The pan is placed over an open flame. Which change will most likely happen over time?,862,D
863,Which statement is an opinion?,863,C
864,Water at 20°C in an uncovered pan is evaporating very slowly. What could be done to the water to make it evaporate more quickly?,864,B
865,A student observes a glowing band across the night sky. This glowing band is most likely,865,B
866,Peach trees have sweet-smelling blossoms and produce rich fruit. What is the main purpose of the flowers of a peach tree?,866,D
867,Which of the following organisms produces energy from sunlight?,867,B
868,What type of inheritance controls blood types in humans?,868,B
869,"By attaching to sharks, remora fish eat the scraps of food left behind when the sharks feed. If remoras were not able to attach to sharks, they would most likely",869,C
870,The burning of fossil fuels has added pollutants that contain sulfur atoms to the air. These pollutants have contributed to which of the following?,870,A
871,Earth rotates on its north-south axis. Which statement best describes one complete rotation?,871,B
872,"European starlings are birds that take over the nests of other birds. When they move into an area, starlings reproduce quickly. Taking over the nests of other birds most likely increases the number of starlings by helping them to do what?",872,E
873,"If Lisa wants to experiment with bean plants, which of these is the best example of a hypothesis?",873,A
874,"The first microscopes were built in the 1600s. Microscopes have improved since then, but still perform the same job. How do microscopes most help scientists?",874,D
875,"A student used two long wires to connect a lightbulb to a battery. The student noticed that as soon as the circuit was complete, a nearby compass started to point in a direction other than north. The compass pointed in a different direction because it was reacting to the",875,C
876,Arteries and veins are two important parts of the circulatory system. What is the relationship between arteries and veins?,876,1
877,Which feature is a physical property of copper?,877,C
878,"Paleontologists often find and study the remains of ancient plants and animals. When the remains of ancient plants and animals are covered by layers of sediment over time, the remains",878,D
879,Which technological advancement has done the most to improve the accuracy of weather predictions?,879,B
880,What safety rule is most important for students to follow when working with acids and bases?,880,D
881,Which change would have the greatest negative impact on the survival of an owl species?,881,D
882,Which statement is a description of weather?,882,D
883,Which of these cell parts contain instructions for the passage of traits from one generation to the next?,883,C
884,One process in the formation of sedimentary rocks is when rocks are,884,C
885,A scientist uses angstrom units to measure the distance between two points. The scientist is most likely measuring the distance between two,885,C
886,Which of these is the main contributor to the formation of hurricanes?,886,D
887,"A group of students was preparing an activity to determine whether certain materials will float or sink when placed on water. Before the experiment started, one student said, ""I think the sponge will float."" This statement was",887,A
888,Which event would most likely cause a rapid extinction of organisms?,888,B
889,Which of these resources will most likely be depleted first?,889,C
890,Which two activities use most of the water used in an average U.S. household?,890,B
891,Peach trees have sweet-smelling blossoms and produce rich fruit. What is the main purpose of the flowers of a peach tree?,891,C
892,A teacher places an item in a box. The item takes the shape of the entire container. This item is most likely,892,A
893,Eye color in human beings is an,893,B
894,Which types of objects are most easily seen by the human eye?,894,C
895,Planets remain in orbit around the Sun because of,895,C
896,Which type of evidence would a geologist need to support plate tectonic theory?,896,A
897,"When the pesticide DDT was first used, it killed nearly every mosquito it touched. Within a few years, however, many mosquitoes became resistant to DDT and survived. What enabled this to happen?",897,A
898,Sterling silver is a combination of silver and copper. Which of the following is also a combination of two or more metals?,898,B
899,"In Maryland, most bears have thick, dark fur. Which statement best explains how dark fur helps bears survive in the forests of Maryland?",899,4
900,Which of the following is an example of genetic engineering?,900,A
901,Which type of rock is formed when hot lava cools?,901,D
902,Which characteristic is the best example of an inherited trait?,902,C
903,Which material is most easily recycled at school?,903,A
904,Which of the following is a mineral?,904,B
905,A pencil falls off of a desk. What moves the pencil toward the floor?,905,C
906,Overuse of soil for farming causes local disruptions of several Earth subsystems. Which of these is a part of the biogeochemical cycle that experiences the most severe local disruption?,906,C
907,The starch and water molecules in potato cells are stored in what organelle?,907,C
908,Which event becomes more likely during a drought in a prairie ecosystem?,908,D
909,A recent scientific study funded by a medical corporation concluded that its product is not as harmful as consumers have reported. Identify a possible problem with this study.,909,A
910,Elements in the same column of the Periodic Table of the Elements all,910,B
911,Which rapid changes can be caused by storms?,911,2
912,Paper chromatography is a process used to separate mixtures of substances into their components. The components are carried by a mobile phase through a stationary phase made of absorbent paper. An investigation analyzed a sample of black ink to determine its components.Which property allows the components to separate?,912,C
913,The following represents a number displayed on a calculator. 1.454545 E3. Which of the following shows how a student should record this number in a laboratory report?,913,D
914,The elements sulfur (S) and oxygen (O2) combine to form a substance called sulfur dioxide (SO2). Sulfur dioxide is also formed when coal and oil are burned. Sulfur dioxide can best be described as,914,1
915,Granite is classified as a rock because it,915,B
916,Moving water in a river is considered a renewable resource because it,916,B
917,"At a weightlifting competition, two competitors lifted the same weight to the same height. The second competitor accomplished the lift 2 seconds faster than the first competitor. This demonstrated that the second competitor had more",917,D
918,Owen tested a physical property of a mineral. He rubbed a mineral sample on a piece of white tile. The mineral left a red mark on the tile. Which of the following physical properties of the mineral was Owen most likely testing?,918,B
919,Which of the following devices relies on electromagnetic radiation in the radio wave region of the spectrum for operation?,919,B
920,Which best explains why a person infected with bacteria may have a fever?,920,D
921,Students studying the atmosphere want to display the percentage of each greenhouse gas as compared to the total amount of greenhouse gases found in the atmosphere. Which representation would be most appropriate for displaying these percentages?,921,B
922,"A population of small, plant-eating beetles lives in a forest. About half of the beetles are light brown and the others are dark green. If years of drought cause the area to become dry with few trees, what would the beetle population most likely look like after several generations?",922,A
923,Carolina uses a microscope to view a soil sample taken from her backyard. Which part of the soil would she ONLY be able to see with a microscope?,923,B
924,Which part of the body carries out the function of copying DNA?,924,D
925,Jonny climbed an apple tree. How are Jonny and the apple tree similar to each other?,925,1
926,Which of these must occur for sediments to form new rock?,926,D
927,Which statement is describing climate?,927,B
928,The formation of the mineral halite is most likely to occur by which process?,928,B
929,Perfume sprayed from a bottle spreads more easily in a warm room of 25°C than in a cool room of 15°C. Which of the following correctly compares perfume molecules at 25°C to those at 15°C?,929,A
930,The Himalayan Mountain chain is the youngest and tallest mountain chain on Earth. Which phenomenon contributed most to this area of continental buildup?,930,2
931,"If the atomic mass number of an atom is 35, which statement is most accurate?",931,D
932,A class planted trees and shrubs in an empty dirt lot beside the school. The roots of the plants can help protect the soil. The soil is most likely being protected from what?,932,C
933,How do most fish get the oxygen they need to survive?,933,B
934,"In some locations, squirrels sleep for long periods of time during the winter months. Which of the following most likely causes these squirrels to sleep for long periods of time?",934,B
935,"When cold weather freezes water in the cracks of rocks, which would most likely happen?",935,D
936,It is necessary to add a day to the calendar every four years because,936,B
937,Which change is most likely caused by a thunderstorm?,937,4
938,What do all mammals have in common that distinguishes them from birds?,938,C
939,Which is the best example of a pure substance?,939,D
940,"Magnesium strips are long, thin strips that are gray and shiny. Which action will lead to a chemical change of magnesium strips?",940,D
941,"In gym class a student kicks a soccer ball high into the air. As the ball goes upward, which type of energy is increasing?",941,C
942,Which of the following is a cause of the ocean levels periodically rising and then falling?,942,C
943,"According to the endosymbiotic theory, double-membrane mitochondria originated as a result of some larger eukaryotic cells with flexible membranes engulfing smaller prokaryotic cells. Which of these explains where the outer layer of the double membrane of the mitochondria originated?",943,B
944,Which characteristic helps a fox find food?,944,A
945,"In flowering plants, what structure containing DNA is transported from one plant to another?",945,C
946,The bonding of oxygen to red blood cells is important to the body because it enables the body to,946,B
947,"In the Adirondack forests of New York, some trees have died. The change in the forest is thought to be related to air pollution and rain. Which abiotic factor most likely has been changed as a result of the pollution and rain which resulted in the death of the trees?",947,A
948,Randall is picking lettuce from his garden for dinner. His mother told him to leave some leaves on each plant. Why is it important to leave some leaves on the plant?,948,C
949,Some birds fly south before winter each year. This is an example of,949,C
950,"David planted ten corn seeds in sandy soil and ten corn seeds in clay soil. He kept both groups of plants at room temperature, gave them the same amount of water, and placed them all in the same sunny room. Which of the following questions is David most able to answer with his experiment?",950,B
951,Several dinosaur bones are discovered buried in volcanic ash. The type of dinosaur can best be identified by,951,D
952,Copper is used in house wiring because it is,952,4
953,"In eukaryotic organisms, microtubules give cells structure, and microfilaments help the cell contract and move. Together, they combine to perform functions similar to what two human body systems?",953,B
954,"By attaching to sharks, remora fish eat the scraps of food left behind when the sharks feed. If remoras were not able to attach to sharks, they would most likely",954,D
955,Which property of air does a barometer measure?,955,B
956,"Salt and pepper are placed together in a container. When the container is shaken, the salt and pepper become a",956,C
957,"After a race, a newspaper lists the names of the five fastest runners. Another method that could be used to identify the five fastest runners is to make a chart that shows the",957,A
958,Which physical property is important to have in a material used in cookware?,958,A
959,"A volcano under the ocean slowly releases lava over time. As the lava is released, it cools and hardens on the ocean floor. Which feature will most likely form from the release and cooling of the lava on the ocean floor over time?",959,D
960,A newborn kangaroo has the ability to crawl into its mother's pouch to drink milk. This is an example of,960,B
961,Which of the following statements best explains why earthquakes occur more frequently in California than in Massachusetts?,961,C
962,"While studying the relationship between number of trees and amount of atmospheric oxygen, which of the following would be most important to take into account?",962,B
963,"Base your answer on the information below and on your knowledge of science. A baseball strikes the roof of a car and dents it. The paint on the roof begins to crack and chip, exposing the metal. The exposed metal on the roof rusts, eventually causing a small hole in the roof. Which event is a chemical change?",963,A
964,"Byron is investigating how temperature affects mold growth on bread. Before starting his procedure, Byron states in his journal that he thinks wet bread placed in the refrigerator will grow the most mold. Which term best describes Byron's statement?",964,B
965,A car may produce many forms of energy from the fuel it uses. Which indicates that a car does not use fuel with 100% efficiency?,965,A
966,Which property of an object can be described as smooth?,966,D
967,What are the two main jobs of the skeletal system?,967,B
968,"In a closed system, what happens to the total energy of the system as energy conversions take place?",968,A
969,Sarah's class is learning about mixtures and solutions. Her teacher writes four statements on the board. Which statement best describes a mixture?,969,A
970,Where is most of Earth's water located?,970,A
971,Runoff from farms that use fertilizers is entering a small lake. This will most directly affect the lake by causing,971,C
972,A rock has most likely traveled a long distance from its place of origin if it is,972,A
973,What chemical symbol represents the element iron?,973,A
974,Different units of measurement are more useful in some settings than in others. Which unit of measurement is most used when comparing distances within the solar system?,974,D
975,Why are most fossils found in sedimentary rocks?,975,D
976,What is the role of chlorophyll in photosynthesis?,976,A
977,"A plant produces tiny plants around the edges of its leaves. When these tiny plants fall to the ground, they take root and become new plants. This process is an example of",977,D
978,What is the first thing a student should do if an accident happens during a science experiment?,978,B
979,Which form of energy is needed to change water from a liquid to a gas?,979,D
980,What chemical symbol represents the element iron?,980,D
981,"On the periodic table, the elements in group 18 (8A) (helium, neon, argon, etc.) are grouped together because",981,B
982,A scientist studies how weathering and erosion can change the shape of a mountain. The scientist needs to collect information over what period of time to gather the most accurate information?,982,C
983,Vein deposits of gold and silver are often formed in areas that have experienced which geologic process?,983,D
984,Where do many of the basic life functions take place in organisms?,984,B
985,Which provides the oldest evidence for oxygen accumulation in Earth's atmosphere?,985,4
986,Investigations were performed to test several methods of keeping petals from falling off flowers that had been cut. Which is the most likely reason for this investigation?,986,B
987,"A meeting of scientists, called a symposium, occurs every year to share recent research about the atmosphere of Earth. This symposium mainly serves which purpose in science?",987,A
988,Chromosomes contain the genetic information of an organism. Fruit flies reproduce by sexual reproduction. Most of the cells of a fruit fly have 8 chromosomes. Which statement best explains the source of the chromosomes in a normal fertilized fruit fly egg?,988,B
989,"Which type of rock is formed from limestone that has been compacted, heated, and recrystallized?",989,2
990,Which of these conditions would most likely be shown in the fossil record as a reason for mass extinctions?,990,D
991,What happens during photosynthesis?,991,D
992,Asexually produced offspring are genetically,992,C
993,How do the spines of a cactus help it survive?,993,A
994,"In 2004 the Hubble space telescope captured images of distant star clusters, each containing about a million stars. These star clusters were most likely part of which structure?",994,B
995,How are animals that prey on other animals classified?,995,A
996,A student proposes the rate of increase in a plant's mass will be proportional to the length of light exposure per day when all other variables are constant. How should this proposal be classified?,996,A
997,Plants transform energy when they make their own food. Which type of energy is used by plants for making food?,997,B
998,A ball on a cart is moving at a rate of 2 m/s. The cart suddenly stops and the ball continues to travel in the same direction at the same speed. This is an example of the,998,3
999,"Mold is often found growing on old bread. In a food chain, mold is a ___.",999,D
1000,During which change of state do the particles of a substance move from being tightly packed together to having more freedom of movement?,1000,D
1001,"In a lab investigation, a student notes that two metal blocks have the same mass. Based on this observation, if the two blocks were put on opposite sides of a balance, they would best represent",1001,B
1002,A student observes cells in an object by using a microscope. The student thinks that the object was part of a living thing. Which statement explains why cell theory can be used to support the student's thinking?,1002,3
1003,Some objects conduct electricity. Which object is the best conductor of electricity?,1003,B
1004,"When a cold front moves over a land region that has warm, moist air, a transfer of energy occurs. Cold air sinks and pushes warmer air upward. As energy is removed from the air, which change will most likely take place?",1004,B
1005,"When an atom loses or gains an electron, it changes",1005,D
1006,"The change in the use of one model of the solar system to the use of another model resulted in major changes in science and society. Which two scientists produced the earlier and later models, respectively?",1006,C
1007,Which mechanism helps carbon to cycle from the atmosphere to living organisms?,1007,B
1008,"When a frying pan is placed on an electric stove top, heat energy is transferred from the burner to the pan by",1008,D
1009,A cat jumps when startled by a loud noise. This is an example of an organism,1009,C
1010,Which are two parts of the carbon cycle?,1010,A
1011,Which system of the human body provides protection to most of the major organs?,1011,C
1012,"Rich beds of marine fossils have been found in Florida. By dating these fossils, scientists can best determine",1012,C
1013,"In May 2007, wildfires burned more than 350 square miles of habitat in Florida and Georgia. Intense fires like this one can temporarily remove nitrogen, phosphorus, and potassium in area soil. What most likely happens in the burned areas until organic decay replenishes the lost nutrients?",1013,B
1014,Bones support the body. What pulls and pushes on bones to move them?,1014,A
1015,What should a scientist do to help make sure the results of an experiment are unbiased?,1015,C
1016,Which group of organisms can show significant trait changes in the shortest period of time?,1016,D
1017,Vascular plants have tissue called xylem. Which of these is transported by the xylem?,1017,D
1018,"When oxygen combines with hydrogen, which substance is formed?",1018,B
1019,Which of the following organisms produces energy from sunlight?,1019,C
1020,A drinking water reservoir for a small town develops a blue-green algae bloom. The town hires a company to eliminate the problem. Which of the following should the company investigate first as a likely source of the problem?,1020,B
1021,A negatively-charged ion has,1021,C
1022,Which of the following occurs during photosynthesis?,1022,B
1023,About how much of Earth's surface is covered by oceans?,1023,D
1024,"Which of these are broken down during chemical, but not physical, changes?",1024,C
1025,Which characteristic is shared by Earth and the Moon?,1025,B
1026,Arctic areas are covered with snow and ice for much of the year. Which color rabbits would be safest from foxes there?,1026,B
1027,Electricity to play your radio can be made using renewable or nonrenewable resources. Which of the following resources are renewable?,1027,D
1028,The theory of spontaneous generation was eventually disproved scientifically by,1028,C
1029,Which of the following properties provides the BEST way to identify a mineral?,1029,C
1030,Which of these is a function of a leaf?,1030,B
1031,How do the waxy stem covering and needle-shaped leaves improve the ability of a cactus to survive in the desert?,1031,A
1032,"As Earth revolves around the Sun, the number of daylight hours varies from place to place. In which location would the number of daylight hours remain constant?",1032,C
1033,Which is a source of sound?,1033,B
1034,Which of these makes it possible for hurricanes to form?,1034,C
1035,Why is a healthy diet important?,1035,B
1036,A scientist uses angstrom units to measure the distance between two points. The scientist is most likely measuring the distance between two,1036,1
1037,"When an ice cube melts, its state of matter changes from a",1037,A
1038,Natural processes cause rapid and slow changes to Earth's surface. Which event causes changes to Earth's surface most rapidly?,1038,D
1039,Which of these is the best definition of heredity?,1039,B
1040,Which of the following properties provides the BEST way to identify a mineral?,1040,B
1041,The aloe plant can absorb a lot of water during a rain shower. The extra water is stored in its leaves. The ability to store water in its leaves is most likely an adaptation to which type of environment?,1041,D
1042,A class learns about weather. The students in the class measure the outside air temperature at the same time each day. Which way of measuring the temperature would provide the most accurate data?,1042,B
1043,Humans depend on which natural resource from the environment?,1043,B
1044,How do plants most commonly break large rocks into smaller pieces?,1044,B
1045,"The process of digestion breaks down proteins into smaller molecules that are used to rebuild other proteins. During digestion, proteins undergo",1045,A
1046,"An agricultural scientist, George Washington Carver, is most famous for his research on",1046,B
1047,Which of the following events during meiosis contributes most to the variation within a species?,1047,D
1048,What causes a meteoroid to glow as it falls through the atmosphere of Earth?,1048,C
1049,Which factor will most likely cause a person to develop a fever?,1049,C
1050,"A student finds a round, smooth pebble on a beach. Which action made the pebble smooth?",1050,C
1051,How does a human body get energy?,1051,D
1052,A car may produce many forms of energy from the fuel it uses. Which indicates that a car does not use fuel with 100% efficiency?,1052,C
1053,Which factor will most likely cause a person to develop a fever?,1053,3
1054,Materials such as carbon and nitrogen go through cycles. The cycling of nitrogen waste materials is mostly dependent upon the role of which factor?,1054,B
1055,"Strontium, barium, and radium are grouped together on the Periodic Table of the Elements because they all have",1055,B
1056,Which of the following allows the planets to stay in orbit?,1056,4
1057,A metal ball has a constant velocity of zero. Which other quantity must also be zero?,1057,C
1058,Protein is used by the human body to,1058,C
1059,Which stimulus causes a porcupine to extend its quills?,1059,D
1060,Where is most of Earth's water located?,1060,D
1061,"A geologist finds a layer of shale near the surface from a certain time period. Nearby, the geologist finds the same layer of shale, but it is deeper underground than the first layer. What might have caused the difference in the depth of the shale layer?",1061,D
1062,Which statement best explains how periods on the periodic table are organized?,1062,B
1063,Which body system is most affected by a disease that causes the bones to become weak and brittle?,1063,C
1064,The digestive system breaks food into simple substances that the body can use. What system carries these simple substances from the digestive system to other parts of the body?,1064,B
1065,Which tool would a student use to measure wind speed?,1065,B
1066,Changes to abiotic factors in an environment can impact biotic factors. Which statement is the BEST example of this situation?,1066,D
1067,What tool is used to determine the mass of an object?,1067,D
1068,What happens during photosynthesis?,1068,B
1069,"A population of wood mice lives in a cool, moist temperate forest. Several years of hot, dry weather have affected the plants in the area. Which mice in the population are most likely to survive this change and pass their genes on to their offspring?",1069,C
1070,Which of the following energy conversions takes place in a battery-operated flashlight?,1070,B
1071,Which characteristic is most common among animals living in a cold climate?,1071,C
1072,Scientists measured the patterns of spectral lines given off by distant galaxies and concluded that almost all of these galaxies are moving away from Earth. What did the scientists observe directly?,1072,C
1073,Which of these human activities in a forest has a positive effect on the ecosystem?,1073,B
1074,"When plants and animals die, which organisms help return nutrients to the food chain?",1074,A
1075,"Sugar is composed of carbon, hydrogen, and oxygen. Sugar is an example of which of the following?",1075,C
1076,"Estuaries in Florida often have mangrove trees growing in them. The roots of the mangrove trees slow the flow of the water, which allows soil particles to settle. If people were allowed to remove the mangrove trees, how would the estuary environment most likely be affected?",1076,D
1077,An ecosystem is a community of organisms interacting with their physical environment. Why are decomposers an important part of ecosystems?,1077,D
1078,A disorder is associated with certain flaws in the human respiratory system. Which is most likely a typical symptom of this disorder?,1078,C
1079,Which characteristic can a puppy inherit from its parents?,1079,B
1080,The cell cycle describes the processes that take place as a cell,1080,A
1081,An atom will always have,1081,B
1082,What is a decomposer?,1082,D
1083,The continental crust floats on top of the mantle because the crust is,1083,C
1084,Which force causes rocks to roll downhill?,1084,B
1085,Which of the following can cause erosion?,1085,D
1086,Which involves the greatest variety of cell types?,1086,C
1087,The human body gets the energy it needs for growth and repair directly from,1087,A
1088,Which statement is a MAJOR mistake in the experimental design?,1088,B
1089,The Himalayan Mountain chain is the youngest and tallest mountain chain on Earth. Which phenomenon contributed most to this area of continental buildup?,1089,C
1090,What is a large buildup of moving ice and snow called?,1090,A
1091,"In the human body, which system functions primarily to defend the body against disease?",1091,C
1092,A research team wanted to produce a smaller variety of German shepherd dogs. They mated the smallest dogs from different litters for several generations. This is an example of which concept?,1092,A
1093,A geologist found fossils of horse bones in different rock layers of a canyon. The fossils in the lower levels show shorter bones than those in the upper-level fossils. Which conclusion is based on the geologist's observations?,1093,A
1094,"In pea plants, tall is dominant over short. What size pea plants will result when a pure tall plant is crossed with a pure short plant?",1094,B
1095,What are the two main jobs of the skeletal system?,1095,C
1096,Vascular plants have tissue called xylem. Which of these is transported by the xylem?,1096,B
1097,Which of the following best represents one particular stage in a life cycle?,1097,B
1098,What is the relationship between tissues and organs?,1098,B
1099,"The process of digestion breaks down proteins into smaller molecules that are used to rebuild other proteins. During digestion, proteins undergo",1099,B
1100,"When a book is dropped onto a wooden desk, the molecules in the wood begin to vibrate from the force of the book. Which of these is produced by the vibrations?",1100,B
1101,All of the following events occur during prophase in mitosis except,1101,A
1102,"In a desert environment, cactus wrens often build their nests in cholla cacti to avoid predators. This behavior does not hurt the cacti. Which type of relationship do cactus wrens and cholla cacti demonstrate?",1102,B
1103,Sulfur scrubbers are devices installed in coal-fired power plants. Sulfur scrubbers reduce the emission of sulfur dioxide. What environmental problem are sulfur scrubbers most likely trying to address?,1103,C
1104,Which tool should a student use to compare the masses of two small rocks?,1104,B
1105,"In 1976, the Viking I Lander was sent to Mars to analyze atmospheric gases and soil samples. The Viking I Lander was most likely a",1105,2
1106,How are the functions of a carbohydrate and a lipid similar?,1106,D
1107,One cause of heat in a car engine is caused by friction between parts. Which of these reduces the amount of heat produced by friction?,1107,A
1108,Oxygen reacts with iron to produce rust and with hydrogen to produce water. Which statement describes both reactions?,1108,C
1109,Which would cause the most soil to erode from a river bank in just a few days?,1109,B
1110,"When scientists publish papers describing the results and conclusions of their experiments, members of the scientific community should",1110,D
1111,High-altitude cirrus clouds are primarily formed from which substance?,1111,D
1112,A solar cell turns sunlight into another form of energy. A solar cell is most like what natural structure?,1112,B
1113,"In a desert environment, cactus wrens often build their nests in cholla cacti to avoid predators. This behavior does not hurt the cacti. Which type of relationship do cactus wrens and cholla cacti demonstrate?",1113,C
1114,Which of these will best separate a saltwater solution?,1114,C
1115,Some kinds of fish live most of their lives in salt water but lay their eggs in freshwater. Their ability to survive in different environments is an example of,1115,D
1116,Index fossils help scientists estimate the age of a rock because index fossil species only existed for a relatively short time. What happened to the species that are now used as index fossils?,1116,A
1117,What geographic obstacle causes water to condense in an air mass as the air mass moves?,1117,B
1118,"On the periodic table, the elements in group 18 (8A) (helium, neon, argon, etc.) are grouped together because",1118,B
1119,The Sun appears larger than other stars because of its,1119,D
1120,Which of these structures produces male gametes in humans?,1120,B
1121,A radio station broadcasting across a large area is experiencing thunderstorms. How will the radio waves from the station be affected?,1121,A
1122,"In the 17th century, Gregor Mendel crossed pea plants with different traits and observed the results in their offspring. To which of these did Mendel contribute most directly with his work?",1122,C
1123,Which unit can be used to describe an object's length?,1123,A
1124,"Hydrogen is located on the left side of the periodic table in the same column as the alkali metals, but it has characteristics of a nonmetal. Which of the following is a physical property of hydrogen?",1124,D
1125,"When oxygen combines with hydrogen, which substance is formed?",1125,2
1126,"Census data show that the human population doubled from 2.65 billion in 1953 to 5.3 billion in 1990. If it continues to double at this rate, the human population could reach 10 billion by the year 2020. Which best explains how this rate of human growth can harm the environment on which humans depend?",1126,D
1127,A class planted trees and shrubs in an empty dirt lot beside the school. The roots of the plants can help protect the soil. The soil is most likely being protected from what?,1127,B
1128,"In an accurate diagram of the solar system, which object would be shown closest to Earth?",1128,D
1129,"New carpet is being measured for a room that is 5.5 m by 4.6 m. On a measuring tape, what is the smallest unit that is necessary to measure the room accurately for the carpet?",1129,B
1130,Some birds fly south before winter each year. This is an example of,1130,B
1131,What happens when water flows over a rock for a long period of time?,1131,B
1132,Which of the following is an example of how insects are beneficial to humans?,1132,A
1133,Plants make sugars in the presence of sunlight in a process called photosynthesis. What form of carbon do the plants take in for this process?,1133,B
1134,Which two systems of the body are interacting when a runner sprains his ankle?,1134,B
1135,"For many years, people have been curious about the stars. In the past, people have shared what they knew about the stars through stories and drawings. Which pair of tools would be most helpful for people today to gather and share information about stars?",1135,D
1136,"Stem cells are cells that can differentiate into many different kinds of cells. Scientists have discovered that the environment supporting the cells influences stem-cell differentiation. For example, stem cells grown on strong, flexible surfaces became muscle cells. What most likely happened to stem cells grown on a hard, rigid surface?",1136,B
1137,Why is it important to have a large sample size in an investigation?,1137,D
1138,Which example shows a new substance being formed?,1138,B
1139,Which resource is most likely found in large amounts in forest ecosystems?,1139,A
1140,"When an atom has a neutral charge, which particles within the atom have equal numbers?",1140,A
1141,A shoe manufacturer randomly selects 10% of the production from each shift. Each of these shoes is checked to ensure that it is correctly made. What is this process called?,1141,B
1142,What geographic obstacle causes water to condense in an air mass as the air mass moves?,1142,D
1143,"A drain cleaner consists of sodium hydroxide and aluminum. When the drain cleaner is added to water, bubbles of hydrogen are produced, and the solution becomes very hot. Which of these best describes what happens to form the bubbles when the cleaner is added to water? F",1143,C
1144,Which of the following describes a reason why companies irradiate some fruits and vegetables before they are sold to the public?,1144,B
1145,Which of the following is a crucial piece of evidence supporting scientists' theory of how the continents and the ocean basins formed?,1145,B
1146,Which outcome is most likely if a person consumes more Calories than needed for daily activities?,1146,D
1147,"When two bumper cars collide, some of the kinetic energy of the cars is transformed. Which form of energy is most likely formed as a result of this collision?",1147,B
1148,Jonny climbed an apple tree. How are Jonny and the apple tree similar to each other?,1148,A
1149,Which is the result of mitosis?,1149,B
1150,What type of energy travels through the body of a microscope that allows the specimen to be seen by a student?,1150,D
1151,The moon goes through phases as it revolves around Earth. During which phase of the moon would it be possible for a solar eclipse to occur?,1151,B
1152,"Rocks are classified as igneous, metamorphic, or sedimentary according to",1152,C
1153,Which of these cell structures converts nutrients to energy for cell functions?,1153,A
1154,Howie put his plants under a plant light. What was he helping his plants do by providing light?,1154,C
1155,Which change would most likely cause deer to die or leave a woodland?,1155,C
1156,Which renewable resource is used with photovoltaic cells to produce electricity?,1156,D
1157,Movement of Earth's crust along plate boundaries produces,1157,C
1158,Which part of an atom is involved in chemical reactions?,1158,A
1159,Carlos puts a new battery into a radio. What does the battery supply to the radio that makes it turn on?,1159,C
1160,The features below are all present on Earth. Which feature could also be found on the Moon?,1160,A
1161,The number of fish in a lake suddenly increases. How will the increase most likely affect the lake?,1161,A
1162,Some kinds of fish live most of their lives in salt water but lay their eggs in freshwater. Their ability to survive in different environments is an example of,1162,B
1163,"In Maryland, most bears have thick, dark fur. Which statement best explains how dark fur helps bears survive in the forests of Maryland?",1163,1
1164,How do most fish get the oxygen they need to survive?,1164,B
1165,"Jenny measures the outside temperature as 16 degrees Celsius (°C), 61 degrees Fahrenheit (°F). She observes precipitation falling from the clouds in a solid form. What type of precipitation is Jenny most likely observing?",1165,B
1166,"In any physical or chemical process, what two quantities are always conserved?",1166,A
1167,Which list contains only nonliving things?,1167,C
1168,"In an accurate diagram of the solar system, which object would be shown closest to Earth?",1168,C
1169,Which characteristic will a baby chimpanzee inherit from its parents?,1169,A
1170,Which of the following helped lead to the invention of personal computers?,1170,A
1171,"A student used two long wires to connect a lightbulb to a battery. The student noticed that as soon as the circuit was complete, a nearby compass started to point in a direction other than north. The compass pointed in a different direction because it was reacting to the",1171,D
1172,Living cells synthesize long chains of amino acids called proteins. Which substance provides the information needed to correctly sequence the amino acids during protein synthesis?,1172,B
1173,Which environmental stimulus causes leaves on certain trees to change color in autumn?,1173,B
1174,Which process of the water cycle transports water from plants to clouds?,1174,B
1175,Which physical structure would best help a bear to survive a winter in New York State?,1175,A
1176,Which group of organisms would all be found living in a tropical rain forest?,1176,D
1177,A glacier sometimes leaves behind large chunks of ice. What is left in the ground when these chunks of ice melt?,1177,D
1178,Joanne wants to investigate factors that affect different patterns of the flight of bees. Which step in the scientific method must she follow before forming a hypothesis?,1178,C
1179,Which scientist formulated rules that describe the observable relationships of plant traits to the traits of the ancestor plants?,1179,4
1180,Which of the following is a cause of the ocean levels periodically rising and then falling?,1180,C
1181,Which function is performed at similarly structured sites in prokaryotic and eukaryotic cells?,1181,D
1182,Earth rotates on its north-south axis. Which statement best describes one complete rotation?,1182,A
1183,"Rocks are classified as igneous, metamorphic, or sedimentary according to",1183,D
1184,The formation of diamonds requires tremendous pressure that is generated,1184,B
1185,"A manufacturing industry has asked to relocate its plant to your town. From an environmental perspective, which question is least important to ask before deciding whether the industry may move to your town?",1185,A
1186,Which conclusion can be made about earthworms because they do not have an internal skeleton?,1186,A
1187,Which of the following heat exchange processes involves the collision of particles?,1187,B
1188,It is necessary to add a day to the calendar every four years because,1188,D
1189,A scientist plans to investigate the nervous system of sea slugs. What should the scientist do first?,1189,D
1190,"Some microorganisms cause human disease. Other microorganisms are used in making cheese, yogurt, and bread. Based on this information, the relationship between humans and microorganisms can be",1190,C
1191,Which of these human activities in a forest has a positive effect on the ecosystem?,1191,A
1192,Which provides the oldest evidence for oxygen accumulation in Earth's atmosphere?,1192,B
1193,Extinction of a species is most likely to occur as a result of,1193,C
1194,"Fires in forests from lightning rid the forest of dead branches and leaves. If the trees survive and the soil remains intact, the forest will experience regrowth to its climax state by which process?",1194,B
1195,"A forest is flooded when a natural dam breaks, leaving the forest floor under two meters of water. Which animal is most affected by the flooding?",1195,A
1196,Which would cause the most soil to erode from a river bank in just a few days?,1196,D
1197,"Based on analysis of deep ice cores from the Arctic, scientists theorize that early humans caused air pollution. These scientists can make sure their data is correct by",1197,D
1198,The gravitational attraction of the Moon causes which effect on Earth?,1198,A
1199,Which factor will most likely cause a person to develop a fever?,1199,C
1200,Which relationship between Earth's outer core and inner core generates a large portion of Earth's magnetic field?,1200,A
1201,When would the highest tides occur along the Texas coast?,1201,C
1202,An ice cube is placed in a pan. The pan is placed over an open flame. Which change will most likely happen over time?,1202,C
1203,"Some immune cells are actively involved in ingesting, destroying, and presenting invading microbial antigens on their surface to stimulate other cells to produce antibodies. Which of these cells is responsible for initiating such an immune response?",1203,C
1204,All living organisms are dependent on plants because plants,1204,A
1205,What form of energy is stored in a battery?,1205,B
1206,Which is the best example of an inherited behavior?,1206,C
1207,A radio station broadcasting across a large area is experiencing thunderstorms. How will the radio waves from the station be affected?,1207,B
1208,An eagle is a bird that reproduces by laying its eggs in a dry nest. Which animal lays its eggs in a place most similar to the eagle?,1208,B
1209,"A population of wood mice lives in a cool, moist temperate forest. Several years of hot, dry weather have affected the plants in the area. Which mice in the population are most likely to survive this change and pass their genes on to their offspring?",1209,A
1210,"David planted ten corn seeds in sandy soil and ten corn seeds in clay soil. He kept both groups of plants at room temperature, gave them the same amount of water, and placed them all in the same sunny room. Which of the following questions is David most able to answer with his experiment?",1210,B
1211,Which function is performed at similarly structured sites in prokaryotic and eukaryotic cells?,1211,A
1212,"When the pesticide DDT was first used, it killed nearly every mosquito it touched. Within a few years, however, many mosquitoes became resistant to DDT and survived. What enabled this to happen?",1212,C
1213,Which sequence represents the order of development for many plants?,1213,C
1214,Genes are located on chromosomes which are composed of,1214,D
1215,Which type of scientist would study the relationship between simple machines and energy?,1215,C
1216,"Intense heat and pressure in Earth's crust can change sandstone into quartzite. During this metamorphosis, many properties of these rocks change. Which property of these rocks will most likely remain the same?",1216,B
1217,What relationship exists between a dog and its fleas?,1217,A
1218,Which dog trait is a learned behavior?,1218,C
1219,"When a tree suffers from a decreased ability to transport materials within the phloem, what is directly impacted?",1219,B
1220,"In flowering plants, what structure containing DNA is transported from one plant to another?",1220,C
1221,"In order for a glider to fly, its weight must be opposed by",1221,C
1222,A scientist is comparing two body cells of a multicellular organism. Which of the following is most likely identical?,1222,C
1223,"Lemon juice turns litmus paper red, is corrosive and tastes sour. Lemon juice is classified as",1223,B
1224,Which of the following is the major cause of tides?,1224,A
1225,Greenhouse gases in the atmosphere trap heat near Earth's surface. Which of these is a greenhouse gas?,1225,B
1226,How should researchers share their findings with other scientists to validate their study of the effectiveness of a new medication?,1226,A
1227,A paper bag is ripped into pieces. Which of these BEST describes the pieces of the bag?,1227,D
1228,Which term identifies a group of cells that work together to perform a similar function?,1228,4
1229,What advantage is gained by using radio telescopes as opposed to optical telescopes?,1229,A
1230,Which form of energy is found in food?,1230,B
1231,Which human activity is most harmful to the natural environment?,1231,B
1232,"A large cold front is moving past the school on a hot, humid summer day. Which best describes the type of weather as the cold front passes by?",1232,C
1233,"If a scientist wants the medical community to revise old information and use new research findings in the treatment of a disease, it would be best to present the information",1233,B
1234,When would the highest tides occur along the Texas coast?,1234,A
1235,The wheels and gears of a machine are greased in order to decrease,1235,B
1236,A team of surveyors takes measurements of ground altitude at horizontal intervals of 1 meter over a 400 square meter area. These measurements can best be used to produce which representation of the area?,1236,C
1237,A star is a large astronomical body that,1237,D
1238,The gravitational attraction of the Moon causes which effect on Earth?,1238,B
1239,What do all animals need in order to survive?,1239,C
1240,Which of these shows the correct order for the central dogma of molecular biology?,1240,B
1241,All living things need energy to survive. What is the primary source of energy for all living things?,1241,B
1242,"During the Apollo 14 moon landing, astronauts played golf on the moon. Which of the following would be less on the moon than on Earth?",1242,D
1243,"Brittany pedaled her bicycle quickly on a level surface. When she stopped pedaling and coasted, the bicycle slowed and came to a stop. What happened to the energy of the moving bicycle as it coasted to a stop?",1243,D
1244,The Milky Way Galaxy is visible as a bright region in the night sky. Modern telescopic observation has made it possible to discover that the brightness of the Milky Way Galaxy is due primarily to which structure?,1244,A
1245,"The process of digestion breaks down proteins into smaller molecules that are used to rebuild other proteins. During digestion, proteins undergo",1245,B
1246,A girl with long hair is going to be participating in an experiment that uses an alcohol burner for an energy source. What is the best thing for her to do to prepare for this experiment?,1246,A
1247,"The exotic plant Melaleuca, or Australian Pine, has increased the intensity of fires across the Everglades. The amount of fuel available for fires has increased due to the presence of the Melaleuca. The Melaleuca releases massive numbers of seeds in response to fire, drought, and herbicide damage. Which best describes the reason the Melaleuca has been able to survive?",1247,D
1248,Which rapid changes are caused by heat from inside Earth?,1248,B
1249,Arteries and veins are two important parts of the circulatory system. What is the relationship between arteries and veins?,1249,D
1250,The process by which water vapor in the atmosphere cools and becomes a liquid is called,1250,D
1251,"The atmosphere of Mars is almost entirely composed of a greenhouse gas. Compared with Earth, which factor accounts for the low, nighttime surface temperatures on Mars?",1251,C
1252,New vaccines for diseases are being developed all the time. How do vaccines most likely help people?,1252,A
1253,A large rock breaks into small pieces within 10 years. Which process is most likely responsible for breaking the large rock into small pieces within 10 years?,1253,A
1254,"According to the fossil record, when did episodes of rapid speciation commonly take place?",1254,D
1255,Removing waste from the body is the primary function of which body system?,1255,D
1256,Which interaction benefits both organisms?,1256,D
1257,"A student notices dogs have more fleas in the summer than in the winter. Based on these observations, which is the most logical question for the student to investigate?",1257,B
1258,"After a rainstorm, a big pile of rocks blocks part of a mountain road. Which event most likely caused the rocks to move onto the road?",1258,A
1259,"The Great Ocean Conveyer ocean current system runs north through the Atlantic from the equatorial region. If this current got disrupted, North American and European climates would become",1259,C
1260,"A spring-fed stream forms a pond that contains watercress plants, minnows, and crayfish. The pond receives 5 hours of direct sunlight every day. Which of the following is an abiotic factor in this ecosystem?",1260,1
1261,"Thousands of years ago, several species of large mammals existed in North America. These species became extinct not long after the first human settlement of North America. Which human activity most likely contributed to the extinction of these mammals?",1261,A
1262,Which is the best example of a pure substance?,1262,A
1263,Which of the following materials would best slow the transfer of heat?,1263,1
1264,"An object's hardness, taste, and texture are examples of",1264,B
1265,Which cellular structure allows nutrients to pass into cells?,1265,C
1266,Which of these groups contains single-celled organisms?,1266,A
1267,Researchers are developing new types of crop plants with desirable characteristics such as disease resistance and drought tolerance. Crossing plants so that the next generation will express desirable traits is best described as,1267,C
1268,Which process initiates the passage of half of a parent's DNA to offspring?,1268,C
1269,Which behavior is a learned behavior?,1269,D
1270,"A cow and a frog have similar bone structures in their forelimbs. Both have phalanges, radius, ulna, and humerus bones. However, the cow and frog are animals with very different life cycles from each other. Which most likely describes why the body structures of these animals are so similar?",1270,B
1271,Which did Thomas Edison invent?,1271,C
1272,"In the human body, what part of the central nervous system connects with other nerves outside of the central nervous system?",1272,3
1273,"Phobos is one of two large objects that orbit the planet Mars. Because Phobos orbits Mars, Phobos should be classified as which type of body?",1273,A
1274,"In gym class a student kicks a soccer ball high into the air. As the ball goes upward, which type of energy is increasing?",1274,B
1275,Electron transport in mitochondria results in a chemiosmotic gradient of which particle across the mitochondrial membrane?,1275,A
1276,"After nitrogen becomes part of the lithosphere, what is the next change that nitrogen will undergo?",1276,D
1277,The bonding of oxygen to red blood cells is important to the body because it enables the body to,1277,C
1278,"In fruit flies, red eyes are dominant over sepia eyes. A male with red eyes is crossed with a female with sepia eyes producing first generation offspring that all had sepia eyes. What does this indicate about the flies that were crossed?",1278,D
1279,Which characteristic of a volvox colony makes it more like a multicellular organism than a simple cluster of unicellular organisms?,1279,D
1280,Which invention has technology that helps people keep food fresh for a long period of time?,1280,D
1281,The atoms that make up oxygen gas,1281,B
1282,Offshore oil platforms affect ocean habitats. An ocean environment is most likely damaged by an offshore oil platform because,1282,C
1283,The burning of fossil fuels has added pollutants that contain sulfur atoms to the air. These pollutants have contributed to which of the following?,1283,D
1284,Which action is an example of an exothermic process?,1284,C
1285,"If left in the sunshine, water in an open jar will",1285,D
1286,"Granite is an igneous rock. Which of these describes what usually happens to granite after it is weathered, broken into small particles, buried deep underground, and compacted?",1286,A
1287,"In order to grow two of the exact same plants, a person would reproduce them asexually because the",1287,C
1288,Which of the following is believed to be one cause of global warming?,1288,C
1289,Which of these resources is renewable?,1289,A
1290,"A layer of solid brittle rock comprises the outer 100 kilometers of Earth. This layer, which contains both the crust and the upper mantle, is called the",1290,C
1291,The gravitational attraction of the Moon causes which effect on Earth?,1291,D
1292,Which metric unit is used to describe an object's length?,1292,B
1293,Multicellular organisms grow in size by producing more,1293,D
1294,"Within a substance, atoms that collide frequently and move independently of one another are most likely in a",1294,A
1295,What structure surrounds the cell and regulates materials that enter and leave the cell?,1295,1
1296,"Which of these is most likely caused by the action of water, wind, and animals?",1296,B
1297,An organ pipe produces a musical note same number of nitrogen gas molecules. with a wavelength of 2.72 m. What is the frequency of this note if the speed of sound is 348 m/s?,1297,C
1298,Which is a way the agricultural biotechnology industry could have a positive impact on the environment?,1298,C
1299,"A gastroenterologist is a doctor who treats problems of the esophagus, stomach, and intestines. Which organ system is cared for by this type of doctor?",1299,D
1300,Which characteristic can a puppy inherit from its parents?,1300,A
1301,"When water vapor rises and cools, the liquid water in the air comes together forming",1301,B
1302,Which characteristic is common to all reptile species?,1302,A
1303,Which term describes Earth's orbit around the Sun?,1303,B
1304,Which is a feedback mechanism the human body uses to maintain homeostasis?,1304,A
1305,Scientists measured the patterns of spectral lines given off by distant galaxies and concluded that almost all of these galaxies are moving away from Earth. What did the scientists observe directly?,1305,B
1306,"A gastroenterologist is a doctor who treats problems of the esophagus, stomach, and intestines. Which organ system is cared for by this type of doctor?",1306,D
1307,Which of these locations in the solar system contains the most asteroids?,1307,B
1308,Which of the following gases do plants use in photosynthesis?,1308,C
1309,What biological concept was Mendel studying when he crossed pea plants many times over many generations?,1309,D
1310,What type of inheritance controls blood types in humans?,1310,B
1311,"If you wanted to be able to look at the stars, the planets, and the Moon more closely, what should you use?",1311,C
1312,Which of the following is most likely to make a rock crack and crumble?,1312,A
1313,"Toni got a cut on her arm while playing in a softball game. A few weeks later, the cut was healed. Which process is most responsible for repairing the cut?",1313,B
1314,"David planted ten corn seeds in sandy soil and ten corn seeds in clay soil. He kept both groups of plants at room temperature, gave them the same amount of water, and placed them all in the same sunny room. Which of the following questions is David most able to answer with his experiment?",1314,A
1315,Which region of the Milky Way contains a population that consists mostly of old stars?,1315,4
1316,Changes to abiotic factors in an environment can impact biotic factors. Which statement is the BEST example of this situation?,1316,D
1317,"Colored alcohol is used in some glass thermometers. When placed in air of different temperatures, the column of alcohol rises or falls in the glass thermometer. Which of the following best explains why the height of the alcohol column changes?",1317,B
1318,"When two bumper cars collide, some of the kinetic energy of the cars is transformed. Which form of energy is most likely formed as a result of this collision?",1318,C
1319,A student proposes the rate of increase in a plant's mass will be proportional to the length of light exposure per day when all other variables are constant. How should this proposal be classified?,1319,A
1320,Which discovery revealed that the universe contains many structures composed of millions of stars?,1320,C
1321,A scientist plans a project to determine the effect of rain on the formation of caves. An area of rock has been chosen as the site for the investigation. How often should the scientist measure the changes in the rock?,1321,A
1322,"When the cells in an organism divide and reproduce, the organism can grow. Which cell organelle contains the genetic material for reproduction?",1322,D
1323,The wheels and gears of a machine are greased in order to decrease,1323,C
1324,"Hydrochloric acid is added to a beaker containing a piece of zinc. As a result, zinc chloride is formed and hydrogen gas is released. This is an example of",1324,B
1325,A lunar eclipse occurs when the Moon passes through Earth's shadow. A lunar eclipse can only occur during a,1325,A
1326,The average temperature of the surface of Earth has increased approximately 1°C in the past century. Which reason best explains this increase in temperature?,1326,C
1327,Which of the following is visible through a reflecting telescope?,1327,D
1328,How are animals that prey on other animals classified?,1328,D
1329,"Brittany pedaled her bicycle quickly on a level surface. When she stopped pedaling and coasted, the bicycle slowed and came to a stop. What happened to the energy of the moving bicycle as it coasted to a stop?",1329,D
1330,Which disease is a result of abnormal cell division?,1330,B
1331,Offshore oil platforms affect ocean habitats. An ocean environment is most likely damaged by an offshore oil platform because,1331,A
1332,A student observes cells in an object by using a microscope. The student thinks that the object was part of a living thing. Which statement explains why cell theory can be used to support the student's thinking?,1332,C
1333,Astronomers have found evidence for the existence of a super-massive black hole in the center of the giant elliptical galaxy M87. What is thought to cause black holes to form?,1333,A
1334,A student was taking notes while the teacher was discussing cells. Which of these is a statement that the teacher most likely made?,1334,B
1335,Sunlight passes through the windows of a car and causes the car seats to get hot. Which type of energy flow is involved in heating the seats?,1335,C
1336,"Which of these can be described as a system of stars, gases, dust, and other matter that orbits a common center of gravity?",1336,C
1337,Which of these resources will most likely be depleted first?,1337,D
1338,"On a cold, cloudy day, the local weather forecaster predicts that a high-pressure system will be moving into the area in the next 24 hours. Which weather conditions will this system most likely bring to the area?",1338,B
1339,An engineer constructs a prototype from wood. Which of the following is the best tool for the engineer to use to make the prototype's surface smooth?,1339,D
1340,Prairie dogs can run very quickly. This adaptation enables the prairie dog to,1340,A
1341,Sound will not travel in a,1341,B
1342,Burning coal and natural gas are ways to produce electricity. Both coal and natural gas are nonrenewable resources. Which is an example of producing electricity using a renewable source of energy?,1342,D
1343,"When an atom has a neutral charge, which particles within the atom have equal numbers?",1343,A
1344,Earth's core is primarily composed of which of the following materials?,1344,B
1345,What do all mammals have in common that distinguishes them from birds?,1345,B
1346,Which of the following describes how a microwave oven heats food?,1346,A
1347,One of the functions of a topographic map is to,1347,A
1348,"The nervous system is composed of cells, tissues, and organs. Which is a cell of the nervous system?",1348,B
1349,During which season of the year would a rabbit's fur be thickest?,1349,A
1350,Plants on hills keep dirt in place during a rain storm. Plant roots grow into the dirt and keep the dirt from moving. Why do roots grow into the dirt?,1350,C
1351,Which change increases the rate of a chemical reaction?,1351,C
1352,Clouds and precipitation moved across western Massachusetts one evening. The temperature changed from 41°F to 28°F. Which of the following changes in precipitation most likely occurred on this evening?,1352,C
1353,The human stomach is protected from self-digestion by a layer of,1353,B
1354,Greenhouse gases in the atmosphere trap heat near Earth's surface. Which of these is a greenhouse gas?,1354,B
1355,Unequal distribution of the hormone auxin in plants helps to regulate the direction of plant growth. Which of the following is accomplished by plants in regulating the distribution of auxin?,1355,C
1356,Which information is used in a station model?,1356,D
1357,"Paleontologists often find and study the remains of ancient plants and animals. When the remains of ancient plants and animals are covered by layers of sediment over time, the remains",1357,D
1358,Which event would most likely cause a rapid extinction of organisms?,1358,B
1359,Animals that eat both plant matter and meat are referred to as,1359,B
1360,The primary reason that plants are important for an ecosystem is because they,1360,B
1361,The stages in the life cycle of an organism are shown below. birth -> growth -> development -> reproduction -> death In which life cycle stage will a new organism be made?,1361,D
1362,Atmospheric greenhouse gases help heat the atmosphere by,1362,D
1363,Eye color is a physical trait. Which statement best explains why a child has a specific eye color?,1363,B
1364,A class planted trees and shrubs in an empty dirt lot beside the school. The roots of the plants can help protect the soil. The soil is most likely being protected from what?,1364,A
1365,Which distance is the smallest for which it is most practical to use the light-year as a unit of measurement?,1365,C
1366,Sarah's class is learning about mixtures and solutions. Her teacher writes four statements on the board. Which statement best describes a mixture?,1366,C
1367,Foam weather stripping is often placed in the frames of doors and windows in a home. What is the purpose of this weather stripping?,1367,C
1368,Which part of the electromagnetic spectrum can humans sense without using equipment or technology?,1368,D
1369,The following represents a number displayed on a calculator. 1.454545 E3. Which of the following shows how a student should record this number in a laboratory report?,1369,C
1370,"A scientist looks at a graph that shows the percentages of humus, clay, and sand that make up a soil. If the scientist had the total weight of each material, instead of percentages, what type of graph would be best to illustrate the data?",1370,D
1371,A chewable calcium carbonate tablet is a common treatment for stomach discomfort. Calcium carbonate is most likely used as this type of medicine because calcium carbonate,1371,C
1372,Which change would most likely cause deer to die or leave a woodland?,1372,B
1373,Overuse of soil for farming causes local disruptions of several Earth subsystems. Which of these is a part of the biogeochemical cycle that experiences the most severe local disruption?,1373,D
1374,"Based on analysis of deep ice cores from the Arctic, scientists theorize that early humans caused air pollution. These scientists can make sure their data is correct by",1374,2
1375,What is a decomposer?,1375,D
1376,Automobile engines built today are designed to be gas efficient. Gas-efficient engines most likely affect a city by reducing,1376,2
1377,Which is a process that occurs during photosynthesis?,1377,C
1378,Which of the following actions is most likely part of a test to find the hardness of a mineral sample?,1378,C
1379,Which ability is the most useful for making observations?,1379,D
1380,Which item is used for protection from chemical splashing?,1380,D
1381,Which of these provides the best evidence that Earth's crust is divided into tectonic plates?,1381,D
1382,"In an accurate diagram of the solar system, which object would be shown closest to Earth?",1382,C
1383,A student pours a clear liquid from a test tube into a beaker with a clear liquid already in it and notices that the mixture turns pink. The student infers the two clear liquids are different. This inference is a result of,1383,A
1384,What causes the blue color of the sky?,1384,B
1385,Which of these can be mined from Earth and used as an energy source?,1385,B
1386,Which tool is used to measure the diameter of a dime?,1386,A
1387,"Sleet, rain, snow, and hail are forms of",1387,B
1388,How are animals that prey on other animals classified?,1388,A
1389,What is the basic unit of life?,1389,A
1390,Earth is made of different layers that have varying characteristics. Which is the thickest layer?,1390,B
1391,What would be the best way to determine the role of squirrels in a forest ecosystem?,1391,C
1392,What travels through the stem of a plant?,1392,B
1393,Which human organ system primarily exchanges gases between the body and the atmosphere?,1393,A
1394,Students planned an investigation that included adding a quantity of vinegar to a small amount of baking soda. Which is the best tool to measure the volume of the liquid vinegar used in the investigation?,1394,B
1395,Which of these conditions would most likely be shown in the fossil record as a reason for mass extinctions?,1395,B
1396,Which of these is an organism that is unicellular?,1396,C
1397,"Pedro shook a can of soda. When the soda was opened, foam and soda burst from the can. Which statement best explains what happened?",1397,A
1398,"If you breathe on a mirror, part of the mirror clouds up. What are you actually seeing when you see the mirror cloud up?",1398,C
1399,"Base your answers on the information below. One hot, summer day it rained very heavily. After the rain, a plastic pan on a picnic table had 2 cm of rainwater in it. Four hours later, all the rainwater in the pan was gone. Which process caused the rainwater in the pan to disappear as it sat outside in the hot air?",1399,B
1400,Cells that conduct messages are known as,1400,C
1401,The transfer of thermal energy from one object to another is known as,1401,A
1402,Sir Isaac Newton determined that white light is made up of all the colors of the rainbow. What did he use to discover this phenomenon?,1402,D
1403,"A student finds a round, smooth pebble on a beach. Which action made the pebble smooth?",1403,A
1404,"The students were told that the net applied force from the engine was the same for each vehicle tested. Based on this information, which vehicle had the greatest acceleration (a = F/m)?",1404,B
1405,"A drain cleaner consists of sodium hydroxide and aluminum. When the drain cleaner is added to water, bubbles of hydrogen are produced, and the solution becomes very hot. Which of these best describes what happens to form the bubbles when the cleaner is added to water? F",1405,1
1406,Which of these is the BEST reason to study weather?,1406,A
1407,Which tool is used to measure the diameter of a dime?,1407,D
1408,Scientists wonder how the Egyptian pyramids were built. They think that the huge blocks of stone may have been put into place by pushing them up a sloping pathway. The pathway is which type of simple machine?,1408,A
1409,What is the main source of energy that causes water to evaporate from the surface of Earth?,1409,C
1410,Which object is nonliving?,1410,A
1411,Which of the following is formed when two elements combine chemically?,1411,B
1412,Two scientists doing the same experiment got different results. Which would be the best way to figure out which result might be correct?,1412,C
1413,The surface of Earth is covered by a relatively thin layer of water called the,1413,C
1414,Which part of a bicycle BEST moves in a circle?,1414,D
1415,Which has the greatest effect on aiding the movement of blood through the human body?,1415,A
1416,"What do playing a guitar, banging a drum, and dropping a pebble in the water have in common?",1416,D
1417,Which object is made to reflect light?,1417,A
1418,"The work of which scientist serves as the basis for many procedures used in agriculture, such as selective breeding of plants?",1418,C
1419,"If a lake is polluted, which organism would most likely accumulate the highest concentration of contaminants?",1419,B
1420,Which organ system is responsible for the exchange of oxygen and carbon dioxide between the body and the environment?,1420,C
1421,Some objects conduct electricity. Which object is the best conductor of electricity?,1421,A
1422,"In order to survive, all organisms must have",1422,D
1423,Which effect do rapidly cooling temperatures have on the water cycle?,1423,B
1424,"Generally, the deeper rock layers of Earth are older than shallower rock layers. How can the collision of two tectonic plates change the order of the rock layers?",1424,C
1425,How do decomposers obtain their food?,1425,D
1426,"When water vapor rises and cools, the liquid water in the air comes together forming",1426,B
1427,"If a tall tree falls over in a crowded forest, which resource becomes available to the surrounding plants?",1427,B
1428,Changes to abiotic factors in an environment can impact biotic factors. Which statement is the BEST example of this situation?,1428,C
1429,Some ancient Greeks tried to discover the laws of the universe through thought and logic. Which part of the scientific process were these scientists missing?,1429,C
1430,Which of these resources will most likely be depleted first?,1430,C
1431,Which invention will best help people travel quickly to far away places?,1431,D
1432,Why are most fossils found in sedimentary rocks?,1432,B
1433,The mathematical model for calculating speed is shown below. Speed = distance/time. An airplane traveled 700 kilometers in two hours during a trip. What was the average speed of the plane during the trip?,1433,B
1434,"When plants and animals die, which organisms help return nutrients to the food chain?",1434,D
1435,Fossil fuels are considered a nonrenewable resource because they,1435,D
1436,Which two body systems are directly involved in movement?,1436,B
1437,Some machines can remove the salt that is in seawater. How does removing salt from seawater most help people?,1437,A
1438,Where is most of Earth's water located?,1438,A
1439,Which is a process that occurs during photosynthesis?,1439,A
1440,What part of the scientific method involves measuring the growth of a plant over a one-month period?,1440,4
1441,The brown tree snake is a nonnative species found on the South Pacific island of Guam. The brown tree snake population in Guam is so large that it negatively affects the humans there. Which statement best explains why the brown tree snake has flourished in Guam?,1441,B
1442,Which human body system attacks viruses and bacteria once they have invaded the body?,1442,D
1443,What statement describes what happens to the carbon dioxide waste produced by a developing baby during pregnancy?,1443,D
1444,Which of these is most likely to be spread when two people drink from the same water bottle?,1444,A
1445,What is the main source of raw material for the production of plastics?,1445,B
1446,Which body system is most affected by a disease that causes the bones to become weak and brittle?,1446,C
1447,In which of these investigations would pictures from a camera be most useful?,1447,A
1448,"When a tree suffers from a decreased ability to transport materials within the phloem, what is directly impacted?",1448,D
1449,A newborn kangaroo has the ability to crawl into its mother's pouch to drink milk. This is an example of,1449,3
1450,"In gym class a student kicks a soccer ball high into the air. As the ball goes upward, which type of energy is increasing?",1450,D
1451,Which change would most likely cause deer to die or leave a woodland?,1451,A
1452,"A geologist finds a layer of shale near the surface from a certain time period. Nearby, the geologist finds the same layer of shale, but it is deeper underground than the first layer. What might have caused the difference in the depth of the shale layer?",1452,A
1453,Which of the following systems breaks food into nutrients that can be used by the body?,1453,C
1454,"In the forest, one type of tree produces special seeds. These seeds start to grow only after going through a fire. In the fire, the adult trees are destroyed. Which resources, needed for growth, are now available to the newly growing seeds?",1454,C
1455,What is the main source of raw material for the production of plastics?,1455,A
1456,Some plant species are more tolerant of acidic soil than others. The tolerant species are favored in areas affected by which consequence of human activity?,1456,D
1457,"A student has a liquid that does not mix with water. To predict whether the liquid will float on water or sink beneath it, which tools should be used to examine the liquid?",1457,A
1458,Genetically modified plants with new characteristics have been produced through genetic engineering methods. What impacts have resulted from the use of genetically modified plants?,1458,D
1459,"Most stars in the Milky Way are like the Sun. The Sun will eventually become a red giant. After the red giant stage, what determines whether a star will become a white dwarf or a supernova?",1459,B
1460,"When a hammer strikes a nail, the nail",1460,D
1461,"Nuclear fusion is the source of energy for stars. Besides hydrogen, which other element is most likely also common in stars?",1461,D
1462,Which animal eats only plants?,1462,B
1463,Some localized layers of rock contain the element iridium. Iridium is most often found in space objects such as meteoroids and asteroids. The discovery of these iridium-containing layers has been matched to which phenomena in Earth's history?,1463,C
1464,"Which method below would be the best way to determine if an egg, plastic foam, a piece of wood, or a candle would float on water?",1464,A
1465,"A jeweler melts gold to make jewelry. As the gold melts, the mass",1465,B
1466,A ball is thrown straight up. Which statement best describes the motion of the ball while the ball is at the maximum height?,1466,C
1467,What statement describes what happens to the carbon dioxide waste produced by a developing baby during pregnancy?,1467,A
1468,Which land form results when carbonic acid in groundwater seeps through rock and dissolves limestone?,1468,C
1469,"When a light bulb is turned on, energy changes from one form to another. Which of the following best describes this change?",1469,A
1470,"Some birds live in a forest. If many of the trees in the forest are cut down, the shelter for the birds will",1470,B
1471,All organisms contain DNA and RNA. What are the subunits of DNA and RNA?,1471,C
1472,"A female dog is having puppies. She has black fur, brown eyes, and a curly tail. She can sit, bark, and roll over on command. Which set of traits can the female dog's puppies inherit?",1472,A
1473,A student wants to look under a heavy rock. Which simple machine would be BEST to use to lift the rock?,1473,D
1474,Which of the following is not an inherited trait of humans?,1474,D
1475,A glacier sometimes leaves behind large chunks of ice. What is left in the ground when these chunks of ice melt?,1475,D
1476,The water in a pond gets colder one night. Which tool is best to observe its temperature change?,1476,D
1477,What process forms an image in a mirror?,1477,C
1478,The complete removal of decomposers from an ecosystem will have the greatest effect on which of the following?,1478,B
1479,What season is the Northern Hemisphere experiencing when it is tilted directly toward the Sun?,1479,A
1480,Trees use narrow tubes to transport water upward. Which property of water allows the water to rise in these narrow tubes?,1480,B
1481,Which best describes the role of the esophagus in digestion?,1481,D
1482,Which scientific model could be used to predict the properties of an element?,1482,D
1483,Which is an example of a different substance being formed?,1483,D
1484,Which of these is an organism that is unicellular?,1484,A
1485,"The fur color of a bear varies with its environment. Polar bears found in the Arctic have white fur, while black bears found in Pennsylvania have dark fur. Which best describes the variation of fur color amongst the bear species?",1485,3
1486,Which is a process that converts sunlight energy into a compound that stores chemical energy?,1486,A
1487,What is the most likely function of a turtle's hard shell?,1487,C
1488,An engineer constructs a prototype from wood. Which of the following is the best tool for the engineer to use to make the prototype's surface smooth?,1488,A
1489,Which is the best example of recycling?,1489,C
1490,Which tools are best used to determine the speed of a turtle as it walks along a path?,1490,B
1491,"In animal skin tissue, cell division is responsible for",1491,2
1492,"Sodium bicarbonate (NaHCO_{3}) is commonly known as baking soda. Sodium bicarbonate is a white solid that can dissolve in water. Under the proper conditions, sodium bicarbonate can release carbon dioxide (CO_{2}) gas. Which of the following is not a physical property of sodium bicarbonate?",1492,C
1493,Which organisms benefit in the relationship between bees and flowering plants?,1493,C
1494,Earth rotates on its north-south axis. Which statement best describes one complete rotation?,1494,A
1495,A student completes several tasks while making breakfast. During which task does the student make a solution?,1495,D
1496,Which change in the environment would have a negative effect on the survival of a species in an ecosystem?,1496,B
1497,Carbon cycles through several Earth subsystems. Which sequence most directly leads to the cycling of carbon that can result in the formation of petroleum?,1497,D
1498,Which object best reflects light?,1498,B
1499,"Plumes of water vapor have been observed rising from the southern polar region of Enceladus, one of the moons of Saturn. A team of scientists proposed an explanation for the plumes and developed a model. They also published calculations based on their model. These calculations would most likely be used for which purpose in future research?",1499,D
1500,The main source of food for a coyote population in one area is mice. Which is most likely to happen to these coyotes if a new predator begins eating the mice?,1500,B
1501,A student determined the density of different bars of soap. Which should the student most likely do to check the accuracy of the results?,1501,A
1502,Which is a process that converts sunlight energy into a compound that stores chemical energy?,1502,A
1503,"Discarded electronic devices, such as outdated computers and cell phones, contain materials that can be toxic to the environment. Which statement best explains why humans continue to use these technologies?",1503,C
1504,"An area received six inches of snow during the winter. Before the snow can continue through the water cycle as ground water or runoff, it must first ___.",1504,D
1505,Which statement describes a method of sexual reproduction that occurs in plants?,1505,D
1506,Which term describes an organism's ability to maintain a stable internal environment?,1506,B
1507,A ball is thrown straight up. Which statement best describes the motion of the ball while the ball is at the maximum height?,1507,B
1508,Which statement best describes the nature of sound?,1508,C
1509,"The yellow-throated longclaw is a bird that lives on the dry savanna of Africa. It looks almost exactly like another bird, the western meadowlark of North America. Although the birds look very similar, they are not even in the same taxonomic family. Scientists think the birds look alike because the two species developed under similar environmental pressures, even though they developed thousands of miles apart. Which process does their development demonstrate?",1509,C
1510,Which force keeps the planets in their orbits around the Sun?,1510,C
1511,A dog opens its mouth and lets its tongue hang out. A human's body produces sweat. These are two ways that organisms may adjust to,1511,D
1512,What causes a free falling object to accelerate?,1512,B
1513,Which part of the atom has a negative charge?,1513,C
1514,"A certain disease of the spinal cord can be passed on from a dog to its offspring. This disease can result in the dog's muscles becoming weak, leading to paralysis. This is an example of",1514,D
1515,Which of the following is an example of matter changing state?,1515,C
1516,A student wants to design an experiment regarding the behavior of crickets. Which is the best question to ask to begin the experiment?,1516,C
1517,Which of the following is most likely to cause water to change from one state of matter to another state of matter?,1517,C
1518,A mountain range has hills around its edges. How are the mountains and hills alike?,1518,C
1519,Condensation in the water cycle can best be described as the result of water vapor,1519,B
1520,Scientists compared Pluto with other objects in the solar system and found that Pluto is smaller than Earth's moon. This finding caused scientists to question whether Pluto is a planet because,1520,D
1521,Which is an example of a different substance being formed?,1521,A
1522,"A certain disease of the spinal cord can be passed on from a dog to its offspring. This disease can result in the dog's muscles becoming weak, leading to paralysis. This is an example of",1522,C
1523,Which is a major organ of the nervous system?,1523,A
1524,Meteorologists categorize hurricanes based on the Saffir-Simpson scale. The scale measures the intensity and destructive potential of hurricanes. Which factor has the most significant effect on the strength of a hurricane?,1524,D
1525,Which property of water allows it to dissolve many different substances?,1525,C
1526,How do most fish get the oxygen they need to survive?,1526,B
1527,What do all mammals have in common that distinguishes them from birds?,1527,D
1528,"In most animals, combinations of various tissues make up functional units called",1528,A
1529,Elements in the same column of the Periodic Table of the Elements all,1529,D
1530,What are the names of the products in the chemical equation shown below? HCl + NaHCO_{3} -> NaCl + CO_{2} + H_{2}O,1530,A
1531,Frank needs to move a box by sliding it across the floor. Which two factors will most strongly affect how hard Frank needs to push the box?,1531,3
1532,Which type of energy conversion occurs in a flashlight?,1532,B
1533,The primary function of a doorbell circuit is to convert electrical energy into,1533,B
1534,"In order to record the passing of a distant comet, which instruments would be the most useful?",1534,A
1535,Yumiko gave some reasons why kettles and kitchen pans are often made of copper. Which reason is correct?,1535,B
1536,A root emerges from a seed because of the force of,1536,B
1537,Which of these is a nonliving part of a forest?,1537,A
1538,The complete removal of decomposers from an ecosystem will have the greatest effect on which of the following?,1538,D
1539,Biologists have discovered that the beluga whales of Canada's St. Lawrence River have the highest rates of cancer among animals. What is most likely the reason for this high incidence of cancer in these whales?,1539,A
1540,"How do traits of animals such as ear shape, nose shape, and hair color most often get passed to offspring?",1540,D
1541,A shoe manufacturer randomly selects 10% of the production from each shift. Each of these shoes is checked to ensure that it is correctly made. What is this process called?,1541,B
1542,Different units of measurement are more useful in some settings than in others. Which unit of measurement is most used when comparing distances within the solar system?,1542,D
1543,The Grand Canyon is an example of,1543,C
1544,Which of the following is most likely to cause water to change from one state of matter to another state of matter?,1544,D
1545,"Rocks can be classified many different ways, including as igneous, metamorphic, and sedimentary. This classification is based on the",1545,D
1546,Which most accurately describes a circle (pie) graph?,1546,B
1547,Which type of organism is the best at fixing nitrogen?,1547,A
1548,The smallest unit of a plant that can perform all of the processes of life is the,1548,A
1549,Which biological activity occurs in a repeated rhythm?,1549,A
1550,"In the human body, the breaking down of food into simple substances occurs in the",1550,D
1551,"Sickle cell anemia is a genetic disease caused by an autosomal recessive gene. If each parent carries one sickle cell allele, what are the chances that their child will have sickle cell anemia?",1551,A
1552,"In flowering plants, what structure containing DNA is transported from one plant to another?",1552,A
1553,The number of fish in a lake suddenly increases. How will the increase most likely affect the lake?,1553,C
1554,What travels through the stem of a plant?,1554,A
1555,Why is water considered to be a renewable resource?,1555,D
1556,Research into the total amount of oil available for use around the world can affect what kind of human choice?,1556,C
1557,"When oxygen combines with hydrogen, which substance is formed?",1557,C
1558,The theory of spontaneous generation was eventually disproved scientifically by,1558,C
1559,A large quantity of heavy rain falling in a short time period will most likely,1559,D
1560,How can plants most likely improve air quality?,1560,C
1561,"In clear weather, a bright light can be seen for a long distance. In conditions of heavy fog, the visibility is greatly reduced. Which of the following explains the reduced visibility?",1561,D
1562,Which of the following is a consumer?,1562,C
1563,The organisms that convert solar energy and raw materials into food are,1563,3
1564,The longitude of a location determines which time zone it is in. Different time zones are the result of,1564,C
1565,A girl signals her friend by shining a flashlight on a mirror. Her friend can see the signal because,1565,A
1566,Unequal distribution of the hormone auxin in plants helps to regulate the direction of plant growth. Which of the following is accomplished by plants in regulating the distribution of auxin?,1566,D
1567,"A student adds sugar, spices, and salt to a bowl of peanuts and stirs them together. What has the student made?",1567,D
1568,A hillside along a highway has exposed layers of undisturbed sedimentary rock. Which method would be best for scientists to use to determine the relative age of these sedimentary rock layers?,1568,A
1569,Light enters the human eye through the,1569,D
1570,Alicia has lots of old bicycle parts. She wants to build something new with the parts. What is the first thing Alicia should do?,1570,B
1571,"Two seismographs are placed 500 km from an active fault line, one on each side of the active fault line. During an earthquake, what most likely accounts for the different readings on the seismographs?",1571,B
1572,An eagle is a bird that reproduces by laying its eggs in a dry nest. Which animal lays its eggs in a place most similar to the eagle?,1572,C
1573,Which situation is the best example of ecological succession?,1573,D
1574,"Oil, coal, and natural gas are fossil fuels formed under what conditions?",1574,B
1575,Scientists compared Pluto with other objects in the solar system and found that Pluto is smaller than Earth's moon. This finding caused scientists to question whether Pluto is a planet because,1575,C
1576,A student proposes the rate of increase in a plant's mass will be proportional to the length of light exposure per day when all other variables are constant. How should this proposal be classified?,1576,2
1577,Light enters the human eye through the,1577,A
1578,One hundred grams of water and 100 grams of vegetable oil are heated in identical containers at 70°C for 5 minutes. Their temperatures at the end of 5 minutes are different due to the difference in which property?,1578,D
1579,"Jake is testing how light affects plant growth. He grows two plants in identical pots with the same amount of water and fertilizer. Jake grows one of the plants in the sun, and the other in the shade. Which part of Jake's process indicates that there is a control for this investigation?",1579,B
1580,What is the complementary base of adenine in DNA?,1580,D
1581,Which two factors determine the gravitational attraction between two objects?,1581,C
1582,White light can be separated into all of its component colors by,1582,B
1583,Copernicus changed the way people viewed the solar system by,1583,B
1584,"When a volcano erupts, dust and ash are blown into the atmosphere. The eruption directly reduces the transfer of energy from",1584,A
1585,Why is it important to have a large sample size in an investigation?,1585,C
1586,Which of these is the chemical symbol for magnesium?,1586,C
1587,Which unit is used to indicate the amount of energy in food?,1587,C
1588,Which mineral has six-sided transparent crystals that will scratch glass?,1588,4
1589,Which of these tectonic plate boundaries is most likely to form a volcano?,1589,B
1590,"In New York State, the shortest period of daylight occurs during which month?",1590,B
1591,Which is needed for both boiling and melting to occur?,1591,1
1592,Tony is studying ladybugs in a garden. Which of these would BEST help Tony to count the spots on a ladybug?,1592,3
1593,Which rock is most likely to contain fossil seashells?,1593,B
1594,"In Rutherford's experiment, what caused some high-energy particles to bounce off the metal, while most pass straight through?",1594,B
1595,"Which type of rock is formed from limestone that has been compacted, heated, and recrystallized?",1595,A
1596,Which of the following animal features most helps the animal move around in its habitat?,1596,D
1597,A recent scientific study funded by a medical corporation concluded that its product is not as harmful as consumers have reported. Identify a possible problem with this study.,1597,D
1598,Which is the most likely reason why scientific theories change?,1598,A
1599,Where would animals and plants be most affected by a flood?,1599,A
1600,What role does the centromere play in cellular reproduction?,1600,A
1601,"If two objects are two meters apart, which of these changes will increase the gravitational force between the two objects?",1601,B
1602,"Fires in forests from lightning rid the forest of dead branches and leaves. If the trees survive and the soil remains intact, the forest will experience regrowth to its climax state by which process?",1602,A
1603,The sum of all chemical reactions in the human body is known as,1603,A
1604,Why is it important to repeat an experiment several times?,1604,C
1605,A ball is thrown straight up. Which statement best describes the motion of the ball while the ball is at the maximum height?,1605,C
1606,Which renewable resource is used with photovoltaic cells to produce electricity?,1606,C
1607,Where do plants get energy from to make food?,1607,4
1608,Which is an example of a decomposer?,1608,D
1609,A pencil falls off of a desk. What moves the pencil toward the floor?,1609,C
1610,Which of these is an organism that is unicellular?,1610,A
1611,"A student conducts an experiment using a common but potentially harmful bacteria culture. After working with the bacteria, which is the most important safety practice to follow?",1611,C
1612,"In the initial stages of manned space exploration, scientists needed to address adequate nutrition to provide astronauts with energy throughout the mission. Which of these criteria could not be used when considering food and energy for astronauts during manned space flights?",1612,B
1613,"A gastroenterologist is a doctor who treats problems of the esophagus, stomach, and intestines. Which organ system is cared for by this type of doctor?",1613,C
1614,Species are classified based on their characteristics. Which characteristic identifies two organisms as members of one species? The organisms,1614,B
1615,Why is it important to repeat an experiment several times?,1615,B
1616,Genes are located on chromosomes which are composed of,1616,2
1617,"What kingdom contains organisms that are multicellular, have no chlorophyll, and absorb nutrients from decaying tissue?",1617,C
1618,Which is an example of light being reflected?,1618,C
1619,A dog opens its mouth and lets its tongue hang out. A human's body produces sweat. These are two ways that organisms may adjust to,1619,D
1620,Which of the following gases do plants use in photosynthesis?,1620,C
1621,A meteoroid becomes a meteorite when it,1621,A
1622,Which geologic process is absent from the Gulf Coast states?,1622,C
1623,An element is identified by,1623,A
1624,"Base your answers on the information below. One hot, summer day it rained very heavily. After the rain, a plastic pan on a picnic table had 2 cm of rainwater in it. Four hours later, all the rainwater in the pan was gone. Which process caused the rainwater in the pan to disappear as it sat outside in the hot air?",1624,B
1625,"In order to distinguish fact from opinion, conclusions in experiments should be",1625,B
1626,Which of the following can only be seen with a telescope?,1626,A
1627,Scientists recorded the hourly temperature at a weather station for the month of July and want to quickly measure a trend over time in temperature changes. Which of these formats would be the most appropriate representation of the temperature data to quickly measure any trend?,1627,D
1628,Joanne wants to investigate factors that affect different patterns of the flight of bees. Which step in the scientific method must she follow before forming a hypothesis?,1628,D
1629,"When the wax from a candle drips, the wax has reached",1629,A
1630,Most of the concentration of which gas results from the activity of producer organisms?,1630,A
1631,Mr. Mendoza's class studied different body systems. What is an important function of the circulatory system?,1631,B
1632,Which part of a plant is used to absorb sunlight during photosynthesis?,1632,D
1633,Which change increases the rate of a chemical reaction?,1633,B
1634,Which illness is always caused by an infection?,1634,1
1635,A student states that plants grow taller when grown in natural light than they do in artificial light. Which method is the best way to determine if the statement is fact or opinion?,1635,B
1636,"Which animals live part of their lives in water and part on land, and go through metamorphosis?",1636,A
1637,A person in a dark room looking through a window can clearly see a person outside in the daylight. But a person outside cannot see the person inside. Why does this happen?,1637,4
1638,A modern theory of the origin of the universe proposes that the first atoms formed were primarily atoms of which element?,1638,A
1639,Which of the following helps the body to cool down?,1639,C
1640,The process by which water vapor in the atmosphere cools and becomes a liquid is called,1640,D
1641,Paco throws a ball. What force pulls the ball down toward the ground?,1641,B
1642,The ratio of an object's mass to its volume is its,1642,C
1643,Which of the following energy conversions takes place in a battery-operated flashlight?,1643,D
1644,Gasoline for cars is produced from fossil fuels. Using gasoline can most likely lead to which environmental problem?,1644,C
1645,What happens to the physical state of water when it freezes?,1645,B
1646,The surface of Earth is constantly changing. Which of these findings provides the best evidence that the crustal surface of Earth has changed over time?,1646,A
1647,What causes a person to have blue eyes?,1647,D
1648,A line graph is best used when the measured variable is,1648,A
1649,The cows in a rancher's herd of cattle have been selectively bred to produce milk. Which of the following will cause the next generation of cows to receive the trait for producing large quantities of milk?,1649,A
1650,The principle of uniformitarianism states that most of the landscape of Earth was formed slowly and over a long period of time. Which occurrence of Earth is least supported by this principle?,1650,A
1651,Which of the following is an example of genetic engineering?,1651,C
1652,Gregor Mendel cross-pollinated red and white snapdragon flowers. What information indicates that incomplete dominance was achieved?,1652,4
1653,"The Florida Bog Frog (Lithobates okaloosae) inhabits shallow stream overflows in three counties in Florida. With such a small geographic habitat, any change in the frog's environment could cause drastic changes in the population. Which would most likely affect the frog population if acid rain changed the pH of the water?",1653,C
1654,What biological concept was Mendel studying when he crossed pea plants many times over many generations?,1654,B
1655,Which SI unit would be most appropriate for recording the length of a typical classroom?,1655,B
1656,"Tay-Sachs disease is a recessive genetic disorder. If only one gene is present, an individual is a carrier. What is the probability of two healthy Tay-Sachs carriers having a child that has the disease?",1656,D
1657,"In humans, the amount of sugar in blood is controlled by the release of a hormone called insulin. This process is an example of",1657,A
1658,Which of the following describes an object that must have a net negative charge?,1658,A
1659,What is the primary source of energy for organisms from a beach ecosystem?,1659,B
1660,A student pours a clear liquid from a test tube into a beaker with a clear liquid already in it and notices that the mixture turns pink. The student infers the two clear liquids are different. This inference is a result of,1660,B
1661,"Some students were investigating the relationship between position, time, and speed. The students marked the initial position of a toy car. The students set the car into motion and marked the position of the car each second. Which of these are most appropriate for recording and analyzing the students' data?",1661,D
1662,"In what way do transit systems, such as buses, benefit society?",1662,A
1663,A researcher found shark fossils on top of a mountain. This evidence suggests which of the following about this region?,1663,B
1664,Which of these is a freshwater reservoir?,1664,A
1665,Gold atoms can be identified based on the number of which subatomic particles?,1665,4
1666,Arteries and veins are two important parts of the circulatory system. What is the relationship between arteries and veins?,1666,B
1667,Which technique will researchers studying the inheritance patterns of various disorders most likely use?,1667,B
1668,"When the Northern Hemisphere is tilted toward the Sun, what season is occurring in Australia?",1668,A
1669,Which statement about all living organisms is true?,1669,D
1670,"The yellow-throated longclaw is a bird that lives on the dry savanna of Africa. It looks almost exactly like another bird, the western meadowlark of North America. Although the birds look very similar, they are not even in the same taxonomic family. Scientists think the birds look alike because the two species developed under similar environmental pressures, even though they developed thousands of miles apart. Which process does their development demonstrate?",1670,D
1671,The fusion reaction that fuels the Sun converts hydrogen into,1671,D
1672,Which mechanism helps carbon to cycle from the atmosphere to living organisms?,1672,B
1673,"A jeweler melts gold to make jewelry. As the gold melts, the mass",1673,C
1674,"Jake's cats eat food from a can. The cats come running into the kitchen when they hear the electric can opener. Now, each time Jake's mother opens a can of corn, the cats come running. This is an example of",1674,C
1675,What do all animals need in order to survive?,1675,C
1676,Which group of organisms would all be found living in a tropical rain forest?,1676,A
1677,Jupiter is the largest planet in the solar system. It rotates on its axis once about every 10 hours. What time period on Earth would be 10 hours long if Earth rotated on its axis once every 10 hours?,1677,D
1678,A student is visiting a local limestone quarry and finds fossils of seashells. The quarry is located hundreds of miles from the ocean. The fossils best indicate that,1678,A
1679,Trees use narrow tubes to transport water upward. Which property of water allows the water to rise in these narrow tubes?,1679,C
1680,Which is the greatest impact humans have had on the carbon cycle?,1680,B
1681,Which of these human activities in a forest has a positive effect on the ecosystem?,1681,A
1682,Darwin's theory that animal species can change over time was inspired by his research on which set of islands?,1682,D
1683,Which of the following is the primary advantage of sexual reproduction when compared to asexual reproduction?,1683,A
1684,"A student finds a round, smooth pebble on a beach. Which action made the pebble smooth?",1684,D
1685,Which of the following events during meiosis contributes most to the variation within a species?,1685,B
1686,"When water evaporates from Earth's surface into the atmosphere, its molecules enter the gas state. What change in this gas causes molecules to condense into the small water droplets that form clouds?",1686,D
1687,Which of the following properties provides the BEST way to identify a mineral?,1687,C
1688,What geographic obstacle causes water to condense in an air mass as the air mass moves?,1688,B
1689,"A student is working on a science project display for the school science fair. To best communicate why her conclusions are valid, what should be included on the display?",1689,A
1690,Scientists wonder how the Egyptian pyramids were built. They think that the huge blocks of stone may have been put into place by pushing them up a sloping pathway. The pathway is which type of simple machine?,1690,C
1691,"Over time, non-volcanic mountains can form due to the interaction of plate boundaries. Which interaction is most likely associated with the formation of non-volcanic mountains?",1691,B
1692,A student measures the growth of a group of plants given different amounts of fertilizer. Which data display should the student use to compare the growth of the plants?,1692,D
1693,What is the smallest particle of the element gold (Au) that can still be classified as gold?,1693,C
1694,Noah visited a park that had many oak trees. Which best describes the role of an oak tree in its ecosystem?,1694,C
1695,Students researched monkeys at a zoo. They recorded the monkeys' traits and behaviors. This investigation activity is best described as,1695,A
1696,A line graph is best used when the measured variable is,1696,C
1697,Which technological advancement has done the most to improve the accuracy of weather predictions?,1697,B
1698,Pepsin is an enzyme that acts in the stomach for protein digestion. Which of these is most likely the main role of pepsin in this metabolic reaction?,1698,C
1699,"When a tree suffers from a decreased ability to transport materials within the phloem, what is directly impacted?",1699,A
1700,A ball on a cart is moving at a rate of 2 m/s. The cart suddenly stops and the ball continues to travel in the same direction at the same speed. This is an example of the,1700,B
1701,What biological concept was Mendel studying when he crossed pea plants many times over many generations?,1701,A
1702,A greenhouse is used as a model of the atmosphere. Which of the following cannot be demonstrated by the model?,1702,B
1703,Which of the following animal features most helps the animal move around in its habitat?,1703,A
1704,Scientists dig in a dry area at the bottom of a mountain range. Fossilized shells of freshwater mussels are found in the area. Which is a likely conclusion that scientists will draw based on this evidence?,1704,B
1705,A student is growing some plants for an experiment. She notices small white spots on the leaves. Which tool should she use to get a better look at the spots?,1705,B
1706,Manganese has an atomic number of 25 and an atomic mass of 55 amu. How many particles are found in its nucleus?,1706,D
1707,"Traveling in opposite directions, buses A and B are passing each other at the relative speed of 25 km/h, while a passenger on bus A walks toward the back of the bus at the speed of 5 km/h. What is the velocity of the passenger on bus A relative to bus B?",1707,C
1708,Which characteristic can an amoeba change that a paramecium cannot change?,1708,D
1709,"Gregor Mendel studied ratios related to traits passed from parent pea plants to offspring pea plants. Mendel used large numbers of plants to avoid ""sampling error."" This changed the way scientists studied genetics because it included ideas of",1709,A
1710,"In cherry tomatoes, red color (R) is dominant to yellow color (r). If two heterozygous plants are crossed, what percentage of the offspring will be yellow?",1710,A
1711,Wind changes the surface of Earth. Which of these land formations is a result of transportation and deposition by wind?,1711,B
1712,Which of the following occurs during photosynthesis?,1712,D
1713,Which is the result of mitosis?,1713,B
1714,This in turn causes the average temperature on Earth to rise. Which of the following observations supports that theory?,1714,B
1715,Which action causes a chemical change?,1715,A
1716,Which device converts kinetic energy into electrical energy?,1716,A
1717,A shallow container of salt water is placed in sunlight for a day. Which is the most likely result?,1717,A
1718,How does repeating an experiment improve the likelihood of obtaining accurate results?,1718,C
1719,Which movement of carbon between reservoirs takes the longest to achieve?,1719,A
1720,Which group of organisms can show significant trait changes in the shortest period of time?,1720,A
1721,Heat from deep in Earth's interior is transferred to its crust by which of the following?,1721,A
1722,Which of these describes a location where minerals are most likely to form?,1722,D
1723,The process by which organisms with favorable variations reproduce at higher rates than those without such variations is,1723,3
1724,"In New York State, the shortest period of daylight occurs during which month?",1724,B
1725,The North America Nebula is named for its similarity in shape to the North American continent. It was discovered within the Milky Way by astronomer William Herschel in 1790. What was Mr. Herschel most likely observing?,1725,B
1726,A dog opens its mouth and lets its tongue hang out. A human's body produces sweat. These are two ways that organisms may adjust to,1726,C
1727,"When scientists publish papers describing the results and conclusions of their experiments, members of the scientific community should",1727,A
1728,Several dinosaur bones are discovered buried in volcanic ash. The type of dinosaur can best be identified by,1728,B
1729,"A student adds sugar, spices, and salt to a bowl of peanuts and stirs them together. What has the student made?",1729,B
1730,What are petri dishes used for in a lab?,1730,A
1731,A mixture of powdered iron and sulfur is heated. What will be formed?,1731,D
1732,"When a person speaks into a telephone, sound energy is changed mostly into which form of energy?",1732,A
1733,Which best describes a characteristic of the jet stream?,1733,A
1734,"In one area, a large source of prey for eagles is rabbits. If the number of rabbits suddenly decreases, what effect will it most likely have on the eagles?",1734,C
1735,Amylase is a chemical that decomposes starch into maltose and dextrin. Which best describes the role of amylase in the human body?,1735,D
1736,"Jonathan places a pot of water on a stove. As the water boils, how does the state of the water change?",1736,A
1737,Which of the following events involves a consumer and producer in a food chain?,1737,A
1738,"Stem cells are cells that can differentiate into many different kinds of cells. Scientists have discovered that the environment supporting the cells influences stem-cell differentiation. For example, stem cells grown on strong, flexible surfaces became muscle cells. What most likely happened to stem cells grown on a hard, rigid surface?",1738,B
1739,All of the processes listed below cause changes in Earth's surface. Which of the following is the slowest to change Earth's surface?,1739,D
1740,What is the repeating monomer of a DNA molecule?,1740,C
1741,Mosquitoes have adapted to detect carbon dioxide using certain sensory nerves. Mosquitoes instinctually move toward greater concentrations of carbon dioxide. What is the importance of this adaptation?,1741,A
1742,Which is a physical property of an apple?,1742,C
1743,The water in a pond gets colder one night. Which tool is best to observe its temperature change?,1743,D
1744,Some birds build nests in the spring. This nest building is a seasonal adaptation that occurs to help the birds,1744,D
1745,The students in an engineering class built a robot that stacks wooden blocks. A built-in computer controls the movement of the robot. The computer in the robot performs a function most similar to which part of the human body?,1745,A
1746,Why is some food dehydrated for astronauts to eat in space?,1746,C
1747,"The first microscopes were built in the 1600s. Microscopes have improved since then, but still perform the same job. How do microscopes most help scientists?",1747,D
1748,"In gym class a student kicks a soccer ball high into the air. As the ball goes upward, which type of energy is increasing?",1748,C
1749,Photovoltaic cells capture photons of sunlight and transform them directly into electricity. Many of Earth's other energy resources are simply transformed solar energy. Which two energy resources store energy that did not begin as solar energy?,1749,A
1750,Lori owns a house next to the lake. She uses lots of fertilizer to keep her lawn green. Which impact could fertilizing her lawn have on the lake?,1750,B
1751,Vinegar and water are placed in a container and stirred. What is formed when they are mixed?,1751,B
1752,"As Earth revolves around the Sun, the number of daylight hours varies from place to place. In which location would the number of daylight hours remain constant?",1752,B
1753,What is the primary function of skin cells?,1753,B
1754,Unequal distribution of the hormone auxin in plants helps to regulate the direction of plant growth. Which of the following is accomplished by plants in regulating the distribution of auxin?,1754,A
1755,What is the main function of scales on a fish?,1755,B
1756,Fossil fuels were formed from,1756,C
1757,"A person named Leonardo da Vinci studied many things including animals, geology, clouds, and flight. His study of birds helped him design the first parachute. Everything he saw made him ask how and why. Which human quality most likely made this person want to study many different things?",1757,D
1758,Which of the following is a consumer?,1758,D
1759,"In order for a glider to fly, its weight must be opposed by",1759,B
1760,It is necessary to add a day to the calendar every four years because,1760,B
1761,"When animals use energy, what is always produced?",1761,C
1762,"In any ecosystem, organisms interact with biotic and abiotic parts of the environment. As a result of all of the interactions, the matter within the system is",1762,B
1763,Wind changes the surface of Earth. Which of these land formations is a result of transportation and deposition by wind?,1763,B
1764,A decomposer is an organism that,1764,B
1765,An example of an instinct is,1765,D
1766,"In the forest, one type of tree produces special seeds. These seeds start to grow only after going through a fire. In the fire, the adult trees are destroyed. Which resources, needed for growth, are now available to the newly growing seeds?",1766,C
1767,Strong winds have the ability to uproot large trees in a wooded area. Which of these organisms would most likely benefit from this change in a habitat?,1767,D
1768,What determines if twins are identical?,1768,C
1769,Which of the following is a correct food chain?,1769,C
1770,Why would explorers use a compass when traveling to unknown lands?,1770,B
1771,Which unit of measurement can be used to describe the length of a desk?,1771,B
1772,Which property of water can cause a rock to break apart?,1772,D
1773,What is the composition of the nucleus of an atom?,1773,3
1774,"When light is bounced off a mirror, the light is",1774,D
1775,Approximately how long does Earth take to complete its orbit around the Sun?,1775,A
1776,The length of a year is equivalent to the time it takes for one,1776,C
1777,Noah visited a park that had many oak trees. Which best describes the role of an oak tree in its ecosystem?,1777,C
1778,The longitude of a location determines which time zone it is in. Different time zones are the result of,1778,D
1779,Which two systems of the body are interacting when a runner sprains his ankle?,1779,C
1780,Louis Pasteur discovered that the bacteria in a substance can be killed by heating the substance for a short period of time. Which of these practices benefited most from Pasteur's discovery?,1780,D
1781,Which of the following would most likely happen if grasses and shrubs were removed from a rural Massachusetts ecosystem?,1781,B
1782,Traits are transferred from generation to generation through the,1782,B
1783,Which distance is the smallest for which it is most practical to use the light-year as a unit of measurement?,1783,D
1784,Claudia's teacher places a photograph of an organism on the board. He asks Claudia to determine if the organism is a plant or an animal. The answer to which question will best help Claudia determine if the organism is a plant or an animal?,1784,C
1785,Which is the best tool to measure the angles of a triangular object?,1785,B
1786,Which characteristic of a volvox colony makes it more like a multicellular organism than a simple cluster of unicellular organisms?,1786,C
1787,Which species have been on the Earth for the shortest amount of time?,1787,B
1788,What is the name of the product formed from the reaction shown below? 4Fe(III) + 3O_{2} -> 2Fe_{2}O_{3},1788,B
1789,All of the following events occur during prophase in mitosis except,1789,C
1790,Which of the following events during meiosis contributes most to the variation within a species?,1790,3
1791,Which action is the best method to separate a mixture of salt and water?,1791,A
1792,"A 10 g sample of aluminum and a 10 g sample of iron were each heated by 100 joules of energy. The temperature of the aluminum sample rose 11°C, while the temperature of the iron sample increased 23°C. Which statement best accounts for these results?",1792,D
1793,"After a rainstorm, a big pile of rocks blocks part of a mountain road. Which event most likely caused the rocks to move onto the road?",1793,4
1794,Which physical characteristic do some organisms have that helps them survive in the Arctic?,1794,C
1795,"In cherry tomatoes, red color (R) is dominant to yellow color (r). If two heterozygous plants are crossed, what percentage of the offspring will be yellow?",1795,B
1796,Which of the following would be more likely to pollute a river?,1796,B
1797,Which renewable resource is used with photovoltaic cells to produce electricity?,1797,C
1798,Water at 20°C in an uncovered pan is evaporating very slowly. What could be done to the water to make it evaporate more quickly?,1798,B
1799,A scientist studies how weathering and erosion can change the shape of a mountain. The scientist needs to collect information over what period of time to gather the most accurate information?,1799,3
1800,Which of the following climates has cold winters and hot summers?,1800,D
1801,"After a race, a newspaper lists the names of the five fastest runners. Another method that could be used to identify the five fastest runners is to make a chart that shows the",1801,B
1802,What is the main source of energy that causes water to evaporate from the surface of Earth?,1802,B
1803,An example of a learned trait is,1803,B
1804,What season is the Northern Hemisphere experiencing when it is tilted directly toward the Sun?,1804,A
1805,Which change in the environment would have a negative effect on the survival of a species in an ecosystem?,1805,A
1806,Which of these properties of water helps moderate the weather of coastal areas?,1806,C
1807,A scientist plans to investigate the nervous system of sea slugs. What should the scientist do first?,1807,D
1808,Which of these is the BEST reason to study weather?,1808,B
1809,One thing that all human cells have in common is that they,1809,C
1810,"When igneous rock is changed into metamorphic rock, which form of energy is this process?",1810,B
1811,Which physical property is important to have in a material used in cookware?,1811,D
1812,Which relationship between Earth's outer core and inner core generates a large portion of Earth's magnetic field?,1812,C
1813,The fossils that are found in the oldest layers of sedimentary rock were formed which types of organisms?,1813,B
1814,Before it rains water must collect in,1814,B
1815,"Rocks are classified as igneous, metamorphic, or sedimentary according to",1815,C
1816,What energy transformation occurs when an electric lamp is turned on?,1816,B
1817,Joel made some measurements and recorded this data: Sample 1 - 45 mL Sample 2 - 15 mL Sample 3 - 30 mL Sample 4 - 20 mL Which of these tools would most likely have been used to obtain these measurements?,1817,C
1818,Crows are found throughout many parts of the world. They are black birds with excellent hearing. In the wild they live for six to seven years. Some crows in Japan open hard-shelled nuts by dropping them in front of moving cars. Which of these is a learned behavior?,1818,C
1819,"When air is heated, it will most likely",1819,C
1820,Which of the following materials would best slow the transfer of heat?,1820,B
1821,The surface of Earth is constantly changing. Which of these findings provides the best evidence that the crustal surface of Earth has changed over time?,1821,A
1822,Which statement describes all matter?,1822,C
1823,High-altitude cirrus clouds are primarily formed from which substance?,1823,1
1824,The gravitational force between two objects depends on the distance between the objects and each object's,1824,C
1825,Which part of a plant cell is responsible for controlling the activities of the other parts of the cell?,1825,B
1826,In the human body the digestion of proteins takes place primarily in which two organs?,1826,C
1827,Which organ is most responsible for oxygen entering the blood stream?,1827,A
1828,One thing that all human cells have in common is that they,1828,D
1829,Measurements of carbon dioxide concentrations in the air taken over the past decade have shown a,1829,B
1830,Which of these is hottest?,1830,C
1831,Copper is used in house wiring because it is,1831,B
1832,"When studying planetary data, Jackie found some similarities and differences among the planets that make up the solar system. Which generalization is true about the orbits of the major planets in the solar system?",1832,D
1833,The most common way humans contribute to the extinction of organisms is by,1833,B
1834,The magnitude of the gravitational force between two planets depends on the,1834,A
1835,In which type of rock are fossils generally found?,1835,D
1836,Which of the following is visible through a reflecting telescope?,1836,D
1837,Which renewable energy resource possesses the greatest potential for providing renewable energy to meet the future needs of the southern United States?,1837,D
1838,"A mosquito is a type of flying insect that lays eggs in puddles or small pools of water. When larvae develop from eggs, the larvae come to the surface to get air through special breathing tubes. After one to two weeks, the larvae become pupae and then turn into adults. How would a dry summer affect a mosquito population?",1838,D
1839,Where does a landslide begin?,1839,A
1840,Which instrument would be best to measure the volume of a liquid?,1840,B
1841,What chemical symbol represents the element iron?,1841,B
1842,Which adaptive feature most helps a baby jaguar survive the first few weeks of life?,1842,A
1843,The human body processes and eliminates food waste using the organs of the excretory system. Which organelle performs a similar function in humans at the cellular level?,1843,B
1844,Which sense is used to determine an object's texture?,1844,D
1845,Different systems of the human body perform different functions. Which system takes oxygen from the air to be moved by the circulatory system?,1845,3
1846,A student is writing a report on volcanoes. What should the student include to best help explain how a volcano works?,1846,D
1847,Why would explorers use a compass when traveling to unknown lands?,1847,A
1848,"When a student uses the equation, mass multiplied by change in temperature multiplied by specific heat, what is being calculated? q = m \times C \times \Delta T",1848,C
1849,Which object is made to reflect light?,1849,C
1850,"If you wanted to be able to look at the stars, the planets, and the Moon more closely, what should you use?",1850,C
1851,How does the length of daylight in New York State change from summer to fall?,1851,D
1852,Which is the thickest layer of Earth?,1852,A
1853,Which of these groups contains single-celled organisms?,1853,C
1854,A decomposer is an organism that,1854,3
1855,Two scientists doing the same experiment got different results. Which would be the best way to figure out which result might be correct?,1855,B
1856,"Plants have special tissues that transport food, water, and minerals throughout the plant. What are these tissues similar to in animals?",1856,A
1857,One way to protect against food poisoning is to,1857,B
1858,Which property of water allows it to dissolve many different substances?,1858,D
1859,One hundred grams of water and 100 grams of vegetable oil are heated in identical containers at 70°C for 5 minutes. Their temperatures at the end of 5 minutes are different due to the difference in which property?,1859,D
1860,Which of the following best describes an atom?,1860,D
1861,Which scientist formulated rules that describe the observable relationships of plant traits to the traits of the ancestor plants?,1861,C
1862,Amanda is learning about different adaptations of animals. Which is an example of a behavioral adaptation?,1862,B
1863,"Salt and pepper are placed together in a container. When the container is shaken, the salt and pepper become a",1863,C
1864,Which of these items contains only a solution?,1864,C
1865,Which energy source is considered nonrenewable?,1865,A
1866,Most of Earth's major earthquakes are caused by,1866,C
1867,In which object does chemical energy most likely transform into electrical energy?,1867,D
1868,A geologist found fossils of horse bones in different rock layers of a canyon. The fossils in the lower levels show shorter bones than those in the upper-level fossils. Which conclusion is based on the geologist's observations?,1868,C
1869,The hormone insulin is secreted by the pancreas. Which activity is most likely to trigger an increase in the levels of insulin circulating in the blood?,1869,B
1870,How does ice change the shape of rocks?,1870,B
1871,What is the basic unit of life?,1871,D
1872,Quartz and feldspar are two common minerals. When they are found mixed together in nature they form,1872,A
1873,A student learns that one year on Mercury is about 88 Earth days. This means it takes 88 Earth days for Mercury to,1873,A
1874,Which of these is the best definition of heredity?,1874,B
1875,What type of inheritance controls blood types in humans?,1875,C
1876,Which object is nonliving?,1876,D
1877,Which resource provides the minerals plants need to grow?,1877,B
1878,Which of the following does not give an example of how sparrows use resources in their environment to survive?,1878,A
1879,All matter is made up of particles called,1879,B
1880,The mathematical model for calculating speed is shown below. Speed = distance/time. An airplane traveled 700 kilometers in two hours during a trip. What was the average speed of the plane during the trip?,1880,C
1881,A student reaches one hand into a bag filled with smooth objects. The student feels the objects but does not look into the bag. Which property of the objects can the student most likely identify?,1881,D
1882,Which of the following is a mineral?,1882,B
1883,A balloon filled with helium gas is set free and starts to move upward. Which of the following best explains why the helium balloon moves upward?,1883,B
1884,Photovoltaic cells capture photons of sunlight and transform them directly into electricity. Many of Earth's other energy resources are simply transformed solar energy. Which two energy resources store energy that did not begin as solar energy?,1884,D
1885,Arteries and veins are two important parts of the circulatory system. What is the relationship between arteries and veins?,1885,C
1886,Turning off the light when leaving a room is an example of,1886,D
1887,An ecosystem is a community of organisms interacting with their physical environment. Why are decomposers an important part of ecosystems?,1887,B
1888,Which scientist is credited with using a telescope in the seventeenth century to discover the moons of Jupiter?,1888,B
1889,Decomposers are organisms that obtain their food from dead organisms. Which of these would be classified as decomposers?,1889,D
1890,Scientists wonder how the Egyptian pyramids were built. They think that the huge blocks of stone may have been put into place by pushing them up a sloping pathway. The pathway is which type of simple machine?,1890,B
1891,Which material is primarily a mixture of weathered rock and organic matter?,1891,A
1892,People are developing electric cars that would replace gasoline-burning cars. One major advantage of the electric car is that it,1892,A
1893,Which is a unit of measure for length?,1893,B
1894,Which of these is a way the people of Virginia can help restore a natural ecosystem?,1894,A
1895,What statement describes what happens to the carbon dioxide waste produced by a developing baby during pregnancy?,1895,D
1896,What is the most reasonable explanation for why a toy car rolls farther on a wood floor than on a thick carpet?,1896,B
1897,Which form of energy is found in food?,1897,B
1898,What is the correct explanation for why we have day and night on Earth?,1898,B
1899,"Sodium chloride, commonly called ""table salt,"" is made up of sodium and chlorine that have been combined chemically. Which term best describes sodium chloride?",1899,1
1900,"A condition in bees called ""colony collapse disorder"" occurs when worker bees leave the hive to collect nectar and never return. How would a decline in the bee population most likely affect a farm ecosystem?",1900,D
1901,"For many years, people have been curious about the stars. In the past, people have shared what they knew about the stars through stories and drawings. Which pair of tools would be most helpful for people today to gather and share information about stars?",1901,C
1902,Which characteristic is inherited rather than learned?,1902,D
1903,Tim and Carla play catch with a ball. Which term describes the motion of a ball?,1903,D
1904,"Some immune cells are actively involved in ingesting, destroying, and presenting invading microbial antigens on their surface to stimulate other cells to produce antibodies. Which of these cells is responsible for initiating such an immune response?",1904,B
1905,What is significant about the discovery of water on Mars?,1905,B
1906,Growth and repair in multicellular organisms are the result of,1906,A
1907,Scientists who have studied the hydrosphere concluded that about 71% of Earth is covered with water. Which part of the hydrosphere is most often associated with the formation of organic rocks?,1907,D
1908,What form of energy is being used when a person pushes a wooden block across the floor?,1908,D
1909,"In an experiment, a scientist named Pavlov rang a bell before he fed his dogs, which made the dogs drool. Soon the dogs would drool when they heard the bell, even if they did not receive any food. What type of response did the dogs exhibit?",1909,A
1910,Which of these provides the best evidence that the distribution of Earth's oceans has changed over time?,1910,B
1911,"A scientist crosses a red-flowered plant with a white-flowered plant, and all offspring have red flowers. What will most likely result if these red-flowered offspring are crossed with white-flowered plants?",1911,2
1912,Students studying rocks notice that in a particular location there are many igneous rocks that are very similar. This observation best supports which statement?,1912,C
1913,Which of the following causes a chemical change?,1913,A
1914,What are the basic structural units of living organisms?,1914,D
1915,Which scientist formulated rules that describe the observable relationships of plant traits to the traits of the ancestor plants?,1915,B
1916,"For a technology project, Kyle came up with an idea to build a model bridge. He wants his bridge to span 50 cm and to support a 1 kg object. According to the engineering design process, which of the following should be Kyle's next step?",1916,B
1917,Which of the following forms of energy can travel by vibrating particles of air?,1917,B
1918,Improvements in geological observation technologies have made it easier for scientists to locate resources in Earth's crust. These technologies have allowed for an increase in availability of which resource?,1918,D
1919,"As the human population increases, more fossil fuels are being used. The burning of fossil fuels produces greenhouse gases. How might humans reduce greenhouse gases?",1919,C
1920,Which organ removes cell waste from the blood?,1920,B
1921,Which animals are most likely to carry the seeds found in berries from the parent plant to another area?,1921,B
1922,What is the most prominent land feature formed by the convergence of the Indo-Australian and Eurasian plates?,1922,B
1923,Jupiter is the largest planet in the solar system. It rotates on its axis once about every 10 hours. What time period on Earth would be 10 hours long if Earth rotated on its axis once every 10 hours?,1923,B
1924,Which type of rock would most likely contain a fossil?,1924,A
1925,Which organ is most responsible for oxygen entering the blood stream?,1925,B
1926,Which of the following is an example of an assistive device?,1926,D
1927,Which of these processes is a conversion made by solar panels?,1927,C
1928,Which human trait is most likely inherited from a parent?,1928,A
1929,Which action is an example of an exothermic process?,1929,A
1930,"When liquid water freezes, it forms ice. What is the physical state of an ice cube?",1930,B
1931,Which of the following properties of a substance is conserved during thermal expansion?,1931,C
1932,"The population of which of the following 26 organisms would most likely decline if small animals like rats, rabbits, and snakes were eliminated from an ecosystem?",1932,C
1933,Which instrument would be used when studying a unit on amphibian anatomy?,1933,D
1934,Two people are pushing a car. One person is pushing with a force of 450 N and the other person is pushing with a force of 300 N. What information is needed to determine the net force applied to the car by the people?,1934,A
1935,Students studying rocks notice that in a particular location there are many igneous rocks that are very similar. This observation best supports which statement?,1935,C
1936,"In a lab investigation, a student notes that two metal blocks have the same mass. Based on this observation, if the two blocks were put on opposite sides of a balance, they would best represent",1936,C
1937,Which tool should be used to compare the growth of an algal colony growing in a petri dish?,1937,B
1938,Which of the following is an example of an assistive device?,1938,A
1939,"When a boy stands in a field in the sunlight, he usually is able to see his",1939,D
1940,Why do dogs have most of the characteristics of their parents?,1940,B
1941,"Sandra puts some pill bugs into an open box. She covers half the box with a piece of cardboard. She then places the box outside on a summer day, and all the pill bugs move under the cardboard. The pill bugs are most likely responding to which of the following?",1941,C
1942,Which two processes could result in the formation of high mountains with well-rounded peaks?,1942,C
1943,A modern theory of the origin of the universe proposes that the first atoms formed were primarily atoms of which element?,1943,C
1944,"A scientist developed a model that described the actions of DNA in the cell nuclei, which helped explain how traits were inherited. Which scientist helped develop this model?",1944,C
1945,Green plants get the energy they need to make food from,1945,A
1946,"If a lake is polluted, which organism would most likely accumulate the highest concentration of contaminants?",1946,B
1947,What causes a blue block to appear blue in the sunlight?,1947,D
1948,Which is the best example of recycling?,1948,B
1949,What is the repeating monomer of a DNA molecule?,1949,C
1950,Which step will most likely ensure that the results of an investigation are valid?,1950,A
1951,"While studying the relationship between number of trees and amount of atmospheric oxygen, which of the following would be most important to take into account?",1951,D
1952,What are the names of the products in the chemical equation shown below? HCl + NaHCO_{3} -> NaCl + CO_{2} + H_{2}O,1952,C
1953,Which of the following properties of a substance is conserved during thermal expansion?,1953,D
1954,"Typically, sedimentary rocks are formed",1954,D
1955,"The nose, mouth, and diaphragm are parts of which body system?",1955,1
1956,Which is the best example of an inherited behavior?,1956,B
1957,Which of the following systems breaks food into nutrients that can be used by the body?,1957,A
1958,"Which of these are broken down during chemical, but not physical, changes?",1958,D
1959,Which of these lists has only products that come from plants?,1959,3
1960,Moving water was the most important factor in forming which of these?,1960,A
1961,How do decomposers obtain their food?,1961,A
1962,A radio station broadcasting across a large area is experiencing thunderstorms. How will the radio waves from the station be affected?,1962,D
1963,Which of these is most likely to be spread when two people drink from the same water bottle?,1963,3
1964,Eating leafy vegetables is important for human health. This is because leafy vegetables are a good source of which of the following?,1964,B
1965,Which of the following describes a reason why companies irradiate some fruits and vegetables before they are sold to the public?,1965,B
1966,"Which of these is most likely caused by the action of water, wind, and animals?",1966,B
1967,A student uses a telescope to view stars at night. The student notices some of the stars are different colors. The color of a star is determined most by its,1967,A
1968,"When plants undergo photosynthesis, a reaction produces sugar, oxygen, and water. During respiration, stored energy from the products of photosynthesis is converted to usable energy. In what form is the energy stored prior to use in respiration?",1968,C
1969,"A condition in bees called ""colony collapse disorder"" occurs when worker bees leave the hive to collect nectar and never return. How would a decline in the bee population most likely affect a farm ecosystem?",1969,A
1970,"Sandra puts some pill bugs into an open box. She covers half the box with a piece of cardboard. She then places the box outside on a summer day, and all the pill bugs move under the cardboard. The pill bugs are most likely responding to which of the following?",1970,A
1971,"In a container, a mixture of water and salt is stirred so that the salt dissolves completely. Sand is added to this solution and allowed to settle to the bottom of the container. If the container is placed on a heat source and the liquid evaporates completely, what will be left in the container?",1971,B
1972,"At room temperature, what state of matter is copper?",1972,A
1973,Which form of energy is found in food?,1973,A
1974,Which of the following is found in all living organisms?,1974,A
1975,Which best explains why a person infected with bacteria may have a fever?,1975,B
1976,Which part of a bicycle BEST moves in a circle?,1976,B
1977,Which cell structure carries out a function for a cell that is similar to the function that bark carries out for a tree?,1977,D
1978,Which technological advancement has done the most to improve the accuracy of weather predictions?,1978,D
1979,One thing that all human cells have in common is that they,1979,C
1980,"While Anna was testing a circuit, she dropped a light bulb. What is the safest thing Anna can do?",1980,B
1981,Which of the following is a typical example of a unicellular organism?,1981,D
1982,A shallow container of salt water is placed in sunlight for a day. Which is the most likely result?,1982,C
1983,Which of these describes a property of all matter?,1983,B
1984,Which factor would have the greatest influence on the southern migration of animals living in the Northern Hemisphere?,1984,A
1985,"To compare the hardness of different minerals, it would be BEST to find",1985,C
1986,The most common way humans contribute to the extinction of organisms is by,1986,D
1987,Which technique will researchers studying the inheritance patterns of various disorders most likely use?,1987,B
1988,What happens to the physical state of water when it freezes?,1988,A
1989,Which of these conditions would most likely be shown in the fossil record as a reason for mass extinctions?,1989,2
1990,"The yellow-throated longclaw is a bird that lives on the dry savanna of Africa. It looks almost exactly like another bird, the western meadowlark of North America. Although the birds look very similar, they are not even in the same taxonomic family. Scientists think the birds look alike because the two species developed under similar environmental pressures, even though they developed thousands of miles apart. Which process does their development demonstrate?",1990,A
1991,Which process occurs when rocks and soil slide down a mountain?,1991,D
1992,"When someone plays the flute, sound is produced because the air in the flute is",1992,C
1993,A factory in Japan had been dumping mercury into Minamata Bay. Certain microorganisms in the water were able to change the mercury into a form that the plankton could use. Which most likely happened next?,1993,B
1994,Which two activities are carried out by all species of living things?,1994,D
1995,Where do many of the basic life functions take place in organisms?,1995,D
1996,What happens to the physical state of water when it freezes?,1996,D
1997,A light-year is a measure of,1997,C
1998,In which structure is the Sun located?,1998,D
1999,Which process drives most of the ATP synthesis in a chloroplast?,1999,D
2000,Which effect do rapidly cooling temperatures have on the water cycle?,2000,A
2001,How has the invention of the personal computer helped people the most?,2001,B
2002,Which organ removes cell waste from the blood?,2002,A
2003,Which characteristic is found ONLY in mammals?,2003,A
2004,"The Heliocentric Theory, as supported by Copernicus, revolutionized scientific theories regarding",2004,C
2005,"In any physical or chemical process, what two quantities are always conserved?",2005,A
2006,Which physical structure would best help a bear to survive a winter in New York State?,2006,B
2007,Organisms that consume wastes to obtain the nutrients they need to survive are classified as,2007,D
2008,Which change increases the rate of a chemical reaction?,2008,D
2009,Which living organism makes its own food using sunlight?,2009,3
2010,The temperature in a hot star is high enough to pull electrons away from atoms. What state of matter results from this process?,2010,C
2011,Which land form results when carbonic acid in groundwater seeps through rock and dissolves limestone?,2011,C
2012,A student describes a substance as lacking a definite shape. The description also states that the particles of matter are close to each other but still able to flow past each other. Which type of substance is the student most likely describing?,2012,D
2013,Which two body systems are directly involved in movement?,2013,A
2014,"A student hypothesizes that the amount of water a plant receives will affect how long it grows before reaching maturity. To test this hypothesis, the student will need",2014,D
2015,"What is an environmental threat posed by oil and gas acquisition and transport that is not posed by the acquisition and transport of the energy resources uranium, and wood?",2015,D
2016,Which set of equipment would be best to use when investigating what is found in a sample of pond water?,2016,B
2017,Which invention has technology that helps people keep food fresh for a long period of time?,2017,B
2018,The abundance of a mineral at the surface of Earth most likely depends upon the,2018,B
2019,Variation in which property between water at different temperatures contributes most to the formation of horizontal ocean layers having distinct temperatures?,2019,C
2020,"When water vapor rises and cools, the liquid water in the air comes together forming",2020,B
2021,"The atmosphere of Mars is almost entirely composed of a greenhouse gas. Compared with Earth, which factor accounts for the low, nighttime surface temperatures on Mars?",2021,C
2022,Which of the following is the main role of flowers found on most flowering plants?,2022,D
2023,"Sugar is composed of carbon, hydrogen, and oxygen. Sugar is an example of which of the following?",2023,A
2024,The number of squirrels in a certain ecosystem changes over time. These changes can be represented as a number of connected data points. Which method would a student most likely use to show this information?,2024,B
2025,"In humans, the digestion process begins in",2025,D
2026,"When air is heated, it will most likely",2026,B
2027,"When buried sediments are subjected to pressure, the mineral grains are squeezed together. What is the result of this action?",2027,D
2028,Which word best describes the speed of a cart that has a positive velocity and a negative acceleration?,2028,D
2029,Which object below is gaining stored energy?,2029,A
2030,Which is a quick process that can form new land near an ocean?,2030,B
2031,"How do traits of animals such as ear shape, nose shape, and hair color most often get passed to offspring?",2031,A
2032,A science class is taking a field trip to a forest to observe and study birds. Which tool would be most helpful for observing birds?,2032,C
2033,Which object used in an experiment can safely be recycled?,2033,D
2034,How does the length of daylight in New York State change from summer to fall?,2034,C
2035,Felicia investigated whether water color affected how fast the water heated in sunlight. She poured tap water into five beakers and placed food coloring in four out of the five beakers. Felicia then used a thermometer to measure the temperature of the water in each of the beakers. Which of these was used as control in her investigation?,2035,B
2036,Which statement is true for all objects?,2036,A
2037,A lizard most likely would be protected from its enemies if it has which characteristic?,2037,C
2038,Noah visited a park that had many oak trees. Which best describes the role of an oak tree in its ecosystem?,2038,C
2039,A student measured the volume of water in a pan. The student boiled the water for thirty minutes and then measured the volume of the water again. The volume of water most likely,2039,B
2040,Which characteristic is most beneficial for an animal living on a snowy mountain?,2040,A
2041,"Fires in forests from lightning rid the forest of dead branches and leaves. If the trees survive and the soil remains intact, the forest will experience regrowth to its climax state by which process?",2041,B
2042,"Which method below would be the best way to determine if an egg, plastic foam, a piece of wood, or a candle would float on water?",2042,B
2043,Which of these is most likely to be spread when two people drink from the same water bottle?,2043,E
2044,"Use The Periodic Table of the Elements and the information below to answer the question. Magnesium metal (Mg) is grayish-white in color and reacts actively with water. Fluorine (F2) is a greenish-yellow gas at room temperature and is a member of the halogen family. These two elements react to produce magnesium fluoride (MgF2), a chemical commonly used in making windows and lenses. How do the elements magnesium (Mg) and fluorine (F2) produce the compound magnesium fluoride (MgF2)?",2044,D
2045,Biotic forces can cause changes to the surface of Earth. Which is the best example of living organisms causing weathering?,2045,C
2046,Tony is studying ladybugs in a garden. Which of these would BEST help Tony to count the spots on a ladybug?,2046,B
2047,A student pours a clear liquid from a test tube into a beaker with a clear liquid already in it and notices that the mixture turns pink. The student infers the two clear liquids are different. This inference is a result of,2047,D
2048,Which instrument should a student use to best examine bacteria?,2048,A
2049,"On a warm sunny afternoon, ocean water splashed onto a rock. A short time later, the rock was dry. Which statement best explains what happened to the water on the rock?",2049,D
2050,Paula determines a property of a marble using a balance and a graduated cylinder. What property is Paula most likely determining by using both tools?,2050,A
2051,A factory in Japan had been dumping mercury into Minamata Bay. Certain microorganisms in the water were able to change the mercury into a form that the plankton could use. Which most likely happened next?,2051,C
2052,Planets remain in orbit around the Sun because of,2052,C
2053,Which action is an example of an exothermic process?,2053,B
2054,A student measures the growth of a group of plants given different amounts of fertilizer. Which data display should the student use to compare the growth of the plants?,2054,B
2055,Which characteristic can an amoeba change that a paramecium cannot change?,2055,B
2056,What is the role of decomposers in a food chain?,2056,A
2057,Trees use narrow tubes to transport water upward. Which property of water allows the water to rise in these narrow tubes?,2057,B
2058,"When athletes begin to exercise, their heart rates and respiration rates increase. At what level of organization does the human body coordinate these functions?",2058,A
2059,A seed of a plant sticks to the fur of an animal as it walks by. How has the animal most likely helped the plant?,2059,D
2060,People are developing electric cars that would replace gasoline-burning cars. One major advantage of the electric car is that it,2060,D
2061,"While a sailor was out fishing, he got lost at sea. Which object would help him direct the boat back to shore?",2061,2
2062,A particular organism is able to survive in an environment due to a thick layer of fat beneath its skin. In which situation would the layer of fat most likely be a survival advantage?,2062,B
2063,Which units are best to measure the amount of rain that fell during a thunderstorm?,2063,B
2064,An organism's cells include organelles and a cell wall. In which taxonomic group or groups might the organism be classified?,2064,B
2065,Which two body systems work together to transport oxygen to the cells?,2065,D
2066,Which two body systems are involved in inhaling oxygen and exhaling carbon dioxide?,2066,C
2067,Which of the following helps keep the Moon in its orbit?,2067,C
2068,Which term identifies a single unit of hereditary information?,2068,B
2069,"In the 1600s, Galileo Galilei studied the moons of Jupiter. What did Galileo do to make better observations?",2069,A
2070,"Garrett collected some large rocks from a stream near his home. He measured the rocks on a balance. When he records the mass of the rocks, which units should Garrett use?",2070,B
2071,Which gas makes up the greatest percentage of Earth's atmosphere?,2071,B
2072,At what time on a sunny day will the shadow of the school's flagpole be the shortest?,2072,D
2073,"In many caves, rock formations include stalactites and stalagmites. Where does the rock in these formations come from?",2073,C
2074,"If you breathe on a mirror, part of the mirror clouds up. What are you actually seeing when you see the mirror cloud up?",2074,D
2075,Certain fossils can be used to help determine the age of the rock layer in which the fossils are found. Which type of fossil is best to use when making this determination?,2075,C
2076,Which object is the best conductor of electricity?,2076,C
2077,The theory of spontaneous generation was eventually disproved scientifically by,2077,D
2078,Which of these causes the atmosphere to change?,2078,B
2079,"When water vapor rises and cools, the liquid water in the air comes together forming",2079,C
2080,A lipid bilayer allows certain molecules to pass through and blocks other molecules. Which structure is most often protected by a lipid bilayer?,2080,B
2081,"Lemon juice turns litmus paper red, is corrosive and tastes sour. Lemon juice is classified as",2081,A
2082,In which structure is the Sun located?,2082,A
2083,"Nuclear fusion is the source of energy for stars. Besides hydrogen, which other element is most likely also common in stars?",2083,C
2084,Baby chicks peck their way out of their shells when they hatch. This activity is an example of which of the following types of behavior?,2084,A
2085,Many processes on Earth occur at or near tectonic plate boundaries. Which geological events are most common along tectonic plate boundaries?,2085,D
2086,Mosquitoes have adapted to detect carbon dioxide using certain sensory nerves. Mosquitoes instinctually move toward greater concentrations of carbon dioxide. What is the importance of this adaptation?,2086,C
2087,Sarah's class is learning about mixtures and solutions. Her teacher writes four statements on the board. Which statement best describes a mixture?,2087,C
2088,A water wave that occurs in an ocean is an example of which type of wave?,2088,A
2089,"In a forest community, trees produce leaves that can be eaten by deer. The leaves also fall to the forest floor during autumn. Fungi break the leaves down into nutrients that enter the soil. What is the decomposer in this forest community?",2089,A
2090,"A manufacturer wants to produce a container for food storage that does not break easily and is airtight, inexpensive, and microwave-safe. Which of the following is the best material to use to make the container?",2090,B
2091,Which force causes a marble to sink to the bottom of a glass of water?,2091,A
2092,"Some students were investigating the relationship between position, time, and speed. The students marked the initial position of a toy car. The students set the car into motion and marked the position of the car each second. Which of these are most appropriate for recording and analyzing the students' data?",2092,C
2093,"When a volcano erupts, dust and ash are blown into the atmosphere. The eruption directly reduces the transfer of energy from",2093,D
2094,"Students are learning about the natural resources in Maryland. One group of students researches information about renewable natural resources in the state. The other group researches information about nonrenewable natural resources in the state. The resources the students investigate include plants, animals, soil, minerals, water, coal, and oil. Aluminum is a nonrenewable natural resource. Which of these methods of aluminum disposal is best for the environment?",2094,A
2095,Scientists dig in a dry area at the bottom of a mountain range. Fossilized shells of freshwater mussels are found in the area. Which is a likely conclusion that scientists will draw based on this evidence?,2095,B
2096,What characteristic helps a rabbit survive in a winter environment?,2096,D
2097,Which two activities are carried out by all species of living things?,2097,A
2098,Which of the following keeps the planets in our solar system in orbit around the Sun?,2098,C
2099,Which scientific model could be used to predict the properties of an element?,2099,C
2100,Which human body system attacks viruses and bacteria once they have invaded the body?,2100,B
2101,Naturally occurring variations within a species are mainly the result of mutations and,2101,B
2102,Which is the result of mitosis?,2102,A
2103,Which sense can be used to determine an object's ability to reflect light?,2103,C
2104,The digestive system breaks food into simple substances that the body can use. What system carries these simple substances from the digestive system to other parts of the body?,2104,A
2105,Shale is a sedimentary rock that can be metamorphosed into slate by,2105,C
2106,"When sound waves with large amplitude are compared to sound waves with small amplitude, which of the following is true?",2106,A
2107,Which tool could be used to help someone count the number of ladybugs on a leaf?,2107,B
2108,Which of the following is most consistent with the modern theory of evolution?,2108,C
2109,Which equipment will best separate a mixture of iron filings and black pepper?,2109,D
2110,Which group of organisms can make food by a process called chemosynthesis?,2110,A
2111,"The distance from Earth to the Sun is about 150,000,000 km. What abbreviation do scientists use to describe this distance?",2111,C
2112,"In humans, the digestion process begins in",2112,D
2113,Plants make sugars in the presence of sunlight in a process called photosynthesis. What form of carbon do the plants take in for this process?,2113,C
2114,A difference between the oceanic crust and the continental crust is that the oceanic crust is,2114,3
2115,"If 1 kg of the compound toluene melts at -95°C, then 500 g of toluene will",2115,A
2116,Earth's core is primarily composed of which of the following materials?,2116,A
2117,There is a thunderstorm close to your house. The windows rattle at the same time that you hear the thunder. What causes the windows to rattle?,2117,D
2118,Which of the following helped lead to the invention of personal computers?,2118,B
2119,At what temperature does pure water boil?,2119,D
2120,Which set of equipment would be best to use when investigating what is found in a sample of pond water?,2120,D
2121,The Moon is visible to observers on Earth because of,2121,D
2122,The length of a year is equivalent to the time it takes for one,2122,C
2123,"In any physical or chemical process, what two quantities are always conserved?",2123,D
2124,Different units of measurement are more useful in some settings than in others. Which unit of measurement is most used when comparing distances within the solar system?,2124,B
2125,Most birds sit on their eggs until they hatch. Which of these is the most important reason why birds sit on their eggs?,2125,B
2126,Which technology used to generate electrical power involves a trade-off between economical electricity and long-term waste disposal problems?,2126,A
2127,"Intense heat and pressure in Earth's crust can change sandstone into quartzite. During this metamorphosis, many properties of these rocks change. Which property of these rocks will most likely remain the same?",2127,D
2128,Which scientist is credited with using a telescope in the seventeenth century to discover the moons of Jupiter?,2128,A
2129,Smoking harms the body in many ways. It is most harmful to which organ?,2129,D
2130,Which of these is the main contributor to the formation of hurricanes?,2130,B
2131,Which tool could be used to help someone count the number of ladybugs on a leaf?,2131,A
2132,A teacher asks her students to examine titles of four scientific articles. Which titled article is specifically about a chemical change?,2132,B
2133,Which of these makes it possible for hurricanes to form?,2133,A
2134,"Several types of mechanisms in the body regulate the rate of chemical reactions in the digestive system. Among the most important are feedback systems, which control the release rate of",2134,4
2135,There is a river at the base of Mount Tom. In the spring the water level is usually very high. In the summer it is lower. The higher level of water during the spring comes from,2135,A
2136,"Traveling in opposite directions, buses A and B are passing each other at the relative speed of 25 km/h, while a passenger on bus A walks toward the back of the bus at the speed of 5 km/h. What is the velocity of the passenger on bus A relative to bus B?",2136,3
2137,A class learns about weather. The students in the class measure the outside air temperature at the same time each day. Which way of measuring the temperature would provide the most accurate data?,2137,B
2138,A pencil falls off of a desk. What moves the pencil toward the floor?,2138,B
2139,Fourth graders are planning a roller-skate race. Which surface would be the best for this race?,2139,A
2140,Why do doctors suggest that people get a flu vaccine each year?,2140,C
2141,Which two body systems are involved in inhaling oxygen and exhaling carbon dioxide?,2141,A
2142,"When studying planetary data, Jackie found some similarities and differences among the planets that make up the solar system. Which generalization is true about the orbits of the major planets in the solar system?",2142,B
2143,Which property of an element is determined by adding the number of protons and number of neutrons?,2143,A
2144,A student wants to cut a piece of string for a class activity. The length of the string is measured BEST in which units?,2144,C
2145,Humans depend on which natural resource from the environment?,2145,C
2146,What is the smallest structural and functional unit of the nervous system?,2146,D
2147,An earthquake in the Earth's crust under the ocean releases sound waves. Which statement accurately describes how the sound waves spread?,2147,D
2148,Which provides the oldest evidence for oxygen accumulation in Earth's atmosphere?,2148,B
2149,Which of the following can cause erosion?,2149,D
2150,A new mutation that occurs in which type of cell can be passed on to offspring?,2150,D
2151,Which is the best plan to make the fossil fuel supply last longer?,2151,A
2152,Which characteristic can an amoeba change that a paramecium cannot change?,2152,C
2153,"Tay-Sachs disease is a recessive genetic disorder. If only one gene is present, an individual is a carrier. What is the probability of two healthy Tay-Sachs carriers having a child that has the disease?",2153,D
2154,"Some students were investigating the relationship between position, time, and speed. The students marked the initial position of a toy car. The students set the car into motion and marked the position of the car each second. Which of these are most appropriate for recording and analyzing the students' data?",2154,B
2155,Earth is about 81 times more massive than the Moon. How will the mass and weight of a rocket on the Moon compare to its mass and weight on Earth?,2155,C
2156,Newly hatched turtles are easy prey for other animals. What is an important ability turtles have for better survival of their offspring?,2156,C
2157,"Isabel goes jogging for two miles on a sunny afternoon. At the end of her run, she is warmer. As Isabel jogs, which function does the skin perform to help stabilize her body temperature?",2157,C
2158,"If the number of trees significantly decreases, the atmosphere's level of which gas might significantly increase?",2158,C
2159,"The distance between the Sun and the next closest star, Proxima Centauri, is most accurately measured in",2159,B
2160,A student is measuring the distance a car travels down a ramp using yards. Which measurement is most similar in length when using the metric system of measurement?,2160,C
2161,A student examines a new watch design. The watch has a small solar cell on its face. The main function of the solar cell is to,2161,D
2162,There is a thunderstorm close to your house. The windows rattle at the same time that you hear the thunder. What causes the windows to rattle?,2162,B
2163,Index fossils help scientists estimate the age of a rock because index fossil species only existed for a relatively short time. What happened to the species that are now used as index fossils?,2163,B
2164,"Many types of organisms live in a meadow. With the introduction of a large, swift-moving predator into the meadow ecosystem, which group of organisms will MOST likely have an advantage of surviving and reproducing?",2164,B
2165,"Blood is composed of different cell types that transport nutrients and wastes throughout the body. Because of this, blood is classified as",2165,C
2166,A genetic mutation has caused the fur color of field mice to contrast with their environment. This type of mutation will most likely,2166,A
2167,Which example would result in new cells that are most different from the parent cells?,2167,D
2168,"In the process of photosynthesis, sunlight is converted into",2168,A
2169,Which tool is used to measure the diameter of a dime?,2169,D
2170,During which season of the year would a rabbit's fur be thickest?,2170,C
2171,"While a sailor was out fishing, he got lost at sea. Which object would help him direct the boat back to shore?",2171,C
2172,Turning off the light when leaving a room is an example of,2172,A
2173,Which is the best example of an inherited behavior?,2173,D
2174,Which cell part is correctly paired with its function?,2174,A
2175,Which instrument would be used when studying a unit on amphibian anatomy?,2175,A
2176,Which region of the Milky Way contains a population that consists mostly of old stars?,2176,B
2177,Living things depend on energy from,2177,C
2178,How are droughts always different from floods?,2178,D
2179,What would be the best way to determine the role of squirrels in a forest ecosystem?,2179,C
2180,The floating arrow on a compass always points towards the,2180,A
2181,What happens when water flows over a rock for a long period of time?,2181,D
2182,What may form as a direct result of a star collapsing?,2182,A
2183,Endothermic reactions are reactions that require more energy to start than they give off in the products. Which statement describes an endothermic reaction?,2183,C
2184,"Which of the following was probably most important in the formation of dark, fertile soil that is good for farming?",2184,A
2185,"A student sets a block at the top of a wooden ramp. The student pushes the block. As the block slides down the ramp, it slows down and then comes to a stop. What force causes the block to slow down?",2185,C
2186,During which of the processes below does water vapor change to liquid water?,2186,C
2187,Which of these resources is renewable?,2187,2
2188,"Some microorganisms cause human disease. Other microorganisms are used in making cheese, yogurt, and bread. Based on this information, the relationship between humans and microorganisms can be",2188,C
2189,The hormone insulin is secreted by the pancreas. Which activity is most likely to trigger an increase in the levels of insulin circulating in the blood?,2189,C
2190,"In order for boulders to become sediments, the boulders must first be",2190,C
2191,Which of these organisms is a producer in a marine ecosystem?,2191,3
2192,What tool would be used to examine a fingerprint?,2192,A
2193,Planting legumes in order to add nitrogen to soil most likely causes,2193,B
2194,"Over a long period of time, a rocky volcanic island that previously did not support any form of life got transformed into a dense forested region. Which of these species is most likely to have been the pioneer species that initiated this transformation?",2194,B
2195,"The primary functions of the digestive system are to break down food, absorb nutrients and excrete wastes. Once food is absorbed, what system is responsible for carrying the nutrients to the body cells?",2195,2
2196,"What organ system in the human body contains the pituitary gland, hypothalamus gland, and thyroid gland?",2196,A
2197,Most stars are similar to each other in,2197,A
2198,John has diabetes. Which of the following should he be careful about eating or drinking?,2198,D
2199,Prolonged exercise stimulates muscle cells to absorb sugar from the blood. This mechanism reduces stress placed on the body by signaling the body to produce,2199,C
2200,Which involves the greatest variety of cell types?,2200,A
2201,"When large areas of the rainforests are cleared and burned, climate can be affected. Which best explains how rainforest destruction can contribute to the greenhouse effect?",2201,A
2202,"Fires in forests from lightning rid the forest of dead branches and leaves. If the trees survive and the soil remains intact, the forest will experience regrowth to its climax state by which process?",2202,C
2203,Which of the following is most likely to cause water to change from one state of matter to another state of matter?,2203,B
2204,Chinese and European societies can use different but effective technologies when addressing medical questions. What does this demonstrate?,2204,B
2205,A student has two solid samples of the same substance. Which property do the substances most likely have in common?,2205,D
2206,Which relationship between Earth's outer core and inner core generates a large portion of Earth's magnetic field?,2206,B
2207,Which effect would the growing of legume crops such as beans and soybeans have?,2207,B
2208,Dust and ash entering the atmosphere as a result of volcanic eruptions can affect Earth's,2208,B
2209,Which rock is most likely to contain fossil seashells?,2209,D
2210,"Intense heat and pressure in Earth's crust can change sandstone into quartzite. During this metamorphosis, many properties of these rocks change. Which property of these rocks will most likely remain the same?",2210,B
2211,"When animals use energy, they produce",2211,B
2212,All the ponds in an area dried up during a drought. The population of which of the following animals that live in the area is most affected by the drought?,2212,B
2213,"Rocks are classified as igneous, metamorphic, or sedimentary according to",2213,D
2214,Genes are located on chromosomes which are composed of,2214,B
2215,The scientific name for a giraffe is Giraffa camelopardalis. What two levels of classification does this name represent?,2215,B
2216,Male barn swallow birds with symmetrically-shaped wings find mates more quickly than males with asymmetrical wing shapes. Which statement best explains the significance of symmetry in the barn swallow population?,2216,D
2217,"Rocks are classified as igneous, metamorphic, or sedimentary according to",2217,A
2218,Which part of a bicycle BEST moves in a circle?,2218,B
2219,Which factor would have the greatest influence on the southern migration of animals living in the Northern Hemisphere?,2219,B
2220,Which geologic feature is evidence that the North American plate once collided with the Eurasian and African plates?,2220,B
2221,"According to the Big Bang Theory, which element most likely formed first?",2221,B
2222,Which structure surrounds and protects an animal cell?,2222,A
2223,"In order for boulders to become sediments, the boulders must first be",2223,C
2224,Which of these resources is renewable?,2224,D
2225,Which is a nonrenewable natural resource that is used to make electrical energy?,2225,B
2226,How does a student best avoid becoming dehydrated during a field investigation on a hot day?,2226,B
2227,"When oil is burning, the reaction will",2227,A
2228,A student observes a glowing band across the night sky. This glowing band is most likely,2228,A
2229,Which of the following elements is best able to combine with itself and hydrogen [H] to form large molecules?,2229,D
2230,What happens to metal railroad tracks during the heat of a summer day?,2230,D
2231,"A forest is flooded when a natural dam breaks, leaving the forest floor under two meters of water. Which animal is most affected by the flooding?",2231,D
2232,What most likely happens to soil when crops are not rotated from year to year?,2232,C
2233,A lab technician places a colony of bacterial cells in a nutrient-rich growth medium. Which event is the technician most likely to observe with a microscope?,2233,D
2234,Which of these describes a property of all matter?,2234,A
2235,Copernicus changed the way people viewed the solar system by,2235,1
2236,"A manufacturer wants to produce a container for food storage that does not break easily and is airtight, inexpensive, and microwave-safe. Which of the following is the best material to use to make the container?",2236,2
2237,Which instrument would be best to measure the volume of a liquid?,2237,D
2238,A student observes cells in an object by using a microscope. The student thinks that the object was part of a living thing. Which statement explains why cell theory can be used to support the student's thinking?,2238,A
2239,Fossils of clam shells were found in the Appalachian Mountains. Which of these statements best explains why the clam shells were found in the Appalachian Mountains?,2239,B
2240,"With a microscope, you see that an object has a cell wall, a chloroplast, and a nucleus. What is being observed?",2240,A
2241,"In the solar system, moons orbit planets. Which of these do planets orbit?",2241,A
2242,Which rapid changes are caused by heat from inside Earth?,2242,B
2243,"In Maryland, most bears have thick, dark fur. Which statement best explains how dark fur helps bears survive in the forests of Maryland?",2243,D
2244,"When a formula unit of magnesium sulfide, MgS, is separated into magnesium and sulfur particles, the particles are called",2244,D
2245,"Compared to other stars in our galaxy, which is the best description of our Sun?",2245,C
2246,Which model best illustrates the wave property that enables scientists to explore Earth's interior using seismic waves?,2246,A
2247,"Students stir salt, sand, sawdust, and seashells into a jar filled with water. Which of the materials will form a solution?",2247,B
2248,"In the morning, students observed puddles of water all over the playground. What would best explain why the playground was dry in the afternoon?",2248,C
2249,A large tree was cut down with a saw. What is the best way to estimate the age of this tree?,2249,B
2250,Scientists measured the patterns of spectral lines given off by distant galaxies and concluded that almost all of these galaxies are moving away from Earth. What did the scientists observe directly?,2250,D
2251,Dust and ash entering the atmosphere as a result of volcanic eruptions can affect Earth's,2251,B
